pgc,name,reason
2,UGC12889,missing_required_measurement
12,PGC000012,missing_required_measurement
94,UGC12905,missing_required_measurement
171,UGC12921,missing_required_measurement
181,ESO012-014,missing_required_measurement
293,PGC000293,missing_required_measurement
367,NGC7821,missing_required_measurement
393,UGC00039,missing_required_measurement
448,ESO409-018,missing_required_measurement
461,UGC00045,missing_required_measurement
462,ESO472-014,missing_required_measurement
527,UGC00054,missing_required_measurement
558,ESO538-022,missing_required_measurement
627,NGC0007,missing_required_measurement
634,NGC0010,missing_required_measurement
638,UGC00071,missing_required_measurement
676,UGC00085,missing_required_measurement
701,NGC24,missing_required_measurement
789,ESO349-038,missing_required_measurement
800,ESO293-045,missing_required_measurement
817,ESO409-026,missing_required_measurement
874,UGC00121,missing_required_measurement
906,PGC000906,missing_required_measurement
1014,NGC55,missing_required_measurement
1123,UGC00158,missing_required_measurement
1130,ESO539-005,missing_required_measurement
2943,PGC002943,missing_required_measurement
1172,ESO111-024,missing_required_measurement
1176,ESO294-002,missing_required_measurement
1198,UGC00171,missing_required_measurement
1202,UGC00175,missing_required_measurement
1226,UGC00178,missing_required_measurement
1264,UGC00183,missing_required_measurement
1315,UGC00196,missing_required_measurement
1325,ESO473-016,missing_required_measurement
1414,PGC001414,missing_required_measurement
1592,UGC00243,missing_required_measurement
1651,NGC0115,missing_required_measurement
1658,UGC00256,missing_required_measurement
1813,NGC0131,missing_required_measurement
1833,ESO410-013,missing_required_measurement
1851,NGC0134,missing_required_measurement
1861,UGC00303,missing_required_measurement
1879,ESO410-016,missing_required_measurement
1924,UGC00313,missing_required_measurement
1977,IC1553,missing_required_measurement
1979,PGC001979,missing_required_measurement
2001,PGC002001,missing_required_measurement
2052,NGC0150,missing_required_measurement
2071,IC1555,missing_required_measurement
2098,UGC00347,missing_required_measurement
2122,NGC0167,missing_required_measurement
2142,IC1558,missing_required_measurement
2143,NGC0166,missing_required_measurement
7159,UGC01390,missing_required_measurement
2199,ESO410-027,missing_required_measurement
2265,ESO411-002,missing_required_measurement
2280,PGC002280,missing_required_measurement
2352,NGC0192,declared_geometry_or_width_quality
2380,NGC0187,missing_required_measurement
2383,ESO351-001,missing_required_measurement
7182,NGC0726,missing_required_measurement
2436,UGC00392,missing_required_measurement
2437,NGC0210,missing_required_measurement
2445,ESO079-005,missing_required_measurement
2492,PGC002492,missing_required_measurement
2526,ESO540-016,missing_required_measurement
2593,UGC00460,missing_required_measurement
2611,ESO474-019,missing_required_measurement
2680,PGC002680,declared_geometry_or_width_quality
2704,UGC00475,missing_required_measurement
2758,NGC247,missing_required_measurement
2767,ESO013-001,missing_required_measurement
2789,NGC253,missing_required_measurement
2816,ESO411-018,missing_required_measurement
2856,NGC0263,missing_required_measurement
2897,ESO351-009,missing_required_measurement
2909,ESO295-010,missing_required_measurement
2976,ESO295-013,missing_required_measurement
3023,UGC00523,missing_required_measurement
3159,ESO474-039,missing_required_measurement
3165,ESO351-018,missing_required_measurement
3210,IC1599,missing_required_measurement
3218,UGC00549,missing_required_measurement
3238,NGC300,missing_required_measurement
3239,UGC00552,missing_required_measurement
3252,ESO541-001,missing_required_measurement
3289,PGC003289,missing_required_measurement
3296,PGC003296,missing_required_measurement
3335,PGC003335,missing_required_measurement
3363,UGC00576,missing_required_measurement
3526,ESO541-004,missing_required_measurement
3528,UGC00608,missing_required_measurement
3543,ESO541-005,missing_required_measurement
3554,ESO351-028,missing_required_measurement
3603,UGC00622,missing_required_measurement
3635,IC0065,missing_required_measurement
3709,UGC00640,declared_geometry_or_width_quality
3743,NGC0360,missing_required_measurement
3824,UGC00642,missing_required_measurement
3834,ESO295-032,missing_required_measurement
7197,UGC01394,missing_required_measurement
3945,ESO295-036,missing_required_measurement
3971,ESO352-006,missing_required_measurement
3980,NGC0406,missing_required_measurement
3990,UGC00690,missing_required_measurement
3993,ESO352-007,missing_required_measurement
4052,PGC004052,missing_required_measurement
4101,ESO296-002,missing_required_measurement
4180,ESO412-008,missing_required_measurement
4264,UGC00747,declared_geometry_or_width_quality
4365,ESO412-015,missing_required_measurement
4390,IC1647,missing_required_measurement
4401,UGC00766,missing_required_measurement
4440,IC1657,missing_required_measurement
4451,UGC00780,missing_required_measurement
4457,UGC00778,missing_required_measurement
4477,ESO412-021,missing_required_measurement
4571,PGC004571,missing_required_measurement
4599,ESO412-023,missing_required_measurement
4650,UGC00825,missing_required_measurement
4661,ESO352-036,missing_required_measurement
4799,NGC0491A,missing_required_measurement
4894,ESO352-050,missing_required_measurement
4909,PGC004909,missing_required_measurement
4971,UGC00909,missing_required_measurement
5051,ESO352-062,missing_required_measurement
5149,PGC005149,missing_required_measurement
5327,UGC01000,missing_required_measurement
5375,ESO476-010,missing_required_measurement
5378,PGC005378,missing_required_measurement
5404,ESO353-002,missing_required_measurement
5617,ESO476-016,missing_required_measurement
5619,NGC0578,missing_required_measurement
5746,NGC0587,missing_required_measurement
5760,UGC01039,missing_required_measurement
5769,NGC0594,missing_required_measurement
5818,M33,missing_required_measurement
5866,PGC005866,missing_required_measurement
5886,PGC005886,missing_required_measurement
5896,NGC625,missing_required_measurement
5903,ESO476-027,missing_required_measurement
5952,PGC005952,missing_required_measurement
5964,ESO353-026,missing_required_measurement
6030,ESO114-001,missing_required_measurement
6044,ESO297-016,missing_required_measurement
6057,UGC01141,missing_required_measurement
6059,NGC0634,missing_required_measurement
6105,NGC0639,missing_required_measurement
6138,PGC006138,missing_required_measurement
6161,ESO413-016,missing_required_measurement
6162,ESO413-017,missing_required_measurement
6172,NGC0645,missing_required_measurement
6173,UGC01173,missing_required_measurement
6189,UGC01178,missing_required_measurement
6249,NGC2573,missing_required_measurement
6257,ESO413-023,missing_required_measurement
6289,PGC006289,missing_required_measurement
6290,NGC0653,missing_required_measurement
6319,IC1722,missing_required_measurement
6338,PGC006338,missing_required_measurement
6398,PGC006398,missing_required_measurement
6473,UGC01234,missing_required_measurement
6502,NGC0668,missing_required_measurement
6560,NGC0669,missing_required_measurement
6607,UGC01257,missing_required_measurement
6686,PGC006686,missing_required_measurement
6703,PGC006703,missing_required_measurement
6722,ESO477-009,missing_required_measurement
6779,ESO414-007,missing_required_measurement
6798,NGC0699,missing_required_measurement
6851,UGC01316,missing_required_measurement
6865,UGC01319,missing_required_measurement
6903,PGC006903,missing_required_measurement
6912,ESO543-020,missing_required_measurement
6921,UGC01331,missing_required_measurement
7031,PGC007031,missing_required_measurement
7055,PGC007055,missing_required_measurement
7066,UGC01366,missing_required_measurement
7097,NGC0721,missing_required_measurement
7123,PGC007123,missing_required_measurement
7124,UGC01380,missing_required_measurement
7125,PGC007125,missing_required_measurement
7138,UGC01381,missing_required_measurement
7140,UGC01387,missing_required_measurement
7145,PGC007145,missing_required_measurement
7223,UGC01400,missing_required_measurement
7244,ESO477-016,missing_required_measurement
7247,UGC01378,missing_required_measurement
7254,UGC01405,missing_required_measurement
7263,UGC01404,missing_required_measurement
7282,NGC0735,missing_required_measurement
7287,PGC007287,missing_required_measurement
7292,UGC01420,missing_required_measurement
7300,UGC01416,missing_required_measurement
7324,PGC007324,missing_required_measurement
7393,IC1762,missing_required_measurement
7396,UGC01441,missing_required_measurement
7399,NGC0746,missing_required_measurement
7452,ESO354-021,missing_required_measurement
7472,UGC01423,missing_required_measurement
7504,UGC01459,missing_required_measurement
7564,PGC007564,missing_required_measurement
7646,UGC01493,missing_required_measurement
7650,PGC007650,missing_required_measurement
7714,PGC007714,missing_required_measurement
7742,ESO414-025,missing_required_measurement
7757,ESO153-011,missing_required_measurement
7824,UGC01540,missing_required_measurement
7833,UGC01537,missing_required_measurement
7847,NGC0801,missing_required_measurement
7853,UGC01548,missing_required_measurement
7933,UGC01567,missing_required_measurement
7945,PGC007945,missing_required_measurement
7963,PGC007963,missing_required_measurement
7970,PGC007970,missing_required_measurement
7972,UGC01581,missing_required_measurement
7977,UGC01587,declared_geometry_or_width_quality
7991,UGC01578,missing_required_measurement
8011,IC0198,missing_required_measurement
8026,IC0199,missing_required_measurement
8066,NGC0812,missing_required_measurement
8075,UGC01605,missing_required_measurement
8078,UGC01601,missing_required_measurement
8082,UGC01602,missing_required_measurement
8101,IC0202,missing_required_measurement
8127,UGC01609,missing_required_measurement
8132,UGC01612,missing_required_measurement
8164,ESO298-010,missing_required_measurement
8185,NGC0818,missing_required_measurement
8196,NGC0827,missing_required_measurement
8217,UGC01642,missing_required_measurement
8223,ESO478-006,missing_required_measurement
8237,UGC01650,missing_required_measurement
8260,UGC01658,missing_required_measurement
8261,PGC008261,missing_required_measurement
8268,PGC008268,missing_required_measurement
8301,UGC01660,missing_required_measurement
8325,ESO478-011,missing_required_measurement
8335,UGC01667,missing_required_measurement
8351,UGC01673,missing_required_measurement
8352,NGC0834,missing_required_measurement
8362,UGC01675,declared_geometry_or_width_quality
8365,UGC01674,missing_required_measurement
8372,NGC0841,missing_required_measurement
8388,NGC0854,missing_required_measurement
8396,UGC01685,missing_required_measurement
8420,PGC008420,declared_geometry_or_width_quality
8438,NGC0845,missing_required_measurement
8453,ESO354-048,missing_required_measurement
8470,PGC008470,missing_required_measurement
8480,ESO544-027,missing_required_measurement
8503,UGC01704,missing_required_measurement
8530,UGC01714,missing_required_measurement
8602,ESO544-030,missing_required_measurement
8629,NGC0872,missing_required_measurement
8648,ESO415-014,missing_required_measurement
8652,NGC0861,missing_required_measurement
8654,UGC01738,missing_required_measurement
8696,PGC008696,missing_required_measurement
8722,NGC0871,missing_required_measurement
8739,UGC01761,missing_required_measurement
8751,ESO544-033,missing_required_measurement
8772,ESO355-004,missing_required_measurement
8777,UGC01765,missing_required_measurement
8786,UGC01769,missing_required_measurement
8788,UGC01773,missing_required_measurement
8840,PGC008840,missing_required_measurement
8844,UGC01782,missing_required_measurement
8851,ESO545-002,missing_required_measurement
8862,ESO545-003,missing_required_measurement
8871,ESO298-028,missing_required_measurement
8896,ESO545-005,missing_required_measurement
8902,UGC01795,missing_required_measurement
8955,PGC008955,missing_required_measurement
8956,UGC01814,missing_required_measurement
8969,IC1793,missing_required_measurement
8982,UGC01822,missing_required_measurement
8984,UGC01820,missing_required_measurement
9004,UGC01826,missing_required_measurement
9031,NGC891,missing_required_measurement
9048,PGC009048,missing_required_measurement
9054,NGC0907,missing_required_measurement
9057,NGC0908,missing_required_measurement
9078,PGC009078,missing_required_measurement
9102,UGC01848,missing_required_measurement
9115,UGC01845,missing_required_measurement
9136,UGC01857,missing_required_measurement
9167,PGC009167,missing_required_measurement
9206,UGC01883,missing_required_measurement
9236,NGC0918,missing_required_measurement
9247,UGC01886,missing_required_measurement
9253,NGC0914,missing_required_measurement
9266,PGC009266,missing_required_measurement
9273,ESO479-004,missing_required_measurement
9285,UGC01902,missing_required_measurement
9286,UGC01903,missing_required_measurement
9287,NGC0921,missing_required_measurement
9308,UGC01909,missing_required_measurement
9314,UGC01910,missing_required_measurement
9317,ESO479-006,missing_required_measurement
9332,NGC925,missing_required_measurement
9335,PGC009335,missing_required_measurement
9354,PGC009354,missing_required_measurement
9393,UGC01928,missing_required_measurement
9413,UGC01946,missing_required_measurement
9420,NGC0947,missing_required_measurement
9447,UGC01958,missing_required_measurement
9470,UGC01966,missing_required_measurement
9479,ESO479-009,missing_required_measurement
9480,NGC0937,missing_required_measurement
9509,UGC01974,missing_required_measurement
9516,UGC01971,missing_required_measurement
9526,UGC01975,missing_required_measurement
9533,UGC01976,missing_required_measurement
9550,UGC01980,missing_required_measurement
9551,ESO415-031,missing_required_measurement
9566,NGC0949,missing_required_measurement
9579,UGC01990,missing_required_measurement
9590,UGC01988,missing_required_measurement
9596,PGC009596,declared_geometry_or_width_quality
9618,UGC01993,missing_required_measurement
9638,UGC01999,missing_required_measurement
9665,NGC0959,missing_required_measurement
9676,UGC02011,missing_required_measurement
9692,PGC009692,missing_required_measurement
9702,UGC02014,missing_required_measurement
9713,NGC0977,missing_required_measurement
9721,PGC009721,missing_required_measurement
9730,UGC02029,missing_required_measurement
9767,UGC02041,missing_required_measurement
9788,NGC0972,missing_required_measurement
9795,NGC0973,missing_required_measurement
9800,PGC009800,missing_required_measurement
9808,UGC02053,missing_required_measurement
9811,UGC02054,missing_required_measurement
9816,PGC009816,missing_required_measurement
9826,PGC009826,missing_required_measurement
9852,UGC02069,missing_required_measurement
9857,UGC02076,missing_required_measurement
9881,UGC02079,missing_required_measurement
9895,PGC009895,missing_required_measurement
9901,UGC02083,missing_required_measurement
9915,UGC02096,missing_required_measurement
9939,UGC02104,missing_required_measurement
9941,UGC02100,missing_required_measurement
9952,UGC02101,missing_required_measurement
9962,ESO115-21,missing_required_measurement
10031,IC1825,missing_required_measurement
10034,NGC1002,missing_required_measurement
10038,PGC010038,missing_required_measurement
10045,ESO479-020,missing_required_measurement
10047,UGC02135,missing_required_measurement
10048,NGC1024,missing_required_measurement
10052,NGC1003,missing_required_measurement
10068,NGC1028,missing_required_measurement
10072,UGC02148,missing_required_measurement
10085,ESO545-043,missing_required_measurement
10088,NGC1030,missing_required_measurement
10104,PGC010104,missing_required_measurement
10124,UGC02157,missing_required_measurement
10166,UGC02167,missing_required_measurement
10182,UGC02166,missing_required_measurement
10190,PGC010190,missing_required_measurement
10209,ESO546-006,missing_required_measurement
10229,ESO479-025,missing_required_measurement
10242,NGC1054,missing_required_measurement
10264,UGC02180,missing_required_measurement
10274,UGC02182,missing_required_measurement
10281,PGC010281,missing_required_measurement
10296,UGC02185,missing_required_measurement
10312,UGC02194,missing_required_measurement
10326,ESO416-012,missing_required_measurement
10327,PGC010327,missing_required_measurement
10332,ESO299-014,missing_required_measurement
10343,UGC02206,missing_required_measurement
10346,UGC02205,missing_required_measurement
10372,UGC02214,missing_required_measurement
10375,UGC02212,missing_required_measurement
10382,PGC010382,missing_required_measurement
10388,UGC02217,missing_required_measurement
10394,IC1839,missing_required_measurement
10401,UGC02215,missing_required_measurement
10410,ESO479-032,missing_required_measurement
10411,NGC1081,missing_required_measurement
10413,PGC010413,missing_required_measurement
10421,UGC02223,missing_required_measurement
10438,NGC1100,missing_required_measurement
10456,PGC010456,missing_required_measurement
10463,ESO416-016,missing_required_measurement
10484,UGC02236,missing_required_measurement
10488,NGC1097,missing_required_measurement
10502,ESO479-037,missing_required_measurement
10532,UGC02243,missing_required_measurement
10537,UGC02251,missing_required_measurement
10540,IC0255,missing_required_measurement
10571,ESO546-021,missing_required_measurement
10581,UGC02267,missing_required_measurement
10592,UGC02272,missing_required_measurement
10610,UGC02276,missing_required_measurement
10637,ESO416-025,missing_required_measurement
10640,ESO356-012,missing_required_measurement
10641,UGC02283,missing_required_measurement
10653,UGC02280,missing_required_measurement
10658,PGC010658,missing_required_measurement
10661,UGC02289,missing_required_measurement
10677,PGC010677,missing_required_measurement
10695,UGC02304,missing_required_measurement
10715,IC1857,missing_required_measurement
10740,UGC02315,missing_required_measurement
10741,PGC010741,missing_required_measurement
10742,UGC02310,missing_required_measurement
10754,UGC02313,missing_required_measurement
10759,UGC02321,missing_required_measurement
10781,NGC1116,missing_required_measurement
10836,UGC02340,missing_required_measurement
10846,ESO546-027,missing_required_measurement
10858,IC1862,missing_required_measurement
10862,UGC02347,missing_required_measurement
10915,PGC010915,missing_required_measurement
10928,NGC1134,missing_required_measurement
10932,IC0267,missing_required_measurement
10952,UGC02378,missing_required_measurement
10958,PGC010958,missing_required_measurement
10961,PGC010961,missing_required_measurement
10965,NGC1145,missing_required_measurement
10973,UGC02382,missing_required_measurement
11004,PGC011004,missing_required_measurement
11011,UGC02380,missing_required_measurement
11016,ESO356-018,missing_required_measurement
11017,UGC02387,missing_required_measurement
11133,UGC02420,missing_required_measurement
11134,UGC02409,missing_required_measurement
11740,UGC02550,missing_required_measurement
11139,ESO154-23,missing_required_measurement
11152,UGC02424,missing_required_measurement
11167,PGC011167,missing_required_measurement
11177,PGC011177,missing_required_measurement
11197,ESO356-022,missing_required_measurement
11212,PGC011212,missing_required_measurement
11225,PGC011225,missing_required_measurement
11261,ESO546-034,missing_required_measurement
11268,UGC02445,missing_required_measurement
11270,NGC1165,missing_required_measurement
11289,UGC02447,missing_required_measurement
11295,UGC02453,missing_required_measurement
11306,UGC02454,missing_required_measurement
11308,ESO300-003,missing_required_measurement
11359,NGC1163,missing_required_measurement
11365,PGC011365,missing_required_measurement
11368,UGC02459,missing_required_measurement
11371,UGC02463,missing_required_measurement
11377,ESO546-037,missing_required_measurement
11382,UGC02472,missing_required_measurement
11421,UGC02483,missing_required_measurement
11456,UGC02498,missing_required_measurement
11463,PGC011463,missing_required_measurement
11488,NGC1185,missing_required_measurement
11520,ESO547-005,missing_required_measurement
11521,NGC1169,missing_required_measurement
11532,UGC02507,missing_required_measurement
11538,ESO480-025,missing_required_measurement
11574,UGC02511,missing_required_measurement
11592,UGC02520,missing_required_measurement
11594,PGC011594,missing_required_measurement
11595,ESO248-002,missing_required_measurement
11606,ESO300-009,missing_required_measurement
11610,UGC02527,missing_required_measurement
11622,UGC02525,missing_required_measurement
11628,UGC02530,missing_required_measurement
11662,UGC02539,missing_required_measurement
11685,UGC02541,missing_required_measurement
11691,ESO417-018,missing_required_measurement
11718,IC1882,missing_required_measurement
11725,UGC02549,missing_required_measurement
11744,PGC011744,missing_required_measurement
11750,IC1892,missing_required_measurement
11755,UGC02553,missing_required_measurement
11770,UGC02542,missing_required_measurement
11782,PGC011782,missing_required_measurement
11798,ESO547-011,missing_required_measurement
11809,ESO547-012,missing_required_measurement
11824,PGC011824,missing_required_measurement
11829,PGC011829,missing_required_measurement
11836,NGC1249,missing_required_measurement
11851,IC1898,missing_required_measurement
11853,UGC02570,missing_required_measurement
11856,ESO357-007,missing_required_measurement
11859,UGC02571,missing_required_measurement
11892,NGC1242,missing_required_measurement
11931,NGC1247,missing_required_measurement
11968,PGC011968,missing_required_measurement
11976,PGC011976,missing_required_measurement
11984,ESO116-012,missing_required_measurement
12007,NGC1255,missing_required_measurement
12011,ESO481-014,missing_required_measurement
12029,PGC012029,missing_required_measurement
12041,NGC1253,missing_required_measurement
12046,PGC012046,missing_required_measurement
12079,IC1904,missing_required_measurement
12080,IC0304,missing_required_measurement
12129,UGC02622,missing_required_measurement
12130,PGC012130,missing_required_measurement
12139,PGC012139,missing_required_measurement
12181,ESO357-012,missing_required_measurement
12195,PGC012195,missing_required_measurement
12200,UGC02630,missing_required_measurement
12212,IC1909,missing_required_measurement
12216,UGC02633,missing_required_measurement
12227,UGC02637,missing_required_measurement
12285,NGC1292,missing_required_measurement
12309,ESO481-018,missing_required_measurement
12318,UGC02653,missing_required_measurement
12344,UGC02663,missing_required_measurement
12379,PGC012379,missing_required_measurement
12404,IC1913,missing_required_measurement
12412,NGC1300,missing_required_measurement
12439,PGC012439,missing_required_measurement
12454,UGC02679,missing_required_measurement
12460,NGC1311,missing_required_measurement
12484,ESO481-021,missing_required_measurement
12521,NGC1301,missing_required_measurement
12608,PGC012608,missing_required_measurement
12623,PGC012623,missing_required_measurement
12639,UGC02701,missing_required_measurement
12684,PGC012684,missing_required_measurement
12717,PGC012717,missing_required_measurement
12728,UGC02714,missing_required_measurement
12738,PGC012738,missing_required_measurement
12748,ESO548-009,missing_required_measurement
12756,NGC1320,missing_required_measurement
12794,ESO548-012,missing_required_measurement
12798,PGC012798,missing_required_measurement
12807,IC1933,missing_required_measurement
12859,UGC02740,missing_required_measurement
12868,PGC012868,missing_required_measurement
12879,UGC02744,missing_required_measurement
12889,ESO548-021,missing_required_measurement
12897,PGC012897,missing_required_measurement
12914,PGC012914,missing_required_measurement
12916,NGC1337,missing_required_measurement
12920,PGC012920,missing_required_measurement
12946,UGC02750,missing_required_measurement
12948,PGC012948,missing_required_measurement
12952,NGC1351A,missing_required_measurement
12981,PGC012981,missing_required_measurement
13023,PGC013023,missing_required_measurement
13059,NGC1350,missing_required_measurement
13073,UGC02770,missing_required_measurement
13089,ESO418-008,missing_required_measurement
13090,IC1954,missing_required_measurement
13108,NGC1353,missing_required_measurement
13112,PGC013112,missing_required_measurement
13121,UGC02765,missing_required_measurement
13154,ESO482-005,missing_required_measurement
13163,IC1959,missing_required_measurement
13171,IC1952,missing_required_measurement
13179,NGC1365,missing_required_measurement
13194,ESO548-040,missing_required_measurement
13200,PGC013200,missing_required_measurement
13217,ESO418-011,missing_required_measurement
13255,NGC1367,missing_required_measurement
13273,PGC013273,missing_required_measurement
13283,IC1962,missing_required_measurement
13301,UGC02789,missing_required_measurement
13304,ESO482-011,missing_required_measurement
13322,IC1970,missing_required_measurement
13334,UGC02796,missing_required_measurement
13362,ESO418-014,missing_required_measurement
13368,NGC1385,missing_required_measurement
13384,NGC1343,missing_required_measurement
13397,UGC02804,missing_required_measurement
13434,NGC1398,missing_required_measurement
13437,PGC013437,missing_required_measurement
13442,ESO482-024,missing_required_measurement
13458,NGC1406,missing_required_measurement
13498,UGC02800,missing_required_measurement
13501,PGC013501,missing_required_measurement
13545,ESO548-072,missing_required_measurement
13561,ESO482-035,missing_required_measurement
13567,UGC02825,missing_required_measurement
13569,NGC1422,missing_required_measurement
13571,ESO358-051,missing_required_measurement
13584,NGC1417,missing_required_measurement
13596,PGC013596,missing_required_measurement
13601,ESO419-003,missing_required_measurement
13602,NGC1425,missing_required_measurement
13612,PGC013612,missing_required_measurement
13620,NGC1421,missing_required_measurement
13631,ESO548-082,missing_required_measurement
13633,UGC02813,missing_required_measurement
13664,NGC1424,missing_required_measurement
13684,PGC013684,missing_required_measurement
13687,NGC1436,missing_required_measurement
13693,UGC02826,missing_required_measurement
13695,ESO015-001,missing_required_measurement
13696,UGC02838,missing_required_measurement
13698,UGC02839,missing_required_measurement
13710,PGC013710,missing_required_measurement
13716,PGC013716,missing_required_measurement
13727,NGC1448,missing_required_measurement
13741,UGC02843,missing_required_measurement
13754,UGC02850,missing_required_measurement
13756,ESO358-060,missing_required_measurement
13774,UGC02849,missing_required_measurement
13783,UGC02851,missing_required_measurement
13794,NGC1437B,missing_required_measurement
13809,ESO358-063,missing_required_measurement
14391,NGC1512,missing_required_measurement
13820,PGC013820,missing_required_measurement
13830,PGC013830,missing_required_measurement
13832,NGC1459,missing_required_measurement
13837,ESO302-007,missing_required_measurement
13853,NGC1473,missing_required_measurement
13854,ESO302-009,missing_required_measurement
13857,UGC02848,missing_required_measurement
13858,UGC02862,missing_required_measurement
13860,PGC013860,missing_required_measurement
13871,ESO549-018,missing_required_measurement
13880,UGC02855,missing_required_measurement
13882,ESO549-021,missing_required_measurement
13889,ESO549-022,missing_required_measurement
13905,PGC013905,missing_required_measurement
13912,IC2000,missing_required_measurement
13922,PGC013922,missing_required_measurement
13926,ESO482-046,missing_required_measurement
13931,ESO054-021,missing_required_measurement
13933,UGC02873,missing_required_measurement
13945,NGC1462,missing_required_measurement
13949,UGC02865,missing_required_measurement
13953,PGC013953,missing_required_measurement
13965,UGC02860,missing_required_measurement
13977,PGC013977,missing_required_measurement
13992,UGC02880,missing_required_measurement
13994,UGC02878,missing_required_measurement
13998,ESO359-003,missing_required_measurement
13999,IC2051,missing_required_measurement
14002,NGC1470,missing_required_measurement
14007,UGC02884,missing_required_measurement
14030,UGC02885,missing_required_measurement
14033,PGC014033,missing_required_measurement
14034,UGC02888,missing_required_measurement
14061,ESO359-005,missing_required_measurement
14071,NGC1484,missing_required_measurement
14075,ESO549-031,missing_required_measurement
14076,UGC02899,missing_required_measurement
14083,ESO302-019,missing_required_measurement
14088,PGC014088,missing_required_measurement
14102,ESO549-036,missing_required_measurement
14106,IC2007,missing_required_measurement
14123,UGC02890,missing_required_measurement
14169,NGC1494,missing_required_measurement
14181,PGC014181,missing_required_measurement
14190,NGC1495,missing_required_measurement
14191,UGC02910,missing_required_measurement
14215,UGC02908,missing_required_measurement
14232,UGC02911,missing_required_measurement
14235,PGC014235,missing_required_measurement
14236,NGC1511,missing_required_measurement
14246,UGC02915,missing_required_measurement
14259,ESO483-006,missing_required_measurement
14264,PGC014264,missing_required_measurement
14276,UGC02920,missing_required_measurement
14286,UGC02906,missing_required_measurement
14301,UGC02924,missing_required_measurement
14304,PGC014304,missing_required_measurement
14315,UGC02928,missing_required_measurement
14319,ESO302-027,missing_required_measurement
14330,PGC014330,missing_required_measurement
14334,ESO549-049,missing_required_measurement
14345,UGC02936,missing_required_measurement
14353,UGC02934,missing_required_measurement
14369,PGC014369,missing_required_measurement
14370,PGC014370,missing_required_measurement
14374,PGC014374,missing_required_measurement
14389,PGC014389,missing_required_measurement
14395,UGC02939,missing_required_measurement
14397,NGC1515,missing_required_measurement
14407,ESO359-016,missing_required_measurement
14409,NGC1507,missing_required_measurement
14421,UGC02951,missing_required_measurement
14427,UGC02948,missing_required_measurement
14432,NGC1485,missing_required_measurement
14435,UGC02950,missing_required_measurement
14449,UGC02954,missing_required_measurement
14458,ESO550-005,missing_required_measurement
14460,ESO483-008,missing_required_measurement
14468,UGC02956,missing_required_measurement
14475,NGC1518,missing_required_measurement
14478,UGC02958,missing_required_measurement
14502,UGC02963,missing_required_measurement
14504,UGC02962,missing_required_measurement
14514,NGC1519,missing_required_measurement
14531,UGC02955,missing_required_measurement
14548,ESO359-022,missing_required_measurement
14551,UGC02966,missing_required_measurement
14587,UGC02973,missing_required_measurement
14590,ESO420-006,missing_required_measurement
14600,PGC014600,missing_required_measurement
14606,PGC014606,missing_required_measurement
14622,PGC014622,missing_required_measurement
14626,PGC014626,missing_required_measurement
14627,UGC02976,missing_required_measurement
14638,NGC1532,missing_required_measurement
14664,ESO359-029,missing_required_measurement
14665,UGC02983,missing_required_measurement
14687,UGC02985,missing_required_measurement
14688,UGC02986,missing_required_measurement
14718,UGC02994,missing_required_measurement
14768,PGC014768,missing_required_measurement
14774,ESO360-004,missing_required_measurement
14780,PGC014780,missing_required_measurement
14790,UGC03002,missing_required_measurement
14791,PGC014791,missing_required_measurement
14803,UGC03004,missing_required_measurement
14804,UGC03005,missing_required_measurement
14814,NGC1559,missing_required_measurement
14818,NGC1556,missing_required_measurement
14836,UGC02987,missing_required_measurement
14892,UGC03014,missing_required_measurement
14914,PGC014914,missing_required_measurement
14936,ESO550-024,missing_required_measurement
14970,PGC014970,missing_required_measurement
15009,UGC03025,missing_required_measurement
15031,UGC03027,declared_geometry_or_width_quality
15084,UGC03026,missing_required_measurement
15103,UGC03030,missing_required_measurement
15142,ESO360-010,missing_required_measurement
15157,UGC03036,missing_required_measurement
15212,UGC03042,missing_required_measurement
15225,UGC03043,missing_required_measurement
15263,UGC03048,missing_required_measurement
15273,ESO360-013,missing_required_measurement
15294,UGC03059,missing_required_measurement
15345,NGC1569,missing_required_measurement
15349,PGC015349,missing_required_measurement
15355,UGC03066,missing_required_measurement
15356,UGC03070,missing_required_measurement
15359,ESO421-006,missing_required_measurement
15387,PGC015387,missing_required_measurement
15455,ESO202-035,missing_required_measurement
15461,UGC03078,missing_required_measurement
15488,NGC1560,missing_required_measurement
15495,PGC015495,missing_required_measurement
15509,UGC03057,missing_required_measurement
15517,ESO551-013,missing_required_measurement
15533,UGC03089,missing_required_measurement
15590,PGC015590,missing_required_measurement
15597,ESO551-016,missing_required_measurement
15599,UGC02886A,missing_required_measurement
15604,UGC03085,missing_required_measurement
15611,NGC1618,missing_required_measurement
15627,UGC03102,missing_required_measurement
15635,NGC1622,missing_required_measurement
15637,UGC03104,missing_required_measurement
15691,IC0382,missing_required_measurement
15693,UGC03092,missing_required_measurement
15706,ESO551-022,missing_required_measurement
15729,ESO485-003,missing_required_measurement
15734,ESO485-004,missing_required_measurement
15749,ESO157-049,missing_required_measurement
15753,ESO485-005,missing_required_measurement
15755,UGC03121,missing_required_measurement
15760,UGC03122,missing_required_measurement
15767,PGC015767,missing_required_measurement
15788,UGC03120,missing_required_measurement
15789,UGC03127,missing_required_measurement
15793,UGC03114,missing_required_measurement
15810,UGC03110,missing_required_measurement
15822,PGC015822,missing_required_measurement
15838,UGC03101,missing_required_measurement
15866,UGC03138,missing_required_measurement
15869,PGC015869,missing_required_measurement
15870,PGC015870,missing_required_measurement
15919,UGC03131,missing_required_measurement
15924,UGC03148,missing_required_measurement
15967,UGC03137,missing_required_measurement
15972,UGC03146,missing_required_measurement
15986,UGC03143,missing_required_measurement
15992,UGC03162,missing_required_measurement
15996,ESO361-009,missing_required_measurement
16001,UGC03149,missing_required_measurement
16027,UGC03147,missing_required_measurement
16033,UGC03172,missing_required_measurement
16036,ESO485-012,missing_required_measurement
16050,NGC1688,missing_required_measurement
16058,NGC1680,missing_required_measurement
16092,UGC03167,missing_required_measurement
16101,ESO552-009,missing_required_measurement
16110,UGC03159,missing_required_measurement
16116,ESO361-012,missing_required_measurement
16118,PGC016118,missing_required_measurement
16139,PGC016139,missing_required_measurement
16166,NGC1687,missing_required_measurement
16186,UGC03184,missing_required_measurement
16189,UGC03187,missing_required_measurement
16191,UGC03186,missing_required_measurement
16199,ESO361-015,missing_required_measurement
16205,ESO552-015,missing_required_measurement
16216,UGC03175,missing_required_measurement
16217,ESO552-016,missing_required_measurement
16227,UGC03191,missing_required_measurement
16236,ESO485-021,missing_required_measurement
16239,NGC1686,missing_required_measurement
16248,UGC03195,missing_required_measurement
16256,PGC016256,missing_required_measurement
16271,UGC03185,missing_required_measurement
16272,PGC016272,missing_required_measurement
16285,PGC016285,missing_required_measurement
16299,ESO085-014,missing_required_measurement
16301,UGC03189,missing_required_measurement
16302,PGC016302,missing_required_measurement
16317,ESO361-019,missing_required_measurement
16324,PGC016324,missing_required_measurement
16338,ESO422-010,missing_required_measurement
16359,UGC03207,missing_required_measurement
16360,UGC03205,missing_required_measurement
16367,IC2104,missing_required_measurement
16369,UGC03209,missing_required_measurement
16373,IC2106,missing_required_measurement
16379,PGC016379,missing_required_measurement
16400,UGC03211,missing_required_measurement
16421,UGC03204,missing_required_measurement
16423,IC0396,missing_required_measurement
16424,ESO552-031,missing_required_measurement
16436,PGC016436,missing_required_measurement
16469,UGC03219,missing_required_measurement
16482,UGC03223,missing_required_measurement
16485,NGC1720,missing_required_measurement
16499,NGC1730,missing_required_measurement
16502,ESO486-003,missing_required_measurement
16504,ESO552-043,missing_required_measurement
16507,PGC016507,missing_required_measurement
16517,NGC1744,missing_required_measurement
16521,UGC03217,missing_required_measurement
16530,PGC016530,missing_required_measurement
16537,UGC03218,missing_required_measurement
16568,PGC016568,missing_required_measurement
16600,NGC1752,missing_required_measurement
16603,ESO422-023,missing_required_measurement
16605,PGC016605,missing_required_measurement
16611,PGC016611,missing_required_measurement
16617,NGC1796,missing_required_measurement
16641,ESO486-020,missing_required_measurement
16642,UGC03232,missing_required_measurement
16650,UGC03236,missing_required_measurement
16654,NGC1762,missing_required_measurement
16668,UGC03240,missing_required_measurement
16672,IC0401,missing_required_measurement
16677,UGC03227,missing_required_measurement
16678,PGC016678,missing_required_measurement
16687,UGC03242,missing_required_measurement
16702,ESO422-027,missing_required_measurement
16709,NGC1792,missing_required_measurement
16716,NGC1784,missing_required_measurement
16722,UGC03235,missing_required_measurement
16735,PGC016735,missing_required_measurement
16751,ESO553-003,missing_required_measurement
16754,ESO553-004,missing_required_measurement
16761,NGC1824,missing_required_measurement
16764,UGC03248,missing_required_measurement
16769,PGC016769,missing_required_measurement
16772,PGC016772,missing_required_measurement
16779,NGC1808,missing_required_measurement
16849,NGC1827,missing_required_measurement
16850,PGC016850,missing_required_measurement
16854,ESO422-040,missing_required_measurement
16858,UGC03250,missing_required_measurement
16874,ESO553-016,missing_required_measurement
16875,PGC016875,missing_required_measurement
16878,ESO553-017,missing_required_measurement
16894,PGC016894,missing_required_measurement
16906,NGC1832,missing_required_measurement
16911,NGC1853,missing_required_measurement
16917,PGC016917,missing_required_measurement
16926,PGC016926,missing_required_measurement
16957,PGC016957,missing_required_measurement
16975,PGC016975,missing_required_measurement
16976,ESO305-017,missing_required_measurement
16983,ESO423-002,missing_required_measurement
16984,UGC03270,missing_required_measurement
16989,PGC016989,missing_required_measurement
16990,ESO486-040,missing_required_measurement
16993,PGC016993,missing_required_measurement
16997,UGC03267,missing_required_measurement
17015,PGC017015,missing_required_measurement
17027,ESO362-011,missing_required_measurement
17031,UGC03275,missing_required_measurement
17042,NGC1892,missing_required_measurement
17044,UGC03279,missing_required_measurement
17052,PGC017052,missing_required_measurement
17056,IC0407,missing_required_measurement
17064,ESO423-004,missing_required_measurement
17084,UGC03277,missing_required_measurement
17087,PGC017087,missing_required_measurement
17113,NGC1879,missing_required_measurement
17125,UGC03289,missing_required_measurement
17126,PGC017126,missing_required_measurement
17157,ESO362-019,missing_required_measurement
17159,UGC03276,missing_required_measurement
17162,UGC03284,missing_required_measurement
17165,UGC03295,missing_required_measurement
17170,UGC03257,missing_required_measurement
17174,NGC1886,missing_required_measurement
17178,UGC03292,missing_required_measurement
17187,ESO487-004,missing_required_measurement
17195,NGC1888,missing_required_measurement
17229,IC0416,missing_required_measurement
17248,PGC017248,missing_required_measurement
17326,UGC03310,missing_required_measurement
17340,ESO554-002,missing_required_measurement
17344,UGC03309,missing_required_measurement
17359,UGC03314,missing_required_measurement
17378,UGC03316,missing_required_measurement
17380,ESO487-018,missing_required_measurement
17395,PGC017395,missing_required_measurement
17402,IC2130,missing_required_measurement
17422,NGC1954,missing_required_measurement
17426,UGC03311,missing_required_measurement
17433,IC2135,missing_required_measurement
17436,NGC1964,missing_required_measurement
17456,UGC03319,missing_required_measurement
17462,UGC03322,missing_required_measurement
17463,IC2137,missing_required_measurement
17475,PGC017475,missing_required_measurement
17502,PGC017502,missing_required_measurement
17509,UGC03329,missing_required_measurement
17513,ESO554-018,missing_required_measurement
17525,ESO487-030,missing_required_measurement
17554,UGC03332,missing_required_measurement
17556,PGC017556,missing_required_measurement
17561,UGC03326,missing_required_measurement
17567,ESO120-012,missing_required_measurement
17572,ESO554-023,missing_required_measurement
17595,ESO363-015,missing_required_measurement
17597,ESO554-024,missing_required_measurement
17619,ESO487-035,missing_required_measurement
17625,NGC1961,missing_required_measurement
17655,ESO554-028,missing_required_measurement
17657,NGC2049,missing_required_measurement
17692,UGC03342,missing_required_measurement
17736,UGC03343,missing_required_measurement
17776,UGC03351,missing_required_measurement
17810,IC2143,missing_required_measurement
17819,NGC2090,missing_required_measurement
17822,NGC2104,missing_required_measurement
17831,UGC03354,missing_required_measurement
17941,ESO555-001,missing_required_measurement
17969,ESO555-002,missing_required_measurement
17974,ESO488-040,missing_required_measurement
18000,IC2150,missing_required_measurement
18007,UGC03366,missing_required_measurement
18013,UGC03368,missing_required_measurement
18028,ESO555-006,missing_required_measurement
18033,UGC03369,missing_required_measurement
18039,UGC03365,missing_required_measurement
18089,UGC03375,missing_required_measurement
18109,PGC018109,missing_required_measurement
18128,UGC03372,missing_required_measurement
18143,ESO555-015,missing_required_measurement
18147,NGC2124,missing_required_measurement
18148,IC2152,missing_required_measurement
18161,UGC03379,missing_required_measurement
18169,ESO488-049,missing_required_measurement
18172,NGC2131,missing_required_measurement
18181,UGC03373,missing_required_measurement
18191,UGC03383,missing_required_measurement
18220,PGC018220,missing_required_measurement
18223,ESO555-018,missing_required_measurement
18232,ESO425-002,missing_required_measurement
18259,ESO555-022,missing_required_measurement
18299,UGC03390,missing_required_measurement
18340,PGC018340,missing_required_measurement
18369,ESO555-029,missing_required_measurement
18373,PGC018373,missing_required_measurement
18377,ESO488-060,missing_required_measurement
18394,ESO005-004,missing_required_measurement
18435,ESO555-035,missing_required_measurement
18437,ESO121-006,missing_required_measurement
18444,ESO555-036,missing_required_measurement
18445,ESO489-006,missing_required_measurement
18487,ESO425-011,missing_required_measurement
18488,ESO425-010,missing_required_measurement
18494,UGC03407,missing_required_measurement
18511,ESO555-040,missing_required_measurement
18536,NGC2188,missing_required_measurement
18556,UGC03406,missing_required_measurement
18557,UGC03403,missing_required_measurement
18566,ESO364-039,missing_required_measurement
18581,PGC018581,missing_required_measurement
18608,UGC03417,missing_required_measurement
18646,UGC03415,missing_required_measurement
18662,UGC03416,missing_required_measurement
18699,UGC03425,missing_required_measurement
18708,ESO556-005,missing_required_measurement
18709,UGC03422,missing_required_measurement
18716,UGC03428,missing_required_measurement
18718,ESO489-023,missing_required_measurement
18719,UGC03412,missing_required_measurement
18726,PGC018726,missing_required_measurement
18729,PGC018729,missing_required_measurement
18736,NGC2206,missing_required_measurement
18739,UGC03420,missing_required_measurement
18747,UGC03432,missing_required_measurement
18762,PGC018762,missing_required_measurement
18764,UGC03413,missing_required_measurement
18765,ESO489-029,missing_required_measurement
18778,UGC03423,missing_required_measurement
18781,ESO556-012,missing_required_measurement
18805,PGC018805,missing_required_measurement
18807,IC0440,missing_required_measurement
18813,PGC018813,missing_required_measurement
18848,PGC018848,missing_required_measurement
18855,PGC018855,missing_required_measurement
18857,PGC018857,missing_required_measurement
18859,ESO556-016,missing_required_measurement
18872,UGC03449,missing_required_measurement
18886,ESO426-001,missing_required_measurement
18889,ESO556-018,missing_required_measurement
18895,ESO365-010,missing_required_measurement
18915,UGC03444,missing_required_measurement
18930,PGC018930,missing_required_measurement
18960,NGC2146A,missing_required_measurement
18964,UGC03459,missing_required_measurement
18977,UGC03460A,missing_required_measurement
18987,UGC03453,missing_required_measurement
19024,ESO426-008,missing_required_measurement
19030,NGC2227,missing_required_measurement
19032,ESO489-055,missing_required_measurement
19054,ESO426-010,missing_required_measurement
19064,IC2166,missing_required_measurement
19072,UGC03468,missing_required_measurement
19073,UGC03467,missing_required_measurement
19094,UGC03460,missing_required_measurement
19119,ESO490-004,missing_required_measurement
19121,ESO490-005,missing_required_measurement
19161,UGC03475,missing_required_measurement
19162,UGC03476,missing_required_measurement
19170,UGC03473,missing_required_measurement
19173,ESO490-007,missing_required_measurement
19186,UGC03477,missing_required_measurement
19201,ESO490-010,missing_required_measurement
19217,ESO255-012,missing_required_measurement
19221,UGC03481,missing_required_measurement
19222,UGC03474,missing_required_measurement
19228,UGC03478,missing_required_measurement
19229,ESO365-027,missing_required_measurement
19249,UGC03489,missing_required_measurement
19260,NGC2255,missing_required_measurement
19261,UGC03484,missing_required_measurement
19292,UGC03498,missing_required_measurement
19309,ESO087-031,missing_required_measurement
19341,UGC03503,missing_required_measurement
19343,PGC019343,missing_required_measurement
19352,UGC03501,missing_required_measurement
19355,NGC2263,missing_required_measurement
19363,ESO366-004,missing_required_measurement
19385,UGC03505,missing_required_measurement
19397,NGC2273A,missing_required_measurement
19402,ESO490-028,missing_required_measurement
19405,ESO490-029,missing_required_measurement
19413,ESO122-001,missing_required_measurement
19418,ESO366-006,missing_required_measurement
19461,ESO490-031,missing_required_measurement
19469,UGC03512,missing_required_measurement
19475,UGC03513,missing_required_measurement
19483,UGC03516,missing_required_measurement
19500,UGC03514,missing_required_measurement
19512,UGC03524,missing_required_measurement
19518,ESO490-036,missing_required_measurement
19531,NGC2280,missing_required_measurement
19549,UGC03534,missing_required_measurement
19555,ESO427-005,missing_required_measurement
19557,PGC019557,missing_required_measurement
19571,UGC03532,missing_required_measurement
19579,NGC2273B,missing_required_measurement
19583,ESO490-042,missing_required_measurement
19585,ESO490-044,missing_required_measurement
19589,ESO490-045,missing_required_measurement
19606,ESO490-046,missing_required_measurement
19665,PGC019665,missing_required_measurement
19671,UGC03553,missing_required_measurement
19697,UGC03554,missing_required_measurement
19705,ESO207-007,missing_required_measurement
19725,IC0454,missing_required_measurement
19732,UGC03561,missing_required_measurement
19733,ESO427-014,missing_required_measurement
19785,ESO309-005,missing_required_measurement
19788,UGC03576,missing_required_measurement
19790,PGC019790,missing_required_measurement
19792,UGC03584,missing_required_measurement
19794,UGC03579,missing_required_measurement
19795,PGC019795,missing_required_measurement
19809,UGC03585,missing_required_measurement
19813,UGC03587,missing_required_measurement
19838,UGC03575,missing_required_measurement
19856,UGC03593,missing_required_measurement
19861,ESO491-009,missing_required_measurement
19867,UGC03580,missing_required_measurement
19874,UGC03597,missing_required_measurement
19885,ESO491-011,missing_required_measurement
19920,ESO491-012,missing_required_measurement
19931,UGC03606,missing_required_measurement
19974,UGC03622,missing_required_measurement
19975,PGC019975,missing_required_measurement
19979,UGC03624,missing_required_measurement
19981,IC2175,missing_required_measurement
19985,ESO366-030,missing_required_measurement
19991,ESO256-012,missing_required_measurement
19996,ESO491-015,missing_required_measurement
19997,ESO558-005,missing_required_measurement
20007,UGC03627,missing_required_measurement
20008,UGC03630,missing_required_measurement
20014,ESO491-016,missing_required_measurement
20027,UGC03637,missing_required_measurement
20048,UGC03626,missing_required_measurement
20062,UGC03638,missing_required_measurement
20083,UGC03652,missing_required_measurement
20088,UGC03645,missing_required_measurement
20112,UGC03658,missing_required_measurement
20131,UGC03664,missing_required_measurement
20133,UGC03644,missing_required_measurement
20143,UGC03636,missing_required_measurement
20158,UGC03660,missing_required_measurement
20167,ESO309-019,missing_required_measurement
20184,UGC03657,missing_required_measurement
20214,UGC03691,missing_required_measurement
20222,NGC2339,missing_required_measurement
20239,UGC03694,missing_required_measurement
20241,PGC020241,missing_required_measurement
20264,UGC03698,missing_required_measurement
20274,PGC020274,missing_required_measurement
20293,UGC03675,missing_required_measurement
20324,ESO310-002,missing_required_measurement
20335,UGC03726,missing_required_measurement
20352,UGC03722,missing_required_measurement
20353,UGC03724,missing_required_measurement
20363,ESO492-002,missing_required_measurement
20380,UGC03732,missing_required_measurement
20389,UGC03736,missing_required_measurement
20405,PGC020405,missing_required_measurement
20418,UGC03717,missing_required_measurement
20441,UGC03741,missing_required_measurement
20446,UGC03751,missing_required_measurement
20464,UGC03746,missing_required_measurement
20479,UGC03766,missing_required_measurement
20486,UGC03757,missing_required_measurement
20487,UGC03763,missing_required_measurement
20504,ESO428-009,missing_required_measurement
20513,UGC03770,missing_required_measurement
20526,UGC03749,missing_required_measurement
20531,ESO162-017,missing_required_measurement
20546,ESO367-007,missing_required_measurement
20556,NGC2369,missing_required_measurement
20559,UGC03776,missing_required_measurement
20576,ESO428-018,missing_required_measurement
20577,ESO428-017,missing_required_measurement
20592,NGC2357,missing_required_measurement
20603,UGC03783,missing_required_measurement
20608,UGC03784,missing_required_measurement
20627,PGC020627,missing_required_measurement
20631,UGC03791,missing_required_measurement
20637,ESO428-020,missing_required_measurement
20670,ESO492-010,missing_required_measurement
20699,UGC03805,missing_required_measurement
20734,PGC020734,missing_required_measurement
20744,UGC03808,missing_required_measurement
20755,ESO367-018,missing_required_measurement
20766,NGC2397,missing_required_measurement
20827,PGC020827,missing_required_measurement
20830,PGC020830,missing_required_measurement
20835,UGC03820,missing_required_measurement
20838,NGC2365,missing_required_measurement
20844,UGC03804,missing_required_measurement
20865,ESO123-009,missing_required_measurement
20867,ESO428-025,missing_required_measurement
20903,ESO428-028,missing_required_measurement
20933,UGC03828,missing_required_measurement
20956,ESO428-031,missing_required_measurement
20989,UGC03843,missing_required_measurement
21013,PGC021013,missing_required_measurement
21020,UGC03845,missing_required_measurement
21033,NGC2336,missing_required_measurement
21040,PGC021040,missing_required_measurement
21049,UGC03853,missing_required_measurement
21102,NGC2366,missing_required_measurement
21161,ESO428-037,missing_required_measurement
21162,UGC03881,missing_required_measurement
21164,IC0467,missing_required_measurement
21167,ESO123-016,missing_required_measurement
21189,UGC03864,missing_required_measurement
21197,UGC03892,missing_required_measurement
21322,UGC03905,missing_required_measurement
21338,ESO257-019,missing_required_measurement
21358,NGC2416,missing_required_measurement
21375,NGC2427,missing_required_measurement
21380,UGC03922,missing_required_measurement
21383,PGC021383,missing_required_measurement
21388,UGC03923,missing_required_measurement
21397,UGC03919,missing_required_measurement
21398,UGC03909,missing_required_measurement
21451,UGC03921,missing_required_measurement
21453,ESO163-011,missing_required_measurement
21488,ESO560-004,missing_required_measurement
21492,PGC021492,missing_required_measurement
21496,UGC03943,missing_required_measurement
21503,UGC03955,missing_required_measurement
21539,ESO429-009,missing_required_measurement
21569,ESO429-012,missing_required_measurement
21660,ESO163-014,missing_required_measurement
21690,ESO123-023,missing_required_measurement
21697,PGC021697,missing_required_measurement
21706,ESO035-016,missing_required_measurement
21710,UGC04005,missing_required_measurement
21712,UGC03984,missing_required_measurement
21715,UGC03998,missing_required_measurement
21718,PGC021718,missing_required_measurement
21730,UGC04010,missing_required_measurement
21758,UGC04003,missing_required_measurement
21759,ESO560-012,missing_required_measurement
21807,NGC2450,declared_geometry_or_width_quality
21810,UGC04013,missing_required_measurement
21821,UGC04015,missing_required_measurement
21822,ESO560-013,missing_required_measurement
21844,ESO560-014,missing_required_measurement
21854,UGC04024,missing_required_measurement
21860,NGC2446,missing_required_measurement
21863,ESO493-016,missing_required_measurement
21951,ESO035-017,missing_required_measurement
21970,UGC04043,missing_required_measurement
22000,PGC022000,missing_required_measurement
22044,UGC04037,missing_required_measurement
22053,UGC04059,missing_required_measurement
22072,UGC04065,missing_required_measurement
22127,UGC04057,missing_required_measurement
22167,UGC04067,missing_required_measurement
22174,ESO035-018,missing_required_measurement
22195,ESO494-004,missing_required_measurement
22272,ESO494-007,missing_required_measurement
22306,ESO561-003,missing_required_measurement
22310,UGC04108,missing_required_measurement
22319,PGC022319,missing_required_measurement
22327,NGC2469,missing_required_measurement
22338,ESO209-009,missing_required_measurement
22369,UGC04121,missing_required_measurement
22438,UGC04128,missing_required_measurement
22471,UGC04103,missing_required_measurement
22527,PGC022527,missing_required_measurement
22561,UGC04169,missing_required_measurement
22721,NGC2525,missing_required_measurement
22745,PGC022745,missing_required_measurement
22760,ESO430-020,missing_required_measurement
22763,UGC04199,missing_required_measurement
22815,UGC04202,missing_required_measurement
22821,ESO494-029,missing_required_measurement
22892,ESO561-019,missing_required_measurement
22969,UGC04238,missing_required_measurement
22980,ESO561-023,missing_required_measurement
22998,ESO561-024,missing_required_measurement
23002,ESO561-025,missing_required_measurement
23021,ESO561-026,missing_required_measurement
23025,NGC2523B,missing_required_measurement
23090,ESO561-030,missing_required_measurement
23109,ESO430-026,missing_required_measurement
23125,ESO561-032,missing_required_measurement
23128,NGC2523,missing_required_measurement
23197,ESO430-030,missing_required_measurement
23222,NGC2559,missing_required_measurement
23246,ESO431-002,missing_required_measurement
23303,NGC2566,missing_required_measurement
23342,IC2288,declared_geometry_or_width_quality
26192,NGC2821,missing_required_measurement
23405,UGC04326,missing_required_measurement
23418,NGC2574,missing_required_measurement
23428,ESO495-008,missing_required_measurement
23486,PGC023486,missing_required_measurement
23530,UGC04328,missing_required_measurement
23574,PGC023574,missing_required_measurement
23604,NGC2550,missing_required_measurement
23606,UGC04379,missing_required_measurement
23616,NGC2590,missing_required_measurement
23635,UGC04378,missing_required_measurement
23658,PGC023658,missing_required_measurement
23723,PGC023723,missing_required_measurement
23840,UGC04413,missing_required_measurement
23847,PGC023847,missing_required_measurement
25515,NGC2758,missing_required_measurement
23942,ESO495-015,missing_required_measurement
23986,ESO562-013,missing_required_measurement
23997,NGC2613,missing_required_measurement
24034,ESO562-018,missing_required_measurement
24039,ESO562-019,missing_required_measurement
24053,ESO431-016,missing_required_measurement
24063,ESO431-017,missing_required_measurement
24089,ESO431-018,missing_required_measurement
24189,PGC024189,missing_required_measurement
24213,UGC04483,missing_required_measurement
24219,ESO563-002,missing_required_measurement
24231,NGC2591,missing_required_measurement
24236,PGC024236,missing_required_measurement
24259,PGC024259,missing_required_measurement
24262,PGC024262,declared_geometry_or_width_quality
24281,UGC04495,missing_required_measurement
24312,ESO036-006,missing_required_measurement
24328,PGC024328,missing_required_measurement
24360,UGC04502,missing_required_measurement
24398,ESO432-002,missing_required_measurement
24402,ESO496-004,missing_required_measurement
24405,ESO371-005,missing_required_measurement
24417,ESO563-010,missing_required_measurement
24429,ESO563-012,missing_required_measurement
24479,ESO563-014,missing_required_measurement
24489,ESO563-016,missing_required_measurement
24494,PGC024494,missing_required_measurement
24518,UGC04561,declared_geometry_or_width_quality
24525,PGC024525,missing_required_measurement
24558,ESO563-017,missing_required_measurement
24602,IC0499,missing_required_measurement
24649,PGC024649,missing_required_measurement
24685,ESO563-021,missing_required_measurement
24711,IC2389,missing_required_measurement
24723,NGC2633,missing_required_measurement
24778,PGC024778,missing_required_measurement
24836,PGC024836,missing_required_measurement
24840,ESO563-026,missing_required_measurement
24854,ESO563-028,missing_required_measurement
24860,ESO371-020,missing_required_measurement
24870,PGC024870,missing_required_measurement
24898,ESO496-012,missing_required_measurement
24928,ESO371-024,missing_required_measurement
24947,UGC04623,missing_required_measurement
24967,ESO496-016,missing_required_measurement
24992,PGC024992,declared_geometry_or_width_quality
25053,ESO496-019,missing_required_measurement
25116,ESO432-013,missing_required_measurement
25126,PGC025126,declared_geometry_or_width_quality
25166,UGC04601,missing_required_measurement
25169,ESO060-019,missing_required_measurement
25197,PGC025197,missing_required_measurement
25221,NGC2722,missing_required_measurement
25223,ESO496-024,missing_required_measurement
25264,PGC025264,missing_required_measurement
25275,UGC04697,missing_required_measurement
25291,ESO497-001,missing_required_measurement
25300,ESO496-025,missing_required_measurement
25346,ESO564-006,missing_required_measurement
25350,ESO497-002,missing_required_measurement
25361,ESO564-007,missing_required_measurement
25371,UGC04701,missing_required_measurement
25373,ESO090-015,missing_required_measurement
25412,ESO564-012,missing_required_measurement
25416,ESO497-004,missing_required_measurement
25527,ESO433-001,missing_required_measurement
25539,PGC025539,missing_required_measurement
25558,ESO036-019,missing_required_measurement
25563,PGC025563,missing_required_measurement
25585,PGC025585,missing_required_measurement
25618,ESO433-004,missing_required_measurement
25674,ESO372-002,missing_required_measurement
25676,NGC2715,missing_required_measurement
25694,ESO564-023,missing_required_measurement
25732,ESO314-005,missing_required_measurement
25761,NGC2788,missing_required_measurement
25822,ESO564-026,missing_required_measurement
25842,ESO372-008,missing_required_measurement
25886,PGC025886,missing_required_measurement
25926,ESO564-027,missing_required_measurement
25932,ESO497-022,missing_required_measurement
25938,PGC025938,missing_required_measurement
26003,ESO091-003,missing_required_measurement
26018,NGC2748,missing_required_measurement
26028,ESO372-009,missing_required_measurement
26056,ESO564-032,missing_required_measurement
26057,ESO564-031,missing_required_measurement
26093,ESO433-010,missing_required_measurement
26102,ESO372-011,missing_required_measurement
26135,ESO564-033,missing_required_measurement
26144,PGC026144,missing_required_measurement
26154,UGC04847,missing_required_measurement
26157,NGC2815,missing_required_measurement
26168,PGC026168,missing_required_measurement
26245,PGC026245,missing_required_measurement
26295,IC0529,missing_required_measurement
26309,PGC026309,declared_geometry_or_width_quality
26383,ESO061-008,missing_required_measurement
26411,PGC026411,missing_required_measurement
26437,ESO372-015,missing_required_measurement
26439,PGC026439,missing_required_measurement
26455,ESO372-016,missing_required_measurement
26463,ESO433-015,missing_required_measurement
26476,ESO372-018,missing_required_measurement
26484,ESO565-001,missing_required_measurement
26561,IC2469,missing_required_measurement
26569,ESO497-042,missing_required_measurement
26608,ESO498-003,missing_required_measurement
26731,PGC026731,missing_required_measurement
26761,NGC2915,missing_required_measurement
26831,PGC026831,declared_geometry_or_width_quality
26874,PGC026874,missing_required_measurement
26907,ESO315-012,missing_required_measurement
26990,PGC026990,declared_geometry_or_width_quality
27045,ESO434-011,missing_required_measurement
27054,PGC027054,missing_required_measurement
27135,ESO373-008,missing_required_measurement
27158,PGC027158,missing_required_measurement
27214,NGC2921,missing_required_measurement
28098,UGC05203,missing_required_measurement
27425,PGC027425,missing_required_measurement
27430,ESO565-029,missing_required_measurement
27442,PGC027442,missing_required_measurement
27450,ESO373-012,missing_required_measurement
27458,ESO091-016,missing_required_measurement
27473,NGC2938,missing_required_measurement
27529,ESO565-033,missing_required_measurement
27606,ESO373-019,missing_required_measurement
27623,ESO434-019,missing_required_measurement
27690,ESO434-023,missing_required_measurement
27733,PGC027733,missing_required_measurement
27735,PGC027735,missing_required_measurement
27747,PGC027747,missing_required_measurement
27774,PGC027774,missing_required_measurement
27795,NGC2979,missing_required_measurement
27799,NGC2980,missing_required_measurement
27810,PGC027810,missing_required_measurement
27845,NGC2977,missing_required_measurement
27856,ESO373-021,missing_required_measurement
27903,IC2507,missing_required_measurement
27962,NGC2989,missing_required_measurement
27966,ESO434-034,missing_required_measurement
27978,NGC2997,missing_required_measurement
28044,ESO037-005,missing_required_measurement
28053,ESO499-004,missing_required_measurement
28087,UGC05238,missing_required_measurement
28093,ESO434-039,missing_required_measurement
28117,ESO499-005,missing_required_measurement
28147,IC2510,missing_required_measurement
28206,NGC3029,missing_required_measurement
28212,PGC028212,declared_geometry_or_width_quality
28224,ESO566-014,missing_required_measurement
28246,IC2511,missing_required_measurement
28283,IC2513,missing_required_measurement
28313,ESO499-009,missing_required_measurement
28376,NGC3038,missing_required_measurement
28380,PGC028380,missing_required_measurement
28403,PGC028403,missing_required_measurement
28416,ESO374-003,missing_required_measurement
28461,ESO435-004,missing_required_measurement
28492,NGC3045,missing_required_measurement
28534,ESO435-005,missing_required_measurement
28565,ESO374-008,missing_required_measurement
28570,NGC3052,missing_required_measurement
28571,NGC3054,missing_required_measurement
28607,IC2523,missing_required_measurement
28636,NGC3027,missing_required_measurement
28656,PGC028656,missing_required_measurement
28664,ESO499-022,missing_required_measurement
28667,ESO566-030,missing_required_measurement
28718,PGC028718,missing_required_measurement
28734,PGC028734,missing_required_measurement
28778,ESO435-014,missing_required_measurement
28781,ESO435-015,missing_required_measurement
28801,ESO499-025,missing_required_measurement
28803,ESO499-026,missing_required_measurement
28840,ESO435-019,missing_required_measurement
28855,ESO316-011,missing_required_measurement
28874,ESO499-032,missing_required_measurement
28882,NGC3089,missing_required_measurement
28909,IC2531,missing_required_measurement
28915,IC2532,missing_required_measurement
28918,PGC028918,missing_required_measurement
28919,NGC3095,missing_required_measurement
28955,ESO435-028,missing_required_measurement
29022,ESO567-006,missing_required_measurement
29083,ESO499-035,missing_required_measurement
29086,PGC029086,missing_required_measurement
29096,ESO316-018,missing_required_measurement
29128,NGC3109,missing_required_measurement
29136,PGC029136,missing_required_measurement
29141,ESO092-006,missing_required_measurement
29157,IC2536,missing_required_measurement
29166,ESO499-037,missing_required_measurement
29179,IC2537,missing_required_measurement
29181,IC2538,missing_required_measurement
29203,IC2539,missing_required_measurement
29214,ESO316-021,missing_required_measurement
29216,NGC3113,missing_required_measurement
29271,UGC05402,missing_required_measurement
29278,NGC3120,missing_required_measurement
29281,ESO567-012,missing_required_measurement
29393,ESO263-005,missing_required_measurement
29405,PGC029405,missing_required_measurement
29487,ESO435-044,missing_required_measurement
29530,NGC3137,missing_required_measurement
29577,ESO500-005,missing_required_measurement
29641,ESO435-050,missing_required_measurement
29691,NGC3157,missing_required_measurement
29716,ESO263-015,missing_required_measurement
29727,IC2556,missing_required_measurement
29743,ESO436-001,missing_required_measurement
29778,ESO374-044,missing_required_measurement
29781,PGC029781,missing_required_measurement
29841,ESO567-026,missing_required_measurement
29853,ESO374-047,missing_required_measurement
29888,ESO500-017,missing_required_measurement
29892,NGC3175,missing_required_measurement
29895,IC2558,missing_required_measurement
29898,IC2559,missing_required_measurement
29903,ESO436-004,missing_required_measurement
29949,NGC3144,missing_required_measurement
29966,ESO375-003,missing_required_measurement
29980,NGC3178,missing_required_measurement
29993,IC2560,missing_required_measurement
30022,ESO213-011,missing_required_measurement
30041,IC0600,missing_required_measurement
30064,NGC3155,missing_required_measurement
30108,NGC3200,missing_required_measurement
30181,ESO567-048,missing_required_measurement
30231,ESO317-015,missing_required_measurement
30248,ESO317-016,missing_required_measurement
30257,ESO500-031,missing_required_measurement
31883,NGC3338,missing_required_measurement
30308,NGC3223,missing_required_measurement
30409,ESO317-019,missing_required_measurement
30410,ESO375-016,missing_required_measurement
30422,ESO263-031,missing_required_measurement
30484,UGC05612,missing_required_measurement
30487,PGC030487,missing_required_measurement
30492,ESO436-014,missing_required_measurement
30498,NGC3241,missing_required_measurement
30500,IC0608,missing_required_measurement
30534,ESO317-023,missing_required_measurement
30591,PGC030591,missing_required_measurement
30646,ESO263-035,missing_required_measurement
30667,ESO568-010,missing_required_measurement
30688,ESO568-012,missing_required_measurement
30716,ESO375-026,missing_required_measurement
30753,IC2578,missing_required_measurement
30759,PGC030759,missing_required_measurement
30774,NGC3250C,missing_required_measurement
30819,IC2574,missing_required_measurement
30867,NGC3256B,missing_required_measurement
30912,ESO500-046,missing_required_measurement
30915,ESO501-001,missing_required_measurement
30976,ESO375-047,missing_required_measurement
31001,ESO501-002,missing_required_measurement
31011,UGC05689,missing_required_measurement
31053,NGC3258C,missing_required_measurement
31058,ESO436-032,missing_required_measurement
31068,NGC3278,missing_required_measurement
31076,ESO263-051,missing_required_measurement
31084,ESO317-045,missing_required_measurement
31094,NGC3258D,missing_required_measurement
31097,ESO375-056,missing_required_measurement
31126,IC2589,missing_required_measurement
31154,ESO436-034,missing_required_measurement
31178,ESO317-046,missing_required_measurement
31186,ESO501-011,missing_required_measurement
31217,NGC3285,missing_required_measurement
31238,ESO436-038,missing_required_measurement
31242,ESO436-039,missing_required_measurement
31265,IC2596,missing_required_measurement
31273,NGC3281D,missing_required_measurement
31276,ESO436-040,missing_required_measurement
31278,NGC3252,missing_required_measurement
31293,NGC3285B,missing_required_measurement
31335,NGC3366,missing_required_measurement
31345,PGC031345,missing_required_measurement
31355,ESO501-022,missing_required_measurement
31485,ESO568-019,missing_required_measurement
31493,ESO437-014,missing_required_measurement
31494,ESO501-041,missing_required_measurement
31500,ESO501-042,missing_required_measurement
31513,NGC3312,missing_required_measurement
31557,ESO501-051,missing_required_measurement
31560,UGC05765,missing_required_measurement
31590,ESO437-018,missing_required_measurement
31593,ESO437-019,missing_required_measurement
31600,ESO019-003,missing_required_measurement
31626,ESO437-022,missing_required_measurement
31642,ESO437-025,missing_required_measurement
31653,NGC3321,missing_required_measurement
31677,ESO437-030,missing_required_measurement
31683,ESO501-068,missing_required_measurement
31690,ESO437-031,missing_required_measurement
31695,ESO501-069,missing_required_measurement
31723,NGC3333,missing_required_measurement
31732,ESO437-034,missing_required_measurement
31738,ESO437-035,missing_required_measurement
31743,NGC3331,missing_required_measurement
31761,NGC3347A,missing_required_measurement
31804,ESO568-020,missing_required_measurement
31805,ESO501-075,missing_required_measurement
31809,ESO437-039,missing_required_measurement
31811,PGC031811,missing_required_measurement
31812,ESO501-076,missing_required_measurement
31822,ESO437-040,missing_required_measurement
31825,ESO501-077,missing_required_measurement
31829,ESO501-078,missing_required_measurement
31875,NGC3347B,missing_required_measurement
31880,ESO318-002,missing_required_measurement
31909,ESO437-047,missing_required_measurement
31919,ESO501-080,missing_required_measurement
31929,ESO568-023,missing_required_measurement
31932,ESO264-035,missing_required_measurement
31951,ESO501-082,missing_required_measurement
31974,NGC3358,missing_required_measurement
31978,PGC031978,missing_required_measurement
31981,ESO437-054,missing_required_measurement
31987,ESO501-086,missing_required_measurement
31995,ESO318-004,missing_required_measurement
32017,PGC032017,missing_required_measurement
32039,ESO437-056,missing_required_measurement
32044,NGC3361,missing_required_measurement
32059,NGC3329,missing_required_measurement
32064,ESO501-090,missing_required_measurement
32081,UGC05841,missing_required_measurement
32100,ESO569-003,missing_required_measurement
32184,ESO376-020,missing_required_measurement
32250,ESO318-013,missing_required_measurement
32369,ESO437-065,missing_required_measurement
32470,NGC3409,missing_required_measurement
32473,ESO318-019,missing_required_measurement
32531,NGC3431,missing_required_measurement
32542,ESO376-022,missing_required_measurement
32550,ESO569-014,missing_required_measurement
32565,ESO376-023,missing_required_measurement
32625,ESO437-067,missing_required_measurement
32666,NGC3449,missing_required_measurement
32719,NGC3403,missing_required_measurement
32753,PGC032753,missing_required_measurement
32782,NGC3459,missing_required_measurement
32813,NGC3463,missing_required_measurement
32821,ESO437-071,missing_required_measurement
32869,ESO437-072,missing_required_measurement
32985,PGC032985,missing_required_measurement
33034,ESO215-012,missing_required_measurement
33053,NGC3479,missing_required_measurement
33108,PGC033108,missing_required_measurement
33167,PGC033167,missing_required_measurement
33225,ESO265-003,missing_required_measurement
33329,PGC033329,missing_required_measurement
33349,ESO502-012,missing_required_measurement
33377,ESO377-001,missing_required_measurement
33385,NGC3511,missing_required_measurement
33474,ESO377-004,missing_required_measurement
33505,ESO502-016,missing_required_measurement
35165,NGC3679,missing_required_measurement
33539,ESO438-002,missing_required_measurement
33552,ESO570-002,missing_required_measurement
33555,PGC033555,missing_required_measurement
33601,ESO377-010,missing_required_measurement
33647,NGC3533,missing_required_measurement
33659,PGC033659,missing_required_measurement
33705,ESO265-007,missing_required_measurement
33745,ESO215-027,missing_required_measurement
33788,ESO438-005,missing_required_measurement
33813,ESO502-020,missing_required_measurement
33919,ESO215-031,missing_required_measurement
33941,ESO377-019,missing_required_measurement
33952,NGC3568,missing_required_measurement
33957,ESO438-010,missing_required_measurement
33962,ESO377-021,missing_required_measurement
34028,NGC3544,missing_required_measurement
34084,ESO502-023,missing_required_measurement
34106,ESO502-024,missing_required_measurement
34147,ESO063-011,missing_required_measurement
34275,PGC034275,missing_required_measurement
34292,ESO438-015,missing_required_measurement
34362,ESO377-031,missing_required_measurement
34428,ESO570-014,missing_required_measurement
34445,ESO377-034,missing_required_measurement
34466,ESO438-017,missing_required_measurement
34487,ESO438-018,missing_required_measurement
34519,ESO319-011,missing_required_measurement
34554,NGC3621,missing_required_measurement
34653,PGC034653,declared_geometry_or_width_quality
34691,ESO570-019,missing_required_measurement
34832,ESO439-002,missing_required_measurement
34869,UGC06378,missing_required_measurement
34904,PGC034904,missing_required_measurement
34943,ESO265-029,missing_required_measurement
35025,NGC3654,missing_required_measurement
35073,PGC035073,missing_required_measurement
35097,NGC3673,missing_required_measurement
35271,PGC035271,missing_required_measurement
35288,ESO378-003,missing_required_measurement
35341,ESO378-005,missing_required_measurement
35434,ESO378-008,missing_required_measurement
35469,IC2889,missing_required_measurement
35539,NGC3717,missing_required_measurement
35540,NGC3715,missing_required_measurement
35584,PGC035584,missing_required_measurement
35664,PGC035664,missing_required_measurement
35686,ESO503-022,missing_required_measurement
35704,PGC035704,missing_required_measurement
35775,ESO320-004,missing_required_measurement
35776,ESO378-011,missing_required_measurement
35927,PGC035927,missing_required_measurement
35934,PGC035934,missing_required_measurement
36240,ESO266-015,missing_required_measurement
35946,ESO504-004,missing_required_measurement
35954,ESO378-012,missing_required_measurement
36094,ESO063-017,missing_required_measurement
36097,ESO571-012,missing_required_measurement
36245,ESO571-015,missing_required_measurement
36324,PGC036324,missing_required_measurement
36386,NGC3901,missing_required_measurement
37870,PGC037870,missing_required_measurement
36395,ESO504-010,missing_required_measurement
36409,PGC036409,missing_required_measurement
36513,ESO571-020,missing_required_measurement
36570,ESO320-019,missing_required_measurement
36643,PGC036643,missing_required_measurement
36664,ESO440-004,missing_required_measurement
36689,ESO320-020,missing_required_measurement
36697,NGC3882,missing_required_measurement
36909,NGC3905,missing_required_measurement
37099,NGC3942,missing_required_measurement
37178,NGC3936,missing_required_measurement
37196,IC2969,missing_required_measurement
37200,ESO440-023,missing_required_measurement
37238,PGC037238,missing_required_measurement
37243,ESO379-006,missing_required_measurement
37254,ESO320-030,missing_required_measurement
37267,IC0743,missing_required_measurement
37271,ESO440-027,missing_required_measurement
37285,NGC3952,missing_required_measurement
37304,IC2974,missing_required_measurement
37325,NGC3956,missing_required_measurement
37373,PGC037373,missing_required_measurement
37415,PGC037415,missing_required_measurement
37422,ESO440-030,missing_required_measurement
37476,ESO572-018,missing_required_measurement
37496,NGC3981,missing_required_measurement
37513,ESO572-022,missing_required_measurement
37549,ESO320-035,missing_required_measurement
37566,ESO572-024,missing_required_measurement
37669,ESO321-001,missing_required_measurement
37681,ESO572-030,missing_required_measurement
37787,PGC037787,missing_required_measurement
37814,PGC037814,declared_geometry_or_width_quality
37848,PGC037848,missing_required_measurement
37906,ESO505-003,missing_required_measurement
37910,ESO572-045,missing_required_measurement
37919,ESO572-046,missing_required_measurement
37958,ESO217-020,missing_required_measurement
37998,ESO440-042,missing_required_measurement
38008,PGC038008,missing_required_measurement
38037,ESO440-044,missing_required_measurement
38049,NGC4050,missing_required_measurement
38087,ESO572-049,missing_required_measurement
38126,ESO505-009,missing_required_measurement
38239,ESO217-022,missing_required_measurement
38330,IC2995,missing_required_measurement
38346,NGC4094,missing_required_measurement
38347,UGC07086,missing_required_measurement
38408,ESO572-054,missing_required_measurement
38426,PGC038426,missing_required_measurement
38431,ESO379-027,missing_required_measurement
38464,IC3005,missing_required_measurement
38487,ESO505-016,missing_required_measurement
38496,PGC038496,missing_required_measurement
38536,ESO441-007,missing_required_measurement
38550,NGC4127,missing_required_measurement
38578,NGC4133,missing_required_measurement
38580,NGC4129,missing_required_measurement
38593,NGC4132,declared_geometry_or_width_quality
38628,ESO441-011,missing_required_measurement
38635,ESO441-012,missing_required_measurement
38652,ESO505-023,missing_required_measurement
38711,IC0764,missing_required_measurement
38712,ESO441-014,missing_required_measurement
38777,NGC4159,missing_required_measurement
38805,UGC07189,missing_required_measurement
38841,ESO321-010,missing_required_measurement
39036,UGC07238,missing_required_measurement
39155,PGC039155,missing_required_measurement
39163,ESO441-022,missing_required_measurement
39201,ESO321-016,missing_required_measurement
39212,ESO380-006,missing_required_measurement
39253,ESO441-024,missing_required_measurement
39855,PGC039855,missing_required_measurement
39256,IC3077,declared_geometry_or_width_quality
39315,NGC4219,missing_required_measurement
39346,NGC4236,missing_required_measurement
39372,ESO380-008,missing_required_measurement
39452,ESO573-006,missing_required_measurement
39482,ESO380-011,missing_required_measurement
39573,IC3104,missing_required_measurement
39698,NGC4263,missing_required_measurement
39726,PGC039726,missing_required_measurement
39768,ESO506-002,missing_required_measurement
39851,PGC039851,missing_required_measurement
39909,ESO573-013,missing_required_measurement
39920,ESO573-014,missing_required_measurement
39979,ESO321-025,missing_required_measurement
39982,PGC039982,missing_required_measurement
39992,ESO506-003,missing_required_measurement
40023,ESO380-019,missing_required_measurement
40062,UGC07438,declared_geometry_or_width_quality
40080,ESO573-016,missing_required_measurement
40085,NGC4331,missing_required_measurement
40092,IC0784,missing_required_measurement
40148,ESO380-021,missing_required_measurement
40265,IC3253,missing_required_measurement
40367,UGC07490,missing_required_measurement
40394,ESO380-025,missing_required_measurement
40588,PGC040588,declared_geometry_or_width_quality
40738,ESO573-022,missing_required_measurement
40860,NGC4428,missing_required_measurement
40894,NGC4433,missing_required_measurement
40904,UGC07577,declared_geometry_or_width_quality
40944,ESO380-034,missing_required_measurement
41010,ESO322-017,missing_required_measurement
41150,NGC4462,missing_required_measurement
41152,IC3412,declared_geometry_or_width_quality
41184,PGC041184,missing_required_measurement
41399,NGC4487,missing_required_measurement
41522,UGC07678,declared_geometry_or_width_quality
41555,NGC4504,missing_required_measurement
41594,PGC041594,declared_geometry_or_width_quality
41702,ESO442-002,missing_required_measurement
41725,PGC041725,missing_required_measurement
41733,ESO506-018,missing_required_measurement
41757,NGC4524,missing_required_measurement
41764,PGC041764,missing_required_measurement
41786,ESO506-019,missing_required_measurement
41846,UGC07748,declared_geometry_or_width_quality
41965,PGC041965,missing_required_measurement
41989,PGC041989,missing_required_measurement
42123,ESO442-013,missing_required_measurement
42166,NGC4574,missing_required_measurement
42181,NGC4575,missing_required_measurement
42245,ESO322-040,missing_required_measurement
42246,ESO268-027,missing_required_measurement
42271,ESO322-042,missing_required_measurement
42334,ESO506-029,missing_required_measurement
42336,NGC4592,missing_required_measurement
42369,NGC4603A,missing_required_measurement
42395,ESO506-032,missing_required_measurement
42411,ESO322-045,missing_required_measurement
42422,PGC042422,declared_geometry_or_width_quality
42460,ESO322-048,missing_required_measurement
42463,ESO381-005,missing_required_measurement
42475,UGC07844,missing_required_measurement
42510,NGC4603,missing_required_measurement
42640,NGC4603D,missing_required_measurement
42689,NGC4632,missing_required_measurement
42709,UGC07873,missing_required_measurement
42747,UGC07883,missing_required_measurement
42791,NGC4642,missing_required_measurement
42818,UGC07908,missing_required_measurement
42880,ESO381-014,missing_required_measurement
42968,ESO268-037,missing_required_measurement
42999,NGC4668,missing_required_measurement
43021,ESO507-007,missing_required_measurement
43048,ESO381-020,missing_required_measurement
43084,ESO442-021,missing_required_measurement
43105,ESO322-076,missing_required_measurement
43141,NGC4693,missing_required_measurement
43144,ESO381-023,missing_required_measurement
43170,NGC4679,missing_required_measurement
43206,ESO574-033,missing_required_measurement
43224,ESO507-013,missing_required_measurement
43245,ESO574-034,missing_required_measurement
43282,ESO268-044,missing_required_measurement
43313,IC3799,missing_required_measurement
43345,PGC043345,missing_required_measurement
43444,ESO268-046,missing_required_measurement
43458,PGC043458,missing_required_measurement
43527,NGC4749,missing_required_measurement
43558,IC3829,missing_required_measurement
43679,PGC043679,missing_required_measurement
43681,ESO323-024,missing_required_measurement
43690,PGC043690,missing_required_measurement
43701,ESO323-025,missing_required_measurement
43717,ESO323-027,missing_required_measurement
43744,NGC4767A,missing_required_measurement
43784,NGC4771,missing_required_measurement
43812,ESO507-042,missing_required_measurement
43893,ESO323-038,missing_required_measurement
43902,NGC4781,missing_required_measurement
43910,ESO323-039,missing_required_measurement
43970,PGC043970,missing_required_measurement
43972,NGC4790,missing_required_measurement
43975,UGC08052,missing_required_measurement
43994,ESO323-042,missing_required_measurement
44014,UGC08041,missing_required_measurement
44066,UGC08048,missing_required_measurement
44097,ESO575-029,missing_required_measurement
44191,NGC4818,missing_required_measurement
44219,UGC08101,missing_required_measurement
44246,PGC044246,missing_required_measurement
44267,PGC044267,missing_required_measurement
44278,PGC044278,missing_required_measurement
44317,ESO443-016,missing_required_measurement
44358,PGC044358,missing_required_measurement
44409,NGC4835,missing_required_measurement
44454,PGC044454,missing_required_measurement
44506,PGC044506,missing_required_measurement
44589,ESO507-062,missing_required_measurement
44663,ESO443-021,missing_required_measurement
44668,PGC044668,missing_required_measurement
44672,UGC08120,missing_required_measurement
44695,ESO269-028,missing_required_measurement
44738,PGC044738,missing_required_measurement
44761,NGC4877,missing_required_measurement
44770,ESO381-041,missing_required_measurement
44834,ESO381-045,missing_required_measurement
44846,NGC4904,missing_required_measurement
44851,ESO381-046,missing_required_measurement
44931,PGC044931,missing_required_measurement
44940,PGC044940,missing_required_measurement
44952,PGC044952,missing_required_measurement
44966,ESO381-051,missing_required_measurement
44982,UGCA319,missing_required_measurement
44984,ESO443-037,missing_required_measurement
44992,ESO219-021,missing_required_measurement
45000,UGC08164,missing_required_measurement
45006,PGC045006,missing_required_measurement
45084,DDO161,missing_required_measurement
45098,ESO443-042,missing_required_measurement
45127,PGC045127,missing_required_measurement
45151,ESO323-073,missing_required_measurement
45170,NGC4939,missing_required_measurement
45180,NGC4947A,missing_required_measurement
45224,NGC4948,missing_required_measurement
45241,ESO575-053,missing_required_measurement
45246,NGC4951,missing_required_measurement
45269,NGC4947,missing_required_measurement
45279,NGC4945,missing_required_measurement
45327,PGC045327,missing_required_measurement
45346,ESO443-064,missing_required_measurement
45487,ESO508-011,missing_required_measurement
45524,ESO575-061,missing_required_measurement
45573,ESO269-052,missing_required_measurement
48786,PGC048786,missing_required_measurement
45643,NGC4995,missing_required_measurement
45701,ESO443-079,missing_required_measurement
45764,ESO443-080,missing_required_measurement
45877,PGC045877,missing_required_measurement
45901,ESO443-083,missing_required_measurement
45911,ESO576-011,missing_required_measurement
45935,ESO576-012,missing_required_measurement
45939,UGC08308,declared_geometry_or_width_quality
45952,NGC5022,missing_required_measurement
46014,PGC046014,missing_required_measurement
46071,ESO508-030,missing_required_measurement
46098,ESO443-085,missing_required_measurement
46126,NGC5042,missing_required_measurement
46246,ESO508-034,missing_required_measurement
46247,NGC5054,missing_required_measurement
46261,PGC046261,missing_required_measurement
46301,ESO382-031,missing_required_measurement
46352,ESO508-039,missing_required_measurement
46366,IC4221,missing_required_measurement
46373,ESO576-026,missing_required_measurement
46409,NGC5064,missing_required_measurement
46441,NGC5073,missing_required_measurement
46452,ESO382-041,missing_required_measurement
46473,NGC5079,missing_required_measurement
46502,ESO269-085,missing_required_measurement
46521,ESO382-045,missing_required_measurement
46535,NGC5088,missing_required_measurement
46551,ESO508-051,missing_required_measurement
46574,ESO576-040,missing_required_measurement
52809,PGC052809,missing_required_measurement
46650,ESO040-007,missing_required_measurement
46664,NGC5105,missing_required_measurement
46768,IC4231,missing_required_measurement
46786,ESO444-021,missing_required_measurement
46878,IC4237,missing_required_measurement
46889,ESO576-050,missing_required_measurement
46920,ESO508-071,missing_required_measurement
46926,ESO576-051,missing_required_measurement
46938,NGC5134,missing_required_measurement
46960,NGC5121A,missing_required_measurement
47102,ESO444-037,missing_required_measurement
47151,ESO324-023,missing_required_measurement
47243,PGC047243,missing_required_measurement
47321,NGC5161,missing_required_measurement
47394,NGC5170,missing_required_measurement
47414,UGC08520,missing_required_measurement
47448,PGC047448,missing_required_measurement
47452,IC4264,missing_required_measurement
47514,PGC047514,missing_required_measurement
47599,ESO509-045,missing_required_measurement
47847,ESO270-17,missing_required_measurement
47948,ESO509-074,missing_required_measurement
48093,NGC5219,missing_required_measurement
48175,ESO324-044,missing_required_measurement
48307,NGC5254,missing_required_measurement
48334,NGC5253,missing_required_measurement
48394,PGC048394,missing_required_measurement
48738,ESO325-011,missing_required_measurement
48759,PGC048759,declared_geometry_or_width_quality
48830,ESO445-026,missing_required_measurement
48953,UGC08737,missing_required_measurement
49129,ESO383-091,missing_required_measurement
49158,UGC08760,declared_geometry_or_width_quality
49267,ESO384-005,missing_required_measurement
49426,NGC5452,missing_required_measurement
52811,IC1055,missing_required_measurement
49589,UGC08862,declared_geometry_or_width_quality
49638,ESO445-083,missing_required_measurement
49645,UGC08871,declared_geometry_or_width_quality
49676,IC4351,missing_required_measurement
49703,PGC049703,missing_required_measurement
49728,ESO445-085,missing_required_measurement
49788,ESO325-042,missing_required_measurement
49836,ESO221-022,missing_required_measurement
49855,ESO384-027,missing_required_measurement
49859,UGC08964,missing_required_measurement
49923,NGC5398,missing_required_measurement
49939,ESO510-043,missing_required_measurement
50066,ESO446-001,missing_required_measurement
50073,NGC5408,missing_required_measurement
50074,ESO510-051,missing_required_measurement
50121,NGC5420,missing_required_measurement
50156,PGC050156,missing_required_measurement
50166,ESO384-043,missing_required_measurement
50169,UGC08991,declared_geometry_or_width_quality
50246,IC4362,missing_required_measurement
50262,NGC5477,declared_geometry_or_width_quality
50322,ESO446-008,missing_required_measurement
50345,NGC5472,missing_required_measurement
50356,NGC5464,missing_required_measurement
50404,ESO325-055,missing_required_measurement
50420,ESO446-017,missing_required_measurement
50474,ESO446-018,missing_required_measurement
50550,PGC050550,declared_geometry_or_width_quality
50618,ESO221-030,missing_required_measurement
50675,ESO446-023,missing_required_measurement
50779,ESO097-013,missing_required_measurement
50798,ESO271-022,missing_required_measurement
50939,ESO579-009,missing_required_measurement
50967,ESO385-005,missing_required_measurement
51015,IC4390,missing_required_measurement
51059,IC0991,missing_required_measurement
51061,IC4393,missing_required_measurement
51064,ESO446-045,missing_required_measurement
51106,NGC5530,missing_required_measurement
51143,ESO385-008,missing_required_measurement
51173,IC4401,missing_required_measurement
51250,ESO511-033,missing_required_measurement
51265,ESO446-051,missing_required_measurement
51288,IC4402,missing_required_measurement
51289,ESO385-012,missing_required_measurement
51290,ESO446-053,missing_required_measurement
51349,ESO385-015,missing_required_measurement
51404,IC4407,missing_required_measurement
51406,PGC051406,missing_required_measurement
51428,NGC5592,missing_required_measurement
51445,NGC5595,missing_required_measurement
51523,PGC051523,missing_required_measurement
51526,ESO511-040,missing_required_measurement
51613,ESO001-006,missing_required_measurement
51626,ESO385-025,missing_required_measurement
51767,UGC09355,missing_required_measurement
51768,ESO511-044,missing_required_measurement
51776,ESO385-031,missing_required_measurement
53469,NGC5832,missing_required_measurement
51820,ESO385-032,missing_required_measurement
51851,ESO511-046,missing_required_measurement
51890,ESO447-017,missing_required_measurement
51948,ESO447-019,missing_required_measurement
51972,ESO222-009,missing_required_measurement
51982,PGC051982,missing_required_measurement
52033,NGC5664,missing_required_measurement
52057,NGC5612,missing_required_measurement
52090,ESO447-023,missing_required_measurement
52103,ESO512-005,missing_required_measurement
52121,PGC052121,missing_required_measurement
52324,IC4468,missing_required_measurement
52381,NGC5688,missing_required_measurement
52410,IC4472,missing_required_measurement
52411,ESO512-012,missing_required_measurement
52446,ESO386-006,missing_required_measurement
52460,PGC052460,missing_required_measurement
52473,ESO386-007,missing_required_measurement
52497,ESO272-024,missing_required_measurement
52507,NGC5729,missing_required_measurement
52514,ESO580-009,missing_required_measurement
52521,NGC5728,missing_required_measurement
52552,ESO512-016,missing_required_measurement
52620,ESO386-016,missing_required_measurement
52710,ESO580-019,missing_required_measurement
52717,ESO022-003,missing_required_measurement
52730,ESO580-022,missing_required_measurement
52774,ESO447-036,missing_required_measurement
52802,PGC052802,missing_required_measurement
52823,ESO580-028,missing_required_measurement
52824,ESO580-029,missing_required_measurement
52825,NGC5756,missing_required_measurement
52906,ESO580-037,missing_required_measurement
52914,ESO386-026,missing_required_measurement
52991,ESO580-041,missing_required_measurement
53035,ESO580-045,missing_required_measurement
53093,PGC053093,missing_required_measurement
53183,ESO580-049,missing_required_measurement
53212,PGC053212,missing_required_measurement
53216,PGC053216,missing_required_measurement
53240,UGC09650,missing_required_measurement
53245,IC1070,declared_geometry_or_width_quality
53248,UGC09580,declared_geometry_or_width_quality
53303,PGC053303,missing_required_measurement
53336,ESO580-052,missing_required_measurement
53412,ESO513-009,missing_required_measurement
53417,NGC5781,missing_required_measurement
53421,UGC09613,declared_geometry_or_width_quality
53497,ESO327-036,missing_required_measurement
53546,ESO581-010,missing_required_measurement
53562,ESO581-011,missing_required_measurement
53594,ESO386-044,missing_required_measurement
53600,NGC5815,missing_required_measurement
53608,ESO386-045,missing_required_measurement
53628,ESO386-046,missing_required_measurement
53634,PGC053634,missing_required_measurement
53645,PGC053645,missing_required_measurement
53680,ESO328-007,missing_required_measurement
53697,PGC053697,missing_required_measurement
53711,NGC5810,missing_required_measurement
53779,PGC053779,missing_required_measurement
53796,PGC053796,missing_required_measurement
53923,PGC053923,missing_required_measurement
53996,NGC5843,missing_required_measurement
53999,UGC09750,missing_required_measurement
54097,NGC5861,missing_required_measurement
54106,ESO223-012,missing_required_measurement
54216,IC4522,missing_required_measurement
54250,NGC5833,missing_required_measurement
54348,ESO581-025,missing_required_measurement
54350,UGC09784,missing_required_measurement
54364,NGC5878,missing_required_measurement
54392,ESO274-01,missing_required_measurement
54409,ESO513-028,missing_required_measurement
54491,NGC5891,missing_required_measurement
54565,ESO582-001,missing_required_measurement
54595,ESO387-020,missing_required_measurement
54611,PGC054611,missing_required_measurement
54662,ESO274-010,missing_required_measurement
54754,ESO582-004,missing_required_measurement
54755,ESO387-026,missing_required_measurement
54785,PGC054785,declared_geometry_or_width_quality
54798,ESO582-007,missing_required_measurement
54828,PGC054828,declared_geometry_or_width_quality
54877,ESO328-046,missing_required_measurement
54944,PGC054944,missing_required_measurement
54969,ESO514-014,missing_required_measurement
54999,ESO328-049,missing_required_measurement
55022,NGC5939,missing_required_measurement
55081,ESO582-012,missing_required_measurement
55179,ESO449-011,missing_required_measurement
55241,ESO514-020,missing_required_measurement
55251,ESO582-013,missing_required_measurement
55252,IC4541,missing_required_measurement
55256,ESO329-007,missing_required_measurement
55328,ESO514-022,missing_required_measurement
55345,ESO388-002,missing_required_measurement
55346,ESO582-018,missing_required_measurement
55378,UGC09950,missing_required_measurement
55406,ESO449-013,missing_required_measurement
55540,UGC09944,missing_required_measurement
55541,ESO450-002,missing_required_measurement
55594,ESO582-021,missing_required_measurement
55636,PGC055636,missing_required_measurement
55679,PGC055679,missing_required_measurement
55689,ESO515-003,missing_required_measurement
55821,UGC09977,missing_required_measurement
55887,UGC10054,missing_required_measurement
55897,ESO388-008,missing_required_measurement
55899,ESO329-016,missing_required_measurement
55904,IC1145,missing_required_measurement
55909,ESO450-011,missing_required_measurement
55920,ESO515-005,missing_required_measurement
56008,NGC6011,missing_required_measurement
56033,ESO450-014,missing_required_measurement
56068,PGC056068,missing_required_measurement
56077,IC4555,missing_required_measurement
56078,NGC5967,missing_required_measurement
56079,UGC10057,missing_required_measurement
56093,ESO388-011,missing_required_measurement
56137,ESO329-022,missing_required_measurement
56154,PGC056154,missing_required_measurement
56157,ESO515-010,missing_required_measurement
56232,UGC10125,missing_required_measurement
56269,ESO100-001,missing_required_measurement
56278,ESO330-001,missing_required_measurement
56315,ESO136-006,missing_required_measurement
56341,ESO136-008,missing_required_measurement
56343,ESO330-005,missing_required_measurement
56436,ESO389-004,missing_required_measurement
56500,ESO583-008,missing_required_measurement
56528,ESO583-009,missing_required_measurement
56562,UGC10181,missing_required_measurement
56563,PGC056563,declared_geometry_or_width_quality
56604,ESO009-001,missing_required_measurement
56670,ESO389-006,missing_required_measurement
56701,ESO451-005,missing_required_measurement
56835,ESO584-003,missing_required_measurement
56836,UGC10212,missing_required_measurement
56852,ESO584-004,missing_required_measurement
56891,ESO136-016,missing_required_measurement
56917,UGC10194,missing_required_measurement
57140,ESO451-008,missing_required_measurement
57241,PGC057241,missing_required_measurement
57268,ESO451-009,missing_required_measurement
57271,ESO516-008,missing_required_measurement
57312,ESO451-011,missing_required_measurement
57345,NGC6070,missing_required_measurement
57399,ESO451-015,missing_required_measurement
57544,ESO100-013,missing_required_measurement
57547,UGC10298,missing_required_measurement
57665,IC4596,missing_required_measurement
57722,UGC10334,missing_required_measurement
57772,IC4598,missing_required_measurement
57818,PGC057818,missing_required_measurement
57843,PGC057843,missing_required_measurement
57856,UGC10339,missing_required_measurement
57876,IC4595,missing_required_measurement
57926,UGC10369,missing_required_measurement
58052,UGC10383,missing_required_measurement
58083,ESO452-002,missing_required_measurement
58129,ESO100-023,missing_required_measurement
58178,UGC10386,missing_required_measurement
58226,ESO452-003,missing_required_measurement
58239,UGC10447,missing_required_measurement
58305,UGC10425,missing_required_measurement
58327,UGC10406,missing_required_measurement
58411,PGC058411,missing_required_measurement
58440,NGC6189,missing_required_measurement
58451,ESO452-006,missing_required_measurement
58459,ESO452-007,missing_required_measurement
58471,UGC10452,missing_required_measurement
58474,ESO452-008,missing_required_measurement
58524,UGC10460,missing_required_measurement
58582,ESO517-011,missing_required_measurement
58642,ESO101-003,missing_required_measurement
58646,UGC10475,missing_required_measurement
58661,PGC058661,missing_required_measurement
58704,UGC10495,missing_required_measurement
58792,ESO517-013,missing_required_measurement
58798,PGC058798,missing_required_measurement
58864,NGC6237,missing_required_measurement
58891,NGC6236,missing_required_measurement
58906,UGC10542,missing_required_measurement
58937,UGC10535,missing_required_measurement
58965,UGC10559,missing_required_measurement
58973,IC1231,missing_required_measurement
58974,ESO453-004,missing_required_measurement
58985,ESO179-013,missing_required_measurement
58987,ESO586-002,missing_required_measurement
59025,UGC10554,missing_required_measurement
59043,UGC10587,missing_required_measurement
59077,NGC6246,missing_required_measurement
59081,UGC10569,missing_required_measurement
59137,PGC059137,missing_required_measurement
59175,NGC6221,missing_required_measurement
59228,UGC10596,missing_required_measurement
59235,UGC10614,missing_required_measurement
59255,UGC10616,missing_required_measurement
59269,UGC10619,missing_required_measurement
59280,IC1237,missing_required_measurement
59333,UGC10641,missing_required_measurement
59451,UGC10659,missing_required_measurement
59508,UGC10680,missing_required_measurement
59527,UGC10674,missing_required_measurement
59635,ESO138-014,missing_required_measurement
59668,UGC10736,missing_required_measurement
59688,IC1242,missing_required_measurement
59737,ESO138-016,missing_required_measurement
59739,NGC6313,missing_required_measurement
59769,UGC10738,missing_required_measurement
59782,UGC10743,missing_required_measurement
59884,IC4633,missing_required_measurement
59959,IC4635,missing_required_measurement
59987,UGC10779,missing_required_measurement
59995,UGC10780,missing_required_measurement
60001,NGC6300,missing_required_measurement
60052,UGC10806,missing_required_measurement
60078,PGC060078,missing_required_measurement
60086,NGC6347,missing_required_measurement
60124,IC4660,missing_required_measurement
60167,PGC060167,missing_required_measurement
60180,IC1255,missing_required_measurement
60207,UGC10838,missing_required_measurement
60208,IC4646,missing_required_measurement
60216,ESO138-024,missing_required_measurement
60232,UGC10834,missing_required_measurement
60234,IC4644,missing_required_measurement
60286,UGC10852,missing_required_measurement
60315,NGC6368,missing_required_measurement
60352,PGC060352,missing_required_measurement
60369,UGC10892,missing_required_measurement
60498,UGC10899,missing_required_measurement
60546,PGC060546,missing_required_measurement
60568,IC1265,missing_required_measurement
60573,NGC6434,missing_required_measurement
60648,ESO009-010,missing_required_measurement
60722,UGC10943,missing_required_measurement
60766,NGC6433,missing_required_measurement
60805,UGC10966,missing_required_measurement
60864,UGC10981,missing_required_measurement
60894,PGC060894,missing_required_measurement
60920,UGC11000,missing_required_measurement
60921,NGC6503,missing_required_measurement
60925,NGC6460,missing_required_measurement
60972,NGC6467,missing_required_measurement
61017,UGC11016,missing_required_measurement
61036,UGC11021,missing_required_measurement
61082,UGC11030,missing_required_measurement
61092,UGC11041,missing_required_measurement
61120,UGC11050,missing_required_measurement
61155,UGC11058,missing_required_measurement
61161,UGC11055,missing_required_measurement
61164,UGC11060,missing_required_measurement
61165,UGC11057,missing_required_measurement
61168,PGC061168,missing_required_measurement
61169,UGC11059,missing_required_measurement
61175,PGC061175,missing_required_measurement
61207,UGC11076,missing_required_measurement
61214,UGC11074,missing_required_measurement
61220,NGC6532,missing_required_measurement
61223,ESO139-046,missing_required_measurement
61264,ESO139-049,missing_required_measurement
61269,UGC11091,missing_required_measurement
61276,UGC11099,missing_required_measurement
61300,UGC11093,missing_required_measurement
61315,NGC6492,missing_required_measurement
61327,UGC11100,missing_required_measurement
61353,PGC061353,missing_required_measurement
61372,UGC11108,missing_required_measurement
61399,NGC6549,missing_required_measurement
61402,UGC11118,missing_required_measurement
61420,UGC11120,missing_required_measurement
61449,UGC11126,missing_required_measurement
61469,UGC11132,missing_required_measurement
61487,UGC11131,missing_required_measurement
61491,IC1277,missing_required_measurement
61495,UGC11134,missing_required_measurement
61512,NGC6570,missing_required_measurement
61515,UGC11140,missing_required_measurement
61526,UGC11142,missing_required_measurement
61542,ESO140-006,missing_required_measurement
61546,UGC11151,missing_required_measurement
61553,NGC6585,missing_required_measurement
61558,UGC11152,missing_required_measurement
61583,UGC11162,missing_required_measurement
61600,NGC6586,missing_required_measurement
61613,NGC6617,missing_required_measurement
61614,UGC11173,missing_required_measurement
61637,UGC11182,missing_required_measurement
61647,IC4694,missing_required_measurement
61666,IC1286,missing_required_measurement
61690,UGC11188,missing_required_measurement
61698,UGC11194,missing_required_measurement
61712,ESO182-010,missing_required_measurement
61722,UGC11198,missing_required_measurement
61742,NGC6643,missing_required_measurement
61755,ESO182-011,missing_required_measurement
61782,NGC6636,missing_required_measurement
61799,ESO335-010,missing_required_measurement
61816,UGC11225,missing_required_measurement
61836,NGC6651,missing_required_measurement
61861,UGC11231,missing_required_measurement
61869,UGC11235,missing_required_measurement
61892,UGC11237,missing_required_measurement
61908,UGC11248,missing_required_measurement
61912,UGC11242,missing_required_measurement
61913,NGC6640,missing_required_measurement
61936,UGC11255,missing_required_measurement
61942,UGC11254,missing_required_measurement
61994,UGC11264,missing_required_measurement
62017,UGC11295,missing_required_measurement
62037,UGC11275,missing_required_measurement
62059,NGC6662,missing_required_measurement
62066,IC4721,missing_required_measurement
62077,NGC6689,missing_required_measurement
62097,UGC11289,missing_required_measurement
62104,UGC11291,missing_required_measurement
62119,ESO281-014,missing_required_measurement
62123,UGC11293,missing_required_measurement
62162,UGC11307,missing_required_measurement
62164,UGC11301,missing_required_measurement
62178,NGC6674,missing_required_measurement
62185,UGC11311,missing_required_measurement
62204,UGC11334,missing_required_measurement
62205,UGC11313,missing_required_measurement
62207,NGC6654A,missing_required_measurement
62229,UGC11315,missing_required_measurement
62230,UGC11316,missing_required_measurement
62231,UGC11320,missing_required_measurement
62247,UGC11329,missing_required_measurement
62248,UGC11328,missing_required_measurement
62249,UGC11323,missing_required_measurement
62301,UGC11341,missing_required_measurement
62336,UGC11346,missing_required_measurement
62338,UGC11344,missing_required_measurement
62376,NGC6700,missing_required_measurement
62380,UGC11350,missing_required_measurement
62381,IC4758,missing_required_measurement
62428,IC4769,missing_required_measurement
62429,UGC11355,missing_required_measurement
62432,UGC11357,missing_required_measurement
62463,ESO231-003,missing_required_measurement
62501,UGC11373,missing_required_measurement
62504,UGC11369,missing_required_measurement
62509,UGC11371,missing_required_measurement
62514,ESO523-012,missing_required_measurement
62518,UGC11377,missing_required_measurement
62522,UGC11372,missing_required_measurement
62528,IC4785,missing_required_measurement
62548,UGC11375,missing_required_measurement
62550,ESO396-007,missing_required_measurement
62563,NGC6707,missing_required_measurement
62585,ESO281-038,missing_required_measurement
62593,UGC11379,missing_required_measurement
62595,UGC11380,missing_required_measurement
62636,PGC062636,missing_required_measurement
62645,ESO458-010,missing_required_measurement
62671,NGC6750,missing_required_measurement
62678,PGC062678,missing_required_measurement
62706,IC4810,missing_required_measurement
62717,UGC11394,missing_required_measurement
62718,PGC062718,missing_required_measurement
62725,UGC11397,missing_required_measurement
62748,UGC11399,missing_required_measurement
62773,ESO592-010,missing_required_measurement
62781,UGC11404,missing_required_measurement
62782,IC4819,missing_required_measurement
62806,NGC6764,missing_required_measurement
62824,IC4820,missing_required_measurement
62830,IC4821,missing_required_measurement
62836,NGC6744,missing_required_measurement
62838,UGC11408,missing_required_measurement
62845,UGC11411A,missing_required_measurement
62861,ESO282-018,missing_required_measurement
62871,NGC6754,missing_required_measurement
62882,ESO593-003,missing_required_measurement
62889,ESO459-006,missing_required_measurement
62944,UGC11417,missing_required_measurement
62961,PGC062961,missing_required_measurement
62982,UGC11422,missing_required_measurement
62985,UGC11427,missing_required_measurement
63004,PGC063004,missing_required_measurement
63017,ESO459-009,missing_required_measurement
63040,UGC11426,missing_required_measurement
63046,ESO593-010,missing_required_measurement
63096,NGC6792,missing_required_measurement
63103,ESO459-014,missing_required_measurement
63121,NGC6796,missing_required_measurement
63165,UGC11433,missing_required_measurement
63173,ESO397-018,missing_required_measurement
63195,PGC063195,missing_required_measurement
63212,IC1301,missing_required_measurement
63229,NGC6801,missing_required_measurement
63264,ESO142-013,missing_required_measurement
63286,UGC11455,missing_required_measurement
63302,IC4859,missing_required_measurement
63308,UGC11450,missing_required_measurement
63311,UGC11453,missing_required_measurement
63347,PGC063347,missing_required_measurement
63374,UGC11457,missing_required_measurement
63395,IC4871,missing_required_measurement
63407,ESO105-009,missing_required_measurement
63424,UGC11459,missing_required_measurement
63432,IC4870,missing_required_measurement
63464,ESO460-018,missing_required_measurement
63471,UGC11461,missing_required_measurement
63477,PGC063477,missing_required_measurement
63525,ESO398-020,missing_required_measurement
63540,PGC063540,missing_required_measurement
63556,PGC063556,missing_required_measurement
63592,ESO460-031,missing_required_measurement
63601,UGC11471,missing_required_measurement
63610,PGC063610,missing_required_measurement
63622,ESO398-029,missing_required_measurement
63629,UGC11473,missing_required_measurement
63630,PGC063630,missing_required_measurement
63635,PGC063635,missing_required_measurement
63655,UGC11475,missing_required_measurement
63664,UGC11477,missing_required_measurement
63682,ESO594-017,missing_required_measurement
63683,UGC11484,missing_required_measurement
63697,PGC063697,missing_required_measurement
63704,UGC11482,missing_required_measurement
63706,UGC11487,missing_required_measurement
63712,UGC11486,missing_required_measurement
63751,ESO461-006,missing_required_measurement
63766,UGC11492,missing_required_measurement
63776,ESO526-011,missing_required_measurement
63786,PGC063786,missing_required_measurement
63797,IC4901,missing_required_measurement
63800,NGC6835,missing_required_measurement
63819,ESO142-053,missing_required_measurement
63840,ESO339-008,missing_required_measurement
63861,UGC11498,missing_required_measurement
63900,ESO461-025,missing_required_measurement
63950,ESO461-029,missing_required_measurement
64016,UGC11505,missing_required_measurement
64026,UGC11510,missing_required_measurement
64058,ESO339-031,missing_required_measurement
64060,ESO595-010,missing_required_measurement
64065,UGC11512,missing_required_measurement
64083,PGC064083,missing_required_measurement
64121,PGC064121,missing_required_measurement
64137,PGC064137,missing_required_measurement
64147,ESO461-044,missing_required_measurement
64162,UGC11517,missing_required_measurement
64181,IC4951,missing_required_measurement
64188,ESO284-021,missing_required_measurement
64219,NGC6861F,missing_required_measurement
64227,ESO339-036,missing_required_measurement
64237,UGC11522,missing_required_measurement
64240,NGC6875A,missing_required_measurement
64276,UGC11528,missing_required_measurement
64282,PGC064282,missing_required_measurement
64318,UGC11527,missing_required_measurement
64358,ESO399-026,missing_required_measurement
64377,PGC064377,missing_required_measurement
64385,PGC064385,missing_required_measurement
64410,ESO400-005,missing_required_measurement
64425,UGC11534,missing_required_measurement
64427,NGC6887,missing_required_measurement
64429,ESO340-009,missing_required_measurement
64432,IC4964,missing_required_measurement
64448,ESO462-007,missing_required_measurement
64451,PGC064451,missing_required_measurement
64485,NGC6911,missing_required_measurement
64488,ESO340-017,missing_required_measurement
64506,ESO527-019,missing_required_measurement
64511,ESO596-019,missing_required_measurement
64534,PGC064534,missing_required_measurement
64540,UGC11545,missing_required_measurement
64549,ESO462-010,missing_required_measurement
64563,UGC11543,missing_required_measurement
64577,PGC064577,missing_required_measurement
64579,ESO462-014,missing_required_measurement
64592,PGC064592,missing_required_measurement
64605,ESO462-016,missing_required_measurement
64613,IC4999,missing_required_measurement
64626,PGC064626,missing_required_measurement
64647,ESO596-032,missing_required_measurement
64649,UGC11553,missing_required_measurement
64660,ESO400-016,missing_required_measurement
64690,ESO400-021,missing_required_measurement
64697,PGC064697,missing_required_measurement
64724,ESO400-025,missing_required_measurement
64759,UGC11568,missing_required_measurement
64781,UGC11571,missing_required_measurement
64783,PGC064783,missing_required_measurement
64812,PGC064812,missing_required_measurement
64821,UGC11575,missing_required_measurement
64825,ESO528-011,missing_required_measurement
64856,UGC11582,missing_required_measurement
64870,ESO400-037,missing_required_measurement
64884,NGC6923,missing_required_measurement
64891,UGC11584,missing_required_measurement
64942,PGC064942,missing_required_measurement
64947,ESO528-017,missing_required_measurement
64948,PGC064948,missing_required_measurement
64963,NGC6931,missing_required_measurement
64980,NGC6925,missing_required_measurement
64991,UGC11594,missing_required_measurement
65003,ESO340-042,missing_required_measurement
65007,UGC11595,missing_required_measurement
65052,UGC11603,missing_required_measurement
65060,UGC11599,missing_required_measurement
65108,NGC6944A,missing_required_measurement
65150,UGC11613,missing_required_measurement
65157,UGC11610,missing_required_measurement
65158,PGC065158,missing_required_measurement
65189,UGC11616,missing_required_measurement
65192,ESO463-017,missing_required_measurement
65198,UGC11614,missing_required_measurement
65203,UGC11615,missing_required_measurement
65211,PGC065211,missing_required_measurement
65214,PGC065214,missing_required_measurement
65216,ESO401-004,missing_required_measurement
65249,IC5039,missing_required_measurement
65255,UGC11635,missing_required_measurement
65258,IC5007,missing_required_measurement
65293,UGC11623,missing_required_measurement
65297,UGC11622,missing_required_measurement
65299,ESO285-048,missing_required_measurement
65346,UGC11624,missing_required_measurement
65425,NGC6969,missing_required_measurement
65501,ESO597-041,missing_required_measurement
65508,PGC065508,missing_required_measurement
65529,PGC065529,missing_required_measurement
65536,ESO529-009,missing_required_measurement
65603,IC5052,missing_required_measurement
65642,UGC11648,missing_required_measurement
65683,UGC11647,missing_required_measurement
65748,UGC11650,missing_required_measurement
65769,PGC065769,missing_required_measurement
65781,UGC11652,missing_required_measurement
65804,PGC065804,missing_required_measurement
65834,UGC11656,missing_required_measurement
65880,UGC11660,missing_required_measurement
65915,IC5071,missing_required_measurement
65960,IC5078,missing_required_measurement
65994,ESO464-019,missing_required_measurement
66115,ESO342-005,missing_required_measurement
66225,UGC11689,missing_required_measurement
66239,ESO342-013,missing_required_measurement
66373,PGC066373,missing_required_measurement
66376,ESO107-015,missing_required_measurement
66396,UGC11706,missing_required_measurement
66398,UGC11707,missing_required_measurement
66445,ESO107-016,missing_required_measurement
66478,UGC11738,missing_required_measurement
66484,ESO402-021,missing_required_measurement
66506,PGC066506,missing_required_measurement
66548,PGC066548,missing_required_measurement
66585,UGC11726,missing_required_measurement
66588,ESO402-024,missing_required_measurement
66612,UGC11729,missing_required_measurement
66617,ESO287-009,missing_required_measurement
66618,UGC11732,missing_required_measurement
66646,UGC11746,missing_required_measurement
66669,ESO287-013,missing_required_measurement
66709,PGC066709,missing_required_measurement
66727,ESO402-028,missing_required_measurement
66740,IC5105B,missing_required_measurement
66771,UGC11745,missing_required_measurement
66778,PGC066778,missing_required_measurement
66784,NGC7059,missing_required_measurement
66791,UGC11748,missing_required_measurement
66803,PGC066803,missing_required_measurement
66836,NGC7064,missing_required_measurement
66872,ESO403-003,missing_required_measurement
66880,UGC11758,missing_required_measurement
66965,UGC11767,missing_required_measurement
66969,IC5119,missing_required_measurement
66993,UGC11779,missing_required_measurement
67023,NGC7083,missing_required_measurement
67045,NGC7090,missing_required_measurement
67071,UGC11783,missing_required_measurement
67078,ESO287-043,missing_required_measurement
67087,PGC067087,missing_required_measurement
67093,IC5120,missing_required_measurement
67158,ESO531-022,missing_required_measurement
67162,ESO011-005,missing_required_measurement
67213,ESO466-001,missing_required_measurement
67233,ESO531-024,missing_required_measurement
67239,UGC11798,missing_required_measurement
67246,UGC11799,missing_required_measurement
67248,NGC7115,missing_required_measurement
67258,ESO403-017,missing_required_measurement
67299,ESO466-005,missing_required_measurement
67310,ESO403-023,missing_required_measurement
67335,ESO403-024,missing_required_measurement
67373,ESO403-031,missing_required_measurement
67438,ESO466-009,missing_required_measurement
67441,UGC11824,missing_required_measurement
67495,UGC11833,missing_required_measurement
67529,UGC11837,missing_required_measurement
67532,NGC7140,missing_required_measurement
67552,ESO404-003,missing_required_measurement
67556,UGC11839,missing_required_measurement
67561,PGC067561,missing_required_measurement
67562,UGC11841,missing_required_measurement
67601,NGC7152,missing_required_measurement
67605,ESO145-025,missing_required_measurement
67624,NGC7153,missing_required_measurement
67634,NGC7151,missing_required_measurement
67688,ESO404-011,missing_required_measurement
67727,UGC11862,missing_required_measurement
67728,UGC11864,missing_required_measurement
67731,ESO532-005,missing_required_measurement
67743,ESO532-006,missing_required_measurement
67770,IC5149,missing_required_measurement
67778,ESO466-028,missing_required_measurement
67782,ESO288-025,missing_required_measurement
67795,NGC7162,missing_required_measurement
67811,IC1417,missing_required_measurement
67832,UGC11874,missing_required_measurement
67835,ESO404-017,missing_required_measurement
67839,NGC7171,missing_required_measurement
67846,ESO466-036,missing_required_measurement
67851,ESO601-004,missing_required_measurement
67855,ESO601-005,missing_required_measurement
67893,ESO601-007,missing_required_measurement
67904,NGC7184,missing_required_measurement
67907,ESO404-023,missing_required_measurement
67908,IC5152,missing_required_measurement
67911,PGC067911,missing_required_measurement
67920,ESO532-014,missing_required_measurement
67943,NGC7188,missing_required_measurement
67954,ESO404-027,missing_required_measurement
67956,ESO601-012,missing_required_measurement
67965,UGC11894,missing_required_measurement
67977,UGC11895,missing_required_measurement
67993,ESO532-017,missing_required_measurement
67995,NGC7179,missing_required_measurement
68029,UGC11909,missing_required_measurement
68030,PGC068030,missing_required_measurement
68040,NGC7201,missing_required_measurement
68043,ESO467-005,missing_required_measurement
68044,UGC11918,missing_required_measurement
68080,PGC068080,missing_required_measurement
68081,UGC11912,missing_required_measurement
68107,PGC068107,missing_required_measurement
68113,ESO532-021,missing_required_measurement
68114,ESO404-031,missing_required_measurement
68122,ESO404-032,missing_required_measurement
68128,NGC7205,missing_required_measurement
68138,ESO048-017,missing_required_measurement
68199,NGC7218,missing_required_measurement
68201,ESO601-025,missing_required_measurement
68203,PGC068203,missing_required_measurement
68223,IC5171,missing_required_measurement
68235,NGC7221,missing_required_measurement
68248,UGC11946,missing_required_measurement
68253,ESO288-049,missing_required_measurement
68254,NGC7228,missing_required_measurement
68285,NGC7231,missing_required_measurement
68300,ESO532-032,missing_required_measurement
68305,ESO146-014,missing_required_measurement
68316,PGC068316,missing_required_measurement
68336,ESO404-043,missing_required_measurement
68345,ESO533-004,missing_required_measurement
68349,ESO404-045,missing_required_measurement
68374,ESO467-027,missing_required_measurement
68389,IC5176,missing_required_measurement
68391,ESO467-030,missing_required_measurement
68413,IC1441,missing_required_measurement
68429,UGC11967,missing_required_measurement
68450,ESO237-049,missing_required_measurement
68455,IC5179,missing_required_measurement
68471,PGC068471,missing_required_measurement
68478,ESO289-010,missing_required_measurement
68511,NGC7247,missing_required_measurement
68512,NGC7246,missing_required_measurement
68517,ESO237-052,missing_required_measurement
68548,IC5186,missing_required_measurement
68557,UGC11983,missing_required_measurement
68574,IC5199,missing_required_measurement
68576,ESO533-013,missing_required_measurement
68588,UGC11988,missing_required_measurement
68593,PGC068593,missing_required_measurement
68596,UGC11991,missing_required_measurement
68617,UGC11994,missing_required_measurement
68618,IC5201,missing_required_measurement
68637,ESO533-017,missing_required_measurement
68644,ESO405-013,missing_required_measurement
68645,UGC11999,missing_required_measurement
68658,NGC7264,missing_required_measurement
68661,ESO345-002,missing_required_measurement
68669,ESO602-011,missing_required_measurement
68704,ESO602-015,missing_required_measurement
68713,UGC12012,missing_required_measurement
68715,UGC12013,missing_required_measurement
68761,UGC12022,missing_required_measurement
68832,ESO533-026,missing_required_measurement
68841,NGC7269,missing_required_measurement
68861,NGC7277,missing_required_measurement
68875,ESO533-028,missing_required_measurement
68902,ESO467-063,missing_required_measurement
69017,UGC12070,missing_required_measurement
69040,NGC7300,missing_required_measurement
69084,PGC069084,missing_required_measurement
69101,UGC12073,missing_required_measurement
69114,PGC069114,missing_required_measurement
69132,NGC7306,missing_required_measurement
69135,UGC12077,missing_required_measurement
69161,NGC7307,missing_required_measurement
69193,ESO533-048,missing_required_measurement
69230,PGC069230,missing_required_measurement
69253,NGC7314,missing_required_measurement
69271,ESO534-001,missing_required_measurement
69313,ESO602-031,missing_required_measurement
69361,UGC12125,missing_required_measurement
69376,UGC12141,missing_required_measurement
69383,UGC12135,missing_required_measurement
69475,ESO289-048,missing_required_measurement
69488,NGC7349,missing_required_measurement
69521,IC5240,missing_required_measurement
69539,NGC7361,missing_required_measurement
69568,PGC069568,missing_required_measurement
69579,ESO147-006,missing_required_measurement
69605,UGC12173,missing_required_measurement
69653,ESO534-024,missing_required_measurement
69661,NGC7368,missing_required_measurement
69674,ESO468-026,missing_required_measurement
69678,ESO603-012,missing_required_measurement
69691,PGC069691,missing_required_measurement
69707,IC5249,missing_required_measurement
69724,NGC7379,missing_required_measurement
69979,UGC12246,missing_required_measurement
69732,PGC069732,missing_required_measurement
69734,NGC7378,missing_required_measurement
69759,ESO346-001,missing_required_measurement
69769,ESO468-028,missing_required_measurement
69783,UGC12199,missing_required_measurement
69786,UGC12201,missing_required_measurement
69797,UGC12204,missing_required_measurement
69852,ESO534-028,missing_required_measurement
69881,PGC069881,missing_required_measurement
69887,NGC7392,missing_required_measurement
69967,NGC7400,missing_required_measurement
69994,NGC7410,missing_required_measurement
69998,ESO346-014,missing_required_measurement
70061,PGC070061,missing_required_measurement
70065,UGC12260,missing_required_measurement
70070,IC5269B,missing_required_measurement
70079,ESO534-032,missing_required_measurement
70089,NGC7412A,missing_required_measurement
70128,IC5271,missing_required_measurement
70179,UGC12287,missing_required_measurement
70184,IC5273,missing_required_measurement
70220,PGC070220,declared_geometry_or_width_quality
70304,NGC7456,missing_required_measurement
70306,ESO406-042,missing_required_measurement
70324,NGC7462,missing_required_measurement
70356,ESO604-001,missing_required_measurement
70371,ESO469-008,missing_required_measurement
70416,PGC070416,missing_required_measurement
70474,ESO604-002,missing_required_measurement
70509,ESO469-012,missing_required_measurement
70511,UGC12375,missing_required_measurement
70565,ESO469-015,missing_required_measurement
70582,ESO407-007,missing_required_measurement
70588,NGC7496,missing_required_measurement
70657,PGC070657,missing_required_measurement
70668,UGC12421,missing_required_measurement
70675,UGC12411,missing_required_measurement
70697,ESO407-009,missing_required_measurement
70714,NGC7513,missing_required_measurement
70716,PGC070716,missing_required_measurement
70800,NGC7531,missing_required_measurement
70808,ESO604-006,missing_required_measurement
70840,NGC7545,missing_required_measurement
70966,ESO407-014,missing_required_measurement
71003,UGC12504,missing_required_measurement
71044,ESO535-015,missing_required_measurement
71066,NGC7599,missing_required_measurement
71124,UGC12528,missing_required_measurement
71197,PGC071197,missing_required_measurement
71220,NGC7640,missing_required_measurement
71229,ESO536-003,missing_required_measurement
71231,UGC12558,missing_required_measurement
71235,UGC12559,missing_required_measurement
71238,PGC071238,missing_required_measurement
72163,PGC072163,missing_required_measurement
71309,ESO291-024,missing_required_measurement
71318,PGC071318,missing_required_measurement
71368,UGC12588,missing_required_measurement
71430,IC5321,missing_required_measurement
71447,PGC071447,missing_required_measurement
71464,ESO347-017,missing_required_measurement
71501,ESO240-004,missing_required_measurement
71580,IC1491,missing_required_measurement
71602,UGC12634,missing_required_measurement
71616,PGC071616,missing_required_measurement
71627,ESO470-015,missing_required_measurement
71631,IC1495,missing_required_measurement
71716,NGC7690,missing_required_measurement
71729,NGC7689,missing_required_measurement
71800,IC5333,missing_required_measurement
71854,UGC12697,missing_required_measurement
71866,NGC7713,missing_required_measurement
71881,ESO347-029,missing_required_measurement
71886,ESO536-009,missing_required_measurement
71889,ESO605-015,missing_required_measurement
71934,ESO408-012,missing_required_measurement
71948,ESO240-011,missing_required_measurement
71955,ESO536-011,missing_required_measurement
72009,NGC7723,missing_required_measurement
72012,ESO536-014,missing_required_measurement
72015,NGC7724,missing_required_measurement
72092,ESO536-017,missing_required_measurement
72117,IC1504,missing_required_measurement
72157,PGC072157,missing_required_measurement
72178,ESO292-014,missing_required_measurement
72204,UGC12750,missing_required_measurement
72227,PGC072227,missing_required_measurement
72228,UGCA442,missing_required_measurement
72342,ESO537-007,missing_required_measurement
72392,IC1509,missing_required_measurement
72443,ESO149-001,missing_required_measurement
72444,NGC7755,missing_required_measurement
72510,UGC12795,missing_required_measurement
72617,PGC072617,declared_geometry_or_width_quality
72632,UGC12814,missing_required_measurement
72675,ESO149-003,missing_required_measurement
72676,ESO472-002,missing_required_measurement
72687,ESO472-004,missing_required_measurement
72734,PGC072734,missing_required_measurement
72835,PGC072835,missing_required_measurement
72860,ESO472-010,missing_required_measurement
72979,PGC072979,declared_geometry_or_width_quality
73049,NGC7793,missing_required_measurement
73150,IC1525,missing_required_measurement
73195,UGC12888,missing_required_measurement
73548,PGC073548,missing_required_measurement
73570,PGC073570,missing_required_measurement
73692,PGC073692,missing_required_measurement
74076,PGC074076,missing_required_measurement
75270,PGC075270,missing_required_measurement
75281,PGC075281,missing_required_measurement
75289,PGC075289,missing_required_measurement
75291,PGC075291,missing_required_measurement
75300,PGC075300,missing_required_measurement
75309,PGC075309,missing_required_measurement
75315,PGC075315,missing_required_measurement
75328,PGC075328,missing_required_measurement
75330,PGC075330,missing_required_measurement
75336,PGC075336,missing_required_measurement
75339,PGC075339,missing_required_measurement
75345,PGC075345,missing_required_measurement
75619,PGC075619,missing_required_measurement
76259,PGC076259,missing_required_measurement
76261,PGC076261,missing_required_measurement
76301,PGC076301,missing_required_measurement
77295,PGC077295,missing_required_measurement
78430,PGC078430,missing_required_measurement
78533,PGC078533,missing_required_measurement
79913,PGC079913,missing_required_measurement
80764,PGC080764,missing_required_measurement
82832,PGC082832,missing_required_measurement
82885,PGC082885,missing_required_measurement
82924,PGC082924,missing_required_measurement
83474,ESO019-006,missing_required_measurement
85943,PGC085943,missing_required_measurement
86045,PGC086045,missing_required_measurement
86060,ESO429-006,missing_required_measurement
86063,PGC086063,missing_required_measurement
86069,PGC086069,missing_required_measurement
86077,PGC086077,missing_required_measurement
86086,PGC086086,missing_required_measurement
86087,PGC086087,missing_required_measurement
86266,PGC086266,missing_required_measurement
86277,PGC086277,missing_required_measurement
86282,PGC086282,missing_required_measurement
86285,PGC086285,missing_required_measurement
86287,PGC086287,missing_required_measurement
86291,PGC086291,missing_required_measurement
86644,PGC086644,declared_geometry_or_width_quality
86790,PGC086790,declared_geometry_or_width_quality
86801,PGC086801,missing_required_measurement
87171,PGC087171,declared_geometry_or_width_quality
87832,PGC087832,missing_required_measurement
88943,PGC088943,missing_required_measurement
89014,PGC089014,missing_required_measurement
89526,PGC089526,missing_required_measurement
89826,PGC089826,missing_required_measurement
89942,PGC089942,missing_required_measurement
89947,PGC089947,missing_required_measurement
89985,PGC089985,missing_required_measurement
90015,PGC090015,missing_required_measurement
90026,PGC090026,missing_required_measurement
90039,PGC090039,missing_required_measurement
90188,PGC090188,missing_required_measurement
90374,PGC090374,missing_required_measurement
90392,PGC090392,missing_required_measurement
90415,PGC090415,missing_required_measurement
90426,PGC090426,missing_required_measurement
90497,PGC090497,missing_required_measurement
90578,PGC090578,missing_required_measurement
90591,PGC090591,missing_required_measurement
90592,PGC090592,missing_required_measurement
90595,PGC090595,missing_required_measurement
90598,PGC090598,missing_required_measurement
90604,PGC090604,missing_required_measurement
90609,PGC090609,missing_required_measurement
90624,PGC090624,declared_geometry_or_width_quality
90626,PGC090626,missing_required_measurement
90627,PGC090627,missing_required_measurement
90628,PGC090628,missing_required_measurement
90632,PGC090632,missing_required_measurement
90637,PGC090637,missing_required_measurement
90638,PGC090638,missing_required_measurement
90653,PGC090653,missing_required_measurement
90668,PGC090668,missing_required_measurement
90672,PGC090672,missing_required_measurement
90673,PGC090673,missing_required_measurement
90677,PGC090677,missing_required_measurement
90680,PGC090680,missing_required_measurement
90682,PGC090682,missing_required_measurement
90683,PGC090683,missing_required_measurement
90684,PGC090684,missing_required_measurement
90685,PGC090685,missing_required_measurement
90686,PGC090686,missing_required_measurement
90687,PGC090687,missing_required_measurement
90689,PGC090689,missing_required_measurement
90694,PGC090694,missing_required_measurement
90697,PGC090697,missing_required_measurement
90699,PGC090699,missing_required_measurement
90701,PGC090701,missing_required_measurement
90703,PGC090703,missing_required_measurement
90711,PGC090711,missing_required_measurement
90717,PGC090717,missing_required_measurement
90722,PGC090722,missing_required_measurement
90725,PGC090725,missing_required_measurement
90737,PGC090737,missing_required_measurement
90748,PGC090748,missing_required_measurement
90751,PGC090751,missing_required_measurement
90760,PGC090760,missing_required_measurement
90761,PGC090761,missing_required_measurement
90766,PGC090766,missing_required_measurement
90769,PGC090769,missing_required_measurement
90771,PGC090771,missing_required_measurement
90775,PGC090775,missing_required_measurement
90778,PGC090778,missing_required_measurement
90836,PGC090836,missing_required_measurement
90872,PGC090872,missing_required_measurement
97067,PGC097067,missing_required_measurement
90911,PGC090911,missing_required_measurement
90927,PGC090927,missing_required_measurement
90959,PGC090959,missing_required_measurement
90975,PGC090975,declared_geometry_or_width_quality
90979,PGC090979,missing_required_measurement
91014,PGC091014,missing_required_measurement
91017,PGC091017,missing_required_measurement
91048,PGC091048,missing_required_measurement
91059,PGC091059,missing_required_measurement
91139,PGC091139,missing_required_measurement
91149,PGC091149,missing_required_measurement
91151,PGC091151,missing_required_measurement
91176,PGC091176,missing_required_measurement
91229,PGC091229,missing_required_measurement
91258,PGC091258,missing_required_measurement
91295,PGC091295,missing_required_measurement
91350,PGC091350,missing_required_measurement
91353,PGC091353,missing_required_measurement
91358,PGC091358,missing_required_measurement
91381,PGC091381,missing_required_measurement
91386,PGC091386,missing_required_measurement
91413,PGC091413,missing_required_measurement
91442,PGC091442,missing_required_measurement
135115,PGC135115,missing_required_measurement
91580,PGC091580,missing_required_measurement
91582,PGC091582,missing_required_measurement
91586,PGC091586,missing_required_measurement
91594,PGC091594,missing_required_measurement
91621,PGC091621,missing_required_measurement
91630,PGC091630,missing_required_measurement
91643,PGC091643,missing_required_measurement
91648,PGC091648,missing_required_measurement
91654,PGC091654,missing_required_measurement
91656,PGC091656,missing_required_measurement
91661,PGC091661,missing_required_measurement
91666,PGC091666,missing_required_measurement
91742,PGC091742,missing_required_measurement
91755,PGC091755,missing_required_measurement
91777,PGC091777,missing_required_measurement
91878,PGC091878,missing_required_measurement
92177,PGC092177,missing_required_measurement
92253,PGC092253,missing_required_measurement
92270,PGC092270,missing_required_measurement
92378,PGC092378,missing_required_measurement
92391,PGC092391,missing_required_measurement
92481,PGC092481,missing_required_measurement
92870,PGC092870,missing_required_measurement
92874,PGC092874,missing_required_measurement
92903,PGC092903,declared_geometry_or_width_quality
96513,PGC096513,missing_required_measurement
96538,PGC096538,missing_required_measurement
96553,PGC096553,missing_required_measurement
97017,PGC097017,missing_required_measurement
97023,PGC097023,missing_required_measurement
97032,PGC097032,missing_required_measurement
97039,PGC097039,missing_required_measurement
97062,PGC097062,missing_required_measurement
97078,PGC097078,missing_required_measurement
97081,PGC097081,missing_required_measurement
97101,PGC097101,missing_required_measurement
97104,PGC097104,missing_required_measurement
97116,PGC097116,missing_required_measurement
97136,PGC097136,missing_required_measurement
97157,PGC097157,missing_required_measurement
97166,PGC097166,missing_required_measurement
97507,PGC097507,missing_required_measurement
100713,PGC100713,missing_required_measurement
100760,PGC100760,missing_required_measurement
100768,PGC100768,missing_required_measurement
104341,PGC104341,missing_required_measurement
130942,PGC130942,missing_required_measurement
131863,PGC131863,missing_required_measurement
131894,PGC131894,missing_required_measurement
131983,PGC131983,missing_required_measurement
132259,PGC132259,missing_required_measurement
132326,PGC132326,missing_required_measurement
132924,PGC132924,missing_required_measurement
133022,PGC133022,missing_required_measurement
133092,PGC133092,missing_required_measurement
133270,PGC133270,missing_required_measurement
133293,PGC133293,missing_required_measurement
133360,PGC133360,missing_required_measurement
133519,PGC133519,missing_required_measurement
134276,PGC134276,missing_required_measurement
134402,PGC134402,missing_required_measurement
134416,PGC134416,missing_required_measurement
134460,PGC134460,missing_required_measurement
134516,PGC134516,missing_required_measurement
134829,PGC134829,missing_required_measurement
134842,PGC134842,missing_required_measurement
135254,PGC135254,missing_required_measurement
135671,PGC135671,missing_required_measurement
135894,PGC135894,declared_geometry_or_width_quality
136075,PGC136075,missing_required_measurement
140994,PGC140994,missing_required_measurement
142502,PGC142502,missing_required_measurement
142788,PGC142788,missing_required_measurement
142789,PGC142789,missing_required_measurement
142790,PGC142790,missing_required_measurement
142791,PGC142791,missing_required_measurement
142797,PGC142797,missing_required_measurement
142799,PGC142799,missing_required_measurement
142808,PGC142808,missing_required_measurement
142810,PGC142810,missing_required_measurement
142811,PGC142811,missing_required_measurement
142815,PGC142815,missing_required_measurement
142816,PGC142816,missing_required_measurement
142818,PGC142818,missing_required_measurement
142819,PGC142819,missing_required_measurement
143014,PGC143014,missing_required_measurement
143041,PGC143041,missing_required_measurement
143061,PGC143061,missing_required_measurement
143099,PGC143099,missing_required_measurement
146216,PGC146216,missing_required_measurement
146460,PGC146460,missing_required_measurement
147258,PGC147258,missing_required_measurement
147737,PGC147737,missing_required_measurement
147965,PGC147965,missing_required_measurement
148061,PGC148061,missing_required_measurement
148081,PGC148081,missing_required_measurement
148184,PGC148184,missing_required_measurement
153570,PGC153570,missing_required_measurement
155002,PGC155002,missing_required_measurement
155138,PGC155138,missing_required_measurement
155511,PGC155511,missing_required_measurement
156999,PGC156999,missing_required_measurement
157639,PGC157639,missing_required_measurement
157753,PGC157753,missing_required_measurement
165319,PGC165319,missing_required_measurement
165356,PGC165356,missing_required_measurement
165366,PGC165366,missing_required_measurement
165638,PGC165638,missing_required_measurement
165827,PGC165827,missing_required_measurement
165843,PGC165843,missing_required_measurement
165902,PGC165902,declared_geometry_or_width_quality
165921,PGC165921,missing_required_measurement
166431,PGC166431,missing_required_measurement
166445,PGC166445,missing_required_measurement
166470,PGC166470,missing_required_measurement
166472,PGC166472,missing_required_measurement
166473,PGC166473,missing_required_measurement
166553,PGC166553,missing_required_measurement
166559,PGC166559,missing_required_measurement
166617,PGC166617,missing_required_measurement
166628,PGC166628,missing_required_measurement
166660,PGC166660,missing_required_measurement
166705,PGC166705,missing_required_measurement
166717,PGC166717,missing_required_measurement
166736,PGC166736,missing_required_measurement
166755,PGC166755,missing_required_measurement
166769,PGC166769,missing_required_measurement
166785,PGC166785,missing_required_measurement
168835,PGC168835,missing_required_measurement
168922,PGC168922,missing_required_measurement
880334,PGC880334,missing_required_measurement
170060,PGC170060,missing_required_measurement
170067,PGC170067,missing_required_measurement
170102,PGC170102,missing_required_measurement
170118,PGC170118,missing_required_measurement
170332,PGC170332,missing_required_measurement
170380,PGC170380,missing_required_measurement
170423,PGC170423,missing_required_measurement
170435,PGC170435,missing_required_measurement
176674,PGC176674,missing_required_measurement
184619,PGC184619,missing_required_measurement
184993,PGC184993,missing_required_measurement
185134,PGC185134,missing_required_measurement
187068,PGC187068,missing_required_measurement
187823,PGC187823,missing_required_measurement
201203,PGC201203,missing_required_measurement
891367,PGC891367,missing_required_measurement
213027,PGC213027,missing_required_measurement
213063,PGC213063,missing_required_measurement
213770,PGC213770,declared_geometry_or_width_quality
214114,PGC214114,declared_geometry_or_width_quality
214873,PGC214873,missing_required_measurement
227641,PGC227641,missing_required_measurement
467487,PGC467487,missing_required_measurement
677803,PGC677803,missing_required_measurement
687389,PGC687389,missing_required_measurement
728536,PGC728536,missing_required_measurement
732726,PGC732726,missing_required_measurement
742765,PGC742765,missing_required_measurement
803071,PGC803071,missing_required_measurement
828420,PGC828420,missing_required_measurement
843793,PGC843793,missing_required_measurement
879902,PGC879902,missing_required_measurement
906205,PGC906205,missing_required_measurement
913773,PGC913773,missing_required_measurement
922844,PGC922844,missing_required_measurement
926418,PGC926418,missing_required_measurement
941793,PGC941793,missing_required_measurement
943944,PGC943944,missing_required_measurement
951794,PGC951794,missing_required_measurement
971141,PGC971141,missing_required_measurement
975198,PGC975198,missing_required_measurement
982735,PGC982735,missing_required_measurement
992009,PGC992009,missing_required_measurement
1015682,PGC1015682,missing_required_measurement
1016275,PGC1016275,missing_required_measurement
1045062,PGC1045062,missing_required_measurement
1058339,PGC1058339,missing_required_measurement
1058498,PGC1058498,missing_required_measurement
1059326,PGC1059326,missing_required_measurement
1063395,PGC1063394,missing_required_measurement
1103224,PGC1103224,missing_required_measurement
1106338,PGC1106338,missing_required_measurement
1175116,PGC1175116,declared_geometry_or_width_quality
1177883,PGC1177883,declared_geometry_or_width_quality
1194141,PGC1194141,declared_geometry_or_width_quality
1195498,PGC1195498,missing_required_measurement
1209934,PGC1209934,declared_geometry_or_width_quality
1214107,PGC1214107,declared_geometry_or_width_quality
1214845,PGC1214845,declared_geometry_or_width_quality
1218575,PGC1218575,missing_required_measurement
1229057,PGC1229057,declared_geometry_or_width_quality
1229474,PGC1229474,declared_geometry_or_width_quality
1238059,PGC1238059,missing_required_measurement
1240416,PGC1240416,missing_required_measurement
1278605,PGC1278605,missing_required_measurement
1280272,PGC1280272,missing_required_measurement
1291126,PGC1291126,missing_required_measurement
1294315,PGC1294315,declared_geometry_or_width_quality
1310343,PGC1310343,missing_required_measurement
1337106,PGC1337106,missing_required_measurement
1340936,PGC1340936,missing_required_measurement
1351991,PGC1351991,declared_geometry_or_width_quality
1365712,PGC1365712,declared_geometry_or_width_quality
1366075,PGC1366075,declared_geometry_or_width_quality
1370614,PGC1370614,declared_geometry_or_width_quality
1372790,PGC1372790,missing_required_measurement
1382204,PGC1382204,declared_geometry_or_width_quality
1382940,PGC1382940,missing_required_measurement
1389595,PGC1389595,declared_geometry_or_width_quality
1393329,PGC1393329,missing_required_measurement
1409128,PGC1409128,declared_geometry_or_width_quality
1416088,PGC1416088,declared_geometry_or_width_quality
1417978,PGC1417978,missing_required_measurement
1419134,PGC1419134,declared_geometry_or_width_quality
1469562,PGC1469562,missing_required_measurement
1473528,PGC1473528,missing_required_measurement
1508418,PGC1508418,missing_required_measurement
1511191,PGC1511191,missing_required_measurement
1522307,PGC1522307,declared_geometry_or_width_quality
1527266,PGC1527266,declared_geometry_or_width_quality
1553095,PGC1553095,declared_geometry_or_width_quality
1558874,PGC1558874,declared_geometry_or_width_quality
1573168,PGC1573168,declared_geometry_or_width_quality
1577082,PGC1577082,declared_geometry_or_width_quality
1586615,PGC1586615,declared_geometry_or_width_quality
1598594,PGC1598594,missing_required_measurement
1638916,PGC1638916,declared_geometry_or_width_quality
1641818,PGC1641818,declared_geometry_or_width_quality
1646525,PGC1646525,declared_geometry_or_width_quality
1669035,PGC1669035,missing_required_measurement
1690486,PGC1690486,declared_geometry_or_width_quality
1700671,PGC1700671,declared_geometry_or_width_quality
1701110,PGC1701110,missing_required_measurement
1706574,PGC1706574,missing_required_measurement
1778906,PGC1778906,missing_required_measurement
1794291,PGC1794291,declared_geometry_or_width_quality
1795044,PGC1795044,missing_required_measurement
1800124,PGC1800124,declared_geometry_or_width_quality
1809211,PGC1809211,missing_required_measurement
1810526,PGC1810526,missing_required_measurement
1813242,PGC1813242,declared_geometry_or_width_quality
1902255,PGC1902255,declared_geometry_or_width_quality
1904688,PGC1904688,missing_required_measurement
1980913,PGC1980913,missing_required_measurement
2014914,PGC2014914,missing_required_measurement
2027564,PGC2027564,missing_required_measurement
2028720,PGC2028720,missing_required_measurement
2033243,PGC2033243,missing_required_measurement
2041781,PGC2041781,missing_required_measurement
2045810,PGC2045810,missing_required_measurement
2047957,PGC2047957,missing_required_measurement
2054736,PGC2054736,missing_required_measurement
2057095,PGC2057095,missing_required_measurement
2061156,PGC2061156,missing_required_measurement
2069008,PGC2069008,missing_required_measurement
2070661,PGC2070661,missing_required_measurement
2071747,PGC2071747,missing_required_measurement
2074388,PGC2074388,missing_required_measurement
2074451,PGC2074451,missing_required_measurement
2075680,PGC2075680,missing_required_measurement
2111203,PGC2111203,missing_required_measurement
2167999,PGC2167999,missing_required_measurement
2171051,PGC2171051,missing_required_measurement
2296364,PGC2296364,missing_required_measurement
2351948,PGC2351948,missing_required_measurement
2405029,PGC2405029,missing_required_measurement
2410161,PGC2410161,missing_required_measurement
2412511,PGC2412511,missing_required_measurement
2491615,PGC2491615,missing_required_measurement
2527802,PGC2527802,missing_required_measurement
2663108,PGC2663108,missing_required_measurement
2681954,PGC2681954,missing_required_measurement
2719024,PGC2719024,missing_required_measurement
2737495,PGC2737495,missing_required_measurement
2766176,PGC2766176,missing_required_measurement
3089049,PGC3089049,missing_required_measurement
3090945,PGC3090945,missing_required_measurement
3091777,PGC3091777,declared_geometry_or_width_quality
3097424,PGC3097424,declared_geometry_or_width_quality
3466489,SDSSJ103044.29+060737.0,declared_geometry_or_width_quality
3594698,2MASXJ00224523+0606035,declared_geometry_or_width_quality
3636991,2MASXJ02241402+1703569,missing_required_measurement
3638733,2MASXJ02292497+0745266,missing_required_measurement
3640762,2MASXJ02360165+3149310,missing_required_measurement
3641201,2MASXJ02374317+0828262,missing_required_measurement
3644652,2MASXJ02481176+0830227,missing_required_measurement
3645743,2MASXJ02510692+1403513,missing_required_measurement
3646521,2MASXJ02530208+1511411,missing_required_measurement
3970664,2MASXJ22525760+2125508,declared_geometry_or_width_quality
3983055,2MASXJ23274420+0923018,declared_geometry_or_width_quality
3997745,SDSSJ092044.17+031324.2,declared_geometry_or_width_quality
4001997,SDSSJ121038.11+130123.9,declared_geometry_or_width_quality
4012444,SDSSJ143048.23+034749.4,declared_geometry_or_width_quality
4017882,SDSSJ121201.19+102354.4,declared_geometry_or_width_quality
4086236,SDSSJ083948.68+314052.1,declared_geometry_or_width_quality
4310833,SDSSJ120606.44+212004.9,declared_geometry_or_width_quality
4374112,SDSSJ133145.24+093459.3,declared_geometry_or_width_quality
4421430,SDSSJ143245.02+285259.4,declared_geometry_or_width_quality
4666998,2MFGC06058,missing_required_measurement
5057356,AGC113298,declared_geometry_or_width_quality
5057381,AGC321226,declared_geometry_or_width_quality
5058873,AGC123024,missing_required_measurement
5059675,AGC122852,missing_required_measurement
5059819,AGC102251,declared_geometry_or_width_quality
5059881,AGC113823,declared_geometry_or_width_quality
5060021,AGC123176,missing_required_measurement
5060066,AGC174595,missing_required_measurement
5060072,AGC174672,missing_required_measurement
5060703,2MASXJ22262353+3545518,missing_required_measurement
5807299,AGC322298,declared_geometry_or_width_quality
5807388,AGC334192,declared_geometry_or_width_quality
5807466,AGC335024,declared_geometry_or_width_quality
5807471,AGC103576,declared_geometry_or_width_quality
5807477,AGC103598,declared_geometry_or_width_quality
5807536,AGC103440,declared_geometry_or_width_quality
5807549,AGC103832,declared_geometry_or_width_quality
5807566,AGC103673,declared_geometry_or_width_quality
5807576,AGC103675,declared_geometry_or_width_quality
5807598,AGC114872,declared_geometry_or_width_quality
5807620,AGC114753,declared_geometry_or_width_quality
5807680,AGC124122,missing_required_measurement
5807681,AGC124244,declared_geometry_or_width_quality
5807692,AGC124252,declared_geometry_or_width_quality
5807719,AGC124139,missing_required_measurement
5807807,AGC189139,declared_geometry_or_width_quality
5807967,AGC219490,declared_geometry_or_width_quality
5808714,AGC102892,declared_geometry_or_width_quality
5808751,AGC124624,declared_geometry_or_width_quality
