pgc,name,x,m,inclination,calibrator,outside_x_range,outside_m_range,outside_inclination_range,inside_hull_2d,inside_hull_3d
4,PGC000004,-0.3108235051810362,15.120000000000001,85.0,False,False,False,False,False,False
16,PGC000016,0.01548073783081394,13.579999999999998,65.0,False,False,False,False,False,False
55,UGC12898,-0.24049842799004217,15.22,80.0,False,False,False,False,False,False
68,ESO538-017,-0.10972418191481603,14.52,57.0,False,False,False,False,False,False
70,UGC12900,0.13648789635336556,13.24,90.0,False,False,False,False,False,False
76,UGC12901,0.12389874655327437,12.91,68.0,False,False,False,False,False,False
92,PGC000092,-0.3349889668746857,15.09,80.0,False,False,False,False,False,False
96,UGC12903,0.2527918808213534,13.430000000000001,81.0,False,False,False,False,False,False
102,IC5376,0.1346750996031565,12.370000000000001,82.0,False,False,False,False,False,False
124,UGC12913,-0.0975402490723587,14.51,86.0,False,False,False,False,False,False
128,PGC000128,-0.09460910157491087,15.52,59.0,False,False,False,False,False,False
146,UGC12916,-0.1747389520108884,14.78,50.0,False,False,False,False,False,False
155,PGC000155,-0.14933420445858525,14.530000000000001,71.0,False,False,False,False,False,False
165,UGC12920,-0.05642008159160472,14.21,82.0,False,False,False,False,False,False
176,PGC000176,0.13486778237318253,13.010000000000002,54.0,False,False,False,False,False,False
179,PGC000179,-0.037446383260951066,13.3,85.0,False,False,False,False,False,False
185,IC5379,-0.33342407051931255,14.94,65.0,False,False,False,False,False,False
186,UGC00003,0.21083505803134006,12.79,67.0,False,False,False,False,False,False
201,UGC00004,0.06664242353229266,13.69,55.0,False,False,False,False,False,False
205,UGC00005,0.19664733618500385,12.47,64.0,False,False,False,False,False,False
212,IC5381,0.33723720971520876,12.77,80.0,False,False,False,False,False,False
216,PGC000216,-0.023907906944524715,13.399999999999999,64.0,False,False,False,False,False,False
218,NGC7814,0.1580113966571126,9.35,90.0,True,False,False,False,True,True
222,PGC000222,-0.021397468709040357,14.899999999999999,66.0,False,False,False,False,False,False
247,PGC000247,0.2058841772900717,14.440000000000001,54.0,False,False,False,False,False,False
250,UGC00014,0.09347486129705862,12.56,61.0,False,False,False,False,False,False
257,PGC000257,-0.09667991839303225,15.040000000000001,81.0,False,False,False,False,False,False
258,UGC00015,0.21346300302369192,13.46,85.0,False,False,False,False,False,False
259,PGC000259,-0.06427461047069905,14.3,63.0,False,False,False,False,False,False
279,NGC7817,0.11176143804553496,10.659999999999998,81.0,False,False,False,False,True,False
298,UGC00024,-0.16430251336655477,14.1,53.0,False,False,False,False,False,False
301,UGC00025,-0.08245301134061522,13.93,82.0,False,False,False,False,False,False
303,NGC7819,-0.01813424319140955,12.790000000000001,52.0,False,False,False,False,False,False
305,UGC00027,-0.12889610804766072,13.22,65.0,False,False,False,False,False,False
309,UGC00030,-0.13989987658169722,13.37,88.0,False,False,False,False,False,False
312,PGC000312,0.011400635120618396,12.17,68.0,False,False,False,False,False,False
329,PGC000329,-0.03240117486841587,13.56,69.0,False,False,False,False,False,False
345,PGC000345,-0.21321897565690717,15.53,71.0,False,False,False,False,False,False
354,NGC7824,0.255367785112091,12.02,56.0,False,False,False,False,False,False
356,PGC000356,-0.06486764706266213,13.6,81.0,False,False,False,False,False,False
366,UGC00036,0.18720255872274816,12.48,78.0,False,False,False,False,False,False
415,UGC00040,0.15364287940144772,13.11,58.0,False,False,False,False,False,False
431,UGC00041,-0.09951429217088048,14.51,76.0,False,False,False,False,False,False
451,UGC00043,-0.24386606982331527,15.17,76.0,False,False,False,False,False,False
465,PGC000465,0.16700638434926995,13.610000000000001,65.0,False,False,False,False,False,False
496,UGC00047,-0.6132446337491033,15.620000000000001,88.0,False,False,False,False,False,False
507,UGC00050,0.1104444299971119,13.309999999999999,74.0,False,False,False,False,False,False
511,UGC00051,0.014159160536418636,13.29,57.0,False,False,False,False,False,False
559,PGC000559,-0.19593816783615203,14.81,78.0,False,False,False,False,False,False
567,NGC0002,0.1365006360318688,13.2,60.0,False,False,False,False,False,False
569,NGC7831,0.1728330258248838,12.049999999999999,81.0,False,False,False,False,False,False
613,UGC00066,0.14343496387509092,12.76,57.0,False,False,False,False,False,False
616,UGC00067,0.29385954696506555,12.75,74.0,False,False,False,False,False,False
619,UGC00069,-0.17446191188167637,13.38,53.0,False,False,False,False,False,False
642,NGC0011,0.16838591669000014,12.17,90.0,False,False,False,False,False,False
644,UGC00076,-0.21799710887744528,14.65,83.0,False,False,False,False,False,False
650,NGC0013,0.15207081037915637,11.8,80.0,False,False,False,False,False,False
652,NGC0009,-0.29068560470854976,13.43,72.0,False,False,False,False,False,False
657,PGC000657,0.03880659561498678,14.36,57.0,False,False,False,False,False,False
658,UGC00081,0.17117284271508337,12.51,90.0,False,False,False,False,False,False
690,NGC0022,0.14542608889247255,12.780000000000001,53.0,False,False,False,False,False,False
693,PGC000693,0.007826410672664874,14.71,49.0,False,False,False,False,False,False
703,UGC00090,-0.6366109896887726,15.64,89.0,False,False,False,False,False,False
705,PGC000705,-0.0960979982014889,14.37,68.0,False,False,False,False,False,False
709,UGC00091,0.12364888215096359,13.48,80.0,False,False,False,False,False,False
727,PGC000727,0.1515344101485243,13.95,53.0,False,False,False,False,False,False
731,UGC00095,0.151278013998144,13.2,90.0,False,False,False,False,False,False
742,NGC0027,0.1345775311747226,12.68,72.0,False,False,False,False,False,False
743,PGC000743,0.05294019817055018,13.85,54.0,False,False,False,False,False,False
759,UGC00098,0.022731231470752178,12.67,65.0,False,False,False,False,False,False
767,NGC0029,0.10335553376285622,12.379999999999999,70.0,False,False,False,False,False,False
772,UGC00101,0.1946468250640363,13.39,68.0,False,False,False,False,False,False
776,PGC000776,-0.21275689617749638,15.229999999999999,66.0,False,False,False,False,False,False
786,PGC000786,-0.01668536662122655,14.29,66.0,False,False,False,False,False,False
798,NGC0036,0.1915548026140228,11.78,62.0,False,False,False,False,False,False
810,UGC00107,0.06774992467912044,13.790000000000001,80.0,False,False,False,False,False,False
816,UGC00108,0.1440349989785794,13.61,64.0,False,False,False,False,False,False
830,UGC00110,-0.1626158898655765,14.18,51.0,False,False,False,False,False,False
832,PGC000832,0.0917294380324063,14.59,54.0,False,False,False,False,False,False
833,UGC00111,-0.10133410648466334,13.98,77.0,False,False,False,False,False,False
835,PGC000835,0.022308341296561007,13.97,74.0,False,False,False,False,False,False
847,UGC00113,0.21724639833018955,12.82,76.0,False,False,False,False,False,False
848,PGC000848,-0.10270086454902394,15.02,51.0,False,False,False,False,False,False
858,PGC000858,0.029092774536384258,14.790000000000001,80.0,False,False,False,False,False,False
859,UGC00116,0.04712198754652519,13.68,76.0,False,False,False,False,False,False
865,NGC0041,0.10646347435086101,12.98,55.0,False,False,False,False,False,False
866,PGC000866,-0.2054227041198433,16.28,77.0,False,False,False,False,False,False
869,UGC00117,-0.08056179868262925,13.370000000000001,52.0,False,False,False,False,False,False
889,UGC00122,-0.5361460224636732,13.850000000000001,89.0,False,False,False,False,True,False
897,IC0004,0.0021943587804154063,12.69,51.0,False,False,False,False,False,False
902,PGC000902,0.045663453477437166,12.9,63.0,False,False,False,False,False,False
908,PGC000908,0.17132339648141226,12.94,68.0,False,False,False,False,False,False
912,UGC00127,-0.2054227041198433,15.09,77.0,False,False,False,False,False,False
924,UGC00132,-0.31257992162838777,13.469999999999999,74.0,False,False,False,False,False,False
937,UGC00135,-0.16147735620462367,14.55,89.0,False,False,False,False,False,False
948,PGC000948,-0.3350683565326835,15.52,78.0,False,False,False,False,False,False
963,UGC00139,-0.009181222697961289,12.91,67.0,False,False,False,False,False,False
976,PGC000976,-0.14251184482449908,14.83,76.0,False,False,False,False,False,False
978,NGC0052,0.2584552389391215,11.96,86.0,False,False,False,False,False,False
997,PGC000997,0.28557630331780226,13.87,56.0,False,False,False,False,False,False
1011,NGC0054,0.10969297711685044,12.48,76.0,False,False,False,False,False,False
1022,PGC001022,0.04188415059951556,13.780000000000001,64.0,False,False,False,False,False,False
1051,UGC00148,-0.01317729856276495,12.41,81.0,False,False,False,False,False,False
1056,UGC00149,-0.04310235065057455,13.83,80.0,False,False,False,False,False,False
1089,UGC00152,-0.13078908582293902,14.35,77.0,False,False,False,False,False,False
1106,UGC00155,0.10094447609523804,12.120000000000001,83.0,False,False,False,False,False,False
1107,UGC00156,-0.36023850178469763,13.02,64.0,False,False,False,False,True,True
1109,PGC001109,-0.06954187294209335,12.54,74.0,False,False,False,False,False,False
1139,UGC00163,-0.10270086454902394,14.4,51.0,False,False,False,False,False,False
1144,UGC00164,-0.2153072415737518,13.040000000000001,70.0,False,False,False,False,False,False
1149,NGC0064,0.17581833685342962,12.57,56.0,False,False,False,False,False,False
1152,PGC001152,-0.10208462258150952,14.1,58.0,False,False,False,False,False,False
1154,UGC00166,-0.06922585180118723,13.37,68.0,False,False,False,False,False,False
1158,UGC00165,0.004386276764431152,13.17,87.0,False,False,False,False,False,False
1170,PGC001170,-0.02213737478374389,13.51,53.0,False,False,False,False,False,False
1231,UGC00179,-0.10051087855923546,14.07,56.0,False,False,False,False,False,False
1237,UGC00180,0.22559894963705407,13.200000000000001,78.0,False,False,False,False,False,False
1238,UGC00181,0.030497657037314774,13.26,79.0,False,False,False,False,False,False
1248,PGC001248,0.023365952014029467,13.84,58.0,False,False,False,False,False,False
1258,PGC001258,-0.15750648408709633,14.15,51.0,False,False,False,False,False,False
1265,UGC00184,-0.19956253573592075,15.4,50.0,False,False,False,False,False,False
1273,PGC001273,-0.06272507984355347,14.48,64.0,False,False,False,False,False,False
1276,IC1540,0.1325559044811544,12.98,66.0,False,False,False,False,False,False
1285,UGC00187,0.05432399009469391,13.44,85.0,False,False,False,False,False,False
1286,UGC00188,-0.15242786367415428,15.28,74.0,False,False,False,False,False,False
1288,PGC001288,-0.021561657199627327,12.96,68.0,False,False,False,False,False,False
1294,PGC001294,0.013813193775189081,13.38,87.0,False,False,False,False,False,False
1301,IC0013,-0.025004128557778227,13.48,80.0,False,False,False,False,False,False
1332,PGC001332,0.29712947834416514,14.08,70.0,False,False,False,False,False,False
1336,UGC00199,-0.47424146526142774,15.35,74.0,False,False,False,False,False,False
1346,UGC00201,0.14548841953986358,13.96,89.0,False,False,False,False,False,False
1347,PGC001347,0.08408653891146178,14.26,72.0,False,False,False,False,False,False
1361,PGC001361,-0.20114420990643733,14.8,70.0,False,False,False,False,False,False
1362,IC1544,0.024470753491567798,13.200000000000001,51.0,False,False,False,False,False,False
1372,PGC001372,-0.20006948478736186,14.28,59.0,False,False,False,False,False,False
1381,PGC001381,0.03435426092662919,14.43,74.0,False,False,False,False,False,False
1382,NGC0085B,0.05840299795621462,13.32,76.0,False,False,False,False,False,False
1387,UGC00207,-0.006104554650959493,13.9,78.0,False,False,False,False,False,False
1404,PGC001404,0.010344390955431493,13.41,72.0,False,False,False,False,False,False
1413,UGC00210,-0.09640885938642452,14.02,70.0,False,False,False,False,False,False
1419,PGC001419,-0.12492683194575394,13.71,49.0,False,False,False,False,False,False
1422,UGC00211,-0.14009836746934035,14.870000000000001,89.0,False,False,False,False,False,False
1431,PGC001431,-0.5337236533948442,15.07,72.0,False,False,False,False,False,False
1439,UGC00215,0.1542973886784833,12.7,56.0,False,False,False,False,False,False
1460,PGC001460,0.03963050290120895,14.260000000000002,52.0,False,False,False,False,False,False
1461,PGC001461,0.09287947810720043,13.56,76.0,False,False,False,False,False,False
1472,PGC001472,0.17315840372825475,14.01,62.0,False,False,False,False,False,False
1478,UGC00219,-0.05736016866440563,14.12,77.0,False,False,False,False,False,False
1516,UGC00229,-0.051048552604647135,14.44,59.0,False,False,False,False,False,False
1520,UGC00228,0.023905555542451662,13.34,56.0,False,False,False,False,False,False
1524,PGC001524,-0.054999819795108706,14.65,62.0,False,False,False,False,False,False
1525,NGC0100,-0.19897000433601875,11.85,90.0,False,False,False,False,True,False
1534,PGC001534,-0.10192297380540438,13.459999999999999,81.0,False,False,False,False,False,False
1544,PGC001544,-0.25636635760645543,13.58,87.0,False,False,False,False,False,False
1546,UGC00232,0.0031415773414908976,12.860000000000001,52.0,False,False,False,False,False,False
1547,PGC001547,0.07181518627261019,13.38,52.0,False,False,False,False,False,False
1549,PGC001549,-0.5828046809534813,16.130000000000003,53.0,False,False,False,False,False,False
1552,UGC00234,-0.16603989796143814,14.22,71.0,False,False,False,False,False,False
1553,PGC001553,-0.018901916845230016,13.57,77.0,False,False,False,False,False,False
1564,PGC001564,0.08632256319354603,13.32,55.0,False,False,False,False,False,False
1572,UGC00238,0.10465051915745516,12.51,79.0,False,False,False,False,False,False
1594,UGC00244,-0.10509319337503609,13.629999999999999,65.0,False,False,False,False,False,False
1606,NGC0107,-0.0638921228907452,13.809999999999999,53.0,False,False,False,False,False,False
1609,PGC001609,0.10103904587751966,12.18,89.0,False,False,False,False,False,False
1621,UGC00247,0.006439335152681469,14.709999999999999,81.0,False,False,False,False,False,False
1634,PGC001634,-0.035405592776355466,12.61,77.0,False,False,False,False,False,False
1654,NGC0112,0.07809617522227441,12.89,72.0,False,False,False,False,False,False
1665,UGC00260,-0.09582026867808491,12.11,86.0,False,False,False,False,False,False
1695,PGC001695,-0.21311093866433328,14.34,64.0,False,False,False,False,False,False
1713,UGC00272,-0.10749783155203696,13.91,70.0,False,False,False,False,False,False
1715,NGC0124,-0.04382586751189299,12.799999999999999,56.0,False,False,False,False,False,False
1723,UGC00275,-0.13973796433961283,13.12,69.0,False,False,False,False,False,False
1724,UGC00276,-0.07020943198871032,13.24,85.0,False,False,False,False,False,False
1726,PGC001726,-0.052139870454436466,13.65,52.0,False,False,False,False,False,False
1736,UGC00279,0.1251178890526763,12.549999999999999,77.0,False,False,False,False,False,False
1737,UGC00277,-0.07857900587246913,13.86,62.0,False,False,False,False,False,False
1743,UGC00278,0.08067980875778336,13.82,80.0,False,False,False,False,False,False
1748,UGC00281,-0.16857615811911408,14.34,72.0,False,False,False,False,False,False
1750,PGC001750,-0.4631091498027664,14.08,63.0,False,False,False,False,True,True
1751,PGC001751,0.004849893203278555,13.91,86.0,False,False,False,False,False,False
1758,PGC001758,-0.14848404425416906,14.15,75.0,False,False,False,False,False,False
1760,PGC001760,-0.18798149786583096,13.68,88.0,False,False,False,False,False,False
1771,UGC00285,-0.47230848371699574,13.51,84.0,False,False,False,False,True,True
1774,PGC001774,-0.37289906886318835,14.84,83.0,False,False,False,False,False,False
1781,UGC00290,-0.6191864077192086,14.610000000000001,90.0,False,False,False,False,True,False
1797,UGC00294,-0.10906489289662069,14.899999999999999,90.0,False,False,False,False,False,False
1802,PGC001802,-0.2603237428834446,14.06,47.0,False,False,False,False,False,False
1817,IC1552,0.09974344640370703,13.11,82.0,False,False,False,False,False,False
1828,UGC00299,0.0900992691754885,13.64,60.0,False,False,False,False,False,False
1841,PGC001841,0.03083496701753541,11.98,71.0,False,False,False,False,False,False
1844,NGC0132,0.1821070658285251,11.85,52.0,False,False,False,False,False,False
1886,PGC001886,0.16041124208394653,13.41,58.0,False,False,False,False,False,False
1903,PGC001903,0.13100018485272402,13.94,74.0,False,False,False,False,False,False
1905,IC0025,-0.021546313642022863,13.49,67.0,False,False,False,False,False,False
1908,PGC001908,0.12684102985659695,12.86,59.0,False,False,False,False,False,False
1909,PGC001909,-0.011366022864289338,12.770000000000001,62.0,False,False,False,False,False,False
1913,UGC00310,-0.19888523280834258,14.05,80.0,False,False,False,False,False,False
1921,UGC00312,-0.09481022529632854,12.91,67.0,False,False,False,False,False,False
1926,ESO539-014,0.053883026643874565,13.790000000000001,90.0,False,False,False,False,False,False
1927,UGC00314,-0.17032647073856344,13.700000000000001,55.0,False,False,False,False,False,False
1932,PGC001932,-0.010475973504579184,12.47,84.0,False,False,False,False,False,False
1933,UGC00316,0.21439590993600444,13.17,89.0,False,False,False,False,False,False
1957,UGC00319,-9.630430510965127e-05,13.799999999999999,59.0,False,False,False,False,False,False
1958,PGC001958,-0.08643559484033325,13.35,88.0,False,False,False,False,False,False
1970,UGC00320,-0.3236440998659038,14.69,88.0,False,False,False,False,False,False
1971,UGC00321,-0.1837212915440367,14.319999999999999,80.0,False,False,False,False,False,False
1982,PGC001982,0.026346756010217742,13.45,64.0,False,False,False,False,False,False
1986,UGC00323,-0.029506551241197165,13.41,78.0,False,False,False,False,False,False
2003,UGC00327,-0.08316791554230685,14.11,74.0,False,False,False,False,False,False
2007,PGC002007,-0.2672364837466201,15.090000000000002,55.0,False,False,False,False,False,False
2021,PGC002021,-0.17718511155883077,13.309999999999999,87.0,False,False,False,False,False,False
2022,UGC00329,-0.08211447967346741,13.48,56.0,False,False,False,False,False,False
2023,PGC002023,-0.0507970392080086,14.11,66.0,False,False,False,False,False,False
2056,PGC002056,0.03674723684813186,14.92,61.0,False,False,False,False,False,False
2060,UGC00338,-0.03395897121070446,13.99,80.0,False,False,False,False,False,False
2062,IC0031,0.28247262416628605,12.59,90.0,False,False,False,False,False,False
2068,UGC00342,-0.005124554113008273,14.01,55.0,False,False,False,False,False,False
2069,PGC002069,0.014745584322160887,13.940000000000001,78.0,False,False,False,False,False,False
2080,PGC002080,-0.06218180579607546,14.610000000000001,83.0,False,False,False,False,False,False
2085,UGC00345,-0.25448733218585007,14.34,90.0,False,False,False,False,False,False
2088,UGC00344,-0.0500584796391319,14.18,51.0,False,False,False,False,False,False
2094,UGC00346,-0.009092827457028996,13.540000000000001,70.0,False,False,False,False,False,False
2113,PGC002113,0.025071782730283765,13.9,52.0,False,False,False,False,False,False
2133,PGC002133,-0.0448510224141474,12.98,70.0,False,False,False,False,False,False
2134,IC0034,0.30156123120984857,11.59,77.0,False,False,False,False,False,False
2138,ESO540-003,0.038877687272949046,12.360000000000001,71.0,False,False,False,False,False,False
2139,UGC00353,-0.04201694366001485,13.77,69.0,False,False,False,False,False,False
2147,UGC00355,0.11602911758404977,12.9,75.0,False,False,False,False,False,False
2148,UGC00354,-0.18585542105672248,14.209999999999999,80.0,False,False,False,False,False,False
2159,UGC00357,0.003784944527885692,14.41,61.0,False,False,False,False,False,False
2160,PGC002160,-0.04807991365704378,13.75,51.0,False,False,False,False,False,False
2169,PGC002169,-0.17314797840695473,13.61,58.0,False,False,False,False,False,False
2180,PGC002180,0.1209128693376953,13.99,69.0,False,False,False,False,False,False
2194,UGC00364,0.23289422744805144,12.69,73.0,False,False,False,False,False,False
2196,PGC002196,-0.1325936186891825,14.57,74.0,False,False,False,False,False,False
2207,PGC002207,-0.29853672548877697,15.19,89.0,False,False,False,False,False,False
2228,NGC0172,-0.07186520597121104,12.639999999999999,90.0,False,False,False,False,False,False
2231,UGC00371,0.00112541240852293,13.219999999999999,89.0,False,False,False,False,False,False
2241,NGC0177,0.11517457460725877,12.15,80.0,False,False,False,False,False,False
2242,UGC00373,0.21007667411721354,12.94,85.0,False,False,False,False,False,False
2254,UGC00377,-0.2063866091180393,15.46,56.0,False,False,False,False,False,False
2260,UGC00379,-0.20767777845275237,15.17,89.0,False,False,False,False,False,False
2261,UGC00376,-0.19243781189601572,14.780000000000001,89.0,False,False,False,False,False,False
2266,PGC002266,0.12590804466892358,13.34,87.0,False,False,False,False,False,False
2268,NGC0180,0.15356544987102572,11.59,51.0,False,False,False,False,False,False
2279,NGC0182,0.2587080334277183,11.83,49.0,False,False,False,False,False,False
2294,PGC002294,-0.08650398102280432,14.0,71.0,False,False,False,False,False,False
2302,UGC00388,-0.044534386116943825,14.2,62.0,False,False,False,False,False,False
2312,UGC00393,0.0855268796992723,12.879999999999999,89.0,False,False,False,False,False,False
2314,UGC00394,-0.06531802106886575,14.14,69.0,False,False,False,False,False,False
2316,PGC002316,-0.08074818397682604,14.43,64.0,False,False,False,False,False,False
2342,IC1564,-0.15102780765930435,13.48,63.0,False,False,False,False,False,False
2370,UGC00409,-0.16815421121310292,14.27,56.0,False,False,False,False,False,False
2384,UGC00416,-0.203730365474299,14.96,56.0,False,False,False,False,False,False
2386,ESO540-010,0.01994113190915181,14.54,63.0,False,False,False,False,False,False
2387,NGC0200,0.15109201161773722,11.879999999999999,63.0,False,False,False,False,False,False
2390,UGC00418,0.06702636615906021,12.4,90.0,False,False,False,False,False,False
2412,PGC002412,-0.2776517729812995,13.63,48.0,False,False,False,False,False,False
2449,PGC002449,-0.06218157897674326,13.620000000000001,85.0,False,False,False,False,False,False
2458,UGC00433,0.1130484977981503,12.33,88.0,False,False,False,False,False,False
2468,PGC002468,-0.1823164090431062,14.53,79.0,False,False,False,False,False,False
2479,NGC0214,0.17369163123387255,11.479999999999999,47.0,False,False,False,False,False,False
2483,PGC002483,-0.005274449440745066,14.16,56.0,False,False,False,False,False,False
2504,UGC00442,-0.10509217178024466,14.219999999999999,60.0,False,False,False,False,False,False
2517,UGC00444,0.297998478748438,12.700000000000001,49.0,False,False,False,False,False,False
2520,UGC00443,-0.18805104209990287,14.78,76.0,False,False,False,False,False,False
2537,IC0045,-0.14164433627446638,13.58,82.0,False,False,False,False,False,False
2553,UGC00453,-0.26035534857778186,15.209999999999999,80.0,False,False,False,False,False,False
2562,PGC002562,-0.18174772068220957,13.47,75.0,False,False,False,False,False,False
2571,UGC00457,-0.026184340536690165,13.35,86.0,False,False,False,False,False,False
2597,NGC0237,0.047533323331689914,12.29,55.0,False,False,False,False,False,False
2599,PGC002599,-0.02651140501183802,14.33,78.0,False,False,False,False,False,False
2614,UGC00465,0.11115913925029464,12.34,77.0,False,False,False,False,False,False
2615,UGC00466,-0.10470430534618025,13.67,66.0,False,False,False,False,False,False
2616,PGC002616,0.04585026048288787,13.5,76.0,False,False,False,False,False,False
2621,UGC00469,0.2301042130652502,13.18,80.0,False,False,False,False,False,False
2627,UGC00470,-0.07678646934720001,13.73,70.0,False,False,False,False,False,False
2646,PGC002646,-0.43672798220185394,13.47,69.0,False,False,False,False,True,True
2649,UGC00472,-0.1566037910062712,14.71,59.0,False,False,False,False,False,False
2659,UGC00474,0.09938610047036489,14.420000000000002,87.0,False,False,False,False,False,False
2699,UGC00477,-0.13345280496300305,13.15,86.0,False,False,False,False,False,False
2712,UGC00478,0.1358541065978205,12.309999999999999,84.0,False,False,False,False,False,False
2717,UGC00479,0.11923402467521038,13.09,57.0,False,False,False,False,False,False
2739,UGC00483,-0.11583458304744898,14.579999999999998,71.0,False,False,False,False,False,False
2742,PGC002742,-0.16056825758085846,14.33,76.0,False,False,False,False,False,False
2743,UGC00484,0.1377437261113883,12.18,72.0,False,False,False,False,False,False
2747,UGC00485,0.055094448578319355,12.64,90.0,False,False,False,False,False,False
2752,PGC002752,-0.22050502855057763,14.55,53.0,False,False,False,False,False,False
2759,PGC002759,0.050406487585967774,13.520000000000001,51.0,False,False,False,False,False,False
2761,PGC002761,-0.21357663546256278,13.19,58.0,False,False,False,False,False,False
2768,UGC00488,0.17182595203081252,13.600000000000001,54.0,False,False,False,False,False,False
2769,PGC002769,0.12460593956448918,13.96,52.0,False,False,False,False,False,False
2782,PGC002782,-0.19314248090569563,14.540000000000001,57.0,False,False,False,False,False,False
2784,PGC002784,-0.05760964136348523,14.36,66.0,False,False,False,False,False,False
2804,PGC002804,0.11464738384065587,13.97,51.0,False,False,False,False,False,False
2805,PGC002805,-0.3824640632658207,13.31,88.0,False,False,False,False,True,False
2806,NGC0251,0.1487749723262768,11.82,52.0,False,False,False,False,False,False
2812,PGC002812,0.004936771894887393,12.899999999999999,55.0,False,False,False,False,False,False
2820,NGC0259,0.12856174113139973,11.27,83.0,False,False,False,False,False,False
2828,PGC002828,-0.18465526457118564,14.65,49.0,False,False,False,False,False,False
2834,IC0052,-0.32735593058841816,13.8,77.0,False,False,False,False,False,False
2865,UGC00501,0.07313624327889512,12.68,88.0,False,False,False,False,False,False
2883,UGC00505,-0.06212299104051233,13.09,51.0,False,False,False,False,False,False
2889,UGC00507,0.13346845557958664,12.25,90.0,False,False,False,False,False,False
2899,UGC00509,-0.16857615811911408,14.24,72.0,False,False,False,False,False,False
2905,PGC002905,-0.07339571048017746,13.67,80.0,False,False,False,False,False,False
2914,UGC00510,-0.08341833563864087,13.549999999999999,80.0,False,False,False,False,False,False
2928,UGC00511,-0.0743684750449578,14.01,84.0,False,False,False,False,False,False
2934,UGC00513,0.17946970942504903,13.93,60.0,False,False,False,False,False,False
2949,NGC0271,0.3189195743994482,11.0,47.0,False,False,False,False,False,False
2964,PGC002964,-0.24066565114831473,14.06,85.0,False,False,False,False,False,False
3020,UGC00525,-0.09321823331380408,13.55,55.0,False,False,False,False,False,False
3024,UGC00526,-0.20997033187056413,15.48,77.0,False,False,False,False,False,False
3027,PGC003027,0.03588971375002048,13.85,87.0,False,False,False,False,False,False
3031,UGC00527,-0.366686550947497,14.86,57.0,False,False,False,False,False,False
3062,PGC003062,-0.3320419019024956,14.17,78.0,False,False,False,False,False,False
3072,UGC00533,-0.05633037565876986,13.9,74.0,False,False,False,False,False,False
3076,NGC0280,0.3014768809879351,12.53,62.0,False,False,False,False,False,False
3081,UGC00536,-0.10943676922889267,14.41,63.0,False,False,False,False,False,False
3084,PGC003084,-0.0039900614687575775,14.14,72.0,False,False,False,False,False,False
3108,UGC00540,-0.06186356626637668,13.09,57.0,False,False,False,False,False,False
3109,PGC003109,-0.45727571148639834,14.38,65.0,False,False,False,False,False,False
3120,UGC00541,-0.0683715947625978,14.28,88.0,False,False,False,False,False,False
3133,UGC00542,0.06374572647282539,11.89,88.0,False,False,False,False,False,False
3137,PGC003137,-0.134334574275361,14.12,60.0,False,False,False,False,False,False
3147,UGC00544,0.06702636615906021,12.85,90.0,False,False,False,False,False,False
3156,PGC003156,-0.061565818206732015,13.66,72.0,False,False,False,False,False,False
3157,UGC00546,-0.16645246448925866,14.58,72.0,False,False,False,False,False,False
3166,PGC003166,-0.18638261182332538,13.940000000000001,51.0,False,False,False,False,False,False
3174,PGC003174,0.10911079719716943,13.440000000000001,85.0,False,False,False,False,False,False
3184,PGC003184,-0.031889995740811194,13.799999999999999,73.0,False,False,False,False,False,False
3207,PGC003207,-0.1302647905309673,14.340000000000002,82.0,False,False,False,False,False,False
3219,IC1596,-0.13324738456513074,13.04,71.0,False,False,False,False,False,False
3222,UGC00557,-0.0785341356167204,13.74,70.0,False,False,False,False,False,False
3230,UGC00551,-0.20997033187056413,15.24,77.0,False,False,False,False,False,False
3235,UGC00556,0.06195786070289122,12.84,83.0,False,False,False,False,False,False
3247,UGC00561,0.15366184673420236,12.94,55.0,False,False,False,False,False,False
3250,NGC0298,-0.1972843280155714,12.92,74.0,False,False,False,False,False,False
3260,UGC00562,0.17019465670868383,11.469999999999999,75.0,False,False,False,False,False,False
3268,UGC00569,0.17865570078811377,14.3,52.0,False,False,False,False,False,False
3274,UGC00565,-0.10311765922508087,13.7,77.0,False,False,False,False,False,False
3285,PGC003285,-0.09568690856432527,14.540000000000001,62.0,False,False,False,False,False,False
3325,PGC003325,0.09068087163204908,14.25,59.0,False,False,False,False,False,False
3332,UGC00575,-0.09286422585879484,13.5,87.0,False,False,False,False,False,False
3351,UGC00578,-0.21571734258254693,12.65,83.0,False,False,False,False,True,False
3397,UGC00586,0.05656714184570211,14.18,88.0,False,False,False,False,False,False
3404,PGC003404,-0.07224968884185445,14.18,52.0,False,False,False,False,False,False
3420,UGC00591,-0.1723063145277952,14.07,61.0,False,False,False,False,False,False
3435,PGC003435,-0.1124123600170206,13.31,50.0,False,False,False,False,False,False
3440,PGC003440,-0.1498931583119738,14.540000000000001,49.0,False,False,False,False,False,False
3446,PGC003446,-0.11396123485807053,13.33,57.0,False,False,False,False,False,False
3454,NGC0325,0.07984974680758183,12.88,89.0,False,False,False,False,False,False
3456,UGC00598,0.13833464475169022,12.43,74.0,False,False,False,False,False,False
3462,NGC0327,0.15912366977280268,12.48,64.0,False,False,False,False,False,False
3466,PGC003466,-0.17556745253036787,14.3,58.0,False,False,False,False,False,False
3468,PGC003468,-0.0772384278333309,14.209999999999999,57.0,False,False,False,False,False,False
3472,PGC003472,-0.1514304958734245,14.33,88.0,False,False,False,False,False,False
3493,PGC003493,0.03137504924426526,13.79,54.0,False,False,False,False,False,False
3503,UGC00604,-0.1946486305533761,15.52,90.0,False,False,False,False,False,False
3559,UGC00614,-0.15431199422668662,13.1,59.0,False,False,False,False,False,False
3563,UGC00615,0.12445457564841611,12.88,55.0,False,False,False,False,False,False
3569,UGC00619,0.09686173670487497,14.370000000000001,88.0,False,False,False,False,False,False
3572,NGC0337,-0.0383200763678877,10.89,51.0,False,False,False,False,True,True
3591,PGC003591,0.02035126503814233,14.57,60.0,False,False,False,False,False,False
3606,IC0066,0.06594634783223974,13.0,73.0,False,False,False,False,False,False
3610,NGC0340,0.08423655964877552,12.81,71.0,False,False,False,False,False,False
3611,NGC0338,0.22980806460386605,11.559999999999999,74.0,False,False,False,False,False,False
3636,UGC00627,0.23813282047507167,13.63,53.0,False,False,False,False,False,False
3639,UGC00628,-0.08797636867014269,14.52,58.0,False,False,False,False,False,False
3643,UGC00631,-0.006974969894747662,13.840000000000002,88.0,False,False,False,False,False,False
3662,PGC003662,-0.0991525590748612,13.26,53.0,False,False,False,False,False,False
3664,UGC00633,0.08857884690355267,12.86,81.0,False,False,False,False,False,False
3667,UGC00634,-0.34659192926737514,14.020000000000001,68.0,False,False,False,False,False,False
3668,PGC003668,0.04922932091847354,14.36,65.0,False,False,False,False,False,False
3688,UGC00637,-0.3188301285336803,14.860000000000001,62.0,False,False,False,False,False,False
3701,NGC0352,0.24387815715677963,11.54,76.0,False,False,False,False,False,False
3713,PGC003713,-0.13859080365205978,14.32,75.0,False,False,False,False,False,False
3714,NGC0353,-0.007530810388991505,12.65,78.0,False,False,False,False,False,False
3717,PGC003717,-0.0027228527267917357,14.15,63.0,False,False,False,False,False,False
3738,PGC003738,-0.15092877814772931,13.969999999999999,80.0,False,False,False,False,False,False
3754,NGC0356,0.14133241151411546,11.969999999999999,56.0,False,False,False,False,False,False
3763,NGC0354,-0.09546628429507287,12.71,61.0,False,False,False,False,False,False
3764,UGC00644,0.12470873049521813,13.59,73.0,False,False,False,False,False,False
3773,UGC00646,0.07776194574247963,12.48,76.0,False,False,False,False,False,False
3779,UGC00649,0.2901360964000248,13.41,65.0,False,False,False,False,False,False
3781,UGC00651,-0.20360288980606,14.6,76.0,False,False,False,False,False,False
3787,UGC00653,-0.0877847003295198,14.39,87.0,False,False,False,False,False,False
3789,UGC00656,-0.33269505006195255,14.450000000000001,59.0,False,False,False,False,False,False
3821,UGC00659,-0.2000855195687432,14.27,83.0,False,False,False,False,False,False
3832,PGC003832,-0.16967633382308334,13.67,48.0,False,False,False,False,False,False
3851,PGC003851,0.08112888489489878,13.41,50.0,False,False,False,False,False,False
3855,PGC003855,-0.3291426908977928,13.76,87.0,False,False,False,False,False,False
3866,UGC00669,-0.07601042211193487,13.1,84.0,False,False,False,False,False,False
3893,PGC003893,-0.17779309007620947,14.02,59.0,False,False,False,False,False,False
3903,UGC00673,-0.040361867958896624,14.2,74.0,False,False,False,False,False,False
3908,PGC003908,-0.28251605578609373,13.129999999999999,90.0,False,False,False,False,True,False
3912,UGC00676,0.1927557982647743,14.02,58.0,False,False,False,False,False,False
3914,UGC00677,0.14857350431352634,13.74,51.0,False,False,False,False,False,False
3924,PGC003924,-0.22898069729282788,14.139999999999999,54.0,False,False,False,False,False,False
3936,PGC003936,0.06771354373843197,14.719999999999999,54.0,False,False,False,False,False,False
3942,PGC003942,-0.05997151125582656,14.01,50.0,False,False,False,False,False,False
3950,UGC00679,-0.24126221498471834,15.020000000000001,86.0,False,False,False,False,False,False
3974,UGC685,-0.6211512742406964,12.85,64.0,True,False,False,False,True,True
3992,UGC00691,0.1792262662460784,13.86,79.0,False,False,False,False,False,False
4016,PGC004016,-0.24568128121205257,14.5,45.0,False,False,False,False,False,False
4017,UGC00698,0.22826323933884796,13.469999999999999,76.0,False,False,False,False,False,False
4020,UGC00697,0.0510200848045943,12.96,60.0,False,False,False,False,False,False
4029,UGC00699,-0.33139991963743,16.57,82.0,False,False,True,False,False,False
4048,PGC004048,0.16355193329636553,13.559999999999999,66.0,False,False,False,False,False,False
4056,PGC004056,0.06747339948281317,14.17,53.0,False,False,False,False,False,False
4059,UGC00709,-0.08737954284462424,14.75,70.0,False,False,False,False,False,False
4063,UGC00711,-0.21896663275227235,12.99,90.0,False,False,False,False,False,False
4067,UGC00710,0.19822699221216,13.53,81.0,False,False,False,False,False,False
4094,PGC004094,-0.09833481814004097,13.51,88.0,False,False,False,False,False,False
4110,UGC00714,-0.026681184458424045,12.98,48.0,False,False,False,False,False,False
4116,UGC00717,0.29046157537815454,12.68,62.0,False,False,False,False,False,False
4136,UGC00721,-0.049466807404556334,14.03,79.0,False,False,False,False,False,False
4142,UGC00722,-0.21558165096560922,14.52,59.0,False,False,False,False,False,False
4143,PGC004143,-0.26628586913894026,13.75,56.0,False,False,False,False,False,False
4148,UGC00723,-0.13444586491832888,13.9,89.0,False,False,False,False,False,False
4151,UGC00726,-0.09907413809124499,13.28,60.0,False,False,False,False,False,False
4168,UGC00725,-0.014310146919562339,12.860000000000001,82.0,False,False,False,False,False,False
4176,PGC004176,-0.0581034173930699,14.729999999999999,57.0,False,False,False,False,False,False
4184,UGC00728,-0.024198435060325707,13.209999999999999,55.0,False,False,False,False,False,False
4192,PGC004192,-0.06712000595356216,13.72,77.0,False,False,False,False,False,False
4206,PGC004206,-0.23458658328321347,15.0,87.0,False,False,False,False,False,False
4210,UGC00732,0.005342119495254316,12.979999999999999,54.0,False,False,False,False,False,False
4222,PGC004222,0.1716522640147411,12.01,64.0,False,False,False,False,False,False
4226,PGC004226,-0.1230691140636373,14.69,58.0,False,False,False,False,False,False
4249,PGC004249,0.038036759894651606,12.889999999999999,52.0,False,False,False,False,False,False
4278,PGC004278,0.05293285719060803,14.030000000000001,88.0,False,False,False,False,False,False
4286,UGC00748,-0.018901916845230016,13.46,77.0,False,False,False,False,False,False
4321,PGC004321,-0.09321823331380408,14.02,55.0,False,False,False,False,False,False
4347,NGC0413,-0.046008598398838974,13.34,55.0,False,False,False,False,False,False
4387,UGC00764,-0.17571754470230738,15.1,90.0,False,False,False,False,False,False
4398,PGC004398,0.035801085475261285,14.59,57.0,False,False,False,False,False,False
4424,PGC004424,0.06936152480491709,13.89,59.0,False,False,False,False,False,False
4434,NGC0435,0.18701068140473565,13.27,68.0,False,False,False,False,False,False
4443,UGC00784,0.02186185606338098,13.48,60.0,False,False,False,False,False,False
4450,PGC004450,-0.13783813732160421,14.57,79.0,False,False,False,False,False,False
4473,UGC00783,0.08078203882084223,13.1,58.0,False,False,False,False,False,False
4488,PGC004488,-0.02656372502058657,13.35,79.0,False,False,False,False,False,False
4495,PGC004495,0.2078916376532418,14.08,60.0,False,False,False,False,False,False
4509,PGC004509,-0.06490656146376095,13.72,72.0,False,False,False,False,False,False
4511,UGC00799,-0.14576786562940747,15.14,72.0,False,False,False,False,False,False
4516,PGC004516,-0.21717708920154521,13.87,56.0,False,False,False,False,False,False
4538,PGC004538,-0.23966279438124127,14.57,46.0,False,False,False,False,False,False
4539,UGC00805,-0.2346232907812551,18.71,69.0,False,False,True,False,False,False
4540,NGC0450,-0.17565874643155244,11.72,51.0,False,False,False,False,True,True
4547,PGC004547,-0.35008273039963456,13.26,67.0,False,False,False,False,True,True
4549,UGC00808,0.2595660578732848,12.74,52.0,False,False,False,False,False,False
4556,PGC004556,-0.06486764706266213,14.629999999999999,81.0,False,False,False,False,False,False
4561,NGC0444,-0.09842057996933384,13.34,81.0,False,False,False,False,False,False
4563,UGC00809,-0.027649078794964144,13.309999999999999,86.0,False,False,False,False,False,False
4585,UGC00819,-0.5652369076780173,15.71,88.0,False,False,False,False,False,False
4588,PGC004588,0.10260245832273185,12.95,73.0,False,False,False,False,False,False
4593,PGC004593,0.14171942785492586,13.51,53.0,False,False,False,False,False,False
4596,NGC0452,0.1789710485139162,11.75,74.0,False,False,False,False,False,False
4607,PGC004607,-0.09550214847556582,14.58,52.0,False,False,False,False,False,False
4619,UGC00824,0.1763450825138504,12.61,82.0,False,False,False,False,False,False
4654,UGC00826,-0.13611603804949857,13.559999999999999,54.0,False,False,False,False,False,False
4655,UGC00828,0.12784007861703683,13.81,75.0,False,False,False,False,False,False
4672,UGC00833,0.05401741663369286,12.489999999999998,53.0,False,False,False,False,False,False
4734,UGC00847,-0.07511836336893296,14.209999999999999,90.0,False,False,False,False,False,False
4735,UGC00841,-0.045503667102506196,13.48,82.0,False,False,False,False,False,False
4740,PGC004740,-0.4844439896948418,14.56,71.0,False,False,False,False,False,False
4763,UGC00852,0.07122789160844745,13.59,81.0,False,False,False,False,False,False
4766,PGC004766,-0.048864569153479476,13.81,68.0,False,False,False,False,False,False
4767,UGC00854,-0.15283953033188258,14.79,70.0,False,False,False,False,False,False
4774,PGC004774,-0.06007241029101751,14.52,52.0,False,False,False,False,False,False
4777,NGC0470,0.1374273351632569,11.090000000000002,58.0,False,False,False,False,False,False
4791,UGC00860,-0.22891792908845776,14.14,50.0,False,False,False,False,False,False
4805,UGC00866,-0.3934943809896887,14.35,78.0,False,False,False,False,False,False
4840,PGC004840,-0.14596274774371,13.68,67.0,False,False,False,False,False,False
4851,PGC004851,0.00823940744497298,14.469999999999999,55.0,False,False,False,False,False,False
4856,UGC00876,-0.1595558851598815,14.96,90.0,False,False,False,False,False,False
4868,UGC00877,0.029181341356069534,13.5,88.0,False,False,False,False,False,False
4873,UGC00885,-0.18154113528348192,14.940000000000001,72.0,False,False,False,False,False,False
4876,IC1675,0.03423396519442656,12.780000000000001,76.0,False,False,False,False,False,False
4877,UGC00884,0.1602440794809974,14.1,54.0,False,False,False,False,False,False
4896,UGC00890,0.011844106588176029,12.52,79.0,False,False,False,False,False,False
4898,UGC00889,-0.07623796539889849,14.45,58.0,False,False,False,False,False,False
4911,PGC004911,-0.16083002528598245,14.190000000000001,67.0,False,False,False,False,False,False
4912,ESO476-005,0.18811398504236898,11.959999999999999,78.0,False,False,False,False,False,False
4913,UGC00891,-0.4775671692925729,13.540000000000001,78.0,False,False,False,False,True,True
4915,NGC0477,0.0842644694118615,12.459999999999999,57.0,False,False,False,False,False,False
4916,IC1681,-0.17572303480533114,14.01,63.0,False,False,False,False,False,False
4918,UGC00896,-0.27451183902501475,15.0,81.0,False,False,False,False,False,False
4919,PGC004919,-0.05648863812300364,14.73,59.0,False,False,False,False,False,False
4920,PGC004920,-0.05736877406759122,13.58,71.0,False,False,False,False,False,False
4921,NGC0485,-0.19091658080502372,12.44,79.0,False,False,False,False,True,True
4928,UGC00899,0.07701712096443591,13.76,60.0,False,False,False,False,False,False
4947,UGC00904,0.1666356940534297,13.229999999999999,66.0,False,False,False,False,False,False
4948,UGC00903,0.040594115869288405,11.94,88.0,False,False,False,False,False,False
4957,NGC0489,0.08485454795112357,11.66,85.0,False,False,False,False,False,False
4979,NGC0493,-0.08851774234999743,11.559999999999999,80.0,False,False,False,False,True,True
4985,UGC00913,-0.020128604066603106,13.38,63.0,False,False,False,False,False,False
4988,PGC004988,-0.2317690614508887,14.290000000000001,86.0,False,False,False,False,False,False
4992,NGC0497,0.2686359208086495,11.98,65.0,False,False,False,False,False,False
4995,PGC004995,-0.2618296089077594,14.469999999999999,54.0,False,False,False,False,False,False
5008,IC1683,0.14899776773219342,12.71,59.0,False,False,False,False,False,False
5020,UGC00918,-0.016619783313893244,14.38,70.0,False,False,False,False,False,False
5024,UGC00923,0.0821692476350444,14.23,84.0,False,False,False,False,False,False
5032,PGC005032,-0.1971420481724726,14.059999999999999,75.0,False,False,False,False,False,False
5035,NGC0494,0.2095997643826224,11.8,73.0,False,False,False,False,False,False
5041,PGC005041,-0.24568588413709858,14.89,77.0,False,False,False,False,False,False
5043,PGC005043,-0.20414484653877896,13.63,79.0,False,False,False,False,False,False
5061,NGC0496,0.02819503324032091,12.78,57.0,False,False,False,False,False,False
5067,UGC00931,-0.4161554195374526,14.770000000000001,86.0,False,False,False,False,False,False
5072,PGC005072,-0.5256015980071296,14.13,63.0,False,False,False,False,True,True
5088,UGC00940,0.025968174405404554,13.99,55.0,False,False,False,False,False,False
5132,NGC0512,0.22357851156185937,11.99,82.0,False,False,False,False,False,False
5138,PGC005138,-0.2307047556640005,14.9,60.0,False,False,False,False,False,False
5139,NGC0514,-0.008485551904381605,11.16,51.0,False,False,False,False,True,True
5147,IC0101,-0.1793681690152824,13.4,61.0,False,False,False,False,False,False
5150,UGC00948,-0.2910044661003761,15.93,76.0,False,False,False,False,False,False
5174,NGC0513,0.28013987130641205,12.45,60.0,False,False,False,False,False,False
5181,UGC00955,-0.07569491591709498,14.3,86.0,False,False,False,False,False,False
5187,PGC005187,-0.13630475947258924,14.29,62.0,False,False,False,False,False,False
5189,UGC00961,0.03441015297499872,13.8,85.0,False,False,False,False,False,False
5194,UGC00958,-0.30661076056712355,14.25,88.0,False,False,False,False,False,False
5198,UGC00964,-0.17672149511998336,13.53,86.0,False,False,False,False,False,False
5218,NGC0522,0.07775644091564038,11.530000000000001,88.0,False,False,False,False,False,False
5220,UGC00971,-0.4625735020593762,16.62,90.0,False,False,True,False,False,False
5226,PGC005226,0.12224205361708451,14.12,54.0,False,False,False,False,False,False
5242,PGC005242,-0.2641454067694782,15.16,55.0,False,False,False,False,False,False
5260,UGC00975,-0.017173672740452783,13.61,56.0,False,False,False,False,False,False
5264,NGC0532,0.0760224506451106,11.02,80.0,False,False,False,False,True,False
5270,UGC00985,0.24226067118316053,12.9,76.0,False,False,False,False,False,False
5284,UGC00987,0.07507978969005524,12.08,79.0,False,False,False,False,False,False
5291,UGC00998,-0.35459954872767074,15.360000000000001,84.0,False,False,False,False,False,False
5294,UGC00994,-0.0065021556047137885,14.520000000000001,64.0,False,False,False,False,False,False
5321,IC1702,-0.03292016424740307,12.809999999999999,52.0,False,False,False,False,False,False
5328,IC0112,0.0147702746039311,13.309999999999999,55.0,False,False,False,False,False,False
5330,UGC01011,-0.4274885872420864,15.72,79.0,False,False,False,False,False,False
5341,PGC005341,-0.12602878688379615,11.99,86.0,False,False,False,False,True,False
5344,NGC0536,0.22010740149912822,11.31,73.0,False,False,False,False,False,False
5360,NGC0542,-0.009072992860251095,13.61,79.0,False,False,False,False,False,False
5382,UGC01020,-0.10263039531173934,12.93,74.0,False,False,False,False,False,False
5389,IC0116,-0.07418193983688637,13.719999999999999,56.0,False,False,False,False,False,False
5399,PGC005399,-0.11709524972259766,14.0,59.0,False,False,False,False,False,False
5406,PGC005406,0.1377282872452903,14.129999999999999,56.0,False,False,False,False,False,False
5411,IC1704,0.03223199432752688,13.26,46.0,False,False,False,False,False,False
5440,UGC01033,0.02564040074409535,12.42,87.0,False,False,False,False,False,False
5450,NGC0551,0.1003912021930935,12.25,69.0,False,False,False,False,False,False
5453,UGC01037,-0.2181452259154617,13.6,73.0,False,False,False,False,False,False
5457,UGC01035,0.17106541422241106,12.99,62.0,False,False,False,False,False,False
5473,UGC01045,-0.0062251499874248495,13.51,79.0,False,False,False,False,False,False
5479,UGC01050,-0.3503366587158405,15.040000000000001,80.0,False,False,False,False,False,False
5498,PGC005498,-0.03903600705268051,13.049999999999999,89.0,False,False,False,False,False,False
5518,UGC01054,-0.2644715530924513,15.36,90.0,False,False,False,False,False,False
5527,UGC01057,0.049654324061920274,13.200000000000001,76.0,False,False,False,False,False,False
5534,UGC01060,-0.11933653172600867,14.61,78.0,False,False,False,False,False,False
5551,PGC005551,-0.10842390167121074,13.97,69.0,False,False,False,False,False,False
5552,PGC005552,-0.03873663660320581,14.389999999999999,53.0,False,False,False,False,False,False
5555,UGC01065,-0.0432335364405283,14.200000000000001,70.0,False,False,False,False,False,False
5563,UGC01066,-0.2989572620273431,15.780000000000001,84.0,False,False,False,False,False,False
5578,PGC005578,-0.09602697956372719,14.41,77.0,False,False,False,False,False,False
5579,UGC01068,0.1170871624508476,12.059999999999999,54.0,False,False,False,False,False,False
5581,IC0127,0.037885245264045686,11.760000000000002,89.0,False,False,False,False,False,False
5591,PGC005591,0.00021993112453788655,13.49,60.0,False,False,False,False,False,False
5596,UGC01075,-0.4755614107603363,15.1,83.0,False,False,False,False,False,False
5600,UGC01073,-0.22318525973107395,13.53,51.0,False,False,False,False,False,False
5613,PGC005613,0.18320572548402314,13.88,65.0,False,False,False,False,False,False
5623,PGC005623,-0.06123771015351398,14.760000000000002,74.0,False,False,False,False,False,False
5636,PGC005636,-0.06378141895586875,14.02,83.0,False,False,False,False,False,False
5643,IC1711,0.07755795002799681,11.459999999999999,89.0,False,False,False,False,False,False
5645,UGC01083,0.013457560860743012,13.110000000000001,62.0,False,False,False,False,False,False
5656,PGC005656,0.211989754483501,13.19,72.0,False,False,False,False,False,False
5668,PGC005668,0.08004196164380417,14.48,67.0,False,False,False,False,False,False
5676,UGC01086,-0.19686950714709184,14.040000000000001,76.0,False,False,False,False,False,False
5688,NGC0585,0.1721640081264888,11.59,89.0,False,False,False,False,False,False
5691,NGC0579,-0.07857015483162755,12.42,47.0,False,False,False,False,False,False
5702,NGC0582,0.1579556169831866,11.99,78.0,False,False,False,False,False,False
5716,UGC01096,0.09058768132761585,13.91,76.0,False,False,False,False,False,False
5751,PGC005751,0.06640670488272615,12.76,69.0,False,False,False,False,False,False
5761,UGC01104,-0.5975165995831431,13.23,57.0,False,False,False,False,True,True
5773,PGC005773,-0.11107817560878397,14.09,56.0,False,False,False,False,False,False
5792,UGC01110,-0.1990875851603362,13.47,82.0,False,False,False,False,False,False
5794,UGC01112,-0.36665296333905406,13.559999999999999,73.0,False,False,False,False,True,False
5795,PGC005795,-0.25270961103221756,15.18,73.0,False,False,False,False,False,False
5799,UGC01114,0.057213881760145746,13.950000000000001,70.0,False,False,False,False,False,False
5810,UGC01118,-0.09889977814371909,12.93,80.0,False,False,False,False,False,False
5879,UGC01124,0.033032206688333954,13.129999999999999,74.0,False,False,False,False,False,False
5884,UGC01130,0.06996950332229579,13.469999999999999,87.0,False,False,False,False,False,False
5897,NGC0615,0.08643005051316921,10.69,73.0,False,False,False,False,True,True
5916,UGC01132,0.03635329471606852,13.33,69.0,False,False,False,False,False,False
5934,PGC005934,0.017791491657224157,15.1,87.0,False,False,False,False,False,False
5945,UGC01144,-0.1297076228486853,14.34,69.0,False,False,False,False,False,False
5954,UGC01146,-0.3096021516389369,15.42,89.0,False,False,False,False,False,False
5986,UGC01152,0.051234244167270404,13.72,59.0,False,False,False,False,False,False
6006,UGC01154,0.032153260405647366,13.43,49.0,False,False,False,False,False,False
6029,UGC01159,-0.15453000475350764,14.41,75.0,False,False,False,False,False,False
6045,UGC01160,0.003790683057180999,13.13,90.0,False,False,False,False,False,False
6048,PGC006048,-0.23762396225854143,13.78,71.0,False,False,False,False,False,False
6054,PGC006054,-0.14303098381699764,14.35,59.0,False,False,False,False,False,False
6074,UGC01165,0.11278251815343898,13.87,86.0,False,False,False,False,False,False
6108,PGC006108,-0.16554624884906932,14.879999999999999,90.0,False,False,False,False,False,False
6137,PGC006137,-0.1372306146430473,14.91,49.0,False,False,False,False,False,False
6147,UGC01172,-0.2156395611503532,13.55,86.0,False,False,False,False,False,False
6169,NGC0649,0.024220794439419713,13.7,72.0,False,False,False,False,False,False
6190,PGC006190,-0.2629025375916614,13.77,80.0,False,False,False,False,False,False
6193,UGC01181,-0.049684741489867346,15.0,89.0,False,False,False,False,False,False
6208,NGC0652,-0.07118658088838403,13.17,62.0,False,False,False,False,False,False
6209,PGC006209,0.11498052610119025,13.68,49.0,False,False,False,False,False,False
6228,PGC006228,-0.2706540326193876,12.61,74.0,False,False,False,False,True,True
6235,IC1721,-0.03912623566947193,13.01,66.0,False,False,False,False,False,False
6246,PGC006246,-0.013314509634979821,14.04,84.0,False,False,False,False,False,False
6263,UGC01189,-0.1299014624968522,14.42,72.0,False,False,False,False,False,False
6275,NGC0658,0.045663453477437166,11.71,63.0,False,False,False,False,False,False
6292,UGC01195,-0.42020581402933654,12.54,82.0,False,False,False,False,True,True
6294,UGC01197,-0.24719434667287166,13.8,84.0,False,False,False,False,False,False
6302,UGC01199,0.06461910141416682,14.31,72.0,False,False,False,False,False,False
6309,UGC01200,-0.34441015623634463,12.940000000000001,57.0,False,False,False,False,True,True
6329,UGC01204,-0.06625058482277835,13.67,84.0,False,False,False,False,False,False
6332,IC1723,0.14572133508223217,11.89,82.0,False,False,False,False,False,False
6335,PGC006335,0.020177149442791364,14.67,54.0,False,False,False,False,False,False
6358,UGC01209,-0.03633737155707406,12.66,71.0,False,False,False,False,False,False
6364,UGC01211,-0.23186638553031624,14.1,54.0,False,False,False,False,False,False
6377,UGC01218,0.050130496110248224,14.139999999999999,64.0,False,False,False,False,False,False
6380,UGC01219,0.11596693460450647,12.299999999999999,63.0,False,False,False,False,False,False
6434,UGC01224,0.14542226934909186,13.93,90.0,False,False,False,False,False,False
6437,PGC006437,-0.6658717737681785,14.47,79.0,False,False,False,False,True,True
6438,PGC006438,-0.2748978778341824,14.120000000000001,84.0,False,False,False,False,False,False
6443,UGC01228,-0.1771983827736885,12.82,64.0,False,False,False,False,False,False
6454,UGC01235,-0.06832619518783423,13.77,56.0,False,False,False,False,False,False
6459,UGC01233,0.05939192989235442,13.58,55.0,False,False,False,False,False,False
6475,UGC01237,0.08092502573147531,12.540000000000001,79.0,False,False,False,False,False,False
6485,UGC01239,-0.09949729905570459,14.12,55.0,False,False,False,False,False,False
6500,UGC01240,-0.4023641021486446,14.35,77.0,False,False,False,False,False,False
6505,IC0159,-0.07334338394980655,12.95,57.0,False,False,False,False,False,False
6528,UGC01244,-0.2309003692395062,14.41,80.0,False,False,False,False,False,False
6546,NGC0671,0.10950463947389855,12.69,72.0,False,False,False,False,False,False
6573,UGC01253,0.15727742126989908,13.280000000000001,72.0,False,False,False,False,False,False
6574,IC1727,-0.39069120420649295,11.25,73.0,True,False,False,False,True,True
6580,UGC01255,-0.08056179868262925,14.01,52.0,False,False,False,False,False,False
6586,PGC006586,0.12656808378230489,14.12,53.0,False,False,False,False,False,False
6587,NGC0690,-0.1124123600170206,13.950000000000001,50.0,False,False,False,False,False,False
7183,PGC007183,-0.7773736020047621,15.14,75.0,False,False,False,False,True,True
6595,NGC0672,-0.1768169889776301,10.02,71.0,False,False,False,False,True,True
6627,UGC01261,-0.022673037693069276,13.09,85.0,False,False,False,False,False,False
6628,UGC01262,-0.11451144301515148,14.41,55.0,False,False,False,False,False,False
6636,UGC01264,-0.15109954324458963,14.510000000000002,87.0,False,False,False,False,False,False
6645,PGC006645,-0.41623368900630897,12.969999999999999,64.0,False,False,False,False,True,True
6654,UGC01268,-0.07879080949209838,12.76,77.0,False,False,False,False,False,False
6675,IC0163,-0.12672174563310667,12.299999999999999,68.0,False,False,False,False,False,False
6678,UGC01278,0.03836491244829787,14.08,62.0,False,False,False,False,False,False
6687,UGC01279,-0.03319029632288828,13.6,71.0,False,False,False,False,False,False
6690,NGC0678,0.19642253892410366,10.53,89.0,False,False,False,False,False,False
6699,UGC1281,-0.46657624451305013,11.74,90.0,True,False,False,False,True,True
6716,UGC01287,-0.39653214413954707,15.58,52.0,False,False,False,False,False,False
6728,UGC01289,-0.2175551968463778,14.360000000000001,52.0,False,False,False,False,False,False
6735,PGC006735,0.03435426092662919,13.45,74.0,False,False,False,False,False,False
6741,UGC01296,-0.10564727275783348,13.799999999999999,85.0,False,False,False,False,False,False
6750,UGC01294,-0.48804712526089755,15.299999999999999,52.0,False,False,False,False,False,False
6756,IC1731,-0.07019628321079585,12.860000000000001,52.0,False,False,False,False,False,False
6759,NGC0684,0.1750012087801851,10.77,86.0,False,False,False,False,False,False
6790,PGC006790,-0.2552342150979867,14.31,58.0,False,False,False,False,False,False
6793,NGC0691,0.09733846612305408,10.9,53.0,True,False,False,False,True,True
6814,IC1736,-0.07530606913072413,13.629999999999999,79.0,False,False,False,False,False,False
6817,UGC01312,-0.06684019760536009,13.25,80.0,False,False,False,False,False,False
6826,NGC0701,-0.0695744018802551,11.2,67.0,False,False,False,False,True,True
6827,UGC01314,-0.25287772840288136,14.5,70.0,False,False,False,False,False,False
6837,PGC006837,-0.1004679831167321,13.74,51.0,False,False,False,False,False,False
6848,NGC0697,0.1535454788519388,10.68,75.0,False,False,False,False,False,False
6863,UGC01323,-0.22922554364042513,15.7,76.0,False,False,False,False,False,False
7193,PGC007193,-0.1495631873892358,14.06,61.0,False,False,False,False,False,False
6864,PGC006864,-0.25158187837877577,14.239999999999998,81.0,False,False,False,False,False,False
6872,UGC01324,0.21778743847840776,12.83,53.0,False,False,False,False,False,False
6884,PGC006884,-0.052854353467909565,14.629999999999999,59.0,False,False,False,False,False,False
6889,UGC01329,-0.20767777845275237,13.98,89.0,False,False,False,False,False,False
6893,UGC01328,-0.03688978231426132,13.299999999999999,54.0,False,False,False,False,False,False
6905,UGC01337,-0.15226419897486343,15.2,77.0,False,False,False,False,False,False
6966,PGC006966,0.21375518417235728,11.73,88.0,False,False,False,False,False,False
6982,NGC0716,0.10271865013060655,12.18,72.0,False,False,False,False,False,False
6996,IC1742,0.09575297640363134,13.860000000000001,50.0,False,False,False,False,False,False
7013,PGC007013,-0.08781815956919647,14.44,66.0,False,False,False,False,False,False
7022,UGC01362,-0.19258123425256857,15.68,46.0,False,False,False,False,False,False
7039,UGC01365,-0.09277457473133044,13.56,70.0,False,False,False,False,False,False
7072,UGC01373,-0.14996027915762689,13.65,78.0,False,False,False,False,False,False
7073,UGC01372,-0.021445417783723997,13.700000000000001,69.0,False,False,False,False,False,False
7087,PGC007087,-0.18111710388895164,14.09,62.0,False,False,False,False,False,False
7088,UGC01377,-0.16899063294355932,14.940000000000001,87.0,False,False,False,False,False,False
7096,UGC01383,-0.04034287116235413,13.54,88.0,False,False,False,False,False,False
7098,NGC0722,0.13605324262000495,12.25,71.0,False,False,False,False,False,False
7104,UGC01384,-0.2251069828471537,15.07,81.0,False,False,False,False,False,False
7114,UGC01386,-0.3058161914994413,13.52,86.0,False,False,False,False,False,False
7135,PGC007135,-0.06950115098139253,13.799999999999999,54.0,False,False,False,False,False,False
7150,UGC01391,0.09224290758663845,12.69,89.0,False,False,False,False,False,False
7221,PGC007221,-0.07513253805890718,14.950000000000001,63.0,False,False,False,False,False,False
7222,PGC007222,-0.23998439168885133,14.229999999999999,78.0,False,False,False,False,False,False
7229,IC1748,-0.025014609588350556,13.73,51.0,False,False,False,False,False,False
7243,UGC01410,0.055094448578319355,12.95,90.0,False,False,False,False,False,False
7246,UGC01408,0.09937218956733584,13.790000000000001,62.0,False,False,False,False,False,False
7248,PGC007248,-0.7067925277190548,14.93,75.0,False,False,False,False,True,True
7259,NGC0748,0.2076952802645864,11.73,68.0,False,False,False,False,False,False
7262,NGC0755,-0.14239752218322677,11.799999999999999,74.0,False,False,False,False,True,True
7281,UGC01417,-0.017126416391246124,15.3,90.0,False,False,False,False,False,False
7285,UGC01419,-0.11119477076709838,14.96,60.0,False,False,False,False,False,False
7304,PGC007304,0.07204929837115293,13.18,54.0,False,False,False,False,False,False
7306,IC0176,-0.029237075616651786,13.05,81.0,False,False,False,False,False,False
7316,NGC0740,0.015925083141542284,12.82,81.0,False,False,False,False,False,False
7327,PGC007327,-0.4454463599222982,14.79,56.0,False,False,False,False,False,False
7328,IC1756,0.0855268796992723,12.96,89.0,False,False,False,False,False,False
7333,UGC01422,0.03428447108312893,13.02,67.0,False,False,False,False,False,False
7341,IC1755,0.2425727156396671,12.82,81.0,False,False,False,False,False,False
7354,PGC007354,-0.20620044596925569,14.98,52.0,False,False,False,False,False,False
7366,NGC0747,0.13292711772482235,12.81,64.0,False,False,False,False,False,False
7377,PGC007377,-0.0641076804424654,13.81,50.0,False,False,False,False,False,False
7384,PGC007384,-0.2814568456399966,15.33,86.0,False,False,False,False,False,False
7385,PGC007385,-0.10206591797795417,13.06,52.0,False,False,False,False,False,False
7406,UGC01444,-0.02136735421538516,12.8,89.0,False,False,False,False,False,False
7411,UGC01446,-0.06543531510442957,13.58,79.0,False,False,False,False,False,False
7420,UGC01448,0.04194266107283484,13.25,80.0,False,False,False,False,False,False
7441,UGC01452,-0.2375489102695707,15.05,90.0,False,False,False,False,False,False
7442,PGC007442,-0.049158804022761515,13.520000000000001,71.0,False,False,False,False,False,False
7465,NGC0768,0.07577993258553839,12.620000000000001,71.0,False,False,False,False,False,False
7478,UGC01461,-0.09149539360973558,13.780000000000001,88.0,False,False,False,False,False,False
7519,UGC01465,0.20043331957449562,14.010000000000002,87.0,False,False,False,False,False,False
7521,PGC007521,-0.28818891318005546,13.75,68.0,False,False,False,False,False,False
7533,UGC01468,-0.1470818504887812,13.9,62.0,False,False,False,False,False,False
7537,NGC0769,0.03880659561498678,12.54,57.0,False,False,False,False,False,False
7540,PGC007540,-0.18174323923618463,13.94,73.0,False,False,False,False,False,False
7544,NGC0779,0.054902722468078924,10.07,78.0,False,False,False,False,True,True
7545,UGC01470,-0.16952007646003775,14.22,89.0,False,False,False,False,False,False
7547,PGC007547,0.10007850348908276,12.55,53.0,False,False,False,False,False,False
7556,IC0182,-0.2707029130259717,13.15,48.0,False,False,False,False,False,False
7562,PGC007562,-0.06277814281314686,13.540000000000001,86.0,False,False,False,False,False,False
7574,UGC01481,0.05873760692323593,14.15,74.0,False,False,False,False,False,False
7587,PGC007587,-0.1771763298810316,14.430000000000001,72.0,False,False,False,False,False,False
7594,UGC01479,0.14213228784497645,12.7,80.0,False,False,False,False,False,False
7596,UGC01484,-0.26387595938520114,15.799999999999999,87.0,False,False,False,False,False,False
7602,UGC01485,0.020556077129322503,12.68,64.0,False,False,False,False,False,False
7604,PGC007604,0.08996229752273566,13.31,50.0,False,False,False,False,False,False
7613,UGC01490,-0.2827841358536851,13.530000000000001,76.0,False,False,False,False,False,False
7637,UGC01495,-0.022190861502425552,14.54,57.0,False,False,False,False,False,False
7649,UGC01498,-0.018487360178966128,13.19,58.0,False,False,False,False,False,False
7653,PGC007653,-0.0967464956779196,14.15,49.0,False,False,False,False,False,False
7663,UGC01500,-0.3062798079382887,14.200000000000001,87.0,False,False,False,False,False,False
7667,UGC01502,-0.40378805808121143,15.780000000000001,71.0,False,False,False,False,False,False
7671,NGC784,-0.5798626974778289,11.13,86.0,True,False,False,False,True,True
7706,UGC01510,-0.19946088176011711,13.059999999999999,63.0,False,False,False,False,False,False
7750,UGC01519,-0.4445359054983462,15.12,84.0,False,False,False,False,False,False
7770,UGC01531,0.10010779277081427,13.379999999999999,77.0,False,False,False,False,False,False
7775,PGC007775,0.09720153681314336,14.1,71.0,False,False,False,False,False,False
7776,PGC007776,0.0769021838770505,13.98,68.0,False,False,False,False,False,False
7800,UGC01536,0.041561936217349604,13.71,70.0,False,False,False,False,False,False
7806,PGC007806,-0.1055483191737836,13.229999999999999,90.0,False,False,False,False,False,False
7812,IC0194,0.18848597219348218,12.33,89.0,False,False,False,False,False,False
7819,UGC01538,-0.37920246084007925,15.13,58.0,False,False,False,False,False,False
7839,UGC01553,-0.1750795419654203,14.34,60.0,False,False,False,False,False,False
7842,PGC007842,0.06096583518220999,13.51,86.0,False,False,False,False,False,False
7843,PGC007843,-0.07250010549776498,13.61,50.0,False,False,False,False,False,False
7849,NGC0803,-0.07508580436919488,11.510000000000002,72.0,False,False,False,False,True,True
7856,IC0196,0.09466527665546742,11.629999999999999,72.0,False,False,False,False,False,False
7864,UGC01560,0.09379724486753549,13.21,51.0,False,False,False,False,False,False
7875,IC0197,-0.03589128867768254,12.99,67.0,False,False,False,False,False,False
7900,PGC007900,-0.2987527277011184,12.86,73.0,False,False,False,False,True,True
7902,UGC01565,-0.2077006479583745,14.59,69.0,False,False,False,False,False,False
7905,NGC0811,-0.285528028284574,14.440000000000001,63.0,False,False,False,False,False,False
7917,UGC01572,-0.024461064362928386,12.46,82.0,False,False,False,False,False,False
7930,PGC007930,0.14845215263706368,13.33,56.0,False,False,False,False,False,False
7939,PGC007939,0.0593216382620918,14.270000000000001,63.0,False,False,False,False,False,False
7944,UGC01575,-0.22124639904717114,15.360000000000001,90.0,False,False,False,False,False,False
7951,UGC01580,0.1741014939200185,12.700000000000001,80.0,False,False,False,False,False,False
7960,UGC01576,-0.3040341973999947,15.1,89.0,False,False,False,False,False,False
7962,PGC007962,-0.08774525156312896,13.940000000000001,49.0,False,False,False,False,False,False
7966,UGC01584,0.002277267962862428,14.020000000000001,73.0,False,False,False,False,False,False
7981,PGC007981,-0.15101947632539714,14.5,52.0,False,False,False,False,False,False
7995,PGC007995,0.073460863743942,12.729999999999999,74.0,False,False,False,False,False,False
8003,UGC01589,0.30526717531320235,13.729999999999999,49.0,False,False,False,False,False,False
8005,PGC008005,-0.11245013805334292,14.43,58.0,False,False,False,False,False,False
8035,UGC01595,-0.04408965520102193,13.729999999999999,66.0,False,False,False,False,False,False
8039,IC1779,0.040706252780536634,13.72,47.0,False,False,False,False,False,False
8056,UGC01600,0.03914224898354801,13.8,89.0,False,False,False,False,False,False
8104,PGC008104,-0.23542088081343993,14.92,66.0,False,False,False,False,False,False
8120,UGC01607,0.185218065810695,12.120000000000001,77.0,False,False,False,False,False,False
8131,UGC01622,0.06734365834793721,13.21,70.0,False,False,False,False,False,False
8146,UGC01625,-0.07405915322283585,13.31,86.0,False,False,False,False,False,False
8163,UGC01630,-0.029242655623586078,12.56,69.0,False,False,False,False,False,False
8165,NGC0820,0.11290470352025839,12.06,56.0,False,False,False,False,False,False
8171,PGC008171,-0.035580543339961856,13.75,79.0,False,False,False,False,False,False
8173,NGC0825,0.15444118295637566,11.559999999999999,88.0,False,False,False,False,False,False
8175,PGC008175,-0.07346034550596725,14.36,65.0,False,False,False,False,False,False
8188,UGC01643,0.29738462797692566,13.76,71.0,False,False,False,False,False,False
8198,UGC01638,-0.11946729673308853,14.08,60.0,False,False,False,False,False,False
8200,IC0209,0.044066309554948724,12.34,51.0,False,False,False,False,False,False
8205,UGC01647,-0.3030197607996441,15.57,80.0,False,False,False,False,False,False
8207,UGC01646,-0.20331684760741764,13.39,80.0,False,False,False,False,False,False
8220,UGC01648,0.09522374729664751,12.81,60.0,False,False,False,False,False,False
8232,IC0210,-0.06861591580148563,11.53,83.0,False,False,False,False,True,False
8235,PGC008235,-0.02433100002865718,14.32,62.0,False,False,False,False,False,False
8245,UGC01652,-0.05587517070485459,13.54,65.0,False,False,False,False,False,False
8255,UGC01653,-0.1901183110685527,14.7,84.0,False,False,False,False,False,False
8266,UGC01659,0.14296995623002218,12.91,72.0,False,False,False,False,False,False
8281,UGC01663,-0.12584891328879388,13.77,61.0,False,False,False,False,False,False
8293,NGC0840,0.20741584179090644,12.49,59.0,False,False,False,False,False,False
8295,PGC008295,-0.30506053056483706,13.14,76.0,False,False,False,False,True,False
8313,PGC008313,-0.20092220289316698,14.340000000000002,77.0,False,False,False,False,False,False
8318,UGC01669,0.003949086346966002,13.47,51.0,False,False,False,False,False,False
8350,PGC008350,-0.0910741685478107,13.76,84.0,False,False,False,False,False,False
8353,UGC01677,-0.5087739243075051,16.79,90.0,False,False,True,False,False,False
8355,PGC008355,-0.3565761501739759,14.45,68.0,False,False,False,False,False,False
8360,IC0211,-0.0894725988152687,12.67,51.0,False,False,False,False,False,False
8379,UGC01683,-0.02228315157308769,14.25,87.0,False,False,False,False,False,False
8393,UGC01682,-0.1188773772955356,12.99,70.0,False,False,False,False,False,False
8400,PGC008400,-0.0975402490723587,14.209999999999999,86.0,False,False,False,False,False,False
8417,UGC01690,0.10429220327524158,13.129999999999999,89.0,False,False,False,False,False,False
8450,PGC008450,-0.3070992062286071,15.4,81.0,False,False,False,False,False,False
8452,UGC01700,-0.24366828475059643,14.989999999999998,86.0,False,False,False,False,False,False
8518,UGC01709,-0.04736757791949531,14.63,61.0,False,False,False,False,False,False
8520,UGC01706,-0.08490162835130777,13.09,74.0,False,False,False,False,False,False
8527,IC0212,0.09482954969472557,14.05,52.0,False,False,False,False,False,False
8531,PGC008531,0.06796004856710747,13.6,79.0,False,False,False,False,False,False
8535,UGC01711,-0.3275055995582834,14.76,74.0,False,False,False,False,False,False
8550,PGC008550,-0.11824003283734585,14.32,57.0,False,False,False,False,False,False
8556,IC0213,0.3182354009800856,12.41,48.0,False,False,False,False,False,False
8566,IC0215,-0.09180404558354383,12.86,85.0,False,False,False,False,False,False
8571,UGC01723,0.2943427671651624,13.5,51.0,False,False,False,False,False,False
8581,PGC008581,0.05656714184570211,11.84,88.0,False,False,False,False,False,False
8599,UGC01726,0.03940617899106513,13.01,81.0,False,False,False,False,False,False
8609,UGC01729,-0.18055335359767488,14.23,57.0,False,False,False,False,False,False
8624,UGC01733,-0.07839607313016872,13.67,90.0,False,False,False,False,False,False
8631,NGC0864,-0.06409368422394168,10.469999999999999,52.0,False,False,False,False,True,True
8635,UGC01741,0.028606206685211966,13.57,73.0,False,False,False,False,False,False
8642,UGC01739,-0.10596163263120584,13.8,80.0,False,False,False,False,False,False
8662,IC1786,-0.016742342897037688,14.28,53.0,False,False,False,False,False,False
8673,IC0217,-0.18134107132998878,12.11,87.0,False,False,False,False,True,False
8676,IC1784,0.2039434788082497,12.340000000000002,60.0,False,False,False,False,False,False
8678,NGC0865,-0.061650636190664354,12.1,81.0,False,False,False,False,False,False
8685,UGC01750,0.09842733159646189,13.23,78.0,False,False,False,False,False,False
8686,PGC008686,-0.061809517468729425,14.040000000000001,49.0,False,False,False,False,False,False
8691,UGC01753,-0.38803376509464194,14.07,75.0,False,False,False,False,False,False
8729,PGC008729,-0.01683339764176628,14.08,69.0,False,False,False,False,False,False
8752,IC1790,-0.17539505424784663,13.49,84.0,False,False,False,False,False,False
8754,PGC008754,-0.22789375238508613,13.99,88.0,False,False,False,False,False,False
8762,PGC008762,-0.39279003035213167,14.139999999999999,90.0,False,False,False,False,False,False
8766,IC1789,0.1417387515825146,11.83,88.0,False,False,False,False,False,False
8778,PGC008778,0.03675642079864749,13.88,59.0,False,False,False,False,False,False
8821,UGC01777,-0.18955736533404322,14.57,60.0,False,False,False,False,False,False
8822,NGC0881,0.17759456791036454,11.65,59.0,False,False,False,False,False,False
8838,UGC01785,-0.21231809172220784,15.32,80.0,False,False,False,False,False,False
8852,PGC008852,-0.2770271393343422,13.82,69.0,False,False,False,False,False,False
8882,UGC01792,0.1103819473867067,12.469999999999999,55.0,False,False,False,False,False,False
8908,PGC008908,-0.08047127066645077,13.98,78.0,False,False,False,False,False,False
8913,UGC01803,-0.3068092514547667,13.530000000000001,89.0,False,False,False,False,False,False
8950,UGC01811,0.05217417576553274,13.72,52.0,False,False,False,False,False,False
8964,UGC01817,0.07403126772771884,12.07,90.0,False,False,False,False,False,False
8974,NGC0895,0.033760258476403404,11.120000000000001,48.0,False,False,False,False,True,False
9016,UGC01834,-0.29341282779112676,14.69,66.0,False,False,False,False,False,False
9028,UGC01839,-0.3477116556169437,13.77,90.0,False,False,False,False,False,False
9083,PGC009083,0.21295024903286652,13.010000000000002,81.0,False,False,False,False,False,False
9118,PGC009118,0.07240643909399047,13.86,81.0,False,False,False,False,False,False
9120,PGC009120,-0.18638261182332538,13.8,51.0,False,False,False,False,False,False
9126,UGC01862,-0.3531305938251683,12.399999999999999,53.0,False,False,False,False,True,True
9134,UGC01856,-0.09833481814004097,12.68,88.0,False,False,False,False,False,False
9170,PGC009170,-0.008898500583490065,13.969999999999999,81.0,False,False,False,False,False,False
9173,UGC01871,0.31036007497410845,12.850000000000001,58.0,False,False,False,False,False,False
9183,PGC009183,0.19998527186849868,13.610000000000001,81.0,False,False,False,False,False,False
9186,UGC01867,-0.05413115564798732,13.28,88.0,False,False,False,False,False,False
9214,PGC009214,-0.0331327590852073,13.7,53.0,False,False,False,False,False,False
9248,PGC009248,-0.022429412321478992,13.74,55.0,False,False,False,False,False,False
9256,NGC0926,0.22577132675245126,12.219999999999999,65.0,False,False,False,False,False,False
9267,NGC0919,0.29055402215940207,13.03,84.0,False,False,False,False,False,False
9268,PGC009268,-6.475534360594892e-05,13.74,55.0,False,False,False,False,False,False
9272,PGC009272,-0.2296712729993926,13.530000000000001,75.0,False,False,False,False,False,False
9277,UGC01898,0.19478615906974417,13.64,86.0,False,False,False,False,False,False
9284,PGC009284,-0.10831414436131803,14.100000000000001,71.0,False,False,False,False,False,False
9296,PGC009296,-0.17900487512580554,14.49,71.0,False,False,False,False,False,False
9309,PGC009309,0.13147013911910266,13.34,67.0,False,False,False,False,False,False
9321,PGC009321,-0.19243781189601572,14.97,89.0,False,False,False,False,False,False
9347,UGC01923,-0.4503642001225665,15.76,71.0,False,False,False,False,False,False
9375,UGC01924,-0.4785460598516469,14.12,88.0,False,False,False,False,True,False
9376,UGC01934,0.22254495442419087,13.43,84.0,False,False,False,False,False,False
9382,PGC009382,0.061349752594445306,13.8,52.0,False,False,False,False,False,False
9394,UGC01945,-0.46356297634711074,12.53,73.0,False,False,False,False,True,True
9398,UGC01938,0.08971129730246075,13.069999999999999,81.0,False,False,False,False,False,False
9399,NGC0931,0.1445413198843606,11.860000000000001,79.0,False,False,False,False,False,False
9414,NGC0941,-0.23516655701418854,11.97,51.0,False,False,False,False,True,True
9419,UGC01944,-0.1959123395297664,14.51,66.0,False,False,False,False,False,False
9432,IC1799,0.11604023602480984,12.16,81.0,False,False,False,False,False,False
9440,UGC01955,-0.12859354275782575,13.64,70.0,False,False,False,False,False,False
9465,NGC0933,0.1972012982711333,12.01,75.0,False,False,False,False,False,False
9469,UGC01957,-0.03551141730684293,13.26,87.0,False,False,False,False,False,False
9475,UGC01965,-0.03883751616503739,12.54,88.0,False,False,False,False,False,False
9501,PGC009501,-0.14494656573930564,13.82,68.0,False,False,False,False,False,False
9505,UGC01968,-0.12795203837655844,14.24,61.0,False,False,False,False,False,False
9510,UGC01970,-0.157312678099379,12.76,88.0,False,False,False,False,False,False
9549,NGC0955,0.016933403678520254,10.72,84.0,False,False,False,False,True,True
9560,NGC0958,0.27093107756979284,11.200000000000001,75.0,False,False,False,False,False,False
9573,PGC009573,-0.017574883206092018,13.77,60.0,False,False,False,False,False,False
9575,PGC009575,-0.14367911315965376,14.610000000000001,52.0,False,False,False,False,False,False
9598,UGC01995,0.06215645092255384,13.33,60.0,False,False,False,False,False,False
9616,IC1809,-0.009142317800817867,12.81,52.0,False,False,False,False,False,False
9617,UGC01998,-0.16596939377983144,14.45,58.0,False,False,False,False,False,False
9631,UGC02000,-0.23166847085906417,15.14,59.0,False,False,False,False,False,False
9643,UGC02004,0.016767619941704837,13.23,52.0,False,False,False,False,False,False
9648,UGC02010,0.27131009105801107,13.05,51.0,False,False,False,False,False,False
9670,PGC009670,-0.526136978511135,15.08,81.0,False,False,False,False,False,False
9675,UGC02012,0.15856230443877184,13.18,52.0,False,False,False,False,False,False
9707,UGC02020,-0.11452886003706775,13.91,85.0,False,False,False,False,False,False
9725,UGC02025,0.17592035088390867,13.49,86.0,False,False,False,False,False,False
9727,UGC02026,-0.24089976267379765,15.1,58.0,False,False,False,False,False,False
9729,UGC02028,0.11116176222118934,12.61,67.0,False,False,False,False,False,False
9738,UGC02032,-0.3196615163661858,14.9,82.0,False,False,False,False,False,False
9744,PGC009744,0.20167416291661677,13.780000000000001,51.0,False,False,False,False,False,False
9753,UGC02037,0.11808904645420215,13.21,82.0,False,False,False,False,False,False
9765,UGC02044,-0.2832926248313816,14.700000000000001,51.0,False,False,False,False,False,False
9773,UGC02035,0.05999228207184659,12.6,56.0,False,False,False,False,False,False
9790,UGC02046,-0.25332968688901225,13.659999999999998,57.0,False,False,False,False,False,False
9805,UGC02052,-0.2719034559174869,16.240000000000002,81.0,False,False,False,False,False,False
9813,UGC02062,-0.009283963739232792,13.82,68.0,False,False,False,False,False,False
9818,UGC02050,-0.12092444559704774,14.149999999999999,58.0,False,False,False,False,False,False
9828,UGC02064,0.0007719046804681717,12.27,53.0,False,False,False,False,False,False
9837,UGC02071,0.08692080859317608,13.6,70.0,False,False,False,False,False,False
9843,NGC0988,-0.08966120854251214,10.229999999999999,73.0,False,False,False,False,True,True
9869,UGC02081,-0.17073837130407643,13.28,57.0,False,False,False,False,False,False
9875,UGC02085,-0.05185044636905811,14.3,69.0,False,False,False,False,False,False
9888,UGC02082,-0.23042090559131223,11.46,89.0,False,False,False,False,True,True
9894,UGC02091,0.02810954588014214,13.53,78.0,False,False,False,False,False,False
9904,UGC02092,0.13042787502502406,12.540000000000001,90.0,False,False,False,False,False,False
9917,UGC02097,-0.2718486543079117,15.98,88.0,False,False,False,False,False,False
9931,UGC02098,0.019600913895262195,14.13,76.0,False,False,False,False,False,False
9973,NGC1037,0.23456722623986748,12.719999999999999,60.0,False,False,False,False,False,False
9981,UGC02120,0.030497657037314774,13.51,79.0,False,False,False,False,False,False
9995,NGC1009,0.08198418582171652,13.04,86.0,False,False,False,False,False,False
10029,UGC02134,0.03635329471606852,12.02,69.0,False,False,False,False,False,False
10054,PGC010054,-0.11125798042534374,14.59,70.0,False,False,False,False,False,False
10065,NGC1035,-0.11581192985328626,11.129999999999999,77.0,False,False,False,False,True,True
10091,UGC02146,-0.17381567299196377,14.49,52.0,False,False,False,False,False,False
10092,UGC02151,0.21850263018768645,12.909999999999998,65.0,False,False,False,False,False,False
10126,UGC02159,-0.28251605578609373,14.75,90.0,False,False,False,False,False,False
10128,PGC010128,-0.40988495440007666,14.209999999999999,47.0,False,False,False,False,False,False
10160,PGC010160,0.2643134894387633,12.74,84.0,False,False,False,False,False,False
10172,NGC1051,-0.18538243482396632,12.129999999999999,58.0,False,False,False,False,True,True
10181,UGC02164,0.08991527714467917,13.13,77.0,False,False,False,False,False,False
10208,NGC1055,0.08492681807478064,8.91,87.0,False,False,False,False,True,True
10215,UGC02176,0.03233868466159917,13.15,72.0,False,False,False,False,False,False
10218,UGC02171,-0.16932158557239418,14.35,88.0,False,False,False,False,False,False
10285,NGC1069,0.25462655472858886,12.71,58.0,False,False,False,False,False,False
10290,NGC1071,0.1377437261113883,13.370000000000001,72.0,False,False,False,False,False,False
10303,NGC1061,-0.24372905269266187,12.73,58.0,False,False,False,False,True,True
10310,UGC02197,0.006588377036270909,12.899999999999999,52.0,False,False,False,False,False,False
10315,NGC1072,0.16940470397997798,12.55,74.0,False,False,False,False,False,False
10319,UGC02198,-0.03402155484433189,12.67,87.0,False,False,False,False,False,False
10324,NGC1074,0.06375673529480474,13.639999999999999,55.0,False,False,False,False,False,False
10331,UGC02201,-0.005583836990661339,12.950000000000001,85.0,False,False,False,False,False,False
10341,UGC02211,-0.007579096019629805,13.49,86.0,False,False,False,False,False,False
10370,PGC010370,-0.13421251876980866,12.97,59.0,False,False,False,False,False,False
10381,UGC02216,-0.38135686616975617,14.11,79.0,False,False,False,False,False,False
10389,IC1838,0.1042934261566062,13.57,62.0,False,False,False,False,False,False
10392,PGC010392,-0.0957253399464788,13.799999999999999,64.0,False,False,False,False,False,False
10407,UGC02221,-0.5131621155429835,15.129999999999999,89.0,False,False,False,False,False,False
10429,IC1843,0.11812217996787,13.06,58.0,False,False,False,False,False,False
10448,IC1844,0.015691628446935724,13.41,71.0,False,False,False,False,False,False
10464,NGC1084,0.025356784160450285,9.98,62.0,False,False,False,False,True,True
10467,PGC010467,0.0751553787770205,13.5,69.0,False,False,False,False,False,False
10489,UGC02233,0.3033693189992257,12.43,87.0,False,False,False,False,False,False
10490,UGC02234,-0.0851114936580859,13.5,80.0,False,False,False,False,False,False
10496,NGC1087,-0.08220233038429603,10.389999999999999,53.0,False,False,False,False,True,True
10507,NGC1090,0.03063153129496987,11.16,66.0,False,False,False,False,True,True
10512,UGC02239,-0.019629455110611982,12.920000000000002,83.0,False,False,False,False,False,False
10542,PGC010542,0.18453072739206577,13.02,84.0,False,False,False,False,False,False
10559,NGC1094,0.14665464553043783,12.4,53.0,False,False,False,False,False,False
10566,NGC1095,0.02819503324032091,12.969999999999999,57.0,False,False,False,False,False,False
10574,UGC02271,0.13988968311044125,13.43,57.0,False,False,False,False,False,False
10606,NGC1093,0.131942597040966,12.42,55.0,False,False,False,False,False,False
10629,UGC02284,-0.3884511414830705,14.65,46.0,False,False,False,False,False,False
10631,UGC02285,-0.05680898407390966,13.44,75.0,False,False,False,False,False,False
10647,IC1856,0.15217910725895134,12.77,63.0,False,False,False,False,False,False
10659,UGC02295,0.10638194851084748,12.22,76.0,False,False,False,False,False,False
10669,NGC1114,0.08985694393740307,11.879999999999999,67.0,False,False,False,False,False,False
10673,NGC1110,-0.29853672548877697,12.85,89.0,False,False,False,False,True,False
10701,UGC02300,0.13043525353251306,13.65,65.0,False,False,False,False,False,False
10716,PGC010716,0.14542608889247255,13.41,53.0,False,False,False,False,False,False
10747,UGC02319,0.06915480718005096,13.41,79.0,False,False,False,False,False,False
10766,PGC010766,0.10745502321466871,12.39,90.0,False,False,False,False,False,False
10794,PGC010794,0.01131402290384953,13.64,70.0,False,False,False,False,False,False
10813,PGC010813,-0.6382615672732024,14.58,57.0,False,False,False,False,True,True
10815,UGC02338,-0.0356717846165675,13.159999999999998,65.0,False,False,False,False,False,False
10817,PGC010817,-0.07668797587242082,13.59,89.0,False,False,False,False,False,False
10857,UGC02346,0.11813125866340313,13.42,74.0,False,False,False,False,False,False
10861,UGC02352,-0.5740649399556175,15.69,85.0,False,False,False,False,False,False
10875,PGC010875,0.08118961675403424,12.48,88.0,False,False,False,False,False,False
10913,UGC02364,0.02896972520206953,13.31,76.0,False,False,False,False,False,False
10933,UGC02371,0.042066319651406836,13.48,82.0,False,False,False,False,False,False
10942,NGC1137,0.009881354511950047,11.88,55.0,False,False,False,False,False,False
10943,UGC02375,0.15500855201099606,12.86,80.0,False,False,False,False,False,False
10956,UGC02370,-0.20996538863748215,13.530000000000001,90.0,False,False,False,False,False,False
11056,UGC02358,0.1932747721955268,11.600000000000001,59.0,False,False,False,False,False,False
11065,UGC02392,-0.31081285945392834,13.5,76.0,False,False,False,False,False,False
11067,UGC02404,-0.05909091793478227,13.72,90.0,False,False,False,False,False,False
11071,UGC02393,0.14574405172915128,13.57,73.0,False,False,False,False,False,False
11074,UGC02405,0.11839077008144727,12.93,72.0,False,False,False,False,False,False
11075,UGC02403,0.049654324061920274,12.32,76.0,False,False,False,False,False,False
11087,UGC02396,0.028916700277654694,14.799999999999999,90.0,False,False,False,False,False,False
11099,UGC02414,0.04106838524299983,13.72,83.0,False,False,False,False,False,False
11102,UGC02415,0.01879812833335759,13.799999999999999,78.0,False,False,False,False,False,False
11112,UGC02418,0.01844120383127068,13.21,52.0,False,False,False,False,False,False
11120,PGC011120,-0.08412046237106585,14.139999999999999,56.0,False,False,False,False,False,False
11131,PGC011131,-0.11271834065411301,14.879999999999999,72.0,False,False,False,False,False,False
11136,UGC02423,0.08480471329907768,13.129999999999999,76.0,False,False,False,False,False,False
11150,UGC02426,0.1232958496361718,13.19,52.0,False,False,False,False,False,False
11153,UGC02429,-0.3260341242217595,14.229999999999999,80.0,False,False,False,False,False,False
11163,UGC02422,-0.25158187837877577,12.430000000000001,81.0,False,False,False,False,True,True
11199,PGC011199,-0.10162936848850102,13.969999999999999,72.0,False,False,False,False,False,False
11202,IC1870,-0.19598161207774822,11.66,64.0,False,False,False,False,True,True
11245,UGC02443,-0.14764554406049957,12.829999999999998,65.0,False,False,False,False,False,False
11248,PGC011248,-0.1643235750612373,12.42,63.0,False,False,False,False,True,True
11252,UGC02441,-0.0881156529583551,12.25,88.0,False,False,False,False,False,False
11255,UGC02444,0.12908671839539698,13.0,58.0,False,False,False,False,False,False
11282,UGC02411,-0.01427857351841988,11.879999999999999,90.0,False,False,False,False,False,False
11313,UGC02451,0.18899102877198937,14.260000000000002,83.0,False,False,False,False,False,False
11335,PGC011335,-0.1262764113883721,13.65,66.0,False,False,False,False,False,False
11360,UGC02461,-0.013785704559760692,13.950000000000001,69.0,False,False,False,False,False,False
11369,UGC02466,-0.059029558049056075,13.190000000000001,71.0,False,False,False,False,False,False
11375,UGC02479,-0.19593816783615203,14.26,78.0,False,False,False,False,False,False
11397,UGC02482,-0.4192700285013271,14.48,57.0,False,False,False,False,False,False
11399,UGC02473,-0.1463819031748157,14.16,74.0,False,False,False,False,False,False
11400,PGC011400,-0.05670526691654798,13.59,84.0,False,False,False,False,False,False
11403,NGC1160,-0.05932962175775902,11.67,66.0,False,False,False,False,True,True
11447,UGC02494,0.24226067118316053,12.43,76.0,False,False,False,False,False,False
11453,UGC02497,-0.08245301134061522,12.530000000000001,82.0,False,False,False,False,False,False
11465,UGC02502,-0.008283923104959179,14.11,54.0,False,False,False,False,False,False
11477,UGC02501,-0.04542022163508319,12.95,64.0,False,False,False,False,False,False
11504,UGC02509,0.022813206070193992,13.06,78.0,False,False,False,False,False,False
11552,NGC1171,0.006514164222226171,11.66,60.0,False,False,False,False,False,False
11566,UGC02518,-0.02651140501183802,13.82,78.0,False,False,False,False,False,False
11582,PGC011582,0.06213002419761038,13.889999999999999,57.0,False,False,False,False,False,False
11598,UGC02523,0.0574800995965532,13.299999999999999,84.0,False,False,False,False,False,False
11611,PGC011611,0.14097632256300496,14.03,51.0,False,False,False,False,False,False
11617,NGC1186,0.14861203044833138,10.79,71.0,False,False,False,False,False,False
11625,UGC02526,0.25859556028915165,10.84,82.0,False,False,False,False,False,False
11629,PGC011629,0.014276768029080067,14.14,68.0,False,False,False,False,False,False
11643,IC0284,0.0597685625495612,10.93,70.0,False,False,False,False,True,True
11696,UGC02543,-0.004030534900855809,12.370000000000001,76.0,False,False,False,False,False,False
11767,PGC011767,0.13520645968874767,12.92,74.0,False,False,False,False,False,False
11793,UGC02519,-0.06565655528351577,11.930000000000001,57.0,False,False,False,False,False,False
11808,UGC02563,0.22405126574243583,12.93,87.0,False,False,False,False,False,False
11813,NGC1234,-0.11142439046440611,13.24,63.0,False,False,False,False,False,False
11846,IC0292,-0.026256778408007442,12.3,68.0,False,False,False,False,False,False
11872,UGC02573,0.01415514370814197,13.030000000000001,76.0,False,False,False,False,False,False
11919,UGC02587,0.13875389803305227,13.02,88.0,False,False,False,False,False,False
11926,UGC02581,-0.08831414384599823,13.950000000000001,89.0,False,False,False,False,False,False
11941,NGC1233,0.13530990445668545,11.95,76.0,False,False,False,False,False,False
11954,UGC02589,0.1821070658285251,12.94,52.0,False,False,False,False,False,False
11971,UGC02592,0.21805688353631014,13.01,71.0,False,False,False,False,False,False
11993,UGC02591,0.14676954094684147,13.28,73.0,False,False,False,False,False,False
12000,UGC02597,0.14663408038340853,13.66,67.0,False,False,False,False,False,False
12005,UGC02596,0.08031881413407094,12.620000000000001,63.0,False,False,False,False,False,False
12070,UGC02604,-0.01175829749026125,12.840000000000002,54.0,False,False,False,False,False,False
12078,UGC02610,-0.04204048098370272,13.25,64.0,False,False,False,False,False,False
12132,UGC02617,-0.03416152962693664,12.450000000000001,72.0,False,False,False,False,False,False
12163,UGC02628,0.1013394905514522,13.06,79.0,False,False,False,False,False,False
12175,UGC02631,0.07594213142869632,13.08,77.0,False,False,False,False,False,False
12257,UGC02640,0.1154518925341379,12.59,56.0,False,False,False,False,False,False
12259,NGC1285,0.02754456264035987,12.149999999999999,55.0,False,False,False,False,False,False
12333,UGC02655,-0.008384309566849879,12.69,72.0,False,False,False,False,False,False
12343,UGC02659,-0.0062251499874248495,12.97,79.0,False,False,False,False,False,False
12382,PGC012382,-0.03480430812195445,14.25,52.0,False,False,False,False,False,False
12446,UGC02677,0.1904607211069287,12.36,88.0,False,False,False,False,False,False
12466,NGC1299,-0.10943676922889267,12.13,63.0,False,False,False,False,True,False
12514,UGC02684,-0.6124500646814208,14.76,86.0,True,False,False,False,True,True
12531,UGC02690,0.04922932091847354,13.299999999999999,65.0,False,False,False,False,False,False
12620,UGC02699,0.06288845816372479,13.69,87.0,False,False,False,False,False,False
12660,UGC02700,0.12447340356167258,12.43,81.0,False,False,False,False,False,False
12705,UGC02709,0.07825974662571067,12.03,74.0,False,False,False,False,False,False
12750,UGC02718,0.023640891697002342,12.979999999999999,76.0,False,False,False,False,False,False
12757,UGC02719,-0.25885515801015035,14.99,87.0,False,False,False,False,False,False
12772,NGC1324,0.2912471318740337,11.42,76.0,False,False,False,False,False,False
12775,UGC02727,0.058973211611580645,13.92,88.0,False,False,False,False,False,False
12785,PGC012785,0.20828791228386478,12.739999999999998,51.0,False,False,False,False,False,False
12812,UGC02728,-0.050234469948822635,13.61,86.0,False,False,False,False,False,False
12816,UGC02730,0.1542426920687321,12.36,89.0,False,False,False,False,False,False
12912,PGC012912,-0.08774525156312896,13.42,49.0,False,False,False,False,False,False
13001,NGC1334,0.0837486226813513,12.18,67.0,False,False,False,False,False,False
13113,UGC02775,0.06888989327998063,12.540000000000001,51.0,False,False,False,False,False,False
13180,UGC02782,-0.08496050183841053,13.42,89.0,False,False,False,False,False,False
13204,PGC013204,0.2195959280621418,12.950000000000001,88.0,False,False,False,False,False,False
13223,PGC013223,-0.02433100002865718,13.58,62.0,False,False,False,False,False,False
13225,UGC02785,0.09217675739586673,12.89,90.0,False,False,False,False,False,False
13279,IC1956,0.09333943008831591,12.75,77.0,False,False,False,False,False,False
13280,UGC02791,-0.11679130748757638,14.19,53.0,False,False,False,False,False,False
13389,UGC02802,0.21724192795242114,13.06,59.0,False,False,False,False,False,False
13394,PGC013394,0.13870146217250534,12.76,57.0,False,False,False,False,False,False
13400,UGC02798,0.12889804377337066,12.07,75.0,False,False,False,False,False,False
13410,UGC02801,0.09212381717259666,12.979999999999999,86.0,False,False,False,False,False,False
13413,UGC02806,0.21802977456214112,13.110000000000001,81.0,False,False,False,False,False,False
13448,NGC1384,0.06154437249055755,13.440000000000001,53.0,False,False,False,False,False,False
13535,PGC013535,0.014291890842931032,12.86,53.0,False,False,False,False,False,False
13572,UGC02823,0.24488857682992604,12.75,87.0,False,False,False,False,False,False
13574,UGC02817,0.11382165908672492,12.48,78.0,False,False,False,False,False,False
13628,NGC1423,0.09449135227097294,12.950000000000001,55.0,False,False,False,False,False,False
13639,UGC02833,0.1789124865683669,13.36,78.0,False,False,False,False,False,False
13646,PGC013646,0.053883026643874565,11.17,90.0,False,False,False,False,False,False
13744,UGC02852,0.035360270233542046,13.1,89.0,False,False,False,False,False,False
13788,PGC013788,-0.010587818543980276,13.8,70.0,False,False,False,False,False,False
13813,UGC02856,0.2017803724546421,13.49,79.0,False,False,False,False,False,False
13817,UGC02854,-0.2318751884839303,13.59,79.0,False,False,False,False,False,False
13833,UGC02857,0.14295849997047405,12.46,53.0,False,False,False,False,False,False
13859,UGC02861,0.2408248341369914,11.88,65.0,False,False,False,False,False,False
13884,UGC02868,0.08718289837900484,12.96,87.0,False,False,False,False,False,False
13913,PGC013913,-0.2775689278912514,13.35,64.0,False,False,False,False,False,False
13940,PGC013940,-0.008485551904381605,13.74,51.0,False,False,False,False,False,False
13948,UGC02875,-0.04915355568922175,13.42,76.0,False,False,False,False,False,False
14065,NGC1474,0.09056746748651001,12.52,49.0,False,False,False,False,False,False
14068,UGC02893,-0.2202408790842929,13.870000000000001,51.0,False,False,False,False,False,False
14100,PGC014100,-0.0363941553318492,13.46,51.0,False,False,False,False,False,False
14149,UGC02905,-0.5762738137945236,13.81,53.0,False,False,False,False,True,True
14216,UGC02896,-0.21113905992367643,13.63,86.0,False,False,False,False,False,False
14274,UGC02922,0.07834593625347352,12.78,66.0,False,False,False,False,False,False
14559,UGC02969,-0.05899238877606017,12.95,73.0,False,False,False,False,False,False
14621,UGC02974,-0.1428834051755321,14.79,68.0,False,False,False,False,False,False
14651,UGC02982,0.09286200223058128,12.25,70.0,False,False,False,False,False,False
14676,PGC014676,0.17736658433728447,13.639999999999999,60.0,False,False,False,False,False,False
14693,UGC02988,0.15358208329027478,11.29,82.0,False,False,False,False,False,False
14751,UGC02995,-0.15592154519529267,14.459999999999999,85.0,False,False,False,False,False,False
14849,UGC03010,-0.1488508884050299,13.350000000000001,63.0,False,False,False,False,False,False
14853,UGC03009,-0.10389254519128288,13.049999999999999,85.0,False,False,False,False,False,False
14901,PGC014901,0.020121068289812083,13.520000000000001,82.0,False,False,False,False,False,False
14920,UGC03017,-0.17819793990644506,13.83,85.0,False,False,False,False,False,False
15027,UGC03029,-0.029176223113528188,13.370000000000001,52.0,False,False,False,False,False,False
15047,UGC03028,0.1702551709047464,11.62,63.0,False,False,False,False,False,False
15059,UGC03038,0.18334215065493087,13.04,80.0,False,False,False,False,False,False
15074,PGC015074,-0.045797472948914564,13.97,50.0,False,False,False,False,False,False
15181,UGC03054,-0.19458248036260484,13.78,89.0,False,False,False,False,False,False
15222,PGC015222,-0.11824003283734585,13.8,57.0,False,False,False,False,False,False
15259,PGC015259,-0.02551909484532988,13.31,88.0,False,False,False,False,False,False
15283,PGC015283,-0.2518384783025138,13.520000000000001,67.0,False,False,False,False,False,False
15331,NGC1586,0.03229138428231293,12.24,60.0,False,False,False,False,False,False
15342,NGC1589,0.2857219143360119,10.72,83.0,False,False,False,False,False,False
15389,UGC03075,-0.0881156529583551,13.549999999999999,88.0,False,False,False,False,False,False
15460,PGC015460,0.08758669296045074,14.13,54.0,False,False,False,False,False,False
15481,UGC03084,0.012103096273963665,12.38,82.0,False,False,False,False,False,False
15512,UGC03088,-0.09059475543959561,14.469999999999999,53.0,False,False,False,False,False,False
15574,UGC03093,0.04067464708619939,13.74,80.0,False,False,False,False,False,False
15586,PGC015586,0.19824950355950888,12.84,79.0,False,False,False,False,False,False
15638,NGC1620,0.1475862380016788,10.97,74.0,False,False,False,False,False,False
15668,UGC03107,0.15762641393825305,13.180000000000001,81.0,False,False,False,False,False,False
15673,UGC03109,-0.28669887352329315,14.35,51.0,False,False,False,False,False,False
15674,NGC1628,0.1523372241442411,11.66,86.0,False,False,False,False,False,False
15731,UGC03119,0.1720607241548251,12.72,76.0,False,False,False,False,False,False
15977,NGC1659,0.10659010807428837,12.02,54.0,False,False,False,False,False,False
15982,UGC03161,0.19810054562338975,13.44,90.0,False,False,False,False,False,False
16059,UGC03174,-0.41425283973935434,13.64,56.0,False,False,False,False,True,True
16067,IC2095,-0.3569190495551333,14.639999999999999,89.0,False,False,False,False,False,False
16144,IC2098,0.00920252233110297,12.129999999999999,90.0,False,False,False,False,False,False
16187,IC2101,0.02520806671064868,12.4,81.0,False,False,False,False,False,False
16322,PGC016322,0.07293775239125155,11.94,89.0,False,False,False,False,False,False
16382,PGC016382,-0.22773405214714915,14.209999999999999,66.0,False,False,False,False,False,False
16420,UGC03214,0.2385829200406806,11.280000000000001,87.0,False,False,False,False,False,False
16613,UGC03231,-0.05589644591936471,13.229999999999999,66.0,False,False,False,False,False,False
16636,PGC016636,0.09132924810491394,11.8,88.0,False,False,False,False,False,False
16646,UGC03237,-0.0359462281185432,13.13,85.0,False,False,False,False,False,False
16889,UGC03264,-0.13630475947258924,12.49,62.0,False,False,False,False,False,False
16930,PGC016930,-0.2350370360213132,13.5,63.0,False,False,False,False,False,False
17058,UGC03283,0.029181341356069534,13.11,88.0,False,False,False,False,False,False
17095,UGC03286,0.06461910141416682,13.139999999999999,72.0,False,False,False,False,False,False
17104,UGC03253,0.07910988013835718,12.33,62.0,False,False,False,False,False,False
17309,PGC017309,0.15891758631522857,13.979999999999999,56.0,False,False,False,False,False,False
17444,UGC03321,0.26288359191955823,12.54,65.0,False,False,False,False,False,False
17504,UGC03328,0.08172142314072284,12.5,81.0,False,False,False,False,False,False
18389,PGC018389,-0.03260212227141546,13.709999999999999,72.0,False,False,False,False,False,False
18558,UGC03409,-0.4450814152110878,15.1,78.0,False,False,False,False,False,False
18565,PGC018565,-0.011413509391970944,12.64,53.0,False,False,False,False,False,False
18637,PGC018637,0.19903615452679047,12.040000000000001,89.0,False,False,False,False,False,False
18705,UGC03433,-0.1564903451604187,12.35,76.0,False,False,False,False,True,False
18728,UGC03430,0.021480757073391032,13.069999999999999,72.0,False,False,False,False,False,False
18800,UGC03436,-0.11016846200436925,13.82,55.0,False,False,False,False,False,False
18989,PGC018989,-0.23516655701418854,13.81,51.0,False,False,False,False,False,False
19215,UGC03479,0.1331043186093943,13.11,75.0,False,False,False,False,False,False
19274,UGC03485,-0.46657624451305013,15.659999999999998,90.0,False,False,False,False,False,False
19281,ESO557-005,0.2733809168690171,12.83,86.0,False,False,False,False,False,False
19360,ESO557-009,-0.043340703635056155,12.17,63.0,False,False,False,False,False,False
19390,UGC03502,0.1257850494647137,12.81,73.0,False,False,False,False,False,False
19447,PGC019447,-0.1325779287832094,15.13,89.0,False,False,False,False,False,False
19526,IC2171,-0.43129478619494854,11.87,82.0,False,False,False,False,True,True
19627,UGC03500,-0.12170792409496345,13.23,81.0,False,False,False,False,False,False
19652,UGC03539,-0.008572155974955642,12.55,89.0,False,False,False,False,False,False
19674,UGC03551,0.0809249756756194,13.860000000000001,90.0,False,False,False,False,False,False
19679,UGC03552,-0.04734258815510417,13.33,65.0,False,False,False,False,False,False
19700,UGC03565,-0.011892922500185588,14.08,84.0,False,False,False,False,False,False
19743,UGC03573,0.1424645202421213,12.05,90.0,False,False,False,False,False,False
19781,UGC03582,-0.2016886038699659,14.040000000000001,49.0,False,False,False,False,False,False
19817,UGC03521,0.03836491244829787,13.07,62.0,False,False,False,False,False,False
19820,UGC03577,0.04074867531908222,12.959999999999999,54.0,False,False,False,False,False,False
19841,UGC03540,-0.39454050506154204,14.4,85.0,False,False,False,False,False,False
19871,UGC3600,-0.5033938513725751,14.209999999999999,81.0,True,False,False,False,True,True
19886,UGC03528,0.03299269953974271,12.39,63.0,False,False,False,False,False,False
19998,UGC03628,-0.2309003692395062,15.76,80.0,False,False,False,False,False,False
20079,PGC020079,0.03083496701753541,13.91,71.0,False,False,False,False,False,False
20351,UGC03728,0.019096262370279504,12.809999999999999,64.0,False,False,False,False,False,False
20361,UGC03731,0.12055090470505903,12.56,76.0,False,False,False,False,False,False
20366,UGC03729,0.004959094819664944,13.110000000000001,80.0,False,False,False,False,False,False
20458,NGC2268,0.15433521987047705,10.67,54.0,False,False,False,False,False,False
20562,UGC03777,-0.07020943198871032,12.46,85.0,False,False,False,False,False,False
20567,UGC03764,-0.052139870454436466,12.96,52.0,False,False,False,False,False,False
20685,UGC03802,0.10852444555511243,12.78,81.0,False,False,False,False,False,False
20889,IC2185,-0.02188030307630573,13.51,58.0,False,False,False,False,False,False
20924,PGC020924,0.14051850721901626,13.610000000000001,55.0,False,False,False,False,False,False
20992,PGC020992,-0.2602117214267472,14.74,56.0,False,False,False,False,False,False
21021,UGC03836,-0.13302735501473917,13.92,48.0,False,False,False,False,False,False
21086,UGC03866,0.020478589507709977,13.739999999999998,77.0,False,False,False,False,False,False
21087,UGC03869,-0.030480474838223248,14.06,58.0,False,False,False,False,False,False
21109,NGC2389,0.13809398078603197,12.28,49.0,False,False,False,False,False,False
21120,UGC03876,-0.15203222793178783,12.29,59.0,False,False,False,False,True,True
21136,UGC03879,-0.1055483191737836,13.27,90.0,False,False,False,False,False,False
21154,NGC2393,0.009881354511950047,13.1,55.0,False,False,False,False,False,False
21168,UGC03887,-0.26665095351216417,13.88,51.0,False,False,False,False,False,False
21275,PGC021275,-0.2053582776252898,14.51,84.0,False,False,False,False,False,False
21288,UGC03898,0.12425121343718315,13.33,56.0,False,False,False,False,False,False
21328,IC2199,0.07235690705672182,12.56,55.0,False,False,False,False,False,False
21396,NGC2403,-0.04640344093539239,7.659999999999999,58.0,True,False,False,False,True,True
21425,UGC03937,0.028120617669844528,12.26,71.0,False,False,False,False,False,False
21431,UGC03933,0.12047664206630637,12.83,57.0,False,False,False,False,False,False
21437,UGC03942,0.19432254263089677,13.13,87.0,False,False,False,False,False,False
21443,UGC03935,0.13029378610676678,13.4,50.0,False,False,False,False,False,False
21475,UGC03944,-0.02174609004022221,13.020000000000001,63.0,False,False,False,False,False,False
21515,UGC03956,-0.15018254229670003,15.37,73.0,False,False,False,False,False,False
21523,PGC021523,0.11360148822881833,13.97,70.0,False,False,False,False,False,False
21529,PGC021529,-0.24719434667287166,14.969999999999999,84.0,False,False,False,False,False,False
21535,UGC03964,-0.211748337490147,13.09,56.0,False,False,False,False,False,False
21547,UGC03890,-0.36222022269749576,12.52,86.0,False,False,False,False,True,True
21558,NGC2424,0.13353460577035792,10.99,89.0,False,False,False,False,False,False
21580,UGC03969,0.06644341238076734,13.059999999999999,87.0,False,False,False,False,False,False
21614,PGC021614,-0.9973622389891204,14.17,77.0,False,True,False,False,False,False
21615,PGC021615,0.006591229064900173,13.799999999999999,55.0,False,False,False,False,False,False
21619,PGC021619,-0.3028344029406278,13.9,69.0,False,False,False,False,False,False
21623,PGC021623,-0.07431284940562799,14.850000000000001,52.0,False,False,False,False,False,False
21657,UGC03986,-0.32102305270683074,15.36,90.0,False,False,False,False,False,False
21673,UGC03995,0.19455770539882744,11.7,63.0,False,False,False,False,False,False
21676,NGC2435,0.1427364815327703,11.73,82.0,False,False,False,False,False,False
21684,UGC03979,0.07276804195478492,12.52,86.0,False,False,False,False,False,False
21708,UGC04000,0.21699608884390065,13.09,74.0,False,False,False,False,False,False
21713,UGC04006,0.001838544826572086,13.24,48.0,False,False,False,False,False,False
21722,PGC021722,-0.23210563456000832,14.85,69.0,False,False,False,False,False,False
21724,UGC03991,-0.1317552932487298,13.48,58.0,False,False,False,False,False,False
21753,PGC021753,0.001139973370134939,14.82,69.0,False,False,False,False,False,False
21777,PGC021777,-0.040155285678384,13.94,78.0,False,False,False,False,False,False
21779,UGC04025,0.04188415059951556,12.889999999999999,64.0,False,False,False,False,False,False
21782,UGC04011,-0.000246767190824837,13.41,89.0,False,False,False,False,False,False
21795,IC0475,-0.0592560802774571,13.290000000000001,55.0,False,False,False,False,False,False
21831,PGC021831,-0.23748276007879898,14.780000000000001,89.0,False,False,False,False,False,False
21845,PGC021845,0.05581978051112202,13.76,72.0,False,False,False,False,False,False
21847,UGC04029,0.03125890834917966,12.34,86.0,False,False,False,False,False,False
21852,UGC04019,-0.06218180579607546,13.49,83.0,False,False,False,False,False,False
21857,UGC04032,0.03914224898354801,13.97,89.0,False,False,False,False,False,False
21868,PGC021868,0.08163393309583755,14.239999999999998,64.0,False,False,False,False,False,False
21891,UGC04034,-0.2139425898245011,14.77,78.0,False,False,False,False,False,False
21900,UGC04038,0.14819046533209868,13.0,70.0,False,False,False,False,False,False
21909,UGC04039,-0.03372135999585835,13.04,84.0,False,False,False,False,False,False
21910,PGC021910,0.045663453477437166,14.22,63.0,False,False,False,False,False,False
21918,IC2207,0.15417654187796037,12.26,90.0,False,False,False,False,False,False
21919,UGC04044,-0.11754421785801572,14.02,56.0,False,False,False,False,False,False
21976,UGC04054,-0.12973947907779104,13.03,80.0,False,False,False,False,False,False
22002,UGC04060,0.1122489628633554,12.38,77.0,False,False,False,False,False,False
22032,UGC04061,0.18394713075151214,13.39,90.0,False,False,False,False,False,False
22042,UGC04064,-0.29097863456973805,15.11,71.0,False,False,False,False,False,False
22139,PGC022139,-0.22747314862878643,15.17,70.0,False,False,False,False,False,False
22151,UGC04084,-0.1562854729077876,14.49,77.0,False,False,False,False,False,False
22188,IC0480,0.030265848393853823,12.49,89.0,False,False,False,False,False,False
22218,PGC022218,-0.1237559237829502,14.8,61.0,False,False,False,False,False,False
22222,PGC022222,-0.10596163263120584,14.969999999999999,80.0,False,False,False,False,False,False
22225,PGC022225,-0.0733726089250748,14.07,72.0,False,False,False,False,False,False
22263,PGC022263,0.05335346094690774,13.99,70.0,False,False,False,False,False,False
22271,UGC04095,0.02138485602721918,12.799999999999999,68.0,False,False,False,False,False,False
22277,UGC4115,-0.6127677339873963,13.63,67.0,True,False,False,False,True,True
22297,UGC04113,-0.2055337738384071,15.4,90.0,False,False,False,False,False,False
22301,UGC04098,0.12932539929646847,12.98,51.0,False,False,False,False,False,False
22317,NGC2486,0.19420964319773848,12.47,56.0,False,False,False,False,False,False
22326,PGC022326,-0.11837084320512492,14.47,72.0,False,False,False,False,False,False
22366,NGC2499,-0.021754005732524284,13.540000000000001,49.0,False,False,False,False,False,False
22374,IC0481,0.018597673002869186,13.05,81.0,False,False,False,False,False,False
22381,UGC04132,0.22560582692184017,12.05,77.0,False,False,False,False,False,False
22383,UGC04135,0.0078071929193628264,13.629999999999999,81.0,False,False,False,False,False,False
22389,UGC04140,-0.10667924187838684,13.72,84.0,False,False,False,False,False,False
22392,UGC04144,0.1714374837934982,13.79,88.0,False,False,False,False,False,False
22394,PGC022394,0.07835543455121785,13.760000000000002,56.0,False,False,False,False,False,False
22400,UGC04149,-0.15426263424658115,14.09,58.0,False,False,False,False,False,False
22401,PGC022401,0.07462686143496855,13.53,87.0,False,False,False,False,False,False
22413,PGC022413,-0.013877126221520708,13.87,83.0,False,False,False,False,False,False
22419,IC0484,0.17546040656211437,13.4,67.0,False,False,False,False,False,False
22433,UGC04154,-0.05919236608653344,13.44,67.0,False,False,False,False,False,False
22443,IC0485,0.19861364379742463,13.05,80.0,False,False,False,False,False,False
22446,UGC04148,-0.39513706889794564,14.469999999999999,86.0,False,False,False,False,False,False
22448,PGC022448,-0.09337424151328388,14.12,66.0,False,False,False,False,False,False
22473,PGC022473,-0.09481022529632854,14.15,67.0,False,False,False,False,False,False
22506,UGC04171,0.19903615452679047,11.63,89.0,False,False,False,False,False,False
22509,IC2218,0.3195145242950872,13.69,71.0,False,False,False,False,False,False
22511,PGC022511,0.008640219036838648,13.44,76.0,False,False,False,False,False,False
22542,UGC04177,0.15564761993129217,13.57,74.0,False,False,False,False,False,False
22565,IC2219,0.05727204117388762,12.66,65.0,False,False,False,False,False,False
22575,UGC04176,-0.20092220289316698,13.85,77.0,False,False,False,False,False,False
22596,NGC2512,0.12528128437598873,12.26,53.0,False,False,False,False,False,False
22606,PGC022606,0.2665532583778538,13.3,51.0,False,False,False,False,False,False
22611,UGC04197,0.1456869104275067,12.05,88.0,False,False,False,False,False,False
22618,UGC04192,-0.14968583147506553,14.28,89.0,False,False,False,False,False,False
22622,PGC022622,-0.057709626251834845,14.590000000000002,54.0,False,False,False,False,False,False
22630,PGC022630,-0.28942577531127167,14.51,86.0,False,False,False,False,False,False
22640,UGC04078,-0.18087745489114138,12.729999999999999,86.0,False,False,False,False,False,False
22646,PGC022646,0.15877857964588316,13.610000000000001,49.0,False,False,False,False,False,False
22655,PGC022655,-0.18563545402481862,14.600000000000001,71.0,False,False,False,False,False,False
22677,UGC04208,-0.2545110681638407,15.0,67.0,False,False,False,False,False,False
22689,PGC022689,0.1303664676689551,13.32,67.0,False,False,False,False,False,False
22693,UGC04210,-0.03253678593864073,13.51,87.0,False,False,False,False,False,False
22695,UGC04195,0.15515858541030791,12.54,53.0,False,False,False,False,False,False
22698,UGC04205,0.0735817970019248,13.399999999999999,81.0,False,False,False,False,False,False
22706,PGC022706,0.05452963281574519,13.74,71.0,False,False,False,False,False,False
22722,PGC022722,0.05526909425089466,13.8,63.0,False,False,False,False,False,False
22733,UGC04216,0.12299071813146911,13.89,63.0,False,False,False,False,False,False
22751,UGC04100,-0.47668874209553325,14.66,51.0,False,False,False,False,False,False
22752,UGC04213,0.003784944527885692,13.83,61.0,False,False,False,False,False,False
22758,UGC04206,0.034092256246906594,13.1,89.0,False,False,False,False,False,False
22778,NGC2526,0.0836074520081862,12.83,60.0,False,False,False,False,False,False
22796,UGC04233,0.2065406682883868,13.18,83.0,False,False,False,False,False,False
22802,UGC04226,0.16217642639361873,13.05,52.0,False,False,False,False,False,False
22803,UGC04232,-0.21165079304491607,13.940000000000001,78.0,False,False,False,False,False,False
22807,PGC022807,-0.0580022126014792,13.7,82.0,False,False,False,False,False,False
22827,NGC2530,-0.22424837743816495,12.68,47.0,False,False,False,False,True,False
22830,UGC04236,-0.18467760071595674,14.84,60.0,False,False,False,False,False,False
22835,UGC04240,0.20302613015277515,13.02,87.0,False,False,False,False,False,False
22873,UGC04247,-0.2304870557820835,15.04,90.0,False,False,False,False,False,False
22880,UGC04249,-0.02299632610465485,13.44,82.0,False,False,False,False,False,False
22890,UGC04241,-0.21091320922127732,12.32,79.0,False,False,False,False,True,True
22896,UGC04246,0.03851230627990976,13.76,78.0,False,False,False,False,False,False
22909,UGC04252,-0.008625372947089982,13.930000000000001,74.0,False,False,False,False,False,False
22918,IC0497,-0.07513253805890718,13.17,63.0,False,False,False,False,False,False
22921,UGC04257,-0.11952411720997924,13.879999999999999,88.0,False,False,False,False,False,False
22941,UGC04258,-0.20191196510648712,14.3,79.0,False,False,False,False,False,False
22965,PGC022965,-0.0780079204034072,14.25,74.0,False,False,False,False,False,False
22994,PGC022994,0.14784459317705156,13.780000000000001,81.0,False,False,False,False,False,False
23014,PGC023014,-0.2715177016790764,15.41,87.0,False,False,False,False,False,False
23017,NGC2540,0.09197079668461505,12.83,56.0,False,False,False,False,False,False
23018,UGC04276,0.04248058060107418,13.42,61.0,False,False,False,False,False,False
23026,UGC04267,-0.22062564517262517,13.32,62.0,False,False,False,False,False,False
23028,NGC2543,0.04725070481416882,11.53,58.0,False,False,False,False,False,False
23033,PGC023033,0.0024932701752042874,14.670000000000002,89.0,False,False,False,False,False,False
23046,PGC023046,-0.18134107132998878,14.850000000000001,87.0,False,False,False,False,False,False
23058,PGC023058,-0.02063420484995948,14.639999999999999,56.0,False,False,False,False,False,False
23069,UGC04277,0.26117581315573135,11.62,90.0,False,False,False,False,False,False
23071,IC2233,-0.27211329538632656,11.92,90.0,False,False,False,False,True,False
23086,NGC2545,0.2036398094442986,11.649999999999999,56.0,False,False,False,False,False,False
23103,UGC04280,0.03568332440233357,12.649999999999999,79.0,False,False,False,False,False,False
23110,NGC2541,-0.17177707763480843,11.190000000000001,62.0,True,False,False,False,True,True
23118,PGC023118,-0.20349670406539122,15.82,82.0,False,False,False,False,False,False
23133,PGC023133,-0.009612334353088059,15.35,83.0,False,False,False,False,False,False
23146,PGC023146,-0.0734887386354246,13.63,90.0,False,False,False,False,False,False
23147,UGC04296,-0.008572155974955642,14.69,89.0,False,False,False,False,False,False
23169,UGC04299,0.09021424240412257,12.16,88.0,False,False,False,False,False,False
23173,UGC04301,0.07801840855637199,13.079999999999998,65.0,False,False,False,False,False,False
23209,PGC023209,0.18143003165218863,13.99,61.0,False,False,False,False,False,False
23214,IC2256,-0.25266779347489754,13.62,69.0,False,False,False,False,False,False
23215,PGC023215,-0.13383396424462557,14.13,50.0,False,False,False,False,False,False
23227,PGC023227,0.15665808693307381,13.729999999999999,81.0,False,False,False,False,False,False
23231,PGC023231,-0.293186508778279,14.639999999999999,59.0,False,False,False,False,False,False
23262,PGC023262,-0.31677582812869787,13.84,82.0,False,False,False,False,False,False
23266,IC2267,-0.18087745489114138,13.690000000000001,86.0,False,False,False,False,False,False
23268,UGC04307,-0.15432802900806797,13.88,83.0,False,False,False,False,False,False
23285,UGC04321,0.1758444918648565,13.36,89.0,False,False,False,False,False,False
23289,UGC04324,-0.00017321632294864386,12.9,77.0,False,False,False,False,False,False
23308,PGC023308,-0.17285495609838897,14.09,72.0,False,False,False,False,False,False
23319,UGC04329,-0.056048843328319276,12.75,51.0,False,False,False,False,False,False
23328,PGC023328,-0.2473131901157961,15.830000000000002,74.0,False,False,False,False,False,False
23337,NGC2558,0.21439689447021948,12.02,49.0,False,False,False,False,False,False
23338,PGC023338,-0.12333086607623622,14.43,51.0,False,False,False,False,False,False
23340,NGC2552,-0.3129939743072949,11.86,55.0,False,False,False,False,True,True
23341,PGC023341,-0.054066138517505635,13.690000000000001,71.0,False,False,False,False,False,False
23347,PGC023347,-0.1747389520108884,14.260000000000002,50.0,False,False,False,False,False,False
23351,NGC2561,0.06333671599892776,12.45,63.0,False,False,False,False,False,False
23355,UGC04332,0.173285548207311,12.639999999999999,88.0,False,False,False,False,False,False
23362,NGC2565,0.1381391856678844,11.61,68.0,False,False,False,False,False,False
23374,PGC023374,-0.12323594793249315,14.75,77.0,False,False,False,False,False,False
23380,UGC04343,-0.15437535013354342,14.91,53.0,False,False,False,False,False,False
23385,UGC04340,-0.14673260698549795,14.459999999999999,56.0,False,False,False,False,False,False
23410,UGC04349,0.08401928290300242,12.79,81.0,False,False,False,False,False,False
23420,PGC023420,-0.043326111774716125,13.3,49.0,False,False,False,False,False,False
23441,NGC2572,0.22952104946592522,12.799999999999999,73.0,False,False,False,False,False,False
23443,NGC2570,0.018835401433193066,13.82,60.0,False,False,False,False,False,False
23447,IC2327,-0.024959740289352883,12.79,74.0,False,False,False,False,False,False
23465,UGC04361,-0.2400470673632915,14.36,73.0,False,False,False,False,False,False
23483,IC2329,-0.19620834887226124,13.540000000000001,87.0,False,False,False,False,False,False
23485,UGC04370,-0.134334574275361,13.13,60.0,False,False,False,False,False,False
23503,PGC023503,0.029979117225027885,13.909999999999998,52.0,False,False,False,False,False,False
23512,NGC2576,0.2167398332636683,12.68,83.0,False,False,False,False,False,False
23513,UGC04373,-0.08412046237106585,14.01,56.0,False,False,False,False,False,False
23519,UGC04381,0.03169334806690971,12.71,80.0,False,False,False,False,False,False
23522,UGC04375,0.045947624924901564,11.67,52.0,False,False,False,False,False,False
23531,PGC023531,-0.21559867740226224,15.71,71.0,False,False,False,False,False,False
23532,PGC023532,0.03169334806690971,14.13,80.0,False,False,False,False,False,False
23556,PGC023556,-0.031889995740811194,13.94,73.0,False,False,False,False,False,False
23564,PGC023564,0.05091497656366428,13.32,76.0,False,False,False,False,False,False
23567,UGC04386,0.17907926064310065,11.83,84.0,False,False,False,False,False,False
23589,IC2348,0.013207433407176783,14.069999999999999,64.0,False,False,False,False,False,False
23597,PGC023597,-0.037485376406881876,14.66,58.0,False,False,False,False,False,False
23603,PGC023603,0.025790304255418395,13.75,63.0,False,False,False,False,False,False
23605,PGC023605,-0.16362557558441493,14.92,64.0,False,False,False,False,False,False
23614,PGC023614,0.11328808857793105,14.110000000000001,51.0,False,False,False,False,False,False
23630,NGC2582,-0.12937691412795438,12.34,45.0,False,False,False,False,False,False
23632,PGC023632,-0.12359501554252095,14.78,53.0,False,False,False,False,False,False
23940,IC0510,-0.006149269399613466,13.319999999999999,53.0,False,False,False,False,False,False
23643,UGC04395,-0.18613277963084673,13.7,90.0,False,False,False,False,False,False
23646,IC2361,-0.13541661196948152,12.760000000000002,80.0,False,False,False,False,False,False
23660,UGC04393,-0.3443561074386974,12.6,49.0,False,False,False,False,True,True
23661,UGC04400,-0.16958622665080902,14.73,90.0,False,False,False,False,False,False
23662,UGC04399,-0.12141613361870984,13.82,76.0,False,False,False,False,False,False
23663,PGC023663,0.04992508079312863,13.52,78.0,False,False,False,False,False,False
23668,UGC04403,-0.008716989866242475,14.5,77.0,False,False,False,False,False,False
23669,PGC023669,-0.05246152161710249,13.639999999999999,73.0,False,False,False,False,False,False
23671,PGC023671,0.040731872775277456,14.64,85.0,False,False,False,False,False,False
23676,PGC023676,0.0240111078899794,13.89,88.0,False,False,False,False,False,False
23678,IC2369,0.07004613718701913,14.01,81.0,False,False,False,False,False,False
23689,UGC04407,0.11497448216015016,13.79,81.0,False,False,False,False,False,False
23705,UGC04416,0.12646046613678186,12.219999999999999,63.0,False,False,False,False,False,False
23707,UGC04418,-0.30566848169476035,14.36,70.0,False,False,False,False,False,False
23709,PGC023709,-0.011452936075081244,13.99,82.0,False,False,False,False,False,False
23714,NGC2596,0.15169579120539556,12.52,71.0,False,False,False,False,False,False
23725,NGC2595,0.1597175201630936,11.52,45.0,False,False,False,False,False,False
23729,PGC023729,-0.25885515801015035,14.979999999999999,87.0,False,False,False,False,False,False
23734,PGC023734,-0.20620044596925569,14.690000000000001,52.0,False,False,False,False,False,False
23741,UGC04415,-0.2473130314841674,14.15,52.0,False,False,False,False,False,False
23748,UGC04424,-0.19144475194068988,14.889999999999999,86.0,False,False,False,False,False,False
23753,UGC04425,-0.06531802106886575,13.370000000000001,69.0,False,False,False,False,False,False
23757,PGC023757,-0.21113905992367643,15.01,86.0,False,False,False,False,False,False
23812,UGC04427,0.19071510894671162,13.34,70.0,False,False,False,False,False,False
23816,UGC04439,-0.10509217178024466,13.68,60.0,False,False,False,False,False,False
23830,UGC04440,0.1444511186902191,14.07,58.0,False,False,False,False,False,False
23852,UGC04444,-0.1668201695878011,13.09,53.0,False,False,False,False,False,False
23862,PGC023862,-0.38717463048365586,15.18,73.0,False,False,False,False,False,False
23869,PGC023869,-0.2619538968712045,15.63,90.0,False,False,False,False,False,False
23878,UGC04446,0.01593999390245049,13.62,89.0,False,False,False,False,False,False
23910,UGC04450,-0.14231836882437632,14.129999999999999,85.0,False,False,False,False,False,False
23978,UGC04464,-0.0458279134574755,13.61,84.0,False,False,False,False,False,False
23995,PGC023995,0.11174327578069487,13.3,72.0,False,False,False,False,False,False
24012,PGC024012,-0.18044721714845435,13.94,58.0,False,False,False,False,False,False
24024,PGC024024,0.1392271506457976,12.61,71.0,False,False,False,False,False,False
24056,PGC024056,-0.19658435331778445,14.54,84.0,False,False,False,False,False,False
24104,UGC04482,-0.31010298852423235,14.719999999999999,79.0,False,False,False,False,False,False
24111,NGC2608,-0.10470699315284371,11.42,56.0,True,False,False,False,True,True
24121,NGC2611,-0.017730312392749692,13.270000000000001,79.0,False,False,False,False,False,False
24126,PGC024126,-0.12218046835189034,13.95,72.0,False,False,False,False,False,False
24152,UGC04491,0.10935328567981673,11.86,73.0,False,False,False,False,False,False
24156,NGC2618,0.25770388388926513,11.459999999999999,49.0,False,False,False,False,False,False
24160,UGC04505,0.029092774536384258,12.83,80.0,False,False,False,False,False,False
24169,PGC024169,-0.045917785384928855,14.450000000000001,71.0,False,False,False,False,False,False
24193,PGC024193,-0.07364528514925972,15.37,79.0,False,False,False,False,False,False
24204,UGC04496,0.17878302011852876,13.690000000000001,88.0,False,False,False,False,False,False
24233,NGC2620,0.30805225104741973,12.34,80.0,False,False,False,False,False,False
24235,NGC2619,0.18198260787218068,11.700000000000001,53.0,False,False,False,False,False,False
24244,UGC04504,-0.11245013805334292,13.78,58.0,False,False,False,False,False,False
24251,PGC024251,0.021478966981129055,13.85,78.0,False,False,False,False,False,False
24299,IC2387,0.08210863213538255,13.08,70.0,False,False,False,False,False,False
24301,PGC024301,-0.10351224607628184,14.85,62.0,False,False,False,False,False,False
24348,UGC04512,0.1406523777732671,13.17,62.0,False,False,False,False,False,False
24351,UGC04514,-0.30965536861107124,12.74,74.0,False,False,False,False,True,True
24372,UGC04515,0.12182794773967665,12.61,63.0,False,False,False,False,False,False
24374,UGC04524,-0.31789177097681254,14.290000000000001,88.0,False,False,False,False,False,False
24394,PGC024394,0.001654855925001364,13.85,87.0,False,False,False,False,False,False
24400,UGC04526,0.024075218353851735,12.99,82.0,False,False,False,False,False,False
24425,NGC2644,-0.16223598008809503,12.07,72.0,False,False,False,False,True,True
24431,UGC04532,-0.13071799239908577,14.16,89.0,False,False,False,False,False,False
24467,PGC024467,-0.11695995924981384,14.41,70.0,False,False,False,False,False,False
24470,UGC04537,-0.2569619513137056,15.629999999999999,90.0,False,False,False,False,False,False
24485,UGC04548,0.047317334520001086,13.489999999999998,83.0,False,False,False,False,False,False
24490,UGC04550,-0.06863623584101264,12.36,90.0,False,False,False,False,False,False
24492,UGC04552,0.2371121113403616,13.530000000000001,62.0,False,False,False,False,False,False
24495,PGC024495,0.06650621987017669,13.69,75.0,False,False,False,False,False,False
24499,UGC04553,0.09951777954032437,13.180000000000001,71.0,False,False,False,False,False,False
24509,UGC04554,-0.1186031129598315,14.35,80.0,False,False,False,False,False,False
24515,PGC024515,0.1702409098410418,13.1,77.0,False,False,False,False,False,False
24530,UGC04559,0.03682308364994524,11.709999999999999,88.0,False,False,False,False,False,False
24548,UGC04565,-0.16749538989362334,14.9,89.0,False,False,False,False,False,False
24557,PGC024557,-0.1621814671494648,14.77,81.0,False,False,False,False,False,False
24566,UGC04567,-0.1411689408585728,14.2,80.0,False,False,False,False,False,False
24567,UGC04568,-0.1944182915612771,13.23,84.0,False,False,False,False,False,False
24573,UGC04571,-0.24016022241621737,14.75,72.0,False,False,False,False,False,False
24575,UGC04562,0.03818768421143881,13.65,61.0,False,False,False,False,False,False
24591,PGC024591,-0.20644896408611624,14.950000000000001,53.0,False,False,False,False,False,False
24621,UGC04575,0.2655646167486476,13.94,75.0,False,False,False,False,False,False
24629,UGC04582,-0.07697322849818677,14.270000000000001,79.0,False,False,False,False,False,False
24631,PGC024631,-0.09909310833082507,14.65,71.0,False,False,False,False,False,False
24643,PGC024643,-0.25641812956145627,14.15,79.0,False,False,False,False,False,False
24656,UGC04588,-0.07405915322283585,13.75,86.0,False,False,False,False,False,False
24698,UGC04597,0.03156174443329407,13.56,63.0,False,False,False,False,False,False
24726,IC2407,0.10639366278990803,13.25,83.0,False,False,False,False,False,False
24737,PGC024737,-0.05913273074771208,13.41,60.0,False,False,False,False,False,False
24752,PGC024752,-0.06427461047069905,14.350000000000001,63.0,False,False,False,False,False,False
24771,UGC04611,0.09212381717259666,13.54,86.0,False,False,False,False,False,False
24784,NGC2654,0.12637166110777098,10.37,86.0,False,False,False,False,True,False
24796,UGC04617,0.07706498801276718,13.92,74.0,False,False,False,False,False,False
24829,UGC04621,-0.07708322989042093,12.47,64.0,False,False,False,False,False,False
24830,UGC04625,0.12013605497375757,13.56,90.0,False,False,False,False,False,False
24839,UGC04624,0.11635793755798662,13.74,62.0,False,False,False,False,False,False
24871,PGC024871,-0.18021256419962217,14.13,59.0,False,False,False,False,False,False
24887,UGC04628,-0.4740985410279799,13.6,87.0,False,False,False,False,True,True
24893,UGC04640,0.03233868466159917,12.2,72.0,False,False,False,False,False,False
24895,UGC04636,0.01450441272589531,14.16,80.0,False,False,False,False,False,False
24910,PGC024910,-0.16947398155617233,14.35,65.0,False,False,False,False,False,False
24930,NGC2683,0.13106537308522004,8.53,85.0,True,False,False,False,True,True
24948,IC0523,0.10280136182455601,13.51,53.0,False,False,False,False,False,False
24960,UGC04655,-0.07018156980682067,14.39,89.0,False,False,False,False,False,False
24977,PGC024977,0.03826862606004999,13.87,65.0,False,False,False,False,False,False
24980,UGC04656,0.053154778322752616,13.59,81.0,False,False,False,False,False,False
24982,UGC04657,-0.06757702569491553,13.659999999999998,86.0,False,False,False,False,False,False
24991,PGC024991,0.02827382196524031,14.42,75.0,False,False,False,False,False,False
24994,PGC024994,0.16181761914034443,14.709999999999999,65.0,False,False,False,False,False,False
25000,PGC025000,0.0240111078899794,14.229999999999999,88.0,False,False,False,False,False,False
25012,UGC04659,-0.24439452982009868,13.84,75.0,False,False,False,False,False,False
25077,PGC025077,-0.264206912014036,13.99,88.0,False,False,False,False,False,False
25083,PGC025083,-0.08375464471879646,14.9,72.0,False,False,False,False,False,False
25102,NGC2706,-0.014740765373011833,11.91,84.0,False,False,False,False,False,False
25111,PGC025111,-0.02760027048524627,13.83,53.0,False,False,False,False,False,False
25113,UGC04677,-0.10265182183032451,13.69,59.0,False,False,False,False,False,False
25145,UGC04685,0.0032363029572923807,12.75,72.0,False,False,False,False,False,False
25161,NGC2713,0.3110943333742271,10.62,73.0,False,False,False,False,False,False
25180,PGC025180,-0.10682035246624277,14.06,56.0,False,False,False,False,False,False
25181,UGC04694,-0.09550214847556582,14.83,52.0,False,False,False,False,False,False
25210,UGC04698,0.3150459952365212,12.379999999999999,65.0,False,False,False,False,False,False
25232,UGC04704,-0.4507819773298185,13.21,90.0,False,False,False,False,True,False
25235,UGC04696,-0.193589420407279,14.17,86.0,False,False,False,False,False,False
25237,NGC2701,-0.01813424319140955,11.68,52.0,False,False,False,False,False,False
25245,UGC04712,-0.3366105390039431,14.81,79.0,False,False,False,False,False,False
25248,NGC2712,0.03156174443329407,11.270000000000001,63.0,False,False,False,False,True,True
25258,NGC2710,-0.04407033421671347,12.35,67.0,False,False,False,False,False,False
25292,UGC04722,-0.38546105398591335,13.76,87.0,False,False,False,False,True,False
25293,PGC025293,0.23962984919783548,13.870000000000001,77.0,False,False,False,False,False,False
25301,UGC04724,-0.31431313494206403,13.959999999999999,78.0,False,False,False,False,False,False
25305,UGC04717,0.01839547683803122,13.42,65.0,False,False,False,False,False,False
25308,UGC04719,0.18511000272282718,11.84,88.0,False,False,False,False,False,False
25318,UGC04725,-0.3894102897007512,15.19,90.0,False,False,False,False,False,False
25331,NGC2724,-0.06212299104051233,13.41,51.0,False,False,False,False,False,False
25336,PGC025336,-0.015634010462442394,14.0,89.0,False,False,False,False,False,False
25341,UGC04733,0.030265848393853823,14.489999999999998,89.0,False,False,False,False,False,False
25344,IC0525,0.005067155553333702,13.45,81.0,False,False,False,False,False,False
25360,NGC2728,0.05665543686296903,13.64,51.0,False,False,False,False,False,False
25363,PGC025363,-0.19920826121409263,14.71,71.0,False,False,False,False,False,False
25366,PGC025366,0.2295470125431076,14.860000000000001,63.0,False,False,False,False,False,False
25369,UGC04727,-0.23728426919115542,14.729999999999999,88.0,False,False,False,False,False,False
25376,NGC2731,-0.2540886478863462,12.549999999999999,59.0,False,False,False,False,True,True
25401,IC0526,0.016463071000468066,13.63,62.0,False,False,False,False,False,False
25405,UGC04745,0.0011768726513476935,13.81,82.0,False,False,False,False,False,False
25406,UGC04746,0.027782441555372017,13.479999999999999,64.0,False,False,False,False,False,False
25421,PGC025421,-0.3031104589773119,14.21,52.0,False,False,False,False,False,False
25423,IC2428,0.006439335152681469,12.75,81.0,False,False,False,False,False,False
25430,PGC025430,-0.05575464194898716,14.61,77.0,False,False,False,False,False,False
25463,PGC025463,-0.05401876513967263,14.19,80.0,False,False,False,False,False,False
25472,UGC04753,-0.3068092514547667,13.53,89.0,False,False,False,False,False,False
25489,UGC04758,0.2564248781341516,13.280000000000001,58.0,False,False,False,False,False,False
25496,NGC2743,-0.1273598606167532,12.81,49.0,False,False,False,False,False,False
25498,NGC2726,0.07324367242786245,12.21,72.0,False,False,False,False,False,False
25506,UGC04768,0.10985905030363474,14.07,88.0,False,False,False,False,False,False
25512,UGC04764,-0.23821425009619368,14.13,51.0,False,False,False,False,False,False
25523,NGC2752,0.3278117687860571,12.170000000000002,84.0,False,False,False,False,False,False
25535,UGC04773,0.009075661014497083,12.559999999999999,80.0,False,False,False,False,False,False
25556,UGC04781,-0.3458185407907668,14.1,79.0,False,False,False,False,False,False
25562,UGC04777,-0.2653481156253452,13.61,85.0,False,False,False,False,False,False
25640,NGC2742,0.0011846730615774348,10.72,64.0,False,False,False,False,True,True
25644,UGC04787,-0.38740995741720186,13.18,81.0,False,False,False,False,True,True
25673,UGC04792,0.04837029909507251,13.52,87.0,False,False,False,False,False,False
25677,UGC04793,-0.1935887989618581,14.23,64.0,False,False,False,False,False,False
25678,PGC025678,0.04907205913405033,13.709999999999999,52.0,False,False,False,False,False,False
25735,NGC2766,0.11643556698295132,12.78,69.0,False,False,False,False,False,False
25757,NGC2756,0.1682059760539154,11.9,51.0,False,False,False,False,False,False
25774,PGC025774,0.1175592273301076,13.66,69.0,False,False,False,False,False,False
25776,PGC025776,0.14787973655974396,14.05,53.0,False,False,False,False,False,False
25780,UGC04809,-0.1829512050804185,13.64,70.0,False,False,False,False,False,False
25781,UGC04800,-0.1136257796132023,13.29,74.0,False,False,False,False,False,False
25783,IC0528,0.07834593625347352,12.86,66.0,False,False,False,False,False,False
25806,NGC2770,0.012022725986687632,11.2,78.0,False,False,False,False,True,True
25892,UGC04827,0.14002348102727868,13.17,78.0,False,False,False,False,False,False
25895,UGC04828,0.1532125137753435,13.29,90.0,False,False,False,False,False,False
25910,UGC04824,-0.1095360929895044,12.65,80.0,False,False,False,False,False,False
25919,UGC04834,-0.4097604098733023,14.76,52.0,False,False,False,False,False,False
25923,UGC04839,0.11384163380335277,13.52,82.0,False,False,False,False,False,False
25925,PGC025925,-0.06988588514766914,14.85,65.0,False,False,False,False,False,False
25929,PGC025929,0.036986356752373606,13.7,74.0,False,False,False,False,False,False
25940,UGC04837,-0.4462938609132707,13.59,59.0,False,False,False,False,True,True
25956,UGC04845,-0.14041906977523233,13.24,77.0,False,False,False,False,False,False
25959,PGC025959,0.015087561823682982,14.42,52.0,False,False,False,False,False,False
25976,UGC04844,-0.053840193204328646,12.71,50.0,False,False,False,False,False,False
25986,UGC04857,-0.1307061266246956,13.7,68.0,False,False,False,False,False,False
25996,UGC04858,-0.3591056461989237,14.45,52.0,False,False,False,False,False,False
26002,IC2446,0.3024881979874219,12.42,74.0,False,False,False,False,False,False
26014,PGC026014,-0.22291774077670645,14.610000000000001,73.0,False,False,False,False,False,False
26024,PGC026024,-0.08579340155258919,13.86,61.0,False,False,False,False,False,False
26064,PGC026064,-0.007481551587883661,14.09,81.0,False,False,False,False,False,False
26070,PGC026070,0.15087113332666302,13.07,67.0,False,False,False,False,False,False
26079,PGC026079,0.13567254109151383,14.440000000000001,61.0,False,False,False,False,False,False
26082,UGC04870,-0.06996636023316327,12.53,72.0,False,False,False,False,False,False
26083,UGC04871,-0.3760758034348801,14.51,70.0,False,False,False,False,False,False
26086,UGC04872,0.13102346873227377,13.14,87.0,False,False,False,False,False,False
26101,IC0530,0.18662131031051699,12.04,81.0,False,False,False,False,False,False
26108,UGC04878,-0.36484177810419727,15.0,79.0,False,False,False,False,False,False
26127,UGC04884,0.1831069624405015,13.26,54.0,False,False,False,False,False,False
26150,UGC04890,-0.16568902515935102,14.19,60.0,False,False,False,False,False,False
26173,UGC04900,-0.04622980856840453,13.84,54.0,False,False,False,False,False,False
26188,PGC026188,-0.23542088081343993,14.16,66.0,False,False,False,False,False,False
26190,PGC026190,-0.007630032488355365,14.139999999999999,80.0,False,False,False,False,False,False
26194,PGC026194,-0.12273071905886201,14.43,79.0,False,False,False,False,False,False
26197,UGC04895,0.16061103946284216,12.950000000000001,74.0,False,False,False,False,False,False
26246,UGC04906,0.0633520746025722,11.229999999999999,86.0,False,False,False,False,False,False
26258,IC0531,0.03812745807231943,12.81,80.0,False,False,False,False,False,False
26270,PGC026270,0.2099399191487259,13.97,80.0,False,False,False,False,False,False
26286,PGC026286,-0.03421890117472781,14.739999999999998,66.0,False,False,False,False,False,False
26287,UGC04925,-0.19890385414524747,14.48,89.0,False,False,False,False,False,False
26291,PGC026291,0.100844320204593,14.17,82.0,False,False,False,False,False,False
26294,UGC04921,-0.2089061784913846,14.6,86.0,False,False,False,False,False,False
26304,UGC04922,-0.09182648775108726,12.79,62.0,False,False,False,False,False,False
26317,PGC026317,-0.17528812400717397,14.51,80.0,False,False,False,False,False,False
26343,PGC026343,0.03137504924426526,14.57,54.0,False,False,False,False,False,False
26355,PGC026355,-0.02799677701483505,14.69,74.0,False,False,False,False,False,False
26357,UGC04946,0.1437973306513265,13.79,52.0,False,False,False,False,False,False
26390,IC2461,0.06466606425208932,11.91,90.0,False,False,False,False,False,False
26393,PGC026393,-0.12700893110224465,15.280000000000001,75.0,False,False,False,False,False,False
26397,UGC04949,0.09795982700392702,13.47,88.0,False,False,False,False,False,False
26407,UGC04957,0.07870536015884388,13.66,89.0,False,False,False,False,False,False
26409,UGC04955,-0.11754421785801572,15.09,56.0,False,False,False,False,False,False
26412,UGC04953,-0.23568138743679246,14.97,82.0,False,False,False,False,False,False
26420,PGC026420,0.05928218132478413,14.01,57.0,False,False,False,False,False,False
26426,PGC026426,0.06471080081993286,13.64,73.0,False,False,False,False,False,False
26443,UGC04964,-0.04774725569633809,14.33,80.0,False,False,False,False,False,False
26450,PGC026450,-0.013109846689757454,14.26,59.0,False,False,False,False,False,False
26457,UGC04958,0.177737857046516,12.93,76.0,False,False,False,False,False,False
26461,UGC04965,0.11921835430461725,13.44,74.0,False,False,False,False,False,False
26471,IC0534,-0.11076776544469613,13.299999999999999,89.0,False,False,False,False,False,False
26481,PGC026481,-0.03938674229282402,14.32,82.0,False,False,False,False,False,False
26495,UGC04970,-0.14775133169786603,13.47,89.0,False,False,False,False,False,False
26498,NGC2820,-0.006974969894747662,11.51,88.0,False,False,False,False,True,False
26510,UGC04977,-0.046842561386025494,14.25,72.0,False,False,False,False,False,False
26512,NGC2841,0.30216996903411575,8.340000000000002,69.0,True,False,False,False,True,True
26523,PGC026523,-0.130568911657857,14.950000000000001,78.0,False,False,False,False,False,False
26542,UGC04985,0.25527318109549624,12.6,66.0,False,False,False,False,False,False
26563,UGC04982,-0.05519149810029056,12.78,75.0,False,False,False,False,False,False
26568,UGC04993,-0.13065911891198256,14.39,74.0,False,False,False,False,False,False
26570,PGC026570,-0.26124349608088915,14.1,62.0,False,False,False,False,False,False
26576,UGC04996,-0.12648787649849025,13.6,73.0,False,False,False,False,False,False
26606,UGC04994,0.19841513054472815,12.770000000000001,68.0,False,False,False,False,False,False
26620,PGC026620,-0.025178751407430866,14.5,61.0,False,False,False,False,False,False
26625,UGC04992,-0.046615509762190754,13.25,89.0,False,False,False,False,False,False
26627,PGC026627,-0.0032841173346942476,14.74,69.0,False,False,False,False,False,False
26636,PGC026636,0.16816721264308176,14.219999999999999,63.0,False,False,False,False,False,False
26690,NGC2862,0.26730863566812246,11.26,84.0,False,False,False,False,False,False
26715,PGC026715,-0.05224637495053086,14.86,87.0,False,False,False,False,False,False
26721,UGC05017,-0.1380075229039921,14.0,88.0,False,False,False,False,False,False
26727,UGC05014,-0.2695510786217259,15.47,90.0,False,False,False,False,False,False
26740,NGC2874,0.11493929397098945,11.26,75.0,False,False,False,False,False,False
26750,UGC05023,-0.17039450643919496,13.41,51.0,False,False,False,False,False,False
26752,UGC05020,-0.2285810470188534,13.38,82.0,False,False,False,False,False,False
26762,UGC05027,-0.1395689239528619,14.25,87.0,False,False,False,False,False,False
26765,PGC026765,0.062149029685937496,13.19,71.0,False,False,False,False,False,False
26774,PGC026774,-0.027061881368706242,13.91,75.0,False,False,False,False,False,False
26781,NGC2882,-0.02738161316933896,11.97,70.0,False,False,False,False,False,False
26813,PGC026813,0.11549759585857,13.52,85.0,False,False,False,False,False,False
26815,UGC05039,0.036970123808649724,14.0,79.0,False,False,False,False,False,False
26826,IC2481,-0.012034033088041518,13.309999999999999,56.0,False,False,False,False,False,False
26852,UGC05041,0.062465479442479044,13.66,74.0,False,False,False,False,False,False
26856,NGC2870,0.03464041303910026,12.07,78.0,False,False,False,False,False,False
26869,UGC05046,-0.2732433709298805,12.77,80.0,False,False,False,False,True,True
26871,UGC05033,-0.08169870868025475,14.149999999999999,90.0,False,False,False,False,False,False
26899,UGC05047,-0.5220117536327373,14.07,88.0,False,False,False,False,True,False
26903,UGC05049,-0.02864213875028998,12.55,89.0,False,False,False,False,False,False
26906,PGC026906,0.1561250644294745,14.42,62.0,False,False,False,False,False,False
26932,NGC2894,0.11285828148148624,11.17,72.0,False,False,False,False,False,False
26936,PGC026936,-0.25528703392002816,14.75,73.0,False,False,False,False,False,False
26953,PGC026953,-0.3138534697605757,15.2,72.0,False,False,False,False,False,False
26966,IC2487,0.07367490718912473,12.32,80.0,False,False,False,False,False,False
26968,IC0540,-0.04455954628424008,12.24,87.0,False,False,False,False,False,False
26978,PGC026978,0.06209914351617796,13.860000000000001,76.0,False,False,False,False,False,False
26982,IC2486,0.14080990283533978,13.43,48.0,False,False,False,False,False,False
26989,PGC026989,0.08287349492348683,14.24,63.0,False,False,False,False,False,False
27005,PGC027005,0.08867011323659169,13.98,46.0,False,False,False,False,False,False
27009,PGC027009,-0.008337622915766119,13.770000000000001,76.0,False,False,False,False,False,False
27023,UGC05070,-0.07576259902595295,13.03,73.0,False,False,False,False,False,False
27059,UGC05078,-0.24466134470592227,15.17,89.0,False,False,False,False,False,False
27074,NGC2906,0.09585110509813921,11.49,59.0,False,False,False,False,False,False
27077,NGC2903,0.11991289177502962,8.12,62.0,True,False,False,False,True,True
27088,UGC05082,-0.07137405312826228,12.879999999999999,81.0,False,False,False,False,False,False
27114,UGC05084,0.23713787277323606,13.42,53.0,False,False,False,False,False,False
27175,UGC05093,-0.05246152161710249,13.219999999999999,73.0,False,False,False,False,False,False
27184,NGC2913,-0.06207839298861639,13.06,52.0,False,False,False,False,False,False
27192,UGC05097,-0.06553496376379142,13.180000000000001,54.0,False,False,False,False,False,False
27216,UGC05099,-0.03263516281723611,13.58,62.0,False,False,False,False,False,False
27219,UGC05100,0.11187034918972127,13.12,54.0,False,False,False,False,False,False
27220,PGC027220,0.09434527716655472,13.31,86.0,False,False,False,False,False,False
27221,PGC027221,-0.07623796539889849,16.16,58.0,False,False,False,False,False,False
27232,NGC2919,0.007954400854553345,12.04,73.0,False,False,False,False,False,False
27236,PGC027236,0.12785859568890556,14.35,57.0,False,False,False,False,False,False
27248,UGC05107,-0.2704434936960043,14.02,82.0,False,False,False,False,False,False
27249,PGC027249,-0.18659036496174464,14.459999999999999,85.0,False,False,False,False,False,False
27259,PGC027259,0.04169617942272641,13.819999999999999,53.0,False,False,False,False,False,False
27266,UGC05108,0.1870877662942374,12.829999999999998,71.0,False,False,False,False,False,False
27293,IC0544,-0.049466807404556334,13.78,79.0,False,False,False,False,False,False
27310,UGC05116,-0.21959062506466998,14.44,85.0,False,False,False,False,False,False
27311,PGC027311,-0.4251655972237738,13.73,80.0,False,False,False,False,True,True
27358,UGC05111,0.14114226325108703,12.540000000000001,85.0,False,False,False,False,False,False
27361,NGC2922,-0.043508943193082406,12.76,74.0,False,False,False,False,False,False
27368,PGC027368,-0.4805142342647635,16.7,80.0,False,False,True,False,False,False
27371,UGC05121,0.03662459276230168,13.85,89.0,False,False,False,False,False,False
27388,PGC027388,0.13708349006061527,13.360000000000001,87.0,False,False,False,False,False,False
27389,PGC027389,-0.11837084320512492,14.5,72.0,False,False,False,False,False,False
27398,NGC2929,0.14271983618977924,12.700000000000001,77.0,False,False,False,False,False,False
27402,PGC027402,0.08554971547278134,14.629999999999999,65.0,False,False,False,False,False,False
27432,PGC027432,-0.09577769373816603,14.54,75.0,False,False,False,False,False,False
27436,NGC2933,-0.16062234228942573,13.83,74.0,False,False,False,False,False,False
27437,UGC05129,0.06777029155030334,12.719999999999999,57.0,False,False,False,False,False,False
27451,NGC2939,0.034392700920839125,11.68,79.0,False,False,False,False,False,False
27455,IC2495,0.2542352904011178,13.44,50.0,False,False,False,False,False,False
27479,PGC027479,-0.11738434558479582,14.74,60.0,False,False,False,False,False,False
27510,PGC027510,0.07825974662571067,13.02,74.0,False,False,False,False,False,False
27518,NGC2948,0.14327575502627754,12.139999999999999,59.0,False,False,False,False,False,False
27544,PGC027544,-0.14350590983436495,14.48,84.0,False,False,False,False,False,False
27549,UGC05147,-0.14755284081022246,14.64,88.0,False,False,False,False,False,False
27552,PGC027552,0.010561548519635533,13.74,66.0,False,False,False,False,False,False
27558,UGC05148,0.013217600067938928,13.2,90.0,False,False,False,False,False,False
27564,PGC027564,0.07108222790733931,13.790000000000001,70.0,False,False,False,False,False,False
27570,UGC05149,-0.1556077263148894,14.79,90.0,False,False,False,False,False,False
27572,PGC027572,-0.0448510224141474,14.3,70.0,False,False,False,False,False,False
27574,PGC027574,-0.1654703768849788,14.5,47.0,False,False,False,False,False,False
27613,UGC05154,-0.11581192985328626,14.46,77.0,False,False,False,False,False,False
27615,UGC05156,0.14453965050356254,13.59,76.0,False,False,False,False,False,False
27618,PGC027618,-0.049486250602224224,14.620000000000001,88.0,False,False,False,False,False,False
27622,IC0549,-0.38774261639285834,14.31,59.0,False,False,False,False,False,False
27630,UGC05164,0.14640372622306952,13.35,90.0,False,False,False,False,False,False
27634,PGC027634,-0.08831414384599823,14.700000000000001,89.0,False,False,False,False,False,False
27640,PGC027640,0.0968851491252023,13.98,79.0,False,False,False,False,False,False
27641,UGC05157,-0.019629455110611982,12.74,83.0,False,False,False,False,False,False
27645,IC0551,0.1888331668925778,13.16,48.0,False,False,False,False,False,False
27651,PGC027651,-0.03059345944174563,14.23,86.0,False,False,False,False,False,False
27659,UGC05170,0.1500021880046769,14.540000000000001,63.0,False,False,False,False,False,False
27666,NGC2955,0.21574519564249783,12.16,65.0,False,False,False,False,False,False
27681,UGC05173,0.18484536164441234,12.25,90.0,False,False,False,False,False,False
27699,UGC05174,0.13000519280996903,14.02,87.0,False,False,False,False,False,False
27711,UGC05177,-0.10713846327327659,14.42,72.0,False,False,False,False,False,False
27727,PGC027727,0.14352375651541438,13.55,76.0,False,False,False,False,False,False
27734,NGC2966,-0.09727216443919895,11.700000000000001,71.0,False,False,False,False,True,True
27736,PGC027736,-0.22277832052857116,15.22,81.0,False,False,False,False,False,False
27743,PGC027743,-0.3099284962474713,16.529999999999998,81.0,False,False,True,False,False,False
27744,PGC027744,0.06654008903460751,13.98,82.0,False,False,False,False,False,False
27780,UGC05185,0.24634547054079015,12.579999999999998,70.0,False,False,False,False,False,False
27785,UGC05186,-0.9718904541198576,14.79,78.0,False,True,False,False,False,False
27796,UGC05192,0.1003286600297284,12.44,73.0,False,False,False,False,False,False
27803,UGC05195,0.12872601839327658,13.219999999999999,84.0,False,False,False,False,False,False
27826,UGC05194,0.07969842011416972,13.98,86.0,False,False,False,False,False,False
27829,PGC027829,-0.03504780086799553,14.43,86.0,False,False,False,False,False,False
27839,PGC027839,0.25182792538261056,14.13,53.0,False,False,False,False,False,False
27875,UGC05205,-0.583322443496004,14.44,58.0,False,False,False,False,True,True
27912,PGC027912,-0.03729724347979513,14.57,72.0,False,False,False,False,False,False
27946,UGC05215,0.15650048104159398,12.360000000000001,63.0,False,False,False,False,False,False
27954,UGC05214,-0.19882796717925677,15.35,70.0,False,False,False,False,False,False
27959,UGC05216,-0.1385108678053837,13.600000000000001,66.0,False,False,False,False,False,False
27968,UGC05218,-0.192516346896916,14.370000000000001,59.0,False,False,False,False,False,False
27981,NGC2987,0.042843874490550604,12.38,71.0,False,False,False,False,False,False
27987,UGC05217,-0.13395425734866784,14.379999999999999,58.0,False,False,False,False,False,False
27996,PGC027996,0.07396971392440577,13.25,64.0,False,False,False,False,False,False
27997,UGC05224,-0.23910905086663847,13.969999999999999,62.0,False,False,False,False,False,False
28010,UGC05228,-0.08370661115715539,11.889999999999999,79.0,False,False,False,False,True,False
28018,UGC05210,-0.016861775312831284,13.31,88.0,False,False,False,False,False,False
28026,NGC2990,0.03247735924628703,12.129999999999999,58.0,False,False,False,False,False,False
28031,PGC028031,-0.039339574829100776,14.05,75.0,False,False,False,False,False,False
28033,IC0564,0.180768448717338,12.28,78.0,False,False,False,False,False,False
28034,PGC028034,-0.03081904385854095,14.19,69.0,False,False,False,False,False,False
28052,PGC028052,-0.1112375061247266,14.229999999999999,64.0,False,False,False,False,False,False
28081,UGC05234,0.12656808378230489,12.32,53.0,False,False,False,False,False,False
28088,UGC05235,0.0877109650189114,13.84,90.0,False,False,False,False,False,False
28101,UGC05242,-0.40655806298518904,14.66,57.0,False,False,False,False,False,False
28103,PGC028103,-0.08200904013160315,15.23,67.0,False,False,False,False,False,False
28120,NGC2976,-0.303752848390773,9.44,63.0,False,False,False,False,True,True
28126,UGC05237,-0.06805391334862065,13.83,64.0,False,False,False,False,False,False
28128,UGC05240,0.01593999390245049,13.760000000000002,89.0,False,False,False,False,False,False
28136,UGC05245,-0.33863199776502517,13.620000000000001,90.0,False,False,False,False,False,False
28146,PGC028146,0.15656219289619466,13.239999999999998,84.0,False,False,False,False,False,False
28148,UGC05249,-0.19015540154944643,12.93,80.0,False,False,False,False,False,False
28159,IC0565,0.20678393252753047,12.57,89.0,False,False,False,False,False,False
28167,PGC028167,0.28057949750984035,14.01,73.0,False,False,False,False,False,False
28186,NGC3003,-0.06861591580148563,11.03,83.0,False,False,False,False,True,True
28196,NGC2998,0.1398060070209648,11.86,59.0,False,False,False,False,False,False
28197,UGC05244,-0.1321263640908663,13.57,84.0,False,False,False,False,False,False
28225,UGC05247,-0.5226831883230563,12.95,68.0,False,False,False,False,True,True
28228,UGC05255,-0.04034287116235413,13.42,88.0,False,False,False,False,False,False
28242,UGC05257,-0.01223964718218129,13.81,67.0,False,False,False,False,False,False
28248,UGC05258,-0.021168863327741594,13.49,88.0,False,False,False,False,False,False
28253,PGC028253,-0.49817204383645386,14.47,75.0,False,False,False,False,True,False
28254,PGC028254,0.023194367411289996,13.299999999999999,73.0,False,False,False,False,False,False
28271,PGC028271,-0.03009891809418841,13.870000000000001,75.0,False,False,False,False,False,False
28274,UGC05267,0.17408011727499328,12.49,86.0,False,False,False,False,False,False
28295,NGC3019,0.03534180048022195,14.27,55.0,False,False,False,False,False,False
28296,NGC3020,-0.11946729673308853,12.049999999999999,60.0,False,False,False,False,True,True
28304,PGC028304,-0.1643122499146692,14.85,83.0,False,False,False,False,False,False
28317,UGC05272,-0.6227148567380287,13.76,79.0,False,False,False,False,True,True
28324,NGC3024,-0.12315840186507332,12.27,88.0,False,False,False,False,False,False
28341,UGC05276,0.21882766527968522,13.23,53.0,False,False,False,False,False,False
28343,UGC05278,0.1318005425615678,13.43,64.0,False,False,False,False,False,False
28351,NGC3026,-0.17275358736647517,12.32,77.0,False,False,False,False,True,True
28352,UGC05284,-0.14949558551545694,14.81,53.0,False,False,False,False,False,False
28357,NGC3021,-0.04640344093539239,11.43,58.0,True,False,False,False,True,True
28366,UGC05286,0.09762244987889579,12.69,52.0,False,False,False,False,False,False
28368,IC0568,0.181593852119998,12.85,50.0,False,False,False,False,False,False
28370,UGC05282,-0.4580249923493831,14.549999999999999,64.0,False,False,False,False,False,False
28371,PGC028371,-0.6006994702764641,14.16,47.0,False,False,False,False,True,False
28378,UGC5288,-0.4050023300178407,13.33,45.0,True,False,False,False,True,True
28396,PGC028396,-0.31530856918240113,14.82,90.0,False,False,False,False,False,False
28400,PGC028400,-0.3894199518611101,15.06,74.0,False,False,False,False,False,False
28421,PGC028421,-0.06221267145881759,13.76,77.0,False,False,False,False,False,False
28452,NGC3039,0.17524135487654702,12.42,62.0,False,False,False,False,False,False
28463,UGC05299,-0.38213311063698585,16.27,87.0,False,False,False,False,False,False
28474,PGC028474,-0.5650976233898051,16.07,58.0,False,False,False,False,False,False
28485,NGC3041,0.02340611957298977,10.82,54.0,False,False,False,False,True,True
28511,PGC028511,0.004125850585713575,14.73,68.0,False,False,False,False,False,False
28517,NGC3044,-0.0030042017360134565,10.48,89.0,False,False,False,False,True,True
28520,UGC05312,0.01825510809607156,13.61,86.0,False,False,False,False,False,False
28531,UGC05314,-0.057255589857136524,14.34,88.0,False,False,False,False,False,False
28557,UGC05320,0.014941025785126794,12.94,66.0,False,False,False,False,False,False
28582,PGC028582,-0.11972260809762236,14.780000000000001,89.0,False,False,False,False,False,False
28587,PGC028587,-0.22066407655477915,15.33,64.0,False,False,False,False,False,False
28588,UGC05324,-0.13439430161055155,14.780000000000001,66.0,False,False,False,False,False,False
28590,NGC3049,-0.11889829326326495,11.93,55.0,False,False,False,False,True,True
28595,PGC028595,-0.00695450755876692,14.5,56.0,False,False,False,False,False,False
28611,PGC028611,0.055808851654918445,13.71,71.0,False,False,False,False,False,False
28617,NGC3055,-0.005274449440745066,11.52,56.0,False,False,False,False,False,False
28630,M81,0.20605678665047078,6.06,58.0,False,False,True,False,False,False
28631,NGC3053,0.1294312351532354,12.06,68.0,False,False,False,False,False,False
28641,UGC05332,-0.7485626828240739,15.25,83.0,False,False,False,False,True,False
28672,NGC3043,-0.06547805888658509,12.33,77.0,False,False,False,False,False,False
28676,PGC028676,0.033802025174594075,14.06,59.0,False,False,False,False,False,False
28680,NGC3060,0.18242688270414975,11.73,80.0,False,False,False,False,False,False
28700,UGC05341,0.2701152947871015,12.38,90.0,False,False,False,False,False,False
28716,UGC05343,-0.17534559911013226,14.45,74.0,False,False,False,False,False,False
28741,UGC05347,-0.18817998875347408,13.49,89.0,False,False,False,False,False,False
28758,IC2524,-0.17122286241368423,13.83,52.0,False,False,False,False,False,False
28795,UGC05349,-0.22865254483831832,13.09,77.0,False,False,False,False,False,False
28800,IC0581,0.12269619054149539,13.1,53.0,False,False,False,False,False,False
28805,NGC3067,-0.04270077451293108,11.299999999999999,71.0,False,False,False,False,True,True
28818,UGC05357,-0.23754296099669103,15.0,84.0,False,False,False,False,False,False
28821,UGC05358,-0.181203839225744,13.79,71.0,False,False,False,False,False,False
28828,UGC05359,0.15053996871221376,13.21,75.0,False,False,False,False,False,False
28830,UGC05354,-0.24181494424256345,13.129999999999999,62.0,False,False,False,False,False,False
28832,PGC028832,-0.11349141842440469,14.159999999999998,54.0,False,False,False,False,False,False
28833,NGC3075,-0.021863510255953678,12.65,61.0,False,False,False,False,False,False
28880,UGC05370,0.1303664676689551,14.51,67.0,False,False,False,False,False,False
28939,UGC05376,0.06374572647282539,11.74,88.0,False,False,False,False,False,False
28949,UGC05378,-0.04504716744907311,13.26,63.0,False,False,False,False,False,False
28951,PGC028951,-0.0285194946644598,14.76,61.0,False,False,False,False,False,False
28959,PGC028959,0.056368650958058986,13.68,89.0,False,False,False,False,False,False
28973,UGC05381,0.04712198754652519,13.52,76.0,False,False,False,False,False,False
29028,UGC05392,0.05151614816364658,13.549999999999999,89.0,False,False,False,False,False,False
29032,UGC05396,0.025908716758980876,12.95,73.0,False,False,False,False,False,False
29034,UGC05391,-0.21053472671250706,13.66,70.0,False,False,False,False,False,False
29036,UGC05393,-0.24658964235102276,13.48,54.0,False,False,False,False,False,False
29043,UGC05394,-0.3405782977586531,14.979999999999999,86.0,False,False,False,False,False,False
29050,NGC3079,0.12280961667354529,9.33,87.0,False,False,False,False,True,True
29064,PGC029064,-0.11315033410304842,13.58,70.0,False,False,False,False,False,False
29082,UGC05401,-0.38022577052832807,14.93,73.0,False,False,False,False,False,False
29093,PGC029093,-0.0013365101147178038,14.47,51.0,False,False,False,False,False,False
29101,PGC029101,-0.022706807452199662,13.959999999999999,65.0,False,False,False,False,False,False
29111,PGC029111,-0.12973947907779104,15.05,80.0,False,False,False,False,False,False
29126,UGC05409,-0.1823164090431062,13.89,79.0,False,False,False,False,False,False
29127,IC0587,0.09534307507885487,13.16,64.0,False,False,False,False,False,False
29156,UGC05413,-0.012596983444398635,14.59,88.0,False,False,False,False,False,False
29185,PGC029185,0.12493804707516931,13.87,72.0,False,False,False,False,False,False
29205,UGC05424,-0.009092827457028996,14.3,70.0,False,False,False,False,False,False
29212,UGC05426,0.116214692734816,13.35,88.0,False,False,False,False,False,False
29213,PGC029213,-0.06461862872574331,13.950000000000001,60.0,False,False,False,False,False,False
29221,PGC029221,-0.35698519974590504,15.71,90.0,False,False,False,False,False,False
29223,PGC029223,-0.055864456953050645,14.020000000000001,85.0,False,False,False,False,False,False
29229,UGC05421,-0.48656718158757783,14.86,87.0,False,False,False,False,False,False
29230,UGC05427,-0.5452737954204718,13.9,52.0,True,False,False,False,True,True
29233,PGC029233,-0.1669659463771449,14.5,87.0,False,False,False,False,False,False
29253,UGC05431,-0.23728426919115542,15.03,88.0,False,False,False,False,False,False
29258,UGC05433,-0.29263072717434957,15.870000000000001,83.0,False,False,False,False,False,False
29277,UGC05436,-0.029022221775617307,13.200000000000001,76.0,False,False,False,False,False,False
29283,PGC029283,-0.17703933476948697,14.12,53.0,False,False,False,False,False,False
29291,UGC05437,-0.20636471900851383,15.24,72.0,False,False,False,False,False,False
29296,NGC3057,-0.2841060036189118,12.58,54.0,False,False,False,False,True,True
29365,UGC05446,-0.2627566650297135,14.120000000000001,82.0,False,False,False,False,False,False
29392,PGC029392,0.08409336385863808,13.98,50.0,False,False,False,False,False,False
29413,UGC05454,-0.33241068319346656,14.89,54.0,False,False,False,False,False,False
29415,NGC3118,-0.1940530368461264,12.790000000000001,87.0,False,False,False,False,False,False
29427,UGC05451,-0.4187652140508642,12.61,71.0,False,False,False,False,True,True
29428,UGC05456,-0.7189778334670245,12.799999999999999,68.0,False,False,False,False,True,True
29435,IC0591,-0.2672364837466201,13.12,55.0,False,False,False,False,False,False
29459,UGC05461,-0.07898504136414486,13.82,86.0,False,False,False,False,False,False
29466,PGC029466,-0.326813731587726,15.16,90.0,False,False,False,False,False,False
29468,UGC05464,-0.4318024792557522,14.620000000000001,56.0,False,False,False,False,False,False
29472,UGC05459,-0.08329334247094744,10.88,89.0,False,False,False,False,True,True
29476,PGC029476,0.14306011394937146,13.49,87.0,False,False,False,False,False,False
29484,NGC3126,0.2513920895515618,11.53,85.0,False,False,False,False,False,False
29496,IC0594,0.11991289177502962,13.25,62.0,False,False,False,False,False,False
29499,NGC3131,0.22476661027054945,11.78,77.0,False,False,False,False,False,False
29515,PGC029515,-0.10040421734546134,14.74,85.0,False,False,False,False,False,False
29522,PGC029522,-0.5089810411556224,15.350000000000001,82.0,False,False,False,False,False,False
29567,UGC05481,0.227567406277549,12.35,85.0,False,False,False,False,False,False
29588,PGC029588,0.1677826110988505,13.6,71.0,False,False,False,False,False,False
29603,UGC05482,-0.3886187719559695,14.549999999999999,50.0,False,False,False,False,False,False
29614,UGC05487,-0.12039534486348069,14.01,57.0,False,False,False,False,False,False
29631,UGC05489,0.14019997037799836,11.850000000000001,67.0,False,False,False,False,False,False
29660,PGC029660,-0.0902309377941175,14.290000000000001,80.0,False,False,False,False,False,False
29698,UGC05495,0.237788236411987,12.079999999999998,87.0,False,False,False,False,False,False
29708,PGC029708,0.17545673444506127,12.600000000000001,87.0,False,False,False,False,False,False
29715,UGC05499,0.12922970530603006,12.21,79.0,False,False,False,False,False,False
29717,PGC029717,-0.3068092514547667,15.750000000000002,89.0,False,False,False,False,False,False
29746,UGC05504,-0.3507808873446203,14.87,90.0,False,False,False,False,False,False
29747,NGC3153,-0.06457875822673298,12.33,65.0,False,False,False,False,False,False
29749,UGC05506,0.2558364943281495,13.319999999999999,57.0,False,False,False,False,False,False
29759,NGC3154,0.0955723382279845,12.78,66.0,False,False,False,False,False,False
29792,PGC029792,-0.1151083307549916,16.49,73.0,False,False,True,False,False,False
29798,NGC3165,-0.29759253968595445,13.32,63.0,False,False,False,False,False,False
29802,UGC05509,0.23298935353021832,12.83,87.0,False,False,False,False,False,False
29813,UGC05514,-0.25779497773489934,14.399999999999999,85.0,False,False,False,False,False,False
29865,UGC05524,-0.25885515801015035,13.18,87.0,False,False,False,False,False,False
29866,UGC05526,-0.27158869212248504,14.24,70.0,False,False,False,False,False,False
29914,PGC029914,-0.13299325618870572,15.1,65.0,False,False,False,False,False,False
29919,UGC05520,-0.027639106418617665,12.889999999999999,56.0,False,False,False,False,False,False
29924,UGC05529,-0.05959012838111111,13.780000000000001,82.0,False,False,False,False,False,False
29935,PGC029935,0.05511038932750312,14.690000000000001,61.0,False,False,False,False,False,False
29943,UGC05533,0.18383176520508027,13.65,79.0,False,False,False,False,False,False
29955,UGC05531,0.04320698360159447,13.22,80.0,False,False,False,False,False,False
29956,UGC05537,-0.04211810326600762,13.45,90.0,False,False,False,False,False,False
29983,UGC05534,0.1026309135497141,13.41,65.0,False,False,False,False,False,False
29984,UGC05530,0.03750045540362157,12.73,75.0,False,False,False,False,False,False
29997,UGC05540,-0.4649204705305494,13.36,85.0,False,False,False,False,True,True
30013,UGC05548,0.20763245590993895,13.23,77.0,False,False,False,False,False,False
30037,PGC030037,-0.2224438254605854,14.23,49.0,False,False,False,False,False,False
30052,UGC05552,0.1741014939200185,13.100000000000001,80.0,False,False,False,False,False,False
30059,NGC3185,-0.02587726026233117,11.370000000000001,56.0,False,False,False,False,True,True
30090,IC0602,0.11555218085279684,12.57,55.0,False,False,False,False,False,False
30111,PGC030111,-0.20894897990004857,14.2,83.0,False,False,False,False,False,False
30120,UGC05563,0.011290890813500987,13.440000000000001,69.0,False,False,False,False,False,False
30147,IC2561,-0.053681536973274824,13.180000000000001,63.0,False,False,False,False,False,False
30172,PGC030172,-0.027968607521517086,14.180000000000001,80.0,False,False,False,False,False,False
30178,UGC05573,0.18995182005519728,13.219999999999999,56.0,False,False,False,False,False,False
30182,UGC05574,-0.4014342130094426,13.76,85.0,False,False,False,False,True,False
30187,UGC05571,-0.800447673171589,15.33,64.0,False,False,False,False,True,True
30188,UGC05575,-0.40479995469677466,14.59,70.0,False,False,False,False,False,False
30197,NGC3198,-0.011549925964406516,9.709999999999999,74.0,True,False,False,False,True,True
30214,NGC3204,0.0862021000050941,12.92,53.0,False,False,False,False,False,False
30244,PGC030244,0.0642993700867569,13.82,56.0,False,False,False,False,False,False
30252,PGC030252,-0.07222123907135813,14.879999999999999,56.0,False,False,False,False,False,False
30256,PGC030256,0.01758843351875905,14.08,56.0,False,False,False,False,False,False
30263,UGC05588,-0.1317143211300107,13.100000000000001,52.0,False,False,False,False,False,False
30322,NGC3206,-0.18098757993661918,12.08,51.0,False,False,False,False,True,True
30328,UGC05597,0.09788187284380845,13.26,84.0,False,False,False,False,False,False
30341,PGC030341,-0.14265912613615983,14.51,45.0,False,False,False,False,False,False
30351,UGC05598,0.01992782559521622,13.149999999999999,81.0,False,False,False,False,False,False
30358,NGC3221,0.22025056821293187,11.41,82.0,False,False,False,False,False,False
30364,UGC05607,0.11584590915127091,12.82,70.0,False,False,False,False,False,False
30370,PGC030370,0.16066674830286098,13.18,55.0,False,False,False,False,False,False
30372,UGC05599,-0.08737954284462424,14.17,70.0,False,False,False,False,False,False
30430,UGC05616,0.09885665695388646,13.73,89.0,False,False,False,False,False,False
30453,UGC05621,-0.13517688809233608,14.149999999999999,53.0,False,False,False,False,False,False
30462,NGC3220,-0.18393112538436007,13.02,73.0,False,False,False,False,False,False
30464,UGC05625,-0.19882796717925677,14.06,70.0,False,False,False,False,False,False
30489,UGC05627,0.1263899259406256,13.24,71.0,False,False,False,False,False,False
30510,UGC05609,-0.3312295484464629,13.67,61.0,False,False,False,False,False,False
30513,UGC05626,-0.11397558681328901,14.319999999999999,77.0,False,False,False,False,False,False
30531,UGC05633,-0.18970626810769753,13.11,52.0,False,False,False,False,False,False
30549,PGC030549,0.039623369756593085,13.98,61.0,False,False,False,False,False,False
30562,IC2572,0.04326946112628205,13.63,64.0,False,False,False,False,False,False
30569,NGC3225,-0.04973557980275167,12.49,62.0,False,False,False,False,False,False
30604,UGC05642,-0.12054288890576492,13.11,86.0,False,False,False,False,False,False
30608,PGC030608,-0.5282677612763393,15.43,83.0,False,False,False,False,False,False
30628,PGC030628,0.18383176520508027,13.590000000000002,79.0,False,False,False,False,False,False
30630,UGC05646,-0.1621814671494648,12.61,81.0,False,False,False,False,False,False
30637,UGC05648,0.009282688620658508,13.94,78.0,False,False,False,False,False,False
30645,UGC05647,-0.009612334353088059,13.440000000000001,83.0,False,False,False,False,False,False
30659,UGC05651,-0.05237360278364722,13.05,47.0,False,False,False,False,False,False
30663,PGC030663,0.13270428306958415,13.6,62.0,False,False,False,False,False,False
30669,UGC05654,0.024816301554476894,14.45,59.0,False,False,False,False,False,False
30670,IC0610,-0.03604086082332136,11.92,89.0,False,False,False,False,False,False
30673,PGC030673,0.16958910345096756,14.11,64.0,False,False,False,False,False,False
30675,PGC030675,0.11812217996787,13.78,58.0,False,False,False,False,False,False
30684,NGC3246,-0.07708322989042093,12.450000000000001,64.0,False,False,False,False,False,False
30685,UGC05660,0.009397202898038692,13.82,82.0,False,False,False,False,False,False
30694,UGC05656,0.08291363012090258,13.36,57.0,False,False,False,False,False,False
30697,UGC05657,0.10963065528033056,13.08,83.0,False,False,False,False,False,False
30714,NGC3245A,-0.2670038896078464,13.03,90.0,False,False,False,False,True,False
30780,UGC05670,-0.060402665091322305,14.09,88.0,False,False,False,False,False,False
30789,PGC030789,-0.15888585373957698,14.41,48.0,False,False,False,False,False,False
30818,UGC05672,-0.5482243423368529,12.76,84.0,False,False,False,False,True,True
30832,UGC05677,-0.487162775294828,14.260000000000002,90.0,False,False,False,False,True,False
30850,PGC030850,-0.13283567227743376,14.950000000000001,53.0,False,False,False,False,False,False
30855,UGC05681,0.014269011997108727,13.83,84.0,False,False,False,False,False,False
30862,PGC030862,0.002431378785958671,15.370000000000001,49.0,False,False,False,False,False,False
30885,UGC05687,-0.07648948498477726,13.190000000000001,88.0,False,False,False,False,False,False
30891,PGC030891,0.19955232682841073,13.75,64.0,False,False,False,False,False,False
30892,NGC3251,0.1637043938871683,11.870000000000001,80.0,False,False,False,False,False,False
30895,NGC3254,0.1056686175520336,10.75,77.0,True,False,False,False,True,True
30919,PGC030919,-0.017574883206092018,14.56,60.0,False,False,False,False,False,False
30928,UGC05695,-0.13185335109437402,13.4,72.0,False,False,False,False,False,False
30933,UGC05693,0.1678912657258511,12.93,83.0,False,False,False,False,False,False
30955,UGC05702,0.032164161876969466,14.110000000000001,70.0,False,False,False,False,False,False
30961,PGC030961,0.003856833247952718,13.03,89.0,False,False,False,False,False,False
30971,UGC05698,0.13655404654413683,13.54,89.0,False,False,False,False,False,False
30978,UGC05704,0.28390357927273513,13.709999999999999,90.0,False,False,False,False,False,False
31037,UGC05708,-0.2877462454052706,12.93,89.0,False,False,False,False,True,False
31052,PGC031052,0.021733677411285957,14.6,87.0,False,False,False,False,False,False
31059,NGC3270,0.21802977456214112,11.719999999999999,81.0,False,False,False,False,False,False
31063,UGC05712,0.09715199580807488,13.8,85.0,False,False,False,False,False,False
31066,PGC031066,0.12198179573834045,13.74,52.0,False,False,False,False,False,False
31075,UGC05713,0.1408638197498422,12.65,81.0,False,False,False,False,False,False
31109,PGC031109,-0.04060172355997871,13.959999999999999,54.0,False,False,False,False,False,False
31122,NGC3274,-0.26236016323254807,12.34,63.0,False,False,False,False,True,True
31125,NGC3264,-0.3524118852370868,12.709999999999999,70.0,False,False,False,False,True,True
31130,UGC05726,-0.14897630148354857,15.37,66.0,False,False,False,False,False,False
31145,NGC3259,-0.046008598398838974,12.129999999999999,55.0,False,False,False,False,False,False
31147,PGC031147,0.11935422187756162,13.89,58.0,False,False,False,False,False,False
31184,PGC031184,-0.02945717867227282,14.68,67.0,False,False,False,False,False,False
31204,PGC031204,0.005891348816499775,14.95,53.0,False,False,False,False,False,False
31220,PGC031220,0.09689548419133409,14.01,73.0,False,False,False,False,False,False
31233,PGC031233,-0.02488798549797533,13.84,72.0,False,False,False,False,False,False
31275,UGC05739,-0.13541661196948152,12.43,80.0,False,False,False,False,False,False
31302,NGC3279,0.0330190200709124,11.280000000000001,88.0,False,False,False,False,True,False
31306,UGC05743,-0.12228359669819922,14.48,80.0,False,False,False,False,False,False
31307,UGC05740,-0.31477049256604017,13.5,56.0,False,False,False,False,False,False
31311,NGC3287,-0.1878683354571109,11.540000000000001,71.0,False,False,False,False,True,True
31336,UGC05746,0.2328774549631718,12.53,52.0,False,False,False,False,False,False
31382,PGC031382,-0.06922585180118723,14.74,68.0,False,False,False,False,False,False
31388,UGC05751,0.08090404057081901,13.17,75.0,False,False,False,False,False,False
31427,UGC05758,-0.35266667907124605,15.8,55.0,False,False,False,False,False,False
31428,NGC3294,0.13557984543948942,10.51,63.0,False,False,False,False,True,False
31435,UGC05760,-0.027752306710960628,12.389999999999999,81.0,False,False,False,False,False,False
31498,PGC031498,0.08685194575016997,14.11,88.0,False,False,False,False,False,False
31503,UGC05772,0.16299590238778539,13.239999999999998,57.0,False,False,False,False,False,False
31528,NGC3306,-0.06490656146376095,12.540000000000001,72.0,False,False,False,False,False,False
31545,UGC05775,0.09244139847428157,13.45,88.0,False,False,False,False,False,False
31553,PGC031553,0.020478589507709977,14.29,77.0,False,False,False,False,False,False
31554,PGC031554,-0.199452724592184,14.25,72.0,False,False,False,False,False,False
31559,UGC05779,0.0013428566009046072,13.94,85.0,False,False,False,False,False,False
31578,UGC05778,-0.07668797587242082,13.92,89.0,False,False,False,False,False,False
31594,UGC05781,-0.2566101798833782,15.36,66.0,False,False,False,False,False,False
31607,PGC031607,0.19366448806920022,13.45,61.0,False,False,False,False,False,False
31608,UGC05784,0.10574860945650721,13.280000000000001,79.0,False,False,False,False,False,False
31621,UGC05757,-0.2798200395185124,13.719999999999999,69.0,False,False,False,False,False,False
31651,UGC05788,0.13747734470238182,13.229999999999999,59.0,False,False,False,False,False,False
31663,PGC031663,-0.17879450374284866,15.660000000000002,86.0,False,False,False,False,False,False
31671,NGC3319,-0.15984627270649332,10.899999999999999,63.0,True,False,False,False,True,True
31687,UGC05793,0.13454342035150324,13.01,89.0,False,False,False,False,False,False
31708,NGC3320,-0.01118041788248414,11.989999999999998,64.0,False,False,False,False,False,False
31712,NGC3323,0.017183513139845452,13.11,59.0,False,False,False,False,False,False
31713,IC2598,-0.04738557536819066,13.66,67.0,False,False,False,False,False,False
31720,UGC05798,-0.30521962766303723,13.39,85.0,False,False,False,False,False,False
31725,UGC05802,0.05877472072393708,14.020000000000001,89.0,False,False,False,False,False,False
31729,NGC3327,0.1215939626421787,12.23,47.0,False,False,False,False,False,False
31762,UGC05805,-0.30130291786623253,13.96,56.0,False,False,False,False,False,False
31834,UGC05818,-0.005274449440745066,13.809999999999999,56.0,False,False,False,False,False,False
31858,IC0635,0.12677952990464325,13.3,75.0,False,False,False,False,False,False
31864,UGC05822,-0.036787562368346016,13.32,55.0,False,False,False,False,False,False
31867,IC0636,0.10393590171278655,13.35,66.0,False,False,False,False,False,False
31887,UGC05825,0.012841082483925792,12.8,68.0,False,False,False,False,False,False
31889,PGC031889,0.023663395381527064,14.3,74.0,False,False,False,False,False,False
31893,PGC031893,0.0812982602840715,13.77,69.0,False,False,False,False,False,False
31930,UGC05832,-0.38190242271733243,12.8,51.0,False,False,False,False,True,True
31969,PGC031969,-0.04542022163508319,14.729999999999999,64.0,False,False,False,False,False,False
31977,PGC031977,-0.06627036060820357,14.079999999999998,64.0,False,False,False,False,False,False
31984,PGC031984,-0.02414227860556606,14.659999999999998,54.0,False,False,False,False,False,False
31996,UGC05844,-0.41002873836983067,14.54,89.0,False,False,False,False,False,False
32002,PGC032002,0.14993045241939162,13.600000000000001,87.0,False,False,False,False,False,False
32004,UGC05820,-0.01956092665428022,13.17,75.0,False,False,False,False,False,False
32021,NGC3356,0.07125719963502508,12.440000000000001,63.0,False,False,False,False,False,False
32041,UGC05848,-0.2618296089077594,13.56,54.0,False,False,False,False,False,False
32049,PGC032049,-0.5667579953540116,13.76,61.0,False,False,False,False,True,True
32055,UGC05855,0.16178697584144652,12.65,80.0,False,False,False,False,False,False
32083,UGC05864,0.08620227034862271,13.92,67.0,False,False,False,False,False,False
32097,PGC032097,-0.03897442016665309,14.629999999999999,65.0,False,False,False,False,False,False
32109,PGC032109,-0.12457045845276848,14.059999999999999,73.0,False,False,False,False,False,False
32110,PGC032110,0.08183713651832125,13.200000000000001,71.0,False,False,False,False,False,False
32125,PGC032125,0.047700308774969,14.41,57.0,False,False,False,False,False,False
32129,IC0639,-0.07199082797924694,13.35,79.0,False,False,False,False,False,False
32153,NGC3365,-0.15199125156686044,11.68,85.0,False,False,False,False,True,True
32183,NGC3359,-0.02577165943883797,10.209999999999999,53.0,False,False,False,False,True,True
32192,NGC3368,0.12980713325029702,8.450000000000001,52.0,True,False,False,False,True,True
32196,UGC05886,0.1400262984319829,13.370000000000001,52.0,False,False,False,False,False,False
32204,UGC05879,-0.03910215724345223,13.66,90.0,False,False,False,False,False,False
32206,UGC05884,0.043880827475269335,13.14,50.0,False,False,False,False,False,False
32207,NGC3370,0.014395077352408858,11.37,56.0,True,False,False,False,True,True
32243,UGC05894,0.14607577029065544,12.63,72.0,False,False,False,False,False,False
32245,UGC05895,0.12405992389634246,13.700000000000001,77.0,False,False,False,False,False,False
32251,UGC05897,-0.024506120610653603,12.07,76.0,False,False,False,False,False,False
32259,UGC05898,-0.38614148932206716,14.709999999999999,80.0,False,False,False,False,False,False
32264,UGC05903,0.1865696713045999,13.049999999999999,61.0,False,False,False,False,False,False
32276,PGC032276,-0.09755395176396897,14.75,75.0,False,False,False,False,False,False
32282,PGC032282,-0.40997404176007946,14.67,56.0,False,False,False,False,False,False
32306,NGC3389,-0.04036042286568087,11.25,64.0,False,False,False,False,True,True
32321,UGC05904,0.22923093988354148,12.0,89.0,False,False,False,False,False,False
32343,UGC05917,-0.41187629610957766,14.25,59.0,False,False,False,False,False,False
32347,NGC3391,-0.10260386806507915,13.18,56.0,False,False,False,False,False,False
32367,UGC05924,0.27749322202034543,12.399999999999999,78.0,False,False,False,False,False,False
32368,UGC05921,-0.35273797516777217,13.66,82.0,False,False,False,False,False,False
32396,UGC05929,-0.033704438457174746,14.059999999999999,64.0,False,False,False,False,False,False
32437,UGC05934,-0.46258843926488513,13.94,48.0,False,False,False,False,True,False
32443,PGC032443,0.01642604549651283,14.67,77.0,False,False,False,False,False,False
32464,IC2608,-0.2955993344689314,13.92,77.0,False,False,False,False,False,False
32474,UGC05945,-0.32728677407198825,13.790000000000001,68.0,False,False,False,False,False,False
32476,PGC032476,0.09234620790431602,14.03,74.0,False,False,False,False,False,False
32519,UGC05951,-0.019993057042849482,13.96,90.0,False,False,False,False,False,False
32527,UGC05957,0.06750359265601835,12.69,85.0,False,False,False,False,False,False
32532,UGC05958,-0.2613583031639548,13.18,87.0,False,False,False,False,False,False
32540,NGC3419A,-0.10373450271349194,13.19,89.0,False,False,False,False,False,False
32552,NGC3428,0.22120095379087878,12.879999999999999,64.0,False,False,False,False,False,False
32564,UGC05954,-0.09727216443919895,12.940000000000001,71.0,False,False,False,False,False,False
32570,UGC05974,-0.30502005713273883,13.479999999999999,72.0,False,False,False,False,False,False
32581,PGC032581,-0.036696661799659136,13.96,52.0,False,False,False,False,False,False
32584,NGC3424,-0.07837811099911729,11.280000000000001,80.0,False,False,False,False,True,True
32612,PGC032612,-0.12348754727597422,14.120000000000001,71.0,False,False,False,False,False,False
32614,NGC3430,0.08229736207986882,10.93,60.0,False,False,False,False,True,True
32633,PGC032633,0.06085174465139742,13.33,55.0,False,False,False,False,False,False
32637,PGC032637,0.0776841199367082,13.44,52.0,False,False,False,False,False,False
32643,NGC3432,-0.11994632506936131,10.370000000000001,85.0,True,False,False,False,True,True
32644,UGC05994,0.037885245264045686,13.57,89.0,False,False,False,False,False,False
32645,UGC05989,-0.36484177810419727,13.01,79.0,False,False,False,False,True,True
32648,NGC3437,-0.0013990085210400238,11.09,74.0,False,False,False,False,True,True
32652,UGC05990,-0.20094915872023478,13.12,84.0,False,False,False,False,False,False
32670,NGC3444,0.14253067043289303,13.49,89.0,False,False,False,False,False,False
32671,NGC3443,-0.21943196269073706,13.0,63.0,False,False,False,False,False,False
32676,UGC06063A,0.24062733057265895,13.7,88.0,False,False,False,False,False,False
32678,UGC05998,-0.2488580153808142,13.76,76.0,False,False,False,False,False,False
32679,NGC3442,-0.2741634451354784,12.91,48.0,False,False,False,False,True,False
32687,PGC032687,-0.5947943629754953,15.09,67.0,False,False,False,False,False,False
32705,UGC06008,0.17683755182018235,12.6,86.0,False,False,False,False,False,False
32706,PGC032706,-0.19598161207774822,13.860000000000001,64.0,False,False,False,False,False,False
32707,NGC3453,-0.061182001313495604,12.47,55.0,False,False,False,False,False,False
32708,UGC06014,-0.5014522547483193,14.26,62.0,False,False,False,False,True,True
32709,UGC06012,0.11198794908575671,13.16,88.0,False,False,False,False,False,False
32714,NGC3440,-0.14559360201836613,13.07,79.0,False,False,False,False,False,False
32754,UGC06023,-0.09711818264715877,12.19,66.0,False,False,False,False,False,False
32760,PGC032760,0.07625514759799001,14.1,79.0,False,False,False,False,False,False
32763,NGC3454,-0.18798149786583096,11.89,88.0,False,False,False,False,True,False
32767,NGC3455,-0.13630475947258924,12.110000000000001,62.0,False,False,False,False,True,True
32768,PGC032768,-0.013785704559760692,14.709999999999999,69.0,False,False,False,False,False,False
32773,PGC032773,0.07808454889461114,14.41,58.0,False,False,False,False,False,False
32774,NGC3448,0.056876894085158725,11.200000000000001,80.0,False,False,False,False,False,False
32778,NGC3464,0.12066375381042738,11.56,52.0,False,False,False,False,False,False
32786,NGC3435,0.11448324202157556,12.61,61.0,False,False,False,False,False,False
32788,PGC032788,0.032631568695355107,14.63,62.0,False,False,False,False,False,False
32845,PGC032845,-0.031057075880593032,14.76,87.0,False,False,False,False,False,False
32870,UGC06041,-0.4693140618002998,15.810000000000002,81.0,False,False,False,False,False,False
32871,UGC06043,-0.02936639838031585,14.690000000000001,66.0,False,False,False,False,False,False
32907,UGC06046,-0.09963286573484842,14.25,63.0,False,False,False,False,False,False
32922,PGC032922,0.15613607197264612,13.52,52.0,False,False,False,False,False,False
32992,UGC06054,-0.20333480973846907,12.75,90.0,False,False,False,False,False,False
33003,PGC033003,-0.10548216898301233,14.24,89.0,False,False,False,False,False,False
33010,UGC06055,-0.6750759915232014,15.85,81.0,False,False,False,False,False,False
33012,NGC3475,0.3203961374352309,12.37,54.0,False,False,False,False,False,False
33019,PGC033019,-0.12027147854455889,14.58,72.0,False,False,False,False,False,False
33041,UGC06063,0.11091168459542855,12.9,84.0,False,False,False,False,False,False
33054,PGC033054,0.025693523676045604,14.420000000000002,83.0,False,False,False,False,False,False
33058,UGC06066,0.3282548830166352,13.0,79.0,False,False,False,False,False,False
33074,NGC3471,-0.16360266050072436,11.860000000000001,58.0,False,False,False,False,True,True
33101,NGC3478,0.2338687742677017,11.99,64.0,False,False,False,False,False,False
33147,UGC06078,0.01698663778838272,13.74,69.0,False,False,False,False,False,False
33148,PGC033148,0.06558851851927283,14.61,68.0,False,False,False,False,False,False
33163,UGC06083,-0.2875477545176275,13.649999999999999,88.0,False,False,False,False,False,False
33166,NGC3486,-0.06966123767780852,9.93,47.0,False,False,False,False,True,False
33174,UGC06086,0.05082394676234392,14.069999999999999,87.0,False,False,False,False,False,False
33175,UGC06084,0.13822051033917582,13.690000000000001,65.0,False,False,False,False,False,False
33188,UGC06080,-0.27211329538632656,13.84,90.0,False,False,False,False,False,False
33190,UGC06091,0.12722611883300816,13.66,77.0,False,False,False,False,False,False
33195,NGC3487,0.17612320564108996,13.03,74.0,False,False,False,False,False,False
33208,UGC06095,-0.4543600902636422,15.19,82.0,False,False,False,False,False,False
33234,NGC3495,-0.021863477747857463,10.58,81.0,False,False,False,False,True,True
33238,UGC06097,0.19810326013615098,13.62,75.0,False,False,False,False,False,False
33242,NGC3488,-0.02760027048524627,12.38,53.0,False,False,False,False,False,False
33249,NGC3493,0.164811371583085,13.049999999999999,71.0,False,False,False,False,False,False
33269,UGC06101,0.07749179983722554,13.66,90.0,False,False,False,False,False,False
33270,PGC033270,-0.29117479039563454,13.74,69.0,False,False,False,False,False,False
33271,PGC033271,-0.0508841516423324,14.05,61.0,False,False,False,False,False,False
33276,UGC06104,-0.11214697576688115,13.47,77.0,False,False,False,False,False,False
33278,PGC033278,0.011998103903760438,14.61,54.0,False,False,False,False,False,False
33281,ESO569-032,-0.26207307558488013,15.469999999999999,66.0,False,False,False,False,False,False
33294,UGC06106,0.14237803132475602,12.68,71.0,False,False,False,False,False,False
33310,PGC033310,-0.036557170947128625,14.18,56.0,False,False,False,False,False,False
33322,PGC033322,-0.13616441215378483,15.84,58.0,False,False,False,False,False,False
33333,UGC06112,-0.28189805679154345,13.39,77.0,False,False,False,False,False,False
33343,NGC3501,-0.026647956975537568,11.14,87.0,False,False,False,False,True,False
33388,UGC06121,0.01879812833335759,13.75,78.0,False,False,False,False,False,False
33401,PGC033401,0.25647044937974117,12.3,87.0,False,False,False,False,False,False
33408,NGC3510,-0.24898440398385624,12.03,87.0,False,False,False,False,True,True
33447,PGC033447,-0.9022868519434364,14.86,80.0,False,False,False,False,False,False
33461,UGC06141,0.009137783568071267,13.55,48.0,False,False,False,False,False,False
33463,UGC06138,-0.08331363676405434,13.97,49.0,False,False,False,False,False,False
33467,NGC3515,0.27434499312951655,13.280000000000001,53.0,False,False,False,False,False,False
33480,PGC033480,-0.08817220205603293,14.56,64.0,False,False,False,False,False,False
33495,UGC06143,0.13593597337729735,13.03,78.0,False,False,False,False,False,False
33496,PGC033496,0.095760862903989,13.64,88.0,False,False,False,False,False,False
33497,PGC033497,-0.1230691140636373,14.54,58.0,False,False,False,False,False,False
33523,PGC033523,-0.5343100666488418,13.4,80.0,False,False,False,False,True,True
33529,UGC06146,-0.13817363482368483,14.899999999999999,73.0,False,False,False,False,False,False
33549,UGC06147,0.2195959280621418,13.2,88.0,False,False,False,False,False,False
33550,NGC3521,0.16975220396175494,7.91,71.0,False,False,False,False,True,True
33573,UGC06152,0.09872301536575101,13.29,70.0,False,False,False,False,False,False
33588,PGC033588,0.012571244756786726,14.85,57.0,False,False,False,False,False,False
33599,PGC033599,0.2000292144821163,12.78,86.0,False,False,False,False,False,False
33614,PGC033614,0.007937047842578426,15.37,56.0,False,False,False,False,False,False
33621,UGC06160,-0.02479791108690721,14.790000000000001,81.0,False,False,False,False,False,False
33625,UGC06161,-0.44896243861886553,13.28,69.0,False,False,False,False,True,True
33633,UGC06162,-0.08613575360639159,12.48,56.0,False,False,False,False,False,False
33635,NGC3526,-0.21799710887744528,12.32,83.0,False,False,False,False,True,True
33642,UGC06169,-0.1256828475585383,12.85,83.0,False,False,False,False,False,False
33643,UGC06165,0.1660599101153939,13.069999999999999,82.0,False,False,False,False,False,False
33645,UGC06168,0.08864213340572169,13.69,67.0,False,False,False,False,False,False
33660,UGC06171,-0.3410631145868792,13.57,80.0,False,False,False,False,False,False
33688,PGC033688,0.04391199680645519,14.61,60.0,False,False,False,False,False,False
33713,PGC033713,-0.0009480757138060625,14.24,53.0,False,False,False,False,False,False
33728,PGC033728,0.2166330271138266,13.84,73.0,False,False,False,False,False,False
33738,PGC033738,0.0633520746025722,14.47,86.0,False,False,False,False,False,False
33739,PGC033739,0.12136349848167383,14.04,65.0,False,False,False,False,False,False
33746,PGC033746,0.04645369536850996,15.34,84.0,False,False,False,False,False,False
33760,NGC3535,0.17592169990117057,12.23,75.0,False,False,False,False,False,False
33768,PGC033768,0.032631568695355107,13.43,62.0,False,False,False,False,False,False
33786,NGC3534,0.23825196741184573,12.4,88.0,False,False,False,False,False,False
33802,UGC06195,-0.16056825758085846,15.55,76.0,False,False,False,False,False,False
33817,IC0673,0.042203170013499935,12.74,74.0,False,False,False,False,False,False
33849,PGC033849,0.06590917855924427,14.04,71.0,False,False,False,False,False,False
33866,NGC3547,-0.1643235750612373,12.23,63.0,False,False,False,False,True,True
33869,UGC06208,0.09874551199529957,13.290000000000001,83.0,False,False,False,False,False,False
33875,UGC06205,-0.28669887352329315,13.91,51.0,False,False,False,False,False,False
33876,UGC06210,0.17331557649719675,13.12,68.0,False,False,False,False,False,False
33892,PGC033892,-0.008055983673335376,15.02,64.0,False,False,False,False,False,False
33925,PGC033925,-0.10836294908313793,14.540000000000001,82.0,False,False,False,False,False,False
33930,UGC06216,0.1328135260432579,12.719999999999999,84.0,False,False,False,False,False,False
33940,NGC3559,-0.08781135847494337,12.7,54.0,False,False,False,False,False,False
33943,PGC033943,-0.10107089784732048,13.44,60.0,False,False,False,False,False,False
33947,UGC06218,0.00530648679588408,15.200000000000001,82.0,False,False,False,False,False,False
33959,PGC033959,-0.7140917664605544,14.959999999999999,75.0,False,False,False,False,True,True
33964,NGC3549,0.12675277220187509,11.17,74.0,False,False,False,False,False,False
33969,PGC033969,-0.17718511155883077,15.98,87.0,False,False,False,False,False,False
33982,IC0674,0.21748675834282682,12.56,75.0,False,False,False,False,False,False
34011,PGC034011,-0.045619911649975364,14.99,61.0,False,False,False,False,False,False
34030,NGC3556,-0.017498672345407584,8.99,81.0,False,False,False,False,True,True
34068,UGC06241,-0.2904188352665975,13.129999999999999,89.0,False,False,False,False,True,False
34112,PGC034112,-0.026106941770727587,14.85,69.0,False,False,False,False,False,False
34121,UGC06246,-0.06324175925199427,13.81,87.0,False,False,False,False,False,False
34125,UGC06247,0.10982089844747778,13.290000000000001,64.0,False,False,False,False,False,False
34135,PGC034135,-0.4611961715781203,13.860000000000001,81.0,False,False,False,False,True,True
34139,PGC034139,0.13583668291059414,13.4,51.0,False,False,False,False,False,False
34167,PGC034167,-0.15162898676106762,14.87,89.0,False,False,False,False,False,False
34173,UGC06254,-0.11437718808866437,14.32,66.0,False,False,False,False,False,False
34180,PGC34180,-0.03558283365460513,14.47,69.0,False,False,False,False,False,False
34181,PGC034181,-0.019423665533912615,14.19,62.0,False,False,False,False,False,False
34198,UGC06258,-0.2838364444273047,13.91,80.0,False,False,False,False,False,False
34203,UGC06256,-0.05129368009492019,13.309999999999999,90.0,False,False,False,False,False,False
34204,UGC06260,0.24125068863756427,12.73,79.0,False,False,False,False,False,False
34211,IC0677,-0.010117680144179353,12.64,65.0,False,False,False,False,False,False
34236,PGC034236,0.07763481399719296,13.73,46.0,False,False,False,False,False,False
34243,PGC034243,-0.16155844360090388,13.98,48.0,False,False,False,False,False,False
34247,UGC06268,-0.018292730419279923,13.76,88.0,False,False,False,False,False,False
34248,NGC3592,-0.25283155820334935,12.459999999999999,85.0,False,False,False,False,True,True
34249,UGC06266,-0.3320741549126285,14.8,52.0,False,False,False,False,False,False
34260,UGC06271,-0.15831015947420202,13.03,77.0,False,False,False,False,False,False
34308,NGC3589,-0.2657482604313395,13.4,59.0,False,False,False,False,False,False
34333,IC2668,1.1229370926457705e-06,12.809999999999999,71.0,False,False,False,False,False,False
34363,PGC034363,0.025932396718363115,14.07,67.0,False,False,False,False,False,False
34373,IC2674,-0.0991525590748612,14.72,53.0,False,False,False,False,False,False
34382,PGC034382,-0.3291426908977928,13.82,87.0,False,False,False,False,False,False
34409,PGC034409,-0.19023892824807875,16.009999999999998,76.0,False,False,False,False,False,False
34411,UGC06294,0.1992346454144336,13.38,88.0,False,False,False,False,False,False
34419,UGC06296,-0.24176689608517687,12.440000000000001,81.0,False,False,False,False,True,True
34431,PGC034431,-0.14266682757654126,14.559999999999999,66.0,False,False,False,False,False,False
34454,PGC034454,-0.04949531193252721,14.129999999999999,78.0,False,False,False,False,False,False
34459,PGC034459,0.03063153129496987,13.01,66.0,False,False,False,False,False,False
34468,UGC06301,0.22752515977051457,13.219999999999999,83.0,False,False,False,False,False,False
34471,UGC06302,-0.013219363372322768,13.530000000000001,86.0,False,False,False,False,False,False
34478,NGC3611,0.051434843173233435,11.26,54.0,False,False,False,False,False,False
34495,UGC06308,-0.01190883046763025,14.21,80.0,False,False,False,False,False,False
34497,UGC06307,-0.2173911742916932,13.25,76.0,False,False,False,False,False,False
34501,PGC034501,-0.465808297724565,15.74,74.0,False,False,False,False,False,False
34508,UGC06309,-0.07806616119765719,12.34,53.0,False,False,False,False,False,False
34515,PGC34515,-0.0761515326997908,15.03,56.0,False,False,False,False,False,False
34529,UGC06317,-0.3655703413675808,14.94,74.0,False,False,False,False,False,False
34541,PGC034541,-0.0851114936580859,14.74,80.0,False,False,False,False,False,False
34546,NGC3612,0.04411250147244816,13.58,47.0,False,False,False,False,False,False
34561,NGC3614,0.045360695461039935,11.45,54.0,False,False,False,False,False,False
34568,UGC06325,0.0781122548872748,13.4,73.0,False,False,False,False,False,False
34595,PGC034595,0.032951437479220136,14.049999999999999,54.0,False,False,False,False,False,False
34612,NGC3623,0.2006248427050248,8.51,76.0,False,False,False,False,True,True
34623,UGC06331,0.06454029554050811,13.12,86.0,False,False,False,False,False,False
34629,PGC034629,-0.3158553174133236,15.36,79.0,False,False,False,False,False,False
34632,UGC06333,-0.1192064357960021,14.020000000000001,64.0,False,False,False,False,False,False
34644,IC2718,-0.0028346940661942988,14.78,74.0,False,False,False,False,False,False
34681,UGC06338,0.12143464680202909,13.36,67.0,False,False,False,False,False,False
34683,UGC06341,-0.4829155507166951,14.58,82.0,False,False,False,False,False,False
34686,PGC034686,-0.2797704129781029,15.67,71.0,False,False,False,False,False,False
34695,NGC3627,0.10504838358623303,8.14,64.0,True,False,False,False,True,True
34697,NGC3628,0.15523575202405793,8.14,86.0,False,False,False,False,True,True
34711,NGC3633,0.023640891697002342,12.43,76.0,False,False,False,False,False,False
34713,PGC034713,-0.1213374579734472,14.31,88.0,False,False,False,False,False,False
34717,NGC3635,0.08192720806585285,12.81,61.0,False,False,False,False,False,False
34718,NGC3625,-0.10626467996683342,12.75,74.0,False,False,False,False,False,False
34719,NGC3629,-0.12692427733826994,12.180000000000001,54.0,False,False,False,False,True,True
34733,UGC06355,-0.23993577411258116,13.569999999999999,84.0,False,False,False,False,False,False
34752,UGC06354,-0.2054227041198433,14.260000000000002,77.0,False,False,False,False,False,False
34757,PGC034757,0.004652688909115188,13.959999999999999,66.0,False,False,False,False,False,False
34758,UGC06362,0.03179989034255959,12.9,79.0,False,False,False,False,False,False
34763,UGC06363,0.06796004856710747,13.18,79.0,False,False,False,False,False,False
34770,PGC034770,0.20156070876961518,13.17,78.0,False,False,False,False,False,False
34787,UGC06365,-0.23033300601267026,15.0,78.0,False,False,False,False,False,False
34814,NGC3644,0.12140673393249024,13.02,70.0,False,False,False,False,False,False
34824,PGC034824,0.05197717458519824,14.07,51.0,False,False,False,False,False,False
34836,NGC3646,0.26502819209678785,10.59,62.0,False,False,False,False,False,False
34837,UGC06375,0.18539436654355734,12.95,83.0,False,False,False,False,False,False
34852,PGC034852,-0.06446577437459577,13.639999999999999,56.0,False,False,False,False,False,False
34864,UGC06383,-0.15003936296933862,13.69,85.0,False,False,False,False,False,False
34870,UGC06384,-0.29588001734407543,14.91,90.0,False,False,False,False,False,False
34887,IC2763,-0.3993648138040222,13.6,88.0,False,False,False,False,True,False
34888,IC2762,-0.21231809172220784,14.58,80.0,False,False,False,False,False,False
34913,NGC3650,0.22345567203518568,12.24,90.0,False,False,False,False,False,False
34917,NGC3652,-0.12841379753452875,11.94,73.0,False,False,False,False,True,True
34921,PGC034921,0.08015200488842344,14.77,59.0,False,False,False,False,False,False
34924,IC2776,-0.4158830263281734,14.61,65.0,False,False,False,False,False,False
34929,UGC06390,-0.32284953079822154,13.76,86.0,False,False,False,False,False,False
34935,NGC3655,0.05401741663369286,11.22,53.0,False,False,False,False,False,False
34971,UGC06399,-0.2719034559174869,13.02,81.0,False,False,False,False,True,False
34983,PGC034983,-0.11459434565286841,14.52,72.0,False,False,False,False,False,False
34995,NGC3659,-0.14375257439408218,11.9,72.0,False,False,False,False,True,True
34996,NGC3662,0.273429725178735,12.17,53.0,False,False,False,False,False,False
35017,UGC06414,0.1580775468478839,13.12,89.0,False,False,False,False,False,False
35018,PGC035018,0.04188415059951556,13.829999999999998,64.0,False,False,False,False,False,False
35019,UGC06415,0.24044718335396364,13.040000000000001,79.0,False,False,False,False,False,False
35037,UGC06417,0.04784085557859408,14.39,89.0,False,False,False,False,False,False
35043,NGC3666,-0.09574722937326863,10.99,79.0,False,False,False,False,True,True
35044,UGC06421,-0.21717708920154521,14.62,56.0,False,False,False,False,False,False
35061,UGC06424,-0.07745148410212188,13.84,82.0,False,False,False,False,False,False
35080,UGC06428,-0.3236440998659038,15.450000000000001,88.0,False,False,False,False,False,False
35083,IC2804,0.023927267242674244,13.45,79.0,False,False,False,False,False,False
35088,NGC3672,0.10503610723885703,10.290000000000001,69.0,False,False,False,False,True,True
35113,NGC3669,-0.15136050173675653,12.14,82.0,False,False,False,False,True,False
35123,NGC3668,0.27135628297551095,11.83,47.0,False,False,False,False,False,False
35127,PGC035127,-0.39252538927371683,15.399999999999999,88.0,False,False,False,False,False,False
35137,UGC06437,-0.04397594740514643,13.809999999999999,65.0,False,False,False,False,False,False
35142,IC2810,0.09234620790431602,13.33,74.0,False,False,False,False,False,False
35157,PGC035157,-0.09199789519704327,15.24,50.0,False,False,False,False,False,False
35164,NGC3675,0.15017931172826993,9.12,65.0,False,False,False,False,True,True
35174,UGC06442,0.04282542695917968,13.71,90.0,False,False,False,False,False,False
35184,PGC035184,-0.044306301228349554,15.08,71.0,False,False,False,False,False,False
35194,IC2819,-0.009072992860251095,14.99,79.0,False,False,False,False,False,False
35196,IC2822,-0.11542713291808004,13.74,63.0,False,False,False,False,False,False
35202,UGC06446,-0.29962213113149083,12.77,52.0,False,False,False,False,True,True
35221,PGC035221,-0.18817998875347408,14.83,89.0,False,False,False,False,False,False
35224,NGC3684,-0.0869019767136483,11.14,52.0,False,False,False,False,True,True
35235,UGC06454,-0.08335949266171916,13.9,90.0,False,False,False,False,False,False
35236,UGC06452,0.011946969835504362,13.120000000000001,62.0,False,False,False,False,False,False
35249,NGC3683,0.0497919536478566,11.31,83.0,False,False,False,False,False,False
35261,PGC035261,-0.2868708351275626,14.559999999999999,57.0,False,False,False,False,False,False
35273,UGC06462,-0.09091905880192908,13.68,82.0,False,False,False,False,False,False
35292,NGC3691,-0.2843581777634121,12.33,49.0,False,False,False,False,True,True
35294,NGC3689,0.1232958496361718,11.61,52.0,False,False,False,False,False,False
35300,UGC06465,-0.12568477146971357,13.63,51.0,False,False,False,False,False,False
35301,IC2850,-0.015379424948934517,13.94,68.0,False,False,False,False,False,False
35302,IC2853,0.15313461828669084,12.87,56.0,False,False,False,False,False,False
35307,UGC06469,0.04937474164950828,13.200000000000001,71.0,False,False,False,False,False,False
35314,NGC3692,0.10747534325419572,11.19,83.0,False,False,False,False,False,False
35320,IC2857,0.10321052281095389,12.94,89.0,False,False,False,False,False,False
35323,PGC035323,0.040731872775277456,13.680000000000001,85.0,False,False,False,False,False,False
35335,UGC06478,-0.02404593534615085,14.059999999999999,75.0,False,False,False,False,False,False
35347,NGC3697,0.2234771220320142,12.05,75.0,False,False,False,False,False,False
35349,UGC06473,0.10725440396348773,13.02,72.0,False,False,False,False,False,False
35362,UGC06483,0.00112541240852293,12.74,89.0,False,False,False,False,False,False
35365,IC0699,0.1953917353118646,12.61,75.0,False,False,False,False,False,False
35405,NGC3701,-0.03441011052003207,12.45,60.0,False,False,False,False,False,False
35406,IC2873,-0.034476737286127435,14.120000000000001,51.0,False,False,False,False,False,False
35437,UGC06497,0.07525399511843256,13.430000000000001,89.0,False,False,False,False,False,False
35440,NGC3705,0.05452963281574519,9.94,71.0,False,False,False,False,True,True
35443,PGC035443,-0.3670955137525609,16.07,63.0,False,False,False,False,False,False
35450,UGC06499,-0.34913417547585057,15.17,70.0,False,False,False,False,False,False
35464,PGC035464,-0.43060232721952163,14.2,67.0,False,False,False,False,False,False
35470,IC2887,-0.09449382780594773,14.47,84.0,False,False,False,False,False,False
35477,PGC035477,-0.03977603630353821,13.7,57.0,False,False,False,False,False,False
35485,PGC035485,-0.22347204563598444,13.97,89.0,False,False,False,False,False,False
35487,PGC035487,-0.17031869594071303,14.72,71.0,False,False,False,False,False,False
35499,PGC035499,0.04457479853264523,13.73,76.0,False,False,False,False,False,False
35503,PGC035503,-0.40657831483776485,13.74,90.0,False,False,False,False,True,False
35507,NGC3712,-0.37836685864805286,13.629999999999999,86.0,False,False,False,False,True,False
35517,UGC06507,-0.03480430812195445,13.89,52.0,False,False,False,False,False,False
35521,UGC06509,-0.2375489102695707,14.3,90.0,False,False,False,False,False,False
35526,PGC035526,-0.30410034759076643,15.34,90.0,False,False,False,False,False,False
35527,PGC035527,-0.24036586952637995,14.969999999999999,63.0,False,False,False,False,False,False
35547,PGC035547,0.1643910806094433,14.120000000000001,75.0,False,False,False,False,False,False
35549,UGC06512,-0.25987932676724146,13.959999999999999,59.0,False,False,False,False,False,False
35562,PGC35562,-0.16299608704249025,15.059999999999999,67.0,False,False,False,False,False,False
35565,PGC035565,-0.4532272419068448,15.01,81.0,False,False,False,False,False,False
35569,UGC06517,-0.06254835632887401,12.99,56.0,False,False,False,False,False,False
35601,UGC06520,0.0763421947607883,12.58,54.0,False,False,False,False,False,False
35608,NGC3752,-0.14381587676005214,12.34,69.0,False,False,False,False,True,False
35612,PGC035612,-0.03633737155707406,15.02,71.0,False,False,False,False,False,False
35614,IC2919,-0.4433072241742564,15.05,53.0,False,False,False,False,False,False
35621,UGC06526,-0.27363150812804005,12.51,86.0,False,False,False,False,True,True
35622,PGC035622,-0.03296793992368485,14.17,56.0,False,False,False,False,False,False
35636,PGC035636,0.20295642964575933,13.56,53.0,False,False,False,False,False,False
35656,PGC035656,0.1309306368657328,14.25,80.0,False,False,False,False,False,False
35669,NGC3728,0.2087916430707355,12.37,56.0,False,False,False,False,False,False
35671,UGC06535,-0.1584966750137844,13.66,86.0,False,False,False,False,False,False
35675,UGC06534,-0.30823205458540404,12.45,82.0,False,False,False,False,True,True
35676,NGC3726,0.006591229064900173,9.69,55.0,False,False,False,False,True,True
35679,UGC06539,0.02560123210391385,13.38,75.0,False,False,False,False,False,False
35680,PGC035680,-0.19796166053668163,14.5,62.0,False,False,False,False,False,False
35694,UGC06544,0.13270428306958415,13.16,62.0,False,False,False,False,False,False
35700,IC2930,0.06963203740920276,14.29,73.0,False,False,False,False,False,False
35701,UGC06546,-0.06357271188082914,13.83,88.0,False,False,False,False,False,False
35705,PGC035705,-0.30074767493812926,13.95,54.0,False,False,False,False,False,False
35707,UGC06545,-0.05358001394371126,12.51,75.0,False,False,False,False,False,False
35711,NGC3729,0.2527898183160322,10.72,53.0,False,False,False,False,False,False
35721,PGC035721,0.16338043216462417,13.68,51.0,False,False,False,False,False,False
35725,UGC06551,-0.060402665091322305,14.559999999999999,88.0,False,False,False,False,False,False
35742,PGC035742,0.06644341238076734,12.549999999999999,87.0,False,False,False,False,False,False
35745,PGC035745,-0.004768886240385406,13.58,69.0,False,False,False,False,False,False
35760,PGC035760,-0.20681819713484417,14.56,81.0,False,False,False,False,False,False
35767,UGC06552,-0.21506251197311066,13.31,76.0,False,False,False,False,False,False
35782,PGC035782,0.053542201438826265,14.24,51.0,False,False,False,False,False,False
35784,PGC035784,-0.029500005639933047,13.83,72.0,False,False,False,False,False,False
35786,PGC035786,0.21477120586775378,12.74,79.0,False,False,False,False,False,False
35792,UGC06556,-0.0949016423016471,14.01,88.0,False,False,False,False,False,False
35797,NGC3733,-0.1268157798302223,11.91,74.0,False,False,False,False,True,True
35802,UGC06558,-0.3290363917627701,14.45,78.0,False,False,False,False,False,False
35803,UGC06559,-0.07813143205175388,14.35,88.0,False,False,False,False,False,False
35804,PGC035804,-0.2394311102885487,14.389999999999999,75.0,False,False,False,False,False,False
35821,PGC035821,-0.2034728722250203,15.28,70.0,False,False,False,False,False,False
35823,PGC035823,0.022412403513669243,14.360000000000001,62.0,False,False,False,False,False,False
35826,UGC06561,-0.3070992062286071,14.270000000000001,81.0,False,False,False,False,False,False
35841,NGC3739,0.2024507225929586,13.25,73.0,False,False,False,False,False,False
35868,PGC35868,-0.18376501346466734,15.0,88.0,False,False,False,False,False,False
35869,NGC3735,0.18902192028052767,10.72,84.0,False,False,False,False,False,False
35877,PGC035877,1.1229370926457705e-06,13.680000000000001,71.0,False,False,False,False,False,False
35900,UGC06575,-0.18075270669591648,12.969999999999999,81.0,False,False,False,False,False,False
35913,NGC3755,-0.0733726089250748,12.08,72.0,False,False,False,False,False,False
35931,NGC3756,0.008909933110022195,10.67,62.0,False,False,False,False,True,True
35938,PGC035938,0.014743304515705269,14.58,75.0,False,False,False,False,False,False
35942,UGC06583,0.10015506452759482,13.319999999999999,57.0,False,False,False,False,False,False
35943,PGC035943,0.4409196787744225,13.540000000000001,57.0,False,True,False,False,False,False
35952,UGC06586,-0.033391873698477514,13.06,59.0,False,False,False,False,False,False
35956,NGC3765,0.273757430103593,13.2,50.0,False,False,False,False,False,False
35966,UGC06588,-0.04204367850425683,13.379999999999999,72.0,False,False,False,False,False,False
35973,PGC035973,0.11635793755798662,13.73,62.0,False,False,False,False,False,False
35978,PGC035978,-0.02174609004022221,14.05,63.0,False,False,False,False,False,False
35989,PGC035989,0.13727024486359696,14.44,75.0,False,False,False,False,False,False
35991,UGC06594,-0.32947364352662767,13.07,88.0,False,False,False,False,True,False
35995,PGC035995,-0.19047755194110572,14.610000000000001,75.0,False,False,False,False,False,False
35999,NGC3769,-0.14310344063577274,10.98,80.0,False,False,False,False,True,True
36000,UGC06596,-0.2807772507964592,14.33,59.0,False,False,False,False,False,False
36023,PGC036023,-0.18077422657184616,15.31,78.0,False,False,False,False,False,False
36029,UGC06603,-0.27230506725590287,13.22,84.0,False,False,False,False,False,False
36060,UGC06607,-0.11744242415340578,13.76,63.0,False,False,False,False,False,False
36079,UGC06610,-0.1968996990121603,13.24,82.0,False,False,False,False,False,False
36093,PGC036093,-0.5040118693067683,13.23,51.0,False,False,False,False,True,True
36100,PGC036100,-0.27377043961404146,15.04,73.0,False,False,False,False,False,False
36132,PGC036132,-0.01853325051491872,13.85,53.0,False,False,False,False,False,False
36133,PGC036133,0.2263658170886691,13.23,81.0,False,False,False,False,False,False
36142,PGC036142,-0.017173672740452783,13.61,56.0,False,False,False,False,False,False
36147,NGC3784,0.005891348816499775,13.12,53.0,False,False,False,False,False,False
36155,UGC06622,0.034522124478451044,13.84,54.0,False,False,False,False,False,False
36174,IC0718,-0.28047391853465875,13.22,64.0,False,False,False,False,False,False
36176,UGC06627,-0.22477484806599124,14.819999999999999,79.0,False,False,False,False,False,False
36183,PGC036183,0.04943047937032352,14.31,85.0,False,False,False,False,False,False
36189,PGC036189,-0.10992953389413662,14.790000000000001,79.0,False,False,False,False,False,False
36192,NGC3795,-0.15729628181726252,12.27,82.0,False,False,False,False,True,False
36195,UGC06631,-0.09635491878807745,13.0,56.0,False,False,False,False,False,False
36197,NGC3800,0.10234067420310611,11.77,77.0,False,False,False,False,False,False
36237,PGC036237,-0.02399426051306186,13.8,83.0,False,False,False,False,False,False
36238,NGC3794,-0.18805523769899501,12.35,55.0,False,False,False,False,True,True
36241,UGC06645,0.05035493110314171,13.09,49.0,False,False,False,False,False,False
36242,UGC06646,0.03755919376367567,13.17,70.0,False,False,False,False,False,False
36243,NGC3810,-0.01092587054123495,10.040000000000001,52.0,False,False,False,False,True,True
36249,PGC036249,0.1671135742621308,15.33,87.0,False,False,False,False,False,False
36254,PGC036254,-0.6342914888613098,14.850000000000001,84.0,False,False,False,False,True,True
36257,PGC036257,0.0812810337593528,14.28,67.0,False,False,False,False,False,False
36266,NGC3813,-0.026106941770727587,11.030000000000001,69.0,False,False,False,False,True,True
36276,UGC06652,0.23103349584565303,13.379999999999999,86.0,False,False,False,False,False,False
36283,PGC036283,-0.06996636023316327,14.120000000000001,72.0,False,False,False,False,False,False
36284,PGC036284,0.0490823279534367,13.93,75.0,False,False,False,False,False,False
36288,NGC3815,0.05452963281574519,12.290000000000001,71.0,False,False,False,False,False,False
36305,UGC06658,-0.34930272865312784,13.58,74.0,False,False,False,False,True,False
36312,PGC036312,-0.21113905992367643,14.66,86.0,False,False,False,False,False,False
36316,UGC06662,-0.09554787546880572,14.98,65.0,False,False,False,False,False,False
36323,PGC036323,-0.33964391001728034,15.04,59.0,False,False,False,False,False,False
36328,PGC036328,0.12460593956448918,14.21,52.0,False,False,False,False,False,False
36329,PGC36329,-0.31709720190913027,14.83,86.0,False,False,False,False,False,False
36330,PGC036330,-0.10419060036658356,14.4,67.0,False,False,False,False,False,False
36334,UGC06664,0.09121737661244156,13.62,84.0,False,False,False,False,False,False
36340,UGC06672,-0.003990320803436642,14.34,83.0,False,False,False,False,False,False
36342,UGC06666,-0.24267395499518285,13.24,71.0,False,False,False,False,False,False
36343,UGC06667,-0.2644054029016796,12.49,89.0,False,False,False,False,True,False
36349,PGC036349,0.07613692715158749,13.17,59.0,False,False,False,False,False,False
36350,PGC036350,-0.0039900614687575775,14.3,72.0,False,False,False,False,False,False
36355,UGC06670,-0.16906900367224287,12.31,80.0,False,False,False,False,True,False
36363,UGC06674,0.10156911390386414,13.389999999999999,63.0,False,False,False,False,False,False
36365,IC0722,0.04840838854304552,13.489999999999998,54.0,False,False,False,False,False,False
36368,PGC036368,-0.2262573574396689,15.17,53.0,False,False,False,False,False,False
36371,PGC036371,0.032317256268902916,13.34,59.0,False,False,False,False,False,False
36380,PGC036380,-0.04504716744907311,14.06,63.0,False,False,False,False,False,False
36381,UGC06679,-0.0127954743320422,13.32,89.0,False,False,False,False,False,False
36389,UGC06681,0.1448501712603556,12.84,84.0,False,False,False,False,False,False
36390,PGC036390,-0.1235450231402595,14.68,63.0,False,False,False,False,False,False
36392,UGC06678,0.06520197616898527,14.85,55.0,False,False,False,False,False,False
36396,PGC036396,0.07545248600607612,12.899999999999999,88.0,False,False,False,False,False,False
36428,PGC036428,-0.14009836746934035,14.71,89.0,False,False,False,False,False,False
36431,UGC06686,0.09445870056619832,12.48,89.0,False,False,False,False,False,False
36433,UGC06687,-0.273034944291636,14.950000000000001,85.0,False,False,False,False,False,False
36434,UGC06689,-0.15489496536533087,14.02,80.0,False,False,False,False,False,False
36437,PGC036437,-0.06409368422394168,14.33,52.0,False,False,False,False,False,False
36441,NGC3833,0.1456681422727728,12.780000000000001,60.0,False,False,False,False,False,False
36442,PGC036442,-0.16100369723199837,14.16,52.0,False,False,False,False,False,False
36447,UGC06691,-0.40240210321403147,14.81,57.0,False,False,False,False,False,False
36450,IC0724,0.2301936468965824,11.760000000000002,71.0,False,False,False,False,False,False
36466,UGC06697,0.25494392941826893,12.540000000000001,87.0,False,False,False,False,False,False
36475,NGC3839,0.04704876400420366,12.89,63.0,False,False,False,False,False,False
36477,NGC3840,0.02512588895220169,13.19,48.0,False,False,False,False,False,False
36482,PGC036482,0.2166662871476892,13.88,65.0,False,False,False,False,False,False
36493,NGC3835,0.11382165908672492,11.74,78.0,False,False,False,False,False,False
36512,PGC036512,0.07377385605232867,13.26,55.0,False,False,False,False,False,False
36520,PGC036520,-0.08036393807565467,13.92,76.0,False,False,False,False,False,False
36536,IC0727,0.1836426319460993,12.57,87.0,False,False,False,False,False,False
36542,UGC06711,-0.2562205808171121,13.139999999999999,53.0,False,False,False,False,False,False
36547,PGC036547,-0.13721295383630983,14.32,86.0,False,False,False,False,False,False
36574,UGC06719,0.213441219371993,12.77,50.0,False,False,False,False,False,False
36591,PGC036591,0.010561548519635533,14.34,66.0,False,False,False,False,False,False
36604,NGC3861,0.23054435915417404,11.969999999999999,58.0,False,False,False,False,False,False
36605,PGC036605,-0.1965393015010961,15.34,88.0,False,False,False,False,False,False
36607,NGC3863,0.18480796954704903,11.700000000000001,81.0,False,False,False,False,False,False
36608,PGC036608,-0.13472740055761978,13.89,68.0,False,False,False,False,False,False
36635,PGC036635,-0.41657152937424247,14.02,82.0,False,False,False,False,False,False
36644,NGC3876,-0.21205799217676402,12.75,54.0,False,False,False,False,True,True
36659,UGC06734,0.0762470550737584,13.03,86.0,False,False,False,False,False,False
36660,NGC3850,-0.2439179946664165,12.620000000000001,67.0,False,False,False,False,True,True
36666,UGC06740,0.059694793847322014,13.5,59.0,False,False,False,False,False,False
36671,UGC06736,-0.02805358748309761,13.74,79.0,False,False,False,False,False,False
36683,PGC036683,-0.06365824457280178,13.65,76.0,False,False,False,False,False,False
36699,NGC3877,0.03386456806048921,9.79,84.0,False,False,False,False,True,True
36706,NGC3884,0.25097151602484935,11.8,51.0,False,False,False,False,False,False
36707,PGC036707,-0.09687947882418202,14.27,90.0,False,False,False,False,False,False
36713,UGC06747,-0.531517051446065,15.41,90.0,False,False,False,False,False,False
36726,UGC06750,0.07809617522227441,13.54,72.0,False,False,False,False,False,False
36727,UGC06751,-0.039339574829100776,13.42,75.0,False,False,False,False,False,False
36739,UGC06753,-0.26332586165695426,13.75,69.0,False,False,False,False,False,False
36743,NGC3879,-0.2053582776252898,12.77,84.0,False,False,False,False,False,False
36768,PGC036768,-0.2595682458529702,15.04,84.0,False,False,False,False,False,False
36778,PGC036778,0.05266821611219319,13.73,90.0,False,False,False,False,False,False
36779,PGC036779,0.09579757294472735,13.42,74.0,False,False,False,False,False,False
36787,UGC06764,-0.30007269582745355,14.530000000000001,78.0,False,False,False,False,False,False
36791,PGC036791,-0.033391873698477514,14.33,59.0,False,False,False,False,False,False
36800,UGC06769,0.18121354546823865,13.19,65.0,False,False,False,False,False,False
36823,PGC036823,-0.048454045542604796,14.540000000000001,72.0,False,False,False,False,False,False
36825,UGC06773,-0.5177758538283121,13.3,68.0,False,False,False,False,True,True
36836,UGC06774,-0.13767657027515723,13.52,87.0,False,False,False,False,False,False
36840,PGC036840,-0.06356537090088699,14.459999999999999,54.0,False,False,False,False,False,False
36849,UGC06775,-0.15890774591583545,13.51,59.0,False,False,False,False,False,False
36855,PGC036855,-0.07601275556659859,15.180000000000001,53.0,False,False,False,False,False,False
36856,PGC036856,0.038273330634267744,13.48,82.0,False,False,False,False,False,False
36868,UGC06776,-0.33836735668661033,14.07,88.0,False,False,False,False,False,False
36871,PGC036871,-0.17066059786063148,14.590000000000002,77.0,False,False,False,False,False,False
36875,NGC3893,0.034522124478451044,9.940000000000001,54.0,False,False,False,False,True,True
36884,PGC036884,-0.13578364472280668,13.899999999999999,72.0,False,False,False,False,False,False
36887,UGC06780,-0.16444147752570037,12.99,77.0,False,False,False,False,False,False
36921,NGC3898,0.20952774915164163,9.86,68.0,False,False,False,False,False,False
36923,NGC3902,-0.023950715547212287,12.57,53.0,False,False,False,False,False,False
36929,UGC06794,-0.12136801179737411,13.42,77.0,False,False,False,False,False,False
36930,UGC06792,-0.2872168018887922,13.04,87.0,False,False,False,False,True,False
36932,UGC06791,-0.18167202395882365,12.89,88.0,False,False,False,False,False,False
36973,UGC06802,-0.32390874094431865,13.7,90.0,False,False,False,False,False,False
36979,NGC3912,-0.22012595509316224,11.790000000000001,75.0,False,False,False,False,True,True
36988,UGC06804,-0.03910215724345223,13.55,90.0,False,False,False,False,False,False
36996,UGC06806,-0.15226419897486343,13.23,77.0,False,False,False,False,False,False
37004,UGC06808,-0.012861624522813475,14.2,90.0,False,False,False,False,False,False
37014,NGC3914,0.15950708277562242,12.53,55.0,False,False,False,False,False,False
37030,PGC037030,0.1964277925483806,13.91,71.0,False,False,False,False,False,False
37036,NGC3917,-0.05845728002431416,10.760000000000002,81.0,False,False,False,False,True,True
37037,UGC06816,-0.3247014194422273,13.58,49.0,False,False,False,False,False,False
37038,UGC06818,-0.32898721288963273,13.4,72.0,False,False,False,False,True,False
37040,PGC037040,-0.022190861502425552,13.74,57.0,False,False,False,False,False,False
37048,PGC037048,-0.7596848040404975,14.71,63.0,False,False,False,False,True,True
37051,PGC037051,-0.18805523769899501,14.35,55.0,False,False,False,False,False,False
37054,PGC037054,0.093550708098872,13.81,88.0,False,False,False,False,False,False
37065,PGC037065,-0.10545384270053759,14.18,81.0,False,False,False,False,False,False
37075,PGC037075,-0.1208032983315741,13.8,70.0,False,False,False,False,False,False
37113,PGC037113,-0.40823136143968153,15.42,51.0,False,False,False,False,False,False
37140,PGC037140,-0.28787462737472147,14.370000000000001,72.0,False,False,False,False,False,False
37143,UGC06837,0.010545010206612027,14.200000000000001,90.0,False,False,False,False,False,False
37145,PGC037145,-0.19652401226969252,16.19,70.0,False,False,False,False,False,False
37147,UGC06838,-0.13271210932229405,14.129999999999999,68.0,False,False,False,False,False,False
37153,PGC037153,-0.09448300030657641,13.32,46.0,False,False,False,False,False,False
37156,NGC3933,0.04326946112628205,12.620000000000001,64.0,False,False,False,False,False,False
37164,UGC06840,-0.38616099953102534,12.91,83.0,False,False,False,False,True,True
37174,PGC037174,-0.15541465790741826,15.07,63.0,False,False,False,False,False,False
37193,UGC06844,0.16030514302682963,13.229999999999999,83.0,False,False,False,False,False,False
37198,PGC037198,-0.14437190873090744,14.99,81.0,False,False,False,False,False,False
37208,UGC06848,-0.21929097124862285,16.07,82.0,False,False,False,False,False,False
37210,UGC06845,0.06513685937691172,13.43,85.0,False,False,False,False,False,False
37214,UGC06847,-0.10658902801731385,13.97,78.0,False,False,False,False,False,False
37223,PGC037223,-0.0957253399464788,14.77,64.0,False,False,False,False,False,False
37236,UGC06858,-0.08989430962323608,13.389999999999999,54.0,False,False,False,False,False,False
37251,PGC037251,-0.21193362899135915,15.299999999999999,88.0,False,False,False,False,False,False
37259,UGC06862,-0.24225527494004417,14.67,89.0,False,False,False,False,False,False
37260,PGC037260,0.030972004248969842,13.389999999999999,58.0,False,False,False,False,False,False
37264,NGC3947,0.1853623485235616,12.32,53.0,False,False,False,False,False,False
37276,UGC06864,-0.0240641705971556,14.0,88.0,False,False,False,False,False,False
37288,NGC3951,0.10747156152769222,12.73,66.0,False,False,False,False,False,False
37290,NGC3949,-0.022190861502425552,10.459999999999999,57.0,False,False,False,False,True,True
37306,NGC3953,0.16044643821211668,9.25,62.0,False,False,False,False,True,True
37308,IC2973,-0.15641967388095557,13.27,57.0,False,False,False,False,False,False
37315,PGC037315,-0.061987694810948124,15.190000000000001,80.0,False,False,False,False,False,False
37321,UGC06875,-0.02235172534029939,13.92,71.0,False,False,False,False,False,False
37323,PGC037323,-0.3503366587158405,14.46,80.0,False,False,False,False,False,False
37327,PGC037327,0.015925083141542284,13.86,81.0,False,False,False,False,False,False
37345,PGC037345,-0.10092171937723293,14.58,71.0,False,False,False,False,False,False
37346,UGC06878,-0.14164433627446638,14.02,82.0,False,False,False,False,False,False
37352,UGC06879,-0.12700893110224465,12.78,75.0,False,False,False,False,False,False
37367,UGC06881,-0.5808060746813533,14.66,81.0,False,False,False,False,True,False
37400,UGC06886,0.13362159936058315,12.790000000000001,54.0,False,False,False,False,False,False
37407,UGC06890,-0.30566848169476035,15.37,70.0,False,False,False,False,False,False
37409,UGC06891,0.051955657495888374,13.38,80.0,False,False,False,False,False,False
37416,PGC037416,-0.6055350522541911,14.26,73.0,False,False,False,False,True,True
37418,UGC06894,-0.4169499886051349,13.809999999999999,88.0,False,False,False,False,True,False
37421,UGC06892,-0.18374712861261244,13.129999999999999,84.0,False,False,False,False,False,False
37428,PGC037428,0.05757335209642944,14.23,89.0,False,False,False,False,False,False
37429,NGC3968,0.27688771705841475,11.34,54.0,False,False,False,False,False,False
37438,UGC06897,-0.11142439046440611,15.02,63.0,False,False,False,False,False,False
37440,IC0746,-0.0530893570209372,13.28,74.0,False,False,False,False,False,False
37449,UGC06900,-0.4200773834557814,13.4,53.0,False,False,False,False,True,True
37463,PGC037463,0.0040645263874514725,14.04,69.0,False,False,False,False,False,False
37466,NGC3972,-0.08032687050577492,11.29,79.0,True,False,False,False,True,True
37467,UGC06905,0.06591396886428935,13.379999999999999,89.0,False,False,False,False,False,False
37483,NGC3976,0.13937238594295032,10.83,74.0,False,False,False,False,False,False
37501,UGC06911,0.04320698360159447,13.450000000000001,80.0,False,False,False,False,False,False
37507,UGC06913,0.1652914317114993,13.09,68.0,False,False,False,False,False,False
37511,PGC037511,-0.13276125999133592,14.69,75.0,False,False,False,False,False,False
37515,IC2978,-0.21332869280542877,13.94,74.0,False,False,False,False,False,False
37521,UGC06916,0.057213881760145746,13.05,70.0,False,False,False,False,False,False
37522,PGC037522,-0.2404221344252604,15.25,61.0,False,False,False,False,False,False
37523,PGC037523,-0.7886323046035855,14.989999999999998,66.0,False,False,False,False,True,True
37525,UGC06917,-0.16815421121310292,11.940000000000001,56.0,False,False,False,False,True,True
37529,PGC037529,-0.1749065859941039,14.65,64.0,False,False,False,False,False,False
37530,PGC037530,-0.32947364352662767,16.05,88.0,False,False,False,False,False,False
37538,PGC037538,-0.23023305918320647,14.85,72.0,False,False,False,False,False,False
37539,PGC037539,0.1532125137753435,13.069999999999999,90.0,False,False,False,False,False,False
37542,NGC3985,-0.23217928835510993,12.040000000000001,52.0,False,False,False,False,True,True
37553,UGC06923,-0.3351915252909179,12.67,72.0,False,False,False,False,True,True
37554,UGC06924,-0.10545384270053759,15.01,81.0,False,False,False,False,False,False
37556,UGC06926,-0.35288044203303937,14.719999999999999,69.0,False,False,False,False,False,False
37591,NGC3987,0.2300404358903272,11.440000000000001,89.0,False,False,False,False,False,False
37598,UGC06931,-0.38793197237762955,13.700000000000001,52.0,False,False,False,False,True,True
37617,NGC3992,0.23822128325329173,9.13,57.0,False,False,False,False,True,False
37619,NGC3993,0.03225211984727583,12.8,75.0,False,False,False,False,False,False
37621,UGC06940,-0.5156278536810877,15.27,80.0,False,False,False,False,False,False
37629,NGC3997,-0.07513253805890718,12.55,63.0,False,False,False,False,False,False
37641,UGC06947,0.04900326202578764,14.16,90.0,False,False,False,False,False,False
37643,NGC4000,-0.06600049541945907,13.4,82.0,False,False,False,False,False,False
37676,UGC06957,0.16375627388560599,12.530000000000001,58.0,False,False,False,False,False,False
37686,NGC4012,0.08181900705850431,12.51,77.0,False,False,False,False,False,False
37689,UGC06955,-0.32658128600744885,12.600000000000001,75.0,False,False,False,False,True,True
37691,NGC4013,0.08883172559420727,9.64,90.0,False,False,False,False,True,True
37696,PGC037696,0.026346756010217742,13.67,64.0,False,False,False,False,False,False
37697,NGC4010,-0.11558904031231876,11.270000000000001,87.0,False,False,False,False,True,True
37699,NGC4018,0.0235034436524173,12.69,86.0,False,False,False,False,False,False
37700,UGC06969,-0.35336521013939226,14.05,76.0,False,False,False,False,False,False
37710,UGC06970,-0.2687546133683525,13.22,69.0,False,False,False,False,False,False
37719,IC0750,0.04293175815902339,10.96,72.0,False,False,False,False,True,True
37723,NGC4020,-0.2823066731357793,11.889999999999999,72.0,False,False,False,False,True,True
37726,UGC06974,0.08783702014780514,14.13,79.0,False,False,False,False,False,False
37735,UGC06983,-0.16414587851346418,12.11,50.0,False,False,False,False,True,True
37737,UGC06978,-0.4149912305220518,14.66,57.0,False,False,False,False,False,False
37738,NGC4025,-0.17703933476948697,13.15,53.0,False,False,False,False,False,False
37740,UGC06980,-0.9787900438545312,15.440000000000001,69.0,False,True,False,False,False,False
37761,UGC06986,-0.014733205673315375,13.74,78.0,False,False,False,False,False,False
37770,PGC37770,-0.08921259498791212,14.719999999999999,82.0,False,False,False,False,False,False
37775,UGC06987,0.06333071957419412,13.780000000000001,61.0,False,False,False,False,False,False
37781,PGC037781,-0.10481766831848827,14.11,82.0,False,False,False,False,False,False
37803,PGC037803,-0.3114854902507056,14.76,61.0,False,False,False,False,False,False
37804,PGC037804,0.023365952014029467,13.6,58.0,False,False,False,False,False,False
37807,PGC037807,-0.0501408053571204,14.44,60.0,False,False,False,False,False,False
37813,UGC06989,-0.1323311521771302,14.57,55.0,False,False,False,False,False,False
37832,UGC06992,-0.3684600957394686,13.13,71.0,False,False,False,False,True,True
37838,PGC037838,-0.5502122303227548,13.87,67.0,False,False,False,False,True,True
37850,PGC037850,0.09719233373390823,14.03,54.0,False,False,False,False,False,False
37861,UGC06994,-0.01627538814457541,14.15,79.0,False,False,False,False,False,False
37872,PGC037872,-0.025751455637380793,14.16,73.0,False,False,False,False,False,False
37912,IC0755,-0.20714833493627394,12.86,87.0,False,False,False,False,False,False
37935,NGC4034,-0.08730653705876135,13.040000000000001,51.0,False,False,False,False,False,False
37959,PGC037959,-0.1463819031748157,14.7,74.0,False,False,False,False,False,False
37971,UGC07011,0.07027565632878607,13.11,83.0,False,False,False,False,False,False
37976,UGC07012,-0.1100925451388739,13.290000000000001,53.0,False,False,False,False,False,False
38009,UGC07017,0.006439335152681469,12.58,81.0,False,False,False,False,False,False
38012,UGC07016,0.21477120586775378,12.610000000000001,79.0,False,False,False,False,False,False
38013,PGC038013,-0.23567288410075093,14.0,80.0,False,False,False,False,False,False
38014,UGC07019,-0.3967169042283065,14.01,62.0,False,False,False,False,False,False
38031,NGC4045,0.09521883200232972,11.0,51.0,False,False,False,False,False,False
38044,UGC07024,0.12223549192113259,13.379999999999999,86.0,False,False,False,False,False,False
38050,NGC4049,-0.4740915413718283,12.969999999999999,56.0,False,False,False,False,True,True
38054,IC0756,0.16501633196412335,12.72,63.0,False,False,False,False,False,False
38081,UGC07031,-0.12602878688379615,13.360000000000001,86.0,False,False,False,False,False,False
38095,PGC038095,-0.04164091875716158,13.540000000000001,63.0,False,False,False,False,False,False
38097,PGC038097,0.22391563164974349,13.75,68.0,False,False,False,False,False,False
38117,UGC07035,-0.44901170883952,13.09,78.0,False,False,False,False,True,True
38122,UGC07037,0.011016958687536604,13.46,63.0,False,False,False,False,False,False
38125,UGC07041,-0.1595558851598815,13.799999999999999,90.0,False,False,False,False,False,False
38128,UGC07039,-0.19016101209139213,14.13,53.0,False,False,False,False,False,False
38137,PGC038137,-0.05992593567314364,14.520000000000001,53.0,False,False,False,False,False,False
38143,UGC07046,-0.10305582216220133,14.45,82.0,False,False,False,False,False,False
38144,PGC038144,-0.2381696520442973,15.73,52.0,False,False,False,False,False,False
38148,NGC4068,-0.6170187814845829,12.37,53.0,True,False,False,False,True,True
38150,NGC4062,-0.012823474096594456,10.18,72.0,False,False,False,False,True,True
38163,UGC07049,0.13648789635336556,13.540000000000001,90.0,False,False,False,False,False,False
38167,NGC4064,-0.35181842442025113,10.64,71.0,False,False,False,False,True,True
38183,PGC038183,-0.04930666305185927,14.110000000000001,80.0,False,False,False,False,False,False
38192,PGC038192,-0.049739942506128454,14.030000000000001,70.0,False,False,False,False,False,False
38212,NGC4081,-0.22418637675381925,11.83,85.0,False,False,False,False,True,True
38219,IC2990,0.030996196786090113,13.979999999999999,72.0,False,False,False,False,False,False
38244,NGC4080,-0.3117377383234152,12.549999999999999,67.0,False,False,False,False,True,True
38249,PGC038249,0.0837486226813513,13.620000000000001,67.0,False,False,False,False,False,False
38273,IC2991,-0.045091074202957326,14.979999999999999,74.0,False,False,False,False,False,False
38283,NGC4085,-0.060589138794604036,11.35,77.0,False,False,False,False,True,True
38287,UGC07074,0.1384083324520642,12.790000000000001,76.0,False,False,False,False,False,False
38288,NGC4090,0.17032386903928565,12.940000000000001,68.0,False,False,False,False,False,False
38295,UGC07082,0.16249793037197557,13.16,70.0,False,False,False,False,False,False
38297,UGC07080,0.14966949392722473,12.92,82.0,False,False,False,False,False,False
38302,NGC4088,0.0402037783243423,9.6,71.0,False,False,False,False,True,True
38333,PGC038333,-0.13769022177771983,15.13,67.0,False,False,False,False,False,False
38356,UGC07089,-0.36222022269749576,12.35,86.0,False,False,False,False,True,True
38361,NGC4096,-0.01478496337609192,9.72,80.0,False,False,False,False,True,True
38370,NGC4100,0.0859674836908706,10.07,76.0,False,False,False,False,True,True
38374,PGC038374,-0.14526386524928947,15.340000000000002,59.0,False,False,False,False,False,False
38375,UGC07094,-0.5838141315176661,13.38,76.0,False,False,False,False,True,True
38392,NGC4102,0.041150668896739795,10.33,59.0,False,False,False,False,True,True
38405,PGC038405,-0.3380155377897549,15.43,61.0,False,False,False,False,False,False
38410,UGC07100,0.03203983950857481,12.68,78.0,False,False,False,False,False,False
38441,NGC4110,0.20642089408907038,12.79,59.0,False,False,False,False,False,False
38457,IC3004,-0.1660832227612734,14.870000000000001,52.0,False,False,False,False,False,False
38476,UGC07107,0.173285548207311,12.8,88.0,False,False,False,False,False,False
38485,UGC07109,0.054478620351124274,13.209999999999999,87.0,False,False,False,False,False,False
38492,NGC4116,-0.1488508884050299,11.33,63.0,False,False,False,False,True,True
38506,UGC07113,-0.11698433575374656,15.25,73.0,False,False,False,False,False,False
38512,IC3008,0.07479027651631531,13.69,59.0,False,False,False,False,False,False
38553,NGC4120,-0.17234105903498342,12.9,78.0,False,False,False,False,False,False
38567,UGC07125,-0.3648053176472814,12.83,85.0,False,False,False,False,True,True
38598,UGC07131,-0.4480284801832779,14.41,80.0,False,False,False,False,False,False
38605,NGC4134,0.05134807940466235,12.16,68.0,False,False,False,False,False,False
38622,UGC07133,-0.1629445171159638,13.67,55.0,False,False,False,False,False,False
38627,IC3017,-0.24307172091419282,14.22,85.0,False,False,False,False,False,False
38637,UGC07138,-0.247487794225155,13.8,51.0,False,False,False,False,False,False
38643,NGC4138,0.03082739380639188,10.42,59.0,True,False,False,False,True,True
38645,NGC4142,-0.21650997701984886,12.87,61.0,False,False,False,False,False,False
38657,UGC07141,0.0885784489456638,13.25,82.0,False,False,False,False,False,False
38658,PGC038658,-0.1621814671494648,15.059999999999999,81.0,False,False,False,False,False,False
38667,UGC07143,-0.15119551501630735,13.51,68.0,False,False,False,False,False,False
38669,NGC4141,-0.16660239186671433,13.69,46.0,False,False,False,False,False,False
38680,UGC07153,-0.13989987658169722,13.34,88.0,False,False,False,False,False,False
38682,UGC07148,0.020478589507709977,13.709999999999999,77.0,False,False,False,False,False,False
38684,IC3021,-0.2792608484837831,14.36,52.0,False,False,False,False,False,False
38688,NGC4144,-0.32284953079822154,10.68,86.0,True,False,False,False,True,True
38693,NGC4145,-0.05404375344718915,10.389999999999999,53.0,False,False,False,False,True,True
38709,IC3024,0.10164352656905651,13.61,75.0,False,False,False,False,False,False
38713,UGC07162,0.10480014660268333,13.16,85.0,False,False,False,False,False,False
38741,NGC4149,0.14738297011461965,12.5,90.0,False,False,False,False,False,False
38747,PGC038747,-0.16078589149798406,14.42,61.0,False,False,False,False,False,False
38748,UGC07170,-0.1839635043523109,13.24,89.0,False,False,False,False,False,False
38755,IC3029,0.02636088530775771,13.37,74.0,False,False,False,False,False,False
38765,PGC038765,-0.11866098794275137,14.92,51.0,False,False,False,False,False,False
38784,PGC038784,-0.2945448466039493,14.87,63.0,False,False,False,False,False,False
38785,UGC07180,0.1405107157157195,12.97,79.0,False,False,False,False,False,False
38795,NGC4157,0.0900966160371457,9.74,84.0,False,False,False,False,True,True
38803,IC3033,-0.38774261639285834,14.2,59.0,False,False,False,False,False,False
38815,UGC07184,-0.23493971331414087,13.58,70.0,False,False,False,False,False,False
38823,UGC07186,-0.314249359036304,14.37,86.0,False,False,False,False,False,False
38834,NGC4161,0.15613607197264612,12.5,52.0,False,False,False,False,False,False
38848,IC0768,-0.04504716744907311,13.22,63.0,False,False,False,False,False,False
38851,NGC4162,0.08901307733892283,11.5,53.0,False,False,False,False,False,False
38864,PGC038864,-0.0938550268758882,14.74,63.0,False,False,False,False,False,False
38868,PGC038868,-0.05608802929942902,14.709999999999999,52.0,False,False,False,False,False,False
38874,PGC038874,0.02670126617546753,13.76,70.0,False,False,False,False,False,False
38878,PGC038878,-0.4475172801620748,15.920000000000002,75.0,False,False,False,False,False,False
38885,NGC4165,-0.013690797943819888,12.74,55.0,False,False,False,False,False,False
38897,NGC4173,-0.31709720190913027,12.38,86.0,False,False,False,False,True,True
38898,PGC038898,0.038036759894651606,14.870000000000001,52.0,False,False,False,False,False,False
38903,PGC038903,-0.1823500077585778,13.309999999999999,69.0,False,False,False,False,False,False
38916,IC0769,-0.04701444522745746,12.08,57.0,False,False,False,False,False,False
38919,IC3039,0.06360381816486704,14.04,67.0,False,False,False,False,False,False
38933,UGC07212,-0.15338238447094632,14.5,88.0,False,False,False,False,False,False
38943,NGC4178,-0.08874443100696228,10.58,75.0,False,False,False,False,True,True
38945,IC3044,-0.38368630263783476,13.19,73.0,False,False,False,False,True,True
38958,PGC038958,-0.4274885872420864,17.29,79.0,False,False,True,False,False,False
38961,UGC07217,0.02613211782979885,13.77,84.0,False,False,False,False,False,False
38964,NGC4180,0.1214636756820715,11.73,73.0,False,False,False,False,False,False
38977,IC3046,0.14386932988956724,13.24,81.0,False,False,False,False,False,False
38984,UGC07221,-0.10768431267578471,13.639999999999999,73.0,False,False,False,False,False,False
38988,NGC4183,-0.14337854909962733,11.399999999999999,87.0,False,False,False,False,True,True
38989,PGC038989,-0.26984366784280667,16.389999999999997,62.0,False,False,False,False,False,False
38998,PGC038998,-0.5714734893599855,14.120000000000001,82.0,False,False,False,False,True,True
39009,IC3049,-0.4265927851586131,14.97,55.0,False,False,False,False,False,False
39028,NGC4192,0.17046108400612425,8.96,78.0,False,False,False,False,True,True
39038,IC3053,0.13405077807197863,14.34,64.0,False,False,False,False,False,False
39040,NGC4193,0.06906356590344576,11.5,65.0,False,False,False,False,False,False
39046,PGC039046,-0.14437190873090744,14.790000000000001,81.0,False,False,False,False,False,False
39050,UGC07237,-0.3268016551028192,14.97,53.0,False,False,False,False,False,False
39051,PGC039051,0.08857884690355267,13.6,81.0,False,False,False,False,False,False
39052,PGC039052,-0.31677582812869787,13.51,82.0,False,False,False,False,False,False
39099,PGC039099,0.07586693350982054,13.35,74.0,False,False,False,False,False,False
39101,UGC07248,0.03334207281381918,13.77,78.0,False,False,False,False,False,False
39109,PGC039109,-0.3777490651523263,15.84,62.0,False,False,False,False,False,False
39113,UGC07249,-0.4057625320550735,14.629999999999999,75.0,False,False,False,False,False,False
39114,NGC4197,-0.08732108389067239,11.700000000000001,86.0,False,False,False,False,True,False
39143,NGC4205,-0.25389173847860036,11.8,87.0,False,False,False,False,True,True
39152,IC3061,-0.03147660566338972,12.45,85.0,False,False,False,False,False,False
39177,PGC039177,0.1475862380016788,13.87,74.0,False,False,False,False,False,False
39181,IC3066,-0.37617677862442456,14.2,83.0,False,False,False,False,False,False
39183,NGC4206,-0.06918850985149483,11.05,86.0,False,False,False,False,True,True
39191,UGC07267,-0.4262062781559979,13.34,76.0,False,False,False,False,True,True
39203,UGC07272,-0.18187051484646677,14.74,89.0,False,False,False,False,False,False
39206,NGC4207,-0.21643413021803548,11.26,88.0,False,False,False,False,True,True
39224,NGC4212,-0.0009480757138060625,10.44,53.0,False,False,False,False,True,True
39230,PGC039230,-0.7773481153351363,15.069999999999999,80.0,False,False,False,False,True,False
39232,UGC07273,0.1842554937505576,13.55,80.0,False,False,False,False,False,False
39233,IC3074,-0.19438398947496127,13.610000000000001,88.0,False,False,False,False,False,False
39237,NGC4218,-0.343499655359079,12.65,54.0,False,False,False,False,True,True
39241,NGC4217,0.07890385104648745,9.67,88.0,False,False,False,False,True,True
39243,PGC039243,-0.3355809940247916,15.41,89.0,False,False,False,False,False,False
39245,UGC07280,0.10049621676739395,13.18,58.0,False,False,False,False,False,False
39246,NGC4216,0.2108065511529471,8.969999999999999,84.0,False,False,False,False,True,True
39265,PGC039265,-0.38024662624940575,13.97,69.0,False,False,False,False,False,False
39285,NGC4220,0.049473967989244194,10.49,80.0,False,False,False,False,True,True
39289,UGC07289,0.1192218948109991,13.469999999999999,81.0,False,False,False,False,False,False
39306,PGC039306,0.16474929547226846,13.84,50.0,False,False,False,False,False,False
39308,NGC4222,-0.15757731917779383,11.6,90.0,False,False,False,False,True,False
39316,UGC07298,-0.905077462406082,15.27,57.0,False,False,False,False,False,False
39321,UGC07295,-0.14844762490500507,14.7,76.0,False,False,False,False,False,False
39322,UGC07294,-0.1839635043523109,14.4,89.0,False,False,False,False,False,False
39323,UGC07293,0.12030273559683735,13.92,74.0,False,False,False,False,False,False
39328,NGC4224,0.21251225331398382,10.91,80.0,False,False,False,False,False,False
39342,IC3093,-0.12556278949463184,14.53,55.0,False,False,False,False,False,False
39344,UGC07301,-0.35698519974590504,13.959999999999999,90.0,False,False,False,False,False,False
39366,NGC4238,-0.12517628249201662,12.860000000000001,76.0,False,False,False,False,False,False
39390,IC3099,-0.18798149786583096,13.17,88.0,False,False,False,False,False,False
39393,NGC4237,-0.03292016424740307,10.94,52.0,True,False,False,False,True,True
39400,PGC039400,-0.05608802929942902,14.55,52.0,False,False,False,False,False,False
39407,PGC039407,-0.18499684877451994,14.91,83.0,False,False,False,False,False,False
39422,NGC4244,-0.21643413021803548,9.16,88.0,True,False,False,False,True,True
39423,NGC4242,-0.31979597732660103,10.5,50.0,True,False,False,False,True,True
39431,IC3105,-0.578536256605692,13.96,84.0,False,False,False,False,True,True
39432,UGC07321,-0.17571754470230738,12.23,90.0,False,False,False,False,True,False
39440,UGC07327,0.051714639051290145,13.69,88.0,False,False,False,False,False,False
39449,PGC039449,-0.0397460871673907,14.370000000000001,76.0,False,False,False,False,False,False
39458,IC3107,0.14622288512675485,12.89,64.0,False,False,False,False,False,False
39461,NGC4248,-0.4983250826063226,11.59,73.0,True,False,False,False,True,True
39473,PGC039473,-0.06375591994408136,14.59,57.0,False,False,False,False,False,False
39479,NGC4246,0.08062497476060804,12.0,61.0,False,False,False,False,False,False
39487,UGC07336,-0.04591360715998993,13.79,81.0,False,False,False,False,False,False
39504,PGC039504,-0.359562027389555,14.94,69.0,False,False,False,False,False,False
39519,IC3122,0.03522581762136223,13.07,60.0,False,False,False,False,False,False
39537,NGC4252,-0.3156429797719005,13.35,81.0,False,False,False,False,True,False
39556,PGC039556,-0.3859904975023918,14.24,89.0,False,False,False,False,False,False
39580,UGC07347,-0.0346171485515816,14.86,90.0,False,False,False,False,False,False
39591,PGC039591,-0.05170797950379091,14.59,82.0,False,False,False,False,False,False
39600,NGC4258,0.15186097653883301,7.47,73.0,True,False,False,False,True,True
39601,IC3136,-0.02502154254932698,12.99,78.0,False,False,False,False,False,False
39613,IC0776,-0.22267456111276296,13.47,56.0,False,False,False,False,False,False
39617,IC3143,-0.22021352288059903,14.72,46.0,False,False,False,False,False,False
39619,PGC039619,-0.7541483940540046,14.26,69.0,False,False,False,False,True,True
39632,PGC039632,-0.6586623900031441,15.49,72.0,False,False,False,False,False,False
39635,UGC07358,-0.027061881368706242,12.66,75.0,False,False,False,False,False,False
39655,PGC039655,-0.7223314698725214,13.790000000000001,72.0,False,False,False,False,True,True
39656,NGC4260,0.28411324351011746,10.89,68.0,False,False,False,False,False,False
39663,IC0777,-0.12663284199229796,13.07,70.0,False,False,False,False,False,False
39697,UGC07370,-0.27029630595768994,13.24,78.0,False,False,False,False,False,False
39703,IC3156,-0.06787740072304604,14.01,48.0,False,False,False,False,False,False
39704,UGC07379,-0.16430251336655477,14.219999999999999,53.0,False,False,False,False,False,False
39724,NGC4274,0.17550188636694086,9.58,73.0,False,False,False,False,True,True
39731,PGC039731,-0.39181391981533675,15.840000000000002,77.0,False,False,False,False,False,False
39738,NGC4273,0.024162644869225147,11.200000000000001,53.0,False,False,False,False,True,True
39749,IC3165,0.1802162932411182,13.0,56.0,False,False,False,False,False,False
39775,NGC4284,0.08679233286387733,12.45,65.0,False,False,False,False,False,False
39785,UGC07392,-0.4387065659391385,15.05,87.0,False,False,False,False,False,False
39794,UGC07387,-0.10373450271349194,12.59,89.0,False,False,False,False,False,False
39813,PGC039813,-0.40655806298518904,14.120000000000001,57.0,False,False,False,False,False,False
39819,UGC07394,-0.244727494896694,13.43,90.0,False,False,False,False,False,False
39822,IC3174,0.10274787510587435,14.26,57.0,False,False,False,False,False,False
39831,IC3175,0.041395499287145476,13.54,75.0,False,False,False,False,False,False
39845,PGC039845,-0.8031553789414219,16.54,80.0,False,False,True,False,False,False
39846,NGC4286,-0.41232244998844747,12.58,54.0,False,False,False,False,True,True
39847,PGC039847,-0.138438888985275,14.23,62.0,False,False,False,False,False,False
39860,NGC4287,-0.21338348084612901,12.94,86.0,False,False,False,False,False,False
39886,NGC4289,0.04777470538782236,11.559999999999999,90.0,False,False,False,False,False,False
39894,PGC039894,-0.5248685104160002,15.290000000000001,80.0,False,False,False,False,False,False
39902,PGC039902,-0.5345563986719437,14.860000000000001,85.0,False,False,False,False,False,False
39925,NGC4294,-0.19729508694234132,11.370000000000001,73.0,False,False,False,False,True,True
39950,NGC4298,-0.06832619518783423,10.42,56.0,True,False,False,False,True,True
39956,PGC039956,-0.026845910774893955,14.49,61.0,False,False,False,False,False,False
39974,NGC4302,0.053883026643874565,9.67,90.0,False,False,False,False,True,False
39984,IC3203,0.23426392761680193,12.71,88.0,False,False,False,False,False,False
39999,UGC07427,-0.9190166918179625,14.57,60.0,False,False,False,False,False,False
40004,UGC07423,-0.3629417680409355,14.48,69.0,False,False,False,False,False,False
40005,UGC07421,-0.4933514589699355,14.72,80.0,False,False,False,False,False,False
40033,NGC4307,-0.006180400827065391,10.87,86.0,True,False,False,False,True,True
40038,IC3209,0.07742733314604111,13.6,79.0,False,False,False,False,False,False
40040,IC3215,-0.4704469101570967,13.819999999999999,82.0,False,False,False,False,True,True
40072,PGC040072,0.0007776483788815014,14.01,75.0,False,False,False,False,False,False
40095,NGC4312,-0.16701559804118427,10.66,80.0,True,False,False,False,True,True
40105,NGC4313,-0.0876812256504711,10.549999999999999,84.0,True,False,False,False,True,True
40107,PGC040107,-0.5469163101555863,15.870000000000001,66.0,False,False,False,False,False,False
40111,IC3225,-0.181203839225744,13.0,71.0,False,False,False,False,False,False
40114,PGC040114,-0.35052530759650846,14.229999999999999,78.0,False,False,False,False,False,False
40119,NGC4316,-0.009445926867915233,11.209999999999999,87.0,False,False,False,False,True,False
40121,PGC040121,-0.21856278746124636,15.39,78.0,False,False,False,False,False,False
40147,IC3229,-0.4020414650296069,13.89,79.0,False,False,False,False,True,False
40187,IC3239,-0.5593050071091001,15.1,77.0,False,False,False,False,False,False
40201,NGC4330,-0.11719823045890099,11.4,79.0,False,False,False,False,True,True
40205,IC3247,-0.31221463808512206,13.17,88.0,False,False,False,False,True,False
40218,NGC4334,-0.0356717846165675,11.690000000000001,65.0,False,False,False,False,True,False
40251,NGC4343,0.011105161865556656,11.16,83.0,False,False,False,False,True,False
40256,PGC040256,0.051614664468831783,14.49,75.0,False,False,False,False,False,False
40260,UGC07464,0.1800255662522181,12.93,82.0,False,False,False,False,False,False
40273,IC3259,-0.24837416436191662,12.7,59.0,False,False,False,False,True,True
40284,NGC4348,0.08143937059931128,11.08,85.0,False,False,False,False,False,False
40303,NGC4353,-0.25873853193061747,12.719999999999999,54.0,False,False,False,False,True,True
40306,NGC4351,-0.4234042905398483,11.88,52.0,True,False,False,False,True,True
40307,PGC040307,-0.10229902900405818,14.53,83.0,False,False,False,False,False,False
40330,NGC4359,-0.21663262110567905,11.409999999999998,89.0,False,False,False,False,True,True
40342,NGC4356,-0.16147735620462367,11.030000000000001,89.0,False,False,False,False,True,True
40392,PGC040392,-0.22898069729282788,15.020000000000001,54.0,False,False,False,False,False,False
40406,PGC040406,0.11198794908575671,13.27,88.0,False,False,False,False,False,False
40408,PGC040408,-0.32152308992608436,13.89,84.0,False,False,False,False,False,False
40409,PGC040409,-0.48987235960137765,15.15,64.0,False,False,False,False,False,False
40414,PGC040414,-0.41122314795012027,15.31,78.0,False,False,False,False,False,False
40458,IC3298,-0.2877940510332202,13.88,81.0,False,False,False,False,False,False
40459,IC3300,0.07307669139666562,13.27,78.0,False,False,False,False,False,False
40467,PGC040467,0.08232800399012374,13.67,88.0,False,False,False,False,False,False
40494,NGC4376,-0.2869375595012773,12.7,59.0,False,False,False,False,True,True
40495,IC3308,-0.4166190359763,14.26,87.0,False,False,False,False,False,False
40507,NGC4380,-0.019229340376104354,10.69,60.0,True,False,False,False,True,True
40530,IC3311,-0.33458793406946574,13.030000000000001,86.0,False,False,False,False,True,False
40537,NGC4389,-0.23607068144750665,11.11,57.0,False,False,False,False,True,True
40558,PGC040558,-0.049250229199084394,15.27,59.0,False,False,False,False,False,False
40563,UGC07512,-0.7460900108489965,14.45,64.0,True,False,False,False,True,True
40566,IC3322A,-0.05902476774401055,11.39,89.0,False,False,False,False,True,False
40579,UGC07516,-0.11092273703575994,13.659999999999998,65.0,False,False,False,False,False,False
40581,NGC4388,0.059162975888158886,10.26,85.0,False,False,False,False,True,True
40601,PGC040601,-0.0568519736075519,14.5,69.0,False,False,False,False,False,False
40604,PGC040604,-0.3366105390039431,13.97,79.0,False,False,False,False,False,False
40607,IC3322,-0.25096752349209606,12.129999999999999,86.0,False,False,False,False,True,True
40612,IC3330,0.07942438319098244,13.21,71.0,False,False,False,False,False,False
40621,UGC07522,-0.01427857351841988,11.709999999999999,90.0,False,False,False,False,False,False
40622,NGC4396,-0.22150985243343646,11.620000000000001,80.0,False,False,False,False,True,True
40628,PGC040628,0.050406487585967774,14.200000000000001,51.0,False,False,False,False,False,False
40644,NGC4402,-0.09707698834923617,10.469999999999999,83.0,True,False,False,False,True,True
40692,NGC4414,0.1444262046577096,9.42,59.0,True,False,False,False,True,True
40700,PGC040700,-0.4512125379606813,16.009999999999998,73.0,False,False,False,False,False,False
40705,NGC4413,-0.2304668039295077,11.35,57.0,False,False,False,False,True,True
40716,UGC07543,-0.039394746464533004,14.040000000000001,62.0,False,False,False,False,False,False
40741,PGC040741,-0.22327355474834087,15.29,88.0,False,False,False,False,False,False
40757,IC3357,0.11147334949484744,14.68,68.0,False,False,False,False,False,False
40772,NGC4419,-0.1049085668429619,10.39,77.0,False,False,False,False,True,True
40775,NGC4409,-0.20581408803992263,11.52,70.0,False,False,False,False,True,True
40800,IC0792,0.07207190046630219,13.25,73.0,False,False,False,False,False,False
40801,NGC4423,-0.28675318544994477,12.55,86.0,False,False,False,False,True,True
40809,NGC4424,-0.7169130219921547,10.709999999999999,65.0,True,False,False,False,True,True
40811,IC3365,-0.3873663673723535,13.389999999999999,69.0,False,False,False,False,True,True
40820,PGC040820,-0.04103065717153154,14.04,58.0,False,False,False,False,False,False
40839,IC3371,-0.32390874094431865,13.979999999999999,90.0,False,False,False,False,False,False
40857,UGC07564,0.20110549372816688,13.91,74.0,False,False,False,False,False,False
40861,UGC07567,-0.35328964182936984,13.95,64.0,False,False,False,False,False,False
40920,IC3376,0.2136014351610509,12.48,53.0,False,False,False,False,False,False
40933,UGC07579,-0.21837103904502264,13.01,87.0,False,False,False,False,False,False
40951,PGC040951,-0.5345820945708588,15.27,64.0,False,False,False,False,False,False
40954,UGC07588,-0.043369325792542046,14.02,88.0,False,False,False,False,False,False
40955,IC3378,0.10884551949400878,14.5,67.0,False,False,False,False,False,False
40987,NGC4445,-0.12912836860735633,11.49,85.0,False,False,False,False,True,True
40988,NGC4448,0.07594213142869632,10.25,77.0,False,False,False,False,True,True
40993,UGC07590,-0.2498455266311912,13.26,74.0,False,False,False,False,False,False
41014,UGC07597,-0.19047755194110572,14.979999999999999,75.0,False,False,False,False,False,False
41020,UGC7599,-0.6184266207491431,14.21,65.0,True,False,False,False,True,True
41024,NGC4450,0.06375673529480474,9.24,55.0,True,False,False,False,True,True
41050,NGC4451,-0.15966982256001216,11.75,68.0,False,False,False,False,True,True
41051,UGC07604,-0.0669645589348229,14.31,89.0,False,False,False,False,False,False
41061,IC3392,-0.2346232907812551,11.29,69.0,False,False,False,False,True,True
41066,NGC4455,-0.4259464047708268,12.1,78.0,True,False,False,False,True,True
41088,UGC07607,-0.0346171485515816,13.47,90.0,False,False,False,False,False,False
41093,KK149,-0.5044375414490667,14.52,52.0,True,False,False,False,True,True
41100,IC3402,0.17031200326489548,13.53,89.0,False,False,False,False,False,False
41109,UGC07612,-0.2528103285440264,13.68,62.0,False,False,False,False,False,False
41110,UGC07618,-0.13989987658169722,13.899999999999999,88.0,False,False,False,False,False,False
41112,IC3407,-0.01223964718218129,13.09,67.0,False,False,False,False,False,False
41119,UGC07617,0.12247866404471042,12.75,88.0,False,False,False,False,False,False
41166,IC3414,-0.44810610705602505,12.91,53.0,False,False,False,False,True,True
41170,NGC4466,-0.26768792285016163,12.840000000000002,78.0,False,False,False,False,True,True
41177,UGC07625,-0.4028253459135285,15.660000000000002,88.0,False,False,False,False,False,False
41196,PGC041196,-0.5027185995339472,14.89,49.0,False,False,False,False,False,False
41222,NGC4481,-0.04324636265552595,13.1,78.0,False,False,False,False,False,False
41225,NGC4475,0.1614162650290485,13.0,54.0,False,False,False,False,False,False
41263,PGC041263,-0.3648053176472814,15.44,85.0,False,False,False,False,False,False
41278,PGC041278,-0.2869375595012773,15.12,59.0,False,False,False,False,False,False
41307,UGC07644,0.016469437418928923,12.59,87.0,False,False,False,False,False,False
41314,PGC041314,-0.7048180537451927,14.55,71.0,True,False,False,False,True,True
41317,NGC4480,0.04837703332278931,11.790000000000001,59.0,False,False,False,False,False,False
41320,IC3432,-0.11879031608436197,13.84,58.0,False,False,False,False,False,False
41402,PGC41402,-0.16056825758085846,14.89,76.0,False,False,False,False,False,False
41406,PGC041406,-0.18164400352484789,14.16,84.0,False,False,False,False,False,False
41436,NGC4500,0.07278748031227567,11.940000000000001,56.0,False,False,False,False,False,False
41440,IC3446,-0.27746640296127456,14.479999999999999,61.0,False,False,False,False,False,False
41466,IC3453,-0.5377093175091807,13.67,83.0,False,False,False,False,True,True
41468,IC3454,0.032165990447380555,13.41,83.0,False,False,False,False,False,False
41472,NGC4498,-0.20948728560404062,11.44,68.0,False,False,False,False,True,True
41477,UGC07671,0.13205557900978926,13.54,74.0,False,False,False,False,False,False
41492,IC3460,-0.3244280805694917,15.049999999999999,84.0,False,False,False,False,False,False
41504,IC0797,-0.3414825121187324,12.35,55.0,False,False,False,False,True,True
41514,PGC041514,0.004983071604209854,14.97,79.0,False,False,False,False,False,False
41517,NGC4501,0.2534104940496502,8.72,63.0,False,False,False,False,True,False
41531,NGC4502,-0.23881633889923481,13.38,64.0,False,False,False,False,False,False
41567,IC3471,-0.5023000061270932,14.24,61.0,False,False,False,False,True,True
41572,IC3467,-0.06648513303628123,14.45,81.0,False,False,False,False,False,False
41578,NGC4517A,-0.2406403098378216,11.98,54.0,False,False,False,False,True,True
41579,UGC07689,0.11092480416829487,12.969999999999999,88.0,False,False,False,False,False,False
41599,IC3474,-0.3538719643217618,13.22,90.0,False,False,False,False,True,False
41608,IC3476,-0.3510527932495249,12.159999999999998,54.0,False,False,False,False,True,True
41618,NGC4517,-0.030111833831065304,8.92,89.0,True,False,False,False,True,True
41620,UGC07699,-0.22243363225108848,12.08,79.0,False,False,False,False,True,True
41639,UGC07697,-0.15829421622566953,13.76,83.0,False,False,False,False,False,False
41645,PGC041645,-0.1089904681348699,14.6,72.0,False,False,False,False,False,False
41647,PGC041647,-0.5237167793121333,15.21,60.0,False,False,False,False,False,False
41700,PGC041700,-0.664241797124038,14.53,83.0,False,False,False,False,True,False
41701,PGC041701,-1.0447885451267858,15.18,79.0,False,True,False,False,False,False
41716,PGC041716,-0.5199354646316112,14.38,58.0,False,False,False,False,True,True
41719,NGC4519,-0.17831499007529228,11.46,51.0,False,False,False,False,True,True
41728,ESO574-008,0.18060015449297806,12.870000000000001,88.0,False,False,False,False,False,False
41729,NGC4522,-0.18445053855579197,11.39,79.0,False,False,False,False,True,True
41751,IC3500,-0.12237429487586748,14.91,52.0,False,False,False,False,False,False
41755,NGC4525,-0.29229218471195795,11.860000000000001,64.0,False,False,False,False,True,True
41766,UGC07719,-0.6265210556908909,13.64,82.0,False,False,False,False,True,True
41769,UGC07730,-0.29616159902198413,14.84,52.0,False,False,False,False,False,False
41789,NGC4527,0.0596385449685215,9.379999999999999,76.0,False,False,False,False,True,True
41792,IC3505,0.216398873388556,13.5,72.0,False,False,False,False,False,False
41808,IC3516,0.04282542695917968,13.9,90.0,False,False,False,False,False,False
41811,NGC4532,-0.2320907471228053,11.14,75.0,False,False,False,False,True,True
41812,NGC4535,0.025071782730283765,9.25,52.0,True,False,False,False,True,True
41816,NGC4533,-0.3291426908977928,12.67,87.0,False,False,False,False,True,True
41823,NGC4536,0.020949046033836183,9.54,74.0,False,False,False,False,True,True
41827,UGC07738,-0.03733736102262908,13.85,88.0,False,False,False,False,False,False
41829,IC3517,-0.5950442879431419,14.23,54.0,False,False,False,False,True,True
41838,NGC4545,-0.0189128385986419,11.959999999999999,55.0,False,False,False,False,False,False
41861,UGC07739,-0.3468274686128958,13.61,50.0,False,False,False,False,False,False
41865,IC3522,-0.5036326597315002,14.32,78.0,False,False,False,False,True,False
41895,UGC07750,0.13415870409755382,13.12,74.0,False,False,False,False,False,False
41902,UGC07751,-0.8469517175115577,15.120000000000001,78.0,False,False,False,False,True,False
41912,IC3536,-0.09607905394082916,14.62,82.0,False,False,False,False,False,False
41918,PGC041918,-0.5912503400429354,15.959999999999999,88.0,False,False,False,False,False,False
41924,UGC07754,-0.05519149810029056,13.68,75.0,False,False,False,False,False,False
41941,UGC07752,0.14862465205934638,12.73,88.0,False,False,False,False,False,False
41955,NGC4562,-0.39699900707021163,12.53,76.0,False,False,False,False,True,True
41958,NGC4544,-0.23491753591204878,11.53,88.0,False,False,False,False,True,True
41974,NGC4565C,-0.0328677385674756,14.46,88.0,False,False,False,False,False,False
41976,IC3546,0.006591229064900173,13.639999999999999,55.0,False,False,False,False,False,False
41978,PGC041978,0.0904485907218624,14.180000000000001,63.0,False,False,False,False,False,False
41982,PGC041982,0.028349492491519968,13.73,52.0,False,False,False,False,False,False
41992,PGC041992,-0.15407965406590973,14.0,65.0,False,False,False,False,False,False
41994,PGC041994,-0.6168007567009743,16.150000000000002,84.0,False,False,False,False,False,False
42002,NGC4559,-0.11647848952741979,9.26,72.0,True,False,False,False,True,True
42021,IC3562,-0.6608293158087832,15.16,76.0,False,False,False,False,True,False
42035,UGC07770,0.10123753676516323,13.719999999999999,88.0,False,False,False,False,False,False
42038,NGC4565,0.20163413524669904,7.99,89.0,True,False,False,False,True,True
42045,UGC07774,-0.23022241470366867,13.110000000000001,88.0,False,False,False,False,False,False
42076,IC3581,0.07126097105148599,13.100000000000001,62.0,False,False,False,False,False,False
42080,UGC07780,-0.4466569154381652,14.91,88.0,False,False,False,False,False,False
42081,IC3583,-0.48257113094746273,12.34,72.0,False,False,False,False,True,True
42082,PGC042082,-0.16912174202482255,14.23,69.0,False,False,False,False,False,False
42083,IC3587,0.07545248600607612,13.469999999999999,88.0,False,False,False,False,False,False
42089,NGC4569,0.12530696085865012,8.9,63.0,False,False,False,False,True,True
42097,NGC4559A,0.08681945209400954,13.49,62.0,False,False,False,False,False,False
42108,IC3591,-0.5458724516269222,13.5,69.0,False,False,False,False,True,True
42121,PGC042121,0.016100638407126944,13.67,78.0,False,False,False,False,False,False
42137,IC3598,0.185218065810695,12.879999999999999,77.0,False,False,False,False,False,False
42152,NGC4576,0.07622430517766521,12.88,52.0,False,False,False,False,False,False
42160,PGC042160,-0.6123472052668808,13.54,71.0,False,False,False,False,True,True
42189,UGC07799,0.1714374837934982,12.5,88.0,False,False,False,False,False,False
42195,UGC07798,-0.11669932916332693,13.28,55.0,False,False,False,False,False,False
42202,UGC07800,-0.003501149600393383,13.03,75.0,False,False,False,False,False,False
42215,NGC4585,0.050528469561049505,13.489999999999998,55.0,False,False,False,False,False,False
42219,PGC042219,-0.8371436391597036,15.61,73.0,False,False,False,False,True,False
42230,UGC07802,-0.33836735668661033,13.280000000000001,88.0,False,False,False,False,True,False
42241,NGC4586,-0.10123830963321279,10.59,78.0,False,False,False,False,True,True
42247,PGC042247,-0.24537819260812865,15.990000000000002,80.0,False,False,False,False,False,False
42255,UGC07806,-0.03551141730684293,13.58,87.0,False,False,False,False,False,False
42264,IC3608,0.20243053644552544,12.62,90.0,False,False,False,False,False,False
42277,NGC4588,-0.038873631714750445,13.72,72.0,False,False,False,False,False,False
42306,IC3615,0.05467512543697106,13.81,76.0,False,False,False,False,False,False
42311,UGC07818,0.05035034194007215,13.8,75.0,False,False,False,False,False,False
42319,NGC4591,0.018466446343146092,12.31,63.0,False,False,False,False,False,False
42340,PGC042340,-0.4956383746296864,14.05,63.0,False,False,False,False,True,True
42348,IC3617,-0.47333631019177647,13.73,61.0,False,False,False,False,True,True
42355,IC3626,0.13142265940545572,14.41,49.0,False,False,False,False,False,False
42374,PGC042374,0.012335329394358663,13.780000000000001,77.0,False,False,False,False,False,False
42382,PGC042382,-0.32735593058841816,15.719999999999999,77.0,False,False,False,False,False,False
42387,IC3629,0.2562078207490863,13.68,75.0,False,False,False,False,False,False
42393,UGC07824,-0.49071458340336793,13.719999999999999,70.0,False,False,False,False,True,True
42396,NGC4595,-0.2841060036189118,11.809999999999999,54.0,False,False,False,False,True,True
42407,M104,0.3656995683483779,7.14,87.0,True,False,False,False,True,True
42408,NGC4605,-0.32462924172082896,9.3,79.0,True,False,False,False,True,True
42413,PGC042413,-0.7790614270641376,15.42,61.0,False,False,False,False,True,False
42429,NGC4597,-0.2798200395185124,11.51,69.0,False,False,False,False,True,True
42476,NGC4602,0.1257850494647137,10.729999999999999,73.0,False,False,False,False,False,False
42478,IC3646,0.08443013151234746,14.19,75.0,False,False,False,False,False,False
42512,UGC07836,0.1842687242054737,13.270000000000001,76.0,False,False,False,False,False,False
42520,UGC07848,-0.04242215583664022,12.969999999999999,67.0,False,False,False,False,False,False
42530,NGC4617,0.16002405281053234,11.62,86.0,False,False,False,False,False,False
42544,NGC4607,-0.25669731023529074,11.31,88.0,False,False,False,False,True,True
42548,UGC07845,-0.05393482763520385,14.149999999999999,76.0,False,False,False,False,False,False
42553,PGC042553,-0.6269479768259376,15.99,72.0,False,False,False,False,False,False
42562,PGC042562,0.01639109218035939,12.68,66.0,False,False,False,False,False,False
42564,NGC4611,0.07835737283875233,13.190000000000001,80.0,False,False,False,False,False,False
42584,NGC4615,0.11765743228721215,12.59,77.0,False,False,False,False,False,False
42637,NGC4631,-0.029913342943422183,7.859999999999999,88.0,False,False,False,False,True,False
42665,PGC042665,-0.18553718592359658,14.77,87.0,False,False,False,False,False,False
42666,PGC042666,-0.6648840219881447,15.92,65.0,False,False,False,False,False,False
42681,NGC4628,0.10087629476050397,12.0,81.0,False,False,False,False,False,False
42699,NGC4633,-0.2277863232361188,12.42,72.0,False,False,False,False,True,True
42714,PGC042714,-0.2427338970092241,16.330000000000002,59.0,False,False,False,False,False,False
42726,UGC07877,0.025309448115260036,13.9,88.0,False,False,False,False,False,False
42727,UGC07882,0.039541344620903196,13.48,82.0,False,False,False,False,False,False
42741,NGC4639,0.04280054969071534,10.82,52.0,True,False,False,False,True,True
42765,UGC07890,-0.02314667345323107,13.930000000000001,51.0,False,False,False,False,False,False
42768,PGC042768,-0.7469649225624693,15.64,62.0,False,False,False,False,False,False
42807,UGC07897,0.174542119165491,13.79,73.0,False,False,False,False,False,False
42820,ESO574-023,0.12551612790868738,13.35,81.0,False,False,False,False,False,False
42833,NGC4651,0.1410456174397905,10.02,54.0,False,False,False,False,True,False
42836,IC3704,0.14112581119079604,13.08,80.0,False,False,False,False,False,False
42857,NGC4654,0.02819503324032091,9.82,57.0,False,False,False,False,True,True
42881,UGC07906,-0.45059318305321705,15.03,61.0,False,False,False,False,False,False
42898,PGC042898,-0.23491753591204878,14.11,88.0,False,False,False,False,False,False
42899,IC3714,0.03322013586286099,14.67,52.0,False,False,False,False,False,False
42909,PGC042909,0.09841332186273943,13.37,59.0,False,False,False,False,False,False
42914,IC3723,-0.28047391853465875,14.520000000000001,64.0,False,False,False,False,False,False
42919,UGC07922,0.03187712544947141,12.99,82.0,False,False,False,False,False,False
42929,NGC4658,-0.06531802106886575,11.65,69.0,False,False,False,False,True,True
42930,PGC042930,-0.14423578687009808,15.12,85.0,False,False,False,False,False,False
42931,PGC042931,-0.8024822504123006,14.100000000000001,62.0,False,False,False,False,True,False
42938,IC3726,0.28053024598524035,13.02,85.0,False,False,False,False,False,False
42942,NGC4669,0.19990387605801718,11.94,89.0,False,False,False,False,False,False
42944,IC3718,-0.6804381023270798,12.510000000000002,80.0,False,False,False,False,True,True
42950,ESO574-028,-0.1467582717425402,13.65,86.0,False,False,False,False,False,False
42953,PGC042953,-0.06543531510442957,14.49,79.0,False,False,False,False,False,False
42975,NGC4666,0.08528775099813668,9.66,80.0,False,False,False,False,True,True
42995,IC3740,-0.1513876100896443,14.25,71.0,False,False,False,False,False,False
43001,IC3742,-0.2634824609833788,12.99,71.0,False,False,False,False,True,False
43011,UGC07934,0.14019997037799836,13.809999999999999,67.0,False,False,False,False,False,False
43017,PGC043017,0.20067709812522327,12.75,78.0,False,False,False,False,False,False
43020,PGC043020,-0.24701257903028795,11.86,53.0,False,False,False,False,True,True
43032,PGC043032,0.02911524963959078,14.54,55.0,False,False,False,False,False,False
43052,UGC07941,-0.14550475708770438,13.52,82.0,False,False,False,False,False,False
43064,UGC07940,-0.0448510224141474,13.49,70.0,False,False,False,False,False,False
43074,IC3754,0.19205914722574313,12.700000000000001,65.0,False,False,False,False,False,False
43077,PGC043077,-0.13071799239908577,14.33,89.0,False,False,False,False,False,False
43110,PGC043110,-0.17102480285401223,15.44,87.0,False,False,False,False,False,False
43136,UGC07948,0.0855268796992723,13.76,89.0,False,False,False,False,False,False
43142,UGC07955,0.07230442551593752,13.360000000000001,87.0,False,False,False,False,False,False
43147,NGC4682,0.039590623023812554,11.57,60.0,False,False,False,False,False,False
43164,PGC043164,-0.13812702301325697,13.33,63.0,False,False,False,False,False,False
43173,NGC4695,-0.0592560802774571,13.52,55.0,False,False,False,False,False,False
43185,UGC07960,0.10848747227926836,13.81,69.0,False,False,False,False,False,False
43199,ESO574-032,-0.14041906977523233,13.48,77.0,False,False,False,False,False,False
43254,NGC4698,0.1447454783443307,9.520000000000001,69.0,False,False,False,False,True,True
43272,PGC043272,-0.17303689814045642,15.040000000000001,76.0,False,False,False,False,False,False
43278,PGC043278,0.025385308282169117,13.549999999999999,82.0,False,False,False,False,False,False
43281,PGC043281,-0.34345886688353877,14.059999999999999,66.0,False,False,False,False,False,False
43302,PGC043302,0.10726387961135808,14.530000000000001,59.0,False,False,False,False,False,False
43308,PGC043308,-0.21342458724287727,15.14,73.0,False,False,False,False,False,False
43317,NGC4702,-0.18538243482396632,14.969999999999999,58.0,False,False,False,False,False,False
43330,NGC4700,-0.4065121646469936,10.99,89.0,False,False,False,False,True,True
43350,NGC4705,0.1234374278783239,11.43,78.0,False,False,False,False,False,False
43352,PGC043352,0.15403419547009323,13.98,78.0,False,False,False,False,False,False
43359,UGC07978,0.046808637926421426,13.48,56.0,False,False,False,False,False,False
43364,PGC043364,0.06648145658398574,15.06,81.0,False,False,False,False,False,False
43368,NGC4712,0.09094964596025212,12.11,69.0,False,False,False,False,False,False
43381,UGC07981,-0.22709918331740386,15.290000000000001,86.0,False,False,False,False,False,False
43397,UGC07982,-0.17545290362389254,11.690000000000001,88.0,False,False,False,False,True,True
43409,IC3812,0.09604832435792776,12.5,85.0,False,False,False,False,False,False
43414,PGC043414,-0.10192297380540438,15.16,81.0,False,False,False,False,False,False
43450,UGC07990,-0.5132513456339682,15.67,60.0,False,False,False,False,False,False
43451,NGC4725,0.18198260787218068,8.43,53.0,True,False,False,False,True,True
43452,UGC07993,0.001654855925001364,13.36,87.0,False,False,False,False,False,False
43457,PGC043457,-0.4633269543433247,15.19,83.0,False,False,False,False,False,False
43462,UGC07992,0.09660731515747578,14.319999999999999,65.0,False,False,False,False,False,False
43470,UGC07991,-0.25389173847860036,12.75,87.0,False,False,False,False,True,False
43504,NGC4741,0.20063537366515272,12.709999999999999,48.0,False,False,False,False,False,False
43509,NGC4735,-0.058776094392777534,13.65,47.0,False,False,False,False,False,False
43511,PGC043511,-0.4221384437323632,14.16,55.0,False,False,False,False,False,False
43517,NGC4738,0.15136673327803374,12.26,86.0,False,False,False,False,False,False
43542,PGC043542,-0.11536961941249313,14.74,79.0,False,False,False,False,False,False
43552,ESO575-009,-0.0052498122743074305,15.879999999999999,87.0,False,False,False,False,False,False
43575,UGC08004,-0.013019621045182284,13.700000000000001,74.0,False,False,False,False,False,False
43601,NGC4746,0.020121068289812083,11.55,82.0,False,False,False,False,False,False
43607,IC0827,0.06230830359983397,13.030000000000001,70.0,False,False,False,False,False,False
43614,PGC043614,0.023423604350210514,14.3,52.0,False,False,False,False,False,False
43632,PGC043632,-0.17060094716019014,14.9,56.0,False,False,False,False,False,False
43634,UGC08012,0.07189540341970613,13.57,51.0,False,False,False,False,False,False
43686,UGC08013,0.07538874594686495,13.85,76.0,False,False,False,False,False,False
43707,NGC4758,-0.2637545994381205,11.72,83.0,False,False,False,False,True,True
43726,UGC08017,0.25424748034217526,12.799999999999999,76.0,False,False,False,False,False,False
43728,UGC08015,0.24700677749595634,12.889999999999999,56.0,False,False,False,False,False,False
43750,IC3852,-0.22243363225108848,14.4,79.0,False,False,False,False,False,False
43798,NGC4772,0.18753352868109863,10.26,62.0,False,False,False,False,False,False
43840,PGC043840,-0.016619783313893244,14.290000000000001,70.0,False,False,False,False,False,False
43843,PGC043843,0.025356784160450285,14.48,62.0,False,False,False,False,False,False
43853,PGC043853,-0.21571734258254693,16.21,83.0,False,False,False,False,False,False
43863,UGC08025,0.20763632628870798,12.07,89.0,False,False,False,False,False,False
43894,PGC043894,0.04704876400420366,13.69,63.0,False,False,False,False,False,False
43907,UGC08030,-0.8008879585072188,14.86,70.0,False,False,False,False,True,True
43931,NGC4800,0.11440798681789799,10.76,45.0,False,False,False,False,True,False
43939,NGC4793,0.04704876400420366,11.05,63.0,False,False,False,False,True,True
43944,UGC08032,-0.3824640632658207,11.719999999999999,88.0,False,False,False,False,True,True
43951,UGC08040,-0.10528367809536876,12.549999999999999,88.0,False,False,False,False,False,False
43961,IC3881,-0.19205874256186206,12.780000000000001,77.0,False,False,False,False,False,False
44017,NGC4799,0.05534411152688268,11.92,77.0,False,False,False,False,False,False
44086,NGC4808,-0.0665866195817828,11.03,72.0,False,False,False,False,True,True
44089,UGC08053,-0.366686550947497,13.85,57.0,False,False,False,False,False,False
44125,UGC08056,-0.16490155965076037,14.030000000000001,62.0,False,False,False,False,False,False
44139,PGC044139,0.15550814523333711,14.19,65.0,False,False,False,False,False,False
44147,IC3913,-0.1201012880564627,14.38,49.0,False,False,False,False,False,False
44168,PGC44168,-0.1819765615864739,15.34,66.0,False,False,False,False,False,False
44182,M64,0.043902167735868414,7.69,61.0,True,False,False,False,True,True
44190,UGC08064,0.023812617002335834,13.95,89.0,False,False,False,False,False,False
44211,PGC044211,-0.3280825106225418,15.030000000000001,85.0,False,False,False,False,False,False
44254,UGC08067,-0.029883089476165026,12.45,83.0,False,False,False,False,False,False
44327,PGC044327,0.06272606514948231,14.469999999999999,77.0,False,False,False,False,False,False
44370,UGC08076,-0.2118407133219482,14.200000000000001,52.0,False,False,False,False,False,False
44392,NGC4845,0.08208469125871387,10.31,79.0,False,False,False,False,True,True
44405,NGC4848,0.05342535628126388,12.94,76.0,False,False,False,False,False,False
44416,PGC044416,-0.06997043013188042,13.64,75.0,False,False,False,False,False,False
44420,PGC044420,0.1633401541739663,13.73,64.0,False,False,False,False,False,False
44432,UGC08085,-0.15432802900806797,12.74,83.0,False,False,False,False,False,False
44452,UGC08088,-0.04753527135854796,13.860000000000001,71.0,False,False,False,False,False,False
44456,PGC044456,0.11624295025528442,13.860000000000001,80.0,False,False,False,False,False,False
44474,PGC044474,-0.4536178110672453,14.940000000000001,86.0,False,False,False,False,False,False
44507,UGC08093,0.11036757386879925,13.31,62.0,False,False,False,False,False,False
44536,NGC4861,-0.6227148567380287,12.22,79.0,True,False,False,False,True,True
44556,PGC44556,0.008429849573649228,14.58,61.0,False,False,False,False,False,False
44600,NGC4866,0.2291609224647737,9.81,83.0,False,False,False,False,False,False
44725,PGC044725,-0.006377282508855053,15.07,75.0,False,False,False,False,False,False
44795,IC0842,0.1085721071871193,13.09,65.0,False,False,False,False,False,False
44803,PGC044803,-0.13025842795574682,14.95,84.0,False,False,False,False,False,False
44913,UGC08143,0.15504780768410287,13.56,57.0,False,False,False,False,False,False
44919,PGC044919,-0.03469466978333724,14.64,75.0,False,False,False,False,False,False
44921,IC4088,0.18720255872274816,12.879999999999999,78.0,False,False,False,False,False,False
44961,UGC08146,-0.30127676285480565,12.97,89.0,False,False,False,False,True,False
44986,UGC08145,0.2385773380414995,12.85,81.0,False,False,False,False,False,False
45022,PGC045022,-0.062034671819600096,13.41,50.0,False,False,False,False,False,False
45039,UGC08149,-0.04668165995296247,14.72,90.0,False,False,False,False,False,False
45058,PGC045058,-0.5262765526930515,15.959999999999999,87.0,False,False,False,False,False,False
45066,PGC045066,-0.016937622114644668,14.33,61.0,False,False,False,False,False,False
45080,PGC045080,0.06648145658398574,14.12,81.0,False,False,False,False,False,False
45088,PGC045088,-0.24817468454079306,15.47,77.0,False,False,False,False,False,False
45097,UGC08161,0.07376479243046719,13.24,75.0,False,False,False,False,False,False
45130,PGC045130,0.12667396506805817,14.209999999999999,58.0,False,False,False,False,False,False
45137,UGC08166,-0.2878123955960423,15.11,90.0,False,False,False,False,False,False
45182,PGC045182,-0.009615391028856557,13.91,64.0,False,False,False,False,False,False
45194,PGC045194,0.20562660398528143,13.73,69.0,False,False,False,False,False,False
45222,PGC045222,0.15545705420572187,14.26,56.0,False,False,False,False,False,False
45261,UGC08179,0.35445535194524513,13.18,76.0,False,False,False,False,False,False
45265,IC4171,-0.3745338890990477,14.8,54.0,False,False,False,False,False,False
45274,UGC08181,-0.5345563986719437,14.34,85.0,False,False,False,False,True,False
45282,PGC045282,-0.08727121844163355,14.65,72.0,False,False,False,False,False,False
45306,IC4178,-0.49476919940019526,14.879999999999999,78.0,False,False,False,False,False,False
45322,UGC08186,0.17361650083614588,12.65,87.0,False,False,False,False,False,False
45336,IC4189,0.011707821172302513,13.0,52.0,False,False,False,False,False,False
45350,UGC08193,-0.16316059783083503,15.030000000000001,84.0,False,False,False,False,False,False
45358,NGC4966,0.1462418304973787,12.54,62.0,False,False,False,False,False,False
45366,UGC08195,-0.10906489289662069,14.39,90.0,False,False,False,False,False,False
45388,PGC045388,-0.1805281103932015,14.14,56.0,False,False,False,False,False,False
45397,UGC08199,0.03621670588816661,13.6,70.0,False,False,False,False,False,False
45451,UGC08203,-0.04211810326600762,13.79,90.0,False,False,False,False,False,False
45452,PGC045452,-0.2974518065607019,15.15,80.0,False,False,False,False,False,False
45508,PGC045508,0.09327368221032861,13.58,59.0,False,False,False,False,False,False
45534,UGC08224,-0.20757973761924786,14.35,84.0,False,False,False,False,False,False
45549,IC4202,0.22535916215988383,12.4,88.0,False,False,False,False,False,False
45552,IC0851,-0.11695995924981384,13.0,70.0,False,False,False,False,False,False
45580,UGC08229,0.14605584809228,12.89,51.0,False,False,False,False,False,False
45582,PGC045582,0.02330043794952763,14.38,59.0,False,False,False,False,False,False
45641,PGC45641,-0.015453692346178993,14.469999999999999,56.0,False,False,False,False,False,False
45659,PGC045659,0.015087561823682982,14.149999999999999,52.0,False,False,False,False,False,False
45668,UGC08244,-0.058250577055254826,14.45,72.0,False,False,False,False,False,False
45700,UGC08250,-0.08004293469775359,13.65,85.0,False,False,False,False,False,False
45703,ESO576-001,-0.5308027916929372,12.959999999999999,63.0,False,False,False,False,True,True
45705,UGC08249,-0.27144142810441174,15.1,83.0,False,False,False,False,False,False
45710,UGC08248,-0.075010654771404,12.76,75.0,False,False,False,False,False,False
45721,ESO576-003,-0.1596997199304191,12.68,71.0,False,False,False,False,False,False
45728,NGC5002,-0.3639624942833426,13.129999999999999,58.0,False,False,False,False,True,True
45733,IC0856,-0.026272596652912927,13.15,81.0,False,False,False,False,False,False
45740,PGC045740,-0.10758462546574199,15.0,83.0,False,False,False,False,False,False
45742,IC4210,-0.0331327590852073,13.879999999999999,53.0,False,False,False,False,False,False
45749,NGC5005,0.2684278733925658,9.02,72.0,False,False,False,False,False,False
45755,UGC08261,-0.4160322558807352,15.1,59.0,False,False,False,False,False,False
45757,NGC5004A,0.09841332186273943,13.1,59.0,False,False,False,False,False,False
45779,UGC08263,-0.25839154157130295,14.5,86.0,False,False,False,False,False,False
45786,PGC045786,-0.22430050085433617,13.8,58.0,False,False,False,False,False,False
45787,NGC5014,-0.5945243619898222,11.78,84.0,False,False,False,False,True,True
45795,NGC5012,0.14793009781265054,11.08,60.0,False,False,False,False,False,False
45802,PGC045802,-1.055720178274895,15.56,64.0,False,True,False,False,False,False
45807,UGC08282,-0.23513188889443892,14.05,78.0,False,False,False,False,False,False
45816,PGC045816,-0.12732432601818156,14.84,64.0,False,False,False,False,False,False
45839,UGC08278,-0.2172987067089105,14.74,69.0,False,False,False,False,False,False
45844,UGC08275,-0.31677582812869787,15.12,82.0,False,False,False,False,False,False
45848,IC4213,-0.23458658328321347,12.45,87.0,False,False,False,False,True,False
45849,NGC5023,-0.27469071827413716,11.26,90.0,True,False,False,False,True,True
45858,PGC045858,-0.32713693743470884,12.94,69.0,False,False,False,False,True,True
45864,PGC045864,-0.17314797840695473,14.36,58.0,False,False,False,False,False,False
45875,UGC08285,-0.43903751856797335,13.19,88.0,False,False,False,False,True,False
45887,NGC5025,0.16029976453431827,12.450000000000001,79.0,False,False,False,False,False,False
45894,UGC08291,-0.32351033455005584,15.33,46.0,False,False,False,False,False,False
45905,UGC08294,-0.09986695387801614,14.32,52.0,False,False,False,False,False,False
45934,UGC08302,-0.26928643754331105,15.01,88.0,False,False,False,False,False,False
45937,PGC045937,-0.09460910157491087,14.770000000000001,59.0,False,False,False,False,False,False
45938,UGC08301,-0.16884751682128352,14.719999999999999,63.0,False,False,False,False,False,False
45943,PGC045943,0.04300151370418526,14.239999999999998,55.0,False,False,False,False,False,False
45947,NGC5032,0.28210176266894216,12.0,59.0,False,False,False,False,False,False
45948,NGC5033,0.17980826863265387,9.299999999999999,64.0,False,False,False,False,True,True
45959,UGC08306,0.19273726610546937,12.54,85.0,False,False,False,False,False,False
45967,PGC45967,-0.14933420445858525,15.12,71.0,False,False,False,False,False,False
46028,UGC08317,-0.02582778510071737,13.58,70.0,False,False,False,False,False,False
46032,PGC046032,-0.1118435645951088,14.53,67.0,False,False,False,False,False,False
46041,UGC08318,-0.29942116711802136,14.12,55.0,False,False,False,False,False,False
46045,PGC046045,-0.15806003943395863,14.680000000000001,72.0,False,False,False,False,False,False
46075,PGC046075,-0.05684637750440391,14.45,56.0,False,False,False,False,False,False
46076,UGC08325,-0.02551909484532988,13.280000000000001,88.0,False,False,False,False,False,False
46089,UGC08324,-0.0028057108483703352,13.74,88.0,False,False,False,False,False,False
46121,PGC046121,-0.09799508383340694,15.24,72.0,False,False,False,False,False,False
46124,UGC08328,-0.093219386283526,15.0,81.0,False,False,False,False,False,False
46127,UGC8331,-0.7545103586866413,13.54,76.0,True,False,False,False,True,True
46145,PGC046145,-0.1183074817170966,13.75,66.0,False,False,False,False,False,False
46153,NGC5055,0.12831718697766759,7.73,60.0,True,False,False,False,True,True
46159,UGC08333,-0.4264340653189085,14.44,81.0,False,False,False,False,False,False
46164,PGC046164,-0.11835280888213662,14.879999999999999,83.0,False,False,False,False,False,False
46171,UGC08338,0.0646594094035371,13.16,71.0,False,False,False,False,False,False
46173,PGC046173,-0.06454034570359957,14.59,74.0,False,False,False,False,False,False
46180,NGC5056,0.10687363653250959,12.5,58.0,False,False,False,False,False,False
46189,UGC08341,0.06626005136133095,13.89,60.0,False,False,False,False,False,False
46196,PGC046196,-0.10260386806507915,13.84,56.0,False,False,False,False,False,False
46217,PGC046217,-0.17303689814045642,13.9,76.0,False,False,False,False,False,False
46249,UGC08352,0.1582371923615078,13.200000000000001,69.0,False,False,False,False,False,False
46262,UGC08350,-0.1423709583727546,15.32,77.0,False,False,False,False,False,False
46293,NGC5065,-6.475534360594892e-05,12.94,55.0,False,False,False,False,False,False
46302,UGC08359,0.088556832844362,13.01,69.0,False,False,False,False,False,False
46321,IC0871,0.1804125067613671,12.31,67.0,False,False,False,False,False,False
46387,UGC08363,-0.28738371338014757,14.49,54.0,False,False,False,False,False,False
46388,PGC046388,0.07300250652650275,14.32,76.0,False,False,False,False,False,False
46427,NGC5081,0.25430422031221855,12.180000000000001,71.0,False,False,False,False,False,False
46434,PGC046434,-0.28882921147486806,15.409999999999998,85.0,False,False,False,False,False,False
46449,PGC046449,-0.21311093866433328,14.89,64.0,False,False,False,False,False,False
46477,NGC5089,-0.07887781053826082,12.76,65.0,False,False,False,False,False,False
46491,ESO576-032,0.029045797527732287,11.61,50.0,False,False,False,False,False,False
46519,PGC046519,-0.0899090697053655,14.020000000000001,62.0,False,False,False,False,False,False
46534,UGC08379,0.2601040008536013,13.39,78.0,False,False,False,False,False,False
46556,UGC08382,-0.5596486201959572,14.07,65.0,False,False,False,False,True,True
46563,UGC08385,-0.3100017976677747,13.18,63.0,False,False,False,False,True,True
46601,UGC08390,-0.3059668308095289,15.399999999999999,75.0,False,False,False,False,False,False
46617,UGC08392,-0.14252932811744357,13.74,51.0,False,False,False,False,False,False
46636,NGC5107,-0.27292044978383867,12.610000000000001,78.0,False,False,False,False,True,True
46641,PGC046641,0.14400769742128228,14.209999999999999,72.0,False,False,False,False,False,False
46644,UGC08395,0.14343496387509092,13.94,57.0,False,False,False,False,False,False
46647,UGC08397,0.004543391744819214,13.27,57.0,False,False,False,False,False,False
46649,PGC046649,0.04677416811898283,14.08,71.0,False,False,False,False,False,False
46653,PGC046653,-0.05968605236168445,14.370000000000001,70.0,False,False,False,False,False,False
46658,PGC046658,0.01578770835118748,14.15,60.0,False,False,False,False,False,False
46662,PGC046662,-0.10826691870773075,14.17,49.0,False,False,False,False,False,False
46671,NGC5112,-0.15349409545325265,11.23,52.0,False,False,False,False,True,True
46715,UGC08405,0.01461390285105768,13.64,89.0,False,False,False,False,False,False
46726,UGC08406,-0.09191699321033608,14.57,83.0,False,False,False,False,False,False
46728,PGC046728,-0.0016941053839976128,13.77,70.0,False,False,False,False,False,False
46731,UGC08407,0.04282542695917968,13.850000000000001,90.0,False,False,False,False,False,False
46736,PGC046736,-0.26063672314617303,14.379999999999999,69.0,False,False,False,False,False,False
46739,UGC08412,-0.5926627884299236,14.360000000000001,82.0,False,False,False,False,True,True
46744,NGC5116,0.037917624231996516,12.0,73.0,False,False,False,False,False,False
46746,NGC5117,-0.11142439046440611,12.950000000000001,63.0,False,False,False,False,False,False
46753,UGC08409,-0.19585774237441367,13.66,56.0,False,False,False,False,False,False
46754,NGC5115,0.03474412652504055,13.45,56.0,False,False,False,False,False,False
46804,UGC08418,0.04406804435027567,14.16,90.0,False,False,False,False,False,False
46816,UGC08417,0.08970795408663346,13.35,82.0,False,False,False,False,False,False
46842,PGC046842,-0.09178772659549894,14.51,65.0,False,False,False,False,False,False
46849,UGC08425,0.10482164679172001,13.33,87.0,False,False,False,False,False,False
46851,UGC08426,-0.08337087804668109,13.2,85.0,False,False,False,False,False,False
46857,UGC08432,-0.008802445033227357,13.430000000000001,71.0,False,False,False,False,False,False
46865,UGC08429,-0.01849122130692349,14.5,89.0,False,False,False,False,False,False
46884,UGC08427,0.26936494126600996,12.4,59.0,False,False,False,False,False,False
46955,PGC046955,0.14504296485288748,14.139999999999999,72.0,False,False,False,False,False,False
47004,UGC08442,-0.008572155974955642,14.29,89.0,False,False,False,False,False,False
47011,NGC5149,0.161529117815447,12.27,58.0,False,False,False,False,False,False
47020,PGC047020,-0.4205380710772313,14.78,77.0,False,False,False,False,False,False
47028,PGC047028,0.058203725425829855,13.8,51.0,False,False,False,False,False,False
47046,UGC08445,0.07835737283875233,13.530000000000001,80.0,False,False,False,False,False,False
47053,UGC08449,-0.2792089182807622,14.440000000000001,77.0,False,False,False,False,False,False
47093,UGC08451,0.1050171529700763,12.799999999999999,65.0,False,False,False,False,False,False
47101,UGC08450,-0.7150220312440732,14.469999999999999,49.0,False,False,False,False,True,False
47153,UGC08457,0.09498814408267675,12.870000000000001,87.0,False,False,False,False,False,False
47162,UGC08456,0.058708570533165805,13.959999999999999,90.0,False,False,False,False,False,False
47231,NGC5169,0.000846312856413789,12.799999999999999,73.0,False,False,False,False,False,False
47235,NGC5159,-0.011549925964406516,13.549999999999999,74.0,False,False,False,False,False,False
47238,UGC08464,-0.27211329538632656,14.73,90.0,False,False,False,False,False,False
47245,PGC047245,0.0078071929193628264,14.2,81.0,False,False,False,False,False,False
47254,UGC08466,0.006514164222226171,13.96,60.0,False,False,False,False,False,False
47270,IC4263,-0.18286606600931554,13.5,81.0,False,False,False,False,False,False
47305,UGC08469,0.007740506149398918,13.81,79.0,False,False,False,False,False,False
47346,NGC5174,0.32122093918369243,11.49,62.0,False,False,False,False,False,False
47368,NGC5204,-0.3705311466453738,10.97,54.0,True,False,False,False,True,True
47371,UGC08489,-0.3429625506221088,13.760000000000002,74.0,False,False,False,False,False,False
47372,UGC08482,0.04193851550646022,13.889999999999999,81.0,False,False,False,False,False,False
47378,PGC047378,-0.09618928297014451,14.64,72.0,False,False,False,False,False,False
47381,PGC047381,-0.2955993344689314,15.1,77.0,False,False,False,False,False,False
47415,UGC08486,-0.052259646165388585,14.229999999999999,64.0,False,False,False,False,False,False
47422,NGC5185,0.2859082335394456,12.239999999999998,75.0,False,False,False,False,False,False
47425,NGC5205,-0.023950715547212287,11.989999999999998,53.0,False,False,False,False,False,False
47432,NGC5183,0.074788888944886,11.97,70.0,False,False,False,False,False,False
47461,UGC08497,0.1686794365634161,13.83,66.0,False,False,False,False,False,False
47462,UGC08498,0.2761990518264956,12.08,77.0,False,False,False,False,False,False
47495,UGC08508,-0.7110040374240605,13.22,56.0,False,False,False,False,True,False
47496,PGC047496,-0.11964420819421395,14.76,71.0,False,False,False,False,False,False
47506,UGC08507,-0.6211512742406964,13.040000000000001,64.0,False,False,False,False,True,True
47534,PGC047534,-0.050195989199045776,14.62,69.0,False,False,False,False,False,False
47577,UGC08516,-0.45371513514667283,12.76,54.0,False,False,False,False,True,True
47585,UGC08517,-0.20869338132709636,15.09,72.0,False,False,False,False,False,False
47586,PGC047586,0.0776841199367082,14.92,52.0,False,False,False,False,False,False
47592,PGC047592,-0.39420762459876,15.19,57.0,False,False,False,False,False,False
47612,NGC5207,0.2741840848890873,12.12,61.0,False,False,False,False,False,False
47628,PGC047628,-0.11288343780128773,14.35,65.0,False,False,False,False,False,False
47630,PGC047630,0.0768881230333065,13.92,72.0,False,False,False,False,False,False
47634,UGC08524,-0.04156502344564528,13.55,80.0,False,False,False,False,False,False
47680,PGC047680,-0.026928693852111607,13.23,83.0,False,False,False,False,False,False
47686,UGC08527,0.10526314500861789,13.18,81.0,False,False,False,False,False,False
47691,PGC047691,-0.1423709583727546,14.89,77.0,False,False,False,False,False,False
47708,PGC047708,0.14613503029865038,14.030000000000001,80.0,False,False,False,False,False,False
47719,UGC08532,-0.02414227860556606,13.809999999999999,54.0,False,False,False,False,False,False
47723,UGC08536,0.07740056035189014,13.209999999999999,86.0,False,False,False,False,False,False
47734,PGC047734,-0.06218180579607546,14.58,83.0,False,False,False,False,False,False
47736,UGC08533,-0.10007381347282962,14.07,70.0,False,False,False,False,False,False
47740,UGC08539,0.1480293346547108,12.540000000000001,65.0,False,False,False,False,False,False
47750,UGC08534,-0.199452724592184,13.92,72.0,False,False,False,False,False,False
47765,PGC047765,-0.0033958599685606217,13.73,79.0,False,False,False,False,False,False
47784,UGC08543,0.11019000293247005,12.85,87.0,False,False,False,False,False,False
47788,NGC5229,-0.44632596280933035,12.62,87.0,True,False,False,False,True,True
47809,UGC08554,-0.024461064362928386,13.629999999999999,82.0,False,False,False,False,False,False
47811,PGC047811,-0.4149722250337251,14.700000000000001,71.0,False,False,False,False,False,False
47833,PGC047833,-0.18077422657184616,15.15,78.0,False,False,False,False,False,False
47854,UGC08571,-0.1554868426204754,13.28,79.0,False,False,False,False,False,False
47855,IC0900,0.13294550354742052,12.48,53.0,False,False,False,False,False,False
47904,UGC08577,-0.2608946867251074,14.59,86.0,False,False,False,False,False,False
47906,IC4297,0.0904078574033429,13.659999999999998,64.0,False,False,False,False,False,False
47935,IC4302,0.07230442551593752,13.58,87.0,False,False,False,False,False,False
47938,UGC08578,-0.5742733665938615,14.06,80.0,False,False,False,False,True,True
47939,UGC08572,0.20694805799085758,12.78,81.0,False,False,False,False,False,False
47943,PGC047943,0.07000002334966338,13.75,67.0,False,False,False,False,False,False
47947,UGC08575,-0.4424995549562776,13.75,87.0,False,False,False,False,True,False
47966,PGC047966,0.17032969928161812,13.99,69.0,False,False,False,False,False,False
47971,NGC5240,-0.012104693531112432,12.290000000000001,51.0,False,False,False,False,False,False
47974,PGC047974,0.028298706859859024,13.489999999999998,72.0,False,False,False,False,False,False
47985,IC0902,-0.1097747054893703,12.08,86.0,False,False,False,False,True,False
48004,PGC048004,0.14474452275619365,13.74,77.0,False,False,False,False,False,False
48011,NGC5243,0.10677228900218116,12.370000000000001,77.0,False,False,False,False,False,False
48024,UGC08591,0.0574800995965532,13.67,84.0,False,False,False,False,False,False
48026,PGC048026,-0.07273271235069867,14.219999999999999,84.0,False,False,False,False,False,False
48044,UGC08598,0.10697695881785485,12.59,87.0,False,False,False,False,False,False
48049,UGC08596,-0.0592560802774571,13.7,55.0,False,False,False,False,False,False
48069,PGC048069,-0.006104554650959493,14.760000000000002,78.0,False,False,False,False,False,False
48072,UGC08605,-0.6314966048532058,16.18,53.0,False,False,False,False,False,False
48077,PGC048077,-0.09699724704872636,14.61,53.0,False,False,False,False,False,False
48084,UGC08608,-0.21890048256150108,14.17,89.0,False,False,False,False,False,False
48090,PGC048090,-0.014310146919562339,14.91,82.0,False,False,False,False,False,False
48122,UGC08614,-0.25855368440268034,12.69,60.0,False,False,False,False,True,True
48146,UGC08617,-0.25380216248777066,13.77,48.0,False,False,False,False,False,False
48183,UGC08624,0.11732193457486018,13.65,76.0,False,False,False,False,False,False
48184,UGC08623,-0.1108339156354674,14.57,90.0,False,False,False,False,False,False
48190,PGC048190,0.11596693460450647,14.510000000000002,63.0,False,False,False,False,False,False
48202,UGC08626,0.13628941437877495,13.1,64.0,False,False,False,False,False,False
48206,UGC08630,-0.18237388056058146,12.809999999999999,85.0,False,False,False,False,False,False
48209,PGC048209,-0.19047755194110572,15.0,75.0,False,False,False,False,False,False
48212,UGC08629,-0.4357257554325167,14.94,75.0,False,False,False,False,False,False
48228,PGC048228,0.020897257441458095,14.94,53.0,False,False,False,False,False,False
48246,UGC08631,-0.13616441215378483,15.33,58.0,False,False,False,False,False,False
48251,UGC08633,0.009268672521874244,13.33,89.0,False,False,False,False,False,False
48262,UGC08634,-0.015700160653214112,13.649999999999999,90.0,False,False,False,False,False,False
48275,PGC048275,0.007954400854553345,13.879999999999999,73.0,False,False,False,False,False,False
48285,UGC08640,0.26091141707103027,13.229999999999999,75.0,False,False,False,False,False,False
48288,PGC048288,-0.0448510224141474,14.59,70.0,False,False,False,False,False,False
48291,UGC08642,-0.49133367804731076,14.72,89.0,False,False,False,False,False,False
48318,UGC08647,-0.8622843198422807,15.08,82.0,False,False,False,False,True,False
48333,NGC5263,0.061742989608383425,12.36,80.0,False,False,False,False,False,False
48347,PGC048347,0.04704416026117064,14.79,69.0,False,False,False,False,False,False
48358,UGC08650,0.21081946626766213,12.42,83.0,False,False,False,False,False,False
48365,UGC08652,0.10744006426289232,13.59,81.0,False,False,False,False,False,False
48375,PGC048375,0.05248743752863616,14.23,66.0,False,False,False,False,False,False
48392,UGC08658,-0.0729204045847398,12.379999999999999,55.0,False,False,False,False,False,False
48430,PGC048430,0.0796652662541244,14.15,60.0,False,False,False,False,False,False
48441,UGC08662,-0.2591861106389852,13.889999999999999,88.0,False,False,False,False,False,False
48453,UGC08660,-0.06965212629034223,14.81,87.0,False,False,False,False,False,False
48470,PGC048470,-0.08028886318327055,14.51,70.0,False,False,False,False,False,False
48497,UGC08676,-0.2899248337984246,15.09,83.0,False,False,False,False,False,False
48504,UGC08668,-0.10344511617291552,14.610000000000001,57.0,False,False,False,False,False,False
48513,UGC08674,-0.2067160984677563,14.379999999999999,83.0,False,False,False,False,False,False
48534,UGC08684,-0.20349670406539122,12.47,82.0,False,False,False,False,True,False
48540,PGC048540,0.18760884544349965,13.62,63.0,False,False,False,False,False,False
48550,PGC048550,0.017460539028389288,13.98,88.0,False,False,False,False,False,False
48584,PGC048584,-0.03395897121070446,13.89,80.0,False,False,False,False,False,False
48595,PGC048595,0.13299263493137836,13.469999999999999,69.0,False,False,False,False,False,False
48630,UGC08686,0.145079352817167,12.95,78.0,False,False,False,False,False,False
48644,PGC048644,-0.13559685198417126,14.94,64.0,False,False,False,False,False,False
48674,PGC048674,0.21250301613005051,13.19,84.0,False,False,False,False,False,False
48679,PGC048679,0.010232802038974587,15.020000000000001,64.0,False,False,False,False,False,False
48684,UGC08692,0.10374566764840987,13.99,74.0,False,False,False,False,False,False
48690,UGC08693,-0.1121557724995057,13.01,76.0,False,False,False,False,False,False
48693,UGC08690,-0.043326111774716125,13.8,49.0,False,False,False,False,False,False
48703,PGC048703,-0.059040629838757575,14.45,78.0,False,False,False,False,False,False
48749,NGC5289,0.08937920261906518,11.81,78.0,False,False,False,False,False,False
48756,UGC08698,-0.09574722937326863,13.17,79.0,False,False,False,False,False,False
48767,NGC5290,0.14601786305634157,10.709999999999999,87.0,False,False,False,False,False,False
48777,UGC08702,0.1480293346547108,13.139999999999999,65.0,False,False,False,False,False,False
48794,PGC048794,0.012702700523103516,13.76,74.0,False,False,False,False,False,False
48795,UGC08701,0.2385773380414995,12.860000000000001,81.0,False,False,False,False,False,False
48803,PGC048803,0.09663578099793613,14.010000000000002,51.0,False,False,False,False,False,False
48806,UGC08703,0.11935422187756162,13.379999999999999,58.0,False,False,False,False,False,False
48815,NGC5297,0.12131891400959649,10.799999999999999,78.0,False,False,False,False,False,False
48816,NGC5301,-0.02545899877133584,10.809999999999999,83.0,False,False,False,False,True,True
48831,UGC08705,0.12592306248222407,12.8,65.0,False,False,False,False,False,False
48836,UGC08706,0.01114060391386218,15.17,87.0,False,False,False,False,False,False
48849,PGC048849,0.032682767938436275,14.16,65.0,False,False,False,False,False,False
48862,UGC08713,-0.06537493514309345,13.25,85.0,False,False,False,False,False,False
48886,PGC048886,-0.1405511440589713,14.790000000000001,76.0,False,False,False,False,False,False
48897,UGC08721,-0.2770439969056513,14.52,50.0,False,False,False,False,False,False
48917,NGC5303,-0.1522722216507173,12.27,67.0,False,False,False,False,True,True
48918,UGC08720,-0.05138188957310552,14.11,70.0,False,False,False,False,False,False
48921,PGC048921,-0.06644563600898135,14.06,70.0,False,False,False,False,False,False
48925,UGC08726,-0.3193672787243296,13.7,85.0,False,False,False,False,False,False
48931,UGC08723,0.14586150990535174,14.389999999999999,81.0,False,False,False,False,False,False
48942,PGC048942,-0.10470430534618025,14.629999999999999,66.0,False,False,False,False,False,False
48943,PGC048943,-0.11119477076709838,14.629999999999999,60.0,False,False,False,False,False,False
48946,UGC08731,-0.2966931180941672,14.38,71.0,False,False,False,False,False,False
48959,NGC5300,-0.0894725988152687,11.100000000000001,51.0,False,False,False,False,True,True
48989,UGC08733,-0.19068750890832353,12.97,56.0,False,False,False,False,False,False
49004,PGC049004,-0.1369152274903862,14.67,83.0,False,False,False,False,False,False
49041,UGC08739,0.1405475871611932,11.96,89.0,False,False,False,False,False,False
49055,PGC049055,0.2727530384648009,13.23,63.0,False,False,False,False,False,False
49069,NGC5313,0.21427894326712016,11.34,61.0,False,False,False,False,False,False
49112,NGC5320,-0.0018737514226425667,11.6,64.0,False,False,False,False,False,False
49114,UGC08746,0.015523001474822884,13.84,76.0,False,False,False,False,False,False
49122,UGC08752,-0.03879684110526904,14.12,74.0,False,False,False,False,False,False
49137,UGC08748,0.06485375293095474,13.57,64.0,False,False,False,False,False,False
49145,UGC08753,0.06774992467912044,13.93,80.0,False,False,False,False,False,False
49155,PGC049155,-0.17406177071980622,14.88,85.0,False,False,False,False,False,False
49159,UGC08755,0.12967424018113372,13.7,88.0,False,False,False,False,False,False
49161,PGC049161,0.34564489058244563,13.31,75.0,False,False,False,False,False,False
49167,PGC049173,0.09660731515747578,13.49,65.0,False,False,False,False,False,False
49171,UGC08762,-0.21990111076908248,14.3,50.0,False,False,False,False,False,False
49179,PGC049179,0.044650366842667655,13.64,64.0,False,False,False,False,False,False
49204,IC0944,0.2991763181666802,12.229999999999999,78.0,False,False,False,False,False,False
49222,PGC049222,-0.13712942537534456,14.34,65.0,False,False,False,False,False,False
49251,PGC049251,0.05448785717141602,14.1,67.0,False,False,False,False,False,False
49265,IC0949,0.09968318616214544,13.05,76.0,False,False,False,False,False,False
49275,NGC5337,0.07547866750609922,12.08,65.0,False,False,False,False,False,False
49294,UGC08793,-0.2775062609417107,14.01,84.0,False,False,False,False,False,False
49295,PGC049295,-0.14664995551418514,14.6,70.0,False,False,False,False,False,False
49299,UGC08798,-0.17413274003322998,14.33,70.0,False,False,False,False,False,False
49301,UGC08795,-0.22089144977982889,13.53,78.0,False,False,False,False,False,False
49303,UGC08787,-0.01605343147122662,12.930000000000001,81.0,False,False,False,False,False,False
49315,UGC08794,0.055921308449569995,13.05,76.0,False,False,False,False,False,False
49320,UGC08797,0.2558210127950886,13.81,76.0,False,False,False,False,False,False
49322,NGC5346,-0.15015886233731823,12.89,67.0,False,False,False,False,False,False
49333,UGC08802,0.10570574172725511,14.62,68.0,False,False,False,False,False,False
49335,UGC08796,-0.16347411596069916,14.989999999999998,89.0,False,False,False,False,False,False
49337,UGC08806,-0.03847482450403206,13.059999999999999,77.0,False,False,False,False,False,False
49357,PGC049357,0.054607649492476096,14.52,65.0,False,False,False,False,False,False
49359,NGC5351,0.18183162085361904,11.36,59.0,False,False,False,False,False,False
49368,PGC049368,0.10684393029411021,14.08,79.0,False,False,False,False,False,False
49373,IC0952,0.0021945973744879055,12.93,75.0,False,False,False,False,False,False
49391,UGC08816,-0.10842390167121074,14.35,69.0,False,False,False,False,False,False
49411,NGC5348,-0.2493153566126911,12.069999999999999,88.0,False,False,False,False,True,True
49428,UGC08828,0.2722706293717261,12.98,74.0,False,False,False,False,False,False
49433,PGC049433,0.04072578236172886,14.48,76.0,False,False,False,False,False,False
49448,UGC8837,-0.5425565698240922,12.450000000000001,79.0,True,False,False,False,True,True
49464,NGC5362,-0.0815595868749126,11.93,68.0,False,False,False,False,True,True
49468,NGC5356,-0.06218180579607546,11.23,83.0,False,False,False,False,True,True
49476,PGC049476,-0.19599388842512377,14.07,69.0,False,False,False,False,False,False
49477,PGC049477,0.029181341356069534,13.989999999999998,88.0,False,False,False,False,False,False
49484,PGC049484,0.19161426053050423,13.840000000000002,76.0,False,False,False,False,False,False
49486,PGC049486,-0.16828406613631852,15.12,81.0,False,False,False,False,False,False
49510,PGC049510,-0.1719558207789551,14.57,70.0,False,False,False,False,False,False
49512,UGC08859,-0.1796321453477665,14.3,53.0,False,False,False,False,False,False
49515,PGC049515,-0.05437554487382679,14.469999999999999,57.0,False,False,False,False,False,False
49519,UGC08851,-0.2795492385905902,14.89,72.0,False,False,False,False,False,False
49540,IC0959,0.25470723636175396,12.32,53.0,False,False,False,False,False,False
49553,UGC08855,0.058598868028042705,13.889999999999999,78.0,False,False,False,False,False,False
49555,NGC5364,0.03322013586286099,9.680000000000001,52.0,False,False,False,False,True,True
49563,NGC5377,0.08331668432435091,10.48,70.0,False,False,False,False,True,True
49579,UGC08861,-0.15480711053722596,14.629999999999999,64.0,False,False,False,False,False,False
49607,PGC049607,-0.08650398102280432,14.4,71.0,False,False,False,False,False,False
49627,PGC049627,0.03621329559153752,13.389999999999999,71.0,False,False,False,False,False,False
49631,UGC08873,0.18367512119025164,13.059999999999999,82.0,False,False,False,False,False,False
49657,UGC08879,0.1599823502606217,13.129999999999999,89.0,False,False,False,False,False,False
49683,UGC08881,0.10985905030363474,13.370000000000001,88.0,False,False,False,False,False,False
49692,UGC08887,0.15379483626773593,13.7,64.0,False,False,False,False,False,False
49694,UGC08889,0.13605324262000495,13.35,71.0,False,False,False,False,False,False
49712,NGC5402,-0.07250690148505923,12.82,82.0,False,False,False,False,False,False
49721,IC0967,-0.040361867958896624,13.020000000000001,74.0,False,False,False,False,False,False
49724,NGC5387,0.05082394676234392,12.549999999999999,87.0,False,False,False,False,False,False
49732,PGC049732,-0.2835785179658954,14.549999999999999,78.0,False,False,False,False,False,False
49734,PGC049734,-0.48903008518729285,13.68,80.0,False,False,False,False,True,True
49748,UGC08896,-0.049486250602224224,12.99,88.0,False,False,False,False,False,False
49752,UGC08897,-0.0907008245420533,14.57,86.0,False,False,False,False,False,False
49758,UGC08895,0.040395624981645284,13.97,89.0,False,False,False,False,False,False
49763,UGC08899,-0.23033300601267026,14.47,78.0,False,False,False,False,False,False
49767,PGC049767,-0.11758785707667974,15.12,75.0,False,False,False,False,False,False
49768,UGC08904,-0.0003327970438107286,14.639999999999999,52.0,False,False,False,False,False,False
49769,UGC08902,0.35748424594741257,12.24,72.0,False,False,False,False,False,False
49790,PGC049790,-0.09723536342503314,14.229999999999999,74.0,False,False,False,False,False,False
49791,UGC08906,-0.12511195293124855,13.790000000000001,77.0,False,False,False,False,False,False
49799,NGC5399,0.08631058748984133,12.42,82.0,False,False,False,False,False,False
49806,UGC08911,0.05130587527484387,14.19,46.0,False,False,False,False,False,False
49820,NGC5403,0.19291306946800146,11.209999999999999,89.0,False,False,False,False,False,False
49838,UGC08918,-0.026647956975537568,12.79,87.0,False,False,False,False,False,False
49856,PGC049856,-0.25669731023529074,14.84,88.0,False,False,False,False,False,False
49876,PGC049876,0.03851230627990976,13.91,78.0,False,False,False,False,False,False
49881,NGC5430,0.09042616363232314,11.32,55.0,False,False,False,False,False,False
49882,UGC08924,-0.12753485242013163,13.54,83.0,False,False,False,False,False,False
49887,PGC049887,-0.1667578323985559,14.66,76.0,False,False,False,False,False,False
49889,NGC5425,-0.134011729468551,12.700000000000001,79.0,False,False,False,False,False,False
49897,PGC049897,-0.062022481878542646,14.540000000000001,76.0,False,False,False,False,False,False
49913,UGC08927,-0.025420957067975536,13.870000000000001,71.0,False,False,False,False,False,False
49917,PGC049917,-0.08088307706815323,14.65,59.0,False,False,False,False,False,False
49952,NGC5409,0.12224205361708451,12.59,54.0,False,False,False,False,False,False
49980,PGC049980,0.15906872157306262,13.75,54.0,False,False,False,False,False,False
49991,NGC5416,0.10907971408146189,12.540000000000001,55.0,False,False,False,False,False,False
49993,NGC5443,0.0710413896205293,11.120000000000001,74.0,False,False,False,False,False,False
49995,NGC5417,0.29336994608655287,11.82,67.0,False,False,False,False,False,False
49997,NGC5418,0.05134807940466235,12.61,68.0,False,False,False,False,False,False
50004,PGC050004,0.1413601731039691,13.44,68.0,False,False,False,False,False,False
50006,UGC08948,0.08541591184584396,13.28,64.0,False,False,False,False,False,False
50009,PGC050009,0.1758444918648565,13.29,89.0,False,False,False,False,False,False
50012,NGC5433,0.08439477373678805,12.4,79.0,False,False,False,False,False,False
50014,PGC050014,-0.11485303066419217,14.219999999999999,65.0,False,False,False,False,False,False
50016,PGC050016,-0.2332800709848608,15.59,80.0,False,False,False,False,False,False
50017,UGC08953,0.13353460577035792,12.92,89.0,False,False,False,False,False,False
50021,UGC08950,-0.22124639904717114,15.11,90.0,False,False,False,False,False,False
50024,UGC08957,-0.26222340004899447,15.27,57.0,False,False,False,False,False,False
50030,UGC08951,-0.11260288449020184,14.59,81.0,False,False,False,False,False,False
50031,NGC5448,0.11761600163312025,10.770000000000001,71.0,False,False,False,False,False,False
50042,NGC5440,0.3075720554952768,10.98,73.0,False,False,False,False,False,False
50045,UGC08961,0.12342816964702275,12.520000000000001,81.0,False,False,False,False,False,False
50069,UGC08988,-0.222942602119506,13.27,87.0,False,False,False,False,False,False
50070,PGC050070,-0.07864681238775306,14.709999999999999,79.0,False,False,False,False,False,False
50087,UGC08967,0.0639486384389758,12.75,85.0,False,False,False,False,False,False
50089,UGC08966,-0.03698554212577365,14.34,61.0,False,False,False,False,False,False
50092,IC4358,-0.17868737486751263,14.02,83.0,False,False,False,False,False,False
50098,PGC050098,-0.2332800709848608,15.43,80.0,False,False,False,False,False,False
50115,UGC08978,-0.05097337000300506,14.28,77.0,False,False,False,False,False,False
50117,UGC08977,-0.0432335364405283,13.700000000000001,70.0,False,False,False,False,False,False
50120,IC0971,-0.12237429487586748,12.49,52.0,False,False,False,False,False,False
50126,UGC08983,0.035360270233542046,14.13,89.0,False,False,False,False,False,False
50130,UGC08979,0.06374572647282539,13.68,88.0,False,False,False,False,False,False
50136,PGC050136,0.0796652662541244,14.34,60.0,False,False,False,False,False,False
50167,UGC08998,-0.0015981814034242703,14.799999999999999,82.0,False,False,False,False,False,False
50168,PGC050168,0.037917624231996516,13.94,73.0,False,False,False,False,False,False
50176,PGC050176,-0.3021150664893315,14.47,72.0,False,False,False,False,False,False
50187,PGC050187,0.1231939231466721,14.059999999999999,55.0,False,False,False,False,False,False
50190,UGC08996,0.11601620184717243,13.290000000000001,89.0,False,False,False,False,False,False
50194,UGC08995,-0.28546509560647326,13.2,70.0,False,False,False,False,True,False
50198,PGC050198,-0.14303098381699764,14.14,59.0,False,False,False,False,False,False
50222,UGC09009,-0.08201345313771036,14.55,79.0,False,False,False,False,False,False
50252,PGC050252,-0.20404847628133282,14.12,72.0,False,False,False,False,False,False
50294,PGC050294,-0.15422940299230037,14.2,60.0,False,False,False,False,False,False
50297,PGC050297,-0.15683594868120032,13.200000000000001,53.0,False,False,False,False,False,False
50305,UGC09019,0.14839980438102973,13.969999999999999,64.0,False,False,False,False,False,False
50317,NGC5470,-0.1073030467403342,11.4,90.0,False,False,False,False,True,False
50318,UGC09021,-0.11813298430589292,14.81,85.0,False,False,False,False,False,False
50328,PGC050328,0.1676587675110084,13.93,66.0,False,False,False,False,False,False
50341,UGC09023,-0.12348754727597422,14.68,71.0,False,False,False,False,False,False
50351,UGC09025,0.2861910151456164,13.74,51.0,False,False,False,False,False,False
50354,UGC09027,-0.10305582216220133,14.53,82.0,False,False,False,False,False,False
50382,PGC050382,-0.13283567227743376,14.67,53.0,False,False,False,False,False,False
50383,NGC5486,-0.19844263004336682,12.989999999999998,54.0,False,False,False,False,False,False
50398,UGC09030,0.09434527716655472,13.55,86.0,False,False,False,False,False,False
50450,PGC050450,0.014582595266032783,14.2,81.0,False,False,False,False,False,False
50455,UGC09037,0.04081827423723405,13.18,56.0,False,False,False,False,False,False
50462,PGC050462,-0.12972493244375993,14.049999999999999,86.0,False,False,False,False,False,False
50463,PGC050463,-0.21688232628689397,14.709999999999999,77.0,False,False,False,False,False,False
50464,UGC09041,0.030132106383082835,13.120000000000001,56.0,False,False,False,False,False,False
50485,UGC09048,0.2092551839114689,13.17,82.0,False,False,False,False,False,False
50488,PGC050488,-0.24941533119514947,14.33,75.0,False,False,False,False,False,False
50495,UGC09044,0.007237655809614996,13.08,64.0,False,False,False,False,False,False
50509,UGC09056,-0.26149765509073086,13.209999999999999,79.0,False,False,False,False,False,False
50521,PGC50521,-0.17180029035795075,15.88,79.0,False,False,False,False,False,False
50544,UGC09054,0.0034374559780263603,13.93,63.0,False,False,False,False,False,False
50567,PGC050567,-0.030145527406118422,14.06,50.0,False,False,False,False,False,False
50580,IC0984,0.11302990614066966,12.26,80.0,False,False,False,False,False,False
50581,UGC09071,-0.21699917446903827,13.28,82.0,False,False,False,False,False,False
50582,UGC09066,-0.0240641705971556,14.34,88.0,False,False,False,False,False,False
50590,UGC09063,-0.2302812411610291,15.12,66.0,False,False,False,False,False,False
50596,UGC09064,-0.03435250747316676,13.4,88.0,False,False,False,False,False,False
50597,PGC050597,-0.24036586952637995,14.719999999999999,63.0,False,False,False,False,False,False
50599,PGC050599,-0.10427607278307116,13.719999999999999,52.0,False,False,False,False,False,False
50609,PGC050609,-0.09157124041154896,14.95,61.0,False,False,False,False,False,False
50611,UGC09080,-0.17571754470230738,13.79,90.0,False,False,False,False,False,False
50613,NGC5492,0.040731872775277456,11.82,85.0,False,False,False,False,False,False
50621,UGC09067,0.13711683888902826,13.07,65.0,False,False,False,False,False,False
50627,UGC09077,0.049632667477575776,13.0,79.0,False,False,False,False,False,False
50630,NGC5491,0.21663709648586993,12.209999999999999,63.0,False,False,False,False,False,False
50635,IC4382,0.026934871097093804,13.309999999999999,87.0,False,False,False,False,False,False
50648,PGC050648,-0.1663369364810836,15.14,83.0,False,False,False,False,False,False
50671,IC0985,0.057851226218335494,13.65,57.0,False,False,False,False,False,False
50676,NGC5496,-0.12054288890576492,11.68,86.0,False,False,False,False,True,False
50696,PGC050696,0.08414522198712371,13.43,63.0,False,False,False,False,False,False
50697,PGC050697,0.07672949480964508,14.51,58.0,False,False,False,False,False,False
50713,IC4383,-0.18341399403086056,15.06,71.0,False,False,False,False,False,False
50717,PGC050717,0.10049621676739395,14.67,58.0,False,False,False,False,False,False
50720,PGC050720,0.14011699660965116,13.64,80.0,False,False,False,False,False,False
50722,UGC09091,-0.20767777845275237,15.239999999999998,89.0,False,False,False,False,False,False
50728,NGC5520,-0.013718237028255142,12.06,63.0,False,False,False,False,False,False
50752,UGC09093,0.02714991088828622,14.790000000000001,77.0,False,False,False,False,False,False
50764,PGC050764,0.05593534439990977,13.729999999999999,54.0,False,False,False,False,False,False
50771,PGC050771,-0.467759090940719,14.21,73.0,False,False,False,False,True,False
50782,NGC5506,-0.02954857857004889,11.24,79.0,False,False,False,False,True,True
50784,UGC09101,0.13184327791919603,12.77,60.0,False,False,False,False,False,False
50795,PGC050795,0.05873760692323593,13.84,74.0,False,False,False,False,False,False
50807,NGC5510,-0.304142763804502,12.690000000000001,51.0,False,False,False,False,True,True
50848,UGC09110,0.04293175815902339,12.63,72.0,False,False,False,False,False,False
50853,UGC09113,-0.04821356447570979,12.69,90.0,False,False,False,False,False,False
50865,NGC5519,0.12237599334026239,12.88,60.0,False,False,False,False,False,False
50866,PGC050866,-0.01956092665428022,13.48,75.0,False,False,False,False,False,False
50882,PGC050882,-0.11271834065411301,14.36,72.0,False,False,False,False,False,False
50889,NGC5522,0.12886256399635965,12.149999999999999,80.0,False,False,False,False,False,False
50895,NGC5523,-0.08681758649897997,11.26,83.0,False,False,False,False,True,True
50897,UGC09117,0.0917275505393893,12.719999999999999,65.0,False,False,False,False,False,False
50910,UGC09125,-0.08994049597719789,13.91,69.0,False,False,False,False,False,False
50915,UGC09121,0.04703358522544754,13.11,73.0,False,False,False,False,False,False
50930,PGC050930,-0.017432221764454248,14.58,77.0,False,False,False,False,False,False
50942,NGC5529,0.2561394967509063,10.629999999999999,88.0,False,False,False,False,False,False
50954,UGC09129,-0.07346258938643224,14.370000000000001,85.0,False,False,False,False,False,False
50972,UGC09132,-0.024461064362928386,14.74,82.0,False,False,False,False,False,False
50973,NGC5533,0.21604507967786102,10.950000000000001,55.0,False,False,False,False,False,False
50976,PGC050976,0.09323584570181964,14.020000000000001,80.0,False,False,False,False,False,False
50980,PGC050980,-0.06006214147163158,13.89,75.0,False,False,False,False,False,False
50994,UGC09134,0.06333406647294115,14.08,54.0,False,False,False,False,False,False
50995,UGC09135,0.1944902378673219,13.33,69.0,False,False,False,False,False,False
51002,UGC09138,-0.02426266148479872,13.17,89.0,False,False,False,False,False,False
51036,IC0996,-0.07615853235594239,13.0,87.0,False,False,False,False,False,False
51043,PGC051043,0.05326929872021369,13.729999999999999,65.0,False,False,False,False,False,False
51047,NGC5537,0.08183740155256292,13.559999999999999,68.0,False,False,False,False,False,False
51048,PGC051048,0.025071782730283765,13.840000000000002,52.0,False,False,False,False,False,False
51065,PGC051065,0.029015147663637553,14.43,53.0,False,False,False,False,False,False
51073,IC4397,-0.023671423778246048,12.57,49.0,False,False,False,False,False,False
51086,PGC051086,-0.32553611627463486,15.1,76.0,False,False,False,False,False,False
51091,IC4403,0.010600559443750157,12.7,75.0,False,False,False,False,False,False
51100,IC4399,0.1802162932411182,13.799999999999999,56.0,False,False,False,False,False,False
51103,PGC051103,-0.24792422370860523,14.17,85.0,False,False,False,False,False,False
51113,UGC09159,-0.007530810388991505,13.739999999999998,78.0,False,False,False,False,False,False
51128,UGC09163,-0.07964657909425199,14.540000000000001,81.0,False,False,False,False,False,False
51130,UGC09162,0.09319572105109852,14.04,53.0,False,False,False,False,False,False
51144,PGC051144,-0.22501255008112997,14.9,70.0,False,False,False,False,False,False
51155,NGC5559,0.0824672082027349,12.57,78.0,False,False,False,False,False,False
51163,PGC051163,-0.16740839630339766,14.75,54.0,False,False,False,False,False,False
51166,PGC051166,-0.46509852873297497,15.1,78.0,False,False,False,False,False,False
51171,PGC051171,-0.0003327970438107286,15.0,52.0,False,False,False,False,False,False
51207,UGC09169,-0.3758837179544994,12.52,88.0,False,False,False,False,True,True
51222,PGC051222,-0.24957999769110595,14.18,90.0,False,False,False,False,False,False
51230,PGC051230,-0.020567818247267944,14.79,54.0,False,False,False,False,False,False
51232,PGC051232,-0.0461934276277165,14.879999999999999,80.0,False,False,False,False,False,False
51249,PGC051249,-0.1312777917022263,13.8,71.0,False,False,False,False,False,False
51253,UGC09182,0.00951164567833196,12.19,85.0,False,False,False,False,False,False
51254,PGC051254,-0.0699830789191771,13.54,88.0,False,False,False,False,False,False
51264,UGC09186,-0.12517628249201662,13.97,76.0,False,False,False,False,False,False
51266,UGC09185,0.17597021633294752,13.280000000000001,72.0,False,False,False,False,False,False
51286,NGC5577,-0.11749239102763864,11.5,78.0,False,False,False,False,True,True
51302,UGC09195,0.28655955043628945,13.49,73.0,False,False,False,False,False,False
51303,NGC5665A,0.10599098902586368,13.67,73.0,False,False,False,False,False,False
51321,PGC051321,-0.14227722851027513,14.61,53.0,False,False,False,False,False,False
51327,UGC09199,0.1307745810685459,13.200000000000001,84.0,False,False,False,False,False,False
51344,NGC5584,-0.09461451962148493,11.11,47.0,True,False,False,False,True,True
51345,PGC051345,-0.17572303480533114,15.26,63.0,False,False,False,False,False,False
51396,NGC5608,-0.33964391001728034,12.93,59.0,False,False,False,False,True,True
51400,UGC09215,-0.11753680344801909,12.06,61.0,False,False,False,False,True,True
51401,PGC051401,-0.48338000342255905,13.47,69.0,False,False,False,False,True,True
51416,PGC051416,-0.10275806241723018,14.96,71.0,False,False,False,False,False,False
51418,PGC051418,0.03963050290120895,14.610000000000001,52.0,False,False,False,False,False,False
51419,UGC09222,0.0036069383977457292,13.17,75.0,False,False,False,False,False,False
51423,NGC5599,0.16678665446872865,12.66,73.0,False,False,False,False,False,False
51425,PGC51425,-0.19464804715313377,15.030000000000001,76.0,False,False,False,False,False,False
51426,UGC09224,0.003856833247952718,14.68,89.0,False,False,False,False,False,False
51438,PGC051438,0.11100244917076019,14.129999999999999,59.0,False,False,False,False,False,False
51444,PGC051444,0.15314373906305834,14.01,54.0,False,False,False,False,False,False
51448,NGC5616,0.25836155656479676,12.13,83.0,False,False,False,False,False,False
51449,UGC09225,-0.4115121398691213,14.52,66.0,False,False,False,False,False,False
51450,NGC5610,0.12424081268662279,12.309999999999999,69.0,False,False,False,False,False,False
51464,UGC09233,0.14504296485288748,13.17,72.0,False,False,False,False,False,False
51470,UGC09235,0.1179090474287694,13.32,66.0,False,False,False,False,False,False
51471,NGC5604,0.05094113028112579,11.95,61.0,False,False,False,False,False,False
51474,PGC051474,-0.052490197227453184,14.84,66.0,False,False,False,False,False,False
51477,UGC09238,-0.18595025418853695,14.290000000000001,72.0,False,False,False,False,False,False
51481,PGC051481,0.14665464553043783,14.0,53.0,False,False,False,False,False,False
51483,UGC09236,-0.047193215282310685,13.64,75.0,False,False,False,False,False,False
51486,PGC051486,0.06075417279166562,14.370000000000001,47.0,False,False,False,False,False,False
51498,UGC09239,0.10449069416288514,12.75,88.0,False,False,False,False,False,False
51503,UGC09242,-0.2375489102695707,12.76,90.0,False,False,False,False,True,False
51509,UGC09245,-0.30543860348729357,13.41,53.0,False,False,False,False,False,False
51511,UGC09243,-0.22960248940620387,14.0,69.0,False,False,False,False,False,False
51520,IC4420,-0.18787123522766125,14.52,58.0,False,False,False,False,False,False
51537,UGC09244,0.1860030069412506,12.92,57.0,False,False,False,False,False,False
51541,NGC5622,0.06799366703823617,12.629999999999999,59.0,False,False,False,False,False,False
51549,IC4423,0.1516448591941768,13.450000000000001,64.0,False,False,False,False,False,False
51557,UGC09246,0.031706115636941146,13.58,74.0,False,False,False,False,False,False
51568,NGC5624,-0.43947469603206235,13.07,54.0,False,False,False,False,True,True
51569,PGC051569,-0.11708223815050545,14.610000000000001,50.0,False,False,False,False,False,False
51573,PGC051573,-0.02577165943883797,14.110000000000001,53.0,False,False,False,False,False,False
51587,UGC09249,-0.35380581413099055,13.6,89.0,False,False,False,False,True,False
51589,UGC09253,-0.05170797950379091,13.02,82.0,False,False,False,False,False,False
51591,IC4427,0.12385366578294965,13.74,72.0,False,False,False,False,False,False
51595,UGC09269,-0.15063592680574178,14.52,86.0,False,False,False,False,False,False
51600,IC1012,-0.07638585802849329,13.600000000000001,52.0,False,False,False,False,False,False
51601,UGC09262,0.21939743717449822,13.15,89.0,False,False,False,False,False,False
51603,NGC5618,0.03856046556986792,12.56,53.0,False,False,False,False,False,False
51604,UGC09252,-0.5872677565432174,14.97,82.0,False,False,False,False,False,False
51605,PGC051605,-0.30059748303985234,12.98,51.0,False,False,False,False,True,True
51610,NGC5619,0.20264048858345163,11.55,65.0,False,False,False,False,False,False
51620,NGC5633,0.03222028753884887,11.75,53.0,False,False,False,False,False,False
51621,UGC09266,-0.1939222683832278,14.18,50.0,False,False,False,False,False,False
51624,IC4424,0.08999539852198213,13.12,72.0,False,False,False,False,False,False
51633,PGC051633,-0.006914614486074111,14.100000000000001,72.0,False,False,False,False,False,False
51635,NGC5630,-0.11773521838688294,12.48,71.0,False,False,False,False,False,False
51638,UGC09264,-0.07250690148505923,14.52,82.0,False,False,False,False,False,False
51657,PGC051657,0.09456430569182306,13.75,59.0,False,False,False,False,False,False
51664,UGC09273,-0.5640758734812814,14.09,68.0,False,False,False,False,True,True
51665,UGC09279,-0.27647633298996643,15.39,73.0,False,False,False,False,False,False
51670,PGC051670,-0.11959996401179263,14.5,61.0,False,False,False,False,False,False
51683,PGC051683,0.049458417063383386,13.72,70.0,False,False,False,False,False,False
51685,IC1014,-0.12240033557822372,12.21,54.0,False,False,False,False,True,True
51688,PGC051688,-0.07164314437206443,14.229999999999999,64.0,False,False,False,False,False,False
51700,PGC051700,-0.1901039830833846,14.18,65.0,False,False,False,False,False,False
51706,NGC5635,0.3933666100008657,11.34,72.0,False,True,False,False,False,False
51710,PGC051710,-0.21559867740226224,14.3,71.0,False,False,False,False,False,False
51713,UGC09291,-0.043879250073674214,12.38,61.0,False,False,False,False,False,False
51717,PGC051717,-0.10862236841310535,14.13,48.0,False,False,False,False,False,False
51719,PGC051719,-0.26149765509073086,13.93,79.0,False,False,False,False,False,False
51725,IC4442,-0.04787653453395846,13.23,55.0,False,False,False,False,False,False
51730,NGC5639,-0.03134747684998951,12.82,55.0,False,False,False,False,False,False
51732,UGC09286,0.2166662871476892,13.059999999999999,65.0,False,False,False,False,False,False
51739,PGC051739,0.08078911657968835,14.270000000000001,51.0,False,False,False,False,False,False
51741,UGC09285,-0.33102689126932283,13.28,85.0,False,False,False,False,True,False
51745,UGC09303,-0.16996462257876122,14.540000000000001,85.0,False,False,False,False,False,False
51747,UGC09302,-0.25590274116760847,14.069999999999999,86.0,False,False,False,False,False,False
51750,PGC051750,-0.18374009938341995,14.620000000000001,72.0,False,False,False,False,False,False
51752,UGC09292,0.2524352515843331,12.84,82.0,False,False,False,False,False,False
51758,NGC5641,0.2884172397892635,11.51,58.0,False,False,False,False,False,False
51777,PGC51777,-0.04193255495812753,14.23,74.0,False,False,False,False,False,False
51780,UGC09299,-0.19532425393672614,13.37,68.0,False,False,False,False,False,False
51782,UGC09305,-0.3630176904749294,15.43,80.0,False,False,False,False,False,False
51784,UGC09309,0.08415890812634119,13.78,64.0,False,False,False,False,False,False
51790,PGC051790,0.05797498762681963,14.14,63.0,False,False,False,False,False,False
51793,PGC051793,-0.13847591448923025,14.57,77.0,False,False,False,False,False,False
51808,IC1022,-0.18552787540290394,13.38,77.0,False,False,False,False,False,False
51809,UGC09310,-0.37404599585922016,13.32,81.0,False,False,False,False,True,True
51831,NGC5656,0.16962906009035494,11.66,50.0,False,False,False,False,False,False
51846,NGC5645,-0.17073837130407643,11.51,57.0,False,False,False,False,True,True
51850,NGC5657,0.03889754453593808,12.5,70.0,False,False,False,False,False,False
51854,PGC051854,0.14013435701116883,14.01,56.0,False,False,False,False,False,False
51865,NGC5650,0.2072457927298701,12.350000000000001,53.0,False,False,False,False,False,False
51875,NGC5659,0.03953234057325039,12.42,79.0,False,False,False,False,False,False
51877,PGC051877,-0.5407328119745112,14.04,69.0,False,False,False,False,True,True
51878,UGC09338,0.05324663489031778,13.66,71.0,False,False,False,False,False,False
51883,UGC09339,0.09778981102594253,13.24,64.0,False,False,False,False,False,False
51900,ESO579-025,0.05831271586896314,13.58,52.0,False,False,False,False,False,False
51901,NGC5673,-0.088510744518425,12.57,83.0,False,False,False,False,False,False
51909,UGC09345,-0.1987053632576039,14.219999999999999,88.0,False,False,False,False,False,False
51912,PGC051912,-0.2205277506758283,14.4,72.0,False,False,False,False,False,False
51921,NGC5661,-0.08375464471879646,12.860000000000001,72.0,False,False,False,False,False,False
51932,NGC5678,0.14899776773219342,10.57,59.0,False,False,False,False,False,False
51939,IC4450,0.17472388910992143,13.5,58.0,False,False,False,False,False,False
51953,NGC5665,-0.17446191188167637,11.47,53.0,False,False,False,False,True,True
51955,IC1029,0.1506322602843455,11.07,83.0,False,False,False,False,False,False
51958,UGC09351,-0.192503962086787,15.17,90.0,False,False,False,False,False,False
51973,NGC5669,-0.11634474521557037,11.24,51.0,False,False,False,False,True,True
51978,NGC5676,0.19372278316768687,10.340000000000002,64.0,False,False,False,False,False,False
51984,UGC09356,-0.10089468019941483,12.95,66.0,False,False,False,False,False,False
51997,PGC051997,-0.1256828475585383,14.66,83.0,False,False,False,False,False,False
52005,IC1028,0.11091723928441821,12.66,71.0,False,False,False,False,False,False
52006,UGC09359,-0.18765054523699565,14.64,87.0,False,False,False,False,False,False
52012,PGC052012,-0.11205808549519247,14.23,71.0,False,False,False,False,False,False
52308,PGC052308,-0.13025842795574682,14.9,84.0,False,False,False,False,False,False
52016,UGC09364,-0.23284345792562933,13.73,66.0,False,False,False,False,False,False
52030,UGC09377,-0.38546105398591335,15.840000000000002,87.0,False,False,False,False,False,False
52044,UGC09375,0.16991247427336198,13.61,87.0,False,False,False,False,False,False
52069,UGC09374,0.22039049712982406,13.129999999999999,86.0,False,False,False,False,False,False
52093,PGC052093,-0.07959578469539608,14.27,60.0,False,False,False,False,False,False
52104,PGC052104,0.04032909967844844,14.54,66.0,False,False,False,False,False,False
52107,NGC5682,-0.1588977078190048,12.92,80.0,False,False,False,False,False,False
52109,PGC052109,0.1602440794809974,13.569999999999999,54.0,False,False,False,False,False,False
52139,PGC052139,-0.015120719429008833,14.09,58.0,False,False,False,False,False,False
52142,UGC09405,-0.528005406361995,13.66,61.0,True,False,False,False,True,True
52151,PGC052151,-0.1299014624968522,13.9,72.0,False,False,False,False,False,False
52153,UGC09390,-0.16354026615147044,16.029999999999998,90.0,False,False,False,False,False,False
52159,UGC09389,-0.13629595485034418,13.06,78.0,False,False,False,False,False,False
52167,UGC09394,-0.24537819260812865,13.549999999999999,80.0,False,False,False,False,False,False
52178,UGC09392,-0.56952186413961,15.459999999999999,86.0,False,False,False,False,False,False
52190,UGC09401,0.2250336517576823,12.19,71.0,False,False,False,False,False,False
52193,PGC052193,-0.3988427624138109,14.78,82.0,False,False,False,False,False,False
52212,PGC052212,-0.3705311466453738,15.0,54.0,False,False,False,False,False,False
52217,UGC09409,0.050789888056264054,13.32,82.0,False,False,False,False,False,False
52218,PGC052218,-0.045237034670607024,13.700000000000001,72.0,False,False,False,False,False,False
52235,NGC5696,0.1565564427278039,12.44,48.0,False,False,False,False,False,False
52239,PGC052239,-0.029237075616651786,13.59,81.0,False,False,False,False,False,False
52247,UGC09422,-0.02426266148479872,12.959999999999999,89.0,False,False,False,False,False,False
52248,UGC09410,0.014554063481824642,14.09,72.0,False,False,False,False,False,False
52251,NGC5698,0.035281735232641775,12.219999999999999,59.0,False,False,False,False,False,False
52258,IC4469,-0.011383133308784377,13.29,89.0,False,False,False,False,False,False
52266,NGC5707,0.109840674232903,11.13,84.0,False,False,False,False,False,False
52273,NGC5690,-0.020403662988814908,10.82,81.0,False,False,False,False,True,True
52279,UGC09424,-0.0772384278333309,14.42,57.0,False,False,False,False,False,False
52280,PGC052280,-0.13522595054721842,14.450000000000001,71.0,False,False,False,False,False,False
52307,NGC5714,0.016138484790094054,11.77,88.0,False,False,False,False,False,False
52315,NGC5708,-0.11085040451899397,12.389999999999999,72.0,False,False,False,False,False,False
52320,IC1036,0.05271749753694177,14.139999999999999,56.0,False,False,False,False,False,False
52328,NGC5720,0.2151911638677948,12.620000000000001,52.0,False,False,False,False,False,False
52333,PGC052333,0.014088011049869564,14.19,74.0,False,False,False,False,False,False
52339,PGC052339,-0.20088228251187834,14.84,88.0,False,False,False,False,False,False
52343,NGC5709,0.051614664468831783,12.47,75.0,False,False,False,False,False,False
52344,UGC09448,-0.11056927455705257,13.1,88.0,False,False,False,False,False,False
52350,PGC052350,0.028205002454758432,14.090000000000002,54.0,False,False,False,False,False,False
52361,UGC09437,0.16228986470946838,14.309999999999999,64.0,False,False,False,False,False,False
52376,NGC5711,0.1506621687279721,13.209999999999999,62.0,False,False,False,False,False,False
52380,UGC09443,0.20878317082094844,13.3,75.0,False,False,False,False,False,False
52383,UGC09449,-0.1712784880530145,13.98,84.0,False,False,False,False,False,False
52390,UGC09450,-0.2375489102695707,15.45,90.0,False,False,False,False,False,False
52395,NGC5705,-0.1805281103932015,0.86,56.0,False,False,True,False,False,False
52396,NGC5730,-0.08732108389067239,12.629999999999999,86.0,False,False,False,False,False,False
52409,NGC5731,-0.16828406613631852,13.08,81.0,False,False,False,False,False,False
52417,IC4483,0.1269377033664596,13.17,76.0,False,False,False,False,False,False
52419,IC4485,0.1659743865015746,14.09,50.0,False,False,False,False,False,False
52424,NGC5727,-0.18586353891341334,13.040000000000001,62.0,False,False,False,False,False,False
52444,PGC052444,0.1097598317796642,13.87,59.0,False,False,False,False,False,False
52449,PGC052449,0.10047866578093778,14.17,87.0,False,False,False,False,False,False
52455,NGC5719,0.08712714921810916,10.6,76.0,False,False,False,False,True,True
52456,NGC5725,-0.26942734577473937,13.299999999999999,52.0,False,False,False,False,False,False
52476,UGC09476,-0.06701154497421946,12.29,55.0,False,False,False,False,False,False
52488,UGC09471,-0.10316727233899758,13.54,65.0,False,False,False,False,False,False
52500,UGC09472,-0.3176497789778745,14.63,70.0,False,False,False,False,False,False
52504,UGC09475,0.027398487535941207,14.17,86.0,False,False,False,False,False,False
52511,PGC052511,-0.14054735652733097,14.91,70.0,False,False,False,False,False,False
52519,PGC052519,0.130406423307305,13.62,62.0,False,False,False,False,False,False
52532,UGC09479,0.07180445202355612,13.370000000000001,76.0,False,False,False,False,False,False
52564,IC1048,-0.015470642408745405,11.450000000000001,85.0,False,False,False,False,True,False
52565,UGC09487,0.20682494876197222,13.790000000000001,78.0,False,False,False,False,False,False
52567,PGC052567,0.0292133966618211,14.94,64.0,False,False,False,False,False,False
52570,PGC52570,-0.23516827685871844,14.559999999999999,72.0,False,False,False,False,False,False
52574,UGC09485,-0.2943556511014158,14.51,82.0,False,False,False,False,False,False
52582,NGC5737,0.17565265848259326,13.010000000000002,50.0,False,False,False,False,False,False
52587,PGC052587,-0.3514048697324812,15.01,75.0,False,False,False,False,False,False
52602,UGC09490,0.1193579717051576,13.36,88.0,False,False,False,False,False,False
52605,PGC052605,0.03428447108312893,13.45,67.0,False,False,False,False,False,False
52607,NGC5751,-0.08922576864768939,12.61,60.0,False,False,False,False,False,False
52624,PGC052624,-0.014507668747137714,13.92,77.0,False,False,False,False,False,False
52630,IC1050,0.032682767938436275,13.43,65.0,False,False,False,False,False,False
52632,IC1052,0.15076255644519287,13.41,77.0,False,False,False,False,False,False
52635,PGC052635,0.04521107797741397,13.48,84.0,False,False,False,False,False,False
52641,NGC5740,0.07701712096443591,11.09,60.0,False,False,False,False,False,False
52663,UGC09502,-0.16952007646003775,14.690000000000001,89.0,False,False,False,False,False,False
52665,NGC5746,0.2997098555913662,9.45,86.0,False,False,False,False,False,False
52670,PGC052670,0.036341427115273106,14.22,72.0,False,False,False,False,False,False
52712,UGC09510,0.11165559733021713,13.68,78.0,False,False,False,False,False,False
52713,IC1056,-0.045797472948914564,12.97,50.0,False,False,False,False,False,False
52724,PGC052724,-0.07708322989042093,14.889999999999999,64.0,False,False,False,False,False,False
52766,UGC09517,0.061432729435153544,13.53,56.0,False,False,False,False,False,False
52781,UGC09521,0.3136547271394492,12.7,53.0,False,False,False,False,False,False
52783,PGC052783,-0.005274449440745066,13.98,56.0,False,False,False,False,False,False
52795,UGC09527,-0.30641901165998275,14.88,83.0,False,False,False,False,False,False
52805,PGC052805,-0.03698554212577365,13.71,61.0,False,False,False,False,False,False
52822,PGC052822,0.0043085523874770715,14.2,83.0,False,False,False,False,False,False
52832,UGC09530,-0.024720483692896256,13.76,48.0,False,False,False,False,False,False
52833,NGC5760,0.17430825003087458,12.4,68.0,False,False,False,False,False,False
52866,PGC052866,-0.10129784491129756,14.9,76.0,False,False,False,False,False,False
52872,UGC09533,0.1367045167628569,13.3,82.0,False,False,False,False,False,False
52874,IC4509,-0.23426800159982042,13.67,79.0,False,False,False,False,False,False
52877,UGC09537,0.29070976468814047,12.07,83.0,False,False,False,False,False,False
52888,PGC052888,0.15018260450529874,14.03,72.0,False,False,False,False,False,False
52890,PGC052890,-0.09223835259324531,14.95,56.0,False,False,False,False,False,False
52908,UGC09542,0.009282688620658508,12.97,78.0,False,False,False,False,False,False
52915,IC1058,0.27451859065214324,12.99,78.0,False,False,False,False,False,False
52921,UGC09541,0.16751910308072526,13.24,89.0,False,False,False,False,False,False
52949,UGC09546,-0.20526913275999226,15.27,88.0,False,False,False,False,False,False
52952,UGC09556,-0.17718511155883077,14.0,87.0,False,False,False,False,False,False
52965,PGC052965,0.15194898045011485,13.96,54.0,False,False,False,False,False,False
52978,UGC09548,0.008909933110022195,13.84,62.0,False,False,False,False,False,False
52979,UGC09547,0.2277864191726695,13.51,86.0,False,False,False,False,False,False
52984,UGC09550,0.21716578210019133,13.290000000000001,78.0,False,False,False,False,False,False
52989,PGC052989,-0.18459442868102993,14.67,69.0,False,False,False,False,False,False
53014,UGC09560,-0.5153431159421973,13.97,84.0,False,False,False,False,True,True
53025,PGC053025,-0.026419890020722647,15.290000000000001,72.0,False,False,False,False,False,False
53028,UGC09558,0.1853623485235616,13.600000000000001,53.0,False,False,False,False,False,False
53043,NGC5777,0.11759593482814878,11.28,87.0,False,False,False,False,False,False
53056,PGC053056,0.00702112651421416,14.05,70.0,False,False,False,False,False,False
53063,PGC053063,0.027852219752568352,14.17,60.0,False,False,False,False,False,False
53067,NGC5772,0.2751527354016501,11.879999999999999,56.0,False,False,False,False,False,False
53075,IC1060,0.1097598317796642,12.44,59.0,False,False,False,False,False,False
53081,PGC053081,0.09656816610816144,13.87,64.0,False,False,False,False,False,False
53118,PGC053118,-0.029436613525243516,15.270000000000001,53.0,False,False,False,False,False,False
53128,PGC053128,0.15599933222532458,13.350000000000001,78.0,False,False,False,False,False,False
53135,PGC053135,0.006681140549859688,13.91,50.0,False,False,False,False,False,False
53143,PGC053143,-0.10609123570601753,14.36,67.0,False,False,False,False,False,False
53176,IC1066,-0.12039534486348069,12.43,57.0,False,False,False,False,False,False
53217,NGC5783,-0.03977603630353821,12.139999999999999,57.0,False,False,False,False,False,False
53226,UGC09583,0.047317334520001086,13.55,83.0,False,False,False,False,False,False
53243,PGC053243,-0.1405511440589713,14.16,76.0,False,False,False,False,False,False
53247,NGC5775,0.1015684893939981,9.89,87.0,False,False,False,False,True,True
53252,PGC053252,0.053477643224819627,13.680000000000001,83.0,False,False,False,False,False,False
53282,PGC053282,-0.14177213425006618,14.79,69.0,False,False,False,False,False,False
53291,IC4517,0.14154026069487102,12.629999999999999,89.0,False,False,False,False,False,False
53301,PGC053301,0.09083452924988755,13.8,82.0,False,False,False,False,False,False
53314,IC1075,0.011016958687536604,13.51,63.0,False,False,False,False,False,False
53317,UGC09597,-0.30074767493812926,14.98,54.0,False,False,False,False,False,False
53318,PGC053318,0.029790007054494527,14.1,77.0,False,False,False,False,False,False
53320,IC1076,0.020932693455621543,13.030000000000001,62.0,False,False,False,False,False,False
53332,UGC09598,0.08525150302762663,12.82,73.0,False,False,False,False,False,False
53335,UGC09605,-0.14562691977418396,14.26,88.0,False,False,False,False,False,False
53376,UGC09606,0.06466606425208932,13.29,90.0,False,False,False,False,False,False
53425,PGC053425,-0.06991015657974486,14.58,53.0,False,False,False,False,False,False
53436,UGC09620,-0.05800389276528062,13.34,61.0,False,False,False,False,False,False
53439,PGC053439,-0.15929124408146667,14.45,88.0,False,False,False,False,False,False
53460,PGC053460,0.09698151938264843,15.07,72.0,False,False,False,False,False,False
53462,PGC053462,0.10454297133546264,13.3,68.0,False,False,False,False,False,False
53463,NGC5798,-0.15510461360610428,12.59,54.0,False,False,False,False,False,False
53470,UGC09625,0.1720607241548251,12.51,76.0,False,False,False,False,False,False
53490,PGC053490,-0.07879080949209838,14.09,77.0,False,False,False,False,False,False
53499,NGC5792,0.13069252389660369,9.88,81.0,False,False,False,False,True,True
53510,UGC09637,-0.3563896060386549,14.969999999999999,87.0,False,False,False,False,False,False
53528,UGC09634,0.10624643808917966,13.959999999999999,64.0,False,False,False,False,False,False
53558,IC4521,0.1103819473867067,13.739999999999998,55.0,False,False,False,False,False,False
53560,PGC053560,0.04120344857869851,14.49,62.0,False,False,False,False,False,False
53563,UGC09646,-0.0653649457750296,15.11,89.0,False,False,False,False,False,False
53578,NGC5806,0.06897440070902228,10.59,60.0,False,False,False,False,True,True
53582,PGC053582,-0.20459359451337322,15.17,49.0,False,False,False,False,False,False
53585,PGC053585,0.20308701603697132,13.46,83.0,False,False,False,False,False,False
53622,UGC09657,-0.19472277975788588,14.16,82.0,False,False,False,False,False,False
53641,UGC9660,-0.5725246463983624,13.34,69.0,True,False,False,False,True,True
53651,UGC09656,-0.11200649304960741,13.98,78.0,False,False,False,False,False,False
53656,PGC053656,-0.1431398215764612,14.72,54.0,False,False,False,False,False,False
53657,UGC09665,-0.0343527119313185,12.370000000000001,83.0,False,False,False,False,False,False
53674,NGC5830,0.1498500379456913,13.28,49.0,False,False,False,False,False,False
53675,UGC09659,0.07846418152993895,14.23,70.0,False,False,False,False,False,False
53694,PGC053694,-0.23881633889923481,14.93,64.0,False,False,False,False,False,False
53698,PGC053698,0.15731793417278972,14.02,66.0,False,False,False,False,False,False
53708,UGC09672,-0.20901142330308398,15.24,52.0,False,False,False,False,False,False
53713,PGC053713,-0.04230236351558059,14.29,65.0,False,False,False,False,False,False
53728,PGC053728,0.1274320067835042,13.879999999999999,89.0,False,False,False,False,False,False
53730,PGC053730,-0.04527010105773677,14.71,69.0,False,False,False,False,False,False
53733,UGC09675,0.0913975721030944,13.32,75.0,False,False,False,False,False,False
53737,UGC09676,-0.24591960633647814,14.45,61.0,False,False,False,False,False,False
53746,UGC09677,0.31082811170233393,12.83,87.0,False,False,False,False,False,False
53747,PGC053747,0.15540311360737524,14.72,70.0,False,False,False,False,False,False
53752,IC4530,0.2551163885039909,13.04,81.0,False,False,False,False,False,False
53764,PGC053764,-0.22018718890107358,13.899999999999999,86.0,False,False,False,False,False,False
53800,PGC053800,0.1844929481265356,14.280000000000001,62.0,False,False,False,False,False,False
53802,UGC09682,-0.21699917446903827,13.61,82.0,False,False,False,False,False,False
53803,IC4533,0.21465172462554882,13.26,53.0,False,False,False,False,False,False
53817,NGC5837,0.10647059351484822,12.899999999999999,56.0,False,False,False,False,False,False
53841,PGC053841,0.15438004014979612,13.16,70.0,False,False,False,False,False,False
53842,UGC09704,0.01114060391386218,14.24,87.0,False,False,False,False,False,False
53844,UGC09702,-0.121767268960987,13.7,85.0,False,False,False,False,False,False
53852,UGC09695,0.2867468743381969,13.61,58.0,False,False,False,False,False,False
53853,PGC053853,0.08305376330447523,14.040000000000001,65.0,False,False,False,False,False,False
53861,UGC09703,-0.1599906206485544,13.07,78.0,False,False,False,False,False,False
53872,PGC053872,0.10923825336397686,14.04,54.0,False,False,False,False,False,False
53876,UGC09701,0.012488598554956987,14.16,58.0,False,False,False,False,False,False
53885,PGC053885,0.16678262163329594,13.27,88.0,False,False,False,False,False,False
53890,PGC053890,0.12497902302113939,14.049999999999999,64.0,False,False,False,False,False,False
53891,UGC09699,0.019585482961087752,13.41,74.0,False,False,False,False,False,False
53910,PGC053910,0.16178697584144652,14.180000000000001,80.0,False,False,False,False,False,False
53928,NGC5847,0.04789962658293234,13.88,46.0,False,False,False,False,False,False
53938,PGC053938,-0.08620784921466207,14.12,65.0,False,False,False,False,False,False
53958,PGC053958,-0.07892678651594043,13.83,49.0,False,False,False,False,False,False
53959,UGC09712,0.0077078032478161695,13.48,80.0,False,False,False,False,False,False
53965,NGC5851,0.05961276952826111,13.1,72.0,False,False,False,False,False,False
53976,UGC09718,0.17472388910992143,13.57,58.0,False,False,False,False,False,False
53979,NGC5850,-0.07409285247688313,10.19,47.0,False,False,False,False,True,False
54001,NGC5859,0.16730256290062462,11.44,75.0,False,False,False,False,False,False
54018,NGC5874,0.0732898718386159,11.909999999999998,52.0,False,False,False,False,False,False
54040,PGC054040,-0.08663408572797682,15.440000000000001,89.0,False,False,False,False,False,False
54058,PGC054058,0.01824585981029614,14.08,76.0,False,False,False,False,False,False
54084,UGC09739,-0.3546100096076925,14.700000000000001,75.0,False,False,False,False,False,False
54095,NGC5875,0.11116176222118934,11.729999999999999,67.0,False,False,False,False,False,False
54096,PGC054096,-0.088510744518425,14.770000000000001,83.0,False,False,False,False,False,False
54117,NGC5879,-0.048454045542604796,10.719999999999999,72.0,False,False,False,False,True,True
54122,PGC054122,0.16051850774631227,13.26,81.0,False,False,False,False,False,False
54134,UGC09746,-0.2168896547966912,13.06,80.0,False,False,False,False,False,False
54154,UGC09759,-0.01478496337609192,12.690000000000001,80.0,False,False,False,False,False,False
54158,PGC054158,-0.021053290267420977,14.73,62.0,False,False,False,False,False,False
54171,UGC09751,-0.39560068533679305,14.559999999999999,87.0,False,False,False,False,False,False
54179,PGC054179,-0.1317552932487298,14.28,58.0,False,False,False,False,False,False
54187,PGC054187,-0.10509319337503609,14.33,65.0,False,False,False,False,False,False
54234,NGC5894,0.14648147949518942,11.02,86.0,False,False,False,False,False,False
54262,UGC09760,-0.3632132826528216,13.739999999999998,89.0,False,False,False,False,False,False
54267,NGC5866B,-0.28951287845777207,12.84,55.0,False,False,False,False,True,True
54270,PGC054270,-0.08218375238943798,14.77,77.0,False,False,False,False,False,False
54282,UGC09765,0.31434621270690766,13.24,59.0,False,False,False,False,False,False
54314,UGC09776,-0.5852145457329037,14.53,74.0,False,False,False,False,True,True
54377,UGC09780,-0.010853689792305943,13.17,87.0,False,False,False,False,False,False
54385,PGC054385,0.1193579717051576,13.25,88.0,False,False,False,False,False,False
54386,PGC054386,-0.18755292736536555,15.03,59.0,False,False,False,False,False,False
54393,UGC09777,0.03730644047257847,13.0,57.0,False,False,False,False,False,False
54400,PGC054400,0.16848829406116295,14.47,70.0,False,False,False,False,False,False
54401,PGC054401,0.0885024827636931,14.1,50.0,False,False,False,False,False,False
54407,UGC09791,0.1860030069412506,13.469999999999999,57.0,False,False,False,False,False,False
54417,PGC054417,0.20307999260089904,13.56,68.0,False,False,False,False,False,False
54424,UGC09782,0.1580775468478839,13.959999999999999,89.0,False,False,False,False,False,False
54428,NGC5899,0.19573567308907514,10.87,72.0,False,False,False,False,False,False
54431,NGC5900,0.11595642617923207,11.950000000000001,86.0,False,False,False,False,False,False
54440,PGC054440,0.03233868466159917,14.319999999999999,72.0,False,False,False,False,False,False
54458,UGC09787,-0.2838834214359567,14.370000000000001,50.0,False,False,False,False,False,False
54465,UGC09793,0.30760117825962485,13.059999999999999,89.0,False,False,False,False,False,False
54470,NGC5907,0.17123899290585465,8.72,89.0,True,False,False,False,True,True
54479,PGC054479,0.07883571770046327,14.209999999999999,57.0,False,False,False,False,False,False
54496,PGC054496,-0.4424995549562776,13.74,87.0,False,False,False,False,True,False
54536,PGC054536,-0.32591798116195614,14.08,72.0,False,False,False,False,False,False
54600,PGC054600,0.0545480534474847,13.940000000000001,72.0,False,False,False,False,False,False
54610,PGC054610,-0.041831285731313006,14.31,50.0,False,False,False,False,False,False
54612,UGC09807,0.15727742126989908,13.26,72.0,False,False,False,False,False,False
54615,PGC054615,0.03822611587942326,13.04,59.0,False,False,False,False,False,False
54633,PGC054633,-0.20775631345365264,14.22,59.0,False,False,False,False,False,False
54654,NGC5914,-0.5064526997838246,12.42,77.0,False,False,False,False,True,True
54663,PGC054663,0.1350606018841498,14.09,58.0,False,False,False,False,False,False
54674,UGC09812,-0.21669877129645032,14.26,90.0,False,False,False,False,False,False
54675,PGC054675,-0.1585028255369223,15.17,56.0,False,False,False,False,False,False
54681,PGC054681,0.058909975768111966,14.83,54.0,False,False,False,False,False,False
54683,UGC09815,-0.20331684760741764,14.18,80.0,False,False,False,False,False,False
54690,NGC5918,0.11091723928441821,12.100000000000001,71.0,False,False,False,False,False,False
54691,UGC09814,-0.2015749929760422,14.05,67.0,False,False,False,False,False,False
54729,PGC054729,-0.04930666305185927,13.96,80.0,False,False,False,False,False,False
54745,PGC054745,-0.1364607561544724,14.47,52.0,False,False,False,False,False,False
54761,NGC5913,0.07379301236680247,11.41,67.0,False,False,False,False,False,False
54772,PGC054772,0.08897295568998898,13.86,84.0,False,False,False,False,False,False
54810,PGC054810,0.0006962048078347216,14.01,84.0,False,False,False,False,False,False
54815,UGC09826,-0.10349554008564343,13.64,53.0,False,False,False,False,False,False
54885,UGC09828,0.14147411050409975,13.11,90.0,False,False,False,False,False,False
54909,UGC09830,-0.2989572620273431,13.8,84.0,False,False,False,False,False,False
54959,PGC054959,0.26576074642281133,14.4,60.0,False,False,False,False,False,False
54971,PGC054971,0.03239700533054357,14.200000000000001,61.0,False,False,False,False,False,False
54981,PGC054981,0.15540311360737524,14.25,70.0,False,False,False,False,False,False
54995,PGC054995,-0.18742979433858142,14.24,63.0,False,False,False,False,False,False
55012,PGC055012,0.14212224974814536,13.780000000000001,59.0,False,False,False,False,False,False
55037,UGC09855,-0.2503607836614741,13.77,71.0,False,False,False,False,False,False
55040,UGC09842,0.11597697111285976,13.2,78.0,False,False,False,False,False,False
55047,UGC09849,-0.13859406987194722,13.96,81.0,False,False,False,False,False,False
55054,PGC055054,0.13043525353251306,13.93,65.0,False,False,False,False,False,False
55057,UGC09841,0.10985905030363474,11.86,88.0,False,False,False,False,False,False
55065,UGC09853,0.17545673444506127,12.450000000000001,87.0,False,False,False,False,False,False
55069,UGC09844,0.18209460331451943,13.08,69.0,False,False,False,False,False,False
55078,UGC09845,-0.2718486543079117,13.91,88.0,False,False,False,False,False,False
55079,PGC055079,0.06586171880526281,14.36,72.0,False,False,False,False,False,False
55097,UGC09856,-0.2077439286435241,13.53,90.0,False,False,False,False,False,False
55104,UGC09858,0.057056685556783115,11.45,79.0,False,False,False,False,False,False
55112,PGC055112,-0.1448323507065017,14.5,86.0,False,False,False,False,False,False
55118,PGC055118,-0.13754084627426932,15.21,56.0,False,False,False,False,False,False
55132,UGC09860,0.009282688620658508,14.38,78.0,False,False,False,False,False,False
55161,PGC055161,-0.1397269182287446,14.29,82.0,False,False,False,False,False,False
55165,NGC5949,-0.20568692058512594,11.27,64.0,False,False,False,False,True,True
55198,PGC055198,0.12167674652867522,13.86,72.0,False,False,False,False,False,False
55200,PGC055200,-0.2539004733402095,13.129999999999999,79.0,False,False,False,False,False,False
55213,PGC055213,0.13563874260092978,13.379999999999999,55.0,False,False,False,False,False,False
55217,IC4549,0.1329889084051068,13.52,80.0,False,False,False,False,False,False
55219,PGC055219,0.08901307733892283,13.48,53.0,False,False,False,False,False,False
55222,PGC055222,0.1104682913806081,14.219999999999999,73.0,False,False,False,False,False,False
55224,PGC055224,-0.15039773537963574,13.51,83.0,False,False,False,False,False,False
55227,PGC055227,-0.3632118014600567,14.549999999999999,83.0,False,False,False,False,False,False
55234,PGC055234,0.0006605103187369288,14.88,61.0,False,False,False,False,False,False
55247,UGC09873,-0.048594744079648144,13.66,82.0,False,False,False,False,False,False
55254,IC1124,0.08452138546272137,12.79,70.0,False,False,False,False,False,False
55281,NGC5937,0.10387001998432277,11.43,56.0,False,False,False,False,False,False
55296,UGC09882,0.014873374050440091,13.540000000000001,85.0,False,False,False,False,False,False
55305,NGC5950,-0.13181754910624965,12.74,63.0,False,False,False,False,False,False
55349,PGC055349,0.11838440279335982,13.06,59.0,False,False,False,False,False,False
55355,UGC09890,-0.08550937228534705,14.02,72.0,False,False,False,False,False,False
55367,UGC09887,0.1850255802141758,13.5,70.0,False,False,False,False,False,False
55380,PGC055380,0.027365739409710876,14.68,50.0,False,False,False,False,False,False
55381,UGC09893,-0.676329515933755,14.23,71.0,False,False,False,False,True,True
55385,PGC055385,-0.20260266406751892,14.65,78.0,False,False,False,False,False,False
55388,IC1125,-0.1291251761223764,12.549999999999999,57.0,False,False,False,False,False,False
55391,UGC09889,0.16975220396175494,13.72,71.0,False,False,False,False,False,False
55435,NGC5951,-0.07964657909425199,11.82,81.0,False,False,False,False,True,False
55454,PGC055454,0.024906308646910347,13.35,64.0,False,False,False,False,False,False
55459,NGC5965,0.2733193344426774,10.389999999999999,88.0,False,False,False,False,False,False
55475,UGC09901,-0.15039773537963574,13.77,83.0,False,False,False,False,False,False
55478,UGC09902,-0.4855070013123268,16.0,85.0,False,False,False,False,False,False
55492,UGC09905,-0.05909091793478227,14.27,90.0,False,False,False,False,False,False
55495,UGC09907,0.13775437059092566,13.41,88.0,False,False,False,False,False,False
55507,UGC09916,0.03812745807231943,14.350000000000001,80.0,False,False,False,False,False,False
55510,NGC5955,0.10794156355593287,13.52,49.0,False,False,False,False,False,False
55511,PGC055511,-0.5293809008850512,15.03,64.0,False,False,False,False,False,False
55514,PGC055514,0.0597685625495612,14.47,70.0,False,False,False,False,False,False
55515,NGC5961,-0.10713846327327659,12.71,72.0,False,False,False,False,False,False
55517,UGC09920,0.17834938360736752,13.040000000000001,85.0,False,False,False,False,False,False
55518,UGC09917,-0.17314797840695473,13.639999999999999,58.0,False,False,False,False,False,False
55530,PGC055530,0.027365739409710876,14.610000000000001,50.0,False,False,False,False,False,False
55532,UGC09919,-0.09661483774576718,13.22,88.0,False,False,False,False,False,False
55533,UGC09921,0.05873760692323593,14.17,74.0,False,False,False,False,False,False
55577,PGC055577,0.17816399269231908,14.34,84.0,False,False,False,False,False,False
55587,UGC09925,-0.2113703373674376,13.94,61.0,False,False,False,False,False,False
55588,NGC5962,0.13109775673179147,10.680000000000001,52.0,False,False,False,False,False,False
55597,PGC055597,-0.13235055910056515,14.049999999999999,66.0,False,False,False,False,False,False
55603,PGC055603,0.11206376789816241,13.98,61.0,False,False,False,False,False,False
55607,UGC09936,-0.1566037910062712,14.020000000000001,59.0,False,False,False,False,False,False
55618,PGC055618,0.2118536615030271,13.74,56.0,False,False,False,False,False,False
55626,PGC055626,0.03299269953974271,14.8,63.0,False,False,False,False,False,False
55641,PGC055641,0.02252238474174373,14.08,80.0,False,False,False,False,False,False
55647,NGC5981,0.15284193471057295,11.420000000000002,87.0,False,False,False,False,False,False
55650,PGC055650,0.13876197590322326,14.07,52.0,False,False,False,False,False,False
55656,PGC055656,0.019255310374481027,13.86,53.0,False,False,False,False,False,False
55660,UGC09941,-0.21941737083039747,13.99,49.0,False,False,False,False,False,False
55665,NGC5970,0.07518619707558649,10.8,55.0,False,False,False,False,True,True
55680,PGC055680,-0.02577165943883797,15.040000000000001,53.0,False,False,False,False,False,False
55706,UGC09949,-0.13638802010785556,14.8,90.0,False,False,False,False,False,False
55708,UGC09954,0.19818702627214702,13.1,70.0,False,False,False,False,False,False
55710,UGC09951,-0.3326095884132467,14.47,63.0,False,False,False,False,False,False
55721,PGC055721,-0.0646780186805298,15.120000000000001,46.0,False,False,False,False,False,False
55724,PGC055724,0.24417802205642936,13.9,69.0,False,False,False,False,False,False
55725,NGC5985,0.2857219982828445,10.33,61.0,False,False,False,False,False,False
55726,PGC055726,0.08408653891146178,14.719999999999999,72.0,False,False,False,False,False,False
55730,UGC09956,0.1955823847456295,13.52,79.0,False,False,False,False,False,False
55732,PGC055732,-0.09286422585879484,15.2,87.0,False,False,False,False,False,False
55739,NGC5975,0.06515909382048157,12.32,77.0,False,False,False,False,False,False
55740,NGC5987,0.2551163885039909,10.44,81.0,False,False,False,False,False,False
55744,UGC09962,-0.34233158268201347,14.91,81.0,False,False,False,False,False,False
55776,PGC055776,0.0867171661706494,13.65,68.0,False,False,False,False,False,False
55793,IC1133,-0.10082459444847691,13.41,74.0,False,False,False,False,False,False
55800,NGC5980,0.1289980935793289,11.799999999999999,73.0,False,False,False,False,False,False
55803,PGC055803,0.12338534514348298,13.74,83.0,False,False,False,False,False,False
55810,PGC055810,0.13841410579840474,14.260000000000002,51.0,False,False,False,False,False,False
55820,IC4574,-0.0502071625879732,14.66,63.0,False,False,False,False,False,False
55824,UGC09978,-0.01368446471692275,14.29,61.0,False,False,False,False,False,False
55828,IC4575,0.090628308809106,13.709999999999999,56.0,False,False,False,False,False,False
55833,UGC09979,-0.44901170883952,14.33,78.0,False,False,False,False,False,False
55839,PGC055839,-0.030953461070979404,14.989999999999998,80.0,False,False,False,False,False,False
55851,PGC055851,-0.0681520998229983,14.68,70.0,False,False,False,False,False,False
55853,NGC5984,-0.14631506401690952,11.61,81.0,False,False,False,False,True,True
55854,PGC055854,0.18848597219348218,13.74,89.0,False,False,False,False,False,False
55858,PGC055858,-0.34345370065612757,15.52,52.0,False,False,False,False,False,False
55865,UGC09989,0.043497640366498835,13.459999999999999,74.0,False,False,False,False,False,False
55866,PGC055866,0.04306052051787823,14.29,66.0,False,False,False,False,False,False
55867,UGC09991,-0.1849897596391714,13.73,81.0,False,False,False,False,False,False
55869,PGC055869,0.048382898321868595,14.27,79.0,False,False,False,False,False,False
55873,UGC09990,-0.023449149264114233,14.23,74.0,False,False,False,False,False,False
55881,UGC09994,0.07890385104648745,14.03,88.0,False,False,False,False,False,False
55883,PGC055883,0.07608457319868434,13.81,48.0,False,False,False,False,False,False
55905,UGC10004,-0.1946486305533761,15.110000000000001,90.0,False,False,False,False,False,False
55919,UGC09996,0.3668778143374989,12.739999999999998,90.0,False,True,False,False,False,False
55921,NGC5988,0.2907386428963372,13.09,51.0,False,False,False,False,False,False
55923,UGC10006,0.025162480907952034,14.27,80.0,False,False,False,False,False,False
55925,UGC10022,-0.19144475194068988,15.24,86.0,False,False,False,False,False,False
55927,UGC10010,-0.17950233768325274,13.89,64.0,False,False,False,False,False,False
55930,UGC10000,-0.18931062242800412,15.03,86.0,False,False,False,False,False,False
55931,PGC055931,0.035301995973950895,14.56,61.0,False,False,False,False,False,False
55955,UGC10011,0.14813404183002943,13.79,72.0,False,False,False,False,False,False
55958,PGC055958,0.013400979191747542,13.950000000000001,52.0,False,False,False,False,False,False
55962,UGC10017,-0.36314955658203774,15.17,62.0,False,False,False,False,False,False
55963,UGC10019,0.1408870050817299,13.78,72.0,False,False,False,False,False,False
55965,UGC10009,-0.39161889908069414,15.17,68.0,False,False,False,False,False,False
55967,IC4582,-0.04502588597046131,12.680000000000001,85.0,False,False,False,False,False,False
55968,UGC10015,-0.2131021715661996,15.0,75.0,False,False,False,False,False,False
55976,PGC055976,-0.0034597549633228475,13.139999999999999,84.0,False,False,False,False,False,False
55980,PGC055980,0.13061514676245833,13.559999999999999,83.0,False,False,False,False,False,False
55981,PGC055981,0.08901307733892283,14.459999999999999,53.0,False,False,False,False,False,False
55987,PGC055987,-0.1228407724517604,13.719999999999999,82.0,False,False,False,False,False,False
55988,PGC055988,0.1091595216798309,13.690000000000001,62.0,False,False,False,False,False,False
55989,UGC10023,-0.32668138927591306,14.26,57.0,False,False,False,False,False,False
55996,UGC10026,-0.11990371935464106,13.96,69.0,False,False,False,False,False,False
56001,UGC10025,-0.470550072124019,15.28,89.0,False,False,False,False,False,False
56003,PGC056003,0.036008666885325,14.21,51.0,False,False,False,False,False,False
56005,UGC10027,-0.2619538968712045,14.950000000000001,90.0,False,False,False,False,False,False
56011,PGC056011,0.2358116431607744,13.350000000000001,67.0,False,False,False,False,False,False
56038,PGC056038,0.15001051933858367,14.22,52.0,False,False,False,False,False,False
56048,PGC056048,0.22190722344842495,14.34,56.0,False,False,False,False,False,False
56058,PGC056058,0.24061403501184042,13.68,74.0,False,False,False,False,False,False
56088,UGC10039,0.20907907747558996,13.74,80.0,False,False,False,False,False,False
56094,UGC10043,0.003790683057180999,12.39,90.0,False,False,False,False,False,False
56097,UGC10040,0.10486441386260958,13.59,73.0,False,False,False,False,False,False
56108,UGC10042,0.02089959089612181,12.76,84.0,False,False,False,False,False,False
56111,UGC10041,-0.161248755107247,12.56,58.0,False,False,False,False,False,False
56124,PGC056124,0.050406487585967774,14.790000000000001,51.0,False,False,False,False,False,False
56129,PGC056129,0.147316500594024,13.540000000000001,51.0,False,False,False,False,False,False
56186,UGC10059,0.05983388898949604,14.16,52.0,False,False,False,False,False,False
56193,PGC056193,-0.19658435331778445,15.290000000000001,84.0,False,False,False,False,False,False
56195,PGC056195,-0.08991979046037946,14.209999999999999,65.0,False,False,False,False,False,False
56197,UGC10071,0.025071782730283765,14.46,52.0,False,False,False,False,False,False
56205,UGC10062,-0.027148925582357375,13.649999999999999,64.0,False,False,False,False,False,False
56207,UGC10070,0.2412277794931379,12.23,61.0,False,False,False,False,False,False
56219,NGC6015,0.012546304491764637,10.33,65.0,False,False,False,False,True,True
56220,PGC56220,-0.038042947097354674,14.05,86.0,False,False,False,False,False,False
56227,PGC056227,0.03548467754043916,14.319999999999999,65.0,False,False,False,False,False,False
56231,UGC10066,0.22369313267990965,13.43,86.0,False,False,False,False,False,False
56241,PGC056241,-0.11177377475160899,14.04,74.0,False,False,False,False,False,False
56248,PGC056248,-0.10344511617291552,14.219999999999999,57.0,False,False,False,False,False,False
56267,UGC10073,0.009330079310127193,13.209999999999999,58.0,False,False,False,False,False,False
56284,UGC10074,0.0917294380324063,13.6,54.0,False,False,False,False,False,False
56285,PGC056285,-0.03036992397344873,14.69,82.0,False,False,False,False,False,False
56287,NGC6013,0.05522975733098745,12.68,60.0,False,False,False,False,False,False
56300,UGC10077,0.044273709949431694,13.75,63.0,False,False,False,False,False,False
56330,PGC056330,-0.21676552625211976,15.139999999999999,57.0,False,False,False,False,False,False
56366,UGC10089,-0.08807974663111473,13.950000000000001,81.0,False,False,False,False,False,False
56370,PGC056370,0.13622962742180134,14.43,69.0,False,False,False,False,False,False
56386,UGC10095,-0.4057369888168245,14.58,56.0,False,False,False,False,False,False
56399,PGC056399,-0.013272067488380834,14.1,71.0,False,False,False,False,False,False
56400,UGC10094,0.173285548207311,13.57,88.0,False,False,False,False,False,False
56410,NGC6016,0.021168777575506503,13.270000000000001,70.0,False,False,False,False,False,False
56476,UGC10109,0.06386237221763791,12.8,65.0,False,False,False,False,False,False
56487,PGC056487,0.029332402719440598,14.14,59.0,False,False,False,False,False,False
56526,UGC10111,0.1599162000698504,14.5,90.0,False,False,False,False,False,False
56537,IC1151,-0.1279583072108501,12.120000000000001,72.0,False,False,False,False,True,True
56570,UGC10123,0.12027728896806478,12.549999999999999,81.0,False,False,False,False,False,False
56583,PGC056583,-0.13817363482368483,14.93,73.0,False,False,False,False,False,False
56611,UGC10121,0.11418016547050103,13.110000000000001,56.0,False,False,False,False,False,False
56617,PGC056617,0.2646895317768432,13.49,79.0,False,False,False,False,False,False
56638,PGC056638,-0.03395897121070446,14.42,80.0,False,False,False,False,False,False
56653,PGC056653,0.06332423454548453,14.51,76.0,False,False,False,False,False,False
56667,PGC056667,0.16120938309481314,14.379999999999999,56.0,False,False,False,False,False,False
56679,UGC10136,0.05118446903279006,14.04,74.0,False,False,False,False,False,False
56689,UGC10131,0.12845508024108288,14.09,89.0,False,False,False,False,False,False
56697,UGC10130,0.08632256319354603,13.2,55.0,False,False,False,False,False,False
56705,PGC056705,-0.13803409327619587,15.45,57.0,False,False,False,False,False,False
56718,PGC056718,0.09727387226862261,14.19,48.0,False,False,False,False,False,False
56723,IC1158,-0.05121829249597809,12.01,56.0,False,False,False,False,False,False
56744,UGC10137,-0.05550848054015445,13.67,58.0,False,False,False,False,False,False
56753,PGC056753,0.08882004061404736,14.190000000000001,72.0,False,False,False,False,False,False
56870,PGC056870,-0.36109213713561283,14.45,75.0,False,False,False,False,False,False
56876,PGC056876,0.09564431704809273,14.3,62.0,False,False,False,False,False,False
56930,PGC056930,-0.25006027211229354,14.44,53.0,False,False,False,False,False,False
56948,PGC056948,0.012571244756786726,14.62,57.0,False,False,False,False,False,False
56949,PGC056949,0.21379539306270834,13.51,69.0,False,False,False,False,False,False
56959,UGC10175,-0.43681364038678794,14.65,72.0,False,False,False,False,False,False
56965,PGC056965,-0.011413509391970944,15.23,53.0,False,False,False,False,False,False
56992,PGC056992,-0.04242887121955752,14.989999999999998,66.0,False,False,False,False,False,False
56994,UGC10172,-0.05583548996354626,13.53,78.0,False,False,False,False,False,False
56997,PGC056997,0.10261909248515533,14.12,74.0,False,False,False,False,False,False
57012,PGC057012,0.07659395999997676,14.440000000000001,55.0,False,False,False,False,False,False
57018,UGC10176,-0.000246767190824837,12.93,89.0,False,False,False,False,False,False
57029,PGC057029,0.05511038932750312,13.75,61.0,False,False,False,False,False,False
57037,IC1173,0.164725236191392,13.700000000000001,62.0,False,False,False,False,False,False
57042,PGC057042,0.06879731777424469,14.27,87.0,False,False,False,False,False,False
57051,PGC057051,-0.2618296089077594,14.950000000000001,54.0,False,False,False,False,False,False
57061,UGC10190,-0.019777730423655715,15.14,85.0,False,False,False,False,False,False
57083,UGC10184,0.2639282792034865,13.29,79.0,False,False,False,False,False,False
57091,PGC057091,0.17879710523779124,13.520000000000001,64.0,False,False,False,False,False,False
57093,PGC057093,0.28461729263287516,12.959999999999999,90.0,False,False,False,False,False,False
57110,NGC6060,0.18237764351659802,11.479999999999999,67.0,False,False,False,False,False,False
57120,PGC057120,-0.3688982847165083,14.85,74.0,False,False,False,False,False,False
57122,PGC057122,0.165635764468957,13.879999999999999,61.0,False,False,False,False,False,False
57178,UGC10207,0.15109201161773722,13.33,63.0,False,False,False,False,False,False
57181,PGC057181,-0.221882421844255,14.95,85.0,False,False,False,False,False,False
57193,PGC057193,0.08306249258186904,14.15,68.0,False,False,False,False,False,False
57199,UGC10211,0.05538569668817539,12.62,75.0,False,False,False,False,False,False
57205,NGC6063,-0.007778351693441987,12.44,60.0,False,False,False,False,False,False
57208,PGC057208,0.03934073987119158,13.41,88.0,False,False,False,False,False,False
57216,UGC10213,-0.0004386005730880882,13.520000000000001,50.0,False,False,False,False,False,False
57218,UGC10215,-0.0685850011703728,14.4,58.0,False,False,False,False,False,False
57246,IC1196,0.03441895527777472,13.09,63.0,False,False,False,False,False,False
57249,UGC10220,-0.21548600552021435,14.54,62.0,False,False,False,False,False,False
57250,PGC057250,0.14757315165112184,13.590000000000002,76.0,False,False,False,False,False,False
57251,PGC057251,0.16434491559936504,14.139999999999999,81.0,False,False,False,False,False,False
57261,IC1197,-0.1901051914956864,12.280000000000001,88.0,False,False,False,False,True,False
57273,IC1198,0.19159322643508858,13.45,63.0,False,False,False,False,False,False
57274,PGC057274,0.09885283122235045,14.379999999999999,57.0,False,False,False,False,False,False
57275,PGC057275,-0.09694368523595509,14.040000000000001,85.0,False,False,False,False,False,False
57278,PGC057278,0.17341790978013316,13.52,70.0,False,False,False,False,False,False
57280,UGC10224,0.11714548209004905,13.55,63.0,False,False,False,False,False,False
57284,UGC10227,0.2796626414485961,12.5,89.0,False,False,False,False,False,False
57286,PGC057286,-0.11548571599732638,15.14,74.0,False,False,False,False,False,False
57287,UGC10226,0.08985694393740307,13.83,67.0,False,False,False,False,False,False
57293,PGC057293,0.04847235979179976,14.19,66.0,False,False,False,False,False,False
57329,PGC057329,0.3179633993425015,13.700000000000001,84.0,False,False,False,False,False,False
57332,UGC10232,-0.15169513695183934,13.690000000000001,90.0,False,False,False,False,False,False
57337,UGC10233,0.15444118295637566,13.35,88.0,False,False,False,False,False,False
57340,PGC057340,0.20500795933333604,13.58,90.0,False,False,False,False,False,False
57349,UGC10236,0.21155871270252558,13.11,87.0,False,False,False,False,False,False
57353,NGC6073,0.06221365676474644,12.64,64.0,False,False,False,False,False,False
57356,PGC057356,-0.2139425898245011,14.42,78.0,False,False,False,False,False,False
57365,UGC10238,0.24693703628880437,13.03,67.0,False,False,False,False,False,False
57369,UGC10246,0.1751257818162264,13.25,88.0,False,False,False,False,False,False
57370,PGC057370,0.05926309957880438,14.659999999999998,81.0,False,False,False,False,False,False
57373,IC1199,0.13879401557588622,12.540000000000001,72.0,False,False,False,False,False,False
57377,UGC10248,0.1193579717051576,13.86,88.0,False,False,False,False,False,False
57390,PGC057390,0.0651685220199214,13.61,65.0,False,False,False,False,False,False
57396,PGC057396,-0.14130536602948052,14.87,65.0,False,False,False,False,False,False
57407,UGC10257,-0.01605343147122662,12.790000000000001,81.0,False,False,False,False,False,False
57417,UGC10249,0.19426482509192056,13.36,73.0,False,False,False,False,False,False
57430,UGC10256,0.16034542659096473,12.96,82.0,False,False,False,False,False,False
57445,PGC057445,0.169834254543765,13.959999999999999,55.0,False,False,False,False,False,False
57463,PGC057463,-0.02656372502058657,14.53,79.0,False,False,False,False,False,False
57478,UGC10274,-0.19223932100837215,14.59,88.0,False,False,False,False,False,False
57498,PGC057498,0.1288816709839966,14.01,74.0,False,False,False,False,False,False
57499,UGC10276,0.08198418582171652,13.52,86.0,False,False,False,False,False,False
57505,UGC10264,0.2036398094442986,12.85,56.0,False,False,False,False,False,False
57508,UGC10282,-0.050179169688908676,13.67,52.0,False,False,False,False,False,False
57513,PGC057513,0.08452138546272137,14.57,70.0,False,False,False,False,False,False
57522,UGC10281,-0.45029973230093834,15.37,62.0,False,False,False,False,False,False
57529,UGC10286,-0.012879191813113255,14.18,82.0,False,False,False,False,False,False
57538,PGC057538,0.16249793037197557,14.0,70.0,False,False,False,False,False,False
57543,PGC057543,-0.12839685439584825,14.059999999999999,82.0,False,False,False,False,False,False
57557,PGC057557,-0.0018044072766465469,14.22,69.0,False,False,False,False,False,False
57575,NGC6084,0.3025898396233071,12.61,83.0,False,False,False,False,False,False
57582,UGC10288,0.056368650958058986,11.25,89.0,False,False,False,False,False,False
57585,PGC057585,0.15635995403781555,14.100000000000001,53.0,False,False,False,False,False,False
57586,PGC057586,-0.13276125999133592,13.65,75.0,False,False,False,False,False,False
57589,IC1210,-0.03862823642196744,12.65,79.0,False,False,False,False,False,False
57601,UGC10296,0.04444849139095419,13.979999999999999,73.0,False,False,False,False,False,False
57608,UGC10295,-0.07164314437206443,14.450000000000001,64.0,False,False,False,False,False,False
57623,IC1206,0.1923586493724314,12.97,57.0,False,False,False,False,False,False
57627,UGC10297,-0.1514304958734245,12.98,88.0,False,False,False,False,False,False
57641,UGC10301,-0.022614104201922558,13.879999999999999,88.0,False,False,False,False,False,False
57654,UGC10303,-0.02311700064125377,14.04,67.0,False,False,False,False,False,False
57658,UGC10305,-0.04915355568922175,14.58,76.0,False,False,False,False,False,False
57694,UGC10306,0.261342762083308,12.469999999999999,73.0,False,False,False,False,False,False
57752,PGC057752,0.049773116890160285,14.12,56.0,False,False,False,False,False,False
57766,UGC10320,0.21545931828617393,13.13,78.0,False,False,False,False,False,False
57768,UGC10322,0.021196293690350476,12.69,80.0,False,False,False,False,False,False
57788,UGC10327,-0.10899874270584942,13.63,89.0,False,False,False,False,False,False
57799,NGC6106,-0.08150477450272753,11.530000000000001,60.0,False,False,False,False,True,True
57823,UGC10340,0.11597053258547474,13.75,82.0,False,False,False,False,False,False
57827,UGC10337,0.24037788166864393,12.85,78.0,False,False,False,False,False,False
57833,PGC057833,-0.0189128385986419,14.719999999999999,55.0,False,False,False,False,False,False
57912,PGC057912,-0.03240117486841587,14.3,69.0,False,False,False,False,False,False
57918,PGC057918,0.122783740852483,13.89,68.0,False,False,False,False,False,False
57922,PGC057922,0.0642993700867569,14.12,56.0,False,False,False,False,False,False
57924,NGC6118,0.05593088383471834,10.290000000000001,70.0,False,False,False,False,True,True
57941,UGC10355,0.08459586544594577,14.17,88.0,False,False,False,False,False,False
57959,UGC10362,0.21472572974306736,13.05,64.0,False,False,False,False,False,False
57968,PGC057968,-0.010759249929572778,14.4,69.0,False,False,False,False,False,False
57992,PGC057992,0.20945227022372226,14.290000000000001,76.0,False,False,False,False,False,False
58002,NGC6132,0.036842348301954875,12.860000000000001,76.0,False,False,False,False,False,False
58031,UGC10372,0.2401159037467715,13.75,53.0,False,False,False,False,False,False
58050,PGC058050,0.19894537308247173,14.19,58.0,False,False,False,False,False,False
58053,PGC058053,0.15196872635990077,13.549999999999999,56.0,False,False,False,False,False,False
58055,UGC10373,0.024829884524554036,13.74,84.0,False,False,False,False,False,False
58059,UGC10375,0.1730870573196679,13.4,89.0,False,False,False,False,False,False
58104,UGC10380,0.20862938624403382,12.8,86.0,False,False,False,False,False,False
58115,NGC6155,-0.1109748351317732,12.02,52.0,False,False,False,False,True,True
58141,UGC10384,0.05325048660392051,12.97,82.0,False,False,False,False,False,False
58147,PGC058147,-0.29859861687802214,15.23,49.0,False,False,False,False,False,False
58161,UGC10388,0.13218921211713308,12.540000000000001,76.0,False,False,False,False,False,False
58170,UGC10387,-0.13812702301325697,14.31,63.0,False,False,False,False,False,False
58182,PGC058182,-0.026475603894302147,14.44,74.0,False,False,False,False,False,False
58222,PGC058222,-0.17485671245423973,13.809999999999999,77.0,False,False,False,False,False,False
58286,PGC058286,-0.10851269111178707,14.26,77.0,False,False,False,False,False,False
58322,PGC058322,0.09349971318244776,13.959999999999999,74.0,False,False,False,False,False,False
58330,PGC058330,-0.14550475708770438,14.799999999999999,82.0,False,False,False,False,False,False
58336,UGC10413,-0.10038507393428509,13.18,73.0,False,False,False,False,False,False
58347,PGC058347,-0.16729689900597977,14.219999999999999,88.0,False,False,False,False,False,False
58371,PGC058371,0.19998527186849868,13.31,81.0,False,False,False,False,False,False
58372,PGC058372,0.07377385605232867,14.069999999999999,55.0,False,False,False,False,False,False
58380,PGC058380,0.22321324660220654,13.790000000000001,76.0,False,False,False,False,False,False
58388,PGC058388,0.15856230443877184,14.25,52.0,False,False,False,False,False,False
58390,NGC6177,0.19780939635818928,12.51,50.0,False,False,False,False,False,False
58416,PGC058416,-0.17353348068794805,13.950000000000001,82.0,False,False,False,False,False,False
58423,NGC6168,-0.0876812256504711,12.379999999999999,84.0,False,False,False,False,False,False
58470,NGC6181,0.10882768646415464,10.909999999999998,63.0,False,False,False,False,False,False
58481,PGC058481,0.031144693316375704,13.65,68.0,False,False,False,False,False,False
58483,PGC058483,0.1349900977025431,13.629999999999999,71.0,False,False,False,False,False,False
58501,UGC10445,-0.26665095351216417,12.63,51.0,False,False,False,False,True,True
58503,UGC10454,0.06893924854117595,13.19,75.0,False,False,False,False,False,False
58514,UGC10450,0.09001575151647945,14.120000000000001,89.0,False,False,False,False,False,False
58523,NGC6186,0.00043251262412891123,11.85,51.0,False,False,False,False,False,False
58538,UGC10453,-0.07977961043182713,13.97,88.0,False,False,False,False,False,False
58545,UGC10459,0.16370092538964798,13.27,90.0,False,False,False,False,False,False
58574,PGC058574,0.1874548652551682,12.1,50.0,False,False,False,False,False,False
58596,NGC6195,0.29049830278187994,12.52,53.0,False,False,False,False,False,False
58622,PGC058622,0.0024851001245882465,14.129999999999999,53.0,False,False,False,False,False,False
58633,UGC10477,-0.49133367804731076,13.350000000000001,89.0,False,False,False,False,True,False
58700,UGC10498,0.05630250076728727,15.09,90.0,False,False,False,False,False,False
58705,PGC058705,-0.01659644769054136,13.68,75.0,False,False,False,False,False,False
58707,PGC058707,0.11168028761198734,13.41,55.0,False,False,False,False,False,False
58728,UGC10504,0.20991591592761605,13.1,67.0,False,False,False,False,False,False
58770,PGC058770,0.05645749655330512,13.909999999999998,55.0,False,False,False,False,False,False
58776,UGC10505,0.17612320564108996,13.0,74.0,False,False,False,False,False,False
58781,PGC058781,-0.17200836508874762,14.7,85.0,False,False,False,False,False,False
58808,PGC058808,0.04287122754867756,14.299999999999999,58.0,False,False,False,False,False,False
58823,UGC10513,-0.03138068752948575,14.27,54.0,False,False,False,False,False,False
58827,NGC6207,-0.12122172703132739,10.99,64.0,False,False,False,False,True,True
58858,UGC10562,0.029092774536384258,13.02,80.0,False,False,False,False,False,False
58888,UGC10529,-0.21468855619477445,13.93,52.0,False,False,False,False,False,False
58907,PGC058907,-0.023149141239258153,14.66,45.0,False,False,False,False,False,False
58909,PGC058909,-0.0408989821846224,14.41,75.0,False,False,False,False,False,False
58960,UGC10561,0.20763632628870798,12.03,89.0,False,False,False,False,False,False
58967,UGC10545,0.10220202848472448,13.4,70.0,False,False,False,False,False,False
58970,UGC10547,0.24691199237874173,13.0,62.0,False,False,False,False,False,False
58975,UGC10550,0.027398487535941207,13.69,86.0,False,False,False,False,False,False
58981,UGC10553,0.2859040363982759,13.200000000000001,66.0,False,False,False,False,False,False
58989,UGC10549,-0.3235561261999078,14.61,50.0,False,False,False,False,False,False
59007,NGC6228,0.19995909781666077,13.44,60.0,False,False,False,False,False,False
59023,NGC6247,-0.045237034670607024,12.65,72.0,False,False,False,False,False,False
59026,PGC059026,0.0769701240244518,14.06,56.0,False,False,False,False,False,False
59039,PGC059039,0.0769021838770505,13.42,68.0,False,False,False,False,False,False
59083,NGC6239,-0.10092171937723293,11.700000000000001,71.0,False,False,False,False,True,True
59118,UGC10582,0.07012962642447507,14.18,80.0,False,False,False,False,False,False
59132,UGC10588,-0.3201426786027879,15.200000000000001,78.0,False,False,False,False,False,False
59173,UGC10594,0.1374630226337139,13.28,79.0,False,False,False,False,False,False
59188,UGC10632,-0.10214487892176294,14.26,85.0,False,False,False,False,False,False
59223,UGC10598,0.06066412613760086,13.99,63.0,False,False,False,False,False,False
59237,UGC10600,0.14253332065019686,13.59,86.0,False,False,False,False,False,False
59244,NGC6255,-0.22960248940620387,12.34,69.0,False,False,False,False,True,True
59250,UGC10603,0.1490387440971208,13.64,85.0,False,False,False,False,False,False
59276,UGC10615,0.11091723928441821,13.930000000000001,71.0,False,False,False,False,False,False
59301,UGC10620,0.18042813662549495,14.64,71.0,False,False,False,False,False,False
59305,UGC10627,0.11278251815343898,12.94,86.0,False,False,False,False,False,False
59310,UGC10625,-0.3630147917651785,14.93,88.0,False,False,False,False,False,False
59376,UGC10639,0.16855383601936236,13.34,64.0,False,False,False,False,False,False
59408,UGC10650,-0.3995633046916658,13.260000000000002,89.0,False,False,False,False,True,False
59460,UGC10664,0.17236249901413236,12.91,88.0,False,False,False,False,False,False
59498,NGC6292,-0.021053290267420977,12.950000000000001,62.0,False,False,False,False,False,False
59516,UGC10687,-0.1213152492476226,14.030000000000001,53.0,False,False,False,False,False,False
59522,UGC10681,0.1934671431412025,13.3,84.0,False,False,False,False,False,False
59551,UGC10713,-0.13967950198131218,12.309999999999999,84.0,False,False,False,False,True,False
59557,UGC10685,0.12587973821012577,13.33,76.0,False,False,False,False,False,False
59582,UGC10692,0.22666152061902345,12.75,84.0,False,False,False,False,False,False
59595,PGC059595,0.020252744867522043,14.26,59.0,False,False,False,False,False,False
59634,UGC10710,0.2135171855539637,12.639999999999999,82.0,False,False,False,False,False,False
59650,UGC10714,0.19372694892364706,12.78,90.0,False,False,False,False,False,False
59657,UGC10716,0.09021424240412257,13.850000000000001,88.0,False,False,False,False,False,False
59662,NGC6310,0.14853486050141695,11.940000000000001,79.0,False,False,False,False,False,False
59676,UGC10721,-0.0356717846165675,12.5,65.0,False,False,False,False,False,False
59681,NGC6301,0.28249674514906253,12.280000000000001,53.0,False,False,False,False,False,False
59703,PGC059703,0.17627909606780712,13.69,62.0,False,False,False,False,False,False
59706,UGC10729,-0.022534445754019305,13.99,83.0,False,False,False,False,False,False
59716,UGC10732,-0.13885356927036252,14.17,52.0,False,False,False,False,False,False
59732,UGC10735,0.1294757492934906,13.48,89.0,False,False,False,False,False,False
59735,IC1251,-0.1237559237829502,13.29,61.0,False,False,False,False,False,False
59783,IC1254,-0.10101146936562566,12.36,79.0,False,False,False,False,False,False
59817,UGC10749,0.04148034058365235,13.399999999999999,55.0,False,False,False,False,False,False
59834,UGC10753,-0.09494620558403177,13.989999999999998,81.0,False,False,False,False,False,False
59961,NGC6330,0.15947147574178766,13.129999999999999,70.0,False,False,False,False,False,False
60003,NGC6339,-0.08908206412716524,11.85,55.0,False,False,False,False,True,True
60044,UGC10817,-0.1494873405874224,14.870000000000001,88.0,False,False,False,False,False,False
60045,NGC6361,0.17076520513301352,11.58,82.0,False,False,False,False,False,False
60053,UGC10797,0.12362973743857886,13.29,73.0,False,False,False,False,False,False
60058,UGC10801,-0.15418139223188598,14.620000000000001,69.0,False,False,False,False,False,False
60113,UGC10820,0.21683772329952467,13.23,90.0,False,False,False,False,False,False
60203,IC1256,0.09583303847118341,12.66,54.0,False,False,False,False,False,False
60220,NGC6373,-0.09164951806954358,13.350000000000001,51.0,False,False,False,False,False,False
60238,UGC10837,0.1440349989785794,13.0,64.0,False,False,False,False,False,False
60241,UGC10854,-0.2529535942397536,14.52,71.0,False,False,False,False,False,False
60271,UGC10858,-0.1965393015010961,15.23,88.0,False,False,False,False,False,False
60277,UGC10887,-0.33836735668661033,14.35,88.0,False,False,False,False,False,False
60291,NGC6395,-0.18398856061363844,12.200000000000001,74.0,False,False,False,False,True,True
60317,UGC10872,-0.4393021596463882,15.239999999999998,90.0,False,False,False,False,False,False
60321,NGC6381,-0.014958790156620605,12.68,53.0,False,False,False,False,False,False
60330,NGC6372,0.029045797527732287,12.23,50.0,False,False,False,False,False,False
60356,NGC6390,-0.08201345313771036,13.01,79.0,False,False,False,False,False,False
60370,UGC10874,-0.12342304294348816,15.08,90.0,False,False,False,False,False,False
60376,PGC060376,0.07952014323054479,13.940000000000001,80.0,False,False,False,False,False,False
60434,PGC060434,0.00841475790503976,13.78,69.0,False,False,False,False,False,False
60443,UGC10895,-0.024127961941244003,14.110000000000001,85.0,False,False,False,False,False,False
60459,NGC6384,0.1682059760539154,9.57,51.0,False,False,False,False,True,False
60475,UGC10894,-0.11744242415340578,14.43,63.0,False,False,False,False,False,False
60512,PGC060512,-0.23223267788973612,14.18,87.0,False,False,False,False,False,False
60514,UGC10909,0.01855361677857781,13.77,54.0,False,False,False,False,False,False
60584,UGC10931,-0.0844310583219321,14.89,87.0,False,False,False,False,False,False
60627,UGC10928,0.1301585561772458,12.82,70.0,False,False,False,False,False,False
60695,NGC6436,0.011707821172302513,13.0,52.0,False,False,False,False,False,False
60773,NGC6471,0.008915081841928352,13.620000000000001,86.0,False,False,False,False,False,False
60831,UGC10972,0.08744599854675572,12.3,82.0,False,False,False,False,False,False
60838,UGC10984,0.13711683888902826,13.049999999999999,65.0,False,False,False,False,False,False
60873,PGC060873,0.03763219954953856,13.83,51.0,False,False,False,False,False,False
60896,NGC6478,0.22097166941003632,11.950000000000001,73.0,False,False,False,False,False,False
60957,UGC11001,0.0040645263874514725,12.68,69.0,False,False,False,False,False,False
60975,UGC11003,-0.05646102078945425,12.92,86.0,False,False,False,False,False,False
61008,NGC6484,0.1657999062880373,11.61,51.0,False,False,False,False,False,False
61052,UGC11027,-0.19844263004336682,13.04,54.0,False,False,False,False,False,False
61058,UGC11036,-0.13264407897398112,13.93,90.0,False,False,False,False,False,False
61210,UGC11073,0.08229736207986882,12.9,60.0,False,False,False,False,False,False
61254,PGC061254,-0.09175383674066628,13.74,69.0,False,False,False,False,False,False
61326,UGC11101,-0.08047127066645077,14.030000000000001,78.0,False,False,False,False,False,False
61381,NGC6560,0.11747937728036861,12.94,53.0,False,False,False,False,False,False
61444,PGC061444,-0.12133179821055418,13.99,75.0,False,False,False,False,False,False
61524,PGC061524,0.046941347777635034,13.139999999999999,59.0,False,False,False,False,False,False
61658,PGC061658,-0.34989456481746073,13.01,68.0,False,False,False,False,True,True
61777,UGC11210,-0.17571754470230738,14.379999999999999,90.0,False,False,False,False,False,False
61824,UGC11230,0.10422605308446986,13.11,90.0,False,False,False,False,False,False
61907,UGC11243,-0.1733994979928335,14.02,88.0,False,False,False,False,False,False
61970,UGC11262,0.013558278372551857,13.840000000000002,73.0,False,False,False,False,False,False
62143,UGC11297,0.048198437460631904,13.01,85.0,False,False,False,False,False,False
62296,NGC6695,0.18675146413981825,12.540000000000001,60.0,False,False,False,False,False,False
62651,UGC11385,0.023985998758329963,12.07,50.0,False,False,False,False,False,False
62666,UGC11400,-0.3811214183920999,14.229999999999999,61.0,False,False,False,False,False,False
62860,UGC11409,0.15598339974220643,13.19,80.0,False,False,False,False,False,False
63128,PGC063128,-0.02044363912438918,13.82,74.0,False,False,False,False,False,False
63307,IC1302,0.11535121683932736,12.43,52.0,False,False,False,False,False,False
63328,IC1303,0.06312921913957048,12.33,49.0,False,False,False,False,False,False
63348,UGC11456,0.22727572808847096,12.23,74.0,False,False,False,False,False,False
64169,UGC11519,-0.10509319337503609,13.98,65.0,False,False,False,False,False,False
64312,UGC11526,0.30808600367226946,11.790000000000001,59.0,False,False,False,False,False,False
64352,UGC11531,-0.07289314492817489,14.11,87.0,False,False,False,False,False,False
64373,PGC064373,0.1785064764906239,12.43,71.0,False,False,False,False,False,False
64434,PGC064434,-0.09383740421771902,13.440000000000001,51.0,False,False,False,False,False,False
64458,UGC11537,0.2076961516256448,11.5,78.0,False,False,False,False,False,False
64494,PGC064494,-0.42835432168216236,13.24,64.0,False,False,False,False,True,True
64513,NGC6897,-0.02314667345323107,12.89,51.0,False,False,False,False,False,False
64552,NGC6901,0.09116758407003278,12.530000000000001,72.0,False,False,False,False,False,False
64553,UGC11541,-0.1729942071944408,13.57,59.0,False,False,False,False,False,False
64569,UGC11544,-0.14601212031263433,14.0,78.0,False,False,False,False,False,False
64600,NGC6916,0.12352127245625777,11.27,54.0,False,False,False,False,False,False
64601,NGC6906,0.19355156237009785,11.76,62.0,False,False,False,False,False,False
64627,PGC064627,-0.0743684750449578,13.08,84.0,False,False,False,False,False,False
64629,UGC11549,-0.08098565332427121,13.28,69.0,False,False,False,False,False,False
64637,UGC11552,0.16865055776841498,11.84,88.0,False,False,False,False,False,False
64638,UGC11551,0.1004462807456159,12.08,85.0,False,False,False,False,False,False
64679,PGC064679,-0.2118407133219482,13.709999999999999,52.0,False,False,False,False,False,False
64742,UGC11565,-0.14869277151974014,13.19,86.0,False,False,False,False,False,False
64798,UGC11573,-0.026006275753061914,14.54,76.0,False,False,False,False,False,False
64857,UGC11580,-0.08643559484033325,13.620000000000001,88.0,False,False,False,False,False,False
64862,UGC11579,0.11019000293247005,12.77,87.0,False,False,False,False,False,False
64874,PGC064874,0.14839980438102973,14.190000000000001,64.0,False,False,False,False,False,False
65022,PGC065022,0.20926996097583084,12.149999999999999,90.0,False,False,False,False,False,False
65054,NGC6941,0.16813392011254225,11.99,52.0,False,False,False,False,False,False
65059,PGC065059,-0.12819076723167022,14.510000000000002,53.0,False,False,False,False,False,False
65081,PGC065081,-0.04403469603748089,14.09,75.0,False,False,False,False,False,False
65131,PGC065131,0.08783702014780514,11.61,79.0,False,False,False,False,False,False
65169,UGC11611,-0.04372706361563816,13.91,64.0,False,False,False,False,False,False
65178,UGC11612,0.12020220516452929,13.08,89.0,False,False,False,False,False,False
65264,UGC11617,-0.038741787175854636,13.53,54.0,False,False,False,False,False,False
65383,PGC065383,-0.024720483692896256,14.31,48.0,False,False,False,False,False,False
65405,PGC065405,0.12497902302113939,13.78,64.0,False,False,False,False,False,False
65466,UGC11638,0.20877290200156207,11.860000000000001,52.0,False,False,False,False,False,False
65506,PGC065506,0.17492729092858328,12.35,89.0,False,False,False,False,False,False
65510,PGC065510,0.010654868220006275,13.280000000000001,78.0,False,False,False,False,False,False
65555,PGC065555,0.013449746909235838,12.91,82.0,False,False,False,False,False,False
65646,UGC11644,0.06272606514948231,12.92,77.0,False,False,False,False,False,False
65657,UGC11645,-0.0699830789191771,13.0,88.0,False,False,False,False,False,False
65775,UGC11651,-0.08711285984906691,11.56,79.0,False,False,False,False,True,True
65796,UGC11655,-0.0902309377941175,14.24,80.0,False,False,False,False,False,False
65832,PGC065832,-0.12273779810877361,13.92,70.0,False,False,False,False,False,False
65887,NGC7003,0.017607131994407776,12.64,53.0,False,False,False,False,False,False
65908,PGC065908,0.16737426918943887,14.08,77.0,False,False,False,False,False,False
65968,UGC11667,0.16838591669000014,13.200000000000001,90.0,False,False,False,False,False,False
65982,PGC065982,0.03779181960704614,13.620000000000001,56.0,False,False,False,False,False,False
66029,PGC066029,-0.0005910699430979882,13.690000000000001,80.0,False,False,False,False,False,False
66085,UGC11675,0.0596385449685215,13.06,76.0,False,False,False,False,False,False
66087,UGC11676,-0.03873663660320581,13.709999999999999,53.0,False,False,False,False,False,False
66094,UGC11677,0.029975910423751806,12.790000000000001,86.0,False,False,False,False,False,False
66125,PGC066125,0.21124225527205454,13.91,50.0,False,False,False,False,False,False
66151,NGC7025,0.3485105785467044,11.09,60.0,False,False,False,False,False,False
66178,UGC11683,0.010530051254836081,13.12,81.0,False,False,False,False,False,False
66242,PGC066242,-0.174093320361989,13.149999999999999,62.0,False,False,False,False,False,False
66280,UGC11688,0.11948886038049933,13.28,72.0,False,False,False,False,False,False
66363,PGC066363,0.007843486885702244,13.77,59.0,False,False,False,False,False,False
66407,NGC7046,0.042466696395155434,12.100000000000001,51.0,False,False,False,False,False,False
66434,UGC11711,0.10232463240637735,14.2,88.0,False,False,False,False,False,False
66443,PGC066443,0.07376479243046719,13.58,75.0,False,False,False,False,False,False
66461,NGC7047,0.17627909606780712,12.469999999999999,62.0,False,False,False,False,False,False
66465,PGC066465,-0.01590962412654484,13.51,64.0,False,False,False,False,False,False
66468,PGC066468,0.021480757073391032,13.71,72.0,False,False,False,False,False,False
66497,UGC11713,-0.11677450191342365,14.52,80.0,False,False,False,False,False,False
66512,UGC11714,0.19093387837414166,13.97,50.0,False,False,False,False,False,False
66514,UGC11715,-0.18499684877451994,14.24,83.0,False,False,False,False,False,False
66546,UGC11719,0.1881273896204978,13.08,84.0,False,False,False,False,False,False
66547,PGC066547,0.07267368927037587,13.54,69.0,False,False,False,False,False,False
66554,UGC11721,0.06808557630515777,13.06,86.0,False,False,False,False,False,False
66579,UGC11723,0.1294757492934906,12.24,89.0,False,False,False,False,False,False
66581,PGC066581,-0.1398206125691681,14.67,56.0,False,False,False,False,False,False
66590,UGC11724,-0.039775067056559976,13.59,81.0,False,False,False,False,False,False
66622,IC5104,0.07240643909399047,12.52,81.0,False,False,False,False,False,False
66624,PGC066624,0.13612843601322044,14.05,62.0,False,False,False,False,False,False
66675,PGC066675,-0.04820924179865482,13.85,58.0,False,False,False,False,False,False
66702,UGC11739,-0.2006324917303135,14.89,52.0,False,False,False,False,False,False
66738,PGC066738,-0.20114692359029318,13.57,90.0,False,False,False,False,False,False
66752,UGC11740,0.07894370016390795,13.06,76.0,False,False,False,False,False,False
66789,IC1381,0.16337448089656537,13.510000000000002,52.0,False,False,False,False,False,False
66798,PGC066798,-0.28086984991759056,14.31,49.0,False,False,False,False,False,False
66829,UGC11752,0.23585903973494426,13.64,86.0,False,False,False,False,False,False
66840,UGC11750,0.23242716847411682,13.29,76.0,False,False,False,False,False,False
66849,UGC11754,-0.17039450643919496,13.030000000000001,51.0,False,False,False,False,False,False
66882,IC5115,0.14466273372413552,14.290000000000001,50.0,False,False,False,False,False,False
66889,PGC066889,0.06983562392168308,14.06,48.0,False,False,False,False,False,False
66903,PGC066903,0.020285836394819068,14.12,58.0,False,False,False,False,False,False
66948,PGC066948,0.15656219289619466,13.780000000000001,84.0,False,False,False,False,False,False
66958,UGC11765,-0.02047088110815176,13.82,57.0,False,False,False,False,False,False
66983,UGC11769,0.1844929481265356,12.790000000000001,62.0,False,False,False,False,False,False
66986,UGC11768,0.13000519280996903,13.27,87.0,False,False,False,False,False,False
67003,PGC067003,0.12809634082923083,13.7,62.0,False,False,False,False,False,False
67033,PGC067033,0.02125958268587791,13.45,71.0,False,False,False,False,False,False
67046,UGC11778,0.20096835822343406,13.98,88.0,False,False,False,False,False,False
67109,UGC11785,0.010809651285026867,12.95,88.0,False,False,False,False,False,False
67120,NGC7102,-0.17381567299196377,12.65,52.0,False,False,False,False,False,False
67129,PGC067129,0.000957299836527703,14.18,78.0,False,False,False,False,False,False
67153,PGC067153,0.06894140548653915,13.36,80.0,False,False,False,False,False,False
67163,UGC11789,-0.01749753990617675,13.52,64.0,False,False,False,False,False,False
67182,UGC11791,0.15990312913419125,14.79,78.0,False,False,False,False,False,False
67201,UGC11792,0.03555876112118561,12.68,88.0,False,False,False,False,False,False
67205,NGC7112,0.052855311123187754,12.98,77.0,False,False,False,False,False,False
67218,NGC7116,-0.09175383674066628,12.52,69.0,False,False,False,False,False,False
67242,PGC067242,0.04919151736146743,13.56,67.0,False,False,False,False,False,False
67282,PGC067282,-0.212198270069774,14.17,90.0,False,False,False,False,False,False
67287,NGC7121,0.11470911020830687,13.059999999999999,59.0,False,False,False,False,False,False
67306,PGC067306,0.184982501532577,13.57,59.0,False,False,False,False,False,False
67311,PGC067311,-0.09252458572765665,13.440000000000001,77.0,False,False,False,False,False,False
67317,PGC067317,-0.010287213938918516,14.200000000000001,71.0,False,False,False,False,False,False
67324,PGC067324,0.10260245832273185,13.950000000000001,73.0,False,False,False,False,False,False
67332,UGC11809,0.27884218191078913,13.030000000000001,66.0,False,False,False,False,False,False
67339,IC1401,0.06586171880526281,12.68,72.0,False,False,False,False,False,False
67342,PGC067342,0.08554522336822057,13.58,79.0,False,False,False,False,False,False
67347,UGC11818,0.05525429138474314,11.200000000000001,52.0,False,False,False,False,False,False
67351,UGC11811,-0.10065450571026968,14.709999999999999,80.0,False,False,False,False,False,False
67355,UGC11813,-0.5295636316243804,15.58,80.0,False,False,False,False,False,False
67391,UGC11814,0.05742520686242081,13.17,54.0,False,False,False,False,False,False
67394,PGC067394,-0.033391873698477514,13.51,59.0,False,False,False,False,False,False
67406,NGC7138,0.2573029320483431,12.75,64.0,False,False,False,False,False,False
67419,UGC11821,0.2915840687960656,11.899999999999999,87.0,False,False,False,False,False,False
67443,PGC067443,-0.03868683897611458,14.610000000000001,64.0,False,False,False,False,False,False
67458,UGC11825,0.28235096835971873,12.89,87.0,False,False,False,False,False,False
67497,PGC067497,-0.07754387123680662,14.52,54.0,False,False,False,False,False,False
67499,PGC067499,0.049423575326325686,14.29,72.0,False,False,False,False,False,False
67506,UGC11832,0.05151614816364658,13.75,89.0,False,False,False,False,False,False
67511,UGC11836,-0.01849122130692349,13.329999999999998,89.0,False,False,False,False,False,False
67550,UGC11838,-0.10899874270584942,13.34,89.0,False,False,False,False,False,False
67569,PGC067569,0.030291779440364763,13.73,76.0,False,False,False,False,False,False
67577,PGC067577,0.23884818986790535,13.24,83.0,False,False,False,False,False,False
67578,UGC11842,-0.00418963199905642,13.35,85.0,False,False,False,False,False,False
67584,PGC067584,-0.051048552604647135,14.86,59.0,False,False,False,False,False,False
67598,PGC067598,0.21939743717449822,13.23,89.0,False,False,False,False,False,False
67619,IC5145,0.2850700595836817,12.069999999999999,58.0,False,False,False,False,False,False
67621,UGC11845,0.004849893203278555,13.82,86.0,False,False,False,False,False,False
67626,UGC11846,0.14343496387509092,13.29,57.0,False,False,False,False,False,False
67638,UGC11847,-0.21813493755993818,15.520000000000001,72.0,False,False,False,False,False,False
67646,PGC067646,0.03567230285454226,13.360000000000001,74.0,False,False,False,False,False,False
67648,UGC11849,0.0796652662541244,12.58,60.0,False,False,False,False,False,False
67650,UGC11848,-0.17031869594071303,14.879999999999999,71.0,False,False,False,False,False,False
67655,PGC067655,0.05342979041024387,14.35,73.0,False,False,False,False,False,False
67661,PGC067661,-0.0316252694692607,14.65,71.0,False,False,False,False,False,False
67668,PGC067668,-0.010727514026443341,14.18,75.0,False,False,False,False,False,False
67670,PGC067670,-0.11404079030600611,13.77,51.0,False,False,False,False,False,False
67671,UGC11861,-0.00486785995554051,10.600000000000001,49.0,False,False,False,False,True,False
67672,UGC11853,-0.08116872146176313,13.79,57.0,False,False,False,False,False,False
67675,UGC11855,0.15896484266443478,12.04,90.0,False,False,False,False,False,False
67678,UGC11854,0.2268519094243091,13.76,70.0,False,False,False,False,False,False
67694,UGC11857,0.10777356427917839,13.75,55.0,False,False,False,False,False,False
67709,PGC067709,-0.1235450231402595,14.09,63.0,False,False,False,False,False,False
67717,PGC067717,-0.046678989982589236,13.41,74.0,False,False,False,False,False,False
67732,PGC067732,-0.10878313988182287,14.89,59.0,False,False,False,False,False,False
67733,UGC11860,-0.25287772840288136,15.100000000000001,70.0,False,False,False,False,False,False
67737,UGC11859,-0.00863830616572736,13.35,90.0,False,False,False,False,False,False
67756,UGC11863,-0.14949558551545694,14.32,53.0,False,False,False,False,False,False
67759,UGC11866,-0.4471421374946343,14.09,52.0,False,False,False,False,True,True
67766,UGC11867,-0.04407033421671347,13.34,67.0,False,False,False,False,False,False
67793,PGC067793,0.019090766972512885,13.65,73.0,False,False,False,False,False,False
67797,UGC11869,0.05973315914498256,13.07,73.0,False,False,False,False,False,False
67814,UGC11870,-0.007202058921422783,13.82,82.0,False,False,False,False,False,False
67820,PGC067820,0.08676239859620338,14.15,59.0,False,False,False,False,False,False
67823,NGC7177,0.0643656986170007,10.4,52.0,False,False,False,False,True,True
67831,UGC11873,0.061045603975129925,13.68,78.0,False,False,False,False,False,False
67857,PGC067857,0.0842644694118615,13.43,57.0,False,False,False,False,False,False
67865,UGC11875,-0.08047127066645077,14.92,78.0,False,False,False,False,False,False
67867,PGC067867,-0.04242887121955752,14.479999999999999,66.0,False,False,False,False,False,False
67891,UGC11877,0.051247802456166,14.44,56.0,False,False,False,False,False,False
67899,UGC11876,-0.13264407897398112,14.370000000000001,90.0,False,False,False,False,False,False
67903,UGC11879,0.0008031350485073752,14.34,80.0,False,False,False,False,False,False
67917,UGC11886,-0.09245243768339328,12.52,76.0,False,False,False,False,False,False
67918,UGC11881,-0.21019546641409326,14.48,82.0,False,False,False,False,False,False
67931,IC1423,0.07669468113217581,13.27,61.0,False,False,False,False,False,False
67934,NGC7189,0.1920873836522734,12.76,50.0,False,False,False,False,False,False
67979,IC1428,0.14671800143729463,14.11,59.0,False,False,False,False,False,False
67992,PGC067992,-0.1100925451388739,14.659999999999998,53.0,False,False,False,False,False,False
67994,UGC11896,0.05062486179228598,13.7,57.0,False,False,False,False,False,False
68000,UGC11900,0.14133027573356216,13.56,71.0,False,False,False,False,False,False
68005,PGC068005,-0.020667566165192053,13.149999999999999,55.0,False,False,False,False,False,False
68009,UGC11901,0.09531183160463197,13.52,82.0,False,False,False,False,False,False
68012,UGC11906,0.06637051575492636,12.92,77.0,False,False,False,False,False,False
68037,PGC068037,-0.0669645589348229,14.98,89.0,False,False,False,False,False,False
68045,PGC068045,0.18753857723957656,13.46,54.0,False,False,False,False,False,False
68085,PGC068085,-0.2202408790842929,13.91,51.0,False,False,False,False,False,False
68102,PGC068102,0.073460863743942,14.51,74.0,False,False,False,False,False,False
68115,UGC11916,-0.33758151539179604,14.14,73.0,False,False,False,False,False,False
68134,UGC11923,-0.14367911315965376,12.32,52.0,False,False,False,False,True,False
68135,PGC068135,-0.046760362893193186,14.14,63.0,False,False,False,False,False,False
68151,UGC11925,-0.2239061098138566,13.92,77.0,False,False,False,False,False,False
68162,UGC11924,-0.0579563428102392,12.95,53.0,False,False,False,False,False,False
68163,UGC11921,-0.3222338235506417,13.3,73.0,False,False,False,False,True,False
68177,PGC068177,0.010951147585902099,13.01,53.0,False,False,False,False,False,False
68181,PGC068181,0.1079364956046831,13.559999999999999,79.0,False,False,False,False,False,False
68190,IC5172,0.07085368232698386,14.01,73.0,False,False,False,False,False,False
68206,PGC068206,0.04602689567147111,14.389999999999999,64.0,False,False,False,False,False,False
68244,IC5177,0.15762150454673618,12.870000000000001,65.0,False,False,False,False,False,False
68246,UGC11941,-0.05646102078945425,14.44,86.0,False,False,False,False,False,False
68258,PGC068258,0.21043524022438564,13.32,53.0,False,False,False,False,False,False
68259,UGC11943,0.20169249115959476,13.67,75.0,False,False,False,False,False,False
68265,UGC11944,-0.3195867837614337,14.120000000000001,76.0,False,False,False,False,False,False
68275,UGC11948,0.15369620891554714,13.24,52.0,False,False,False,False,False,False
68325,PGC068325,0.2979060676979217,14.23,54.0,False,False,False,False,False,False
68327,UGC11952,0.03555876112118561,13.55,88.0,False,False,False,False,False,False
68341,UGC11953,0.10388794749150865,13.31,75.0,False,False,False,False,False,False
68348,PGC068348,-0.05144400199689558,14.280000000000001,49.0,False,False,False,False,False,False
68357,PGC068357,0.14107466196812002,13.87,57.0,False,False,False,False,False,False
68364,UGC11957,0.048362202189083714,13.84,69.0,False,False,False,False,False,False
68381,UGC11961,0.12940959910271888,12.26,90.0,False,False,False,False,False,False
68392,PGC068392,0.19301684568574684,13.819999999999999,55.0,False,False,False,False,False,False
68420,UGC11964,-0.3416375079047502,13.92,90.0,False,False,False,False,False,False
68439,UGC11966,-0.2804512565107369,14.19,61.0,False,False,False,False,False,False
68442,NGC7241,0.07969842011416972,10.84,86.0,False,False,False,False,True,False
68446,PGC068446,-0.025587776700286557,14.260000000000002,85.0,False,False,False,False,False,False
68460,PGC068460,-0.031889995740811194,13.68,73.0,False,False,False,False,False,False
68467,UGC11971,-0.06627036060820357,15.120000000000001,64.0,False,False,False,False,False,False
68474,UGC11970,0.18347467220423086,13.39,62.0,False,False,False,False,False,False
68482,UGC11973,0.20500301610025407,11.03,77.0,False,False,False,False,False,False
68491,PGC068491,-0.012716778159115982,14.350000000000001,52.0,False,False,False,False,False,False
68495,PGC068495,0.1930152511007508,13.879999999999999,54.0,False,False,False,False,False,False
68502,PGC068502,0.05068718940075412,14.6,81.0,False,False,False,False,False,False
68508,UGC11976,-0.11452886003706775,14.59,85.0,False,False,False,False,False,False
68535,NGC7250,-0.32830797126283473,11.68,73.0,True,False,False,False,True,True
68552,UGC11982,-0.07242952848932749,13.65,86.0,False,False,False,False,False,False
68555,PGC068555,-0.06219429646659691,14.340000000000002,79.0,False,False,False,False,False,False
68560,PGC068560,-0.06144329071763588,13.72,48.0,False,False,False,False,False,False
68567,PGC068567,0.016387760577550203,14.29,55.0,False,False,False,False,False,False
68571,UGC11986,-0.13532880996175845,13.74,86.0,False,False,False,False,False,False
68579,PGC068579,-0.0331327590852073,14.23,53.0,False,False,False,False,False,False
68589,UGC11987,0.022640488402263514,13.75,71.0,False,False,False,False,False,False
68594,PGC068594,0.13162464628989,13.98,68.0,False,False,False,False,False,False
68613,UGC11992,-0.15827700308258308,14.16,46.0,False,False,False,False,False,False
68640,UGC11996,0.1228320557575362,13.510000000000002,85.0,False,False,False,False,False,False
68666,UGC12000,0.0340720160586625,13.99,62.0,False,False,False,False,False,False
68685,PGC068685,0.000846312856413789,13.81,73.0,False,False,False,False,False,False
68689,UGC12009,-0.19599388842512377,12.47,69.0,False,False,False,False,True,True
68691,NGC7257,0.14479152556352037,12.18,51.0,False,False,False,False,False,False
68727,UGC12010,-0.19876127257205933,12.99,84.0,False,False,False,False,False,False
68742,UGC12018,0.1765529156500132,12.629999999999999,81.0,False,False,False,False,False,False
68772,UGC12021,-0.0636115572548488,13.56,69.0,False,False,False,False,False,False
68774,NGC7275,-0.04761797076846008,12.76,87.0,False,False,False,False,False,False
68778,PGC068778,0.01000803629440794,13.9,52.0,False,False,False,False,False,False
68779,PGC068779,0.07657696688480087,13.51,76.0,False,False,False,False,False,False
68787,PGC068787,0.038140556628579514,13.89,60.0,False,False,False,False,False,False
68790,PGC068790,0.16833751926583362,13.43,69.0,False,False,False,False,False,False
68814,UGC12031,0.08099112586639068,12.64,89.0,False,False,False,False,False,False
68843,NGC7282,0.0496033825571911,11.93,73.0,False,False,False,False,False,False
68852,PGC068852,-0.14452951462238728,15.22,63.0,False,False,False,False,False,False
68871,PGC068871,-0.12133179821055418,13.33,75.0,False,False,False,False,False,False
68872,PGC068872,0.11864369041934264,13.030000000000001,87.0,False,False,False,False,False,False
68884,UGC12038,0.1318096289685502,13.03,78.0,False,False,False,False,False,False
68894,PGC068894,0.03694989402527149,13.350000000000001,85.0,False,False,False,False,False,False
68919,UGC12044,0.15990312913419125,12.209999999999999,78.0,False,False,False,False,False,False
68942,NGC7290,-0.030894449024303938,12.61,57.0,False,False,False,False,False,False
68943,PGC068943,0.029015147663637553,13.649999999999999,53.0,False,False,False,False,False,False
68946,NGC7283,0.08183713651832125,13.6,71.0,False,False,False,False,False,False
68954,PGC068954,-0.15349409545325265,14.950000000000001,52.0,False,False,False,False,False,False
68961,UGC12049,-0.4318653346192787,15.65,75.0,False,False,False,False,False,False
68963,PGC068963,0.18753857723957656,13.26,54.0,False,False,False,False,False,False
68968,UGC12050,0.09781873709192057,13.32,65.0,False,False,False,False,False,False
68977,UGC12054,-0.20447456369230999,13.32,86.0,False,False,False,False,False,False
68985,PGC068985,0.0036906267245302438,13.85,81.0,False,False,False,False,False,False
68991,UGC12056,0.16504556403353288,12.36,49.0,False,False,False,False,False,False
68996,IC1447,0.060708437062816145,12.27,57.0,False,False,False,False,False,False
69016,UGC12061,0.17467668111139734,12.48,85.0,False,False,False,False,False,False
69047,UGC12063,0.12675277220187509,13.06,74.0,False,False,False,False,False,False
69072,PGC069072,-0.15283953033188258,14.53,70.0,False,False,False,False,False,False
69077,UGC12067,0.09042616363232314,13.879999999999999,55.0,False,False,False,False,False,False
69089,UGC12068,0.22190722344842495,13.37,56.0,False,False,False,False,False,False
69092,PGC069092,0.06104028961319852,14.49,70.0,False,False,False,False,False,False
69095,UGC12071,0.18863945104046254,13.19,54.0,False,False,False,False,False,False
69099,PGC069099,-0.07747579447007302,13.81,73.0,False,False,False,False,False,False
69108,UGC12072,0.01026173247720008,14.430000000000001,86.0,False,False,False,False,False,False
69126,UGC12074,-0.1939222683832278,12.84,50.0,False,False,False,False,False,False
69148,UGC12078,0.14976862113285394,13.55,84.0,False,False,False,False,False,False
69160,PGC069160,0.11819419111722418,13.92,73.0,False,False,False,False,False,False
69172,NGC7311,0.24070134236380536,11.31,62.0,False,False,False,False,False,False
69195,PGC069195,-0.17900487512580554,14.71,71.0,False,False,False,False,False,False
69198,NGC7312,0.31779761560568565,12.68,52.0,False,False,False,False,False,False
69212,UGC12090,-0.34668600118714954,14.360000000000001,65.0,False,False,False,False,False,False
69215,UGC12093,0.13155687293873708,13.43,62.0,False,False,False,False,False,False
69224,PGC069224,-0.5049846903853779,13.98,67.0,False,False,False,False,True,True
69270,NGC7320,-0.24683431091508323,12.010000000000002,64.0,False,False,False,False,True,True
69284,PGC069284,-0.03954830209467186,14.31,86.0,False,False,False,False,False,False
69287,NGC7321,0.20988477097304248,12.2,55.0,False,False,False,False,False,False
69299,UGC12104,0.1969519824405821,13.32,87.0,False,False,False,False,False,False
69316,UGC12110,0.24044718335396364,13.33,79.0,False,False,False,False,False,False
69325,PGC069325,0.09227641806081577,14.12,67.0,False,False,False,False,False,False
69327,NGC7331,0.20945227022372226,8.26,76.0,False,False,False,False,True,True
69336,UGC12112,0.1948698400119837,14.05,88.0,False,False,False,False,False,False
69347,UGC12114,-0.2924761008100871,14.69,46.0,False,False,False,False,False,False
69349,NGC7328,0.014288414037497699,11.88,71.0,False,False,False,False,False,False
69351,UGC12119,-0.13181754910624965,14.63,63.0,False,False,False,False,False,False
69364,NGC7339,0.020121068289812083,10.940000000000001,82.0,False,False,False,False,True,True
69367,UGC12123,-0.2257760005455487,14.17,89.0,False,False,False,False,False,False
69372,PGC069372,0.15593422227828713,14.42,64.0,False,False,False,False,False,False
69394,UGC12128,0.28857948368733055,14.889999999999999,65.0,False,False,False,False,False,False
69402,UGC12132,0.07138426590283764,13.56,56.0,False,False,False,False,False,False
69404,PGC069404,-0.10653975779665936,12.04,69.0,False,False,False,False,True,True
69417,PGC069417,0.173664793324805,13.88,71.0,False,False,False,False,False,False
69428,UGC12133,0.15609820201283187,12.75,90.0,False,False,False,False,False,False
69429,UGC12134,0.10725440396348773,12.93,72.0,False,False,False,False,False,False
69433,NGC7344,0.18330282449708113,12.71,58.0,False,False,False,False,False,False
69443,NGC7347,-0.08921259498791212,12.51,82.0,False,False,False,False,False,False
69448,PGC069448,-0.07243925951648844,12.24,51.0,False,False,False,False,False,False
69450,UGC12139,0.1265959471231537,13.09,78.0,False,False,False,False,False,False
69452,PGC069452,-0.17642405609949208,14.850000000000001,52.0,False,False,False,False,False,False
69456,UGC12143,0.11539454163916218,13.22,71.0,False,False,False,False,False,False
69460,UGC12140,0.08877759396915463,13.190000000000001,73.0,False,False,False,False,False,False
69463,NGC7348,0.024816301554476894,13.55,59.0,False,False,False,False,False,False
69469,UGC12145,-0.18297044439698507,14.700000000000001,86.0,False,False,False,False,False,False
69473,UGC12146,0.076843618910162,13.889999999999999,85.0,False,False,False,False,False,False
69485,PGC069485,-0.11922965713120082,14.19,74.0,False,False,False,False,False,False
69502,UGC12155,0.14191139959019816,13.34,70.0,False,False,False,False,False,False
69529,PGC069529,0.14787973655974396,13.75,53.0,False,False,False,False,False,False
69530,NGC7356,0.2477811463347197,12.8,67.0,False,False,False,False,False,False
69531,PGC069531,0.04579578056599454,12.77,58.0,False,False,False,False,False,False
69544,NGC7357,0.14811742952471807,12.91,57.0,False,False,False,False,False,False
69553,UGC12163,0.032386540784761664,13.75,50.0,False,False,False,False,False,False
69559,UGC12164,0.2796999758346921,13.229999999999999,57.0,False,False,False,False,False,False
69561,UGC12165,-0.003396452307454112,13.43,86.0,False,False,False,False,False,False
69588,PGC069588,0.25260094946067824,14.370000000000001,73.0,False,False,False,False,False,False
69594,UGC12169,0.17112853316712906,13.920000000000002,72.0,False,False,False,False,False,False
69597,UGC12168,0.06963855069346092,13.549999999999999,88.0,False,False,False,False,False,False
69608,UGC12172,0.12166182664869885,13.15,61.0,False,False,False,False,False,False
69612,PGC069612,0.13808547854801745,13.99,55.0,False,False,False,False,False,False
69616,PGC069616,-0.05894577696563186,14.17,63.0,False,False,False,False,False,False
69650,UGC12178,-0.09460910157491087,11.75,59.0,False,False,False,False,True,True
69693,PGC069693,-0.3812963125369566,13.809999999999999,72.0,False,False,False,False,False,False
69699,PGC069699,0.0031415773414908976,14.34,52.0,False,False,False,False,False,False
69705,UGC12183,-0.12136801179737411,13.66,77.0,False,False,False,False,False,False
69709,PGC069709,-0.14169855813484222,14.16,79.0,False,False,False,False,False,False
69718,UGC12185,0.17001512475791314,12.780000000000001,62.0,False,False,False,False,False,False
69731,PGC069731,-0.025979178408729986,14.770000000000001,62.0,False,False,False,False,False,False
69739,UGC12190,0.25587485567249146,12.26,90.0,False,False,False,False,False,False
69765,UGC12191,0.06192094479734278,13.39,62.0,False,False,False,False,False,False
69770,PGC069770,0.10901203178228114,13.290000000000001,60.0,False,False,False,False,False,False
69771,UGC12194,0.11241198038746347,13.700000000000001,63.0,False,False,False,False,False,False
69774,UGC12197,0.030795291910332256,13.809999999999999,87.0,False,False,False,False,False,False
69780,UGC12196,-0.095458823675731,12.74,71.0,False,False,False,False,False,False
69787,UGC12198,0.14550621638769856,13.82,71.0,False,False,False,False,False,False
69794,UGC12200,0.2710137966495991,13.1,57.0,False,False,False,False,False,False
69803,UGC12202,0.21882766527968522,12.89,53.0,False,False,False,False,False,False
69804,PGC069804,-0.028774758461657335,14.280000000000001,51.0,False,False,False,False,False,False
69816,UGC12205,-0.3346157741265534,14.5,76.0,False,False,False,False,False,False
69851,PGC069851,0.06192094479734278,13.69,62.0,False,False,False,False,False,False
69854,PGC069854,0.10529479526333008,13.8,60.0,False,False,False,False,False,False
69857,PGC069857,-0.03686063160445041,13.93,53.0,False,False,False,False,False,False
69863,PGC069863,0.10261909248515533,13.83,74.0,False,False,False,False,False,False
69866,UGC12218,0.018737547831958246,13.44,58.0,False,False,False,False,False,False
69874,NGC7393,0.014288414037497699,11.81,71.0,False,False,False,False,False,False
69892,UGC12222,0.26270991929609355,12.8,51.0,False,False,False,False,False,False
69908,UGC12226,0.1440349989785794,13.809999999999999,64.0,False,False,False,False,False,False
69912,PGC069912,-0.15612312379156723,13.799999999999999,56.0,False,False,False,False,False,False
69916,UGC12229,0.02125958268587791,13.43,71.0,False,False,False,False,False,False
69922,NGC7407,0.20264048858345163,12.370000000000001,65.0,False,False,False,False,False,False
69947,NGC7406,-0.2556693002029409,12.600000000000001,54.0,False,False,False,False,True,True
69965,UGC12237,0.1718980534898109,13.02,81.0,False,False,False,False,False,False
69971,UGC12240,0.20308936816325351,13.59,84.0,False,False,False,False,False,False
69980,UGC12243,0.23564304999269403,13.18,83.0,False,False,False,False,False,False
69992,PGC069992,-0.09439095956458177,13.709999999999999,72.0,False,False,False,False,False,False
70000,PGC070000,-0.2432462183253965,14.38,66.0,False,False,False,False,False,False
70009,UGC12249,-0.03910215724345223,14.25,90.0,False,False,False,False,False,False
70012,PGC070012,-0.06365824457280178,13.74,76.0,False,False,False,False,False,False
70020,UGC12250,0.17658508190084987,12.47,55.0,False,False,False,False,False,False
70022,PGC070022,0.08050224498815295,14.239999999999998,72.0,False,False,False,False,False,False
70025,NGC7416,0.06415574293572224,11.18,80.0,False,False,False,False,False,False
70026,UGC12252,-0.028112695233811547,14.66,87.0,False,False,False,False,False,False
70035,PGC070035,0.004543391744819214,13.32,57.0,False,False,False,False,False,False
70063,UGC12259,-0.11387591583096235,14.13,75.0,False,False,False,False,False,False
70082,PGC070082,-0.13867755528614323,14.85,60.0,False,False,False,False,False,False
70100,PGC070100,-0.000329721710640829,14.41,69.0,False,False,False,False,False,False
70102,ESO603-031,-0.21650997701984886,13.48,61.0,False,False,False,False,False,False
70107,PGC070107,-0.20360288980606,13.780000000000001,76.0,False,False,False,False,False,False
70108,UGC12264,-0.011449283499555651,14.54,90.0,False,False,False,False,False,False
70158,UGC12279,-0.02136735421538516,13.81,89.0,False,False,False,False,False,False
70164,PGC070164,0.03812745807231943,13.46,80.0,False,False,False,False,False,False
70172,PGC070172,-0.39699900707021163,15.76,76.0,False,False,False,False,False,False
70175,UGC12281,-0.09176003468815042,12.5,90.0,False,False,False,False,False,False
70191,PGC070191,0.007954400854553345,13.87,73.0,False,False,False,False,False,False
70192,UGC12290,0.14959949979055676,12.96,88.0,False,False,False,False,False,False
70202,UGC12291,0.08918928234203305,13.73,52.0,False,False,False,False,False,False
70213,NGC7448,-0.004953867041852966,10.92,64.0,False,False,False,False,True,True
70215,PGC070215,-0.07164314437206443,14.26,64.0,False,False,False,False,False,False
70228,UGC12296,0.126019727539457,13.66,72.0,False,False,False,False,False,False
70230,PGC070230,-0.11604329854140305,14.09,69.0,False,False,False,False,False,False
70245,NGC7451,0.0843035324601824,13.01,65.0,False,False,False,False,False,False
70246,NGC7455,0.1400262984319829,13.38,52.0,False,False,False,False,False,False
70260,PGC070260,0.04013115256909838,14.42,53.0,False,False,False,False,False,False
70263,PGC070263,0.17145766410844043,13.729999999999999,67.0,False,False,False,False,False,False
70265,UGC12304,-0.0949016423016471,12.18,88.0,False,False,False,False,False,False
70266,UGC12307,-0.1795510140190042,13.74,84.0,False,False,False,False,False,False
70269,PGC070269,-0.14966688255743188,14.83,58.0,False,False,False,False,False,False
70271,UGC12308,-0.15003936296933862,13.24,85.0,False,False,False,False,False,False
70272,PGC070272,0.09379724486753549,14.280000000000001,51.0,False,False,False,False,False,False
70275,UGC12311,-0.5081783306002552,13.47,87.0,False,False,False,False,True,True
70276,PGC070276,0.1282147245217229,14.35,55.0,False,False,False,False,False,False
70285,UGC12313,-0.37777029481164925,14.14,85.0,False,False,False,False,False,False
70287,NGC7460,-0.1213152492476226,12.03,53.0,False,False,False,False,True,True
70289,PGC070289,-0.20684283538271675,13.89,63.0,False,False,False,False,False,False
70296,PGC070296,-0.09070477141387334,13.63,76.0,False,False,False,False,False,False
70297,UGC12318,0.11384672866041656,13.52,75.0,False,False,False,False,False,False
70299,NGC7466,0.13245383754486717,12.690000000000001,72.0,False,False,False,False,False,False
70301,UGC12320,0.004055324135595839,13.74,88.0,False,False,False,False,False,False
70307,UGC12321,-0.27929631825269485,14.889999999999999,87.0,False,False,False,False,False,False
70309,PGC070309,-0.2796191686740537,14.350000000000001,63.0,False,False,False,False,False,False
70321,UGC12327,0.0910646070264991,14.54,90.0,False,False,False,False,False,False
70323,IC5282,0.09564431704809273,12.84,62.0,False,False,False,False,False,False
70330,UGC12331,-0.03925439914572859,13.63,58.0,False,False,False,False,False,False
70337,PGC070337,0.10049621676739395,14.56,58.0,False,False,False,False,False,False
70355,PGC070355,0.20560944641030954,14.23,45.0,False,False,False,False,False,False
70360,PGC070360,0.170370023252854,13.72,58.0,False,False,False,False,False,False
70366,PGC070366,-0.10568342623381888,13.219999999999999,53.0,False,False,False,False,False,False
70367,PGC070367,0.09093512024678585,13.84,61.0,False,False,False,False,False,False
70375,PGC070375,-0.10389254519128288,14.23,85.0,False,False,False,False,False,False
70376,PGC070376,-0.010017635913960099,14.3,54.0,False,False,False,False,False,False
70392,PGC070392,-0.11537815610150792,13.87,56.0,False,False,False,False,False,False
70399,PGC070399,0.07952014323054479,12.91,80.0,False,False,False,False,False,False
70400,PGC070400,-0.12873319787594406,14.07,74.0,False,False,False,False,False,False
70404,UGC12340,-0.4634180675586226,14.520000000000001,77.0,False,False,False,False,False,False
70410,PGC070410,-0.013283139278082778,13.7,78.0,False,False,False,False,False,False
70413,IC1467,-0.06644563600898135,13.13,70.0,False,False,False,False,False,False
70420,UGC12344,-0.34360475238884103,13.809999999999999,86.0,False,False,False,False,False,False
70433,UGC12350,-0.2113186983615205,12.790000000000001,81.0,False,False,False,False,False,False
70434,PGC070434,0.10278733204318202,13.14,63.0,False,False,False,False,False,False
70435,UGC12348,0.12362973743857886,12.790000000000001,73.0,False,False,False,False,False,False
70447,UGC12351,-0.4657148194396714,13.959999999999999,76.0,False,False,False,False,True,True
70451,PGC070451,-0.10260386806507915,13.959999999999999,56.0,False,False,False,False,False,False
70460,UGC12355,-0.04930666305185927,14.16,80.0,False,False,False,False,False,False
70461,UGC12357,0.0063356236484684025,13.26,80.0,False,False,False,False,False,False
70466,PGC070466,-0.07140888417260705,13.43,57.0,False,False,False,False,False,False
70467,UGC12354,-0.09241751446312119,13.42,68.0,False,False,False,False,False,False
70481,UGC12362,0.04530217323274188,13.049999999999999,77.0,False,False,False,False,False,False
70482,UGC12361,-0.29872027465583617,14.77,81.0,False,False,False,False,False,False
70487,UGC12363,-0.0502071625879732,13.17,63.0,False,False,False,False,False,False
70492,IC5284,-0.1213374579734472,12.620000000000001,88.0,False,False,False,False,False,False
70493,PGC070493,0.19749387639121796,13.48,74.0,False,False,False,False,False,False
70497,IC5285,0.16876280055248394,11.94,49.0,False,False,False,False,False,False
70498,UGC12367,-0.05959012838111111,14.49,82.0,False,False,False,False,False,False
70507,UGC12370,-0.09770744073807958,13.709999999999999,78.0,False,False,False,False,False,False
70510,UGC12369,-0.20644896408611624,14.86,53.0,False,False,False,False,False,False
70512,PGC070512,0.1863923009519648,12.83,82.0,False,False,False,False,False,False
70516,UGC12374,0.2551270752643249,12.98,63.0,False,False,False,False,False,False
70524,PGC070524,0.04293175815902339,13.37,72.0,False,False,False,False,False,False
70525,PGC070525,0.025385308282169117,13.18,82.0,False,False,False,False,False,False
70531,PGC070531,-0.046678989982589236,13.66,74.0,False,False,False,False,False,False
70532,NGC7489,0.12667396506805817,12.31,58.0,False,False,False,False,False,False
70535,UGC12380,-0.03461372429500509,13.99,48.0,False,False,False,False,False,False
70537,UGC12383,0.2249802566688004,12.85,63.0,False,False,False,False,False,False
70541,UGC12382,-0.08004425151024197,13.81,90.0,False,False,False,False,False,False
70544,UGC12386,0.04382378437695911,14.4,56.0,False,False,False,False,False,False
70546,NGC7491,-0.014958790156620605,13.35,53.0,False,False,False,False,False,False
70558,UGC12388,-0.08011006148276056,13.6,75.0,False,False,False,False,False,False
70569,NGC7497,-0.06543531510442957,10.8,79.0,False,False,False,False,True,True
70579,PGC070579,-0.11373573284699878,14.040000000000001,82.0,False,False,False,False,False,False
70585,UGC12395,0.0735817970019248,13.389999999999999,81.0,False,False,False,False,False,False
70594,PGC070594,0.1510766494673308,13.73,51.0,False,False,False,False,False,False
70602,PGC070602,-0.08297311212767111,14.280000000000001,71.0,False,False,False,False,False,False
70615,UGC12398,0.13208364900752478,13.72,85.0,False,False,False,False,False,False
70637,UGC12403,-0.19047755194110572,14.889999999999999,75.0,False,False,False,False,False,False
70646,UGC12405,0.22141491383452871,14.059999999999999,66.0,False,False,False,False,False,False
70664,UGC12410,0.1283889300503116,13.040000000000001,90.0,False,False,False,False,False,False
70666,UGC12407,0.11949302554603491,12.950000000000001,63.0,False,False,False,False,False,False
70691,NGC7511,0.023367211060697723,13.07,60.0,False,False,False,False,False,False
70693,PGC070693,-0.08727121844163355,13.6,72.0,False,False,False,False,False,False
70702,IC1474,-0.054189982105347756,12.74,66.0,False,False,False,False,False,False
70708,UGC12423,0.1867024194530651,11.850000000000001,89.0,False,False,False,False,False,False
70712,NGC7518,-0.5647100310116508,12.3,50.0,False,False,False,False,True,False
70720,UGC12427,-0.2168896547966912,14.4,80.0,False,False,False,False,False,False
70723,UGC12426,-0.1241924438437989,14.14,86.0,False,False,False,False,False,False
70726,NGC7523,-0.014612984107919225,13.21,81.0,False,False,False,False,False,False
70734,UGC12430,-0.12708799702989326,13.25,90.0,False,False,False,False,False,False
70735,UGC12429,-0.12780721041708398,13.629999999999999,55.0,False,False,False,False,False,False
70746,UGC12432,-0.0010938525031494173,13.709999999999999,87.0,False,False,False,False,False,False
70756,UGC12434,-0.25641812956145627,13.58,79.0,False,False,False,False,False,False
70765,NGC7536,0.04919151736146743,12.459999999999999,67.0,False,False,False,False,False,False
70771,UGC12440,0.29184877296601996,13.44,67.0,False,False,False,False,False,False
70773,PGC070773,-0.21813493755993818,14.63,72.0,False,False,False,False,False,False
70774,UGC12441,-0.07569491591709498,14.32,86.0,False,False,False,False,False,False
70785,NGC7543,0.1543864760384861,12.14,47.0,False,False,False,False,False,False
70786,NGC7537,0.013386289059436063,12.1,78.0,False,False,False,False,False,False
70789,PGC070789,-0.058925895161375585,14.33,68.0,False,False,False,False,False,False
70790,PGC070790,0.051614664468831783,13.459999999999999,75.0,False,False,False,False,False,False
70793,PGC070793,-0.038042947097354674,14.03,86.0,False,False,False,False,False,False
70794,UGC12448,0.13203936272042194,13.89,87.0,False,False,False,False,False,False
70795,NGC7541,0.13414955252404415,10.63,75.0,True,False,False,False,True,True
70797,PGC070797,0.12404515818103601,13.54,51.0,False,False,False,False,False,False
70799,PGC070799,-0.20184271469306214,14.51,73.0,False,False,False,False,False,False
70803,UGC12451,-0.27823613797744384,14.07,85.0,False,False,False,False,False,False
70812,PGC070812,-0.1878683354571109,14.19,71.0,False,False,False,False,False,False
70818,UGC12452,-0.03313237964589044,13.450000000000001,90.0,False,False,False,False,False,False
70823,UGC12458,0.09769518592551218,13.65,90.0,False,False,False,False,False,False
70832,NGC7549,-0.0896623002675665,12.06,66.0,False,False,False,False,False,False
70843,NGC7564,0.03223968384873954,13.899999999999999,55.0,False,False,False,False,False,False
70847,IC5296,0.035281735232641775,13.64,59.0,False,False,False,False,False,False
70848,UGC12459,-0.03665501019024875,13.850000000000001,76.0,False,False,False,False,False,False
70851,PGC070851,-0.021286737069107442,13.43,51.0,False,False,False,False,False,False
70856,PGC070856,-0.06814969549974847,13.69,49.0,False,False,False,False,False,False
70866,UGC12462,0.2732776889530206,13.16,81.0,False,False,False,False,False,False
70871,PGC070871,0.09487287449456083,14.47,71.0,False,False,False,False,False,False
70876,UGC12466,0.09132453975542143,13.19,48.0,False,False,False,False,False,False
70879,PGC070879,-0.0755191846703922,14.75,54.0,False,False,False,False,False,False
70880,NGC7562A,-0.19040140597524324,13.72,82.0,False,False,False,False,False,False
70885,NGC7567,-0.44653475275168564,13.540000000000001,82.0,False,False,False,False,True,True
70892,NGC7568,0.14047681046382987,13.3,53.0,False,False,False,False,False,False
70894,UGC12471,-0.34893177621491,14.3,79.0,False,False,False,False,False,False
70897,PGC070897,-0.3405782977586531,13.53,86.0,False,False,False,False,True,False
70901,NGC7566,0.21192080407102054,12.440000000000001,64.0,False,False,False,False,False,False
70902,PGC070902,0.07706498801276718,13.42,74.0,False,False,False,False,False,False
70910,PGC070910,0.29917045762574856,13.12,81.0,False,False,False,False,False,False
70911,PGC070911,-0.22185434548815497,14.57,48.0,False,False,False,False,False,False
70912,NGC7570,-0.16740839630339766,12.190000000000001,54.0,False,False,False,False,True,True
70925,UGC12475,-0.15554157612411768,13.45,89.0,False,False,False,False,False,False
70927,PGC070927,-0.13523008937594394,13.73,51.0,False,False,False,False,False,False
70953,UGC12479,-0.0061181960888267994,13.25,70.0,False,False,False,False,False,False
70958,PGC070958,0.11676163729792233,14.83,66.0,False,False,False,False,False,False
70967,PGC070967,0.04173162329007063,14.040000000000001,69.0,False,False,False,False,False,False
70974,NGC7604,-0.15407845806605325,13.49,57.0,False,False,False,False,False,False
70981,NGC7593,-0.05308622863109713,12.85,56.0,False,False,False,False,False,False
70991,IC1478,0.2562432639441048,12.799999999999999,59.0,False,False,False,False,False,False
70995,NGC7589,0.11224152128630838,13.32,59.0,False,False,False,False,False,False
70996,NGC7591,0.13221200898200713,11.89,61.0,False,False,False,False,False,False
70998,PGC070998,-0.39513706889794564,13.24,86.0,False,False,False,False,True,True
71002,PGC071002,0.08401928290300242,13.82,81.0,False,False,False,False,False,False
71010,PGC071010,0.09497658639156503,14.200000000000001,49.0,False,False,False,False,False,False
71017,UGC12488,-0.2107859288390186,14.86,75.0,False,False,False,False,False,False
71018,UGC12489,0.20441515791821407,13.31,88.0,False,False,False,False,False,False
71030,UGC12495,-0.1780787344698198,13.87,57.0,False,False,False,False,False,False
71034,UGC12494,-0.1668804431399371,13.819999999999999,75.0,False,False,False,False,False,False
71046,UGC12499,-0.19838768184362676,14.780000000000001,64.0,False,False,False,False,False,False
71049,UGC12501,-0.08300022110183969,13.58,81.0,False,False,False,False,False,False
71051,IC5309,-0.008184364078100081,12.74,62.0,False,False,False,False,False,False
71052,UGC12497,-0.2953535855098228,13.930000000000001,83.0,False,False,False,False,False,False
71053,UGC12502,0.24442759698879923,13.559999999999999,72.0,False,False,False,False,False,False
71055,NGC7608,-0.0461934276277165,12.700000000000001,80.0,False,False,False,False,False,False
71059,PGC071059,-0.1593105678090554,14.61,53.0,False,False,False,False,False,False
71078,UGC12506,0.15417654187796037,12.67,90.0,False,False,False,False,False,False
71080,PGC071080,0.0077078032478161695,13.870000000000001,80.0,False,False,False,False,False,False
71084,UGC12508,-0.013109846689757454,13.5,59.0,False,False,False,False,False,False
71087,NGC7610,0.028672183561306408,12.5,46.0,False,False,False,False,False,False
71093,UGC12513,-0.21338348084612901,15.51,86.0,False,False,False,False,False,False
71094,UGC12514,-0.038616173414753874,14.389999999999999,55.0,False,False,False,False,False,False
71097,NGC7615,-0.10662172339190201,13.52,66.0,False,False,False,False,False,False
71100,PGC071100,0.20332255492590168,13.43,78.0,False,False,False,False,False,False
71102,UGC12519,-0.004424093476607105,12.88,77.0,False,False,False,False,False,False
71108,PGC071108,-0.2641710056867961,14.07,81.0,False,False,False,False,False,False
71110,UGC12518,0.06235901464724636,12.68,89.0,False,False,False,False,False,False
71119,PGC071119,-0.0636115572548488,14.01,69.0,False,False,False,False,False,False
71126,NGC7624,0.024162644869225147,12.180000000000001,53.0,False,False,False,False,False,False
71144,PGC071144,-0.04242887121955752,14.649999999999999,66.0,False,False,False,False,False,False
71149,UGC12533,0.20243053644552544,12.84,90.0,False,False,False,False,False,False
71155,UGC12535,-0.24172583142356574,13.61,87.0,False,False,False,False,False,False
71156,PGC071156,-0.3827617486706867,14.0,80.0,False,False,False,False,False,False
71159,PGC071159,-0.3118298230081633,13.87,68.0,False,False,False,False,False,False
71162,PGC071162,-0.16037761789071414,14.18,62.0,False,False,False,False,False,False
71165,UGC12537,0.21189234453094263,12.950000000000001,57.0,False,False,False,False,False,False
71166,UGC12538,-0.0316252694692607,13.25,71.0,False,False,False,False,False,False
71171,PGC071171,-0.18398856061363844,13.44,74.0,False,False,False,False,False,False
71176,NGC7630,0.2705239482854931,13.290000000000001,70.0,False,False,False,False,False,False
71177,PGC071177,0.15374008391586136,14.0,81.0,False,False,False,False,False,False
71181,NGC7631,0.07324367242786245,11.96,72.0,False,False,False,False,False,False
71183,PGC071183,0.2169095332929154,13.91,56.0,False,False,False,False,False,False
71184,UGC12543,-0.04003311892289796,14.11,80.0,False,False,False,False,False,False
71191,PGC071191,-0.2049381801311574,14.67,87.0,False,False,False,False,False,False
71193,UGC12546,0.036986356752373606,13.45,74.0,False,False,False,False,False,False
71201,PGC071201,-0.31799501466011515,13.84,48.0,False,False,False,False,False,False
71204,UGC12547,-0.16834909552518607,13.709999999999999,58.0,False,False,False,False,False,False
71206,PGC071206,-0.012321000464714515,13.59,68.0,False,False,False,False,False,False
71208,UGC12549,-0.36815000161754297,15.01,77.0,False,False,False,False,False,False
71221,UGC12552,0.16600712185129973,13.15,83.0,False,False,False,False,False,False
71223,UGC12551,0.1003286600297284,13.99,73.0,False,False,False,False,False,False
71234,UGC12557,0.2333757500566369,12.5,80.0,False,False,False,False,False,False
71240,PGC071240,-0.255878587165947,14.09,65.0,False,False,False,False,False,False
71241,NGC7641,0.27232170672292,12.26,90.0,False,False,False,False,False,False
71244,UGC12555,-0.13402493940427407,14.66,82.0,False,False,False,False,False,False
71250,PGC071250,-0.030726938079162824,14.129999999999999,81.0,False,False,False,False,False,False
71260,UGC12562,-0.3030411374446689,14.59,86.0,False,False,False,False,False,False
71261,NGC7643,0.047874266833507484,12.33,65.0,False,False,False,False,False,False
71262,UGC12561,-0.22155220442037926,14.36,77.0,False,False,False,False,False,False
71263,UGC12564,0.20151570349310077,13.53,76.0,False,False,False,False,False,False
71266,PGC071266,-0.04659552459247074,14.39,60.0,False,False,False,False,False,False
71278,PGC071278,0.11224152128630838,14.32,59.0,False,False,False,False,False,False
71279,PGC071279,-0.17443404854082756,14.9,78.0,False,False,False,False,False,False
71288,UGC12571,-0.009615391028856557,13.01,64.0,False,False,False,False,False,False
71292,PGC071292,0.20751948626642003,13.38,85.0,False,False,False,False,False,False
71333,UGC12577,0.23719264270473728,13.120000000000001,90.0,False,False,False,False,False,False
71351,PGC071351,0.008429849573649228,14.51,61.0,False,False,False,False,False,False
71354,UGC12583,-0.07485372229051812,14.19,88.0,False,False,False,False,False,False
71359,UGC12581,0.1845411038881255,13.2,45.0,False,False,False,False,False,False
71360,UGC12580,-0.25342812203975296,12.93,86.0,False,False,False,False,True,False
71363,UGC12585,-0.40988495440007666,13.639999999999999,47.0,False,False,False,False,True,False
71382,PGC071382,0.04247631126130047,13.4,60.0,False,False,False,False,False,False
71389,PGC071389,-0.05427094076582595,13.21,83.0,False,False,False,False,False,False
71404,PGC071404,0.10015506452759482,14.040000000000001,57.0,False,False,False,False,False,False
71406,PGC071406,0.02455366267401482,13.420000000000002,73.0,False,False,False,False,False,False
71420,UGC12596,0.24834995117847036,13.22,69.0,False,False,False,False,False,False
71421,PGC071421,0.19730121520115018,14.04,69.0,False,False,False,False,False,False
71426,UGC12597,-0.2792089182807622,15.01,77.0,False,False,False,False,False,False
71429,PGC071429,-0.15636726193984574,13.82,50.0,False,False,False,False,False,False
71445,PGC071445,0.03501127452292607,13.94,72.0,False,False,False,False,False,False
71446,PGC071446,-0.1877627672684823,14.129999999999999,65.0,False,False,False,False,False,False
71448,PGC071448,-0.278617592150312,14.14,62.0,False,False,False,False,False,False
71449,PGC071449,-0.25122379711458853,14.43,63.0,False,False,False,False,False,False
71450,NGC7664,0.08015200488842344,11.719999999999999,59.0,False,False,False,False,False,False
71461,PGC071461,-0.09582026867808491,14.14,86.0,False,False,False,False,False,False
71488,UGC12604,0.17315840372825475,13.71,62.0,False,False,False,False,False,False
71490,UGC12603,0.1571220030478755,13.23,89.0,False,False,False,False,False,False
71508,PGC071508,0.17921218486696677,13.71,65.0,False,False,False,False,False,False
71511,UGC12609,-0.12577677064009585,13.69,60.0,False,False,False,False,False,False
71513,PGC071513,0.08828372641805116,13.049999999999999,76.0,False,False,False,False,False,False
71515,PGC071515,0.17619274409318786,13.43,65.0,False,False,False,False,False,False
71517,NGC7677,0.03274327945755795,12.46,51.0,False,False,False,False,False,False
71529,PGC071529,-0.18554529915517426,13.92,57.0,False,False,False,False,False,False
71539,PGC071539,-0.27029630595768994,14.31,78.0,False,False,False,False,False,False
71546,UGC12619,-0.15101947632539714,14.100000000000001,52.0,False,False,False,False,False,False
71556,PGC071556,-0.10692764892201634,13.389999999999999,54.0,False,False,False,False,False,False
71560,PGC071560,0.03274327945755795,13.82,51.0,False,False,False,False,False,False
71567,PGC071567,-0.2849462177917763,14.03,47.0,False,False,False,False,False,False
71568,UGC12624,-0.2629025375916614,14.26,80.0,False,False,False,False,False,False
71569,UGC12625,0.22451488218128324,12.58,86.0,False,False,False,False,False,False
71573,UGC12626,0.15051794377311634,13.309999999999999,79.0,False,False,False,False,False,False
71577,PGC071577,0.07765832646180071,14.399999999999999,53.0,False,False,False,False,False,False
71587,UGC12629,0.13309954299567295,12.91,85.0,False,False,False,False,False,False
71589,PGC071589,0.08745336020141803,13.08,58.0,False,False,False,False,False,False
71590,PGC071590,0.10387953003891504,13.870000000000001,69.0,False,False,False,False,False,False
71594,UGC12630,0.1582815708083527,13.110000000000001,72.0,False,False,False,False,False,False
71597,UGC12631,0.15753447095822892,13.1,76.0,False,False,False,False,False,False
71608,PGC071608,0.10384701495872495,14.24,64.0,False,False,False,False,False,False
71615,PGC071615,-0.19386574844444393,13.950000000000001,47.0,False,False,False,False,False,False
71636,UGC12641,-0.2539004733402095,13.92,79.0,False,False,False,False,False,False
71637,UGC12640,-0.19574473243341384,13.7,86.0,False,False,False,False,False,False
71657,UGC12644,-0.14252932811744357,13.73,51.0,False,False,False,False,False,False
71658,UGC12643,-0.10137210755005022,14.979999999999999,57.0,False,False,False,False,False,False
71659,UGC12645,-0.06988588514766914,13.139999999999999,65.0,False,False,False,False,False,False
71669,PGC071669,0.13299263493137836,14.08,69.0,False,False,False,False,False,False
71677,IC1498,0.1874813201431138,11.87,79.0,False,False,False,False,False,False
71688,UGC12650,-0.03253678593864073,12.979999999999999,87.0,False,False,False,False,False,False
71689,UGC12651,-0.025910925732619994,14.31,60.0,False,False,False,False,False,False
71703,UGC12653,-0.08048396751154341,12.899999999999999,77.0,False,False,False,False,False,False
71709,UGC12658,-0.2807772507964592,14.49,59.0,False,False,False,False,False,False
71723,PGC071723,-0.22835090522106993,14.28,64.0,False,False,False,False,False,False
71728,NGC7694,-0.3137811005456963,12.5,64.0,False,False,False,False,True,True
71731,IC5329,0.020423587482968575,13.120000000000001,87.0,False,False,False,False,False,False
71733,PGC071733,-0.29272842318359027,14.23,52.0,False,False,False,False,False,False
71737,UGC12661,-0.037006408393793766,12.7,87.0,False,False,False,False,False,False
71740,IC5331,0.09579757294472735,12.91,74.0,False,False,False,False,False,False
71746,UGC12664,-0.08797636867014269,14.26,58.0,False,False,False,False,False,False
71750,UGC12666,-0.036823169402180334,12.92,70.0,False,False,False,False,False,False
71751,PGC071751,-0.0691323601067797,13.47,46.0,False,False,False,False,False,False
71753,UGC12667,-0.08012932176143073,12.47,53.0,False,False,False,False,False,False
71754,PGC071754,-0.09799508383340694,13.540000000000001,72.0,False,False,False,False,False,False
71770,UGC12670,0.14235528240413364,13.87,67.0,False,False,False,False,False,False
71780,UGC12673,-0.2659446794617488,15.08,86.0,False,False,False,False,False,False
71784,IC5334,0.026791503952229068,11.85,78.0,False,False,False,False,False,False
71785,UGC12675,-0.38213311063698585,13.620000000000001,87.0,False,False,False,False,True,False
71786,IC1501,0.004221709787059602,13.059999999999999,64.0,False,False,False,False,False,False
71795,UGC12678,0.2038869718259111,12.969999999999999,87.0,False,False,False,False,False,False
71796,UGC12677,-0.12853960215947868,14.0,56.0,False,False,False,False,False,False
71802,UGC12680,0.08346341504703769,13.62,88.0,False,False,False,False,False,False
71804,UGC12681,-0.34678681023246627,13.94,66.0,False,False,False,False,False,False
71831,UGC12689,0.20520972698589635,12.23,86.0,False,False,False,False,False,False
71838,UGC12692,-0.14423578687009808,13.020000000000001,85.0,False,False,False,False,False,False
71839,UGC12693,-0.1575111689870221,14.18,89.0,False,False,False,False,False,False
71880,UGC12701,0.056153658724416466,13.93,86.0,False,False,False,False,False,False
71890,UGC12705,-0.18264836286013475,14.0,54.0,False,False,False,False,False,False
71895,UGC12707,-0.15877357927443292,13.309999999999999,57.0,False,False,False,False,False,False
71915,PGC071915,-0.02766772999087186,13.700000000000001,47.0,False,False,False,False,False,False
71919,PGC071919,0.01855361677857781,14.319999999999999,54.0,False,False,False,False,False,False
71940,PGC071940,0.10078663266819632,14.39,49.0,False,False,False,False,False,False
71944,PGC071944,-0.3199638425607332,14.450000000000001,86.0,False,False,False,False,False,False
71962,PGC071962,-0.027746402874391674,14.28,54.0,False,False,False,False,False,False
71969,UGC12714,-0.03355793840548449,13.450000000000001,86.0,False,False,False,False,False,False
71972,PGC071972,0.03081669871630721,13.52,60.0,False,False,False,False,False,False
71982,IC1503,0.0021167762728322437,13.19,65.0,False,False,False,False,False,False
72001,NGC7721,-0.000589372688740486,10.73,73.0,False,False,False,False,True,True
72004,PGC072004,-0.06498802961294059,13.91,75.0,False,False,False,False,False,False
72006,PGC072006,-0.3344682799676528,14.040000000000001,73.0,False,False,False,False,False,False
72020,UGC12720,-0.00046533304662732533,13.379999999999999,81.0,False,False,False,False,False,False
72024,UGC12721,0.11839077008144727,12.899999999999999,72.0,False,False,False,False,False,False
72030,UGC12722,0.11808736629040073,13.28,61.0,False,False,False,False,False,False
72042,UGC12724,-0.1037699590327934,14.28,70.0,False,False,False,False,False,False
72046,PGC072046,-0.5158630418955172,15.200000000000001,54.0,False,False,False,False,False,False
72075,PGC072075,-0.3346157741265534,15.05,76.0,False,False,False,False,False,False
72083,NGC7729,0.24205834284299632,11.97,77.0,False,False,False,False,False,False
72084,PGC072084,0.2626670238535902,13.38,56.0,False,False,False,False,False,False
72086,UGC12731,0.21018351530258794,12.86,89.0,False,False,False,False,False,False
72106,PGC072106,0.25821578575203263,13.590000000000002,58.0,False,False,False,False,False,False
72118,UGC12735,0.2650632625428986,13.34,54.0,False,False,False,False,False,False
72131,NGC7732,-0.1656107155402533,12.89,79.0,False,False,False,False,False,False
72145,UGC12742,-0.06416673355049873,13.33,51.0,False,False,False,False,False,False
72148,UGC12741,0.09402085716600972,12.83,76.0,False,False,False,False,False,False
72169,PGC072169,0.08058857478392589,13.58,82.0,False,False,False,False,False,False
72172,PGC072172,-0.10831414436131803,14.69,71.0,False,False,False,False,False,False
72188,UGC12746,0.15573402851863216,12.66,87.0,False,False,False,False,False,False
72190,PGC072190,-0.061076364390662,14.54,65.0,False,False,False,False,False,False
72193,UGC12747,-0.2777295577144536,13.63,59.0,False,False,False,False,False,False
72201,PGC072201,0.1300962226112894,14.08,76.0,False,False,False,False,False,False
72205,UGC12748,-0.058250577055254826,13.549999999999999,72.0,False,False,False,False,False,False
72209,UGC12749,0.2386313977545118,13.02,72.0,False,False,False,False,False,False
72218,UGC12752,-0.013505963759781192,13.899999999999999,54.0,False,False,False,False,False,False
72233,UGC12755,0.2591084777043733,12.63,58.0,False,False,False,False,False,False
72237,NGC7741,-0.14227722851027513,10.610000000000001,53.0,False,False,False,False,True,True
72240,UGC12756,0.07186764758090547,13.67,53.0,False,False,False,False,False,False
72252,PGC072252,-0.2332597041136779,12.860000000000001,57.0,False,False,False,False,True,True
72269,PGC072269,0.11673807250690427,13.559999999999999,57.0,False,False,False,False,False,False
72274,UGC12762,-0.08498491598612024,13.66,55.0,False,False,False,False,False,False
72275,PGC072275,-0.21658098173403806,14.16,84.0,False,False,False,False,False,False
72280,UGC12761,-0.01833728306034832,14.24,85.0,False,False,False,False,False,False
72298,PGC072298,-0.03490753609819297,14.0,63.0,False,False,False,False,False,False
72301,UGC12766,0.036970123808649724,14.56,79.0,False,False,False,False,False,False
72306,PGC072306,0.07594213142869632,13.63,77.0,False,False,False,False,False,False
72328,NGC7747,0.24688819553645613,12.42,72.0,False,False,False,False,False,False
72329,UGC12771,-0.5615182232698173,15.02,73.0,False,False,False,False,False,False
72335,PGC072335,-0.16491959589970318,15.200000000000001,54.0,False,False,False,False,False,False
72345,IC1508,-0.014507668747137714,12.28,77.0,False,False,False,False,False,False
72350,ESO606-007,-0.34989456481746073,14.559999999999999,68.0,False,False,False,False,False,False
72354,UGC12775,0.128330361352349,13.6,68.0,False,False,False,False,False,False
72367,NGC7750,-0.09907413809124499,12.05,60.0,False,False,False,False,True,True
72372,PGC072372,0.20821652608599184,12.840000000000002,80.0,False,False,False,False,False,False
72387,NGC7753,0.17052298570513003,11.120000000000001,53.0,False,False,False,False,False,False
72398,PGC072398,0.0032284571866174616,14.09,47.0,False,False,False,False,False,False
72411,PGC072411,0.128758325899061,13.4,63.0,False,False,False,False,False,False
72438,PGC072438,0.10947867807594269,13.61,78.0,False,False,False,False,False,False
72439,PGC072439,0.16240679433875815,14.49,61.0,False,False,False,False,False,False
72460,UGC12787,-0.06219429646659691,12.959999999999999,79.0,False,False,False,False,False,False
72470,PGC072470,0.06734365834793721,13.51,70.0,False,False,False,False,False,False
72489,PGC072489,-0.06008882113005942,14.57,51.0,False,False,False,False,False,False
72494,UGC12791,-0.5625276507547121,14.21,79.0,False,False,False,False,True,True
72501,PGC072501,-0.24701257903028795,14.149999999999999,53.0,False,False,False,False,False,False
72506,UGC12792,0.1692124465577316,13.07,63.0,False,False,False,False,False,False
72528,PGC072528,-0.1232464135977418,14.62,64.0,False,False,False,False,False,False
72535,UGC12798,0.048198437460631904,12.61,85.0,False,False,False,False,False,False
72542,PGC072542,-0.09869665754574575,14.34,50.0,False,False,False,False,False,False
72545,PGC072545,0.13830551229520216,13.4,75.0,False,False,False,False,False,False
72549,UGC12799,-0.15829421622566953,14.459999999999999,83.0,False,False,False,False,False,False
72567,PGC072567,0.15763979994707666,13.42,74.0,False,False,False,False,False,False
72583,UGC12802,0.003790683057180999,14.290000000000001,90.0,False,False,False,False,False,False
72591,PGC072591,0.07763286176154516,14.3,48.0,False,False,False,False,False,False
72599,UGC12807,0.0977613361162839,14.620000000000001,89.0,False,False,False,False,False,False
72604,PGC072604,0.23203314763722194,13.639999999999999,65.0,False,False,False,False,False,False
72618,UGC12810,0.1377437261113883,12.629999999999999,72.0,False,False,False,False,False,False
72631,UGC12812,-0.14630125200118682,14.52,77.0,False,False,False,False,False,False
72651,PGC072651,-0.020567818247267944,14.67,54.0,False,False,False,False,False,False
72659,UGC12816,-0.048480343287466976,13.270000000000001,63.0,False,False,False,False,False,False
72661,UGC12817,0.16377214788021544,13.49,78.0,False,False,False,False,False,False
72670,PGC072670,-0.19551492458959396,14.56,62.0,False,False,False,False,False,False
72680,UGC12818,-0.04745932158120336,13.19,59.0,False,False,False,False,False,False
72685,PGC072685,0.1412869509337269,13.17,52.0,False,False,False,False,False,False
72749,UGC12828,-0.1946486305533761,14.03,90.0,False,False,False,False,False,False
72751,PGC072751,0.03763219954953856,13.77,51.0,False,False,False,False,False,False
72759,UGC12830,0.049598855733037794,13.209999999999999,87.0,False,False,False,False,False,False
72773,IC1513,0.09118963070437358,13.059999999999999,74.0,False,False,False,False,False,False
72782,PGC072782,-0.04441376949489628,13.870000000000001,53.0,False,False,False,False,False,False
72784,PGC072784,0.08289825562459718,13.909999999999998,64.0,False,False,False,False,False,False
72788,NGC7782,0.31099717244255976,11.37,61.0,False,False,False,False,False,False
72790,UGC12836,0.04683848149183234,12.88,72.0,False,False,False,False,False,False
72838,PGC072838,-0.18465526457118564,14.43,49.0,False,False,False,False,False,False
72863,PGC072863,0.10969297711685044,13.530000000000001,76.0,False,False,False,False,False,False
72879,PGC072879,0.11948886038049933,13.790000000000001,72.0,False,False,False,False,False,False
72882,UGC12843,-0.285528028284574,13.0,63.0,False,False,False,False,True,True
72888,UGC12844,0.06347172870438467,13.73,73.0,False,False,False,False,False,False
72892,UGC12845,-0.028228109360396658,12.82,50.0,False,False,False,False,False,False
72926,UGC12850,0.013486101536952066,13.77,66.0,False,False,False,False,False,False
72930,NGC7787,0.036858989977185175,12.91,81.0,False,False,False,False,False,False
72968,PGC072968,0.021271023598933958,14.32,79.0,False,False,False,False,False,False
72973,UGC12854,0.09138606858180465,13.57,60.0,False,False,False,False,False,False
72977,UGC12856,-0.2660187211410552,13.29,72.0,False,False,False,False,False,False
72981,PGC072981,0.2673255572068065,12.74,64.0,False,False,False,False,False,False
72983,UGC12857,-0.11872954814229653,12.31,86.0,False,False,False,False,False,False
72985,PGC072985,0.27556571379617045,13.56,52.0,False,False,False,False,False,False
72995,UGC12859,0.052855311123187754,12.809999999999999,77.0,False,False,False,False,False,False
72996,UGC12860,0.021253916646609028,12.889999999999999,81.0,False,False,False,False,False,False
73004,PGC073004,0.13622223485295049,14.280000000000001,52.0,False,False,False,False,False,False
73009,PGC073009,-0.0745838055051582,14.020000000000001,49.0,False,False,False,False,False,False
73021,UGC12863,0.11624295025528442,13.97,80.0,False,False,False,False,False,False
73023,UGC12864,-0.033240376730730326,12.96,63.0,False,False,False,False,False,False
73053,UGC12866,0.02276116445602039,14.559999999999999,82.0,False,False,False,False,False,False
73079,PGC073079,-0.042513134155461874,14.459999999999999,53.0,False,False,False,False,False,False
73102,UGC12871,-0.002236923978650829,13.450000000000001,50.0,False,False,False,False,False,False
73103,NGC7794,0.044066309554948724,12.17,51.0,False,False,False,False,False,False
73118,PGC073118,-0.1682278114301674,14.76,47.0,False,False,False,False,False,False
73123,PGC073123,0.08300618165017237,13.45,74.0,False,False,False,False,False,False
73139,IC1522,0.11711621322526389,13.18,75.0,False,False,False,False,False,False
73145,PGC073145,-0.06404533929740719,15.059999999999999,68.0,False,False,False,False,False,False
73148,PGC073148,-0.15860791717394696,14.63,75.0,False,False,False,False,False,False
73154,UGC12881,0.01220078418911319,12.520000000000001,85.0,False,False,False,False,False,False
73156,NGC7799,-0.15534308523647455,14.48,88.0,False,False,False,False,False,False
73176,PGC073176,0.11759593482814878,13.29,87.0,False,False,False,False,False,False
73199,PGC073199,0.014152559034250167,14.52,70.0,False,False,False,False,False,False
73236,PGC073236,-0.22524655702907026,14.950000000000001,87.0,False,False,False,False,False,False
73244,PGC073244,-0.17303689814045642,14.57,76.0,False,False,False,False,False,False
73275,PGC073275,-0.01833728306034832,14.39,85.0,False,False,False,False,False,False
73288,PGC073288,-0.24267787863746415,14.48,72.0,False,False,False,False,False,False
73583,PGC073583,-0.24910725925092025,15.129999999999999,81.0,False,False,False,False,False,False
73705,PGC073705,-0.06715852006093748,15.37,78.0,False,False,False,False,False,False
73882,PGC073882,-0.1858604879260115,16.41,84.0,False,False,True,False,False,False
73995,PGC073995,0.06192094479734278,14.64,62.0,False,False,False,False,False,False
74006,PGC074006,-0.02945717867227282,14.52,67.0,False,False,False,False,False,False
74022,PGC074022,0.029603974557587343,14.78,75.0,False,False,False,False,False,False
74051,PGC074051,0.0797222861493907,14.64,75.0,False,False,False,False,False,False
74057,PGC074057,-0.21837103904502264,15.01,87.0,False,False,False,False,False,False
74063,PGC074063,-0.23405108752971637,15.180000000000001,76.0,False,False,False,False,False,False
74070,PGC074070,-0.1875642785332272,15.02,67.0,False,False,False,False,False,False
74235,PGC074235,-0.24701257903028795,15.040000000000001,53.0,False,False,False,False,False,False
74256,PGC074256,-0.12920404363316873,14.44,54.0,False,False,False,False,False,False
74257,PGC074257,0.12988957306297566,13.54,61.0,False,False,False,False,False,False
74270,PGC074270,-0.11889829326326495,14.51,55.0,False,False,False,False,False,False
74278,PGC074278,-0.06356537090088699,15.07,54.0,False,False,False,False,False,False
82340,PGC082340,-0.09365302281246857,15.19,71.0,False,False,False,False,False,False
82548,PGC082548,-0.3566308918135288,15.75,80.0,False,False,False,False,False,False
83327,PGC083327,-0.3012032119869299,15.3,77.0,False,False,False,False,False,False
83354,PGC083354,-0.15193985943544375,15.28,47.0,False,False,False,False,False,False
83420,PGC083420,0.10450598339428874,14.03,70.0,False,False,False,False,False,False
83427,PGC083427,-0.17447364095401596,16.12,81.0,False,False,False,False,False,False
83436,PGC083436,-0.04640344093539239,15.35,58.0,False,False,False,False,False,False
83545,PGC083545,-0.2118407133219482,15.9,52.0,False,False,False,False,False,False
83548,PGC083548,-0.3425958971451548,16.4,77.0,False,False,False,False,False,False
83568,PGC083568,-0.43644660763346277,14.65,80.0,False,False,False,False,False,False
83575,PGC083575,-0.24968191625931846,15.129999999999999,68.0,False,False,False,False,False,False
83580,PGC083580,-0.12682335595147842,15.739999999999998,88.0,False,False,False,False,False,False
83761,PGC083761,-0.29616159902198413,15.32,52.0,False,False,False,False,False,False
84011,PGC084011,0.12177187548228519,13.72,87.0,False,False,False,False,False,False
84220,PGC084220,0.07883571770046327,14.6,57.0,False,False,False,False,False,False
84262,PGC84262,0.004055324135595839,14.83,88.0,False,False,False,False,False,False
84309,PGC084309,-0.0878993623862252,15.590000000000002,73.0,False,False,False,False,False,False
84490,PGC084490,-0.46396768128472576,13.67,80.0,False,False,False,False,True,True
84496,PGC084496,-0.7896129186933281,15.4,59.0,False,False,False,False,True,False
84619,PGC084619,-0.38774261639285834,15.37,59.0,False,False,False,False,False,False
85295,PGC085295,-0.0957253399464788,15.3,64.0,False,False,False,False,False,False
85302,PGC085302,-0.16831278406351835,15.22,68.0,False,False,False,False,False,False
85332,PGC085332,-0.29068560470854976,15.16,72.0,False,False,False,False,False,False
85357,PGC085357,0.08182442722874406,14.33,74.0,False,False,False,False,False,False
85406,PGC085406,-0.08727121844163355,15.08,72.0,False,False,False,False,False,False
85429,PGC085429,-0.470550072124019,15.17,89.0,False,False,False,False,False,False
85483,PGC085483,-0.37940810666309854,15.17,80.0,False,False,False,False,False,False
85500,PGC085500,-0.2602981228887038,15.19,85.0,False,False,False,False,False,False
85512,PGC085512,-0.08066502665886821,15.23,63.0,False,False,False,False,False,False
85519,PGC085519,0.01002552956360514,14.850000000000001,76.0,False,False,False,False,False,False
85534,PGC085534,0.1681943233865475,15.75,53.0,False,False,False,False,False,False
85551,PGC085551,0.03429677321258451,14.469999999999999,81.0,False,False,False,False,False,False
85605,PGC085605,-0.17485671245423973,15.819999999999999,77.0,False,False,False,False,False,False
85607,PGC085607,0.08883172559420727,13.709999999999999,90.0,False,False,False,False,False,False
85610,PGC085610,-0.2168847736768571,15.39,63.0,False,False,False,False,False,False
85636,PGC085636,-0.15119551501630735,14.63,68.0,False,False,False,False,False,False
85641,PGC085641,-0.10670745303308449,14.440000000000001,87.0,False,False,False,False,False,False
85643,PGC085643,-0.426590785993366,15.38,48.0,False,False,False,False,False,False
85694,PGC085694,0.0907198354335721,14.020000000000001,66.0,False,False,False,False,False,False
85753,PGC085753,-0.5689253003032064,14.74,85.0,False,False,False,False,True,False
85775,PGC085775,-0.029506551241197165,13.969999999999999,78.0,False,False,False,False,False,False
85811,PGC085811,-0.14616414903371977,15.020000000000001,64.0,False,False,False,False,False,False
85886,PGC085886,0.014255803828440161,14.370000000000001,60.0,False,False,False,False,False,False
85903,PGC085903,-0.026635010132203263,14.83,63.0,False,False,False,False,False,False
85905,PGC085905,-0.06007171246248744,14.46,87.0,False,False,False,False,False,False
85920,PGC085920,-0.004424093476607105,15.110000000000001,77.0,False,False,False,False,False,False
85936,PGC085936,0.049598855733037794,13.16,87.0,False,False,False,False,False,False
85958,PGC085958,0.12066375381042738,14.28,52.0,False,False,False,False,False,False
86292,PGC086292,0.26470787239732596,11.64,78.0,False,False,False,False,False,False
86296,PGC086296,0.054644084428402184,12.56,70.0,False,False,False,False,False,False
86367,PGC086367,-0.12787292758216662,15.660000000000002,86.0,False,False,False,False,False,False
86383,PGC086383,-0.156564174663961,15.69,75.0,False,False,False,False,False,False
86440,PGC086440,-0.0627834845474613,14.940000000000001,82.0,False,False,False,False,False,False
86484,PGC086484,-0.13299325618870572,14.57,65.0,False,False,False,False,False,False
86495,PGC086495,-0.8279514657862321,14.19,50.0,False,False,False,False,True,False
86515,PGC086515,-0.2000855195687432,15.71,83.0,False,False,False,False,False,False
86518,PGC086518,-0.21804822228481457,14.370000000000001,62.0,False,False,False,False,False,False
86554,PGC086554,-0.1321263640908663,15.209999999999999,84.0,False,False,False,False,False,False
86620,PGC086620,-0.21441133542356905,15.1,51.0,False,False,False,False,False,False
86621,PGC086621,0.0007776483788815014,14.110000000000001,75.0,False,False,False,False,False,False
86633,PGC086633,-0.04515513999148979,13.6,90.0,False,False,False,False,False,False
86638,PGC086638,-0.17900487512580554,15.59,71.0,False,False,False,False,False,False
86647,PGC086647,-0.18817998875347408,15.549999999999999,89.0,False,False,False,False,False,False
86651,PGC086651,0.0764075003965643,13.69,89.0,False,False,False,False,False,False
86687,PGC086687,-0.14291493266077993,14.02,86.0,False,False,False,False,False,False
86688,PGC086688,-0.3092299889938115,14.44,83.0,False,False,False,False,False,False
86786,PGC086786,-0.1730186502653437,14.700000000000001,51.0,False,False,False,False,False,False
86788,PGC086788,-0.8342000937119629,15.49,51.0,False,False,False,False,True,False
86799,PGC086799,-0.0028482658053103904,15.58,66.0,False,False,False,False,False,False
86840,PGC086840,-0.18402965454308218,15.13,90.0,False,False,False,False,False,False
86922,PGC086922,-0.043369325792542046,14.379999999999999,88.0,False,False,False,False,False,False
86944,PGC086944,0.0855268796992723,14.149999999999999,89.0,False,False,False,False,False,False
87026,PGC087026,-0.39288469507088664,16.09,71.0,False,False,False,False,False,False
87126,PGC087126,-0.3534363724072227,16.419999999999998,67.0,False,False,True,False,False,False
87143,PGC087143,-0.3773612695187931,15.54,61.0,False,False,False,False,False,False
87144,PGC087144,-0.6118535008450172,16.3,85.0,False,False,False,False,False,False
87155,PGC087155,0.08414522198712371,14.74,63.0,False,False,False,False,False,False
87178,PGC087178,-0.08074818397682604,14.92,64.0,False,False,False,False,False,False
87179,PGC087179,-0.14190632589117858,15.28,64.0,False,False,False,False,False,False
87182,PGC087182,-0.2610761750418016,16.220000000000002,55.0,False,False,False,False,False,False
87184,PGC087184,-0.4755614107603363,15.969999999999999,83.0,False,False,False,False,False,False
87188,PGC087188,-0.20620044596925569,15.51,52.0,False,False,False,False,False,False
87189,PGC087189,-0.37405291959236253,16.200000000000003,62.0,False,False,False,False,False,False
87204,PGC087204,-0.4287590525305789,15.19,69.0,False,False,False,False,False,False
87206,PGC087206,-0.4789256619963087,16.75,69.0,False,False,True,False,False,False
87208,PGC087208,-0.31453595942376245,16.220000000000002,54.0,False,False,False,False,False,False
87227,PGC087227,-0.22697541069801375,16.310000000000002,61.0,False,False,False,False,False,False
87253,PGC087253,-0.2686913110023821,16.6,72.0,False,False,True,False,False,False
87257,PGC087257,-0.5601214758215023,16.54,81.0,False,False,True,False,False,False
87263,PGC087263,-0.10206591797795417,15.13,52.0,False,False,False,False,False,False
87268,PGC087268,-0.057520230935551364,14.92,90.0,False,False,False,False,False,False
87302,PGC087302,-0.30605584049725154,16.27,62.0,False,False,False,False,False,False
87305,PGC087305,-0.1707419086410762,15.790000000000001,58.0,False,False,False,False,False,False
87310,PGC087310,-1.0397460871673905,16.62,76.0,False,True,True,False,False,False
87316,PGC087316,-0.4109596297172198,15.76,74.0,False,False,False,False,False,False
89513,PGC089513,0.0026917610628474087,14.360000000000001,88.0,False,False,False,False,False,False
89515,PGC089515,-0.043633966870956886,14.67,90.0,False,False,False,False,False,False
89516,PGC089516,0.09388166072770732,14.139999999999999,87.0,False,False,False,False,False,False
89517,PGC089517,0.05516059876909063,14.23,89.0,False,False,False,False,False,False
89518,PGC089518,0.06702636615906021,14.11,90.0,False,False,False,False,False,False
89519,PGC089519,-0.12936041573653334,16.09,52.0,False,False,False,False,False,False
89520,PGC089520,-0.34157135771397895,16.45,89.0,False,False,True,False,False,False
89524,PGC089524,-0.1478174818886373,14.950000000000001,90.0,False,False,False,False,False,False
89527,PGC089527,-0.1387412987393697,14.15,50.0,False,False,False,False,False,False
89531,PGC089531,0.08203435145429605,14.159999999999998,52.0,False,False,False,False,False,False
89560,PGC089560,-0.19685435430345777,15.57,67.0,False,False,False,False,False,False
89565,PGC089565,-0.36730847737706807,15.950000000000001,66.0,False,False,False,False,False,False
89642,PGC089642,-0.3827617486706867,15.929999999999998,80.0,False,False,False,False,False,False
89681,PGC089681,-0.5649059550491824,14.84,87.0,False,False,False,False,False,False
89685,PGC089685,-0.10564727275783348,15.280000000000001,85.0,False,False,False,False,False,False
89694,PGC089694,-0.0877847003295198,15.840000000000002,87.0,False,False,False,False,False,False
89704,PGC089704,-0.1421124093487527,15.22,56.0,False,False,False,False,False,False
89733,PGC089733,-0.2307047556640005,15.8,60.0,False,False,False,False,False,False
90034,PGC090034,-0.03053808538056657,12.43,76.0,False,False,False,False,False,False
90253,PGC090253,0.11655299001563568,14.1,85.0,False,False,False,False,False,False
90402,PGC090402,0.04549831344888844,11.21,50.0,False,False,False,False,True,False
90431,PGC090431,-0.14738711626253354,14.31,58.0,False,False,False,False,False,False
90449,PGC090449,-0.44203593851743017,14.53,86.0,False,False,False,False,False,False
90453,PGC090453,-0.25669731023529074,15.520000000000001,88.0,False,False,False,False,False,False
90468,PGC090468,-0.13237943789556628,14.92,88.0,False,False,False,False,False,False
90470,PGC090470,-0.008042712458477652,15.07,87.0,False,False,False,False,False,False
90472,PGC090472,-0.22815839346350097,15.49,90.0,False,False,False,False,False,False
90474,PGC090474,-0.2904849854573692,16.42,90.0,False,False,True,False,False,False
90484,PGC090484,-0.06857008565024136,14.040000000000001,89.0,False,False,False,False,False,False
90485,PGC090485,-0.0052498122743074305,15.35,87.0,False,False,False,False,False,False
90491,PGC090491,0.07113853358914746,14.56,87.0,False,False,False,False,False,False
90492,PGC090492,-0.11618463401956891,14.25,90.0,False,False,False,False,False,False
90501,PGC090501,-0.045088989800718515,15.39,89.0,False,False,False,False,False,False
90502,PGC090502,-0.1173873637178815,15.729999999999999,87.0,False,False,False,False,False,False
90503,PGC090503,-0.19890385414524747,15.7,89.0,False,False,False,False,False,False
90504,PGC090504,-0.2593846015266288,15.18,89.0,False,False,False,False,False,False
90507,PGC090507,-0.1946486305533761,16.310000000000002,90.0,False,False,False,False,False,False
90508,PGC090508,-0.1073030467403342,15.449999999999998,90.0,False,False,False,False,False,False
90510,PGC090510,0.08989093574030438,14.5,86.0,False,False,False,False,False,False
90515,PGC090515,-0.021433504406156434,15.450000000000001,90.0,False,False,False,False,False,False
90524,PGC090524,-0.3601209135987635,16.099999999999998,90.0,False,False,False,False,False,False
90533,PGC090533,0.1628239818723456,14.51,89.0,False,False,False,False,False,False
90540,PGC090540,-0.43547586058231014,15.669999999999998,89.0,False,False,False,False,False,False
90541,PGC090541,-0.33564714421556285,15.730000000000002,90.0,False,False,False,False,False,False
90542,PGC090542,-0.06383735295924398,15.08,90.0,False,False,False,False,False,False
90544,PGC090544,-0.43527736969466657,14.65,88.0,False,False,False,False,False,False
90551,PGC090551,-0.21896663275227235,15.120000000000001,90.0,False,False,False,False,False,False
90553,PGC090553,-0.3297382846050425,14.81,90.0,False,False,False,False,False,False
90557,PGC090557,-0.16347411596069916,14.879999999999999,89.0,False,False,False,False,False,False
90562,PGC090562,-0.23518217699046362,14.5,90.0,False,False,False,False,False,False
90564,PGC090564,-0.2055337738384071,15.370000000000001,90.0,False,False,False,False,False,False
90569,PGC090569,-0.5456913403699035,16.33,89.0,False,False,False,False,False,False
90572,PGC090572,-0.2544211819950788,16.03,89.0,False,False,False,False,False,False
90574,PGC090574,-0.04197819288845617,14.92,85.0,False,False,False,False,False,False
90575,PGC090575,-0.29588001734407543,15.78,90.0,False,False,False,False,False,False
90583,PGC090583,-0.05588905389115206,14.430000000000001,89.0,False,False,False,False,False,False
90587,PGC090587,-0.30074731933832766,14.97,87.0,False,False,False,False,False,False
90588,PGC090588,-0.02136735421538516,14.52,89.0,False,False,False,False,False,False
90602,PGC090602,-0.09510013318929023,13.93,89.0,False,False,False,False,False,False
90607,PGC090607,-0.2569619513137056,15.53,90.0,False,False,False,False,False,False
90608,PGC090608,-0.21896663275227235,14.709999999999999,90.0,False,False,False,False,False,False
90623,PGC090623,0.05630250076728727,14.3,90.0,False,False,False,False,False,False
90625,PGC090625,0.22289856361222737,13.53,88.0,False,False,False,False,False,False
90630,PGC090630,-0.10026012832819031,14.41,89.0,False,False,False,False,False,False
90640,PGC090640,-0.15169513695183934,15.51,90.0,False,False,False,False,False,False
90644,PGC090644,-0.16749538989362334,14.88,89.0,False,False,False,False,False,False
90645,PGC090645,-0.2074792875651088,15.469999999999999,88.0,False,False,False,False,False,False
90648,PGC090648,0.058102795612907876,14.370000000000001,87.0,False,False,False,False,False,False
90649,PGC090649,-0.42805184250310324,15.27,89.0,False,False,False,False,False,False
90661,PGC090661,-0.23748276007879898,16.31,89.0,False,False,False,False,False,False
90679,PGC090679,-0.23992861201492532,15.75,90.0,False,False,False,False,False,False
90695,PGC090695,-0.0699830789191771,14.18,88.0,False,False,False,False,False,False
90726,PGC090726,0.05151614816364658,14.209999999999999,89.0,False,False,False,False,False,False
90757,PGC090757,-0.11978875828839408,14.59,90.0,False,False,False,False,False,False
90776,PGC090776,-0.2695510786217259,15.639999999999999,90.0,False,False,False,False,False,False
90783,PGC090783,-0.22524655702907026,15.47,87.0,False,False,False,False,False,False
90787,PGC090787,-0.11076776544469613,15.83,89.0,False,False,False,False,False,False
90789,PGC090789,0.05151614816364658,14.0,89.0,False,False,False,False,False,False
90795,PGC090795,-0.1858604879260115,15.91,84.0,False,False,False,False,False,False
90796,PGC090796,0.0421748376538309,14.03,87.0,False,False,False,False,False,False
90800,PGC090800,0.20671778233675875,13.790000000000001,90.0,False,False,False,False,False,False
90801,PGC090801,-0.3538719643217618,15.3,90.0,False,False,False,False,False,False
90803,PGC090803,-0.1675615400843946,14.68,90.0,False,False,False,False,False,False
90806,PGC090806,-0.1901051914956864,15.56,88.0,False,False,False,False,False,False
90807,PGC090807,-0.32390874094431865,16.419999999999998,90.0,False,False,True,False,False,False
90808,PGC090808,-0.2904188352665975,14.450000000000001,89.0,False,False,False,False,False,False
90811,PGC090811,-0.22118024885639942,15.23,89.0,False,False,False,False,False,False
90815,PGC090815,-0.2877462454052706,15.389999999999999,89.0,False,False,False,False,False,False
90817,PGC090817,-0.21890048256150108,15.670000000000002,89.0,False,False,False,False,False,False
90831,PGC090831,0.08658730467175513,14.690000000000001,90.0,False,False,False,False,False,False
90833,PGC090833,0.04342102066642983,14.85,87.0,False,False,False,False,False,False
90844,PGC090844,-0.1437095017284622,13.81,88.0,False,False,False,False,False,False
90846,PGC090846,0.2300095560037292,13.65,85.0,False,False,False,False,False,False
90848,PGC090848,-0.12498701291148118,15.41,88.0,False,False,False,False,False,False
90854,PGC090854,-0.05413115564798732,15.86,88.0,False,False,False,False,False,False
90861,PGC090861,-0.09457068967281224,15.120000000000001,87.0,False,False,False,False,False,False
90874,PGC090874,0.17315706808181464,14.629999999999999,86.0,False,False,False,False,False,False
90884,PGC090884,0.0024271199844325686,14.67,90.0,False,False,False,False,False,False
90895,PGC090895,-0.06060115597896587,14.56,89.0,False,False,False,False,False,False
90900,PGC090900,-0.2074792875651088,15.88,88.0,False,False,False,False,False,False
90903,PGC090903,-0.15358087535858989,15.440000000000001,89.0,False,False,False,False,False,False
90904,PGC090904,0.055359089656734195,15.059999999999999,88.0,False,False,False,False,False,False
90909,PGC090909,-0.012266030815563767,14.91,87.0,False,False,False,False,False,False
90916,PGC090916,-0.11611848382879719,15.599999999999998,89.0,False,False,False,False,False,False
90923,PGC090923,-0.15929124408146667,15.49,88.0,False,False,False,False,False,False
90930,PGC090930,-0.2569619513137056,16.9,90.0,False,False,True,False,False,False
90931,PGC090931,-0.23276212140621455,15.47,89.0,False,False,False,False,False,False
90935,PGC090935,0.07409741791849056,14.770000000000001,89.0,False,False,False,False,False,False
90938,PGC090938,-0.2952844236368253,16.28,87.0,False,False,False,False,False,False
90944,PGC090944,-0.12525165398989602,15.38,90.0,False,False,False,False,False,False
90949,PGC090949,-0.17366413907124878,15.049999999999999,90.0,False,False,False,False,False,False
90968,PGC090968,-0.1632756250730556,15.1,88.0,False,False,False,False,False,False
90970,PGC090970,-0.1987053632576039,15.219999999999999,88.0,False,False,False,False,False,False
90971,PGC090971,-0.3124792791635369,16.18,90.0,False,False,False,False,False,False
90972,PGC090972,0.08319877396862285,14.45,90.0,False,False,False,False,False,False
90973,PGC090973,-0.45051733625140367,15.66,88.0,False,False,False,False,False,False
90978,PGC090978,-0.1589602914526318,16.099999999999998,87.0,False,False,False,False,False,False
90994,PGC090994,0.045571757544239144,14.370000000000001,88.0,False,False,False,False,False,False
91002,PGC091002,-0.2097007475590673,15.749999999999998,88.0,False,False,False,False,False,False
91005,PGC091005,-0.06007171246248744,14.969999999999999,87.0,False,False,False,False,False,False
91009,PGC091009,-0.11254402347049908,15.59,89.0,False,False,False,False,False,False
91012,PGC091012,-0.33836735668661033,15.770000000000001,88.0,False,False,False,False,False,False
91015,PGC091015,-0.009975370384393667,14.01,89.0,False,False,False,False,False,False
91020,PGC091020,-0.15169513695183934,15.56,90.0,False,False,False,False,False,False
91028,PGC091028,-0.13451201510910016,15.04,90.0,False,False,False,False,False,False
91037,PGC091037,-0.09973068481171188,14.65,87.0,False,False,False,False,False,False
91086,PGC091086,-0.06165384347236191,15.18,87.0,False,False,False,False,False,False
91087,PGC091087,-0.12893213772826373,15.88,90.0,False,False,False,False,False,False
91091,PGC091091,-0.22815839346350097,15.549999999999999,90.0,False,False,False,False,False,False
91093,PGC091093,0.05082394676234392,14.63,87.0,False,False,False,False,False,False
91096,PGC091096,0.007100626112122033,14.82,87.0,False,False,False,False,False,False
91105,PGC091105,-0.212198270069774,15.57,90.0,False,False,False,False,False,False
91110,PGC091110,-0.20114692359029318,15.400000000000002,90.0,False,False,False,False,False,False
91112,PGC091112,-0.41337552824683677,15.870000000000001,88.0,False,False,False,False,False,False
91130,PGC091130,-0.18606662944007502,15.649999999999999,89.0,False,False,False,False,False,False
91133,PGC091133,0.14933485871214192,14.33,90.0,False,False,False,False,False,False
91134,PGC091134,0.021204233894807967,14.35,89.0,False,False,False,False,False,False
91141,PGC091141,0.07287160220048028,14.64,90.0,False,False,False,False,False,False
91142,PGC091142,-0.3538719643217618,15.839999999999998,90.0,False,False,False,False,False,False
91143,PGC091143,0.15417654187796037,13.91,90.0,False,False,False,False,False,False
91158,PGC091158,-0.2904849854573692,15.600000000000001,90.0,False,False,False,False,False,False
91162,PGC091162,-0.11076776544469613,15.129999999999999,89.0,False,False,False,False,False,False
91164,PGC091164,-0.20526913275999226,15.35,88.0,False,False,False,False,False,False
91165,PGC091165,-0.35698519974590504,15.820000000000002,90.0,False,False,False,False,False,False
91175,PGC091175,-0.2616892557927897,15.480000000000002,88.0,False,False,False,False,False,False
91181,PGC091181,-0.39252538927371683,15.21,88.0,False,False,False,False,False,False
91187,PGC091187,0.07293775239125155,14.01,89.0,False,False,False,False,False,False
91191,PGC091191,-0.6803899142673597,4.68,89.0,False,False,True,False,False,False
91195,PGC091195,-0.44283050758511244,15.97,88.0,False,False,False,False,False,False
91196,PGC091196,-0.00863830616572736,14.53,90.0,False,False,False,False,False,False
91206,PGC091206,0.11489721603313452,14.8,90.0,False,False,False,False,False,False
91210,PGC091210,-0.00863830616572736,15.07,90.0,False,False,False,False,False,False
91215,PGC091215,-0.5385729566606723,15.15,84.0,False,False,False,False,False,False
91219,PGC091219,-0.46651009432227886,16.080000000000002,89.0,False,False,False,False,False,False
91221,PGC091221,-0.32390874094431865,15.87,90.0,False,False,False,False,False,False
91228,PGC091228,-0.5754560728597033,15.770000000000001,88.0,False,False,False,False,False,False
91242,PGC091242,-0.31524241899162986,15.54,89.0,False,False,False,False,False,False
91251,PGC091251,-0.1055483191737836,15.2,90.0,False,False,False,False,False,False
91252,PGC091252,-0.11771831634671681,15.02,88.0,False,False,False,False,False,False
91262,PGC091262,-0.3961962790440432,16.04,90.0,False,False,False,False,False,False
91265,PGC091265,-0.23992861201492532,15.360000000000001,90.0,False,False,False,False,False,False
91266,PGC091266,-0.1286674966498489,15.479999999999999,88.0,False,False,False,False,False,False
91271,PGC091271,-0.29588001734407543,15.830000000000002,90.0,False,False,False,False,False,False
91277,PGC091277,-0.01427857351841988,14.49,90.0,False,False,False,False,False,False
91289,PGC091289,-0.009975370384393667,14.6,89.0,False,False,False,False,False,False
91299,PGC091299,-0.49133367804731076,15.37,89.0,False,False,False,False,False,False
91307,PGC091307,-0.03760200210104392,15.129999999999999,90.0,False,False,False,False,False,False
91315,PGC091315,-0.043633966870956886,14.17,90.0,False,False,False,False,False,False
91321,PGC091321,-0.1819366650372385,15.4,90.0,False,False,False,False,False,False
91333,PGC091333,-0.1965393015010961,15.41,88.0,False,False,False,False,False,False
91337,PGC091337,-0.3893441395099795,16.3,89.0,False,False,False,False,False,False
91346,PGC091346,0.019827993775718866,14.24,90.0,False,False,False,False,False,False
91349,PGC091349,-0.08980223559029055,14.620000000000001,88.0,False,False,False,False,False,False
91351,PGC091351,-0.10899874270584942,15.28,89.0,False,False,False,False,False,False
91359,PGC091359,-0.04668165995296247,14.020000000000001,90.0,False,False,False,False,False,False
91371,PGC091371,-0.01706026620047485,15.17,89.0,False,False,False,False,False,False
91372,PGC091372,0.14404827019343713,16.14,87.0,False,False,False,False,False,False
91382,PGC091382,-0.09510013318929023,14.98,89.0,False,False,False,False,False,False
91391,PGC091391,-0.04915529797338891,14.83,87.0,False,False,False,False,False,False
91401,PGC091401,-0.03903600705268051,15.44,89.0,False,False,False,False,False,False
91414,PGC091414,-0.09973068481171188,14.450000000000001,87.0,False,False,False,False,False,False
91416,PGC091416,-0.13078414258985704,15.740000000000002,90.0,False,False,False,False,False,False
91420,PGC091420,-0.10199384113719079,15.569999999999999,89.0,False,False,False,False,False,False
91426,PGC091426,-0.470550072124019,16.330000000000002,89.0,False,False,False,False,False,False
91431,PGC091431,-0.10032627851896203,15.929999999999998,90.0,False,False,False,False,False,False
91432,PGC091432,-0.4740985410279799,16.59,87.0,False,False,True,False,False,False
91438,PGC091438,-0.23042090559131223,15.469999999999999,89.0,False,False,False,False,False,False
91443,PGC091443,0.016933403678520254,15.58,84.0,False,False,False,False,False,False
91449,PGC091449,-0.1675615400843946,15.84,90.0,False,False,False,False,False,False
91455,PGC091455,0.027629900871338542,14.99,90.0,False,False,False,False,False,False
91462,PGC091462,-0.14582541066182753,15.23,89.0,False,False,False,False,False,False
91472,PGC091472,-0.1126101736612708,15.58,90.0,False,False,False,False,False,False
91473,PGC091473,-0.027649078794964144,15.1,86.0,False,False,False,False,False,False
91487,PGC091487,-0.12893213772826373,15.440000000000001,90.0,False,False,False,False,False,False
91488,PGC091488,-0.13632186991708428,15.459999999999999,89.0,False,False,False,False,False,False
91489,PGC091489,0.126406517565814,14.04,89.0,False,False,False,False,False,False
91491,PGC091491,-0.2878123955960423,16.07,90.0,False,False,False,False,False,False
91492,PGC091492,0.14087490797287172,14.4,84.0,False,False,False,False,False,False
91495,PGC091495,-0.3758837179544994,16.25,88.0,False,False,False,False,False,False
91500,PGC091500,-0.1669659463771449,15.06,87.0,False,False,False,False,False,False
91505,PGC091505,-0.3124792791635369,16.18,90.0,False,False,False,False,False,False
91510,PGC091510,-0.05588905389115206,14.59,89.0,False,False,False,False,False,False
91513,PGC091513,0.07409741791849056,14.35,89.0,False,False,False,False,False,False
91514,PGC091514,0.12221402296629513,14.83,90.0,False,False,False,False,False,False
91516,PGC091516,-0.06218328698884035,15.08,89.0,False,False,False,False,False,False
91517,PGC091517,0.04413419454104739,14.299999999999999,89.0,False,False,False,False,False,False
91519,PGC091519,-0.10205999132796251,15.28,90.0,False,False,False,False,False,False
91520,PGC091520,-0.2694849284309546,15.08,89.0,False,False,False,False,False,False
91522,PGC091522,0.06473221444286104,14.489999999999998,89.0,False,False,False,False,False,False
91528,PGC091528,-0.3507808873446203,15.750000000000002,90.0,False,False,False,False,False,False
91533,PGC091533,-0.3068092514547667,14.870000000000001,89.0,False,False,False,False,False,False
91554,PGC091554,-0.23256363051857143,15.54,88.0,False,False,False,False,False,False
91573,PGC091573,-0.19897000433601875,15.33,90.0,False,False,False,False,False,False
91606,PGC091606,0.21375518417235728,12.65,88.0,False,False,False,False,False,False
91610,PGC091610,-0.1675615400843946,14.73,90.0,False,False,False,False,False,False
91662,PGC091662,0.1456869104275067,13.95,88.0,False,False,False,False,False,False
91678,PGC091678,-0.1073030467403342,14.03,90.0,False,False,False,False,False,False
91705,PGC091705,-0.17359798888047706,14.83,89.0,False,False,False,False,False,False
91708,PGC091708,-0.41009488856060194,16.51,90.0,False,False,True,False,False,False
91714,PGC091714,-0.03604086082332136,13.639999999999999,89.0,False,False,False,False,False,False
91718,PGC091718,-0.0669645589348229,13.9,89.0,False,False,False,False,False,False
91720,PGC091720,-0.04060751224076897,14.870000000000001,90.0,False,False,False,False,False,False
91723,PGC091723,-0.014640950507117001,14.969999999999999,86.0,False,False,False,False,False,False
91724,PGC091724,-0.2983382346011334,16.66,88.0,False,False,True,False,False,False
91729,PGC091729,-0.23728426919115542,16.46,88.0,False,False,True,False,False,False
91730,PGC091730,-0.3096021516389369,16.16,89.0,False,False,False,False,False,False
91731,PGC091731,-0.3326165150610523,14.76,89.0,False,False,False,False,False,False
91732,PGC091732,-0.2952844236368253,15.899999999999999,87.0,False,False,False,False,False,False
91734,PGC091734,-0.0683715947625978,15.469999999999999,88.0,False,False,False,False,False,False
91738,PGC091738,-0.42339382846137186,15.06,86.0,False,False,False,False,False,False
91747,PGC091747,-0.13827216398240694,14.95,90.0,False,False,False,False,False,False
91749,PGC091749,-0.10380065290426366,14.77,90.0,False,False,False,False,False,False
91750,PGC091750,-0.1575111689870221,15.200000000000001,89.0,False,False,False,False,False,False
91759,PGC091759,-0.025188142216495013,15.739999999999998,87.0,False,False,False,False,False,False
91766,PGC091766,0.03682308364994524,14.229999999999999,88.0,False,False,False,False,False,False
91767,PGC091767,0.1652375692633754,13.99,87.0,False,False,False,False,False,False
91768,PGC091768,-0.2772835288524167,16.400000000000002,90.0,False,False,False,False,False,False
91769,PGC091769,-0.08947128296145568,15.33,87.0,False,False,False,False,False,False
91771,PGC091771,0.10014771315210291,13.5,88.0,False,False,False,False,False,False
91772,PGC091772,0.00920252233110297,14.8,90.0,False,False,False,False,False,False
91775,PGC091775,-0.05745408074478009,14.85,89.0,False,False,False,False,False,False
91776,PGC091776,-0.17985371388894578,15.540000000000001,90.0,False,False,False,False,False,False
91778,PGC091778,-0.14206515299954603,14.67,90.0,False,False,False,False,False,False
91783,PGC091783,-0.10205999132796251,15.870000000000001,90.0,False,False,False,False,False,False
91785,PGC091785,-0.16147735620462367,15.24,89.0,False,False,False,False,False,False
91787,PGC091787,-0.23022241470366867,15.549999999999999,88.0,False,False,False,False,False,False
91789,PGC091789,-0.07648948498477726,14.89,88.0,False,False,False,False,False,False
91792,PGC091792,0.23346190618498452,14.0,88.0,False,False,False,False,False,False
91798,PGC091798,0.014812393738700802,14.82,88.0,False,False,False,False,False,False
91799,PGC091799,0.06348108539441055,13.93,90.0,False,False,False,False,False,False
91800,PGC091800,-0.4028253459135285,15.69,88.0,False,False,False,False,False,False
91802,PGC091802,-0.03402155484433189,14.719999999999999,87.0,False,False,False,False,False,False
91809,PGC091809,-0.17751606418766563,14.58,88.0,False,False,False,False,False,False
91811,PGC091811,-0.049486250602224224,15.45,88.0,False,False,False,False,False,False
91812,PGC091812,0.004082893966933732,14.43,85.0,False,False,False,False,False,False
91814,PGC091814,-0.10800568275052358,14.12,86.0,False,False,False,False,False,False
91817,PGC091817,-0.009776879496750546,14.46,88.0,False,False,False,False,False,False
91819,PGC091819,-0.15395195233238823,15.03,85.0,False,False,False,False,False,False
91820,PGC091820,-0.19223932100837215,15.4,88.0,False,False,False,False,False,False
91822,PGC091822,0.05777184298407301,14.34,88.0,False,False,False,False,False,False
91823,PGC091823,-0.20307016866005378,15.97,88.0,False,False,False,False,False,False
91824,PGC091824,-0.10026012832819031,14.91,89.0,False,False,False,False,False,False
91826,PGC091826,-0.1391053075140145,14.700000000000001,86.0,False,False,False,False,False,False
91829,PGC091829,-0.3728952016351923,15.5,90.0,False,False,False,False,False,False
91831,PGC091831,-0.2351160267996919,15.580000000000002,89.0,False,False,False,False,False,False
91836,PGC091836,-0.25096752349209606,15.27,86.0,False,False,False,False,False,False
91839,PGC091839,0.08319877396862285,13.629999999999999,90.0,False,False,False,False,False,False
92835,PGC092835,-0.4469215565165805,15.719999999999999,90.0,False,False,False,False,False,False
92838,PGC092838,-0.24066565114831473,16.11,85.0,False,False,False,False,False,False
92849,PGC092849,0.013482241146353768,14.82,88.0,False,False,False,False,False,False
92852,PGC092852,-0.24898440398385624,14.71,87.0,False,False,False,False,False,False
92856,PGC092856,-0.23412296684436606,15.469999999999999,86.0,False,False,False,False,False,False
92865,PGC092865,-0.24413190118944383,15.969999999999999,87.0,False,False,False,False,False,False
92888,PGC092888,-0.18931062242800412,16.450000000000003,86.0,False,False,True,False,False,False
92894,PGC092894,-0.25448733218585007,16.950000000000003,90.0,False,False,True,False,False,False
92896,PGC092896,-0.22524655702907026,16.41,87.0,False,False,True,False,False,False
92905,PGC092905,-0.24549119503760597,15.65,85.0,False,False,False,False,False,False
92910,PGC092910,-0.5746615037920211,15.49,86.0,False,False,False,False,False,False
92915,PGC092915,-0.7673415990986165,15.99,88.0,False,False,False,False,False,False
92918,PGC092918,-0.15757731917779383,14.67,90.0,False,False,False,False,False,False
92931,PGC092931,0.1204006960521724,14.209999999999999,88.0,False,False,False,False,False,False
92945,PGC092945,-0.30410034759076643,16.08,90.0,False,False,False,False,False,False
92957,PGC092957,-0.017961777790445055,14.629999999999999,87.0,False,False,False,False,False,False
92980,PGC092980,-0.3291426908977928,16.880000000000003,87.0,False,False,True,False,False,False
92988,PGC092988,-0.06947955495297675,14.99,84.0,False,False,False,False,False,False
93019,PGC093019,-0.465517034366953,16.64,86.0,False,False,True,False,False,False
93021,PGC093021,-0.2519605834474219,15.969999999999999,89.0,False,False,False,False,False,False
93025,PGC093025,-0.18499684877451994,15.3,83.0,False,False,False,False,False,False
93029,PGC093029,0.01220078418911319,14.3,85.0,False,False,False,False,False,False
93030,PGC093030,-0.2921149138220529,15.99,86.0,False,False,False,False,False,False
93031,PGC093031,-0.35380581413099055,15.33,89.0,False,False,False,False,False,False
93038,PGC093038,-0.07452276966168325,16.130000000000003,87.0,False,False,False,False,False,False
93043,PGC093043,-0.17162039656126238,16.57,90.0,False,False,True,False,False,False
93047,PGC093047,-0.09973068481171188,14.079999999999998,87.0,False,False,False,False,False,False
93051,PGC093051,-0.28251605578609373,16.05,90.0,False,False,False,False,False,False
93069,PGC093069,-0.22815839346350097,16.52,90.0,False,False,True,False,False,False
93071,PGC093071,-0.2294278456359864,15.18,86.0,False,False,False,False,False,False
93612,PGC093612,-0.019777730423655715,14.32,85.0,False,False,False,False,False,False
93647,PGC093647,-0.17260492892515122,15.700000000000001,86.0,False,False,False,False,False,False
93666,PGC093666,-0.4840757622784291,16.1,56.0,False,False,False,False,False,False
93726,PGC093726,-0.19797156213198708,15.17,58.0,False,False,False,False,False,False
93841,PGC093841,-0.7321232820492707,15.07,55.0,False,False,False,False,True,False
93845,PGC093845,-0.277102728421307,15.34,79.0,False,False,False,False,False,False
93846,PGC093846,-0.04774725569633809,14.17,80.0,False,False,False,False,False,False
93851,PGC093851,-0.15492248148017485,14.58,70.0,False,False,False,False,False,False
93854,PGC093854,-0.29808671501525463,15.18,58.0,False,False,False,False,False,False
97070,PGC097070,0.2258979196685904,12.73,71.0,False,False,False,False,False,False
97187,PGC097187,0.03682308364994524,13.67,88.0,False,False,False,False,False,False
97234,PGC097234,-0.26603175503287924,15.06,69.0,False,False,False,False,False,False
97243,PGC097243,-0.08169870868025475,12.74,90.0,False,False,False,False,False,False
100135,PGC100135,-0.11921644803362819,14.5,84.0,False,False,False,False,False,False
100776,PGC100776,0.1014674599280605,14.33,50.0,False,False,False,False,False,False
100777,PGC100777,0.1204903629061338,13.64,80.0,False,False,False,False,False,False
135639,PGC135639,-0.7504478772003766,16.13,74.0,False,False,False,False,False,False
135768,PGC135768,-0.6031450621533128,16.5,72.0,False,False,True,False,False,False
135787,PGC135787,-0.4093968167101676,15.939999999999998,75.0,False,False,False,False,False,False
135791,PGC135791,-0.5002382553609162,15.08,67.0,False,False,False,False,False,False
135826,PGC135826,-0.8012682510248974,16.18,67.0,False,False,False,False,False,False
135839,PGC135839,-0.15510461360610428,15.84,54.0,False,False,False,False,False,False
135888,PGC135888,0.0041354382767258,14.959999999999999,70.0,False,False,False,False,False,False
137994,PGC137994,-0.04959267848805515,12.05,83.0,False,False,False,False,False,False
138032,PGC138032,0.1214636756820715,13.610000000000001,73.0,False,False,False,False,False,False
138277,PGC138277,-0.09550214847556582,14.030000000000001,52.0,False,False,False,False,False,False
138503,PGC138503,-0.10836294908313793,14.58,82.0,False,False,False,False,False,False
138562,PGC138562,-0.1534900828643999,14.76,79.0,False,False,False,False,False,False
138730,PGC138730,-0.055783929428248946,13.01,79.0,False,False,False,False,False,False
139277,PGC139277,-0.04923255148690364,14.520000000000001,73.0,False,False,False,False,False,False
139334,PGC139334,-0.009345622125941588,14.97,48.0,False,False,False,False,False,False
139338,PGC139338,-0.08316791554230685,15.469999999999999,74.0,False,False,False,False,False,False
139387,PGC139387,-0.1469984845192971,15.77,80.0,False,False,False,False,False,False
139672,PGC139672,-0.465517034366953,15.830000000000002,86.0,False,False,False,False,False,False
140414,PGC140414,-0.21332869280542877,14.28,74.0,False,False,False,False,False,False
140526,PGC140526,-0.047461895722850755,14.96,81.0,False,False,False,False,False,False
140742,PGC140742,0.10550725520048099,13.91,53.0,False,False,False,False,False,False
141018,PGC141018,-0.13289209104747712,14.19,81.0,False,False,False,False,False,False
141060,PGC141060,-0.452958609850437,15.719999999999999,53.0,False,False,False,False,False,False
142792,PGC142792,-0.1472218881813876,14.18,87.0,False,False,False,False,False,False
142794,PGC142794,-0.31730757329208714,15.11,71.0,False,False,False,False,False,False
142795,PGC142795,-0.12237429487586748,15.08,52.0,False,False,False,False,False,False
142801,PGC142801,-0.09930894698627668,14.18,57.0,False,False,False,False,False,False
142813,PGC142813,-0.11234553258285551,15.16,88.0,False,False,False,False,False,False
142820,PGC142820,-0.21886074802893685,14.92,84.0,False,False,False,False,False,False
142822,PGC142822,-0.16248105600537333,16.599999999999998,86.0,False,False,True,False,False,False
142823,PGC142823,0.1523124911940945,14.219999999999999,89.0,False,False,False,False,False,False
142824,PGC142824,-0.22345649971808612,15.1,84.0,False,False,False,False,False,False
142825,PGC142825,-0.19015540154944643,15.229999999999999,80.0,False,False,False,False,False,False
142827,PGC142827,-0.19264901653723898,15.43,72.0,False,False,False,False,False,False
142828,PGC142828,0.1306925161034389,14.37,88.0,False,False,False,False,False,False
142829,PGC142829,0.06915480718005096,15.64,79.0,False,False,False,False,False,False
142830,PGC142830,-0.06005102303087151,15.58,81.0,False,False,False,False,False,False
142831,PGC142831,0.04275498421886237,14.52,77.0,False,False,False,False,False,False
142832,PGC142832,-0.0015981814034242703,14.709999999999999,82.0,False,False,False,False,False,False
142833,PGC142833,0.10537119633188086,14.120000000000001,89.0,False,False,False,False,False,False
142834,PGC142834,-0.13351597663004755,15.669999999999998,80.0,False,False,False,False,False,False
142836,PGC142836,0.05467512543697106,14.620000000000001,76.0,False,False,False,False,False,False
142838,PGC142838,-0.22347204563598444,16.89,89.0,False,False,True,False,False,False
142839,PGC142839,-0.12649240332264355,15.730000000000002,87.0,False,False,False,False,False,False
142840,PGC142840,0.31108135675822446,14.33,71.0,False,False,False,False,False,False
142841,PGC142841,0.16184194700557786,14.48,78.0,False,False,False,False,False,False
142843,PGC142843,-0.09429175822430436,15.66,56.0,False,False,False,False,False,False
142844,PGC142844,-0.06703070912559417,16.3,90.0,False,False,False,False,False,False
142846,PGC142846,-0.24951384750033467,16.53,89.0,False,False,True,False,False,False
142849,PGC142849,-0.08504446193624737,14.56,85.0,False,False,False,False,False,False
142850,PGC142850,-0.16263369819493834,14.4,62.0,False,False,False,False,False,False
142851,PGC142851,-0.23455924033881503,15.799999999999999,65.0,False,False,False,False,False,False
142852,PGC142852,0.12182794773967665,14.74,63.0,False,False,False,False,False,False
142853,PGC142853,-0.03059345944174563,15.61,86.0,False,False,False,False,False,False
142854,PGC142854,-0.37145263716762855,15.98,77.0,False,False,False,False,False,False
143035,PGC143035,0.09988578575754392,12.809999999999999,70.0,False,False,False,False,False,False
143682,PGC143682,-0.07087113879080009,14.370000000000001,82.0,False,False,False,False,False,False
146778,PGC146778,-0.042434435374829604,14.35,82.0,False,False,False,False,False,False
147057,PGC147057,-0.1714703201241745,14.48,82.0,False,False,False,False,False,False
147332,PGC147332,0.02642437649824947,14.459999999999999,58.0,False,False,False,False,False,False
151574,PGC151574,0.062306668899571704,13.26,55.0,False,False,False,False,False,False
156695,PGC156695,0.23270380047614703,13.81,56.0,False,False,False,False,False,False
159774,PGC159774,-0.06918850985149483,15.200000000000001,86.0,False,False,False,False,False,False
163443,PGC163443,-0.11474102233560313,14.43,50.0,False,False,False,False,False,False
165127,PGC165127,0.11805955126699619,13.879999999999999,86.0,False,False,False,False,False,False
165232,PGC165232,0.08653227259170082,14.91,74.0,False,False,False,False,False,False
165310,PGC165310,-0.04310235065057455,13.76,80.0,False,False,False,False,False,False
165376,PGC165376,0.02972693776306823,13.51,57.0,False,False,False,False,False,False
165397,PGC165397,0.09862168442797747,13.959999999999999,56.0,False,False,False,False,False,False
165686,PGC165686,-0.08828023904860727,13.600000000000001,71.0,False,False,False,False,False,False
165788,PGC165788,0.06859342750364439,12.76,70.0,False,False,False,False,False,False
166094,PGC166094,-0.5227772602428309,16.02,65.0,False,False,False,False,False,False
166105,PGC166105,-0.5244864953820672,15.879999999999999,84.0,False,False,False,False,False,False
166109,PGC166109,-0.4562216638235408,15.63,84.0,False,False,False,False,False,False
166122,PGC166122,-0.5594215372352842,16.07,86.0,False,False,False,False,False,False
166150,PGC166150,-0.5485301388922694,15.96,57.0,False,False,False,False,False,False
166411,PGC166411,-0.38918304371539936,12.25,63.0,False,False,False,False,True,True
166484,PGC166484,0.0699389168131912,12.44,62.0,False,False,False,False,False,False
166758,PGC166758,0.15176025902702417,11.93,62.0,False,False,False,False,False,False
169661,PGC169661,-0.22433531453180544,16.05,61.0,False,False,False,False,False,False
169662,PGC169662,0.06963855069346092,13.94,88.0,False,False,False,False,False,False
169737,PGC169737,-0.40551910469166774,17.11,86.0,False,False,True,False,False,False
169788,PGC169788,-0.2129388165063344,15.48,62.0,False,False,False,False,False,False
169789,PGC169789,-0.24176689608517687,15.870000000000001,81.0,False,False,False,False,False,False
169896,PGC169896,-0.0028057108483703352,13.530000000000001,88.0,False,False,False,False,False,False
169942,PGC169942,-0.2053582776252898,14.68,84.0,False,False,False,False,False,False
169954,PGC169954,-0.6047828440547542,15.17,63.0,False,False,False,False,False,False
169957,PGC169957,-0.948510208627027,17.080000000000002,64.0,False,True,True,False,False,False
169959,PGC169959,-0.31739662508516187,15.549999999999999,65.0,False,False,False,False,False,False
169964,PGC169964,-0.10418537460540289,14.549999999999999,80.0,False,False,False,False,False,False
169989,PGC169989,0.03429677321258451,13.08,81.0,False,False,False,False,False,False
170023,PGC170023,0.06586585375940901,13.729999999999999,52.0,False,False,False,False,False,False
170032,PGC170032,-0.07431284940562799,13.33,52.0,False,False,False,False,False,False
170044,PGC170044,0.07449813293242791,13.719999999999999,73.0,False,False,False,False,False,False
170057,PGC170057,0.006617277499508578,13.18,65.0,False,False,False,False,False,False
170133,PGC170133,-0.0826649237703938,14.280000000000001,52.0,False,False,False,False,False,False
170138,PGC170138,-0.20316662381561912,12.93,77.0,False,False,False,False,False,False
170155,PGC170155,0.11297895356407794,13.35,76.0,False,False,False,False,False,False
170309,PGC170309,0.03347818853025375,14.22,64.0,False,False,False,False,False,False
170345,PGC170345,-0.11035714854749923,14.08,58.0,False,False,False,False,False,False
170401,PGC170401,-0.4670698936254194,13.55,71.0,False,False,False,False,True,True
194349,PGC194349,0.01107161892575892,15.1,65.0,False,False,False,False,False,False
197699,PGC197699,-0.21332869280542877,14.06,74.0,False,False,False,False,False,False
200155,PGC200155,-0.3662466606051278,14.78,80.0,False,False,False,False,False,False
200158,PGC200158,-0.06395580830761016,14.33,73.0,False,False,False,False,False,False
212512,PGC212512,-0.6454401519003259,15.72,57.0,False,False,False,False,False,False
212675,PGC212675,-0.07832992293939744,16.099999999999998,89.0,False,False,False,False,False,False
212688,PGC212688,-0.20395469472139682,15.999999999999998,67.0,False,False,False,False,False,False
212696,PGC212696,-0.2537126611439797,16.05,83.0,False,False,False,False,False,False
212828,PGC212828,-0.24964108261995932,15.71,84.0,False,False,False,False,False,False
212849,PGC212849,-0.3079271712164404,15.24,76.0,False,False,False,False,False,False
212860,PGC212860,-0.34738959374364997,15.919999999999998,78.0,False,False,False,False,False,False
212999,PGC212999,-0.08028886318327055,14.25,70.0,False,False,False,False,False,False
213532,PGC213532,-0.31852866800938884,16.03,81.0,False,False,False,False,False,False
213590,PGC213590,-0.5326616090702849,16.18,76.0,False,False,False,False,False,False
213593,PGC213593,-0.5199354646316112,15.700000000000001,58.0,False,False,False,False,False,False
213663,PGC213663,-0.2835785179658954,15.530000000000001,78.0,False,False,False,False,False,False
213670,PGC213670,-0.17742893383575353,16.470000000000002,66.0,False,False,True,False,False,False
213686,PGC213686,-0.10278049210447238,14.64,79.0,False,False,False,False,False,False
213804,PGC213804,0.15838772498110787,14.46,83.0,False,False,False,False,False,False
213850,PGC213850,-0.2131929755161761,15.15,79.0,False,False,False,False,False,False
213995,PGC213995,-0.9089403362065829,17.03,77.0,False,False,True,False,False,False
214116,PGC214116,-0.5329051841479113,15.26,79.0,False,False,False,False,False,False
214272,PGC214272,-0.3367136013451071,15.52,74.0,False,False,False,False,False,False
214284,PGC214284,-0.08036393807565467,14.93,76.0,False,False,False,False,False,False
214765,PGC214765,-0.2775689278912514,15.65,64.0,False,False,False,False,False,False
214808,PGC214808,0.22671714625835326,15.99,52.0,False,False,False,False,False,False
214810,PGC214810,-0.07895715603211473,14.94,59.0,False,False,False,False,False,False
214823,PGC214823,0.017133978873560718,14.22,68.0,False,False,False,False,False,False
214939,PGC214939,-0.26188774668043324,15.01,89.0,False,False,False,False,False,False
1028254,PGC1028254,-0.037182446814397974,13.39,69.0,False,False,False,False,False,False
1035502,PGC1035502,-0.122827449236238,14.52,87.0,False,False,False,False,False,False
1053505,PGC1053505,0.05201833202356054,14.03,55.0,False,False,False,False,False,False
1056132,PGC1056132,-0.2202889056570303,13.610000000000001,83.0,False,False,False,False,False,False
1073987,PGC1073987,-0.07048563650980721,13.85,58.0,False,False,False,False,False,False
1076468,PGC1076468,-0.21663262110567905,12.4,89.0,False,False,False,False,True,False
1078188,PGC1078188,-0.2925785302609003,14.27,87.0,False,False,False,False,False,False
1116432,PGC1116432,0.12246861142931964,14.5,66.0,False,False,False,False,False,False
1129847,PGC1129847,-0.029176223113528188,14.24,52.0,False,False,False,False,False,False
1150986,PGC1150986,-0.30798450322274773,16.169999999999998,56.0,False,False,False,False,False,False
1151160,PGC1151160,-0.47871943612308687,16.67,82.0,False,False,True,False,False,False
1151996,PGC1151996,-0.04036864191984968,14.74,59.0,False,False,False,False,False,False
1153558,PGC1153558,-0.21624654473406535,15.68,78.0,False,False,False,False,False,False
1153672,PGC1153672,-0.284603950167468,16.31,77.0,False,False,False,False,False,False
1153756,PGC1153756,-0.19556608780203089,15.85,46.0,False,False,False,False,False,False
1153797,PGC1153797,-0.11234553258285551,15.24,88.0,False,False,False,False,False,False
1154022,PGC1154022,-0.5963144193008065,15.309999999999999,87.0,False,False,False,False,False,False
1154025,PGC1154025,-0.015307997381136307,15.01,61.0,False,False,False,False,False,False
1154069,PGC1154069,-0.18355273730707156,16.97,48.0,False,False,True,False,False,False
1154760,PGC1154760,0.12531245096167387,15.08,90.0,False,False,False,False,False,False
1156115,PGC1156115,-0.23044262057875198,15.730000000000002,84.0,False,False,False,False,False,False
1156203,PGC1156203,-0.06857008565024136,13.879999999999999,89.0,False,False,False,False,False,False
1156494,PGC1156494,-0.05902476774401055,14.51,89.0,False,False,False,False,False,False
1157623,PGC1157623,-0.09420716524994388,15.19,76.0,False,False,False,False,False,False
1159724,PGC1159724,-0.07780047942291901,14.82,87.0,False,False,False,False,False,False
1166532,PGC1166532,-0.1663369364810836,14.35,83.0,False,False,False,False,False,False
1167440,PGC1167440,-0.26222340004899447,15.68,57.0,False,False,False,False,False,False
1168774,PGC1168774,0.10630721590609538,14.46,82.0,False,False,False,False,False,False
1169851,PGC1169851,-0.5351529625083473,15.889999999999999,86.0,False,False,False,False,False,False
1173723,PGC1173723,-0.18087745489114138,14.93,86.0,False,False,False,False,False,False
1174982,PGC1174982,-0.02332821600613144,15.28,81.0,False,False,False,False,False,False
1177602,PGC1177602,-0.3755527653256645,14.959999999999999,87.0,False,False,False,False,False,False
1179309,PGC1179309,-0.27595821293369704,16.33,52.0,False,False,False,False,False,False
1179805,PGC1179805,-0.3495778064829538,16.06,69.0,False,False,False,False,False,False
1180028,PGC1180028,-0.0502071625879732,14.860000000000001,63.0,False,False,False,False,False,False
1180309,PGC1180309,-0.13289209104747712,15.51,81.0,False,False,False,False,False,False
1180802,PGC1180802,-0.5690672917882198,14.79,63.0,False,False,False,False,True,False
1180903,PGC1180903,-0.4091612061525547,15.96,79.0,False,False,False,False,False,False
1181973,PGC1181973,0.0028964302065066505,14.31,71.0,False,False,False,False,False,False
1186594,PGC1186594,-0.21332869280542877,15.42,74.0,False,False,False,False,False,False
1187191,PGC1187191,-1.065386945671287,16.3,83.0,False,True,False,False,False,False
1189082,PGC1189082,-0.14357025731050488,16.01,82.0,False,False,False,False,False,False
1189777,PGC1189777,-0.39530224766115785,15.569999999999999,77.0,False,False,False,False,False,False
1189808,PGC1189808,-0.2048470849899715,15.68,78.0,False,False,False,False,False,False
1192438,PGC1192438,-0.21922960835760286,14.78,65.0,False,False,False,False,False,False
1198892,PGC1198892,-0.8819212094164373,16.64,70.0,False,False,True,False,False,False
1201224,PGC1201224,-0.45865480837651607,16.61,63.0,False,False,True,False,False,False
1203824,PGC1203824,-0.5216808010039022,16.07,87.0,False,False,False,False,False,False
1207426,PGC1207426,-0.24267395499518285,16.009999999999998,71.0,False,False,False,False,False,False
1207979,PGC1207979,-0.2224789856806586,15.18,86.0,False,False,False,False,False,False
1209805,PGC1209805,-0.18720833657725633,15.31,78.0,False,False,False,False,False,False
1210567,PGC1210567,-0.21205703997399183,14.5,84.0,False,False,False,False,False,False
1212686,PGC1212686,-0.0743684750449578,15.69,84.0,False,False,False,False,False,False
1214222,PGC1214222,-0.5483431857797774,16.58,74.0,False,False,True,False,False,False
1215798,PGC1215798,-0.34972167719852276,15.22,86.0,False,False,False,False,False,False
1216689,PGC1216689,-0.7437585494628045,15.4,79.0,False,False,False,False,True,False
1217663,PGC1217663,-9.630430510965127e-05,14.83,59.0,False,False,False,False,False,False
1219017,PGC1219017,-0.5945243619898222,16.540000000000003,84.0,False,False,True,False,False,False
1219195,PGC1219195,-0.5489542193725863,15.75,85.0,False,False,False,False,False,False
1224445,PGC1224445,-0.4041068762089002,16.220000000000002,60.0,False,False,False,False,False,False
1225072,PGC1225072,-0.018901916845230016,14.459999999999999,77.0,False,False,False,False,False,False
1225419,PGC1225419,-0.4059385625069427,16.6,77.0,False,False,True,False,False,False
1226308,PGC1226308,-0.2748978778341824,16.439999999999998,84.0,False,False,True,False,False,False
1226418,PGC1226418,-0.19236883668378724,15.38,71.0,False,False,False,False,False,False
1227842,PGC1227842,-0.19255671800137808,15.59,82.0,False,False,False,False,False,False
1229213,PGC1229213,-0.9306016177423224,16.55,76.0,False,True,True,False,False,False
1230424,PGC1230424,-0.499417677507608,15.67,64.0,False,False,False,False,False,False
1230543,PGC1230543,0.020206200217207648,14.03,75.0,False,False,False,False,False,False
1231335,PGC1231335,-0.07840359766874316,14.87,75.0,False,False,False,False,False,False
1232309,PGC1232309,-0.3193672787243296,16.490000000000002,85.0,False,False,True,False,False,False
1233048,PGC1233048,-0.24959515249074782,15.450000000000001,54.0,False,False,False,False,False,False
1234571,PGC1234571,-0.35288044203303937,16.73,69.0,False,False,True,False,False,False
1234821,PGC1234821,-0.44586234637048294,15.760000000000002,86.0,False,False,False,False,False,False
1235665,PGC1235665,-0.32713693743470884,15.889999999999999,69.0,False,False,False,False,False,False
1235956,PGC1235956,0.07781153991307654,13.969999999999999,62.0,False,False,False,False,False,False
1236745,PGC1236745,-0.6195586636733701,14.88,81.0,False,False,False,False,True,False
1237318,PGC1237318,-0.07110308761719075,14.69,84.0,False,False,False,False,False,False
1238390,PGC1238390,-0.25987932676724146,15.97,59.0,False,False,False,False,False,False
1239316,PGC1239316,-0.09853330902768453,14.940000000000001,89.0,False,False,False,False,False,False
1239768,PGC1239768,-0.10274144275816655,15.18,86.0,False,False,False,False,False,False
1241148,PGC1241148,-0.06356537090088699,15.33,54.0,False,False,False,False,False,False
1241357,PGC1241357,-0.1173873637178815,15.370000000000001,87.0,False,False,False,False,False,False
1243291,PGC1243291,-0.05517838971798561,15.49,69.0,False,False,False,False,False,False
1243344,PGC1243344,-0.2369705117408918,15.34,75.0,False,False,False,False,False,False
1243996,PGC1243996,-0.359562027389555,15.929999999999998,69.0,False,False,False,False,False,False
1245927,PGC1245927,-0.5661251079358636,16.159999999999997,78.0,False,False,False,False,False,False
1246742,PGC1246742,-0.04827273298914658,14.940000000000001,74.0,False,False,False,False,False,False
1248150,PGC1248150,-0.029913342943422183,14.5,88.0,False,False,False,False,False,False
1249917,PGC1249917,-0.2203975602840309,15.68,71.0,False,False,False,False,False,False
1251141,PGC1251141,-0.1324695469972914,16.29,78.0,False,False,False,False,False,False
1251257,PGC1251257,-0.35687162342903767,16.23,83.0,False,False,False,False,False,False
1251547,PGC1251547,-0.8102279847613623,16.13,70.0,False,False,False,False,False,False
1252289,PGC1252289,-0.0010938525031494173,14.799999999999999,87.0,False,False,False,False,False,False
1252692,PGC1252692,-0.2018082697756176,15.930000000000001,74.0,False,False,False,False,False,False
1254184,PGC1254184,-0.23765707726241336,16.299999999999997,72.0,False,False,False,False,False,False
1256141,PGC1256141,-0.08874443100696228,15.28,75.0,False,False,False,False,False,False
1256390,PGC1256390,-0.3366128293185864,15.049999999999999,69.0,False,False,False,False,False,False
1257834,PGC1257834,-0.2822514147076789,15.469999999999999,88.0,False,False,False,False,False,False
1258163,PGC1258163,0.10340901369859701,14.52,88.0,False,False,False,False,False,False
1258287,PGC1258287,0.03953234057325039,14.62,79.0,False,False,False,False,False,False
1260237,PGC1260237,-0.4785460598516469,15.620000000000001,88.0,False,False,False,False,False,False
1260360,PGC1260360,-0.24439452982009868,15.89,75.0,False,False,False,False,False,False
1260470,PGC1260470,-0.09607905394082916,15.129999999999999,82.0,False,False,False,False,False,False
1263061,PGC1263061,-0.36352105339426277,15.92,63.0,False,False,False,False,False,False
1263188,PGC1263188,-0.008385746592664223,15.73,85.0,False,False,False,False,False,False
1263785,PGC1263785,-0.39698270883551023,16.49,78.0,False,False,True,False,False,False
1264496,PGC1264496,-0.044306301228349554,15.32,71.0,False,False,False,False,False,False
1264576,PGC1264576,-0.29097863456973805,15.57,71.0,False,False,False,False,False,False
1265112,PGC1265112,-0.0887679595250872,14.959999999999999,68.0,False,False,False,False,False,False
1265471,PGC1265471,0.07565956648595495,14.9,68.0,False,False,False,False,False,False
1265517,PGC1265517,0.2459213453645006,12.950000000000001,89.0,False,False,False,False,False,False
1265545,PGC1265545,0.11304581410811432,14.17,84.0,False,False,False,False,False,False
1266773,PGC1266773,0.02582381983689297,14.709999999999999,77.0,False,False,False,False,False,False
1266917,PGC1266917,-0.2452211440090628,16.360000000000003,71.0,False,False,False,False,False,False
1267311,PGC1267311,-0.1665796553654615,15.69,63.0,False,False,False,False,False,False
1268307,PGC1268307,-0.14815785573028561,15.15,73.0,False,False,False,False,False,False
1269701,PGC1269701,0.06528457495239559,14.17,75.0,False,False,False,False,False,False
1271557,PGC1271557,0.16606482018810764,15.5,79.0,False,False,False,False,False,False
1272741,PGC1272741,-0.39348243334737454,16.06,76.0,False,False,False,False,False,False
1273842,PGC1273842,-0.05045631763954672,14.92,84.0,False,False,False,False,False,False
1274644,PGC1274644,-0.23256363051857143,16.23,88.0,False,False,False,False,False,False
1274667,PGC1274667,-0.25280221068733555,15.35,80.0,False,False,False,False,False,False
1275487,PGC1275487,-0.1495238956467988,15.01,79.0,False,False,False,False,False,False
1275613,PGC1275613,-0.26931064533920734,16.34,81.0,False,False,False,False,False,False
1275824,PGC1275824,-0.21676552625211976,15.280000000000001,57.0,False,False,False,False,False,False
1275825,PGC1275825,-0.33162345510572644,15.129999999999999,86.0,False,False,False,False,False,False
1276206,PGC1276206,-0.1268157798302223,16.83,74.0,False,False,True,False,False,False
1276281,PGC1276281,-0.15919396078533987,15.79,64.0,False,False,False,False,False,False
1276691,PGC1276691,-0.9493741127973279,15.87,52.0,False,True,False,False,False,False
1277136,PGC1277136,0.03292387526610918,14.91,76.0,False,False,False,False,False,False
1277243,PGC1277243,-0.02432881167557044,15.1,90.0,False,False,False,False,False,False
1278060,PGC1278060,-0.1188773772955356,15.440000000000001,70.0,False,False,False,False,False,False
1279442,PGC1279442,-0.09577244492161041,15.26,63.0,False,False,False,False,False,False
1279735,PGC1279735,-0.18174772068220957,15.54,75.0,False,False,False,False,False,False
1280225,PGC1280225,-0.1491563879585871,15.910000000000002,87.0,False,False,False,False,False,False
1282104,PGC1282104,-0.19765291625530867,15.31,68.0,False,False,False,False,False,False
1284003,PGC1284003,-0.2404221344252604,16.14,61.0,False,False,False,False,False,False
1284806,PGC1284806,0.22432618287313222,14.31,75.0,False,False,False,False,False,False
1285039,PGC1285039,-0.39743885505040577,16.18,70.0,False,False,False,False,False,False
1287252,PGC1287252,-0.11085040451899397,15.17,72.0,False,False,False,False,False,False
1288290,PGC1288290,-0.03207316949979333,15.040000000000001,86.0,False,False,False,False,False,False
1288951,PGC1288951,-0.10040421734546134,15.77,85.0,False,False,False,False,False,False
1289906,PGC1289906,-0.2754287635600674,15.91,75.0,False,False,False,False,False,False
1291488,PGC1291488,0.09345025804473339,13.969999999999999,84.0,False,False,False,False,False,False
1291781,PGC1291781,-0.009793509517054932,15.58,85.0,False,False,False,False,False,False
1292036,PGC1292036,-0.37324172468074757,15.74,69.0,False,False,False,False,False,False
1295414,PGC1295414,-0.04810417981186932,14.959999999999999,70.0,False,False,False,False,False,False
1295846,PGC1295846,-0.3755527653256645,15.08,87.0,False,False,False,False,False,False
1296338,PGC1296338,0.0824697911054364,14.71,76.0,False,False,False,False,False,False
1296339,PGC1296339,0.0013239032961664954,15.42,88.0,False,False,False,False,False,False
1296487,PGC1296487,-0.19753714827196678,15.34,59.0,False,False,False,False,False,False
1296650,PGC1296650,0.0695022310383675,14.889999999999999,78.0,False,False,False,False,False,False
1299978,PGC1299978,-0.3195867837614337,16.09,76.0,False,False,False,False,False,False
1304980,PGC1304980,-0.5033780331276696,15.4,68.0,False,False,False,False,False,False
1306494,PGC1306494,-0.1681028779391589,15.55,64.0,False,False,False,False,False,False
1306856,PGC1306856,-0.2797760790173722,15.64,81.0,False,False,False,False,False,False
1307308,PGC1307308,-0.36161280797399886,15.969999999999999,79.0,False,False,False,False,False,False
1308068,PGC1308068,-0.10093588027866085,14.74,69.0,False,False,False,False,False,False
1309725,PGC1309725,-0.22525006307844286,15.26,71.0,False,False,False,False,False,False
1310470,PGC1310470,-0.2616238166729161,15.629999999999999,81.0,False,False,False,False,False,False
1311034,PGC1311034,0.16700505625970674,13.81,82.0,False,False,False,False,False,False
1312030,PGC1312030,-0.0363941553318492,14.99,51.0,False,False,False,False,False,False
1312111,PGC1312111,-0.2048470849899715,15.55,78.0,False,False,False,False,False,False
1312326,PGC1312326,-0.23454853907999507,15.66,81.0,False,False,False,False,False,False
1313089,PGC1313089,-0.2641876473620264,16.299999999999997,76.0,False,False,False,False,False,False
1314481,PGC1314481,-0.7859737737666797,15.56,75.0,False,False,False,False,True,True
1315049,PGC1315049,-0.016067206245149013,15.629999999999999,86.0,False,False,False,False,False,False
1315808,PGC1315808,0.12295063956412955,14.370000000000001,79.0,False,False,False,False,False,False
1315823,PGC1315823,-0.16352001429889462,15.84,57.0,False,False,False,False,False,False
1318682,PGC1318682,-0.25422269110743523,15.780000000000001,88.0,False,False,False,False,False,False
1318722,PGC1318722,0.019585482961087752,16.130000000000003,74.0,False,False,False,False,False,False
1321762,PGC1321762,-0.1642061537158792,14.81,81.0,False,False,False,False,False,False
1321831,PGC1321831,-0.1089904681348699,15.02,72.0,False,False,False,False,False,False
1322354,PGC1322354,-0.23807420055268258,15.700000000000001,82.0,False,False,False,False,False,False
1323063,PGC1323063,-0.4082600963903218,14.75,81.0,False,False,False,False,False,False
1323472,PGC1323472,-0.24366828475059643,15.68,86.0,False,False,False,False,False,False
1323757,PGC1323757,-0.14177213425006618,15.1,69.0,False,False,False,False,False,False
1324268,PGC1324268,0.03080486661424464,14.22,70.0,False,False,False,False,False,False
1324774,PGC1324774,-0.10448910902768649,15.07,86.0,False,False,False,False,False,False
1327399,PGC1327399,-0.018901916845230016,15.25,77.0,False,False,False,False,False,False
1327562,PGC1327562,-0.27462456808336544,14.85,89.0,False,False,False,False,False,False
1328261,PGC1328261,-0.28508172719055125,16.36,72.0,False,False,False,False,False,False
1328284,PGC1328284,-0.09070477141387334,14.76,76.0,False,False,False,False,False,False
1330919,PGC1330919,0.10697695881785485,13.629999999999999,87.0,False,False,False,False,False,False
1333641,PGC1333641,-0.39857024473633995,15.48,86.0,False,False,False,False,False,False
1333718,PGC1333718,-0.10082459444847691,14.88,74.0,False,False,False,False,False,False
1333972,PGC1333972,-0.11133441639506714,15.720000000000002,80.0,False,False,False,False,False,False
1334828,PGC1334828,-0.28546030687120494,16.16,69.0,False,False,False,False,False,False
1334899,PGC1334899,-0.16263369819493834,15.88,62.0,False,False,False,False,False,False
1335617,PGC1335617,-0.2296712729993926,16.369999999999997,75.0,False,False,False,False,False,False
1335660,PGC1335660,-0.039339574829100776,15.54,75.0,False,False,False,False,False,False
1335893,PGC1335893,0.010530051254836081,15.08,81.0,False,False,False,False,False,False
1336594,PGC1336594,-0.025188142216495013,15.290000000000001,87.0,False,False,False,False,False,False
1338961,PGC1338961,-0.18019271541325077,14.75,79.0,False,False,False,False,False,False
1343342,PGC1343342,-0.027633635578742766,14.58,62.0,False,False,False,False,False,False
1343641,PGC1343641,-0.055714316897578886,15.36,71.0,False,False,False,False,False,False
1344624,PGC1344624,-0.020403662988814908,15.01,81.0,False,False,False,False,False,False
1346079,PGC1346079,-0.16548977852972335,16.880000000000003,70.0,False,False,True,False,False,False
1349982,PGC1349982,-0.026106941770727587,14.989999999999998,69.0,False,False,False,False,False,False
1350104,PGC1350104,-0.1858604879260115,15.47,84.0,False,False,False,False,False,False
1351876,PGC1351876,-0.2317690614508887,14.98,86.0,False,False,False,False,False,False
1352141,PGC1352141,-0.1532220752966551,15.31,84.0,False,False,False,False,False,False
1352335,PGC1352335,-0.10801314997823397,15.360000000000001,55.0,False,False,False,False,False,False
1352430,PGC1352430,-0.3002268606154739,15.51,80.0,False,False,False,False,False,False
1353034,PGC1353034,0.10526314500861789,14.479999999999999,81.0,False,False,False,False,False,False
1353487,PGC1353487,-0.09723536342503314,15.56,74.0,False,False,False,False,False,False
1353524,PGC1353524,-0.1892685576184463,15.730000000000002,81.0,False,False,False,False,False,False
1354636,PGC1354636,0.06132717935345111,15.549999999999999,69.0,False,False,False,False,False,False
1355432,PGC1355432,0.004959094819664944,14.51,80.0,False,False,False,False,False,False
1358004,PGC1358004,-0.09908387541706754,15.78,69.0,False,False,False,False,False,False
1358024,PGC1358024,-0.14838788587241414,15.6,74.0,False,False,False,False,False,False
1360237,PGC1360237,-0.44988088406901117,15.33,63.0,False,False,False,False,False,False
1360262,PGC1360262,0.19088349384042624,14.29,82.0,False,False,False,False,False,False
1362036,PGC1362036,-0.13361230935728052,15.280000000000001,67.0,False,False,False,False,False,False
1362231,PGC1362231,-0.17744774018948561,14.27,75.0,False,False,False,False,False,False
1363457,PGC1363457,0.028689111017436097,14.55,86.0,False,False,False,False,False,False
1363799,PGC1363799,0.09388166072770732,15.23,87.0,False,False,False,False,False,False
1364168,PGC1364168,-0.28628441134182037,15.54,78.0,False,False,False,False,False,False
1364366,PGC1364366,-0.13313872993813014,15.14,83.0,False,False,False,False,False,False
1382288,PGC1382288,-0.07668797587242082,15.200000000000001,89.0,False,False,False,False,False,False
1365234,PGC1365234,-0.4301619378381516,16.3,81.0,False,False,False,False,False,False
1365339,PGC1365339,0.08485454795112357,14.75,85.0,False,False,False,False,False,False
1366523,PGC1366523,-0.21113905992367643,15.81,86.0,False,False,False,False,False,False
1366557,PGC1366557,-0.07615853235594239,14.45,87.0,False,False,False,False,False,False
1368612,PGC1368612,0.006307423109070065,14.5,56.0,False,False,False,False,False,False
1369352,PGC1369352,-0.2748978778341824,14.89,84.0,False,False,False,False,False,False
1370136,PGC1370136,0.13382942003140608,13.92,84.0,False,False,False,False,False,False
1370549,PGC1370549,-0.26341234294635374,15.99,86.0,False,False,False,False,False,False
1370630,PGC1370630,0.1871540798330189,14.04,75.0,False,False,False,False,False,False
1370908,PGC1370908,-0.14449966326258012,15.540000000000001,75.0,False,False,False,False,False,False
1372255,PGC1372255,-0.16912174202482255,15.03,69.0,False,False,False,False,False,False
1372553,PGC1372553,-0.2049381801311574,15.600000000000001,87.0,False,False,False,False,False,False
1372854,PGC1372854,-0.24289974444197382,15.81,82.0,False,False,False,False,False,False
1372878,PGC1372878,-0.08074818397682604,14.299999999999999,64.0,False,False,False,False,False,False
1373119,PGC1373119,-0.0995578484588604,14.840000000000002,77.0,False,False,False,False,False,False
1373441,PGC1373441,-0.008199993329830235,15.690000000000001,83.0,False,False,False,False,False,False
1373837,PGC1373837,-0.19264901653723898,15.780000000000001,72.0,False,False,False,False,False,False
1374536,PGC1374536,-0.14257204309374538,15.229999999999999,70.0,False,False,False,False,False,False
1374673,PGC1374673,-0.5027090314199492,15.799999999999999,85.0,False,False,False,False,False,False
1375025,PGC1375025,-0.20042225908433808,15.479999999999999,62.0,False,False,False,False,False,False
1375281,PGC1375281,-0.16202479055900731,15.840000000000002,78.0,False,False,False,False,False,False
1375482,PGC1375482,-0.44551143335138477,15.53,76.0,False,False,False,False,False,False
1375876,PGC1375876,-0.1260238074336506,15.840000000000002,72.0,False,False,False,False,False,False
1376799,PGC1376799,0.1375558797032821,14.139999999999999,89.0,False,False,False,False,False,False
1378162,PGC1378162,-0.25497825606926705,16.71,68.0,False,False,True,False,False,False
1378322,PGC1378322,-0.11324039461987212,15.180000000000001,73.0,False,False,False,False,False,False
1378565,PGC1378565,0.07307669139666562,14.76,78.0,False,False,False,False,False,False
1378672,PGC1378672,-0.11432757621091616,14.4,89.0,False,False,False,False,False,False
1380244,PGC1380244,0.00720351822141696,14.8,71.0,False,False,False,False,False,False
1381516,PGC1381516,-0.20668471849742653,15.59,86.0,False,False,False,False,False,False
1381614,PGC1381614,-0.06805391334862065,16.04,64.0,False,False,False,False,False,False
1382354,PGC1382354,-0.09833481814004097,15.379999999999999,88.0,False,False,False,False,False,False
1382398,PGC1382398,-0.010853689792305943,15.44,87.0,False,False,False,False,False,False
1385096,PGC1385096,-0.11234553258285551,14.73,88.0,False,False,False,False,False,False
1385563,PGC1385563,0.11162548468108513,13.7,56.0,False,False,False,False,False,False
1386236,PGC1386236,0.021830804338541565,15.21,73.0,False,False,False,False,False,False
1386969,PGC1386969,-0.023586766890322686,14.6,58.0,False,False,False,False,False,False
1388010,PGC1388010,-0.03355793840548449,15.239999999999998,86.0,False,False,False,False,False,False
1390585,PGC1390585,0.013539134961375154,15.110000000000001,85.0,False,False,False,False,False,False
1391345,PGC1391345,-0.22577274244526668,15.360000000000001,84.0,False,False,False,False,False,False
1391373,PGC1391373,-0.3891456486223359,15.65,88.0,False,False,False,False,False,False
1392304,PGC1392304,-0.014147669192397405,15.34,76.0,False,False,False,False,False,False
1393848,PGC1393848,0.06868214014156138,14.15,85.0,False,False,False,False,False,False
1394635,PGC1394635,-0.38135686616975617,17.09,79.0,False,False,True,False,False,False
1394706,PGC1394706,-0.20708171031757594,15.74,60.0,False,False,False,False,False,False
1394711,PGC1394711,0.11087459411453437,14.680000000000001,80.0,False,False,False,False,False,False
1395663,PGC1395663,-0.18078036437335676,16.09,83.0,False,False,False,False,False,False
1395674,PGC1395674,-0.3280825106225418,15.23,85.0,False,False,False,False,False,False
1396570,PGC1396570,-0.07289314492817489,14.819999999999999,87.0,False,False,False,False,False,False
1396787,PGC1396787,-0.08650398102280432,14.780000000000001,71.0,False,False,False,False,False,False
1396998,PGC1396998,-0.014825321749342368,14.67,79.0,False,False,False,False,False,False
1397433,PGC1397433,-0.14054735652733097,15.82,70.0,False,False,False,False,False,False
1400872,PGC1400872,-0.20447456369230999,15.34,86.0,False,False,False,False,False,False
1401797,PGC1401797,0.09272038100900026,14.64,85.0,False,False,False,False,False,False
1401917,PGC1401917,-0.28456310542631646,14.68,83.0,False,False,False,False,False,False
1402435,PGC1402435,-0.037006408393793766,14.43,87.0,False,False,False,False,False,False
1403688,PGC1403688,-0.39298091385237255,15.13,80.0,False,False,False,False,False,False
1403946,PGC1403946,0.09582494218270599,15.46,72.0,False,False,False,False,False,False
1405267,PGC1405267,0.07525725321871413,13.69,84.0,False,False,False,False,False,False
1406215,PGC1406215,-0.1563065949901561,15.27,83.0,False,False,False,False,False,False
1406396,PGC1406396,0.04461186610252499,15.370000000000001,79.0,False,False,False,False,False,False
1407161,PGC1407161,-0.20109538761345958,15.729999999999999,80.0,False,False,False,False,False,False
1407580,PGC1407580,0.12868893662899783,14.33,78.0,False,False,False,False,False,False
1408607,PGC1408607,-0.10581560272689527,15.49,83.0,False,False,False,False,False,False
1411171,PGC1411171,0.004849893203278555,14.99,86.0,False,False,False,False,False,False
1412214,PGC1412214,-0.11379898300133462,14.920000000000002,84.0,False,False,False,False,False,False
1413040,PGC1413040,-0.17528812400717397,16.39,80.0,False,False,False,False,False,False
1413658,PGC1413658,-0.407722872461985,17.229999999999997,76.0,False,False,True,False,False,False
1415034,PGC1415034,-0.223838514752019,16.619999999999997,80.0,False,False,True,False,False,False
1419126,PGC1419126,0.10917548973256785,13.67,68.0,False,False,False,False,False,False
1419591,PGC1419591,-0.34653366276648745,16.21,82.0,False,False,False,False,False,False
1419739,PGC1419739,-0.23966397093651048,15.27,88.0,False,False,False,False,False,False
1424190,PGC1424190,0.03947486905577513,14.83,85.0,False,False,False,False,False,False
1424710,PGC1424710,-0.01003134894028701,14.06,82.0,False,False,False,False,False,False
1425516,PGC1425516,-0.04704645551678732,15.020000000000001,82.0,False,False,False,False,False,False
1425523,PGC1425523,-0.2823066731357793,15.770000000000001,72.0,False,False,False,False,False,False
1426610,PGC1426610,-0.0806394985341572,14.58,86.0,False,False,False,False,False,False
1426967,PGC1426967,-0.09620378353024339,15.469999999999999,54.0,False,False,False,False,False,False
1428201,PGC1428201,-0.25031341028364107,16.37,80.0,False,False,False,False,False,False
1428390,PGC1428390,0.09585110509813921,15.08,59.0,False,False,False,False,False,False
1429164,PGC1429164,-0.16815421121310292,15.540000000000001,56.0,False,False,False,False,False,False
1429195,PGC1429195,-0.16729689900597977,14.620000000000001,88.0,False,False,False,False,False,False
1429272,PGC1429272,-0.29561537626566015,15.790000000000001,88.0,False,False,False,False,False,False
1429669,PGC1429669,-0.1468629421701495,15.5,66.0,False,False,False,False,False,False
1430602,PGC1430602,-0.4235373534863225,15.42,49.0,False,False,False,False,False,False
1430862,PGC1430862,-0.5755418346889962,15.5,81.0,False,False,False,False,False,False
1433135,PGC1433135,-0.3237368031161809,15.99,65.0,False,False,False,False,False,False
1434312,PGC1434312,-0.17453141509635506,15.34,83.0,False,False,False,False,False,False
1435898,PGC1435898,-0.02404593534615085,15.04,75.0,False,False,False,False,False,False
1436082,PGC1436082,-0.11554153371026121,15.9,82.0,False,False,False,False,False,False
1437522,PGC1437522,0.014941025785126794,15.049999999999999,66.0,False,False,False,False,False,False
1439008,PGC1439008,-0.23716762344634335,16.3,65.0,False,False,False,False,False,False
1439152,PGC1439152,-0.23667932184519946,16.709999999999997,83.0,False,False,True,False,False,False
1441186,PGC1441186,-0.2282425153517056,15.54,56.0,False,False,False,False,False,False
1441868,PGC1441868,-0.47138895390736435,15.54,64.0,False,False,False,False,False,False
1442306,PGC1442306,-0.3546100096076925,15.879999999999999,75.0,False,False,False,False,False,False
1442607,PGC1442607,-0.015307997381136307,14.58,61.0,False,False,False,False,False,False
1442785,PGC1442785,-0.11771831634671681,15.76,88.0,False,False,False,False,False,False
1445127,PGC1445127,-0.15829421622566953,14.84,83.0,False,False,False,False,False,False
1445874,PGC1445874,-0.09607905394082916,15.71,82.0,False,False,False,False,False,False
1445975,PGC1445975,0.16178697584144652,13.91,80.0,False,False,False,False,False,False
1446045,PGC1446045,-0.12891792090957566,14.56,75.0,False,False,False,False,False,False
1446614,PGC1446614,-0.1360136636998579,15.29,63.0,False,False,False,False,False,False
1447416,PGC1447416,-0.10850621756147216,14.99,76.0,False,False,False,False,False,False
1448560,PGC1448560,-0.4797173705314939,15.18,83.0,False,False,False,False,False,False
1448629,PGC1448629,-0.20298000928579008,15.059999999999999,69.0,False,False,False,False,False,False
1449515,PGC1449515,-0.08937438366991612,14.16,84.0,False,False,False,False,False,False
1451574,PGC1451574,0.02564040074409535,14.99,87.0,False,False,False,False,False,False
1452135,PGC1452135,-0.3398268367692503,15.57,74.0,False,False,False,False,False,False
1452792,PGC1452792,-0.05224637495053086,15.709999999999999,87.0,False,False,False,False,False,False
1453295,PGC1453295,-0.20767777845275237,16.47,89.0,False,False,True,False,False,False
1454402,PGC1454402,-0.2566101798833782,15.76,66.0,False,False,False,False,False,False
1454756,PGC1454756,-0.17534559911013226,14.72,74.0,False,False,False,False,False,False
1455410,PGC1455410,-0.10137210755005022,14.52,57.0,False,False,False,False,False,False
1456054,PGC1456054,-0.33057857423403014,15.790000000000001,79.0,False,False,False,False,False,False
1456468,PGC1456468,-0.6787638041188113,15.549999999999999,75.0,False,False,False,False,False,False
1456471,PGC1456471,-0.049110456576072714,15.04,66.0,False,False,False,False,False,False
1456707,PGC1456707,0.03395143701439496,14.7,73.0,False,False,False,False,False,False
1456822,PGC1456822,-0.5671694617744509,16.34,64.0,False,False,False,False,False,False
1458530,PGC1458530,-0.11922965713120082,16.04,74.0,False,False,False,False,False,False
1458689,PGC1458689,-0.2394311102885487,15.62,75.0,False,False,False,False,False,False
1460236,PGC1460236,0.12154575706319903,14.5,80.0,False,False,False,False,False,False
1463377,PGC1463377,-1.055720178274895,16.72,64.0,False,True,True,False,False,False
1463626,PGC1463626,0.07131460528215383,14.120000000000001,80.0,False,False,False,False,False,False
1463891,PGC1463891,-0.07342258844465333,13.979999999999999,89.0,False,False,False,False,False,False
1464674,PGC1464674,0.017529617694179933,14.66,85.0,False,False,False,False,False,False
1464874,PGC1464874,-0.24147820472696813,15.280000000000001,83.0,False,False,False,False,False,False
1465421,PGC1465421,-0.2181581228918259,15.870000000000001,81.0,False,False,False,False,False,False
1465648,PGC1465648,0.040731872775277456,14.83,85.0,False,False,False,False,False,False
1466596,PGC1466596,-0.15258781540326405,15.12,86.0,False,False,False,False,False,False
1467060,PGC1467060,-0.016530822683996416,15.55,87.0,False,False,False,False,False,False
1467553,PGC1467553,-0.19056170428337316,15.08,73.0,False,False,False,False,False,False
1468338,PGC1468338,0.018217625194406395,14.61,74.0,False,False,False,False,False,False
1468497,PGC1468497,-0.32947364352662767,15.52,88.0,False,False,False,False,False,False
1469378,PGC1469378,-0.25031341028364107,16.13,80.0,False,False,False,False,False,False
1470737,PGC1470737,-0.38516306512261833,15.530000000000001,82.0,False,False,False,False,False,False
1471076,PGC1471076,-0.1026062751393737,15.86,54.0,False,False,False,False,False,False
1471393,PGC1471393,-0.028577744973655506,15.520000000000001,75.0,False,False,False,False,False,False
1471871,PGC1471871,-0.19910238857938367,15.93,76.0,False,False,False,False,False,False
1472104,PGC1472104,0.1155958907140815,14.75,65.0,False,False,False,False,False,False
1473566,PGC1473566,-0.314249359036304,16.4,86.0,False,False,False,False,False,False
1476181,PGC1476181,0.11517457460725877,14.64,80.0,False,False,False,False,False,False
1476347,PGC1476347,-0.0869019767136483,15.620000000000001,52.0,False,False,False,False,False,False
1478182,PGC1478182,-0.199452724592184,15.95,72.0,False,False,False,False,False,False
1479252,PGC1479252,0.019255310374481027,14.879999999999999,53.0,False,False,False,False,False,False
1479518,PGC1479518,-0.34157135771397895,16.04,89.0,False,False,False,False,False,False
1480186,PGC1480186,-0.4251655972237738,15.68,80.0,False,False,False,False,False,False
1481074,PGC1481074,-0.140511487917669,14.02,81.0,False,False,False,False,False,False
1483652,PGC1483652,-0.28510491252243897,15.68,81.0,False,False,False,False,False,False
1484119,PGC1484119,-0.1262764113883721,15.280000000000001,66.0,False,False,False,False,False,False
1485129,PGC1485129,0.11443741558331899,14.299999999999999,87.0,False,False,False,False,False,False
1485914,PGC1485914,-0.12273779810877361,14.37,70.0,False,False,False,False,False,False
1487317,PGC1487317,-0.17794885978907304,15.23,48.0,False,False,False,False,False,False
1489368,PGC1489368,-0.27469071827413716,16.84,90.0,False,False,True,False,False,False
1490942,PGC1490942,0.1518736077053937,14.07,87.0,False,False,False,False,False,False
1491140,PGC1491140,-0.07360435442835778,14.4,76.0,False,False,False,False,False,False
1491236,PGC1491236,-0.24689767497390314,15.83,75.0,False,False,False,False,False,False
1491772,PGC1491772,0.03429049445002308,15.17,57.0,False,False,False,False,False,False
1492056,PGC1492056,-0.09907413809124499,15.65,60.0,False,False,False,False,False,False
1492081,PGC1492081,-0.15432802900806797,15.879999999999999,83.0,False,False,False,False,False,False
1493757,PGC1493757,-0.1465026914961114,15.78,83.0,False,False,False,False,False,False
1493824,PGC1493824,-0.13065911891198256,15.030000000000001,74.0,False,False,False,False,False,False
1494279,PGC1494279,-0.22789375238508613,15.79,88.0,False,False,False,False,False,False
1495086,PGC1495086,-0.15860791717394696,16.150000000000002,75.0,False,False,False,False,False,False
1496977,PGC1496977,-0.07242952848932749,14.719999999999999,86.0,False,False,False,False,False,False
1498127,PGC1498127,0.010654868220006275,14.79,78.0,False,False,False,False,False,False
1498361,PGC1498361,-0.11254402347049908,14.35,89.0,False,False,False,False,False,False
1498419,PGC1498419,0.01726343391380425,14.33,81.0,False,False,False,False,False,False
1499930,PGC1499930,0.09898274664469442,14.770000000000001,84.0,False,False,False,False,False,False
1500765,PGC1500765,0.01158817334933726,15.49,84.0,False,False,False,False,False,False
1505416,PGC1505416,0.03441895527777472,14.659999999999998,63.0,False,False,False,False,False,False
1506675,PGC1506675,-0.13269807563027003,15.64,77.0,False,False,False,False,False,False
1506952,PGC1506952,-0.38775451571825004,15.770000000000001,85.0,False,False,False,False,False,False
1509244,PGC1509244,0.19167708583021836,14.03,87.0,False,False,False,False,False,False
1510007,PGC1510007,-0.35008273039963456,16.08,67.0,False,False,False,False,False,False
1510328,PGC1510328,-0.30074731933832766,15.37,87.0,False,False,False,False,False,False
1510638,PGC1510638,0.06027932920239465,14.52,77.0,False,False,False,False,False,False
1513048,PGC1513048,-0.09286422585879484,15.23,87.0,False,False,False,False,False,False
1515212,PGC1515212,-0.03521635108280963,14.99,84.0,False,False,False,False,False,False
1517139,PGC1517139,-0.03402155484433189,16.04,87.0,False,False,False,False,False,False
1520706,PGC1520706,-0.21822174713181752,14.82,59.0,False,False,False,False,False,False
1522943,PGC1522943,-0.12556955726630248,15.65,59.0,False,False,False,False,False,False
1524207,PGC1524207,-0.40551910469166774,14.96,86.0,False,False,False,False,False,False
1527085,PGC1527085,-0.08874443100696228,15.43,75.0,False,False,False,False,False,False
1528614,PGC1528614,-0.40770923754236765,14.629999999999999,84.0,False,False,False,False,False,False
1528674,PGC1528674,-0.3567205586674902,16.529999999999998,88.0,False,False,True,False,False,False
1529332,PGC1529332,-0.050179169688908676,14.75,52.0,False,False,False,False,False,False
1531093,PGC1531093,-0.11177377475160899,15.15,74.0,False,False,False,False,False,False
1531099,PGC1531099,-0.18970626810769753,15.21,52.0,False,False,False,False,False,False
1531907,PGC1531907,-0.07024771999759194,15.59,90.0,False,False,False,False,False,False
1533359,PGC1533359,-0.8224575516119932,15.36,71.0,False,False,False,False,True,True
1533780,PGC1533780,-0.062269599968956424,15.65,78.0,False,False,False,False,False,False
1535230,PGC1535230,-0.3138534697605757,15.59,72.0,False,False,False,False,False,False
1541737,PGC1541737,-0.13461549367599224,15.139999999999999,77.0,False,False,False,False,False,False
1542387,PGC1542387,-0.0936301886544566,14.77,83.0,False,False,False,False,False,False
1543329,PGC1543329,-0.3490249138904318,15.92,62.0,False,False,False,False,False,False
1544125,PGC1544125,-0.19438398947496127,15.0,88.0,False,False,False,False,False,False
1546068,PGC1546068,-0.24777950906006074,16.93,82.0,False,False,True,False,False,False
1546699,PGC1546699,-0.18174787076063703,15.73,61.0,False,False,False,False,False,False
1547323,PGC1547323,-0.7428695151510019,16.580000000000002,59.0,False,False,True,False,False,False
1547513,PGC1547513,-0.30661076056712355,15.3,88.0,False,False,False,False,False,False
1549529,PGC1549529,-0.04190584982176393,14.799999999999999,83.0,False,False,False,False,False,False
1549571,PGC1549571,0.03923167812982786,14.799999999999999,73.0,False,False,False,False,False,False
1551524,PGC1551524,-0.11394222936974385,15.44,71.0,False,False,False,False,False,False
1555876,PGC1555876,-0.11917581836535529,15.469999999999999,82.0,False,False,False,False,False,False
1558448,PGC1558448,-0.0907008245420533,15.120000000000001,86.0,False,False,False,False,False,False
1562050,PGC1562050,0.07328671099798312,14.36,73.0,False,False,False,False,False,False
1562676,PGC1562676,0.0639442832888002,14.389999999999999,77.0,False,False,False,False,False,False
1562722,PGC1562722,-0.3280825106225418,15.29,85.0,False,False,False,False,False,False
1565412,PGC1565412,-0.19490916674018033,16.34,75.0,False,False,False,False,False,False
1565439,PGC1565439,-0.10479812039943281,15.22,78.0,False,False,False,False,False,False
1566044,PGC1566044,-0.36508035508808767,15.77,71.0,False,False,False,False,False,False
1567634,PGC1567634,0.08494271088951555,13.950000000000001,69.0,False,False,False,False,False,False
1572727,PGC1572727,-0.17285495609838897,15.71,72.0,False,False,False,False,False,False
1572985,PGC1572985,0.017460539028389288,14.18,88.0,False,False,False,False,False,False
1573793,PGC1573793,-0.5343100666488418,15.629999999999999,80.0,False,False,False,False,False,False
1573855,PGC1573855,-0.15919396078533987,14.59,64.0,False,False,False,False,False,False
1575844,PGC1575844,-0.32454796308994727,15.379999999999999,61.0,False,False,False,False,False,False
1579866,PGC1579866,-0.274716514105652,15.14,76.0,False,False,False,False,False,False
1580851,PGC1580851,-0.3600547634079918,16.1,89.0,False,False,False,False,False,False
1582727,PGC1582727,-0.16568902515935102,15.72,60.0,False,False,False,False,False,False
1583149,PGC1583149,-0.0461934276277165,14.75,80.0,False,False,False,False,False,False
1590644,PGC1590644,-0.16335564901703759,15.520000000000001,70.0,False,False,False,False,False,False
1592138,PGC1592138,-0.07405915322283585,15.41,86.0,False,False,False,False,False,False
1595534,PGC1595534,0.056234461769431476,14.25,74.0,False,False,False,False,False,False
1599237,PGC1599237,-0.8586701712113405,15.82,66.0,True,False,False,False,True,True
1600590,PGC1600590,0.021271023598933958,15.01,79.0,False,False,False,False,False,False
1602173,PGC1602173,0.03351921596193552,14.64,70.0,False,False,False,False,False,False
1603547,PGC1603547,-0.01092587054123495,14.96,52.0,False,False,False,False,False,False
1604583,PGC1604583,-0.17071028763179985,15.549999999999999,72.0,False,False,False,False,False,False
1605910,PGC1605910,-0.2201327854630435,16.1,70.0,False,False,False,False,False,False
1612390,PGC1612390,-0.014640950507117001,14.79,86.0,False,False,False,False,False,False
1613155,PGC1613155,-0.38213311063698585,16.85,87.0,False,False,True,False,False,False
1614069,PGC1614069,-0.3407760828313715,16.61,76.0,False,False,True,False,False,False
1615646,PGC1615646,0.12442325266104293,14.49,47.0,False,False,False,False,False,False
1616133,PGC1616133,-0.04761797076846008,14.510000000000002,87.0,False,False,False,False,False,False
1617626,PGC1617626,-0.16406853306899372,15.46,78.0,False,False,False,False,False,False
1618163,PGC1618163,0.2029001015789187,13.43,74.0,False,False,False,False,False,False
1620325,PGC1620325,-0.1880629553764206,15.530000000000001,57.0,False,False,False,False,False,False
1621290,PGC1621290,-0.1358865129641731,14.98,84.0,False,False,False,False,False,False
1624546,PGC1624546,-0.1534507706534174,15.54,71.0,False,False,False,False,False,False
1625354,PGC1625354,-0.21548477229576068,15.51,79.0,False,False,False,False,False,False
1626241,PGC1626241,-0.00013309372056413693,14.48,67.0,False,False,False,False,False,False
1626466,PGC1626466,-0.32553611627463486,15.440000000000001,76.0,False,False,False,False,False,False
1627800,PGC1627800,-0.0851114936580859,15.469999999999999,80.0,False,False,False,False,False,False
1627904,PGC1627904,-0.02795721722565192,14.260000000000002,72.0,False,False,False,False,False,False
1629210,PGC1629210,0.01114060391386218,14.74,87.0,False,False,False,False,False,False
1629838,PGC1629838,-0.07898504136414486,13.99,86.0,False,False,False,False,False,False
1631975,PGC1631975,0.03655844257152996,14.82,90.0,False,False,False,False,False,False
1632187,PGC1632187,-0.2659446794617488,16.2,86.0,False,False,False,False,False,False
1633489,PGC1633489,-0.37981468369849614,16.4,78.0,False,False,False,False,False,False
1633497,PGC1633497,-0.028577744973655506,13.68,75.0,False,False,False,False,False,False
1633695,PGC1633695,-0.08540639603504996,14.55,79.0,False,False,False,False,False,False
1633897,PGC1633897,-0.15624571582241753,15.639999999999999,65.0,False,False,False,False,False,False
1634338,PGC1634338,-0.03074672862765615,16.13,84.0,False,False,False,False,False,False
1634503,PGC1634503,-0.28057660202987433,15.84,57.0,False,False,False,False,False,False
1634527,PGC1634527,-0.031057075880593032,14.12,87.0,False,False,False,False,False,False
1634766,PGC1634766,-0.06912988495338146,14.6,71.0,False,False,False,False,False,False
1635828,PGC1635828,0.13006384744398902,13.68,73.0,False,False,False,False,False,False
1636363,PGC1636363,-0.24243112763593855,15.860000000000001,78.0,False,False,False,False,False,False
1636696,PGC1636696,-0.1134211502204816,14.67,63.0,False,False,False,False,False,False
1638595,PGC1638595,-0.3002268606154739,16.09,80.0,False,False,False,False,False,False
1640141,PGC1640141,-0.2827841358536851,15.31,76.0,False,False,False,False,False,False
1640560,PGC1640560,-0.009651663235684449,15.360000000000001,53.0,False,False,False,False,False,False
1645554,PGC1645554,-0.08838995619712886,15.11,74.0,False,False,False,False,False,False
1646202,PGC1646202,-0.7178719211812488,15.040000000000001,77.0,False,False,False,False,True,True
1646351,PGC1646351,-0.21890048256150108,15.93,89.0,False,False,False,False,False,False
1647531,PGC1647531,-0.16299608704249025,14.82,67.0,False,False,False,False,False,False
1647688,PGC1647688,-0.47153066587567505,15.97,68.0,False,False,False,False,False,False
1648312,PGC1648312,-0.3891456486223359,15.17,88.0,False,False,False,False,False,False
1648997,PGC1648997,-0.23491753591204878,14.72,88.0,False,False,False,False,False,False
1651298,PGC1651298,-0.4082600963903218,15.31,81.0,False,False,False,False,False,False
1651666,PGC1651666,-0.2343875721316886,15.13,55.0,False,False,False,False,False,False
1652054,PGC1652054,-0.09457068967281224,14.71,87.0,False,False,False,False,False,False
1653235,PGC1653235,-0.19300801120954514,16.419999999999998,68.0,False,False,True,False,False,False
1654464,PGC1654464,-0.16828406613631852,15.819999999999999,81.0,False,False,False,False,False,False
1659928,PGC1659928,0.015132651148599852,14.48,83.0,False,False,False,False,False,False
1660503,PGC1660503,0.1865696713045999,13.9,61.0,False,False,False,False,False,False
1661817,PGC1661817,-0.3196615163661858,15.379999999999999,82.0,False,False,False,False,False,False
1662109,PGC1662109,-0.10206591797795417,14.370000000000001,52.0,False,False,False,False,False,False
1662132,PGC1662132,-0.059040629838757575,14.889999999999999,78.0,False,False,False,False,False,False
1662274,PGC1662274,-0.024127961941244003,14.52,85.0,False,False,False,False,False,False
1663738,PGC1663738,-0.03903600705268051,15.65,89.0,False,False,False,False,False,False
1663992,PGC1663992,-0.054189982105347756,15.110000000000001,66.0,False,False,False,False,False,False
1664146,PGC1664146,-0.22478294059022286,14.25,86.0,False,False,False,False,False,False
1665284,PGC1665284,-0.07332407213946857,14.860000000000001,75.0,False,False,False,False,False,False
1668268,PGC1668268,-0.1919524491952087,14.86,70.0,False,False,False,False,False,False
1668561,PGC1668561,-0.22558657098820856,16.38,78.0,False,False,False,False,False,False
1668876,PGC1668876,-0.2324216347144512,13.94,74.0,False,False,False,False,False,False
1669105,PGC1669105,-0.25122200723474286,15.239999999999998,59.0,False,False,False,False,False,False
1669474,PGC1669474,0.017416545795833738,13.959999999999999,67.0,False,False,False,False,False,False
1670546,PGC1670546,-0.19876127257205933,15.719999999999999,84.0,False,False,False,False,False,False
1670646,PGC1670646,0.09323596754196428,14.73,86.0,False,False,False,False,False,False
1670777,PGC1670777,-0.23613937809279806,14.780000000000001,67.0,False,False,False,False,False,False
1671627,PGC1671627,-0.10123830963321279,14.29,78.0,False,False,False,False,False,False
1671830,PGC1671830,-0.08838995619712886,15.35,74.0,False,False,False,False,False,False
1672167,PGC1672167,-0.05242419145052901,15.49,71.0,False,False,False,False,False,False
1672479,PGC1672479,-0.08444432953678982,15.47,64.0,False,False,False,False,False,False
1672836,PGC1672836,0.34020602722927595,13.69,83.0,False,False,False,False,False,False
1673166,PGC1673166,-0.09081649920628321,14.42,72.0,False,False,False,False,False,False
1673342,PGC1673342,-0.21623287910630307,14.86,58.0,False,False,False,False,False,False
1675468,PGC1675468,-0.3547408406638337,16.76,81.0,False,False,True,False,False,False
1676370,PGC1676370,-0.24307172091419282,16.04,85.0,False,False,False,False,False,False
1678641,PGC1678641,-0.06965212629034223,15.190000000000001,87.0,False,False,False,False,False,False
1679109,PGC1679109,0.02095175318622111,14.35,76.0,False,False,False,False,False,False
1679718,PGC1679718,0.15665808693307381,14.059999999999999,81.0,False,False,False,False,False,False
1680930,PGC1680930,0.1076214367168129,14.360000000000001,80.0,False,False,False,False,False,False
1682291,PGC1682291,-0.20708171031757594,16.28,60.0,False,False,False,False,False,False
1682311,PGC1682311,-0.244727494896694,15.959999999999999,90.0,False,False,False,False,False,False
1683891,PGC1683891,-0.25885515801015035,15.96,87.0,False,False,False,False,False,False
1684911,PGC1684911,-0.3143020631523621,16.569999999999997,71.0,False,False,True,False,False,False
1686494,PGC1686494,-0.08557067737780688,16.06,78.0,False,False,False,False,False,False
1686533,PGC1686533,-0.15194790039314032,14.91,78.0,False,False,False,False,False,False
1689673,PGC1689673,0.00636397732059546,14.11,79.0,False,False,False,False,False,False
1693174,PGC1693174,-0.3012032119869299,15.97,77.0,False,False,False,False,False,False
1694421,PGC1694421,0.009798116038352678,14.79,87.0,False,False,False,False,False,False
1695996,PGC1695996,-0.3642861585700641,16.2,81.0,False,False,False,False,False,False
1696613,PGC1696613,-0.128865987537492,15.670000000000002,89.0,False,False,False,False,False,False
1697543,PGC1697543,-0.19620834887226124,16.310000000000002,87.0,False,False,False,False,False,False
1698592,PGC1698592,0.06535711156323032,15.08,80.0,False,False,False,False,False,False
1698611,PGC1698611,-0.05959012838111111,15.190000000000001,82.0,False,False,False,False,False,False
1699342,PGC1699342,0.0666214874388884,14.62,59.0,False,False,False,False,False,False
1700635,PGC1700635,-0.49402285223485665,15.38,85.0,False,False,False,False,False,False
1700636,PGC1700636,-0.13859406987194722,15.32,81.0,False,False,False,False,False,False
1701855,PGC1701855,-0.6964122259682854,16.3,82.0,False,False,False,False,False,False
1702096,PGC1702096,-0.21731085876977163,16.060000000000002,85.0,False,False,False,False,False,False
1702677,PGC1702677,0.11115913925029464,14.729999999999999,77.0,False,False,False,False,False,False
1705975,PGC1705975,-0.11452886003706775,14.64,85.0,False,False,False,False,False,False
1706637,PGC1706637,-0.18612260799596836,15.75,82.0,False,False,False,False,False,False
1707532,PGC1707532,-0.40729467563081423,15.94,74.0,False,False,False,False,False,False
1708438,PGC1708438,-0.40344634753053743,17.01,80.0,False,False,True,False,False,False
1709453,PGC1709453,-0.5351529625083473,15.2,86.0,False,False,False,False,False,False
1709891,PGC1709891,-0.12896927150915571,16.02,76.0,False,False,False,False,False,False
1710134,PGC1710134,-0.21193362899135915,15.639999999999999,88.0,False,False,False,False,False,False
1710844,PGC1710844,-0.037319962996640754,14.7,65.0,False,False,False,False,False,False
1712509,PGC1712509,-0.20326865954769735,15.280000000000001,89.0,False,False,False,False,False,False
1712782,PGC1712782,-0.049158804022761515,15.37,71.0,False,False,False,False,False,False
1712979,PGC1712979,-0.0843145849005138,14.68,84.0,False,False,False,False,False,False
1713203,PGC1713203,0.10862898547781086,14.49,47.0,False,False,False,False,False,False
1713379,PGC1713379,1.1229370926457705e-06,15.280000000000001,71.0,False,False,False,False,False,False
1714044,PGC1714044,0.11382165908672492,14.26,78.0,False,False,False,False,False,False
1714462,PGC1714462,-0.24985514571514544,15.41,78.0,False,False,False,False,False,False
1715761,PGC1715761,-0.17260492892515122,16.13,86.0,False,False,False,False,False,False
1717357,PGC1717357,0.016845445595058628,14.01,74.0,False,False,False,False,False,False
1717815,PGC1717815,-0.2603399844413752,15.059999999999999,68.0,False,False,False,False,False,False
1718269,PGC1718269,0.12280961667354529,14.02,87.0,False,False,False,False,False,False
1718798,PGC1718798,-0.18311786222271875,15.54,65.0,False,False,False,False,False,False
1720474,PGC1720474,-0.1305631356207302,15.09,70.0,False,False,False,False,False,False
1721388,PGC1721388,-0.1387862570344871,15.38,68.0,False,False,False,False,False,False
1721876,PGC1721876,-0.08937438366991612,15.51,84.0,False,False,False,False,False,False
1722011,PGC1722011,-0.09382470460704484,15.36,64.0,False,False,False,False,False,False
1722508,PGC1722508,0.013794300376337887,14.95,83.0,False,False,False,False,False,False
1722532,PGC1722532,-0.05575464194898716,15.21,77.0,False,False,False,False,False,False
1722966,PGC1722966,0.07639092578932738,14.46,69.0,False,False,False,False,False,False
1724183,PGC1724183,-0.22478294059022286,15.590000000000002,86.0,False,False,False,False,False,False
1726421,PGC1726421,-0.16612193870005232,15.33,78.0,False,False,False,False,False,False
1726960,PGC1726960,-0.026272596652912927,16.0,81.0,False,False,False,False,False,False
1729964,PGC1729964,-0.3911342563696305,14.9,85.0,False,False,False,False,False,False
1730556,PGC1730556,-0.08672452005426878,14.78,85.0,False,False,False,False,False,False
1733796,PGC1733796,-0.06698046185851192,15.68,85.0,False,False,False,False,False,False
1735087,PGC1735087,0.015909295226825826,14.379999999999999,79.0,False,False,False,False,False,False
1736432,PGC1736432,-0.16353603374739345,15.290000000000001,52.0,False,False,False,False,False,False
1737674,PGC1737674,-0.5721112967672413,17.16,73.0,False,False,True,False,False,False
1738223,PGC1738223,-0.08727121844163355,14.73,72.0,False,False,False,False,False,False
1738851,PGC1738851,-0.3099284962474713,16.33,81.0,False,False,False,False,False,False
1738874,PGC1738874,-0.25855368440268034,14.82,60.0,False,False,False,False,False,False
1738903,PGC1738903,-0.030953461070979404,14.6,80.0,False,False,False,False,False,False
1739538,PGC1739538,-0.20869338132709636,15.290000000000001,72.0,False,False,False,False,False,False
1739846,PGC1739846,-0.26745983388879235,15.34,75.0,False,False,False,False,False,False
1740300,PGC1740300,-0.0017018310205281217,14.39,59.0,False,False,False,False,False,False
1740490,PGC1740490,-0.3934943809896887,15.43,78.0,False,False,False,False,False,False
1742649,PGC1742649,0.041579243946580746,14.94,90.0,False,False,False,False,False,False
1742752,PGC1742752,-0.09857927307102266,15.54,73.0,False,False,False,False,False,False
1744765,PGC1744765,0.171754348920643,13.78,79.0,False,False,False,False,False,False
1745706,PGC1745706,-0.46073016253930277,15.75,66.0,False,False,False,False,False,False
1746411,PGC1746411,0.1948698400119837,13.979999999999999,88.0,False,False,False,False,False,False
1747031,PGC1747031,-0.24366828475059643,15.36,86.0,False,False,False,False,False,False
1748393,PGC1748393,-0.156564174663961,15.0,75.0,False,False,False,False,False,False
1748738,PGC1748738,0.24015074297877037,13.76,75.0,False,False,False,False,False,False
1749529,PGC1749529,0.027786624734100762,14.68,80.0,False,False,False,False,False,False
1750220,PGC1750220,-0.17379576566911004,16.290000000000003,47.0,False,False,False,False,False,False
1750703,PGC1750703,-0.21291442845786168,15.51,70.0,False,False,False,False,False,False
1753152,PGC1753152,-0.19920826121409263,14.92,71.0,False,False,False,False,False,False
1753226,PGC1753226,0.11227947661546533,13.99,79.0,False,False,False,False,False,False
1755085,PGC1755085,-0.17612493128357976,16.36,85.0,False,False,False,False,False,False
1755705,PGC1755705,-0.2397028163105297,14.65,69.0,False,False,False,False,False,False
1758561,PGC1758561,-0.11768826109946673,15.34,76.0,False,False,False,False,False,False
1759040,PGC1759040,-0.12459065544298609,15.15,79.0,False,False,False,False,False,False
1759841,PGC1759841,-0.46651009432227886,15.57,89.0,False,False,False,False,False,False
1760213,PGC1760213,0.08346341504703769,14.89,88.0,False,False,False,False,False,False
1760270,PGC1760270,-0.5463627687769543,16.6,82.0,False,False,True,False,False,False
1763076,PGC1763076,-0.056602398675181576,14.57,72.0,False,False,False,False,False,False
1763509,PGC1763509,-0.016320902427941153,14.86,52.0,False,False,False,False,False,False
1763621,PGC1763621,-0.5501372549149015,14.08,81.0,False,False,False,False,True,True
1763830,PGC1763830,-0.2649428443319026,16.54,54.0,False,False,True,False,False,False
1763946,PGC1763946,-0.1618770861295964,14.51,66.0,False,False,False,False,False,False
1764097,PGC1764097,-0.07977961043182713,15.95,88.0,False,False,False,False,False,False
1766890,PGC1766890,-0.24852078754500884,16.95,86.0,False,False,True,False,False,False
1767894,PGC1767894,-0.011184642421140811,14.360000000000001,88.0,False,False,False,False,False,False
1768882,PGC1768882,-0.030953461070979404,14.41,80.0,False,False,False,False,False,False
1775717,PGC1775717,0.06209914351617796,14.85,76.0,False,False,False,False,False,False
1776149,PGC1776149,-0.16223598008809503,15.469999999999999,72.0,False,False,False,False,False,False
1776183,PGC1776183,0.07316361431764884,14.65,68.0,False,False,False,False,False,False
1776198,PGC1776198,0.04173162329007063,14.440000000000001,69.0,False,False,False,False,False,False
1776406,PGC1776406,-0.3803430533260017,15.22,84.0,False,False,False,False,False,False
1776658,PGC1776658,-0.1554868426204754,15.05,79.0,False,False,False,False,False,False
1778403,PGC1778403,-0.04591360715998993,14.459999999999999,81.0,False,False,False,False,False,False
1779207,PGC1779207,-0.0916938844973787,16.060000000000002,89.0,False,False,False,False,False,False
1780986,PGC1780986,-0.12540406965492723,16.130000000000003,81.0,False,False,False,False,False,False
1781021,PGC1781021,-0.025078956114895412,14.98,79.0,False,False,False,False,False,False
1781344,PGC1781344,-0.018184214236431018,14.290000000000001,83.0,False,False,False,False,False,False
1782334,PGC1782334,-0.25270961103221756,16.38,73.0,False,False,False,False,False,False
1782560,PGC1782560,-0.18290835608453238,15.79,78.0,False,False,False,False,False,False
1783858,PGC1783858,-0.07485372229051812,15.44,88.0,False,False,False,False,False,False
1786767,PGC1786767,-0.09000072647793411,14.98,89.0,False,False,False,False,False,False
1787175,PGC1787175,-0.04939123899313014,15.01,77.0,False,False,False,False,False,False
1787183,PGC1787183,-0.293514894727414,16.13,72.0,False,False,False,False,False,False
1787484,PGC1787484,-0.27144142810441174,15.759999999999998,83.0,False,False,False,False,False,False
1789145,PGC1789145,-0.1969813834132501,14.72,60.0,False,False,False,False,False,False
1789379,PGC1789379,-0.15040317710773987,15.68,74.0,False,False,False,False,False,False
1791908,PGC1791908,-0.26745983388879235,15.540000000000001,75.0,False,False,False,False,False,False
1792022,PGC1792022,-0.11773521838688294,15.37,71.0,False,False,False,False,False,False
1793779,PGC1793779,-0.17718511155883077,14.51,87.0,False,False,False,False,False,False
1794228,PGC1794228,0.04413419454104739,14.57,89.0,False,False,False,False,False,False
1794380,PGC1794380,-0.10880025181820585,16.3,88.0,False,False,False,False,False,False
1794972,PGC1794972,0.1347896720376487,14.1,81.0,False,False,False,False,False,False
1795920,PGC1795920,-0.02485789966455343,14.94,84.0,False,False,False,False,False,False
1796013,PGC1796013,-0.19570469767029586,15.08,57.0,False,False,False,False,False,False
1797316,PGC1797316,-0.11321607210681428,15.3,64.0,False,False,False,False,False,False
1797544,PGC1797544,0.06611245975193247,14.61,88.0,False,False,False,False,False,False
1798258,PGC1798258,-0.22922554364042513,15.63,76.0,False,False,False,False,False,False
1798333,PGC1798333,-0.20989923844671043,14.350000000000001,89.0,False,False,False,False,False,False
1799182,PGC1799182,-0.46736693214506486,15.41,83.0,False,False,False,False,False,False
1800162,PGC1800162,0.04466363805752538,14.44,87.0,False,False,False,False,False,False
1800577,PGC1800577,-0.14779255219582188,14.66,72.0,False,False,False,False,False,False
1801205,PGC1801205,-0.0682836210966018,15.76,50.0,False,False,False,False,False,False
1801805,PGC1801805,0.022412403513669243,14.540000000000001,62.0,False,False,False,False,False,False
1801925,PGC1801925,0.1599823502606217,13.78,89.0,False,False,False,False,False,False
1802210,PGC1802210,-0.3355809940247916,15.61,89.0,False,False,False,False,False,False
1804303,PGC1804303,-0.15015886233731823,15.38,67.0,False,False,False,False,False,False
1805856,PGC1805856,-0.7580106341747765,15.71,78.0,False,False,False,False,False,False
1806071,PGC1806071,-0.020374294260059322,14.45,86.0,False,False,False,False,False,False
1806748,PGC1806748,0.1462418304973787,14.73,62.0,False,False,False,False,False,False
1808609,PGC1808609,-0.49083949174791774,15.530000000000001,63.0,False,False,False,False,False,False
1809186,PGC1809186,-0.04204367850425683,14.5,72.0,False,False,False,False,False,False
1809668,PGC1809668,-0.09004820705478833,16.37,64.0,False,False,False,False,False,False
1810033,PGC1810033,-0.19283360195271904,15.21,53.0,False,False,False,False,False,False
1810208,PGC1810208,-0.2974230572662355,16.63,75.0,False,False,True,False,False,False
1811357,PGC1811357,-0.2644054029016796,16.19,89.0,False,False,False,False,False,False
1811565,PGC1811565,-0.42279726462496825,14.88,85.0,False,False,False,False,False,False
1814509,PGC1814509,-0.044964274305984375,15.69,83.0,False,False,False,False,False,False
1815965,PGC1815965,-0.10006163744054675,15.57,88.0,False,False,False,False,False,False
1819065,PGC1819065,-0.25000991085938695,16.0,60.0,False,False,False,False,False,False
1819988,PGC1819988,-0.17950233768325274,15.81,64.0,False,False,False,False,False,False
1821272,PGC1821272,-0.07087113879080009,14.66,82.0,False,False,False,False,False,False
1823041,PGC1823041,0.004983071604209854,14.51,79.0,False,False,False,False,False,False
1823684,PGC1823684,-0.07678646934720001,15.01,70.0,False,False,False,False,False,False
1825076,PGC1825032,-0.4251655972237738,14.88,80.0,False,False,False,False,False,False
1825294,PGC1825294,-0.14744791237370647,14.84,82.0,False,False,False,False,False,False
1825647,PGC1825647,0.03083496701753541,14.99,71.0,False,False,False,False,False,False
1826770,PGC1826770,-0.08367518928830497,15.340000000000002,54.0,False,False,False,False,False,False
1829631,PGC1829631,-0.24736634531145052,16.33,78.0,False,False,False,False,False,False
1829752,PGC1829752,-0.28047391853465875,15.459999999999999,64.0,False,False,False,False,False,False
1830772,PGC1830772,-0.18613249322549752,14.88,68.0,False,False,False,False,False,False
1831130,PGC1831130,-0.16207915413878515,15.01,63.0,False,False,False,False,False,False
1831385,PGC1831385,-0.12498701291148118,14.1,88.0,False,False,False,False,False,False
1831799,PGC1831799,-0.402331090259632,16.13,82.0,False,False,False,False,False,False
1832164,PGC1832164,-0.5091979890973812,15.85,70.0,False,False,False,False,False,False
1832344,PGC1832344,-0.17959240865607473,15.44,75.0,False,False,False,False,False,False
1833846,PGC1833846,-0.15757731917779383,15.99,90.0,False,False,False,False,False,False
1834191,PGC1834191,-0.173100277732678,15.469999999999999,73.0,False,False,False,False,False,False
1834439,PGC1834439,0.11837184903740638,14.64,80.0,False,False,False,False,False,False
1834820,PGC1834820,-0.25590274116760847,15.85,86.0,False,False,False,False,False,False
1835223,PGC1835223,-0.1302647905309673,15.22,82.0,False,False,False,False,False,False
1835916,PGC1835916,0.05335346094690774,14.41,70.0,False,False,False,False,False,False
1836659,PGC1836659,0.06283092728512418,14.56,75.0,False,False,False,False,False,False
1836905,PGC1836905,-0.16034432938465537,15.26,77.0,False,False,False,False,False,False
1836988,PGC1836988,-0.2022755995923715,15.620000000000001,86.0,False,False,False,False,False,False
1837824,PGC1837824,-0.10162936848850102,15.28,72.0,False,False,False,False,False,False
1837976,PGC1837976,-0.26530385404359347,15.67,82.0,False,False,False,False,False,False
1838642,PGC1838642,-0.1919083683795373,16.56,87.0,False,False,True,False,False,False
1838759,PGC1838759,0.04023178362500257,15.37,70.0,False,False,False,False,False,False
1840001,PGC1840001,-0.2343875721316886,15.200000000000001,55.0,False,False,False,False,False,False
1842977,PGC1842977,-0.06365824457280178,15.819999999999999,76.0,False,False,False,False,False,False
1844733,PGC1844733,-0.18290835608453238,14.61,78.0,False,False,False,False,False,False
1845056,PGC1845056,-0.4330655951795155,15.430000000000001,59.0,False,False,False,False,False,False
1846853,PGC1846853,-0.11452886003706775,15.68,85.0,False,False,False,False,False,False
1846998,PGC1846998,-0.05045631763954672,14.299999999999999,84.0,False,False,False,False,False,False
1849525,PGC1849525,-0.07166614511105784,15.06,72.0,False,False,False,False,False,False
1851613,PGC1851613,-0.09357478063229197,15.46,69.0,False,False,False,False,False,False
1853288,PGC1853288,0.015288229350810312,15.09,54.0,False,False,False,False,False,False
1856187,PGC1856187,0.0027058461821103386,15.15,64.0,False,False,False,False,False,False
1856846,PGC1856846,-0.27144142810441174,16.400000000000002,83.0,False,False,False,False,False,False
1857314,PGC1857314,-0.16548977852972335,15.34,70.0,False,False,False,False,False,False
1859243,PGC1859243,-0.16347411596069916,15.799999999999999,89.0,False,False,False,False,False,False
1860497,PGC1860497,-0.21571734258254693,14.97,83.0,False,False,False,False,False,False
1862749,PGC1862749,-0.2730363042742838,15.440000000000001,82.0,False,False,False,False,False,False
1863351,PGC1863351,-0.17560648931081335,15.77,82.0,False,False,False,False,False,False
1866344,PGC1866344,-0.046615509762190754,14.45,89.0,False,False,False,False,False,False
1866678,PGC1866678,-0.3710004257958617,16.25,75.0,False,False,False,False,False,False
1867944,PGC1867944,-0.3895477380139787,15.989999999999998,80.0,False,False,False,False,False,False
1868107,PGC1868107,-0.14897630148354857,15.43,66.0,False,False,False,False,False,False
1869094,PGC1869094,-0.09054603568746078,14.62,79.0,False,False,False,False,False,False
1869192,PGC1869192,-0.13025842795574682,15.459999999999999,84.0,False,False,False,False,False,False
1869613,PGC1869613,-0.15796593408214,14.239999999999998,78.0,False,False,False,False,False,False
1871091,PGC1871091,0.03808373615168925,13.700000000000001,88.0,False,False,False,False,False,False
1871606,PGC1871606,-0.08200697844927651,15.08,72.0,False,False,False,False,False,False
1874639,PGC1874639,-0.22012595509316224,14.88,75.0,False,False,False,False,False,False
1875149,PGC1875149,-0.0030042017360134565,14.69,89.0,False,False,False,False,False,False
1875500,PGC1875500,-0.1112375061247266,14.42,64.0,False,False,False,False,False,False
1877049,PGC1877049,-0.2877940510332202,15.88,81.0,False,False,False,False,False,False
1879657,PGC1879657,0.19342114355043893,13.81,77.0,False,False,False,False,False,False
1880431,PGC1880431,0.22124266755371558,14.6,65.0,False,False,False,False,False,False
1885347,PGC1885347,-0.33505155050831315,16.23,87.0,False,False,False,False,False,False
1885372,PGC1885372,0.09287947810720043,14.07,76.0,False,False,False,False,False,False
1897176,PGC1897176,-0.11205808549519247,14.63,71.0,False,False,False,False,False,False
1897674,PGC1897674,-0.23015739757318698,16.34,71.0,False,False,False,False,False,False
1900773,PGC1900773,-0.15757731917779383,13.66,90.0,False,False,False,False,False,False
1902722,PGC1902722,-0.04641701887454719,14.65,88.0,False,False,False,False,False,False
1902752,PGC1902752,-0.01718627982802401,14.08,82.0,False,False,False,False,False,False
1903418,PGC1903418,-0.2251630621541607,15.37,74.0,False,False,False,False,False,False
1903452,PGC1903452,-0.32308705924956893,16.16,78.0,False,False,False,False,False,False
1904373,PGC1904373,-0.49593509250544443,15.19,72.0,False,False,False,False,False,False
1908403,PGC1908403,-0.003163800464773381,15.780000000000001,70.0,False,False,False,False,False,False
1912053,PGC1912053,-0.05569056300350894,14.32,88.0,False,False,False,False,False,False
1923061,PGC1923061,-0.5313630016766515,16.189999999999998,78.0,False,False,False,False,False,False
1923117,PGC1923117,-0.0863799617532206,14.790000000000001,81.0,False,False,False,False,False,False
1925149,PGC1925149,-0.21245154671831745,15.7,82.0,False,False,False,False,False,False
1925998,PGC1925998,-0.1663369364810836,14.89,83.0,False,False,False,False,False,False
1926773,PGC1926773,-0.5989241315427523,15.219999999999999,50.0,False,False,False,False,False,False
1928708,PGC1928708,-0.06288588853358723,14.51,74.0,False,False,False,False,False,False
1930896,PGC1930896,-0.20092220289316698,15.6,77.0,False,False,False,False,False,False
1931880,PGC1931880,-0.16406853306899372,15.42,78.0,False,False,False,False,False,False
1939305,PGC1939305,-0.013283139278082778,14.82,78.0,False,False,False,False,False,False
1941866,PGC1941866,0.050659036008288805,15.16,85.0,False,False,False,False,False,False
1946629,PGC1946629,-0.3040325020057941,15.4,77.0,False,False,False,False,False,False
1948571,PGC1948571,-0.42804919558561183,15.52,52.0,False,False,False,False,False,False
1950028,PGC1950028,0.026691458084452613,14.73,82.0,False,False,False,False,False,False
1957022,PGC1957022,-0.30074767493812926,14.399999999999999,54.0,False,False,False,False,False,False
1958193,PGC1958193,-0.560936095714528,15.94,67.0,False,False,False,False,False,False
1960307,PGC1960307,-0.23279652597222933,15.34,84.0,False,False,False,False,False,False
1960313,PGC1960313,-0.2925099388530539,15.44,74.0,False,False,False,False,False,False
1962194,PGC1962194,-0.11679130748757638,14.059999999999999,53.0,False,False,False,False,False,False
1964491,PGC1964491,-0.20546762364763538,14.91,89.0,False,False,False,False,False,False
1966406,PGC1966406,-0.1240978863976121,15.89,72.0,False,False,False,False,False,False
1973805,PGC1973805,-0.14251184482449908,15.23,76.0,False,False,False,False,False,False
1973976,PGC1973976,-0.23755136301785207,16.06,78.0,False,False,False,False,False,False
1980194,PGC1980194,-0.25389173847860036,15.530000000000001,87.0,False,False,False,False,False,False
1987458,PGC1987458,-0.03862823642196744,14.03,79.0,False,False,False,False,False,False
1988121,PGC1988121,0.02636088530775771,14.42,74.0,False,False,False,False,False,False
1990089,PGC1990089,-0.2709014843520099,16.08,67.0,False,False,False,False,False,False
1996875,PGC1996875,-0.03862823642196744,14.879999999999999,79.0,False,False,False,False,False,False
1999635,PGC1999635,0.10553002363841646,14.13,84.0,False,False,False,False,False,False
1999660,PGC1999660,0.05128756320119132,13.69,86.0,False,False,False,False,False,False
2005102,PGC2005102,-0.2824315619263742,15.39,79.0,False,False,False,False,False,False
2008020,PGC2008020,-0.09224682484303282,15.71,75.0,False,False,False,False,False,False
2012770,PGC2012770,-0.02228315157308769,14.26,87.0,False,False,False,False,False,False
2015034,PGC2015034,-0.4745634763519293,16.03,82.0,False,False,False,False,False,False
2019495,PGC2019495,0.29074278172506274,15.99,71.0,False,False,False,False,False,False
2026777,PGC2026777,0.06229227605434673,14.99,84.0,False,False,False,False,False,False
2026905,PGC2026905,-0.37916142771573513,15.14,88.0,False,False,False,False,False,False
2029316,PGC2029316,-0.13439430161055155,14.620000000000001,66.0,False,False,False,False,False,False
2031794,PGC2031794,-0.014571162739500654,15.39,62.0,False,False,False,False,False,False
2034776,PGC2034776,-0.17260492892515122,15.72,86.0,False,False,False,False,False,False
2035088,PGC2035088,-0.038597297139093545,15.38,52.0,False,False,False,False,False,False
2036114,PGC2036114,-0.4083372081602752,15.809999999999999,64.0,False,False,False,False,False,False
2036190,PGC2036190,-0.10405375657060878,16.98,83.0,False,False,True,False,False,False
2037244,PGC2037244,-0.2271287534594686,15.530000000000001,79.0,False,False,False,False,False,False
2039082,PGC2039082,-0.07697322849818677,14.85,79.0,False,False,False,False,False,False
2041387,PGC2041387,-0.010587818543980276,13.65,70.0,False,False,False,False,False,False
2043261,PGC2043261,0.02613211782979885,15.589999999999998,84.0,False,False,False,False,False,False
2043826,PGC2043826,-0.23765707726241336,15.930000000000001,72.0,False,False,False,False,False,False
2043902,PGC2043902,-0.35018529363737017,15.76,87.0,False,False,False,False,False,False
2044571,PGC2044571,-0.26931064533920734,15.959999999999999,81.0,False,False,False,False,False,False
2050148,PGC2050148,-0.28628441134182037,16.139999999999997,78.0,False,False,False,False,False,False
2050781,PGC2050781,-0.2814445127028935,15.049999999999999,74.0,False,False,False,False,False,False
2053079,PGC2053079,-0.6092620502493853,16.27,82.0,False,False,False,False,False,False
2053217,PGC2053217,-0.3147129754751514,15.83,87.0,False,False,False,False,False,False
2056688,PGC2056688,-0.158133196968262,14.4,62.0,False,False,False,False,False,False
2057435,PGC2057435,-0.07331209496189839,14.370000000000001,70.0,False,False,False,False,False,False
2062277,PGC2062277,-0.22118024885639942,15.709999999999999,89.0,False,False,False,False,False,False
2064608,PGC2064608,-0.4274885872420864,15.649999999999999,79.0,False,False,False,False,False,False
2069619,PGC2069619,-0.192794585715665,15.719999999999999,73.0,False,False,False,False,False,False
2071660,PGC2071660,-0.1711321642360164,15.999999999999998,80.0,False,False,False,False,False,False
2071924,PGC2071924,-0.04403469603748089,14.57,75.0,False,False,False,False,False,False
2090075,PGC2090075,-0.08838995619712886,15.09,74.0,False,False,False,False,False,False
2104051,PGC2104051,-0.1919083683795373,14.5,87.0,False,False,False,False,False,False
2135066,PGC2135066,-0.22490910329377556,14.76,83.0,False,False,False,False,False,False
2142467,PGC2142467,-0.06947955495297675,15.06,84.0,False,False,False,False,False,False
2144996,PGC2144996,-0.23455924033881503,15.980000000000002,65.0,False,False,False,False,False,False
2164732,PGC2164732,-0.08711285984906691,15.09,79.0,False,False,False,False,False,False
2183839,PGC2183839,-0.1491563879585871,15.870000000000001,87.0,False,False,False,False,False,False
2188844,PGC2188844,-0.09881070115823665,14.92,83.0,False,False,False,False,False,False
2192965,PGC2192965,-0.07601042211193487,15.14,84.0,False,False,False,False,False,False
2194278,PGC2194278,-0.26923010532142166,15.56,79.0,False,False,False,False,False,False
2202343,PGC2202343,-0.14939980097122874,15.03,82.0,False,False,False,False,False,False
2205911,PGC2205911,-0.21799149051815236,14.67,71.0,False,False,False,False,False,False
2207978,PGC2207978,-0.27230506725590287,15.59,84.0,False,False,False,False,False,False
2231252,PGC2231252,-0.13285624112659944,15.02,85.0,False,False,False,False,False,False
2235514,PGC2235514,-0.3013718425638765,14.91,64.0,False,False,False,False,False,False
2236462,PGC2236462,0.11919001522747497,14.29,78.0,False,False,False,False,False,False
2271763,PGC2271763,-0.258028481959796,16.21,55.0,False,False,False,False,False,False
2294259,PGC2294259,-0.25636635760645543,16.04,87.0,False,False,False,False,False,False
2310855,PGC2310855,-0.2201327854630435,15.58,70.0,False,False,False,False,False,False
2312967,PGC2312967,0.0532638098194429,14.1,87.0,False,False,False,False,False,False
2362165,PGC2362165,-0.0910741685478107,15.44,84.0,False,False,False,False,False,False
2379571,PGC2379571,-0.09191699321033608,15.31,83.0,False,False,False,False,False,False
2388090,PGC2388090,-0.34360475238884103,16.54,86.0,False,False,True,False,False,False
2404995,PGC2404995,-0.17528812400717397,14.790000000000001,80.0,False,False,False,False,False,False
2429286,PGC2429286,-0.24968191625931846,16.26,68.0,False,False,False,False,False,False
2510170,PGC2510170,-0.1632756250730556,15.3,88.0,False,False,False,False,False,False
2516657,PGC2516657,-0.12682335595147842,15.87,88.0,False,False,False,False,False,False
2588034,PGC2588034,0.11269772135924416,13.56,60.0,False,False,False,False,False,False
2605267,PGC2605267,-0.1732114695974465,15.07,74.0,False,False,False,False,False,False
2607686,PGC2607686,0.2476934090836762,12.4,86.0,False,False,False,False,False,False
2609142,PGC2609142,-0.11473366725540579,15.44,83.0,False,False,False,False,False,False
2648877,PGC2648877,-0.18543410494989931,15.399999999999999,65.0,False,False,False,False,False,False
2665101,PGC2665101,-0.15178464738319386,15.65,61.0,False,False,False,False,False,False
2690708,PGC2690708,-0.14982672210627523,15.34,72.0,False,False,False,False,False,False
2702271,PGC2702271,-0.06625058482277835,14.65,84.0,False,False,False,False,False,False
2717343,PGC2717343,0.2017364616682622,12.85,81.0,False,False,False,False,False,False
2763301,PGC2763301,-0.0699830789191771,13.09,88.0,False,False,False,False,False,False
2793659,PGC2793659,0.05856641205175528,14.83,86.0,False,False,False,False,False,False
2806869,PGC2806869,-0.49900155779596833,15.67,58.0,False,False,False,False,False,False
2806871,PGC2806871,-0.18225812659254403,14.969999999999999,60.0,False,False,False,False,False,False
2806903,PGC2806903,-0.3320741549126285,15.719999999999999,52.0,False,False,False,False,False,False
2806970,PGC2806970,-0.3743540678034494,16.87,75.0,False,False,True,False,False,False
2807052,PGC2807052,-0.1216524716007954,14.74,62.0,False,False,False,False,False,False
2807053,PGC138388,-0.21943196269073706,15.35,63.0,False,False,False,False,False,False
2807195,PGC2807195,-0.6295716220783412,16.34,76.0,False,False,False,False,False,False
2807200,PGC2807200,-0.5797251227847415,16.92,56.0,False,False,True,False,False,False
2807206,PGC2807206,-0.3477116556169437,16.099999999999998,90.0,False,False,False,False,False,False
2816192,PGC2816192,-0.9521257331664925,16.58,65.0,False,True,True,False,False,False
2816200,PGC2816200,-0.29561537626566015,16.4,88.0,False,False,False,False,False,False
2816236,PGC2816236,0.11597053258547474,12.87,82.0,False,False,False,False,False,False
2816251,PGC2816251,-0.13822187588638268,13.84,78.0,False,False,False,False,False,False
2816288,PGC2816288,-0.026322637922826964,13.540000000000001,84.0,False,False,False,False,False,False
2817313,PGC2817313,-0.10596163263120584,14.35,80.0,False,False,False,False,False,False
2817332,PGC2817332,0.10517225328956759,13.299999999999999,56.0,False,False,False,False,False,False
2817380,PGC2817380,-0.07765860049200812,14.02,84.0,False,False,False,False,False,False
2832069,PGC2832069,-0.18426835836605893,15.78,66.0,False,False,False,False,False,False
3088989,PGC3088989,-0.16533900207267616,14.29,82.0,False,False,False,False,False,False
3089114,PGC3089114,-0.24316217179128907,14.360000000000001,61.0,False,False,False,False,False,False
3089631,PGC3089631,-0.1939222683832278,14.98,50.0,False,False,False,False,False,False
3089725,PGC3089725,-0.05737767243480629,14.23,79.0,False,False,False,False,False,False
3090367,PGC3090367,-0.15541465790741826,15.78,63.0,False,False,False,False,False,False
3090461,PGC3090461,0.13783008094990024,13.89,63.0,False,False,False,False,False,False
3091709,PGC3091709,0.33611699885863455,13.5,82.0,False,False,False,False,False,False
3091794,PGC3091794,0.009271089467880245,14.629999999999999,53.0,False,False,False,False,False,False
3096786,PGC3096786,-0.1514304958734245,15.62,88.0,False,False,False,False,False,False
3098035,PGC3098035,-0.3031104589773119,15.700000000000001,52.0,False,False,False,False,False,False
3098036,PGC3098036,-0.19223932100837215,15.25,88.0,False,False,False,False,False,False
3098045,PGC3098045,0.01646689023766479,15.48,83.0,False,False,False,False,False,False
3098052,PGC3098052,0.11496336622390624,14.93,89.0,False,False,False,False,False,False
3098503,PGC3098503,-0.09365302281246857,15.790000000000001,71.0,False,False,False,False,False,False
3098518,PGC3098518,-0.1421124093487527,15.47,56.0,False,False,False,False,False,False
3098573,PGC3098573,-0.34286128139529426,15.94,50.0,False,False,False,False,False,False
3127569,PGC3127569,0.205304655717502,14.319999999999999,64.0,False,False,False,False,False,False
3127679,PGC3127679,-0.10133410648466334,15.780000000000001,77.0,False,False,False,False,False,False
3128241,PGC3128241,-0.2869375595012773,16.27,59.0,False,False,False,False,False,False
3167118,7ZW173,0.02560123210391385,13.3,75.0,False,False,False,False,False,False
3289858,PGC3289858,-0.6699282803804896,16.64,74.0,False,False,True,False,False,False
3303911,PGC3303911,-0.38272870434423556,16.0,90.0,False,False,False,False,False,False
3305367,PGC3305367,-0.6118535008450172,16.569999999999997,85.0,False,False,True,False,False,False
3357656,SDSSJ103048.14+044338.3,-0.061984796101197226,16.009999999999998,88.0,False,False,False,False,False,False
3375163,2MASXJ23095397+1453052,0.05410149413578669,14.26,77.0,False,False,False,False,False,False
3375802,SDSSJ233221.04+133437.9,-0.8044238470365563,16.830000000000002,81.0,False,False,True,False,False,False
3376145,2MASXJ23375077+1441052,-0.009051619623149598,14.93,80.0,False,False,False,False,False,False
3378337,SDSSJ073946.44+300412.3,-0.27292044978383867,16.07,78.0,False,False,False,False,False,False
3397566,SDSSJ074143.93+252512.4,-0.17622435277624549,16.12,67.0,False,False,False,False,False,False
3440665,2MASXJ00194467+1551308,-0.4172146296835497,15.620000000000001,90.0,False,False,False,False,False,False
3460719,SDSSJ094742.14+090939.7,-0.29263072717434957,14.59,83.0,False,False,False,False,False,False
3461651,SDSSJ095417.50+071227.8,-0.09842057996933384,15.930000000000001,81.0,False,False,False,False,False,False
3495293,2MASXJ15591355+2739403,-0.0072813043210882,14.790000000000001,77.0,False,False,False,False,False,False
3530253,SDSSJ092951.83+115535.7,-0.4038253112028305,15.92,66.0,False,False,False,False,False,False
3530542,SDSSJ093218.53+355649.6,-0.22617973056692176,16.4,80.0,False,False,False,False,False,False
3532094,SDSSJ095030.45+101719.8,-0.181811641359364,16.900000000000002,74.0,False,False,True,False,False,False
3537941,SDSSJ103909.18+103606.5,-0.21731632606697593,16.450000000000003,51.0,False,False,True,False,False,False
3548559,SDSSJ121018.81+112105.4,-0.18925467191706158,16.89,83.0,False,False,True,False,False,False
3553673,SDSSJ131057.31+115430.9,-0.3038357065123516,16.5,88.0,False,False,True,False,False,False
3553841,2MASXJ13122140+1140233,-0.24736634531145052,14.37,78.0,False,False,False,False,False,False
3558557,SDSSJ140527.49+121354.6,-0.20865900653447778,16.48,51.0,False,False,True,False,False,False
3558725,SDSSJ140651.52+134821.3,-0.3180902618644561,15.91,89.0,False,False,False,False,False,False
3568421,SDSSJ155156.48+094117.8,-0.00863830616572736,15.97,90.0,False,False,False,False,False,False
3568614,SDSSJ155319.27+060007.1,0.0013239032961664954,16.73,88.0,False,False,True,False,False,False
3595320,2MASXJ00250180+1327128,0.12478765142531012,14.18,65.0,False,False,False,False,False,False
3612029,2MASXJ01125161+0849208,0.18542133836580854,15.040000000000001,58.0,False,False,False,False,False,False
3613184,2MASXJ01153671+1610052,0.0519086804872364,14.65,50.0,False,False,False,False,False,False
3614452,2MASXJ01183726+0330542,-0.10265182183032451,14.7,59.0,False,False,False,False,False,False
3614979,2MASXJ01195377+1831228,-0.11695995924981384,15.239999999999998,70.0,False,False,False,False,False,False
3617258,2MASXJ01252574+1724598,-0.04103065717153154,14.97,58.0,False,False,False,False,False,False
3628256,2MASXJ01572826+1425512,-0.10528367809536876,14.6,88.0,False,False,False,False,False,False
3632079,2MASXJ02091368+1855425,-0.14239752218322677,14.19,74.0,False,False,False,False,False,False
3633872,2MASXJ02141236+1810270,-0.41750848519140105,16.1,72.0,False,False,False,False,False,False
3634554,2MASXJ02161730+2214041,0.017797042830011822,14.02,83.0,False,False,False,False,False,False
3634753,2MASXJ02165481+1831259,0.06705171527032361,14.28,84.0,False,False,False,False,False,False
3635175,2MASXJ02181870+1911091,0.08169654881058364,14.08,73.0,False,False,False,False,False,False
3636094,2MASXJ02212535+1914117,0.15619219433284082,13.94,57.0,False,False,False,False,False,False
3637026,2MASXJ02241930+2849359,0.20345699846539178,14.23,50.0,False,False,False,False,False,False
3637571,2MASXJ02260178+2051373,0.17527053166028805,15.55,69.0,False,False,False,False,False,False
3641063,2MASXJ02370753+2057405,-0.11581192985328626,13.75,77.0,False,False,False,False,False,False
3645638,2MASXJ02505085+2019533,-0.18499684877451994,14.08,83.0,False,False,False,False,False,False
3646046,2MASXJ02515239+0603114,-0.43427738022911155,15.06,71.0,False,False,False,False,False,False
3646720,2MASXJ02533752+0603392,0.0007776483788815014,13.91,75.0,False,False,False,False,False,False
3647754,2MASXJ02561486+0523345,-0.9315336348545902,15.5,88.0,False,True,False,False,False,False
3648277,2MASXJ02572994+1957123,-0.03954830209467186,12.69,86.0,False,False,False,False,False,False
3648634,2MASXJ02582121+2848571,-0.3334311705323971,14.65,69.0,False,False,False,False,False,False
3650072,2MASXJ03014735+0551569,-0.006686071702842966,15.73,46.0,False,False,False,False,False,False
3650221,2MASXJ03020856+0505095,0.06175442648379059,14.19,82.0,False,False,False,False,False,False
3725225,2MASXJ07550376+1350341,0.12013605497375757,15.16,90.0,False,False,False,False,False,False
3752756,2MASXJ10134803+2932478,0.06013023299018361,14.99,58.0,False,False,False,False,False,False
3763365,2MASXJ10571931+1716228,0.03693865671026586,14.68,62.0,False,False,False,False,False,False
3764259,2MASXJ11003319+1827552,-0.06007171246248744,14.25,87.0,False,False,False,False,False,False
3765098,2MASXJ11033577+1551084,0.1568934138666198,14.44,73.0,False,False,False,False,False,False
3800752,2MASXJ13012967+1634220,-0.2773891039669789,15.16,76.0,False,False,False,False,False,False
3813296,2MASXJ13460758+1758335,-0.1733994979928335,15.5,88.0,False,False,False,False,False,False
3834782,2MASXJ14501877+2755059,0.09135630077172374,14.71,71.0,False,False,False,False,False,False
3843701,2MASXJ15174851+0830388,-0.05393482763520385,15.610000000000001,76.0,False,False,False,False,False,False
3859893,2MASXJ16074251+1452137,-0.06965212629034223,15.55,87.0,False,False,False,False,False,False
3951695,2MASXJ21514798+1551503,0.03856046556986792,14.43,53.0,False,False,False,False,False,False
3960875,2MASXJ22204653+3030389,-0.2930755948094279,14.58,73.0,False,False,False,False,False,False
3961580,2MASXJ22231261+2438208,-0.0127954743320422,14.94,89.0,False,False,False,False,False,False
3965132,2MASXJ22345029+0421439,0.0096099634130824,14.93,49.0,False,False,False,False,False,False
3969685,2MASXJ22494731+1203496,-0.04246965969509775,15.17,54.0,False,False,False,False,False,False
3970122,2MASXJ22511581+2455124,-0.05270591391219792,15.48,83.0,False,False,False,False,False,False
3975944,2MASXJ23082151+0934081,0.0694120171772945,14.530000000000001,84.0,False,False,False,False,False,False
3976900,2MASXJ23105798+1013395,-0.060392857145034284,15.44,76.0,False,False,False,False,False,False
3977434,2MASXJ23123262+2029335,0.0833106266938537,14.07,84.0,False,False,False,False,False,False
3977968,2MASXJ23140391+1950407,-0.05572017827489528,14.770000000000001,64.0,False,False,False,False,False,False
3979989,2MASXJ23194510+2230081,0.03763219954953856,14.75,51.0,False,False,False,False,False,False
3981108,2MASXJ23225202+3111510,0.01714657422802457,14.33,50.0,False,False,False,False,False,False
3982612,2MASXJ23263640+3045074,-0.005856065605381655,13.840000000000002,50.0,False,False,False,False,False,False
3983813,2MASXJ23293482+3204149,-0.2346232907812551,14.75,69.0,False,False,False,False,False,False
3985243,2MASXJ23333305+2918451,-0.20391041085497097,15.16,75.0,False,False,False,False,False,False
3987653,2MASXJ23405794+0507492,0.08991527714467917,14.67,77.0,False,False,False,False,False,False
3988227,2MASXJ23424374+0935434,-0.010019024692000666,14.13,47.0,False,False,False,False,False,False
3989642,2MASXJ23470053+2106153,-0.00864109019070236,14.37,56.0,False,False,False,False,False,False
3991829,2MASXJ23540448+2626486,-0.05204610087464534,14.790000000000001,51.0,False,False,False,False,False,False
3995147,SDSSJ112331.25-011539.8,-0.08036393807565467,16.71,76.0,False,False,True,False,False,False
3996169,SDSSJ080826.28+260016.8,-0.1615435063953954,16.78,90.0,False,False,True,False,False,False
3996292,SDSSJ081426.71+244404.6,-0.4259464047708268,16.319999999999997,78.0,False,False,False,False,False,False
3996526,SDSSJ082712.78+265126.5,-0.3630524775425239,16.52,76.0,False,False,True,False,False,False
3996618,SDSSJ083213.26+253643.3,-0.38881469599350105,16.610000000000003,87.0,False,False,True,False,False,False
3996879,SDSSJ084428.56+312123.5,-0.35336521013939226,16.09,76.0,False,False,False,False,False,False
3997775,SDSSJ092148.93+334450.5,-0.3591056461989237,16.34,52.0,False,False,False,False,False,False
3998175,SDSSJ093708.94+092750.5,-0.17517285353152934,16.25,66.0,False,False,False,False,False,False
3998428,SDSSJ094719.94+122347.3,-0.3353452165992392,16.45,62.0,False,False,True,False,False,False
3998656,SDSSJ095710.60+095248.6,-0.24877744346846775,16.770000000000003,83.0,False,False,True,False,False,False
3999726,SDSSJ103656.76+135603.1,-0.37307264246893146,16.19,60.0,False,False,False,False,False,False
4000181,SDSSJ110027.84+113715.1,-0.29800028231614695,15.65,56.0,False,False,False,False,False,False
4000549,SDSSJ111445.01+123851.7,-0.9166833156756491,16.400000000000002,70.0,False,False,False,False,False,False
4000616,SDSSJ111649.30+042140.7,-0.19289203660271204,16.04,58.0,False,False,False,False,False,False
4000777,SDSSJ112223.18+130440.1,-0.5559059427541775,16.09,78.0,False,False,False,False,False,False
4001104,SDSSJ113708.79+131504.9,-0.9526826654799987,16.73,83.0,False,True,True,False,False,False
4001653,SDSSJ115748.11+120218.5,-0.4095426867757683,15.100000000000001,77.0,False,False,False,False,False,False
4001803,SDSSJ120404.33+044847.2,-0.44586234637048294,15.629999999999999,86.0,False,False,False,False,False,False
4002181,SDSSJ121626.98+060307.6,-0.5865580239485553,17.51,63.0,False,False,True,False,False,False
4003158,SDSSJ130854.18+132725.4,-0.19789763342056776,16.990000000000002,83.0,False,False,True,False,False,False
4003602,SDSSJ132820.23+124543.8,-0.25669731023529074,16.580000000000002,88.0,False,False,True,False,False,False
4004146,SDSSJ012645.35+143729.3,-0.2288312817995828,16.25,85.0,False,False,False,False,False,False
4004241,SDSSJ140440.70+120838.2,-0.33811604961468866,16.37,78.0,False,False,False,False,False,False
4004242,SDSSJ140441.31+355319.0,-0.3260341242217595,16.83,80.0,False,False,True,False,False,False
4005143,SDSSJ145309.08+045103.8,-0.25202673363819317,15.530000000000001,90.0,False,False,False,False,False,False
4005728,SDSSJ013239.06+140450.0,-0.1971420481724726,15.920000000000002,75.0,False,False,False,False,False,False
4006075,SDSSJ153917.23+033939.8,-0.30074731933832766,16.14,87.0,False,False,False,False,False,False
4007659,SDSSJ015032.27+133942.2,-0.2280922432727297,15.52,89.0,False,False,False,False,False,False
4008782,SDSSJ230517.64+141312.7,-0.4745165430912537,16.61,69.0,False,False,True,False,False,False
4009030,SDSSJ002335.77+151407.1,-0.20326865954769735,15.77,89.0,False,False,False,False,False,False
4010135,SDSSJ092549.88+030341.9,-0.29637730675486607,15.58,66.0,False,False,False,False,False,False
4011019,SDSSJ112151.33+032417.4,-0.5689253003032064,15.799999999999999,85.0,False,False,False,False,False,False
4011211,SDSSJ114815.00+104510.6,-0.28007824247776014,17.21,76.0,False,False,True,False,False,False
4011235,SDSSJ115147.12+114913.9,-0.33026707128063304,16.93,81.0,False,False,True,False,False,False
4011285,SDSSJ115624.26+113021.8,-0.31624345986145386,17.14,73.0,False,False,True,False,False,False
4011678,SDSSJ124322.80+054555.2,-0.9132076671361229,16.69,65.0,False,False,True,False,False,False
4011690,SDSSJ124428.87+041019.9,-0.37794479222285293,17.06,66.0,False,False,True,False,False,False
4012202,SDSSJ135302.77+123311.7,-0.24439452982009868,15.979999999999999,75.0,False,False,False,False,False,False
4013145,SDSSJ155636.84+061138.6,-0.4977632413810378,15.74,50.0,False,False,False,False,False,False
4014520,SDSSJ230720.14+130559.3,-0.4532272419068448,16.87,81.0,False,False,True,False,False,False
4015419,SDSSJ092609.44+334304.1,-0.8756914994560023,16.48,86.0,False,False,True,False,False,False
4015645,SDSSJ104646.72+030942.7,-0.27680920122456154,16.91,72.0,False,False,True,False,False,False
4015887,SDSSJ121402.14+025933.3,-0.6696779727210407,16.240000000000002,82.0,False,False,False,False,False,False
4015889,SDSSJ121413.79+085429.7,-0.5538615538673304,16.69,85.0,False,False,True,False,False,False
4015910,SDSSJ121910.28+094850.8,-0.3177737625371049,16.77,83.0,False,False,True,False,False,False
4016071,SDSSJ132447.94+033153.2,-0.06600049541945907,16.6,82.0,False,False,True,False,False,False
4016138,SDSSJ140545.12+134727.3,-0.30641901165998275,16.53,83.0,False,False,True,False,False,False
4016276,SDSSJ151303.42+325505.7,-0.48258274472696705,16.41,76.0,False,False,True,False,False,False
4017009,SDSSJ080003.01+254344.2,-0.46536910083984084,16.71,72.0,False,False,True,False,False,False
4017582,SDSSJ103548.98+082859.9,-0.6914343749978786,16.08,84.0,False,False,False,False,False,False
4019692,SDSSJ094700.75+020426.3,-0.36162365886109216,16.09,85.0,False,False,False,False,False,False
4019931,SDSSJ094302.21+050144.1,-0.5489542193725863,16.88,85.0,False,False,True,False,False,False
4082141,SDSSJ075041.98+144717.2,-0.21804822228481457,15.92,62.0,False,False,False,False,False,False
4082558,SDSSJ075523.55+153332.1,0.0211171114839801,15.74,51.0,False,False,False,False,False,False
4084175,SDSSJ081540.72+270028.8,-0.33239785404583744,16.73,83.0,False,False,True,False,False,False
4085865,SDSSJ083335.64+250847.1,-0.9446558884731173,17.24,77.0,False,True,True,False,False,False
4085954,SDSSJ083511.66+243438.3,-0.322870288079951,16.18,72.0,False,False,False,False,False,False
4086841,SDSSJ084825.88+262528.7,-0.27680920122456154,17.12,72.0,False,False,True,False,False,False
4088225,SDSSJ091246.67+085619.9,-0.6350213658970432,16.569999999999997,85.0,False,False,True,False,False,False
4089458,SDSSJ093224.75+270012.8,-0.13003459378263704,16.740000000000002,60.0,False,False,True,False,False,False
4090121,SDSSJ094230.28+335057.9,-0.3595253198915138,16.81,87.0,False,False,True,False,False,False
4090171,SDSSJ094308.23+290146.5,-0.21062213826063836,17.09,64.0,False,False,True,False,False,False
4090391,SDSSJ094629.08+303952.7,-0.5055246341377795,14.83,83.0,False,False,False,False,False,False
4090495,SDSSJ094757.93+325929.4,-0.22589147445826985,16.07,50.0,False,False,False,False,False,False
4091248,SDSSJ100035.25+335615.1,-0.30161936835272174,16.720000000000002,73.0,False,False,True,False,False,False
4092201,SDSSJ101420.80+355236.4,-0.336976223782524,16.59,85.0,False,False,True,False,False,False
4092783,SDSSJ102308.69+085847.5,-0.2625176893840715,15.58,78.0,False,False,False,False,False,False
4092828,SDSSJ102345.50+332949.8,-0.5044375414490667,16.1,52.0,False,False,False,False,False,False
4093813,SDSSJ103748.58+350933.7,-0.7367011454482739,16.79,45.0,False,False,True,False,False,False
4095559,SDSSJ105543.63+023942.4,-0.4746898759337035,16.38,49.0,False,False,False,False,False,False
4095638,SDSSJ105640.35+360827.9,-0.7482025558229226,16.73,73.0,False,False,True,False,False,False
4095912,SDSSJ105958.87+294610.5,-0.4226333975482466,16.89,67.0,False,False,True,False,False,False
4096173,SDSSJ110310.23+150826.2,-0.1797875636981745,16.09,89.0,False,False,False,False,False,False
4098621,SDSSJ112959.93+151911.9,-0.11314021725832957,16.61,80.0,False,False,True,False,False,False
4099312,SDSSJ113612.91+154359.3,-0.3568654856275275,17.139999999999997,78.0,False,False,True,False,False,False
4099641,SDSSJ113916.46+332103.6,-0.028746762029222772,15.870000000000001,58.0,False,False,False,False,False,False
4101120,SDSSJ115423.05+354431.3,-0.2932228027446184,16.79,81.0,False,False,True,False,False,False
4101192,SDSSJ115516.50+331547.7,-0.5797516500314015,16.26,74.0,False,False,False,False,False,False
4101522,SDSSJ115837.49+151332.1,-0.19258123425256857,16.470000000000002,46.0,False,False,True,False,False,False
4103039,SDSSJ121113.57+140954.3,-0.40949929485335224,17.150000000000002,87.0,False,False,True,False,False,False
4106176,SDSSJ124149.41+113530.0,-0.5651811087959182,16.77,65.0,False,False,True,False,False,False
4106766,SDSSJ125355.92+340559.5,-0.7654327737601325,16.330000000000002,60.0,False,False,False,False,False,False
4107015,SDSSJ125732.10+152139.2,-0.29142003225089885,16.03,49.0,False,False,False,False,False,False
4108469,SDSSJ132433.77+285934.3,-0.53770406702968,16.25,79.0,False,False,False,False,False,False
4108864,SDSSJ133017.77+305733.6,-0.2633284887766414,15.88,64.0,False,False,False,False,False,False
4109044,SDSSJ133233.97+333348.2,-0.19720432350132366,16.15,65.0,False,False,False,False,False,False
4109257,SDSSJ133507.29+313118.2,-0.7408758541577829,16.3,83.0,False,False,False,False,False,False
4112161,SDSSJ141319.33+140042.3,-0.4704401141698029,17.12,50.0,False,False,True,False,False,False
4112990,SDSSJ142044.53+083735.8,-0.5487065303810548,15.559999999999999,70.0,False,False,False,False,False,False
4116350,SDSSJ144213.99+333517.4,-0.6904499475250914,16.63,74.0,False,False,True,False,False,False
4117123,SDSSJ144756.24+052421.4,-0.30386468973017555,16.44,74.0,False,False,True,False,False,False
4117286,SDSSJ144916.24+314104.3,-0.774489189006411,16.38,54.0,False,False,False,False,False,False
4117578,SDSSJ145243.51+114019.9,-0.42387076811574165,16.05,82.0,False,False,False,False,False,False
4119687,SDSSJ155949.26+040355.3,-0.27230506725590287,15.549999999999999,84.0,False,False,False,False,False,False
4120126,SDSSJ160348.46+251015.7,-0.21566990862033153,15.67,74.0,False,False,False,False,False,False
4121018,SDSSJ161116.37+242942.1,-0.12708799702989326,15.27,90.0,False,False,False,False,False,False
4122830,SDSSJ162637.63+242107.4,-0.404044563322997,17.069999999999997,78.0,False,False,True,False,False,False
4125749,SDSSJ142821.40+050233.6,0.05088260139636391,13.700000000000001,73.0,False,False,False,False,False,False
4125890,SDSSJ132435.44+013432.9,-0.11591999294115363,14.07,88.0,False,False,False,False,False,False
4126291,SDSSJ130439.35+324054.7,-0.3744925850504135,15.15,85.0,False,False,False,False,False,False
4126669,PGC4126669,-0.38280735752343764,16.56,83.0,False,False,True,False,False,False
4126675,PGC4126675,-0.35773526258052923,15.84,84.0,False,False,False,False,False,False
4126677,PGC4126677,-0.29422424336157427,16.45,85.0,False,False,True,False,False,False
4126688,PGC4126688,-0.314249359036304,17.48,86.0,False,False,True,False,False,False
4126700,PGC4126700,0.021478966981129055,14.389999999999999,78.0,False,False,False,False,False,False
4126721,PGC4126721,-0.12491640910684554,16.18,78.0,False,False,False,False,False,False
4151216,SDSSJ080041.11+154929.7,-0.2962172246613144,16.89,84.0,False,False,True,False,False,False
4160400,SDSSJ081747.80+115534.9,-0.1756181359221629,16.52,57.0,False,False,True,False,False,False
4175692,SDSSJ084435.61+094210.1,-0.4817548496669031,17.65,67.0,False,False,True,False,False,False
4203639,SDSSJ093137.68+292532.5,-0.5334665638243179,17.54,70.0,False,False,True,False,False,False
4203980,SDSSJ093213.60+324255.6,-0.38616099953102534,17.71,83.0,False,False,True,False,False,False
4214276,SDSSJ094932.83+171524.1,-0.3244791449280955,15.28,74.0,False,False,False,False,False,False
4221641,SDSSJ100134.69+195759.5,-0.2670038896078464,15.71,90.0,False,False,False,False,False,False
4232621,SDSSJ101928.52+292302.3,-0.7744010503629459,16.569999999999997,78.0,False,False,True,False,False,False
4249938,SDSSJ104419.18+180938.7,-0.31371785009733566,16.5,76.0,False,False,True,False,False,False
4255571,SDSSJ105307.57+274300.3,-0.33208707154457384,17.46,87.0,False,False,True,False,False,False
4255651,SDSSJ105314.53+175028.2,-0.9313669441911236,16.46,63.0,False,True,True,False,False,False
4257534,SDSSJ105556.97+135825.8,-0.8686972860711044,17.53,79.0,False,False,True,False,False,False
4258561,SDSSJ105737.43+181124.3,-0.08534811358448735,15.75,60.0,False,False,False,False,False,False
4261994,SDSSJ110234.52+321339.2,-0.3672805804867596,16.77,84.0,False,False,True,False,False,False
4263842,SDSSJ110509.13+044919.5,-0.2952844236368253,16.6,87.0,False,False,True,False,False,False
4272480,SDSSJ111702.67+100836.1,-0.43504172513253225,16.830000000000002,79.0,False,False,True,False,False,False
4273378,SDSSJ111813.85+193047.7,-0.23109107885079005,15.649999999999999,62.0,False,False,False,False,False,False
4276917,SDSSJ112250.52+235910.5,-0.17539505424784663,16.18,84.0,False,False,False,False,False,False
4278803,SDSSJ112516.29+182901.9,-0.32605153821330823,16.59,78.0,False,False,True,False,False,False
4284101,SDSSJ113215.14+325910.3,-0.322870288079951,17.31,72.0,False,False,True,False,False,False
4305197,SDSSJ115907.45+263626.7,-0.2203975602840309,15.909999999999998,71.0,False,False,False,False,False,False
4305333,SDSSJ115918.60+281040.6,-0.6247667987801622,16.61,65.0,False,False,True,False,False,False
4307923,SDSSJ120232.00+291437.9,-0.30758709946843465,15.559999999999999,54.0,False,False,False,False,False,False
4313030,SDSSJ120846.20+232143.2,-0.3094036607512938,16.96,88.0,False,False,True,False,False,False
4318323,SDSSJ121525.99+074627.1,-0.17464753034269798,15.479999999999999,61.0,False,False,False,False,False,False
4319903,SDSSJ121727.85+071937.6,-0.37942606879415,15.91,90.0,False,False,False,False,False,False
4321374,SDSSJ121920.09+062432.4,-0.8361829581723286,16.99,86.0,False,False,True,False,False,False
4324871,SDSSJ122405.09+081737.7,-0.719604209185978,16.67,56.0,False,False,True,False,False,False
4341024,SDSSJ124626.32+340454.3,-0.3522161903392611,16.84,85.0,False,False,True,False,False,False
4353581,SDSSJ130421.24+242549.3,-0.22789375238508613,16.25,88.0,False,False,False,False,False,False
4356860,SDSSJ130852.33+055949.0,-0.4586073148417751,16.459999999999997,90.0,False,False,True,False,False,False
4363239,SDSSJ131719.24+251253.4,-0.1972843280155714,16.06,74.0,False,False,False,False,False,False
4365303,SDSSJ131952.91+134825.5,-0.6149391831410758,16.400000000000002,82.0,False,False,False,False,False,False
4372314,SDSSJ132922.05+090338.8,-0.3442763583195072,16.76,78.0,False,False,True,False,False,False
4376804,SDSSJ133529.26+165313.7,-0.16016617591413906,15.15,81.0,False,False,False,False,False,False
4381159,SDSSJ134108.07+062515.4,-0.15000545157775003,16.540000000000003,69.0,False,False,True,False,False,False
4389006,SDSSJ135124.91+101037.5,-0.10038507393428509,16.09,73.0,False,False,False,False,False,False
4392186,SDSSJ135512.39+292333.5,-0.24098061426037498,16.07,53.0,False,False,False,False,False,False
4397628,SDSSJ140149.65+093913.6,-0.2762243187063196,15.99,86.0,False,False,False,False,False,False
4398929,SDSSJ140318.77+084717.7,-0.4005442878348613,15.859999999999998,76.0,False,False,False,False,False,False
4399923,SDSSJ140429.93+225601.8,-0.599123618539833,17.49,83.0,False,False,True,False,False,False
4407628,SDSSJ141432.03+171359.2,-0.00168944621039957,15.459999999999999,90.0,False,False,False,False,False,False
4428549,SDSSJ144206.71+284302.0,-0.06643511541834446,15.86,87.0,False,False,False,False,False,False
4439876,SDSSJ145612.12+054357.1,-0.29561537626566015,16.549999999999997,88.0,False,False,True,False,False,False
4448183,SDSSJ150651.25+125441.2,-0.09321823331380408,15.999999999999998,55.0,False,False,False,False,False,False
4465042,SDSSJ152828.45+042926.6,-0.4081468540106403,15.95,60.0,False,False,False,False,False,False
4467924,SDSSJ153244.24+054305.8,-0.0464745550783614,15.23,70.0,False,False,False,False,False,False
4474867,SDSSJ154251.47+090912.7,-0.4264622187113738,16.439999999999998,85.0,False,False,True,False,False,False
4478723,SDSSJ154845.45+103046.8,-0.15689172512140592,16.71,80.0,False,False,True,False,False,False
4494797,SDSSJ161622.19+041407.7,-0.4746279845444583,16.1,89.0,False,False,False,False,False,False
4505619,SDSSJ163731.65+262134.5,-0.1612788653169801,17.0,88.0,False,False,True,False,False,False
4533072,SDSSJ092508.18+201135.9,-0.27680920122456154,15.58,72.0,False,False,False,False,False,False
4534523,SDSSJ103734.02+122753.8,-0.34333235917956184,15.53,65.0,False,False,False,False,False,False
4540685,SDSSJ143952.80+223742.6,-0.42898830287483136,16.43,72.0,False,False,True,False,False,False
4540760,SDSSJ144246.94+003942.2,-0.281920462078844,14.19,87.0,False,False,False,False,False,False
4544488,SDSSJ152948.19+260516.3,-0.68957280143798,16.11,82.0,False,False,False,False,False,False
4544728,SDSSJ154839.50+255345.4,-0.12028604769918472,16.8,66.0,False,False,True,False,False,False
4545608,SDSSJ135920.46+260730.0,-0.15598289585694758,15.35,52.0,False,False,False,False,False,False
4546063,SDSSJ092429.59+241028.3,-0.20442268050650547,16.06,65.0,False,False,False,False,False,False
4546473,SDSSJ124557.37+351017.0,-0.3885428057739988,16.73,82.0,False,False,True,False,False,False
4546629,SDSSJ110811.08+283844.7,-0.19646786146691708,15.93,77.0,False,False,False,False,False,False
4546911,SDSSJ102826.71+242437.7,-0.20151221612365688,15.309999999999999,71.0,False,False,False,False,False,False
4547064,SDSSJ125344.01+324215.6,-0.12829170262369782,16.62,66.0,False,False,True,False,False,False
4547308,SDSSJ110630.38+272340.3,-0.45753577175857485,16.790000000000003,74.0,False,False,True,False,False,False
4548052,SDSSJ103706.11+210028.6,-0.17189969511707615,15.55,53.0,False,False,False,False,False,False
4548055,SDSSJ162615.46+114423.6,-0.18563545402481862,15.13,71.0,False,False,False,False,False,False
4548641,SDSSJ090222.90+125953.1,-0.2731777759114129,16.81,60.0,False,False,True,False,False,False
4550089,SDSSJ152936.15+083517.7,-0.09252458572765665,15.970000000000002,77.0,False,False,False,False,False,False
4550282,SDSSJ124420.88+060522.5,-0.7345295383252537,15.850000000000001,78.0,False,False,False,False,False,False
4550909,SDSSJ153916.06+080615.9,-0.14966688255743188,16.27,58.0,False,False,False,False,False,False
4552025,SDSSJ145213.53+282307.0,-0.24760020525373738,15.23,73.0,False,False,False,False,False,False
4552658,SDSSJ161144.24+041533.6,-0.226832730524535,15.969999999999999,76.0,False,False,False,False,False,False
4555565,SDSSJ132344.79+144136.5,-0.2983241494818709,16.21,64.0,False,False,False,False,False,False
4563662,SDSSJ103156.68+220549.4,-0.5459217218475765,15.959999999999999,78.0,False,False,False,False,False,False
4567836,SDSSJ000214.77+142915.8,-0.23405108752971637,16.18,76.0,False,False,False,False,False,False
4568096,SDSSJ160148.36+065018.4,-0.44901170883952,16.729999999999997,78.0,False,False,True,False,False,False
4572357,SDSSJ111612.82+264646.6,-0.3516051268109748,16.51,81.0,False,False,True,False,False,False
4572526,SDSSJ085356.70+175656.8,-0.3334311705323971,16.41,69.0,False,False,True,False,False,False
4572813,SDSSJ115429.43+250859.5,-0.43034708660067933,16.91,71.0,False,False,True,False,False,False
4573085,SDSSJ115036.99+245532.8,-0.4466235976823474,16.95,79.0,False,False,True,False,False,False
4573902,SDSSJ151923.26+102644.0,-0.31650063807272666,17.209999999999997,85.0,False,False,True,False,False,False
4576589,SDSSJ134309.19+333324.5,-0.4093968167101676,16.62,75.0,False,False,True,False,False,False
4577032,SDSSJ131125.99+303710.5,-0.525902385781605,17.02,75.0,False,False,True,False,False,False
4577792,SDSSJ102727.68+231812.2,-0.4125809591791545,15.26,86.0,False,False,False,False,False,False
4578811,SDSSJ000840.40+140033.3,-0.3537359095761792,16.84,83.0,False,False,True,False,False,False
4609999,NGC0664:[ZM98]0009,-0.6336854293836232,14.91,75.0,False,False,False,False,True,True
4668290,HIPASSJ0021+08,-1.0086180543131515,15.85,57.0,False,True,False,False,False,False
4720565,AGC233571,-0.3794988048407668,15.78,52.0,False,False,False,False,False,False
4720579,AGC233664,-0.20831239547020575,15.52,58.0,False,False,False,False,False,False
4767109,WINGSJ231633.29+183956.9,-0.541171614143769,16.56,71.0,False,False,True,False,False,False
4780957,WINGSJ232320.61+164447.0,-0.332682665251824,17.52,90.0,False,False,True,False,False,False
5056910,[SDV2005]004,-0.3559259895998075,16.95,86.0,False,False,True,False,False,False
5057047,HI_J010456.8+264942,-0.2054227041198433,15.99,77.0,False,False,False,False,False,False
5057058,AGC122207,-0.3595253198915138,15.94,87.0,False,False,False,False,False,False
5057062,AGC122217,-0.6506547354076104,16.39,82.0,False,False,False,False,False,False
5057078,PGC5057078,-0.2818536463655903,16.450000000000003,56.0,False,False,True,False,False,False
5057082,WSRT-CVN13,-1.0097828637899473,15.59,76.0,False,True,False,False,False,False
5057112,AGESJ224110+243500,-0.24126221498471834,16.29,86.0,False,False,False,False,False,False
5057273,[ISI96]0118-0004,-0.44111258783433716,16.88,51.0,False,False,True,False,False,False
5057334,AGC102266,-0.2715177016790764,15.720000000000002,87.0,False,False,False,False,False,False
5057338,AGC102274,-0.4169499886051349,16.65,88.0,False,False,True,False,False,False
5057339,AGC102275,-0.11835280888213662,15.840000000000002,83.0,False,False,False,False,False,False
5057344,ALFALFA2-113,-0.2181452259154617,16.84,73.0,False,False,True,False,False,False
5057374,AGC321205,-0.4800348707897868,16.72,71.0,False,False,True,False,False,False
5057376,AGC321207,-0.474177974070936,17.89,58.0,False,False,True,False,False,False
5057392,AGC332929,-0.6189280426922146,15.719999999999999,67.0,False,False,False,False,False,False
5057394,AGC332914,-0.2974230572662355,15.879999999999999,75.0,False,False,False,False,False,False
5057397,AGC332940,-0.2841060036189118,15.67,54.0,False,False,False,False,False,False
5057398,AGC333204,-0.4006628613988297,15.58,63.0,False,False,False,False,False,False
5057405,ALFALFA2-425,-0.07806616119765719,15.65,53.0,False,False,False,False,False,False
5057412,AGC333216,-0.39092430528721733,16.59,54.0,False,False,True,False,False,False
5057489,AGC321422,-0.16972728173508544,15.450000000000001,79.0,False,False,False,False,False,False
5057497,AGC321482,-0.1905855656668689,16.65,74.0,False,False,True,False,False,False
5057498,AGC321427,-0.05037487406849994,15.76,75.0,False,False,False,False,False,False
5057535,AGC333557,-0.587316686812257,16.92,75.0,False,False,True,False,False,False
5057536,AGC333559,-0.09907413809124499,16.06,60.0,False,False,False,False,False,False
5057540,AGC333569,-0.40366039097572015,17.39,74.0,False,False,True,False,False,False
5057545,AGC333575,-0.2566530577383106,15.81,52.0,False,False,False,False,False,False
5057558,AGC321493,-0.42730640705235334,16.23,66.0,False,False,False,False,False,False
5057565,AGC102924,-0.8065546298017607,16.25,83.0,False,False,False,False,False,False
5057566,AGC102806,-0.3362463467467909,15.799999999999999,84.0,False,False,False,False,False,False
5057599,AGC243881,-0.652516308967509,16.22,84.0,False,False,False,False,False,False
5057600,AGC267943,-0.03260212227141546,16.78,72.0,False,False,True,False,False,False
5057604,AGC321324,-0.3364355884403363,16.66,77.0,False,False,True,False,False,False
5057605,AGC321326,-0.28251605578609373,16.2,90.0,False,False,False,False,False,False
5057607,AGC321475,-0.38798461442560006,16.54,68.0,False,False,True,False,False,False
5057609,AGC321430,-0.223838514752019,16.21,80.0,False,False,False,False,False,False
5057611,AGC321432,-0.1599906206485544,16.56,78.0,False,False,True,False,False,False
5057614,AGC174503,-0.4619779083521265,17.51,87.0,False,False,True,False,False,False
5057622,AGC102735,-0.32255126272517254,17.76,76.0,False,False,True,False,False,False
5057632,AGC251824,-0.19680394257951095,15.6,90.0,False,False,False,False,False,False
5057636,AGC102623,-0.23765707726241336,17.45,72.0,False,False,True,False,False,False
5057659,AGC102639,-0.32033402792227506,16.53,71.0,False,False,True,False,False,False
5057674,AGC102648,-0.4169499886051349,16.77,88.0,False,False,True,False,False,False
5057679,AGC102653,-0.42973936253260137,17.48,68.0,False,False,True,False,False,False
5057695,AGC102801,-0.3954209552285626,16.86,72.0,False,False,True,False,False,False
5057700,AGC102803,-0.16430251336655477,15.97,53.0,False,False,False,False,False,False
5057704,AGC102805,-0.32152308992608436,15.48,84.0,False,False,False,False,False,False
5057716,AGC102815,-0.07149791073746803,16.3,54.0,False,False,False,False,False,False
5057717,AGC102816,-0.4154071837526456,15.56,66.0,False,False,False,False,False,False
5057721,AGC102820,-0.4785460598516469,16.56,88.0,False,False,True,False,False,False
5057729,AGC102830,-0.4701517376888038,17.11,69.0,False,False,True,False,False,False
5057740,AGC123129,-0.3313772029905113,16.0,73.0,False,False,False,False,False,False
5058713,AGC333498,-0.4544123801349276,12.629999999999999,88.0,False,False,False,False,True,True
5058785,AGC123138,-0.480596315645891,15.909999999999998,73.0,False,False,False,False,False,False
5058796,AGC749463,-0.8484938999828175,15.15,79.0,False,False,False,False,True,False
5058810,AGC257921,-0.8524207749894364,16.040000000000003,71.0,False,False,False,False,True,False
5058839,AGC122995,-0.24360478880156045,14.85,54.0,False,False,False,False,False,False
5058854,AGC122875,-0.15816019321654062,17.09,81.0,False,False,True,False,False,False
5058865,AGC122442,-0.15187046461626164,15.46,72.0,False,False,False,False,False,False
5058875,AGC123027,-0.5469163101555863,16.81,66.0,False,False,True,False,False,False
5058878,AGC122886,-0.3002268606154739,15.58,80.0,False,False,False,False,False,False
5058883,AGC122887,0.06275715763155709,16.33,85.0,False,False,False,False,False,False
5058896,AGC123050,-0.47002062860754057,16.26,87.0,False,False,False,False,False,False
5058953,AGC174711,-0.03686063160445041,15.51,53.0,False,False,False,False,False,False
5058954,AGC174713,-0.09058890341671288,15.58,68.0,False,False,False,False,False,False
5058957,AGC171493,-0.27323129882348596,15.06,51.0,False,False,False,False,False,False
5058958,AGC749257,-0.3445978123441664,17.16,89.0,False,False,True,False,False,False
5058970,AGC188848,-0.365775846795068,16.779999999999998,70.0,False,False,True,False,False,False
5058992,AGC188761,-0.06218328698884035,15.880000000000003,89.0,False,False,False,False,False,False
5059014,AGC188882,-0.6914343749978786,16.13,84.0,False,False,False,False,False,False
5059020,AGC188884,-0.8241462868280356,17.23,76.0,False,False,True,False,False,False
5059058,AGC205071,-0.4376860958394282,17.860000000000003,76.0,False,False,True,False,False,False
5059083,AGC205139,-0.16701559804118427,16.81,80.0,False,False,True,False,False,False
5059090,AGC205152,-0.2257760005455487,17.18,89.0,False,False,True,False,False,False
5059102,AGC205161,-0.4494178815363954,16.87,74.0,False,False,True,False,False,False
5059128,AGC749324,-0.7706361494470766,16.77,72.0,False,False,True,False,False,False
5059129,AGC749325,-0.372829051444421,17.18,89.0,False,False,True,False,False,False
5059164,AGC749444,-0.4885347641116331,15.85,53.0,False,False,False,False,False,False
5059175,AGC749226,-0.6420719098614815,17.669999999999998,87.0,False,False,True,False,False,False
5059221,AGC732257,-0.41306177079657314,16.5,75.0,False,False,True,False,False,False
5059226,AGC732313,-0.194513138488555,16.32,67.0,False,False,False,False,False,False
5059227,AGC749458,-0.5845303736337824,18.310000000000002,85.0,False,False,True,False,False,False
5059229,AGC226122,-0.7944288280117495,17.19,71.0,False,False,True,False,False,False
5059237,AGC230034,-0.18264836286013475,15.81,54.0,False,False,False,False,False,False
5059258,AGC233601,-0.4173747408795516,16.38,51.0,False,False,False,False,False,False
5059264,AGC732795,-0.3068092514547667,17.09,89.0,False,False,True,False,False,False
5059267,AGC249252,-0.4585656887113072,17.78,68.0,False,False,True,False,False,False
5059330,AGC749489,-0.4248687025241491,17.630000000000003,83.0,False,False,True,False,False,False
5059343,AGC749493,-0.3894102897007512,16.84,90.0,False,False,True,False,False,False
5059362,AGC733612,-0.30171469657253214,17.150000000000002,84.0,False,False,True,False,False,False
5059409,AGC257957,-0.06553496376379142,15.87,54.0,False,False,False,False,False,False
5059412,AGC258348,-0.68957280143798,17.810000000000002,82.0,False,False,True,False,False,False
5059413,AGC258349,-0.6643295912969187,15.68,78.0,False,False,False,False,False,False
5059446,AGC748678,-0.26149765509073086,16.09,79.0,False,False,False,False,False,False
5059462,AGC748697,-0.7798530814041718,15.92,59.0,False,False,False,False,False,False
5059467,AGC748703,-0.11451144301515148,16.11,55.0,False,False,False,False,False,False
5059471,AGC748712,-0.18159759791418129,15.830000000000002,80.0,False,False,False,False,False,False
5059483,AGC748735,-0.26840871124193333,16.27,73.0,False,False,False,False,False,False
5059488,AGC333351,-0.9683901786317222,16.58,76.0,False,True,True,False,False,False
5059495,AGC332263,-0.16554624884906932,15.65,90.0,False,False,False,False,False,False
5059496,AGC333355,-0.4045422417402631,16.14,62.0,False,False,False,False,False,False
5059533,AGC332332,-0.2754287635600674,16.54,75.0,False,False,True,False,False,False
5059537,AGC333376,-0.21586632611224088,15.73,81.0,False,False,False,False,False,False
5059540,AGC748757,-0.38814285551304817,16.53,79.0,False,False,True,False,False,False
5059542,AGC748758,-0.3595253198915138,16.57,87.0,False,False,True,False,False,False
5059547,AGC333379,-0.244727494896694,16.040000000000003,90.0,False,False,False,False,False,False
5059552,AGC333278,-0.20767777845275237,16.03,89.0,False,False,False,False,False,False
5059559,AGC333282,-0.4125809591791545,16.939999999999998,86.0,False,False,True,False,False,False
5059564,AGC332897,-0.3836709966749292,15.91,84.0,False,False,False,False,False,False
5059569,AGC333543,-0.22427960109424472,15.950000000000001,65.0,False,False,False,False,False,False
5059580,AGC333292,-0.4801237610614755,17.85,77.0,False,False,True,False,False,False
5059583,AGC333293,-0.5637635446472713,16.28,74.0,False,False,False,False,False,False
5059607,AGC333307,-0.31530856918240113,16.369999999999997,90.0,False,False,False,False,False,False
5059608,AGC333425,-0.22347204563598444,15.2,89.0,False,False,False,False,False,False
5059618,AGC333429,-0.13324738456513074,16.79,71.0,False,False,True,False,False,False
5059631,AGC122997,-0.3233817210042802,16.74,71.0,False,False,True,False,False,False
5059639,AGC102282,-0.13579242640060585,15.809999999999999,87.0,False,False,False,False,False,False
5059643,AGC748646,-0.1388158628298206,15.68,83.0,False,False,False,False,False,False
5059653,AGC113896,-0.3998406968222179,16.95,83.0,False,False,True,False,False,False
5059664,AGC114059,-0.1483088175003089,15.66,64.0,False,False,False,False,False,False
5059684,AGC188749,-0.2571301058366977,15.97,48.0,False,False,False,False,False,False
5059687,AGC749395,-0.359799320144802,15.930000000000001,76.0,False,False,False,False,False,False
5059695,AGC208295,-0.5612543241782995,17.779999999999998,82.0,False,False,True,False,False,False
5059701,AGC749190,-0.46230886098096136,17.369999999999997,88.0,False,False,True,False,False,False
5059709,AGC749221,-0.8736100740593744,17.720000000000002,71.0,False,False,True,False,False,False
5059711,AGC749230,-0.3954209552285626,17.3,72.0,False,False,True,False,False,False
5059733,AGC258127,-0.5102540138048697,15.54,53.0,False,False,False,False,False,False
5059757,AGC333290,-0.36619645055136774,16.310000000000002,88.0,False,False,False,False,False,False
5059776,AGC729579,-0.6023067585187871,17.33,89.0,False,False,True,False,False,False
5059849,AGC113811,-0.11148117574755734,17.41,62.0,False,False,True,False,False,False
5059860,AGC113910,-0.5725800783953932,16.5,71.0,False,False,True,False,False,False
5059868,AGC114041,-0.15199125156686044,16.37,85.0,False,False,False,False,False,False
5059876,AGC113922,-0.5078481927988252,15.59,81.0,False,False,False,False,False,False
5059882,AGC113807,-0.5967212187314548,16.830000000000002,61.0,False,False,True,False,False,False
5059896,AGC113257,-0.17262681969920513,15.76,64.0,False,False,False,False,False,False
5059901,AGC113825,-0.45448076631739864,17.78,71.0,False,False,True,False,False,False
5059907,AGC113244,-0.4312185445465886,15.98,87.0,False,False,False,False,False,False
5059910,AGC113828,-0.5410770630272725,16.599999999999998,73.0,False,False,True,False,False,False
5059911,AGC114060,-0.2715177016790764,16.099999999999998,87.0,False,False,False,False,False,False
5059914,AGC113953,-0.2350312817471738,16.490000000000002,53.0,False,False,True,False,False,False
5059916,AGC748823,-0.7926455569948314,16.71,74.0,False,False,True,False,False,False
5059917,AGC748824,-0.2226867836481521,16.04,60.0,False,False,False,False,False,False
5059937,AGC122861,-0.21140379788001162,15.540000000000001,57.0,False,False,False,False,False,False
5059941,AGC122964,-0.32526027818082914,16.09,73.0,False,False,False,False,False,False
5059955,AGC748843,-0.720789539470259,17.560000000000002,86.0,False,False,True,False,False,False
5059972,AGC215280,-0.5492046802047745,17.1,77.0,False,False,True,False,False,False
5059977,AGC321194,-0.5495507832089899,15.47,86.0,False,False,False,False,False,False
5059984,AGC227970,-0.9167420540357034,16.59,75.0,False,False,True,False,False,False
5059985,AGC248904,-0.28757243480323824,15.690000000000001,62.0,False,False,False,False,False,False
5059993,AGC193895,0.11601620184717243,14.84,89.0,False,False,False,False,False,False
5060003,AGC215287,-0.42048578887578003,14.709999999999999,75.0,False,False,False,False,False,False
5060005,AGC123143,-0.16238807189464177,16.18,77.0,False,False,False,False,False,False
5060014,AGC123169,-0.2706540326193876,17.52,74.0,False,False,True,False,False,False
5060015,AGC123170,-0.8549570351471125,15.85,72.0,False,False,False,False,True,False
5060017,AGC123172,-0.2765053618700084,15.96,67.0,False,False,False,False,False,False
5060047,AGC174479,-0.25641812956145627,16.0,79.0,False,False,False,False,False,False
5060053,AGC174485,-0.161532803119814,15.819999999999999,79.0,False,False,False,False,False,False
5060073,AGC174601,-0.25026934529535305,15.02,70.0,False,False,False,False,False,False
5060077,AGC174606,-0.40215840778624834,16.66,75.0,False,False,True,False,False,False
5060092,AGC182490,-0.39326834825722656,16.759999999999998,56.0,False,False,True,False,False,False
5060095,AGC182493,-0.5410143873528324,16.599999999999998,78.0,False,False,True,False,False,False
5060105,AGC198347,-0.39161889908069414,16.97,68.0,False,False,True,False,False,False
5060107,AGC193852,-0.1750795419654203,16.4,60.0,False,False,False,False,False,False
5060108,AGC193787,-0.482900510510448,17.03,89.0,False,False,True,False,False,False
5060113,AGC193855,-0.3817781796408073,16.68,64.0,False,False,True,False,False,False
5060119,AGC193859,-0.3136527951999004,16.71,85.0,False,False,True,False,False,False
5060123,AGC193867,-0.22243363225108848,15.73,79.0,False,False,False,False,False,False
5060137,AGC193890,-0.29068634893023315,16.680000000000003,54.0,False,False,True,False,False,False
5060154,AGC193910,-0.40598272113051515,16.62,87.0,False,False,True,False,False,False
5060159,AGC193915,-0.20554972903970947,16.290000000000003,80.0,False,False,False,False,False,False
5060161,AGC193788,-0.35690516636883585,15.41,65.0,False,False,False,False,False,False
5060175,AGC193820,-0.3949967280233113,16.5,58.0,False,False,True,False,False,False
5060192,AGC215253,-0.5511773899315984,17.62,73.0,False,False,True,False,False,False
5060214,AGC219196,-0.3387249572506197,18.41,62.0,False,False,True,False,False,False
5060222,AGC731635,-0.24783879115578555,16.89,80.0,False,False,True,False,False,False
5060249,AGC215623,-0.3350683565326835,16.82,78.0,False,False,True,False,False,False
5060265,AGC222378,-0.16533900207267616,15.95,82.0,False,False,False,False,False,False
5060295,AGC228010,-0.2877462454052706,16.98,89.0,False,False,True,False,False,False
5060365,AGC248941,-0.28086984991759056,15.33,49.0,False,False,False,False,False,False
5060369,AGC248960,-0.19449258300955563,16.669999999999998,60.0,False,False,True,False,False,False
5060372,AGC243914,-0.5258129362542041,16.73,86.0,False,False,True,False,False,False
5060393,AGC268148,-0.3346157741265534,15.68,76.0,False,False,False,False,False,False
5060398,AGC268006,-0.44699274340769124,17.46,67.0,False,False,True,False,False,False
5060405,AGC268028,-0.22249268837226888,16.59,75.0,False,False,True,False,False,False
5060413,AGC321467,-0.5331700980479817,15.03,51.0,False,False,False,False,False,False
5060418,AGC321203,-0.6651764924186576,16.49,55.0,False,False,True,False,False,False
5060425,AGC321470,-0.25006027211229354,15.76,53.0,False,False,False,False,False,False
5064505,SDSSJ104705.44+184026.5,-0.23728426919115542,15.559999999999999,88.0,False,False,False,False,False,False
5064714,SDSSJ125259.05+222455.8,-0.5239638161056879,16.17,72.0,False,False,False,False,False,False
5064943,SDSSJ130920.83+214256.0,-0.42376071472284327,17.18,79.0,False,False,True,False,False,False
5064945,SDSSJ131403.28+231842.2,-0.38614148932206716,15.34,80.0,False,False,False,False,False,False
5064974,SDSSJ113027.02+213934.7,-0.320956902516059,17.09,89.0,False,False,True,False,False,False
5064983,SDSSJ123102.35+180012.4,-0.7880102455164992,15.73,72.0,False,False,False,False,True,False
5064988,SDSSJ113931.77+191724.8,-0.8102279847613623,17.16,70.0,False,False,True,False,False,False
5065000,SDSSJ115503.88+190459.8,-0.28738371338014757,16.87,54.0,False,False,True,False,False,False
5065012,SDSSJ102328.12+161146.1,-0.7014008558139071,15.780000000000001,65.0,False,False,False,False,False,False
5065014,SDSSJ215856.88+010107.0,-0.44912620334731734,16.12,85.0,False,False,False,False,False,False
5065527,SDSSJ133605.53+320823.2,-0.533334239867062,16.310000000000002,61.0,False,False,False,False,False,False
5066219,[MK2011]NGC4793,0.04673145775473264,11.11,61.0,False,False,False,False,True,True
5066224,[MK2011]NGC4961,-0.07431284940562799,12.63,52.0,False,False,False,False,False,False
5066368,[MK2011]NGC7241,0.08492681807478064,10.780000000000001,87.0,False,False,False,False,True,False
5066758,[MK2011]NGC2903,0.11949302554603491,8.2,63.0,False,False,False,False,True,True
5072365,EGISJ130350.1+233801,-0.2898893917501191,16.64,87.0,False,False,True,False,False,False
5072537,EGISJ024706.5+051617,-0.06703070912559417,16.57,90.0,False,False,True,False,False,False
5072711,PISCESB,-0.9230978161229493,16.4,68.0,True,False,False,False,True,True
5075346,SDSSJ141452.37+251902.5,-0.0863799617532206,11.26,81.0,False,False,False,False,True,True
5075710,SDSSJ100659.27+162103.8,-0.2544948567244245,16.87,75.0,False,False,True,False,False,False
5075770,SDSSJ115632.80+222741.5,-0.329808545979847,16.74,64.0,False,False,True,False,False,False
5075773,SDSSJ135823.91+220313.6,-0.05404375344718915,15.21,53.0,False,False,False,False,False,False
5075806,SDSSJ101204.94+170011.4,-0.14526386524928947,15.41,59.0,False,False,False,False,False,False
5076000,SDSSJ110116.22+033740.7,-0.017680270645505924,10.64,80.0,False,False,False,False,True,True
5076007,SDSSJ111641.95+192031.3,-0.3222338235506417,15.99,73.0,False,False,False,False,False,False
5076144,SDSSJ130409.42+201503.0,-0.20377315561691622,16.17,61.0,False,False,False,False,False,False
5076801,SDSSJ114303.24+182742.8,-0.4004265735874868,16.57,61.0,False,False,True,False,False,False
5076895,SDSSJ230915.75+195316.1,-0.08637827103843199,15.01,53.0,False,False,False,False,False,False
5076996,SDSSJ120729.36+204117.8,-0.3375727876189276,17.25,86.0,False,False,True,False,False,False
5076998,SDSSJ124111.01+205945.5,-0.30907270812245846,15.809999999999999,87.0,False,False,False,False,False,False
5077211,SDSSJ132619.70+020602.6,-0.2381696520442973,11.520000000000001,52.0,False,False,False,False,True,True
5077313,SDSSJ083226.88+293841.6,-0.33789062726843166,14.459999999999999,53.0,False,False,False,False,False,False
5091394,SDSSJ151203.43+290642.5,-0.04527010105773677,17.009999999999998,69.0,False,False,True,False,False,False
5092901,SDSSJ110403.73+223812.6,-0.07623075336984586,14.63,68.0,False,False,False,False,False,False
5807269,AGC311171,-0.32255126272517254,15.61,76.0,False,False,False,False,False,False
5807283,AGC322172,-0.31431313494206403,16.27,78.0,False,False,False,False,False,False
5807303,AGC322300,-0.30965536861107124,15.950000000000001,74.0,False,False,False,False,False,False
5807307,AGC322309,-0.33026707128063304,16.560000000000002,81.0,False,False,True,False,False,False
5807310,AGC322176,-0.33789062726843166,16.8,53.0,False,False,True,False,False,False
5807322,AGC322200,-0.45834267376336024,15.35,88.0,False,False,False,False,False,False
5807324,AGC322322,-0.23762396225854143,16.48,71.0,False,False,True,False,False,False
5807330,AGC321382,-0.4289820340405397,16.139999999999997,61.0,False,False,False,False,False,False
5807336,AGC322332,-0.07846880917678556,15.370000000000001,52.0,False,False,False,False,False,False
5807354,AGC334276,-0.11792303322347975,15.68,54.0,False,False,False,False,False,False
5807358,AGC334879,-0.3770404177759157,16.81,84.0,False,False,True,False,False,False
5807362,AGC334880,-0.43274431679399195,16.64,52.0,False,False,True,False,False,False
5807363,AGC334663,-0.4934878841408432,16.799999999999997,65.0,False,False,True,False,False,False
5807366,AGC334282,-0.15101947632539714,15.28,52.0,False,False,False,False,False,False
5807393,AGC334904,-0.43771507572859747,16.220000000000002,81.0,False,False,False,False,False,False
5807403,AGC334917,-0.5705810742857074,17.04,90.0,False,False,True,False,False,False
5807411,AGC334323,-0.21688232628689397,16.09,77.0,False,False,False,False,False,False
5807447,AGC334507,-0.08996398990565613,16.44,58.0,False,False,True,False,False,False
5807455,AGC334513,-1.0245061206106536,17.52,76.0,False,True,True,False,False,False
5807472,AGC103581,-0.30805659883101866,17.22,65.0,False,False,True,False,False,False
5807479,AGC100024,-0.17703933476948697,15.51,53.0,False,False,False,False,False,False
5807489,AGC103007,-0.17359798888047706,15.75,89.0,False,False,False,False,False,False
5807496,AGC103752,-0.21731085876977163,16.47,85.0,False,False,True,False,False,False
5807540,AGC102618,-0.33338789535833113,15.9,77.0,False,False,False,False,False,False
5807544,AGC103828,-0.2707057786771663,15.98,47.0,False,False,False,False,False,False
5807554,AGC103835,-0.3633621395172679,15.36,68.0,False,False,False,False,False,False
5807561,AGC103391,-0.19144475194068988,15.46,86.0,False,False,False,False,False,False
5807597,AGC114871,-0.5337236533948442,16.73,72.0,False,False,True,False,False,False
5807608,AGC114883,-0.46760965102944274,15.6,63.0,False,False,False,False,False,False
5807618,AGC114895,-0.527862726188516,16.32,76.0,False,False,False,False,False,False
5807621,AGC114896,-0.1830421540013698,16.25,57.0,False,False,False,False,False,False
5807648,AGC114927,-0.4434009540367354,16.44,77.0,False,False,True,False,False,False
5807658,AGC114030,-0.30074731933832766,16.52,87.0,False,False,True,False,False,False
5807676,AGC124242,-0.18613249322549752,16.19,68.0,False,False,False,False,False,False
5807684,AGC124245,-0.38499743754706595,16.419999999999998,86.0,False,False,True,False,False,False
5807689,AGC124248,-0.6036581727313868,17.810000000000002,82.0,False,False,True,False,False,False
5807710,AGC123873,-0.1431867535298612,15.35,48.0,False,False,False,False,False,False
5807783,AGC174832,-0.004378354328398171,14.4,71.0,False,False,False,False,False,False
5807786,AGC174730,-0.33162822477223575,15.889999999999999,46.0,False,False,False,False,False,False
5807791,AGC174814,-0.17446191188167637,15.34,53.0,False,False,False,False,False,False
5807821,AGC189093,-0.1073030467403342,14.84,90.0,False,False,False,False,False,False
5807905,AGC208763,-0.3244280805694917,16.04,84.0,False,False,False,False,False,False
5807940,AGC219669,-0.4205380710772313,17.02,77.0,False,False,True,False,False,False
5807952,AGC219532,-0.6724026409271362,17.310000000000002,79.0,False,False,True,False,False,False
5807966,AGC219538,-0.1860907016929918,15.930000000000001,75.0,False,False,False,False,False,False
5807969,AGC219491,-0.3707682860979844,18.310000000000002,81.0,False,False,True,False,False,False
5807983,AGC219547,-0.482900510510448,16.509999999999998,89.0,False,False,True,False,False,False
5808041,AGC239035,-0.28251605578609373,16.41,90.0,False,False,True,False,False,False
5808075,AGC249513,-0.2838834214359567,16.44,50.0,False,False,True,False,False,False
5808129,AGC258574,-0.56041459719061,16.27,89.0,False,False,False,False,False,False
5808663,AGC322468,-0.48609305672345604,15.700000000000001,63.0,False,False,False,False,False,False
5808670,AGC322483,-0.39560068533679305,16.77,87.0,False,False,True,False,False,False
5808672,AGC322447,-0.8268429319181851,16.53,86.0,False,False,True,False,False,False
5808685,AGC335238,-0.2833984715519753,15.290000000000001,64.0,False,False,False,False,False,False
5808692,AGC333840,-0.34267091442114284,15.71,63.0,False,False,False,False,False,False
5808698,AGC331161,-0.5508851413791267,15.96,78.0,False,False,False,False,False,False
5808707,AGC335182,-0.3589481012887492,15.32,50.0,False,False,False,False,False,False
5808712,AGC104217,-0.5166695568143342,17.119999999999997,86.0,False,False,True,False,False,False
5808718,AGC103861,-0.5227772602428309,16.099999999999998,65.0,False,False,False,False,False,False
5808733,AGC115281,-0.7518243578039283,16.41,59.0,False,False,True,False,False,False
5808735,AGC114716,-0.7288833472794409,16.73,88.0,False,False,True,False,False,False
5808762,AGC132139,-0.44972276718372095,16.240000000000002,86.0,False,False,False,False,False,False
5808763,AGC132121,-0.8451627953578629,15.959999999999999,55.0,False,False,False,False,True,False
5808768,AGC198425,-0.6068461871634223,16.14,86.0,False,False,False,False,False,False
5808770,AGC208773,-0.6516526698160174,17.09,83.0,False,False,True,False,False,False
5808782,AGC229381,-0.5555248523884058,17.59,75.0,False,False,True,False,False,False
5808794,AGC239146,-0.4348639599086068,17.61,50.0,False,False,True,False,False,False
5912258,AGC335194,-0.6079103405426016,16.79,77.0,False,False,True,False,False,False
5912271,VV255,-0.3268577807646986,13.27,70.0,False,False,False,False,True,True
5950874,SDSSJ115012.33+065954.5,-0.01427857351841988,13.59,90.0,False,False,False,False,False,False
5950879,SDSSJ095642.48+153811.2,-0.055714316897578886,13.38,71.0,False,False,False,False,False,False
5951984,SDSSJ133332.70+011825.0,-0.14982672210627523,13.9,72.0,False,False,False,False,False,False
5952398,SDSSJ161847.46+072435.7,-0.06106456248424186,11.55,58.0,False,False,False,False,True,True
5952558,SDSSJ142513.25+134438.3,0.10340901369859701,12.790000000000001,88.0,False,False,False,False,False,False
5952607,SDSSJ111828.61+331730.4,0.027629900871338542,14.54,90.0,False,False,False,False,False,False
5952663,SDSSJ084326.69+042603.1,-0.26575246759819304,14.84,73.0,False,False,False,False,False,False
5952898,SDSSJ091948.99+042904.9,-0.2969471016970475,15.26,85.0,False,False,False,False,False,False
5952956,SDSSJ152611.24+085426.7,0.08300618165017237,14.3,74.0,False,False,False,False,False,False
5953001,SDSSJ154539.49+280521.0,-0.038221861222535125,12.719999999999999,84.0,False,False,False,False,False,False
6656993,SDSSJ094745.36+023737.0,-0.19472277975788588,12.780000000000001,82.0,False,False,False,False,False,False
6657028,SDSSJ013813.59+105825.6,-0.6089746058140366,17.12,72.0,False,False,True,False,False,False
6719321,LAMOSTJ000049.23+050623.4,-0.6360815461722942,16.470000000000002,87.0,False,False,True,False,False,False
6724069,LAMOSTJ005610.72+212734.0,-0.34345370065612757,15.969999999999999,52.0,False,False,False,False,False,False
6724508,LAMOSTJ025227.63+331936.0,-0.2307047556640005,14.17,60.0,False,False,False,False,False,False
