PGC,Name,Inc,e_Inc,Wmx,e_Wmx,gmag,rmag,imag,W1mag,W2mag,Rei,ReW1,icmag,Ai
2,UGC12889,52,4,437,16,,,,11.86,12.49,,0.51,,
4,PGC000004,85,2,154,5,16.43,15.91,15.57,16.06,16.42,0.23,0.27,15.41,0.29
12,PGC000012,82,3,400,19,,,,13.60,14.20,,0.25,,
16,PGC000016,65,4,297,14,14.83,14.21,13.86,13.98,14.67,0.19,0.21,13.79,0.21
55,UGC12898,80,3,179,10,16.08,15.71,15.50,16.18,16.60,0.22,0.22,15.42,0.20
68,ESO538-017,57,4,206,18,15.24,14.86,14.69,14.99,15.49,0.15,0.19,14.67,0.15
70,UGC12900,90,1,433,5,15.41,14.66,14.25,13.55,14.08,0.48,0.43,14.10,0.86
76,UGC12901,68,4,390,5,14.39,13.65,13.26,13.21,13.77,0.26,0.30,13.16,0.25
92,PGC000092,80,3,144,5,16.39,15.84,15.51,,,0.17,,15.37,0.28
94,UGC12905,90,1,188,14,,,,15.82,16.49,,0.32,,
96,UGC12903,81,3,559,9,15.18,14.45,13.99,,,0.25,,13.88,0.45
102,IC5376,82,3,427,7,14.28,13.45,13.02,12.85,13.45,0.30,0.33,12.88,0.51
124,UGC12913,86,2,252,6,15.85,15.26,14.96,15.18,15.75,0.30,0.32,14.91,0.40
128,PGC000128,59,4,218,8,16.19,15.96,15.70,,,0.12,,15.67,0.15
146,UGC12916,50,4,162,5,15.72,15.22,14.92,15.43,16.02,0.21,0.24,14.87,0.09
155,PGC000155,71,3,212,20,15.84,15.28,14.97,15.01,15.45,0.12,0.16,14.82,0.29
165,UGC12920,82,3,275,5,15.59,15.06,14.75,14.78,15.14,0.27,0.21,14.66,0.45
171,UGC12921,53,4,233,10,,,,13.08,13.70,,0.43,,
176,PGC000176,54,4,349,14,14.13,13.54,13.21,13.19,13.74,0.27,0.26,13.13,0.12
179,PGC000179,85,2,289,20,15.34,14.50,14.05,13.84,14.33,0.20,0.24,13.92,0.62
181,ESO012-014,85,7,95,13,,,,14.79,15.14,,0.90,,
185,IC5379,65,4,133,20,15.96,15.46,15.17,15.60,16.21,0.17,0.19,15.11,0.17
186,UGC00003,67,4,473,5,14.30,13.52,13.10,13.10,13.70,0.27,0.27,13.02,0.23
201,UGC00004,55,4,302,19,14.84,14.25,13.89,13.99,14.58,0.18,0.20,13.83,0.14
205,UGC00005,64,4,447,20,13.74,13.08,12.72,12.61,13.13,0.31,0.30,12.64,0.17
212,IC5381,80,3,677,11,14.55,13.70,13.23,13.04,13.68,0.21,0.25,13.12,0.35
216,PGC000216,64,4,269,7,14.61,14.03,13.67,13.57,14.04,0.20,0.20,13.61,0.21
218,NGC7814,90,1,455,5,11.01,10.11,9.62,9.47,10.08,1.19,0.78,9.54,0.19
222,PGC000222,66,4,275,7,15.89,15.48,15.20,,,0.13,,15.11,0.21
247,PGC000247,54,4,411,20,15.79,15.11,14.69,,,0.11,,14.56,0.12
250,UGC00014,61,5,343,5,13.95,13.32,12.92,12.87,13.47,0.37,0.37,12.75,0.19
257,PGC000257,81,3,250,5,16.22,15.76,15.49,,,0.17,,15.41,0.37
258,UGC00015,85,2,515,7,15.43,14.61,14.13,,,0.23,,14.05,0.59
259,PGC000259,63,4,243,9,15.41,14.88,14.58,14.73,15.23,0.11,0.16,14.50,0.20
279,NGC7817,81,3,404,5,12.44,11.61,11.15,10.79,11.34,0.74,0.58,11.04,0.38
293,PGC000293,74,3,401,20,,,,13.66,14.23,,0.18,,
298,UGC00024,53,4,173,5,14.91,14.51,14.31,14.49,15.19,0.27,0.37,14.20,0.10
301,UGC00025,82,3,259,5,15.53,14.90,14.55,,,0.20,,14.42,0.49
303,NGC7819,52,4,239,5,13.84,13.30,13.01,13.14,13.66,0.39,0.36,12.91,0.12
305,UGC00027,65,4,213,5,14.22,13.74,13.47,13.95,14.43,0.45,0.43,13.38,0.16
309,UGC00030,88,2,229,5,15.31,14.84,14.29,,,0.22,,14.19,0.82
312,PGC000312,68,4,301,14,13.28,12.76,12.48,12.66,13.15,0.43,0.39,12.42,0.25
329,PGC000329,69,3,274,13,14.57,14.13,13.87,13.81,14.31,0.20,0.20,13.82,0.26
345,PGC000345,71,3,183,16,16.07,15.85,15.72,,,0.19,,15.70,0.17
354,NGC7824,56,4,472,18,13.42,12.59,12.13,12.15,12.82,0.25,0.25,12.02,0.00
356,PGC000356,81,3,269,20,15.18,14.52,14.15,13.59,13.93,0.19,0.18,14.07,0.47
366,UGC00036,78,3,476,36,14.07,13.22,12.74,,,0.24,,12.63,0.15
367,NGC7821,71,3,510,12,,,,12.49,12.93,,0.24,,
393,UGC00039,64,4,501,17,,,,13.12,13.69,,0.27,,
415,UGC00040,58,4,382,5,14.65,13.86,13.39,13.34,13.97,0.20,0.21,13.25,0.14
431,UGC00041,76,3,244,5,15.66,15.18,14.89,15.18,15.70,0.22,0.24,14.77,0.26
448,ESO409-018,69,3,340,19,,,,14.18,14.80,,0.22,,
451,UGC00043,76,3,175,5,16.38,15.88,15.60,,,0.19,,15.44,0.27
461,UGC00045,71,3,279,19,,,,13.97,14.59,,0.28,,
462,ESO472-014,81,3,355,20,,,,13.44,13.90,,0.19,,
465,PGC000465,65,4,421,19,15.16,14.41,13.99,13.94,14.52,0.20,0.22,13.81,0.20
496,UGC00047,88,2,77,5,16.67,16.43,16.39,17.52,18.09,0.35,0.29,16.35,0.73
507,UGC00050,74,3,392,11,14.88,14.13,13.70,13.44,14.00,0.19,0.21,13.62,0.31
511,UGC00051,57,4,274,10,14.48,13.84,13.50,13.67,14.29,0.18,0.20,13.44,0.15
527,UGC00054,90,1,192,15,,,,16.08,16.37,,0.50,,
558,ESO538-022,86,2,505,20,,,,13.54,14.16,,0.33,,
559,PGC000559,78,3,197,5,15.85,15.50,15.27,15.68,16.10,0.23,0.23,15.08,0.27
567,NGC0002,60,4,375,5,14.57,13.86,13.48,13.42,13.97,0.21,0.21,13.35,0.15
569,NGC7831,81,3,465,5,13.70,13.01,12.60,12.32,12.89,0.37,0.39,12.51,0.46
613,UGC00066,57,4,369,6,14.31,13.50,13.08,12.92,13.58,0.19,0.22,12.87,0.11
616,UGC00067,74,3,598,35,14.63,13.71,13.18,,,0.24,,12.90,0.15
619,UGC00069,53,4,169,5,14.35,13.86,13.58,13.95,14.40,0.31,0.31,13.49,0.11
627,NGC0007,85,2,158,9,,,,13.91,14.48,,0.52,,
634,NGC0010,58,4,554,19,,,,11.84,12.35,,0.48,,
638,UGC00071,52,4,217,17,,,,15.39,15.92,,0.20,,
642,NGC0011,90,1,466,19,14.18,13.26,12.77,12.37,12.96,0.25,0.29,12.62,0.45
644,UGC00076,83,4,190,13,15.80,15.30,15.08,15.50,16.19,0.23,0.24,14.97,0.32
650,NGC0013,80,3,442,5,13.54,12.76,12.31,12.24,12.86,0.34,0.42,12.22,0.42
652,NGC0009,72,3,154,5,14.61,14.12,13.86,14.06,14.75,0.24,0.24,13.70,0.27
657,PGC000657,57,4,290,19,15.66,15.09,14.68,14.64,15.26,0.14,0.17,14.52,0.16
658,UGC00081,90,1,469,7,15.11,14.17,13.61,12.97,13.40,0.33,0.26,13.41,0.90
676,UGC00085,71,3,262,16,,,,13.71,14.23,,0.26,,
690,NGC0022,53,4,353,5,14.10,13.40,13.02,12.95,13.59,0.28,0.31,12.90,0.12
693,PGC000693,49,6,243,18,15.67,15.20,14.87,,,0.10,,14.82,0.11
701,NGC24,81,3,202,10,,,,11.30,12.02,,1.03,,
703,UGC00090,89,2,73,5,16.89,16.42,16.14,,,0.30,,16.05,0.41
705,PGC000705,68,4,235,15,15.66,15.06,14.72,14.85,15.45,0.09,0.12,14.62,0.25
709,UGC00091,80,3,414,8,15.24,14.49,14.04,,,0.20,,13.93,0.45
727,PGC000727,53,4,358,20,15.46,14.67,14.25,14.24,14.80,0.15,0.18,14.08,0.13
731,UGC00095,90,1,448,7,15.52,14.75,14.28,13.56,14.12,0.38,0.32,14.18,0.98
742,NGC0027,72,3,410,22,14.13,13.40,13.00,12.88,13.48,0.20,0.19,12.90,0.22
743,PGC000743,54,4,289,18,14.79,14.32,14.04,14.14,14.78,0.18,0.20,13.99,0.14
759,UGC00098,65,4,302,11,13.93,13.30,12.95,,,0.25,,12.87,0.20
767,NGC0029,70,4,377,5,13.54,12.99,12.69,,,0.28,,12.62,0.24
772,UGC00101,68,4,459,15,14.88,14.14,13.73,13.66,14.44,0.19,0.22,13.63,0.24
776,PGC000776,66,4,177,5,16.30,15.80,15.54,,,0.10,,15.44,0.21
786,PGC000786,66,4,278,53,15.39,14.89,14.60,,,0.17,,14.53,0.24
789,ESO349-038,71,3,538,20,,,,12.77,13.35,,0.34,,
798,NGC0036,62,4,434,5,13.16,12.46,12.07,12.06,12.69,0.45,0.42,11.94,0.16
800,ESO293-045,84,3,140,10,,,,15.40,16.00,,0.36,,
810,UGC00107,80,3,364,6,15.54,14.74,14.32,,,0.17,,14.21,0.42
816,UGC00108,64,4,396,6,14.90,14.21,13.85,,,0.19,,13.76,0.15
817,ESO409-026,80,3,312,20,,,,14.79,15.29,,0.34,,
830,UGC00110,51,4,169,5,15.05,14.62,14.35,14.81,15.38,0.30,0.31,14.28,0.10
832,PGC000832,54,4,316,15,15.60,15.10,14.79,15.05,15.60,0.17,0.17,14.72,0.13
833,UGC00111,77,3,244,5,15.29,14.76,14.49,14.53,14.96,0.23,0.25,14.30,0.32
835,PGC000835,74,3,320,10,15.16,14.66,14.38,14.39,14.86,0.14,0.16,14.30,0.33
847,UGC00113,76,4,506,5,14.43,13.65,13.23,12.99,13.60,0.17,0.19,13.09,0.27
848,PGC000848,51,5,194,5,15.82,15.43,15.16,15.47,15.98,0.21,0.25,15.11,0.09
858,PGC000858,80,3,333,14,16.23,15.65,15.28,,,0.13,,15.22,0.43
859,UGC00116,76,3,342,6,14.94,14.41,14.09,14.05,14.53,0.22,0.24,14.04,0.36
865,NGC0041,55,4,331,13,14.25,13.58,13.21,13.17,13.72,0.20,0.22,13.09,0.11
866,PGC000866,77,3,192,12,17.27,16.89,16.57,,,0.08,,16.51,0.23
869,UGC00117,52,4,207,5,14.34,13.86,13.56,13.85,14.60,0.41,0.42,13.48,0.11
874,UGC00121,64,4,249,18,,,,14.38,14.95,,0.27,,
889,UGC00122,89,1,92,5,14.93,14.79,14.61,15.31,16.46,0.54,0.63,14.55,0.70
897,IC0004,51,4,247,8,13.87,13.23,12.90,12.88,13.39,0.26,0.27,12.79,0.10
902,PGC000902,63,4,313,20,13.89,13.40,13.15,13.33,13.82,0.24,0.25,13.10,0.20
906,PGC000906,59,4,272,18,,,,14.14,14.61,,0.19,,
908,PGC000908,68,4,435,6,14.46,13.71,13.29,13.26,13.81,0.17,0.20,13.15,0.21
912,UGC00127,77,3,192,5,15.77,15.44,15.31,15.67,16.55,0.35,0.32,15.26,0.17
924,UGC00132,74,3,148,5,14.78,14.19,13.86,14.39,14.94,0.45,0.45,13.68,0.21
937,UGC00135,89,2,218,11,16.29,15.67,15.38,15.56,16.08,0.21,0.25,15.16,0.61
948,PGC000948,78,5,143,5,16.30,15.94,15.78,,,0.15,,15.74,0.22
963,UGC00139,67,4,285,9,13.83,13.43,13.20,13.50,13.96,0.35,0.31,13.13,0.22
976,PGC000976,76,3,221,8,16.18,15.68,15.41,,,0.13,,15.16,0.33
978,NGC0052,86,4,572,17,13.70,12.85,12.35,,,0.40,,12.25,0.29
997,PGC000997,56,4,506,18,15.26,14.56,14.12,13.99,14.51,0.22,0.17,14.00,0.13
1011,NGC0054,76,3,395,18,13.96,13.21,12.80,12.48,12.98,0.25,0.24,12.72,0.24
1014,NGC55,84,3,166,13,,,,8.05,8.60,,6.30,,
1022,PGC001022,64,4,313,18,15.07,14.41,14.05,13.87,14.26,0.14,0.15,13.98,0.20
1051,UGC00148,81,3,303,5,13.87,13.29,13.00,12.73,13.23,0.36,0.33,12.89,0.48
1056,UGC00149,80,3,282,5,15.38,14.74,14.40,14.15,14.61,0.20,0.20,14.27,0.44
1089,UGC00152,77,3,228,6,15.27,14.89,14.66,15.14,15.76,0.31,0.30,14.60,0.25
1106,UGC00155,83,3,396,5,13.87,13.09,12.64,12.20,12.71,0.21,0.23,12.56,0.44
1107,UGC00156,64,4,124,5,14.17,13.65,13.38,,,0.62,,13.16,0.14
1109,PGC001109,74,3,259,17,13.68,13.17,12.92,12.82,13.34,0.27,0.25,12.86,0.32
1123,UGC00158,82,3,328,17,,,,13.80,14.26,,0.28,,
1130,ESO539-005,53,4,249,18,,,,12.52,13.12,,0.36,,
1139,UGC00163,51,4,194,5,15.07,14.74,14.54,15.19,15.53,0.25,0.20,14.50,0.10
1144,UGC00164,70,3,181,5,14.46,13.78,13.40,13.53,13.97,0.38,0.32,13.32,0.28
1149,NGC0064,56,5,393,12,13.79,13.15,12.79,12.84,13.35,0.32,0.31,12.71,0.14
1152,PGC001152,58,5,212,16,14.82,14.47,14.29,14.76,15.29,0.18,0.19,14.25,0.15
1154,UGC00166,68,4,250,5,14.54,13.99,13.69,13.92,14.50,0.35,0.33,13.59,0.22
1158,UGC00165,87,2,319,14,15.07,14.37,13.99,13.56,14.09,0.27,0.21,13.91,0.74
2943,PGC002943,75,5,238,18,,,,15.03,15.64,,0.35,,
1170,PGC001170,53,4,240,15,14.51,13.98,13.71,13.88,14.27,0.22,0.21,13.64,0.13
1172,ESO111-024,89,1,447,18,,,,13.28,13.79,,0.27,,
1176,ESO294-002,79,3,308,19,,,,14.03,14.61,,0.21,,
1198,UGC00171,57,4,317,20,,,,12.60,13.02,,0.19,,
1202,UGC00175,53,4,132,13,,,,14.10,14.63,,0.36,,
1226,UGC00178,69,4,430,19,,,,13.12,13.73,,0.22,,
1231,UGC00179,56,4,208,5,14.94,14.53,14.30,14.76,15.41,0.19,0.20,14.19,0.12
1237,UGC00180,78,3,520,6,14.86,14.06,13.61,,,0.24,,13.49,0.29
1238,UGC00181,79,3,333,7,14.97,14.18,13.72,,,0.17,,13.60,0.34
1248,PGC001248,58,4,283,20,15.13,14.45,14.08,14.29,14.96,0.17,0.18,14.00,0.16
1258,PGC001258,51,4,171,19,15.53,14.85,14.40,14.51,15.12,0.19,0.22,14.27,0.12
1264,UGC00183,71,3,477,20,,,,12.69,13.30,,0.28,,
1265,UGC00184,50,4,153,8,16.35,15.84,15.63,,,0.28,,15.47,0.07
1273,PGC001273,64,4,246,20,15.57,15.05,14.76,14.98,15.66,0.18,0.20,14.68,0.20
1276,IC1540,66,4,392,20,14.45,13.68,13.26,13.32,13.98,0.20,0.24,13.15,0.17
1285,UGC00187,85,3,357,11,15.78,14.74,14.28,13.31,13.67,0.26,0.19,14.01,0.57
1286,UGC00188,74,4,214,7,15.83,15.60,15.49,15.80,16.32,0.18,0.26,15.45,0.17
1288,PGC001288,68,4,279,11,14.11,13.58,13.28,13.54,14.23,0.30,0.31,13.21,0.25
1294,PGC001294,87,2,326,19,15.63,14.77,14.19,,,0.19,,14.06,0.68
1301,IC0013,80,3,294,6,14.79,14.28,14.00,14.06,14.57,0.25,0.25,13.91,0.43
1315,UGC00196,50,4,256,16,,,,13.06,13.60,,0.26,,
1325,ESO473-016,64,4,434,19,,,,12.75,13.38,,0.28,,
1332,PGC001332,70,3,589,14,15.54,14.83,14.40,,,0.14,,14.32,0.24
1336,UGC00199,74,5,102,5,16.21,15.86,15.62,,,0.41,,15.50,0.15
1346,UGC00201,89,1,442,10,16.10,15.42,14.98,,,0.24,,14.88,0.92
1347,PGC001347,72,3,365,20,15.75,15.09,14.64,14.69,15.26,0.14,0.17,14.56,0.30
1361,PGC001361,70,3,187,19,15.88,15.40,15.15,15.21,15.71,0.09,0.14,15.06,0.26
1362,IC1544,51,4,260,5,14.33,13.71,13.42,13.53,14.13,0.31,0.31,13.32,0.12
1372,PGC001372,59,4,171,5,15.30,14.82,14.54,,,0.19,,14.44,0.16
1381,PGC001381,74,3,329,8,15.74,15.18,14.82,,,0.17,,14.75,0.32
1382,NGC0085B,76,3,351,20,15.05,14.22,13.80,13.51,14.03,0.23,0.21,13.66,0.34
1387,UGC00207,78,3,305,20,15.52,14.79,14.39,14.46,15.13,0.23,0.26,14.30,0.40
1404,PGC001404,72,3,308,13,14.98,14.22,13.80,13.62,14.15,0.22,0.19,13.70,0.29
1413,UGC00210,70,4,238,5,14.95,14.53,14.32,14.65,15.18,0.21,0.23,14.25,0.23
1414,PGC001414,69,3,242,17,,,,13.20,13.67,,0.20,,
1419,PGC001419,49,6,179,18,14.61,14.13,13.86,14.25,14.87,0.28,0.29,13.81,0.10
1422,UGC00211,89,1,229,6,16.49,15.94,15.59,15.80,16.23,0.22,0.23,15.46,0.59
1431,PGC001431,72,3,88,10,15.97,15.50,15.26,15.52,16.09,0.12,0.17,15.21,0.14
1439,UGC00215,56,4,374,5,14.10,13.36,12.90,12.95,13.43,0.24,0.24,12.79,0.09
1460,PGC001460,52,4,273,8,15.33,14.81,14.48,14.70,15.36,0.16,0.18,14.38,0.12
1461,PGC001461,76,3,380,11,15.06,14.38,13.99,13.95,14.58,0.17,0.19,13.92,0.36
1472,PGC001472,62,4,416,20,15.36,14.65,14.26,14.15,14.73,0.13,0.18,14.18,0.17
1478,UGC00219,77,3,270,5,15.34,14.84,14.53,14.75,15.33,0.21,0.23,14.43,0.31
1516,UGC00229,59,4,241,6,15.28,14.89,14.66,15.04,15.59,0.17,0.18,14.60,0.16
1520,UGC00228,56,4,277,12,14.44,13.85,13.55,13.78,14.36,0.23,0.23,13.49,0.15
1524,PGC001524,62,4,246,11,15.58,15.14,14.88,15.06,15.80,0.15,0.18,14.83,0.18
1525,NGC0100,90,1,200,5,13.36,12.80,12.47,12.88,13.18,0.89,0.74,12.37,0.52
1534,PGC001534,81,4,247,20,14.72,14.25,13.99,14.09,14.59,0.14,0.18,13.93,0.47
1544,PGC001544,87,5,175,8,14.98,14.60,14.39,,,0.14,,14.31,0.73
1546,UGC00232,52,6,251,7,14.21,13.49,13.07,13.03,13.55,0.18,0.18,12.97,0.11
1547,PGC001547,52,4,294,20,14.32,13.84,13.56,13.69,14.20,0.24,0.24,13.50,0.12
1549,PGC001549,53,4,66,13,16.63,16.40,16.22,,,0.10,,16.19,0.06
1552,UGC00234,71,3,204,17,15.57,14.94,14.59,14.84,15.41,0.24,0.25,14.47,0.25
1553,PGC001553,77,4,295,11,15.26,14.48,14.10,13.44,13.80,0.09,0.16,13.93,0.36
1564,PGC001564,55,4,316,19,14.60,13.90,13.52,13.62,14.21,0.15,0.18,13.44,0.12
1572,UGC00238,79,3,395,5,14.26,13.54,13.10,12.83,13.36,0.35,0.30,12.93,0.42
1592,UGC00243,86,2,607,18,,,,12.01,12.54,,0.34,,
1594,UGC00244,65,4,225,15,14.65,14.18,13.91,14.20,14.86,0.25,0.26,13.84,0.21
1606,NGC0107,53,4,218,20,14.88,14.33,14.03,14.24,14.69,0.14,0.15,13.94,0.13
1609,PGC001609,89,1,399,12,14.18,13.52,13.12,12.64,13.12,0.45,0.50,13.06,0.88
1621,UGC00247,81,3,317,8,16.05,15.55,15.21,15.33,15.92,0.19,0.20,15.10,0.39
1634,PGC001634,77,3,284,14,13.98,13.40,13.06,13.08,13.63,0.33,0.35,13.00,0.39
1651,NGC0115,73,3,207,7,,,,13.41,13.75,,0.43,,
1654,NGC0112,72,3,360,5,14.42,13.72,13.31,13.17,13.66,0.18,0.19,13.17,0.28
1658,UGC00256,90,1,331,15,,,,12.68,13.13,,0.29,,
1665,UGC00260,86,2,253,5,13.59,13.07,12.79,12.62,13.14,0.44,0.50,12.66,0.55
1695,PGC001695,64,4,174,11,15.54,15.01,14.69,,,0.12,,14.55,0.21
1713,UGC00272,70,3,232,13,14.69,14.29,14.11,14.73,15.50,0.38,0.34,14.08,0.17
1715,NGC0124,56,5,237,14,13.62,13.21,12.99,13.19,13.62,0.27,0.28,12.95,0.15
1723,UGC00275,69,3,214,5,14.08,13.65,13.41,13.76,14.33,0.27,0.29,13.36,0.24
1724,UGC00276,85,2,268,29,15.36,14.46,13.98,13.35,13.79,0.24,0.23,13.82,0.58
1726,PGC001726,52,4,221,18,14.84,14.28,13.86,14.28,14.98,0.24,0.25,13.77,0.12
1736,UGC00279,77,3,411,5,14.22,13.52,13.09,12.92,13.47,0.35,0.32,12.94,0.39
1737,UGC00277,62,4,233,5,14.82,14.34,14.06,14.45,14.97,0.30,0.30,14.02,0.16
1743,UGC00278,80,3,375,5,15.35,14.73,14.36,14.29,14.75,0.23,0.22,14.26,0.44
1748,UGC00281,72,3,204,5,15.22,14.82,14.59,15.16,15.54,0.27,0.26,14.54,0.20
1750,PGC001750,63,6,97,5,14.78,14.40,14.21,14.95,15.71,0.19,0.23,14.19,0.11
1751,PGC001751,86,2,319,18,15.72,15.05,14.66,14.61,15.16,0.24,0.21,14.57,0.66
1758,PGC001758,75,3,217,9,15.26,14.83,14.59,14.81,15.36,0.13,0.16,14.46,0.31
1760,PGC001760,88,3,205,6,15.49,14.89,14.55,,,0.18,,14.49,0.81
1771,UGC00285,84,3,106,18,14.71,14.09,14.13,14.22,14.85,0.22,0.19,14.06,0.55
1774,PGC001774,83,3,133,12,16.17,15.69,15.43,,,0.10,,15.31,0.47
1781,UGC00290,90,1,76,5,16.12,15.74,15.49,15.57,17.14,0.55,1.27,15.31,0.70
1797,UGC00294,90,1,246,6,16.54,15.95,15.57,15.65,16.14,0.35,0.33,15.44,0.54
1802,PGC001802,47,6,127,9,15.06,14.56,14.32,,,0.21,,14.16,0.10
1813,NGC0131,77,3,160,8,,,,12.84,13.54,,0.38,,
1817,IC1552,82,3,394,6,14.91,14.12,13.69,13.44,14.02,0.22,0.21,13.58,0.47
1828,UGC00299,60,4,337,5,14.87,14.30,13.93,14.22,14.97,0.27,0.26,13.81,0.17
1833,ESO410-013,72,3,313,20,,,,14.46,14.99,,0.18,,
1841,PGC001841,71,3,321,12,13.34,12.68,12.32,12.41,13.02,0.32,0.33,12.25,0.27
1844,NGC0132,52,4,379,5,12.81,12.28,11.99,11.95,12.41,0.34,0.32,11.94,0.09
1851,NGC0134,80,3,455,13,,,,9.28,9.80,,1.13,,
1861,UGC00303,58,4,213,18,,,,15.02,15.90,,0.34,,
1879,ESO410-016,51,4,272,19,,,,14.18,14.70,,0.24,,
1886,PGC001886,58,4,388,18,14.57,13.99,13.66,13.76,14.26,0.23,0.24,13.58,0.17
1903,PGC001903,74,3,411,19,15.41,14.72,14.32,14.23,14.76,0.19,0.21,14.26,0.32
1905,IC0025,67,4,277,20,14.88,14.12,13.73,13.49,14.00,0.13,0.15,13.68,0.19
1908,PGC001908,59,4,363,19,14.04,13.44,13.11,13.21,13.85,0.24,0.28,13.02,0.16
1909,PGC001909,62,7,272,11,13.78,13.29,13.02,,,0.19,,12.96,0.19
1913,UGC00310,80,3,197,9,15.15,14.70,14.42,14.68,15.15,0.30,0.39,14.34,0.29
1921,UGC00312,67,4,234,14,13.67,13.33,13.18,13.41,13.86,0.39,0.32,13.13,0.22
1924,UGC00313,62,4,116,11,,,,13.85,14.41,,0.24,,
1926,ESO539-014,90,1,358,17,15.46,14.89,14.54,14.41,14.84,0.34,0.39,14.49,0.70
1927,UGC00314,55,4,175,8,14.66,14.15,13.89,14.27,14.93,0.29,0.31,13.82,0.12
1932,PGC001932,84,3,307,11,14.06,13.45,13.11,,,0.29,,13.05,0.58
1933,UGC00316,89,1,518,5,15.56,14.79,14.24,13.85,14.40,0.27,0.23,14.09,0.92
1957,UGC00319,59,4,271,5,14.75,14.29,14.04,14.36,14.85,0.32,0.30,13.95,0.15
1958,PGC001958,88,2,259,7,15.56,14.67,14.17,,,0.17,,14.04,0.69
1970,UGC00320,88,2,150,5,15.58,15.25,15.07,15.74,16.47,0.31,0.33,15.03,0.34
1971,UGC00321,80,3,204,5,15.35,14.92,14.67,15.14,15.65,0.25,0.25,14.62,0.30
1977,IC1553,80,3,256,20,,,,12.85,13.29,,0.26,,
1979,PGC001979,85,2,357,14,,,,12.78,13.25,,0.38,,
1982,PGC001982,64,4,302,5,14.78,14.15,13.79,13.92,14.42,0.24,0.24,13.66,0.21
1986,UGC00323,78,3,289,5,14.84,14.30,14.00,,,0.24,,13.81,0.40
2001,PGC002001,60,4,284,14,,,,13.75,14.40,,0.27,,
2003,UGC00327,74,3,251,5,15.46,14.87,14.54,14.54,15.05,0.19,0.23,14.43,0.32
2007,PGC002007,55,4,140,5,15.66,15.37,15.23,,,0.14,,15.21,0.12
2021,PGC002021,87,2,210,15,15.37,14.55,14.10,13.81,14.25,0.14,0.17,14.04,0.73
2022,UGC00329,56,4,217,5,14.36,13.86,13.62,14.16,14.33,0.45,0.50,13.58,0.10
2023,PGC002023,66,4,257,6,15.25,14.69,14.38,14.61,15.32,0.19,0.22,14.32,0.21
2052,NGC0150,60,4,317,10,,,,10.83,11.33,,0.64,,
2056,PGC002056,61,4,301,22,16.04,15.54,15.16,,,0.10,,15.11,0.19
2060,UGC00338,80,3,288,18,15.32,14.79,14.49,14.37,14.93,0.21,0.24,14.39,0.40
2062,IC0031,90,1,606,11,14.80,13.87,13.35,,,0.23,,13.14,0.55
2068,UGC00342,55,5,256,5,14.99,14.47,14.18,14.57,15.04,0.30,0.29,14.14,0.13
2069,PGC002069,78,3,320,20,15.69,14.93,14.43,,,0.14,,14.31,0.37
2071,IC1555,57,4,115,15,,,,14.07,14.55,,0.33,,
2080,PGC002080,83,3,272,20,16.08,15.37,14.96,14.34,13.38,0.13,0.14,14.90,0.29
2085,UGC00345,90,2,176,5,15.65,15.16,14.88,15.45,16.07,0.35,0.33,14.80,0.46
2088,UGC00344,51,4,219,15,15.03,14.62,14.36,14.91,15.37,0.29,0.28,14.27,0.09
2094,UGC00346,70,3,291,17,14.90,14.28,13.94,14.09,14.71,0.26,0.26,13.81,0.27
2098,UGC00347,87,2,238,18,,,,15.68,16.42,,0.31,,
2113,PGC002113,52,4,264,20,15.07,14.44,14.10,14.14,14.74,0.14,0.17,14.01,0.11
2122,NGC0167,49,6,176,20,,,,13.40,13.93,,0.24,,
2133,PGC002133,70,3,268,15,14.15,13.62,13.33,13.44,13.96,0.27,0.27,13.26,0.28
2134,IC0034,77,3,617,6,13.37,12.48,12.00,11.92,12.44,0.43,0.43,11.85,0.26
2138,ESO540-003,71,3,327,9,13.56,13.03,12.70,12.79,13.42,0.27,0.28,12.65,0.29
2139,UGC00353,69,3,268,18,15.12,14.49,14.14,,,0.25,,14.03,0.26
2142,IC1558,54,4,110,13,,,,12.97,13.68,,0.90,,
2143,NGC0166,77,3,348,20,,,,13.62,14.22,,0.18,,
7159,UGC01390,79,3,319,20,,,,13.80,14.37,,0.19,,
2147,UGC00355,75,3,399,6,14.52,13.75,13.34,13.26,13.80,0.28,0.26,13.21,0.31
2148,UGC00354,80,3,203,19,15.64,15.04,14.69,,,0.34,,14.62,0.41
2159,UGC00357,61,4,279,5,15.50,14.99,14.65,14.88,15.55,0.18,0.19,14.58,0.17
2160,PGC002160,51,5,220,17,14.70,14.20,13.93,14.31,14.89,0.30,0.31,13.86,0.11
2169,PGC002169,58,4,180,19,15.06,14.33,13.94,13.94,14.50,0.18,0.23,13.77,0.16
2180,PGC002180,69,3,390,8,15.23,14.66,14.30,,,0.19,,14.26,0.27
2194,UGC00364,73,3,517,11,14.13,13.44,13.01,12.84,13.28,0.24,0.25,12.93,0.24
2196,PGC002196,74,4,224,9,15.74,15.27,14.98,,,0.19,,14.88,0.31
2199,ESO410-027,65,5,300,17,,,,13.64,14.17,,0.37,,
2207,PGC002207,89,1,159,10,16.12,15.80,15.60,16.21,16.83,0.25,0.32,15.58,0.39
2228,NGC0172,90,1,268,9,14.25,13.72,13.42,13.46,14.16,0.40,0.41,13.37,0.73
2231,UGC00371,89,1,317,10,15.17,14.45,14.04,13.92,14.47,0.41,0.47,13.94,0.72
2241,NGC0177,80,3,406,16,13.71,13.02,12.65,12.72,13.40,0.33,0.39,12.60,0.45
2242,UGC00373,85,3,511,5,15.11,14.23,13.72,,,0.28,,13.51,0.57
2254,UGC00377,56,4,163,18,16.20,15.84,15.60,,,0.25,,15.57,0.11
2260,UGC00379,89,1,196,5,16.25,15.85,15.62,16.10,17.13,0.30,0.37,15.57,0.40
2261,UGC00376,89,1,203,5,16.15,15.64,15.35,15.46,16.01,0.26,0.29,15.21,0.43
2265,ESO411-002,84,3,145,20,,,,13.92,14.48,,0.19,,
2266,PGC002266,87,2,422,5,15.10,14.47,14.09,13.50,13.93,0.21,0.20,14.02,0.68
2268,NGC0180,51,4,350,5,12.83,12.20,11.80,11.95,12.55,0.53,0.44,11.69,0.10
2279,NGC0182,49,6,433,5,13.03,12.33,11.95,12.09,12.82,0.33,0.34,11.89,0.06
2280,PGC002280,51,4,256,20,,,,14.44,15.03,,0.16,,
2294,PGC002294,71,3,245,17,15.32,14.71,14.37,14.61,15.21,0.25,0.26,14.28,0.28
2302,UGC00388,62,4,252,5,15.28,14.74,14.45,14.78,15.73,0.29,0.33,14.36,0.16
2312,UGC00393,89,1,385,5,15.17,14.35,13.88,13.58,14.08,0.30,0.22,13.79,0.91
2314,UGC00394,69,5,254,18,15.20,14.70,14.43,14.72,15.22,0.41,0.44,14.32,0.18
2316,PGC002316,64,4,236,15,15.54,15.00,14.71,14.85,15.42,0.15,0.18,14.64,0.21
2342,IC1564,63,4,199,18,14.57,14.02,13.72,13.98,14.58,0.24,0.25,13.68,0.20
2352,NGC0192,66,5,122,102,12.94,12.19,11.78,11.71,12.23,0.32,0.32,11.73,0.21
2370,UGC00409,56,4,178,15,15.15,14.69,14.46,14.80,15.35,0.24,0.26,14.41,0.14
2380,NGC0187,73,3,291,17,,,,12.86,13.48,,0.39,,
2383,ESO351-001,88,2,223,13,,,,15.94,16.59,,0.26,,
2384,UGC00416,56,5,164,7,15.70,15.28,15.09,15.29,15.74,0.23,0.36,15.05,0.09
2386,ESO540-010,63,4,295,20,15.35,14.88,14.71,15.13,15.79,0.29,0.36,14.68,0.14
7182,NGC0726,60,5,177,17,,,,14.27,14.89,,0.31,,
2387,NGC0200,63,4,399,5,13.07,12.43,12.08,12.14,12.62,0.35,0.38,12.03,0.15
2390,UGC00418,90,2,369,5,14.69,13.88,13.41,13.01,13.59,0.35,0.46,13.30,0.90
2412,PGC002412,48,6,124,20,14.40,13.98,13.77,14.19,14.74,0.18,0.20,13.73,0.10
2436,UGC00392,86,2,180,15,,,,14.16,14.66,,0.45,,
2437,NGC0210,54,4,273,10,,,,10.61,11.33,,0.53,,
2445,ESO079-005,62,4,148,14,,,,13.38,14.20,,0.49,,
2449,PGC002449,85,2,273,20,15.45,14.68,14.27,14.01,14.47,0.15,0.17,14.22,0.60
2458,UGC00433,88,2,410,5,14.62,13.78,13.28,12.56,13.08,0.44,0.41,13.16,0.83
2468,PGC002468,79,3,204,13,15.88,15.36,15.09,,,0.14,,14.94,0.41
2479,NGC0214,47,6,345,5,12.59,11.95,11.60,11.63,12.19,0.32,0.31,11.53,0.05
2483,PGC002483,56,4,259,20,15.28,14.71,14.39,14.31,14.62,0.14,0.17,14.30,0.14
2492,PGC002492,51,4,134,10,,,,13.78,14.58,,0.39,,
2504,UGC00442,60,7,215,5,15.18,14.72,14.48,14.87,15.62,0.30,0.31,14.35,0.13
2517,UGC00444,49,6,474,20,13.88,13.20,12.81,,,0.20,,12.71,0.01
2520,UGC00443,76,3,199,5,15.62,15.30,15.10,15.42,16.07,0.23,0.28,14.99,0.21
2526,ESO540-016,90,1,187,6,,,,14.11,14.58,,0.63,,
2537,IC0045,82,3,226,5,15.14,14.48,14.14,14.07,14.63,0.27,0.28,14.03,0.45
2553,UGC00453,80,3,171,5,16.20,15.75,15.51,16.03,16.99,0.22,0.27,15.43,0.22
2562,PGC002562,75,3,201,5,15.23,14.38,13.91,,,0.18,,13.82,0.35
2571,UGC00457,86,3,297,19,15.24,14.56,14.19,13.81,14.30,0.24,0.23,14.03,0.68
2593,UGC00460,51,4,232,12,,,,13.36,13.82,,0.24,,
2597,NGC0237,55,4,289,5,13.29,12.76,12.46,12.51,13.09,0.26,0.26,12.42,0.13
2599,PGC002599,78,3,291,11,15.86,15.19,14.83,14.64,15.12,0.11,0.15,14.73,0.40
2611,ESO474-019,64,4,209,19,,,,15.10,15.72,,0.46,,
2614,UGC00465,77,3,398,5,14.13,13.31,12.86,12.80,13.47,0.24,0.30,12.70,0.36
2615,UGC00466,66,4,227,5,14.66,14.19,13.92,14.21,14.79,0.26,0.27,13.88,0.21
2616,PGC002616,76,3,341,18,14.60,14.13,13.86,14.11,14.62,0.30,0.33,13.77,0.27
2621,UGC00469,80,3,529,11,14.95,14.16,13.72,13.67,14.30,0.24,0.27,13.62,0.44
2627,UGC00470,70,3,249,5,14.52,14.22,14.02,14.40,14.90,0.23,0.21,13.96,0.23
2646,PGC002646,69,3,108,7,14.62,14.09,13.78,,,0.13,,13.73,0.26
2649,UGC00472,59,5,189,5,15.85,15.27,14.97,15.44,15.97,0.32,0.31,14.82,0.11
2659,UGC00474,87,2,397,20,16.32,15.67,15.26,15.17,15.81,0.17,0.18,15.13,0.71
2680,PGC002680,57,4,681,148,14.86,14.39,13.87,,,0.29,,13.78,0.15
2699,UGC00477,86,2,232,5,14.16,13.76,13.53,13.88,14.05,0.77,0.68,13.47,0.32
2704,UGC00475,70,3,333,15,,,,13.08,13.69,,0.37,,
2712,UGC00478,84,3,430,20,14.20,13.35,12.89,12.96,13.60,0.22,0.26,12.78,0.47
2717,UGC00479,57,4,349,8,14.58,13.82,13.38,13.37,14.00,0.15,0.19,13.23,0.14
2739,UGC00483,71,3,229,5,15.57,15.12,14.86,15.19,15.62,0.28,0.31,14.79,0.21
2742,PGC002742,76,3,212,7,15.69,15.11,14.80,,,0.12,,14.69,0.36
2743,UGC00484,72,3,413,5,13.68,13.03,12.64,12.34,12.77,0.43,0.49,12.48,0.30
2747,UGC00485,90,1,359,5,14.70,13.97,13.55,13.11,13.72,0.56,0.68,13.42,0.78
2752,PGC002752,53,4,152,20,15.40,14.99,14.77,15.17,15.82,0.16,0.19,14.66,0.11
2758,NGC247,73,3,205,5,,,,9.03,9.77,,5.03,,
2759,PGC002759,51,4,276,15,14.67,14.02,13.70,13.82,14.48,0.19,0.20,13.64,0.12
2761,PGC002761,58,5,164,17,14.65,14.03,13.52,,,0.20,,13.36,0.17
2767,ESO013-001,74,3,251,17,,,,12.76,13.23,,0.17,,
2768,UGC00488,54,4,380,16,15.05,14.27,13.83,13.28,13.45,0.16,0.16,13.63,0.03
2769,PGC002769,52,4,332,20,15.38,14.59,14.18,14.15,14.79,0.12,0.17,14.06,0.10
2782,PGC002782,57,5,170,5,15.49,15.07,14.76,15.21,15.73,0.29,0.30,14.65,0.11
2784,PGC002784,66,4,253,19,15.46,15.04,14.71,14.81,15.27,0.16,0.18,14.59,0.23
2789,NGC253,80,3,410,8,,,,6.12,6.57,,3.75,,
2804,PGC002804,51,4,320,5,15.29,14.65,14.26,,,0.16,,14.09,0.12
2805,PGC002805,88,2,131,11,14.15,13.89,13.72,14.62,15.06,0.76,0.70,13.67,0.36
2806,NGC0251,52,4,351,5,13.07,12.41,12.04,12.12,12.68,0.40,0.42,11.94,0.12
2812,PGC002812,55,4,262,19,14.01,13.42,13.11,13.30,13.80,0.22,0.24,13.04,0.14
2816,ESO411-018,64,8,121,10,,,,15.94,16.94,,0.43,,
2820,NGC0259,83,3,422,14,13.00,12.27,11.87,11.64,12.16,0.43,0.34,11.78,0.51
2828,PGC002828,49,6,156,8,15.45,15.04,14.83,,,0.13,,14.76,0.11
2834,IC0052,77,4,145,5,14.73,14.36,14.16,,,0.20,,14.13,0.33
2856,NGC0263,63,5,349,18,,,,13.91,14.41,,0.19,,
2865,UGC00501,88,2,374,5,14.89,14.07,13.61,13.17,13.66,0.44,0.44,13.49,0.81
2883,UGC00505,51,4,213,16,14.16,13.64,13.28,13.71,13.95,0.33,0.40,13.19,0.10
2889,UGC00507,90,2,430,5,14.48,13.72,13.29,12.63,13.15,0.51,0.43,13.23,0.98
2897,ESO351-009,65,4,287,19,,,,14.88,15.47,,0.20,,
2899,UGC00509,72,3,204,7,15.48,14.94,14.57,14.99,15.51,0.31,0.32,14.46,0.22
2905,PGC002905,80,3,263,5,15.17,14.53,14.17,13.85,14.33,0.15,0.17,14.12,0.45
2909,ESO295-010,73,3,490,17,,,,12.70,13.34,,0.28,,
2914,UGC00510,80,3,257,5,14.86,14.32,13.99,14.31,14.81,0.33,0.34,13.93,0.38
2928,UGC00511,84,3,265,5,15.33,14.78,14.51,14.73,15.33,0.34,0.37,14.40,0.39
2934,UGC00513,60,4,414,19,15.52,14.71,14.26,14.15,14.79,0.16,0.18,14.09,0.16
2949,NGC0271,47,6,482,14,12.38,11.55,11.11,11.07,11.79,0.49,0.60,11.00,0.00
2964,PGC002964,85,3,181,12,15.47,14.95,14.67,14.82,15.35,0.19,0.19,14.55,0.49
2976,ESO295-013,60,4,160,20,,,,13.81,14.38,,0.19,,
3020,UGC00525,55,4,209,5,14.71,14.12,13.78,14.07,14.83,0.43,0.49,13.67,0.12
3023,UGC00523,74,4,601,19,,,,12.51,13.16,,0.30,,
3024,UGC00526,77,3,190,10,16.32,15.96,15.74,,,0.23,,15.71,0.23
3027,PGC003027,87,2,343,9,15.56,15.00,14.67,,,0.19,,14.60,0.75
3031,UGC00527,57,4,114,5,15.52,15.17,14.96,15.78,16.67,0.31,0.31,14.93,0.07
3062,PGC003062,78,3,144,11,15.08,14.66,14.44,15.07,15.94,0.32,0.38,14.34,0.17
3072,UGC00533,74,3,267,6,15.19,14.67,14.30,14.63,15.02,0.31,0.30,14.19,0.29
3076,NGC0280,62,4,559,12,13.86,13.15,12.77,12.62,13.11,0.33,0.30,12.66,0.13
3081,UGC00536,63,4,219,13,15.75,15.09,14.70,15.20,15.64,0.27,0.27,14.59,0.18
3084,PGC003084,72,3,298,20,15.54,14.85,14.43,13.75,13.84,0.12,0.14,14.31,0.17
3108,UGC00540,57,4,230,10,13.94,13.53,13.33,13.53,13.89,0.20,0.21,13.25,0.16
3109,PGC003109,65,4,100,5,15.30,14.87,14.61,,,0.27,,14.57,0.19
3120,UGC00541,88,2,270,7,15.97,15.37,15.03,15.03,15.53,0.26,0.25,14.94,0.66
3133,UGC00542,88,2,366,5,14.05,13.29,12.82,12.69,13.33,0.28,0.28,12.71,0.82
3137,PGC003137,60,5,201,9,15.12,14.61,14.33,14.70,15.22,0.15,0.19,14.28,0.16
3147,UGC00544,90,1,369,6,15.10,14.32,13.88,13.30,13.77,0.44,0.40,13.82,0.97
3156,PGC003156,72,3,261,18,15.05,14.43,14.06,14.34,14.96,0.27,0.28,13.96,0.30
3157,UGC00546,72,3,205,10,15.56,15.08,14.84,15.41,15.86,0.29,0.31,14.76,0.18
3159,ESO474-039,84,3,310,19,,,,13.23,13.64,,0.25,,
3165,ESO351-018,75,3,274,18,,,,14.42,15.12,,0.27,,
3166,PGC003166,51,4,160,18,14.82,14.38,14.12,14.53,14.97,0.19,0.19,14.05,0.11
3174,PGC003174,85,2,405,19,14.96,14.11,13.66,13.06,13.44,0.16,0.14,13.55,0.11
3184,PGC003184,73,3,281,18,15.21,14.60,14.23,14.42,15.04,0.21,0.26,14.11,0.31
3207,PGC003207,82,3,232,17,15.40,14.97,14.71,15.12,15.73,0.35,0.34,14.63,0.29
3210,IC1599,81,3,551,16,,,,13.56,13.94,,0.22,,
3218,UGC00549,88,2,220,18,,,,15.31,15.87,,0.32,,
3219,IC1596,71,3,220,5,14.16,13.70,13.38,13.74,14.28,0.30,0.28,13.29,0.25
3222,UGC00557,70,3,248,9,14.76,14.34,14.08,14.33,14.85,0.29,0.30,13.98,0.24
3230,UGC00551,77,3,190,20,16.46,15.95,15.66,15.95,16.57,0.28,0.29,15.48,0.24
3235,UGC00556,83,3,362,6,14.56,13.73,13.28,12.44,12.74,0.20,0.17,13.17,0.33
3238,NGC300,53,4,140,19,,,,8.26,8.87,,4.42,,
3239,UGC00552,71,3,285,18,,,,14.16,14.74,,0.29,,
3247,UGC00561,55,6,369,5,14.33,13.68,13.20,13.76,14.52,0.31,0.28,13.09,0.15
3250,NGC0298,74,3,193,8,14.00,13.55,13.31,13.66,14.18,0.29,0.31,13.15,0.23
3252,ESO541-001,67,4,406,13,,,,12.57,13.16,,0.38,,
3260,UGC00562,75,3,452,6,13.04,12.26,11.80,11.55,12.08,0.40,0.41,11.68,0.21
3268,UGC00569,52,4,376,20,15.59,14.97,14.55,14.73,15.25,0.19,0.19,14.42,0.12
3274,UGC00565,77,3,243,5,15.01,14.45,14.13,14.30,14.97,0.31,0.36,14.02,0.32
3285,PGC003285,62,4,224,5,15.57,15.18,14.82,15.16,15.36,0.20,0.25,14.71,0.17
3289,PGC003289,78,3,381,20,,,,13.66,14.20,,0.18,,
3296,PGC003296,53,4,303,20,,,,14.22,14.65,,0.15,,
3325,PGC003325,59,4,334,19,15.52,14.89,14.53,14.53,15.08,0.13,0.17,14.42,0.17
3332,UGC00575,87,2,255,5,15.35,14.65,14.27,14.25,14.87,0.23,0.28,14.15,0.65
3335,PGC003335,50,4,268,20,,,,13.79,14.36,,0.19,,
3351,UGC00578,83,7,191,16,14.00,13.57,13.23,13.65,14.16,0.22,0.26,13.13,0.48
3363,UGC00576,54,4,254,18,,,,13.84,14.43,,0.27,,
3397,UGC00586,88,3,360,19,16.38,15.62,15.17,14.87,15.43,0.13,0.14,15.00,0.82
3404,PGC003404,52,4,211,17,15.21,14.69,14.37,,,0.11,,14.29,0.11
3420,UGC00591,61,4,186,5,14.91,14.52,14.30,14.84,15.42,0.21,0.22,14.22,0.15
3435,PGC003435,50,4,187,19,14.27,13.76,13.52,13.72,14.27,0.24,0.26,13.43,0.12
3440,PGC003440,49,6,169,5,15.54,15.04,14.75,15.00,15.64,0.18,0.21,14.64,0.10
3446,PGC003446,57,4,204,12,14.60,13.96,13.60,13.62,14.22,0.18,0.19,13.47,0.14
3454,NGC0325,89,1,380,20,15.34,14.43,13.92,13.47,14.08,0.28,0.29,13.80,0.92
3456,UGC00598,74,3,418,9,14.02,13.13,12.66,12.64,13.30,0.30,0.30,12.53,0.10
3462,NGC0327,64,4,410,17,13.89,13.16,12.77,,,0.28,,12.65,0.17
3466,PGC003466,58,4,179,11,15.38,14.86,14.57,14.76,15.30,0.16,0.19,14.46,0.16
3468,PGC003468,57,4,222,20,15.06,14.63,14.40,14.82,15.43,0.21,0.21,14.35,0.14
3472,PGC003472,88,2,223,17,15.70,15.23,14.97,15.27,15.64,0.27,0.30,14.86,0.53
3493,PGC003493,54,6,275,18,15.05,14.38,14.03,14.03,14.60,0.21,0.21,13.93,0.14
3503,UGC00604,90,1,202,19,16.91,16.53,16.19,,,0.26,,16.00,0.48
3526,ESO541-004,66,4,271,10,,,,12.27,12.84,,0.61,,
3528,UGC00608,81,7,195,5,,,,15.13,15.72,,0.31,,
3543,ESO541-005,67,11,152,11,,,,15.35,15.85,,0.39,,
3554,ESO351-028,75,3,198,20,,,,14.35,14.88,,0.32,,
3559,UGC00614,59,4,190,5,14.13,13.62,13.34,13.73,14.31,0.32,0.35,13.25,0.15
3563,UGC00615,55,4,345,6,14.35,13.57,13.14,13.10,13.64,0.13,0.18,12.96,0.08
3569,UGC00619,88,2,395,15,16.48,15.75,15.30,14.64,15.14,0.23,0.23,15.15,0.78
3572,NGC0337,51,4,225,10,11.85,11.41,11.20,11.43,11.82,0.55,0.55,11.01,0.12
3591,PGC003591,60,4,287,9,15.48,15.05,14.82,,,0.12,,14.75,0.18
3603,UGC00622,52,4,247,16,,,,12.51,13.01,,0.28,,
3606,IC0066,73,3,352,5,14.53,13.80,13.40,13.24,13.80,0.19,0.21,13.28,0.28
3610,NGC0340,71,3,363,20,14.12,13.57,13.27,13.09,13.49,0.19,0.20,13.09,0.28
3611,NGC0338,74,3,516,5,13.05,12.28,11.88,11.61,12.15,0.33,0.33,11.77,0.21
3635,IC0065,78,3,332,12,,,,11.69,12.20,,0.51,,
3636,UGC00627,53,4,437,20,14.98,14.26,13.84,13.79,14.35,0.17,0.19,13.73,0.10
3639,UGC00628,58,4,219,5,15.35,14.86,14.69,15.08,15.93,0.33,0.37,14.62,0.10
3643,UGC00631,88,2,311,5,15.41,14.85,14.53,14.60,15.29,0.34,0.31,14.46,0.62
3662,PGC003662,53,4,201,12,14.48,13.79,13.43,13.30,13.76,0.12,0.15,13.36,0.10
3664,UGC00633,81,3,383,5,14.41,13.80,13.45,13.41,13.94,0.27,0.29,13.33,0.47
3667,UGC00634,68,4,132,5,14.77,14.41,14.21,14.34,14.58,0.48,0.61,14.13,0.11
3668,PGC003668,65,4,321,7,15.65,15.04,14.69,14.52,14.97,0.11,0.15,14.59,0.23
3688,UGC00637,62,4,134,9,15.59,15.19,14.99,15.53,16.53,0.30,0.34,14.96,0.10
3701,NGC0352,76,3,538,13,13.11,12.32,11.87,11.79,12.43,0.41,0.40,11.79,0.25
3709,UGC00640,53,4,319,72,15.14,14.43,14.03,,,0.15,,13.93,0.09
3713,PGC003713,75,3,222,11,15.81,15.14,14.79,,,0.07,,14.66,0.34
3714,NGC0353,78,3,304,14,14.26,13.52,13.12,13.10,13.63,0.20,0.21,13.05,0.40
3717,PGC003717,63,4,280,8,15.01,14.68,14.40,14.27,14.64,0.11,0.14,14.35,0.20
3738,PGC003738,80,3,220,20,14.92,14.60,14.42,14.66,15.19,0.18,0.19,14.36,0.39
3743,NGC0360,86,2,361,17,,,,11.61,12.19,,0.64,,
3754,NGC0356,56,4,363,20,13.47,12.67,12.23,12.12,12.65,0.34,0.32,12.03,0.06
3763,NGC0354,61,4,222,5,13.92,13.28,12.91,12.55,12.99,0.17,0.16,12.82,0.11
3764,UGC00644,73,3,403,15,14.94,14.36,13.97,13.80,14.28,0.23,0.19,13.89,0.30
3773,UGC00646,76,3,367,20,14.19,13.35,12.87,12.85,13.45,0.23,0.27,12.72,0.24
3779,UGC00649,65,4,559,16,14.93,14.12,13.68,,,0.19,,13.58,0.17
3781,UGC00651,76,3,192,18,15.56,15.13,14.89,15.29,15.86,0.26,0.28,14.83,0.23
3787,UGC00653,87,2,258,7,15.85,15.32,15.00,15.05,15.66,0.26,0.26,14.91,0.52
3789,UGC00656,59,4,126,7,15.31,14.87,14.61,15.03,15.64,0.19,0.22,14.57,0.12
3821,UGC00659,83,3,198,5,15.24,14.92,14.75,,,0.23,,14.70,0.43
3824,UGC00642,70,3,438,17,,,,13.36,13.83,,0.22,,
3832,PGC003832,48,6,159,16,14.53,14.07,13.82,14.21,14.83,0.27,0.29,13.76,0.09
3834,ESO295-032,79,3,240,18,,,,14.13,14.77,,0.31,,
7197,UGC01394,65,4,486,18,,,,12.28,12.94,,0.46,,
3851,PGC003851,50,4,292,17,14.70,14.01,13.63,13.70,14.30,0.21,0.21,13.52,0.11
3855,PGC003855,87,2,148,14,15.26,14.70,14.37,14.90,15.44,0.41,0.37,14.14,0.38
3866,UGC00669,84,3,264,14,15.15,14.30,13.82,13.41,13.88,0.37,0.31,13.68,0.58
3893,PGC003893,59,4,180,20,15.34,14.66,14.28,14.32,14.91,0.13,0.17,14.19,0.17
3903,UGC00673,74,3,277,5,15.32,14.85,14.55,15.00,15.57,0.26,0.26,14.45,0.25
3908,PGC003908,90,1,165,6,15.58,14.72,14.25,13.59,14.14,0.19,0.19,14.10,0.97
3912,UGC00676,58,4,418,19,15.21,14.59,14.23,14.36,14.89,0.10,0.16,14.18,0.16
3914,UGC00677,51,4,346,5,15.15,14.38,13.96,,,0.18,,13.84,0.10
3924,PGC003924,54,4,151,5,15.04,14.59,14.37,14.73,15.31,0.14,0.17,14.27,0.13
3936,PGC003936,54,4,299,19,15.77,15.23,14.93,15.04,15.63,0.13,0.16,14.86,0.14
3942,PGC003942,50,4,211,18,15.27,14.62,14.29,14.57,15.26,0.22,0.22,14.12,0.11
3945,ESO295-036,88,2,342,17,,,,14.13,14.75,,0.27,,
3950,UGC00679,86,3,181,8,16.16,15.65,15.42,15.70,16.43,0.31,0.45,15.31,0.29
3971,ESO352-006,56,4,234,20,,,,13.68,14.12,,0.15,,
3974,UGC685,64,7,68,5,13.79,13.34,13.10,,,0.47,,13.00,0.15
3980,NGC0406,76,3,228,13,,,,12.31,12.88,,0.61,,
3990,UGC00690,51,4,307,16,,,,12.86,13.43,,0.42,,
3992,UGC00691,79,3,469,10,15.57,14.84,14.41,,,0.19,,14.28,0.42
3993,ESO352-007,64,4,517,20,,,,13.35,13.94,,0.26,,
4016,PGC004016,45,6,127,5,15.26,14.90,14.67,,,0.17,,14.59,0.09
4017,UGC00698,76,3,519,5,15.00,14.25,13.84,,,0.19,,13.77,0.30
4020,UGC00697,60,8,308,25,14.38,13.60,13.18,13.21,13.79,0.29,0.29,13.08,0.12
4029,UGC00699,82,3,146,7,17.46,17.01,16.88,,,0.17,,16.81,0.24
4048,PGC004048,66,4,421,19,14.98,14.27,13.89,13.83,14.40,0.17,0.19,13.77,0.21
4052,PGC004052,51,4,234,19,,,,13.98,14.60,,0.18,,
4056,PGC004056,53,4,295,19,15.48,14.80,14.40,14.42,15.01,0.14,0.17,14.30,0.13
4059,UGC00709,70,3,243,8,15.66,15.24,15.01,,,0.24,,14.98,0.23
4063,UGC00711,90,1,191,5,14.13,13.69,13.44,13.77,14.17,0.88,1.10,13.40,0.41
4067,UGC00710,81,3,493,5,15.22,14.53,14.11,,,0.27,,14.00,0.47
4094,PGC004094,88,2,252,19,15.07,14.60,14.37,,,0.13,,14.33,0.82
4101,ESO296-002,66,4,274,20,,,,13.01,13.58,,0.26,,
4110,UGC00714,48,6,221,5,14.13,13.52,13.20,13.38,13.93,0.30,0.31,13.08,0.10
4116,UGC00717,62,4,545,10,14.10,13.35,12.93,12.91,13.52,0.32,0.29,12.81,0.13
4136,UGC00721,79,3,277,5,15.43,14.84,14.51,,,0.18,,14.45,0.42
4142,UGC00722,59,4,165,5,15.16,14.91,14.64,15.28,16.05,0.43,0.46,14.60,0.08
4143,PGC004143,56,6,142,14,14.61,14.21,13.91,14.56,15.19,0.48,0.48,13.82,0.07
4148,UGC00723,89,1,232,7,15.43,14.85,14.49,14.70,15.60,0.40,0.44,14.40,0.50
4151,UGC00726,60,4,218,12,14.32,13.80,13.52,13.98,14.61,0.44,0.42,13.44,0.16
4168,UGC00725,82,3,303,17,14.41,13.79,13.43,13.42,13.91,0.45,0.41,13.30,0.44
4176,PGC004176,57,4,232,5,15.71,15.26,14.99,15.22,15.72,0.17,0.19,14.87,0.14
4180,ESO412-008,87,2,217,16,,,,14.80,15.36,,0.30,,
4184,UGC00728,55,4,245,9,14.05,13.65,13.45,13.68,14.25,0.36,0.37,13.34,0.13
4192,PGC004192,77,3,264,18,14.90,14.41,14.13,14.42,15.03,0.30,0.30,14.07,0.35
4206,PGC004206,87,2,184,18,16.34,15.87,15.56,15.88,16.39,0.22,0.22,15.47,0.47
4210,UGC00732,54,4,259,5,14.29,13.64,13.23,13.52,14.08,0.33,0.29,13.12,0.14
4222,PGC004222,64,5,422,12,14.04,13.11,12.58,12.33,12.97,0.46,0.47,12.22,0.21
4226,PGC004226,58,4,202,5,15.88,15.28,14.94,,,0.13,,14.86,0.17
4249,PGC004249,52,4,272,19,14.09,13.50,13.15,13.44,13.97,0.30,0.30,13.02,0.13
4264,UGC00747,84,3,257,123,15.67,15.20,14.91,,,0.17,,14.85,0.49
4278,PGC004278,88,2,357,5,15.81,15.28,14.90,14.53,14.97,0.23,0.20,14.82,0.79
4286,UGC00748,77,3,295,5,14.80,14.23,13.92,13.88,14.32,0.25,0.20,13.82,0.36
4321,PGC004321,55,4,209,18,15.28,14.63,14.28,14.46,14.99,0.12,0.15,14.17,0.15
4347,NGC0413,55,4,233,19,14.35,13.85,13.58,13.90,14.43,0.30,0.31,13.48,0.14
4365,ESO412-015,89,1,303,14,,,,13.70,14.20,,0.34,,
4387,UGC00764,90,1,211,12,16.66,16.11,15.77,16.22,16.86,0.22,0.27,15.68,0.58
4390,IC1647,69,3,278,18,,,,14.49,14.99,,0.20,,
4398,PGC004398,57,4,288,19,15.74,15.19,14.86,,,0.12,,14.74,0.15
4401,UGC00766,53,4,215,16,,,,15.01,15.40,,0.25,,
4424,PGC004424,59,4,318,6,14.80,14.41,14.14,14.30,14.62,0.14,0.18,14.07,0.18
4434,NGC0435,68,4,451,5,14.59,13.96,13.60,13.49,14.01,0.23,0.24,13.51,0.24
4440,IC1657,81,3,416,15,,,,11.90,12.42,,0.36,,
4443,UGC00784,60,4,288,18,14.60,14.05,13.74,13.91,14.43,0.20,0.20,13.66,0.18
4450,PGC004450,79,3,226,6,15.65,15.23,14.99,15.27,15.78,0.15,0.16,14.93,0.36
4451,UGC00780,87,2,437,20,,,,13.34,13.84,,0.22,,
4457,UGC00778,88,2,366,19,,,,14.07,14.59,,0.20,,
4473,UGC00783,58,4,323,17,14.40,13.78,13.44,13.53,14.16,0.32,0.31,13.27,0.17
4477,ESO412-021,80,3,360,11,,,,12.99,13.51,,0.22,,
4488,PGC004488,79,3,292,51,14.91,14.22,13.84,,,0.17,,13.76,0.41
4495,PGC004495,60,4,442,20,15.48,14.72,14.32,14.27,14.90,0.13,0.17,14.24,0.16
4509,PGC004509,72,3,259,7,14.86,14.37,14.08,14.29,14.84,0.22,0.24,14.01,0.29
4511,UGC00799,72,3,215,9,16.02,15.62,15.40,15.97,16.60,0.28,0.24,15.31,0.17
4516,PGC004516,56,4,159,18,15.09,14.54,14.13,14.55,15.09,0.28,0.26,14.02,0.15
4538,PGC004538,46,6,131,11,15.64,15.10,14.76,,,0.09,,14.67,0.10
4539,UGC00805,69,4,172,5,16.41,16.07,19.94,16.31,17.64,0.60,0.22,18.84,0.13
4540,NGC0450,51,4,164,6,12.37,12.03,11.89,12.40,13.00,0.71,0.65,11.83,0.11
4547,PGC004547,67,6,130,14,14.65,14.08,13.62,13.86,14.58,0.19,0.19,13.49,0.23
4549,UGC00808,52,4,453,6,13.91,13.32,12.95,12.92,13.51,0.33,0.34,12.85,0.11
4556,PGC004556,81,3,269,13,15.97,15.44,15.11,,,0.19,,15.02,0.39
4561,NGC0444,81,3,249,5,14.63,14.08,13.79,14.00,14.86,0.45,0.44,13.68,0.34
4563,UGC00809,86,2,296,6,14.87,14.29,13.98,13.90,14.41,0.30,0.37,13.87,0.56
4571,PGC004571,69,3,391,18,,,,13.73,14.34,,0.18,,
4585,UGC00819,88,2,86,12,16.85,16.44,16.15,16.54,16.71,0.29,0.34,16.07,0.36
4588,PGC004588,73,3,383,17,14.54,13.80,13.39,13.29,13.91,0.22,0.22,13.25,0.30
4593,PGC004593,53,4,350,19,15.10,14.34,13.81,,,0.18,,13.61,0.10
4596,NGC0452,74,3,459,5,13.48,12.63,12.16,11.94,12.46,0.43,0.37,12.03,0.28
4599,ESO412-023,80,3,132,17,,,,15.43,16.24,,0.34,,
4607,PGC004607,52,5,200,12,15.40,15.03,14.77,15.05,15.59,0.17,0.18,14.70,0.12
4619,UGC00824,82,3,470,18,14.43,13.59,13.14,13.04,13.69,0.21,0.28,13.04,0.43
4650,UGC00825,90,1,290,17,,,,14.40,15.09,,0.31,,
4654,UGC00826,54,4,187,20,14.38,14.02,13.80,14.15,14.53,0.27,0.25,13.69,0.13
4655,UGC00828,75,3,410,11,15.48,14.69,14.27,14.24,14.91,0.14,0.19,14.16,0.35
4661,ESO352-036,75,3,178,18,,,,14.73,15.41,,0.26,,
4672,UGC00833,53,4,286,5,13.58,13.03,12.70,12.94,13.56,0.43,0.42,12.62,0.13
4734,UGC00847,90,1,266,5,15.93,15.34,15.01,15.00,15.42,0.37,0.37,14.94,0.73
4735,UGC00841,82,3,282,5,15.01,14.38,14.05,14.06,14.61,0.28,0.35,13.93,0.45
4740,PGC004740,71,5,98,7,15.71,15.18,14.89,14.75,15.30,0.08,0.10,14.80,0.24
4763,UGC00852,81,3,368,9,15.58,14.78,14.30,13.70,14.17,0.16,0.18,14.07,0.48
4766,PGC004766,68,4,262,9,14.88,14.43,14.15,14.24,14.76,0.14,0.18,14.06,0.25
4767,UGC00854,70,3,209,19,15.88,15.37,15.07,15.34,15.87,0.19,0.23,15.01,0.22
4774,PGC004774,52,4,217,19,15.60,15.06,14.77,14.89,15.40,0.15,0.18,14.65,0.13
4777,NGC0470,58,4,368,5,12.24,11.62,11.28,11.28,11.81,0.59,0.46,11.21,0.12
4791,UGC00860,50,4,143,5,14.95,14.52,14.29,14.69,15.19,0.22,0.23,14.24,0.10
4799,NGC0491A,69,3,226,16,,,,13.86,14.28,,0.49,,
4805,UGC00866,78,3,125,11,15.15,14.80,14.58,15.53,15.93,0.37,0.37,14.52,0.17
4840,PGC004840,67,4,208,5,14.85,14.34,14.03,14.37,14.93,0.21,0.22,13.91,0.23
4851,PGC004851,55,4,264,7,15.43,14.95,14.70,14.97,15.44,0.19,0.20,14.61,0.14
4856,UGC00876,90,1,219,6,16.43,15.87,15.56,15.75,16.18,0.31,0.29,15.49,0.53
4868,UGC00877,88,2,338,16,15.72,14.93,14.46,,,0.21,,14.32,0.82
4873,UGC00885,72,3,198,19,15.94,15.45,15.18,15.59,16.39,0.22,0.27,15.13,0.19
4876,IC1675,76,3,332,50,14.31,13.54,13.10,13.09,13.70,0.17,0.18,12.98,0.20
4877,UGC00884,54,4,370,5,16.04,15.05,14.50,,,0.20,,14.23,0.13
4894,ESO352-050,88,2,317,19,,,,14.11,14.58,,0.38,,
4896,UGC00890,79,3,319,5,13.85,13.33,12.99,13.11,13.72,0.41,0.40,12.93,0.41
4898,UGC00889,58,4,225,5,15.54,15.03,14.72,15.03,15.46,0.20,0.21,14.59,0.14
4909,PGC004909,81,3,245,19,,,,14.18,14.69,,0.18,,
4911,PGC004911,67,4,201,17,15.17,14.70,14.44,14.86,15.55,0.25,0.28,14.38,0.19
4912,ESO476-005,78,3,477,18,13.56,12.83,12.40,12.34,12.89,0.44,0.47,12.35,0.39
4913,UGC00891,78,3,103,5,14.40,14.02,13.76,14.46,15.26,0.70,0.61,13.71,0.17
4915,NGC0477,57,4,322,11,13.57,13.03,12.71,12.81,13.37,0.42,0.43,12.61,0.15
4916,IC1681,63,4,188,5,14.68,14.38,14.21,14.78,15.18,0.23,0.25,14.16,0.15
4918,UGC00896,81,3,166,20,16.21,15.61,15.32,15.92,16.32,0.24,0.29,15.26,0.26
4919,PGC004919,59,4,238,5,15.47,15.12,14.92,15.29,15.85,0.14,0.17,14.88,0.15
4920,PGC004920,71,3,262,7,14.83,14.26,13.94,13.91,14.40,0.14,0.18,13.86,0.28
4921,NGC0485,79,3,200,5,13.80,13.26,12.96,13.14,13.59,0.36,0.34,12.85,0.41
4928,UGC00899,60,4,327,5,15.02,14.42,14.04,14.30,14.78,0.22,0.20,13.94,0.18
4947,UGC00904,66,4,424,20,14.73,13.97,13.57,13.55,14.13,0.18,0.22,13.44,0.21
4948,UGC00903,88,2,347,5,14.07,13.20,12.70,11.64,12.04,0.34,0.23,12.52,0.58
4957,NGC0489,85,2,383,9,13.25,12.50,12.08,12.14,12.79,0.20,0.21,12.00,0.34
4971,UGC00909,51,4,238,18,,,,13.75,14.33,,0.34,,
4979,NGC0493,80,3,254,7,12.65,12.24,12.00,12.29,12.86,0.82,0.74,11.94,0.38
4985,UGC00913,63,4,269,9,14.64,14.00,13.64,13.48,13.94,0.10,0.14,13.55,0.17
4988,PGC004988,86,2,185,5,15.47,14.98,14.78,15.01,15.71,0.31,0.39,14.65,0.36
4992,NGC0497,65,4,532,11,13.38,12.65,12.28,12.27,12.86,0.45,0.44,12.17,0.19
4995,PGC004995,54,4,140,11,15.32,14.93,14.67,,,0.12,,14.60,0.13
5008,IC1683,59,5,382,27,14.03,13.28,12.83,12.73,13.30,0.25,0.23,12.73,0.02
5020,UGC00918,70,3,286,13,15.56,15.05,14.74,,,0.20,,14.65,0.27
5024,UGC00923,84,3,380,5,15.89,15.25,14.84,14.87,15.40,0.21,0.21,14.76,0.53
5032,PGC005032,75,3,194,12,15.20,14.74,14.49,14.83,15.42,0.20,0.19,14.36,0.30
5035,NGC0494,73,3,490,14,13.32,12.48,12.01,11.91,12.55,0.45,0.44,11.88,0.08
5041,PGC005041,77,4,175,5,16.03,15.59,15.26,15.74,16.17,0.19,0.19,15.15,0.26
5043,PGC005043,79,3,194,16,14.98,14.40,14.13,13.80,14.22,0.16,0.16,14.06,0.43
5051,ESO352-062,89,1,589,20,,,,13.34,13.90,,0.41,,
5061,NGC0496,57,4,283,6,14.02,13.40,13.07,13.15,13.63,0.35,0.34,12.94,0.16
5067,UGC00931,86,2,121,13,15.71,15.32,15.12,15.76,16.38,0.24,0.29,15.05,0.28
5072,PGC005072,63,6,84,6,14.86,14.51,14.32,14.93,15.28,0.27,0.29,14.24,0.11
5088,UGC00940,55,4,275,7,14.93,14.48,14.21,14.47,14.93,0.23,0.24,14.13,0.14
5132,NGC0512,82,3,524,5,13.95,13.04,12.54,12.28,12.90,0.29,0.34,12.41,0.42
5138,PGC005138,60,4,161,5,15.95,15.45,15.20,,,0.12,,15.06,0.16
5139,NGC0514,51,4,241,5,12.21,11.67,11.35,11.63,12.23,0.76,0.71,11.28,0.12
5147,IC0101,61,4,183,20,14.72,14.07,13.71,13.97,14.59,0.27,0.28,13.58,0.18
5149,PGC005149,67,4,285,20,,,,14.13,14.69,,0.22,,
5150,UGC00948,76,3,157,8,16.93,16.51,16.24,16.60,17.29,0.25,0.29,16.09,0.16
5174,NGC0513,60,4,522,13,13.65,12.95,12.57,12.35,12.74,0.15,0.17,12.45,0.00
5181,UGC00955,86,2,265,5,15.62,15.14,14.86,15.00,15.57,0.27,0.28,14.75,0.45
5187,PGC005187,62,4,204,15,15.12,14.75,14.49,15.05,15.58,0.31,0.26,14.44,0.15
5189,UGC00961,85,3,341,9,15.66,14.91,14.50,,,0.17,,14.42,0.62
5194,UGC00958,88,2,156,5,15.30,14.93,14.74,15.43,16.11,0.35,0.38,14.59,0.34
5198,UGC00964,86,2,210,5,14.88,14.38,14.12,14.43,14.96,0.24,0.24,14.04,0.51
5218,NGC0522,88,2,378,13,13.60,12.66,12.14,11.88,12.48,0.54,0.44,11.98,0.45
5220,UGC00971,90,1,109,5,17.52,17.20,17.23,17.55,18.56,0.23,0.36,17.20,0.58
5226,PGC005226,54,4,339,20,15.38,14.74,14.37,14.30,14.88,0.14,0.16,14.25,0.13
5242,PGC005242,55,4,141,5,15.91,15.53,15.30,,,0.23,,15.25,0.09
5260,UGC00975,56,4,252,19,14.90,14.28,13.88,14.14,14.72,0.20,0.22,13.76,0.15
5264,NGC0532,80,3,371,5,12.96,12.03,11.52,11.35,11.99,0.70,0.58,11.35,0.33
5270,UGC00985,76,3,536,7,14.59,13.82,13.36,13.18,13.79,0.30,0.33,13.25,0.35
5284,UGC00987,79,3,369,5,13.80,13.04,12.60,12.48,13.04,0.25,0.28,12.48,0.40
5291,UGC00998,84,3,139,5,16.25,15.91,15.69,,,0.24,,15.64,0.28
5294,UGC00994,64,4,280,6,16.01,15.33,14.94,15.06,15.65,0.20,0.22,14.72,0.20
5321,IC1702,52,4,231,5,14.07,13.44,13.11,13.24,13.86,0.32,0.33,12.94,0.13
5327,UGC01000,79,3,223,18,,,,14.73,15.09,,0.25,,
5328,IC0112,55,4,268,9,14.25,13.80,13.53,13.61,14.01,0.20,0.21,13.45,0.14
5330,UGC01011,79,5,116,5,16.46,16.15,15.97,16.87,17.88,0.23,0.25,15.91,0.19
5341,PGC005341,86,2,236,18,13.33,12.85,12.57,12.84,13.44,0.58,0.60,12.49,0.50
5344,NGC0536,73,3,502,7,12.88,12.10,11.69,11.66,12.32,0.57,0.53,11.58,0.27
5360,NGC0542,79,3,304,20,15.24,14.50,14.13,14.13,14.77,0.19,0.27,14.03,0.42
5375,ESO476-010,73,6,117,14,,,,15.01,15.92,,0.47,,
5378,PGC005378,56,4,274,20,,,,14.19,14.80,,0.25,,
5382,UGC01020,74,3,240,6,14.56,13.88,13.50,13.68,14.22,0.24,0.27,13.23,0.30
5389,IC0116,56,4,221,17,14.50,14.11,13.92,14.28,14.81,0.20,0.22,13.86,0.14
5399,PGC005399,59,4,207,8,15.19,14.60,14.27,,,0.13,,14.16,0.16
5404,ESO353-002,63,4,208,13,,,,14.96,15.52,,0.27,,
5406,PGC005406,56,4,360,9,15.25,14.73,14.39,14.33,14.85,0.17,0.19,14.28,0.15
5411,IC1704,46,6,245,5,14.09,13.68,13.42,,,0.20,,13.35,0.09
5440,UGC01033,87,2,335,5,14.04,13.49,13.14,13.12,13.72,0.46,0.42,13.04,0.62
5450,NGC0551,69,4,372,11,13.68,13.01,12.61,12.66,13.26,0.36,0.37,12.50,0.25
5453,UGC01037,73,3,183,20,15.29,14.48,14.04,13.89,14.40,0.24,0.24,13.90,0.30
5457,UGC01035,62,4,414,19,14.63,13.85,13.41,13.21,13.79,0.22,0.23,13.15,0.16
5473,UGC01045,79,3,306,5,14.88,14.32,13.96,14.05,14.66,0.25,0.30,13.87,0.36
5479,UGC01050,80,3,139,5,16.28,15.75,15.45,15.71,16.27,0.28,0.43,15.23,0.19
5498,PGC005498,89,1,289,19,15.04,14.38,14.03,13.80,14.31,0.32,0.35,13.95,0.90
5518,UGC01054,90,1,172,5,16.50,16.06,15.85,16.37,16.86,0.23,0.23,15.77,0.41
5527,UGC01057,76,3,344,5,14.53,13.99,13.65,13.61,14.20,0.24,0.24,13.56,0.36
5534,UGC01060,78,3,235,18,15.71,15.24,14.98,15.45,16.21,0.20,0.20,14.91,0.30
5551,PGC005551,69,6,230,5,14.95,14.53,14.31,14.43,14.90,0.10,0.15,14.23,0.26
5552,PGC005552,53,4,231,5,15.33,14.86,14.63,14.86,15.33,0.15,0.18,14.52,0.13
5555,UGC01065,70,3,269,5,15.17,14.78,14.53,,,0.36,,14.39,0.19
5563,UGC01066,84,3,158,5,16.83,16.36,16.11,16.62,17.50,0.30,0.26,16.03,0.25
5578,PGC005578,77,3,247,20,15.66,15.15,14.86,14.92,15.36,0.17,0.18,14.78,0.37
5579,UGC01068,54,4,335,15,13.29,12.69,12.32,12.35,12.97,0.38,0.39,12.19,0.13
5581,IC0127,89,2,345,19,13.90,13.08,12.55,12.25,12.82,0.23,0.30,12.47,0.71
5591,PGC005591,60,4,274,20,14.40,13.97,13.73,13.86,14.40,0.14,0.17,13.67,0.18
5596,UGC01075,83,3,105,5,16.03,15.57,15.36,16.06,16.56,0.23,0.26,15.33,0.23
5600,UGC01073,51,4,147,5,14.46,14.02,13.78,14.32,14.94,0.48,0.48,13.61,0.08
5613,PGC005613,65,4,437,20,15.27,14.60,14.18,13.95,14.36,0.13,0.16,14.06,0.18
5617,ESO476-016,60,4,325,18,,,,13.23,13.93,,0.29,,
5619,NGC0578,55,6,256,10,,,,11.02,11.56,,0.85,,
5623,PGC005623,74,3,264,20,15.99,15.50,15.16,15.21,15.89,0.17,0.19,15.05,0.29
5636,PGC005636,83,3,271,7,15.48,14.92,14.61,,,0.20,,14.56,0.54
5643,IC1711,89,2,378,5,14.02,13.05,12.47,11.93,12.50,0.44,0.35,12.28,0.82
5645,UGC01083,62,4,288,5,14.27,13.70,13.39,13.52,14.22,0.21,0.21,13.31,0.20
5656,PGC005656,72,3,490,19,15.03,14.15,13.65,13.41,14.05,0.17,0.20,13.41,0.22
5668,PGC005668,67,4,350,5,15.71,15.16,14.82,,,0.13,,14.73,0.25
5676,UGC01086,76,6,195,6,15.08,14.63,14.39,14.68,15.37,0.19,0.29,14.32,0.28
5688,NGC0585,89,2,470,14,13.54,12.70,12.22,11.86,12.43,0.45,0.46,12.13,0.54
5691,NGC0579,47,6,193,5,13.50,12.93,12.61,12.63,13.16,0.30,0.30,12.51,0.09
5702,NGC0582,78,3,445,6,13.68,12.92,12.49,12.24,12.81,0.40,0.40,12.38,0.39
5716,UGC01096,76,3,378,5,15.48,14.82,14.41,14.37,14.88,0.16,0.17,14.27,0.36
5746,NGC0587,74,3,427,5,,,,12.38,13.00,,0.48,,
5751,PGC005751,69,3,344,15,14.59,13.83,13.35,13.27,13.84,0.26,0.27,13.02,0.26
5760,UGC01039,75,3,416,18,,,,12.79,13.39,,0.26,,
5761,UGC01104,57,4,67,5,14.06,13.65,13.41,14.13,14.74,0.34,0.33,13.30,0.07
5769,NGC0594,70,4,296,15,,,,12.87,13.27,,0.20,,
5773,PGC005773,56,4,203,18,14.79,14.44,14.28,14.67,15.12,0.19,0.20,14.23,0.14
5792,UGC01110,82,3,198,7,14.71,14.16,13.86,14.38,14.96,0.46,0.50,13.76,0.29
5794,UGC01112,73,3,130,5,14.55,14.09,13.82,14.40,15.09,0.29,0.32,13.78,0.22
5795,PGC005795,73,3,169,12,16.04,15.71,15.52,,,0.10,,15.44,0.26
5799,UGC01114,70,3,339,5,15.26,14.67,14.33,14.38,14.94,0.22,0.24,14.22,0.27
5810,UGC01118,80,3,248,5,14.17,13.65,13.33,13.76,14.29,0.58,0.47,13.28,0.35
5818,M33,57,4,175,5,,,,5.64,6.48,,12.36,,
5866,PGC005866,90,1,326,20,,,,13.82,14.32,,0.27,,
5879,UGC01124,74,3,328,15,15.34,14.50,14.00,13.53,14.19,0.34,0.42,13.45,0.32
5884,UGC01130,87,2,371,6,15.34,14.64,14.26,,,0.22,,14.19,0.72
5886,PGC005886,55,4,147,8,,,,15.92,16.55,,0.16,,
5896,NGC625,78,3,71,13,,,,11.10,11.74,,1.28,,
5897,NGC0615,73,3,369,16,12.10,11.37,10.99,11.07,11.67,0.42,0.39,10.93,0.24
5903,ESO476-027,53,4,211,18,,,,15.09,15.87,,0.36,,
5916,UGC01132,69,3,321,19,14.79,14.16,13.80,13.74,14.38,0.32,0.34,13.57,0.24
5934,PGC005934,87,2,329,20,16.15,15.74,15.48,15.85,16.39,0.20,0.29,15.43,0.33
5945,UGC01144,69,3,219,5,15.28,14.82,14.58,15.01,15.96,0.37,0.37,14.50,0.16
5952,PGC005952,59,4,412,18,,,,13.55,13.92,,0.23,,
5954,UGC01146,89,1,155,6,16.65,16.23,15.98,16.61,17.03,0.22,0.20,15.84,0.42
5964,ESO353-026,75,3,337,16,,,,13.08,13.61,,0.34,,
5986,UGC01152,59,4,305,6,14.81,14.28,13.98,14.06,14.55,0.18,0.20,13.90,0.18
6006,UGC01154,49,6,257,11,14.40,13.92,13.64,13.77,14.29,0.14,0.18,13.54,0.11
6029,UGC01159,75,3,214,9,15.46,15.04,14.82,,,0.17,,14.75,0.34
6030,ESO114-001,72,3,330,20,,,,13.69,14.25,,0.24,,
6044,ESO297-016,82,3,320,10,,,,13.54,14.03,,0.36,,
6045,UGC01160,90,1,319,20,15.41,14.60,14.15,13.77,14.32,0.39,0.40,14.05,0.92
6048,PGC006048,71,3,173,15,14.75,14.34,14.08,,,0.31,,14.03,0.25
6054,PGC006054,59,4,195,19,15.42,14.93,14.59,14.45,14.89,0.11,0.15,14.52,0.17
6057,UGC01141,67,4,337,19,,,,14.09,14.78,,0.19,,
6059,NGC0634,83,3,471,8,,,,11.95,12.61,,0.37,,
6074,UGC01165,86,2,409,6,15.68,15.04,14.65,14.45,14.94,0.24,0.25,14.52,0.65
6105,NGC0639,81,3,406,17,,,,13.56,13.99,,0.18,,
6108,PGC006108,90,1,216,17,16.08,15.67,15.39,15.95,16.28,0.40,0.34,15.36,0.48
6137,PGC006137,49,6,174,6,15.76,15.32,15.08,15.57,16.15,0.20,0.20,15.00,0.09
6138,PGC006138,76,3,131,5,,,,15.01,15.61,,0.23,,
6147,UGC01172,86,2,192,5,15.11,14.53,14.25,14.35,14.85,0.24,0.26,14.13,0.58
6161,ESO413-016,81,3,530,20,,,,12.32,12.93,,0.47,,
6162,ESO413-017,87,2,209,16,,,,16.37,16.82,,0.36,,
6169,NGC0649,72,3,318,18,15.00,14.38,14.07,14.15,14.74,0.21,0.20,14.01,0.31
6172,NGC0645,74,4,322,5,,,,12.47,13.08,,0.55,,
6173,UGC01173,83,3,265,20,,,,15.55,15.99,,0.28,,
6189,UGC01178,90,1,367,5,,,,12.64,13.03,,0.41,,
6190,PGC006190,80,3,170,10,14.66,14.26,14.06,14.71,15.45,0.45,0.40,14.00,0.23
6193,UGC01181,89,1,282,9,16.54,16.06,15.76,15.64,16.10,0.20,0.20,15.64,0.64
6208,NGC0652,62,4,237,11,14.38,13.78,13.45,13.43,13.90,0.20,0.20,13.36,0.19
6209,PGC006209,49,6,311,5,14.84,14.26,13.91,13.78,14.27,0.11,0.15,13.78,0.10
6228,PGC006228,74,3,163,8,13.61,13.16,12.93,13.51,14.08,0.46,0.40,12.87,0.26
6235,IC1721,66,4,264,6,14.20,13.62,13.32,13.47,14.04,0.22,0.23,13.24,0.23
6246,PGC006246,84,3,305,10,15.71,15.09,14.73,14.46,14.97,0.17,0.20,14.61,0.57
6249,NGC2573,70,3,217,19,,,,13.00,13.57,,0.42,,
6257,ESO413-023,87,2,284,20,,,,14.27,14.84,,0.31,,
6263,UGC01189,72,3,223,7,15.33,14.91,14.70,15.05,15.48,0.23,0.25,14.65,0.23
6275,NGC0658,63,4,313,5,12.86,12.30,11.99,12.10,12.62,0.37,0.33,11.91,0.20
6289,PGC006289,75,3,334,12,,,,12.77,13.27,,0.20,,
6290,NGC0653,85,2,615,19,,,,12.61,13.27,,0.30,,
6292,UGC01195,82,3,119,5,13.37,13.04,12.87,13.61,14.30,0.75,0.66,12.76,0.22
6294,UGC01197,84,3,178,5,14.87,14.45,14.20,14.76,15.16,0.43,0.43,14.08,0.28
6302,UGC01199,72,3,349,5,15.56,15.01,14.68,14.72,15.31,0.17,0.17,14.60,0.29
6309,UGC01200,57,4,120,5,13.77,13.36,13.13,13.65,14.37,0.38,0.39,13.05,0.11
6319,IC1722,76,3,201,12,,,,14.21,14.69,,0.43,,
6329,UGC01204,84,3,270,6,15.16,14.57,14.24,14.20,14.79,0.28,0.31,14.18,0.51
6332,IC1723,82,3,438,5,13.76,12.98,12.52,12.32,12.90,0.47,0.43,12.40,0.51
6335,PGC006335,54,4,268,20,15.99,15.37,15.00,,,0.11,,14.81,0.14
6338,PGC006338,54,4,331,20,,,,13.71,14.29,,0.21,,
6358,UGC01209,71,3,275,20,14.24,13.43,12.98,12.86,13.38,0.32,0.26,12.89,0.23
6364,UGC01211,54,4,150,5,15.14,14.61,14.29,15.40,15.94,0.48,0.33,14.18,0.08
6377,UGC01218,64,4,319,8,15.25,14.74,14.43,14.59,15.12,0.19,0.19,14.35,0.21
6380,UGC01219,63,4,368,5,13.60,12.92,12.56,12.53,13.12,0.23,0.23,12.45,0.15
6398,PGC006398,81,3,152,22,,,,14.34,14.88,,0.17,,
6434,UGC01224,90,1,442,20,16.28,15.46,15.00,14.45,15.08,0.25,0.24,14.89,0.96
6437,PGC006437,79,7,67,11,15.63,15.20,14.99,,,0.12,,14.82,0.35
6438,PGC006438,84,3,167,10,15.22,14.88,14.71,14.77,15.22,0.19,0.19,14.57,0.45
6443,UGC01228,64,4,189,5,14.61,13.89,13.11,13.75,14.68,0.79,0.57,12.98,0.16
6454,UGC01235,56,4,224,5,14.78,14.26,13.98,14.18,14.78,0.22,0.26,13.92,0.15
6459,UGC01233,55,4,297,7,14.67,14.14,13.84,14.03,14.55,0.24,0.23,13.72,0.14
6473,UGC01234,52,5,255,5,,,,14.47,15.04,,0.31,,
6475,UGC01237,79,3,374,5,14.57,13.68,13.15,12.91,13.41,0.28,0.26,12.97,0.43
6485,UGC01239,55,4,206,8,15.01,14.58,14.32,14.64,15.28,0.24,0.24,14.25,0.13
6500,UGC01240,77,3,122,5,15.01,14.71,14.58,15.32,15.79,0.21,0.26,14.54,0.19
6502,NGC0668,51,4,279,14,,,,12.63,13.18,,0.24,,
6505,IC0159,57,4,224,12,13.80,13.37,13.15,13.50,13.99,0.33,0.35,13.10,0.15
6528,UGC01244,80,3,183,5,15.54,15.07,14.82,15.20,15.59,0.31,0.37,14.64,0.23
6546,NGC0671,72,3,387,5,14.14,13.42,13.03,12.89,13.45,0.20,0.20,12.93,0.24
6560,NGC0669,84,3,748,19,,,,11.32,11.96,,0.56,,
6573,UGC01253,72,6,432,6,14.94,14.20,13.75,13.53,14.04,0.23,0.20,13.57,0.29
6574,IC1727,73,3,123,5,12.13,11.77,11.52,12.19,12.80,1.63,1.42,11.39,0.14
6580,UGC01255,52,4,207,5,15.15,14.61,14.28,14.56,15.21,0.25,0.26,14.12,0.11
6586,PGC006586,53,4,338,5,15.37,14.81,14.46,14.32,14.76,0.16,0.18,14.25,0.13
6587,NGC0690,50,4,187,18,14.56,14.27,14.08,,,0.29,,14.06,0.11
7183,PGC007183,75,3,51,5,15.97,15.59,15.36,,,0.19,,15.31,0.17
6595,NGC0672,71,3,199,5,11.20,10.72,10.38,10.89,11.53,1.47,1.41,10.25,0.23
6607,UGC01257,68,4,324,19,,,,13.79,14.45,,0.20,,
6627,UGC01261,85,2,299,7,15.12,14.30,13.84,13.46,13.96,0.33,0.29,13.72,0.63
6628,UGC01262,55,4,199,5,15.53,15.02,14.63,14.53,15.07,0.25,0.43,14.53,0.12
6636,UGC01264,87,2,223,8,16.05,15.48,15.15,15.31,15.84,0.23,0.25,15.05,0.54
6645,PGC006645,64,4,109,20,14.55,13.78,13.35,,,0.24,,13.18,0.21
6654,UGC01268,77,3,257,7,14.78,13.87,13.36,13.09,13.73,0.25,0.26,13.12,0.36
6675,IC0163,68,4,219,5,13.54,12.97,12.68,12.85,13.45,0.42,0.43,12.53,0.23
6678,UGC01278,62,4,305,19,15.42,14.80,14.43,14.52,15.00,0.22,0.22,14.28,0.20
6686,PGC006686,88,2,341,20,,,,13.12,13.59,,0.26,,
6687,UGC01279,71,3,277,20,15.11,14.45,14.03,13.91,14.42,0.19,0.20,13.87,0.27
6690,NGC0678,89,1,497,5,12.73,11.78,11.24,11.05,11.69,0.55,0.49,11.08,0.55
6699,UGC1281,90,1,108,5,13.22,12.75,12.24,13.24,13.77,1.50,1.20,12.16,0.42
6703,PGC006703,80,3,164,17,,,,14.50,14.99,,0.34,,
6716,UGC01287,52,4,100,5,16.54,16.02,15.79,,,0.29,,15.64,0.06
6722,ESO477-009,54,4,320,18,,,,13.94,14.33,,0.20,,
6728,UGC01289,52,4,151,5,15.30,14.84,14.55,14.95,15.34,0.29,0.29,14.46,0.10
6735,PGC006735,74,3,329,18,14.72,14.16,13.84,13.87,14.41,0.21,0.19,13.78,0.33
6741,UGC01296,85,2,247,18,15.32,14.74,14.43,14.46,15.11,0.24,0.27,14.36,0.56
6750,UGC01294,52,4,81,5,16.25,15.83,15.54,15.78,16.47,0.29,0.31,15.36,0.06
6756,IC1731,52,4,212,5,13.93,13.35,13.11,13.29,13.79,0.36,0.39,12.98,0.12
6759,NGC0684,86,2,472,5,12.83,11.94,11.50,11.24,11.88,0.43,0.47,11.35,0.58
6779,ESO414-007,89,1,201,17,,,,16.02,16.68,,0.33,,
6790,PGC006790,58,4,149,5,15.20,14.74,14.54,14.57,15.00,0.09,0.12,14.47,0.16
6793,NGC0691,53,4,316,5,12.31,11.56,11.14,11.19,11.89,0.70,0.71,11.01,0.11
6798,NGC0699,86,3,365,13,,,,13.31,13.77,,0.26,,
6814,IC1736,79,3,261,11,14.93,14.38,14.10,14.15,14.70,0.25,0.27,14.02,0.39
6817,UGC01312,80,3,267,8,14.80,14.20,13.83,13.81,14.36,0.26,0.26,13.68,0.43
6826,NGC0701,67,4,248,8,12.42,11.82,11.48,11.48,11.95,0.51,0.42,11.43,0.23
6827,UGC01314,70,3,166,5,15.49,15.02,14.76,15.29,15.95,0.34,0.34,14.64,0.14
6837,PGC006837,51,4,195,12,14.49,14.11,13.89,14.43,14.99,0.34,0.33,13.85,0.11
6848,NGC0697,75,3,435,5,12.31,11.60,11.16,10.87,11.39,0.71,0.57,11.01,0.33
6851,UGC01316,69,4,212,5,,,,15.56,16.23,,0.21,,
6863,UGC01323,76,3,181,5,16.50,16.14,15.96,16.47,16.79,0.25,0.24,15.86,0.16
7193,PGC007193,61,4,196,9,15.38,14.74,14.35,,,0.12,,14.24,0.18
6864,PGC006864,81,3,175,12,15.04,14.68,14.49,15.12,15.75,0.38,0.37,14.45,0.21
6865,UGC01319,48,6,241,13,,,,13.18,13.74,,0.22,,
6872,UGC01324,53,4,417,5,14.12,13.46,13.06,13.00,13.49,0.25,0.24,12.93,0.10
6884,PGC006884,59,4,240,7,15.63,15.11,14.86,15.02,15.73,0.15,0.18,14.78,0.15
6889,UGC01329,89,5,196,5,15.15,14.73,14.46,15.27,15.65,0.58,0.50,14.39,0.41
6893,UGC01328,54,4,235,5,14.29,13.79,13.52,13.79,14.38,0.32,0.30,13.43,0.13
6903,PGC006903,74,3,180,19,,,,14.82,15.30,,0.23,,
6905,UGC01337,77,3,217,5,16.04,15.67,15.50,15.81,16.45,0.23,0.27,15.41,0.21
6912,ESO543-020,68,4,613,19,,,,12.72,13.28,,0.41,,
6921,UGC01331,60,4,241,18,,,,14.12,14.70,,0.30,,
6966,PGC006966,88,2,517,7,13.59,12.85,12.41,11.75,12.01,0.55,0.40,12.34,0.61
6982,NGC0716,72,3,381,5,13.57,12.85,12.46,11.95,12.33,0.27,0.24,12.36,0.18
6996,IC1742,50,4,302,19,15.13,14.49,14.13,14.04,14.56,0.18,0.18,13.96,0.10
7013,PGC007013,66,4,236,19,15.76,15.20,14.84,14.96,15.44,0.11,0.15,14.67,0.23
7022,UGC01362,46,6,146,19,16.65,16.12,15.84,,,0.20,,15.76,0.08
7031,PGC007031,52,4,169,19,,,,13.90,14.43,,0.18,,
7039,UGC01365,70,3,240,9,14.34,14.00,13.84,14.12,14.60,0.27,0.28,13.80,0.24
7055,PGC007055,57,7,133,18,,,,16.11,16.56,,0.17,,
7066,UGC01366,78,3,412,20,,,,12.81,13.47,,0.36,,
7072,UGC01373,78,3,219,20,15.21,14.51,14.13,14.17,14.73,0.30,0.26,14.05,0.40
7073,UGC01372,69,3,281,8,15.00,14.40,14.06,14.10,14.60,0.20,0.19,13.96,0.26
7087,PGC007087,62,4,184,19,15.30,14.72,14.36,14.58,15.31,0.19,0.19,14.28,0.19
7088,UGC01377,87,2,214,5,16.18,15.68,15.39,15.94,16.57,0.24,0.24,15.31,0.37
7096,UGC01383,88,2,288,19,15.68,14.89,14.47,14.12,14.71,0.28,0.27,14.36,0.82
7097,NGC0721,52,4,275,15,,,,13.02,13.65,,0.42,,
7098,NGC0722,71,3,409,5,13.53,13.04,12.64,12.80,13.30,0.28,0.22,12.49,0.24
7104,UGC01384,81,3,186,5,16.25,15.79,15.47,,,0.30,,15.38,0.31
7114,UGC01386,86,2,156,5,15.64,14.78,14.30,,,0.22,,14.16,0.64
7123,PGC007123,58,4,175,19,,,,14.29,14.80,,0.25,,
7124,UGC01380,53,4,155,19,,,,15.14,15.83,,0.19,,
7125,PGC007125,52,4,228,19,,,,13.66,14.25,,0.19,,
7135,PGC007135,54,4,218,19,15.11,14.42,14.02,14.25,14.89,0.19,0.21,13.94,0.14
7138,UGC01381,72,3,244,19,,,,14.80,15.71,,0.28,,
7140,UGC01387,57,4,174,17,,,,14.83,15.41,,0.24,,
7145,PGC007145,80,5,400,19,,,,13.92,14.59,,0.19,,
7150,UGC01391,89,2,391,5,15.03,14.22,13.75,13.25,13.74,0.31,0.28,13.58,0.89
7221,PGC007221,63,4,237,20,16.07,15.54,15.23,15.43,15.97,0.13,0.17,15.14,0.19
7222,PGC007222,78,3,178,5,15.60,15.02,14.71,14.75,15.32,0.17,0.18,14.61,0.38
7223,UGC01400,88,2,909,49,,,,11.05,11.75,,0.27,,
7229,IC1748,51,4,232,8,14.69,14.24,13.93,13.97,14.47,0.21,0.25,13.85,0.12
7243,UGC01410,90,1,359,5,15.25,14.47,14.03,13.36,13.78,0.30,0.26,13.93,0.98
7244,ESO477-016,90,1,227,12,,,,13.96,14.52,,0.25,,
7246,UGC01408,62,4,351,19,15.20,14.52,14.10,14.11,14.75,0.22,0.24,13.98,0.19
7247,UGC01378,58,4,496,17,,,,10.58,11.18,,0.90,,
7248,PGC007248,75,5,60,5,15.54,15.31,15.13,,,0.22,,15.09,0.16
7254,UGC01405,88,2,247,19,,,,15.11,15.90,,0.38,,
7259,NGC0748,68,4,473,16,13.07,12.40,12.02,12.17,12.77,0.38,0.39,11.96,0.23
7262,NGC0755,74,3,219,9,12.78,12.36,12.14,12.50,13.08,0.52,0.43,12.10,0.30
7263,UGC01404,58,4,212,18,,,,14.71,15.35,,0.31,,
7281,UGC01417,90,1,304,10,16.78,16.32,15.99,15.90,16.68,0.24,0.24,15.91,0.61
7282,NGC0735,71,3,425,5,,,,12.63,13.24,,0.34,,
7285,UGC01419,60,4,212,5,15.92,15.47,15.21,15.59,16.32,0.23,0.25,15.08,0.12
7287,PGC007287,57,4,191,19,,,,14.51,15.16,,0.23,,
7292,UGC01420,61,5,277,18,,,,13.60,14.17,,0.19,,
7300,UGC01416,61,4,368,13,,,,13.72,14.24,,0.20,,
7304,PGC007304,54,4,302,19,14.58,13.82,13.38,13.56,14.26,0.17,0.18,13.28,0.10
7306,IC0176,81,3,292,10,14.44,13.85,13.53,13.63,14.19,0.35,0.32,13.47,0.42
7316,NGC0740,81,4,324,10,14.55,13.81,13.41,13.28,13.86,0.34,0.34,13.30,0.48
7324,PGC007324,83,3,152,8,,,,14.95,15.46,,0.62,,
7327,PGC007327,56,4,94,6,15.57,15.24,15.05,15.34,15.85,0.15,0.24,14.87,0.08
7328,IC1756,89,1,385,13,15.10,14.38,13.95,13.35,13.83,0.33,0.26,13.88,0.92
7333,UGC01422,67,4,315,7,14.48,13.74,13.36,13.51,14.02,0.18,0.20,13.26,0.24
7341,IC1755,81,3,546,20,14.53,13.68,13.22,,,0.24,,13.11,0.29
7354,PGC007354,52,4,155,5,15.65,15.31,15.12,15.94,16.54,0.20,0.21,15.05,0.07
7366,NGC0747,64,4,386,13,14.05,13.39,13.03,13.00,13.54,0.19,0.20,12.97,0.16
7377,PGC007377,50,4,209,5,14.73,14.27,14.01,14.21,14.75,0.19,0.21,13.93,0.12
7384,PGC007384,86,2,165,7,16.51,16.10,15.87,,,0.16,,15.80,0.47
7385,PGC007385,52,4,197,12,13.88,13.45,13.22,13.66,14.30,0.38,0.40,13.17,0.11
7393,IC1762,76,3,371,13,,,,13.34,13.85,,0.38,,
7396,UGC01441,85,2,378,20,,,,13.56,14.16,,0.28,,
7399,NGC0746,56,4,114,8,,,,13.14,13.66,,0.39,,
7406,UGC01444,89,1,301,5,14.88,14.16,13.76,13.62,14.16,0.33,0.26,13.66,0.86
7411,UGC01446,79,3,267,5,14.39,14.10,13.93,14.35,14.92,0.35,0.32,13.89,0.31
7420,UGC01448,80,3,343,7,14.79,14.14,13.77,13.78,14.30,0.30,0.28,13.70,0.45
7441,UGC01452,90,1,183,5,16.27,15.87,15.62,16.17,16.72,0.31,0.33,15.46,0.41
7442,PGC007442,71,3,267,5,14.97,14.26,13.88,,,0.17,,13.81,0.29
7452,ESO354-021,76,3,165,20,,,,14.60,15.17,,0.31,,
7465,NGC0768,71,5,356,11,13.80,13.28,12.97,13.13,13.73,0.35,0.32,12.91,0.29
7472,UGC01423,75,3,367,16,,,,11.91,12.46,,0.27,,
7478,UGC01461,88,2,256,19,15.73,15.05,14.66,14.52,15.03,0.29,0.24,14.57,0.79
7504,UGC01459,89,1,362,20,,,,13.26,13.83,,0.38,,
7519,UGC01465,87,2,501,20,16.20,15.35,14.85,14.38,14.99,0.15,0.17,14.71,0.70
7521,PGC007521,68,4,151,16,14.96,14.44,14.16,,,0.14,,14.00,0.25
7533,UGC01468,62,5,199,5,15.10,14.50,14.16,14.50,15.21,0.33,0.36,14.05,0.15
7537,NGC0769,57,4,290,9,13.68,13.08,12.76,12.69,13.13,0.25,0.24,12.67,0.13
7540,PGC007540,73,3,199,5,15.06,14.54,14.30,14.65,15.26,0.24,0.25,14.19,0.25
7544,NGC0779,78,3,351,7,11.51,10.82,10.43,10.56,11.15,0.51,0.57,10.38,0.31
7545,UGC01470,89,1,214,5,15.86,15.21,14.91,15.04,15.57,0.29,0.32,14.80,0.58
7547,PGC007547,53,4,318,12,13.65,13.04,12.71,12.74,13.32,0.26,0.27,12.66,0.11
7556,IC0182,48,6,126,5,14.25,13.66,13.36,13.52,14.06,0.24,0.24,13.25,0.10
7562,PGC007562,86,2,273,15,15.65,14.84,14.41,13.97,14.46,0.21,0.19,14.21,0.67
7564,PGC007564,56,6,196,20,,,,14.73,15.23,,0.21,,
7574,UGC01481,74,3,348,19,15.53,14.90,14.54,14.54,15.16,0.16,0.18,14.48,0.33
7587,PGC007587,72,3,200,19,15.90,15.23,14.88,15.04,15.59,0.15,0.17,14.72,0.29
7594,UGC01479,80,3,432,10,14.50,13.61,13.10,,,0.26,,12.91,0.21
7596,UGC01484,87,2,172,6,16.68,16.39,16.18,16.88,17.47,0.21,0.25,16.11,0.31
7602,UGC01485,64,4,298,7,14.16,13.44,13.04,12.98,13.43,0.27,0.29,12.87,0.19
7604,PGC007604,50,4,298,5,14.53,13.87,13.51,13.39,13.90,0.16,0.18,13.40,0.09
7613,UGC01490,76,3,160,11,14.61,14.24,14.04,,,0.13,,13.90,0.37
7637,UGC01495,57,4,252,5,15.44,15.03,14.75,15.07,15.61,0.17,0.18,14.68,0.14
7646,UGC01493,71,3,346,19,,,,12.43,12.94,,0.33,,
7649,UGC01498,58,4,257,5,14.42,13.82,13.49,13.55,14.09,0.20,0.20,13.35,0.16
7650,PGC007650,69,4,170,29,,,,15.02,15.53,,0.18,,
7653,PGC007653,49,7,191,5,15.24,14.72,14.43,,,0.12,,14.26,0.11
7663,UGC01500,87,2,156,5,15.82,15.15,14.82,15.03,15.72,0.29,0.27,14.63,0.43
7667,UGC01502,71,4,118,5,16.58,16.17,15.98,15.84,17.16,0.30,0.72,15.90,0.12
7671,NGC784,86,2,83,5,12.07,11.69,11.51,12.20,12.83,1.53,1.35,11.41,0.28
7706,UGC01510,63,4,178,25,14.41,13.75,13.40,,,0.17,,13.27,0.21
7714,PGC007714,48,6,173,12,,,,13.49,13.93,,0.29,,
7742,ESO414-025,71,3,370,18,,,,12.96,13.55,,0.37,,
7750,UGC01519,84,6,113,5,16.22,15.78,15.51,15.94,16.52,0.40,0.48,15.37,0.25
7757,ESO153-011,82,3,408,19,,,,13.33,13.89,,0.26,,
7770,UGC01531,77,3,388,8,15.10,14.32,13.87,13.64,14.17,0.25,0.25,13.76,0.38
7775,PGC007775,71,3,374,19,15.79,15.01,14.59,14.21,14.72,0.15,0.17,14.37,0.27
7776,PGC007776,68,4,350,5,15.37,14.71,14.35,14.26,14.81,0.15,0.18,14.23,0.25
7800,UGC01536,70,3,327,19,15.21,14.53,14.16,14.14,14.69,0.20,0.20,13.99,0.28
7806,PGC007806,90,1,248,11,14.40,13.99,13.73,14.02,14.49,0.75,0.61,13.69,0.46
7812,IC0194,89,1,488,5,14.55,13.76,13.29,12.98,13.52,0.28,0.28,13.21,0.88
7819,UGC01538,58,4,112,5,16.12,15.60,15.36,15.99,16.93,0.24,0.25,15.21,0.08
7824,UGC01540,63,4,168,6,,,,15.85,16.77,,0.29,,
7833,UGC01537,89,1,463,18,,,,13.28,13.79,,0.32,,
7839,UGC01553,60,4,183,5,15.29,14.79,14.55,15.00,15.36,0.24,0.26,14.47,0.13
7842,PGC007842,86,2,363,20,15.58,14.75,14.29,14.09,14.66,0.17,0.18,14.18,0.67
7843,PGC007843,50,4,205,13,14.90,14.22,13.86,,,0.21,,13.70,0.09
7847,NGC0801,85,4,459,16,,,,11.88,12.35,,0.49,,
7849,NGC0803,72,3,253,5,12.75,12.22,11.89,12.09,12.62,0.54,0.50,11.80,0.29
7853,UGC01548,62,4,359,19,,,,13.87,14.42,,0.21,,
7856,IC0196,72,3,374,5,13.23,12.47,12.04,12.05,12.62,0.43,0.49,11.93,0.30
7864,UGC01560,51,4,305,6,14.67,13.95,13.56,13.26,13.73,0.14,0.18,13.31,0.10
7875,IC0197,67,4,268,16,14.08,13.57,13.28,,,0.21,,13.22,0.23
7900,PGC007900,73,3,152,13,13.48,13.22,13.05,13.87,14.36,0.88,0.77,13.01,0.15
7902,UGC01565,69,3,183,5,15.31,15.00,14.84,15.42,15.78,0.28,0.32,14.72,0.13
7905,NGC0811,63,4,146,10,14.93,14.70,14.58,15.42,16.05,0.20,0.21,14.55,0.11
7917,UGC01572,82,3,296,5,14.11,13.49,13.11,13.05,13.58,0.33,0.28,12.97,0.51
7930,PGC007930,56,4,369,5,14.71,14.09,13.73,13.67,14.25,0.22,0.25,13.48,0.15
7933,UGC01567,88,2,543,18,,,,13.23,13.77,,0.27,,
7939,PGC007939,63,4,323,19,15.51,14.92,14.57,14.67,15.19,0.19,0.19,14.47,0.20
7944,UGC01575,90,1,190,5,16.76,16.24,15.95,16.34,16.87,0.30,0.44,15.81,0.45
7945,PGC007945,50,4,164,18,,,,14.02,14.55,,0.18,,
7951,UGC01580,80,3,465,18,14.46,13.65,13.20,12.78,13.24,0.29,0.25,13.05,0.35
7960,UGC01576,89,1,157,5,16.40,15.90,15.62,16.00,16.90,0.24,0.28,15.51,0.41
7962,PGC007962,49,6,195,6,15.08,14.54,14.24,14.38,14.91,0.16,0.19,14.05,0.11
7963,PGC007963,66,4,278,5,,,,14.74,15.34,,0.14,,
7966,UGC01584,73,3,304,5,15.39,14.80,14.47,14.57,15.07,0.27,0.28,14.30,0.28
7970,PGC007970,59,4,285,9,,,,14.39,14.92,,0.15,,
7972,UGC01581,90,1,330,5,,,,12.74,13.18,,0.29,,
7977,UGC01587,77,3,228,108,14.47,13.81,13.45,,,0.25,,13.35,0.38
7981,PGC007981,52,4,176,5,15.37,14.90,14.71,,,0.28,,14.60,0.10
7991,UGC01578,88,2,431,18,,,,13.56,14.09,,0.23,,
7995,PGC007995,74,3,360,13,14.24,13.52,13.09,,,0.26,,13.03,0.30
8003,UGC01589,49,6,482,19,15.09,14.32,13.92,,,0.15,,13.79,0.06
8005,PGC008005,58,4,207,7,15.68,15.09,14.73,,,0.17,,14.59,0.16
8011,IC0198,59,4,372,10,,,,13.45,13.97,,0.19,,
8026,IC0199,68,4,467,8,,,,13.42,14.04,,0.25,,
8035,UGC01595,66,4,261,5,14.93,14.37,14.06,,,0.27,,13.95,0.22
8039,IC1779,47,6,254,5,15.02,14.29,13.89,,,0.10,,13.80,0.08
8056,UGC01600,89,1,346,17,15.81,15.10,14.73,,,0.32,,14.67,0.87
8066,NGC0812,80,3,435,16,,,,11.99,12.48,,0.40,,
8075,UGC01605,86,5,213,5,,,,15.00,15.59,,0.14,,
8078,UGC01601,89,1,254,18,,,,14.57,15.26,,0.28,,
8082,UGC01602,89,1,178,16,,,,15.81,15.80,,0.30,,
8101,IC0202,83,3,435,5,,,,13.51,14.04,,0.26,,
8104,PGC008104,66,4,168,15,15.67,15.36,15.27,,,0.17,,15.11,0.19
8120,UGC01607,77,3,472,14,13.92,13.04,12.58,12.35,12.90,0.30,0.33,12.40,0.28
8127,UGC01609,83,3,496,20,,,,12.86,13.26,,0.22,,
8131,UGC01622,70,3,347,7,14.63,13.97,13.60,,,0.27,,13.47,0.26
8132,UGC01612,57,8,312,19,,,,14.22,14.97,,0.20,,
8146,UGC01625,86,2,266,10,15.42,14.57,14.11,,,0.25,,13.96,0.65
8163,UGC01630,69,3,276,6,13.97,13.36,12.93,,,0.26,,12.81,0.25
8164,ESO298-010,76,3,203,20,,,,15.06,15.68,,0.25,,
8165,NGC0820,56,4,340,5,13.35,12.67,12.29,,,0.23,,12.17,0.11
8171,PGC008171,79,3,286,8,15.57,14.86,14.46,,,0.17,,14.18,0.43
8173,NGC0825,88,2,451,5,13.62,12.81,12.38,12.30,12.95,0.25,0.27,12.27,0.71
8175,PGC008175,65,4,242,5,15.49,14.96,14.69,,,0.14,,14.58,0.22
8185,NGC0818,72,3,448,19,,,,11.76,12.30,,0.41,,
8188,UGC01643,71,3,593,5,15.12,14.50,14.11,,,0.22,,14.04,0.28
8196,NGC0827,75,3,357,5,,,,12.11,12.41,,0.22,,
8198,UGC01638,60,4,208,5,15.25,14.69,14.37,,,0.25,,14.26,0.18
8200,IC0209,51,4,272,19,13.40,12.80,12.49,12.67,13.24,0.24,0.26,12.44,0.10
8205,UGC01647,80,5,155,5,16.53,16.17,15.88,,,0.26,,15.81,0.24
8207,UGC01646,80,3,195,5,14.42,13.99,13.72,14.03,14.67,0.42,0.53,13.65,0.26
8217,UGC01642,89,1,160,19,,,,16.43,17.00,,0.33,,
8220,UGC01648,60,4,341,7,14.19,13.49,13.10,,,0.19,,12.96,0.15
8223,ESO478-006,52,4,383,10,,,,11.95,12.35,,0.28,,
8232,IC0210,83,3,268,8,13.19,12.49,12.09,11.70,12.18,0.49,0.32,12.04,0.51
8235,PGC008235,62,4,264,20,15.81,15.09,14.71,,,0.11,,14.50,0.18
8237,UGC01650,90,1,221,19,,,,15.44,15.94,,0.19,,
8245,UGC01652,65,4,252,5,14.77,14.26,13.96,,,0.29,,13.76,0.22
8255,UGC01653,84,3,203,10,15.65,15.40,15.18,,,0.19,,15.12,0.42
8260,UGC01658,69,3,250,6,,,,14.30,14.82,,0.25,,
8261,PGC008261,49,6,306,18,,,,14.09,14.65,,0.18,,
8266,UGC01659,72,3,418,5,14.39,13.72,13.33,,,0.39,,13.20,0.29
8268,PGC008268,88,2,281,18,,,,13.69,14.05,,0.17,,
8281,UGC01663,61,4,207,5,14.63,14.24,14.03,,,0.29,,13.94,0.17
8293,NGC0840,59,4,437,7,13.84,13.16,12.77,12.87,13.47,0.31,0.30,12.65,0.16
8295,PGC008295,76,3,152,16,13.82,13.55,13.37,14.02,14.54,0.64,0.57,13.33,0.19
8301,UGC01660,53,4,210,20,,,,14.88,15.43,,0.20,,
8313,PGC008313,77,3,194,18,15.53,15.03,14.76,,,0.16,,14.71,0.37
8318,UGC01669,51,4,248,6,14.39,13.91,13.67,,,0.09,,13.57,0.10
8325,ESO478-011,89,1,248,18,,,,15.71,16.28,,0.27,,
8335,UGC01667,63,4,272,19,,,,15.49,16.30,,0.26,,
8350,PGC008350,84,3,255,5,15.51,14.87,14.52,,,0.23,,14.34,0.58
8351,UGC01673,79,3,244,18,,,,13.14,13.53,,0.19,,
8352,NGC0834,62,4,306,17,,,,11.98,12.36,,0.21,,
8353,UGC01677,90,1,98,15,17.66,17.42,17.28,,,0.20,,17.20,0.41
8355,PGC008355,68,4,129,10,15.63,15.15,14.84,,,0.21,,14.66,0.21
8360,IC0211,51,4,200,5,13.43,13.03,12.84,13.26,13.85,0.56,0.52,12.78,0.11
8362,UGC01675,80,5,215,49,14.73,14.08,13.78,,,0.25,,13.65,0.44
8365,UGC01674,54,4,213,19,,,,14.78,15.48,,0.23,,
8372,NGC0841,60,4,394,12,,,,11.90,12.50,,0.25,,
8379,UGC01683,87,2,300,11,16.34,15.62,15.19,,,0.24,,14.97,0.72
8388,NGC0854,69,3,428,18,,,,12.62,13.18,,0.35,,
8393,UGC01682,70,4,226,5,13.75,13.43,13.35,14.38,14.86,0.53,0.29,13.23,0.24
8396,UGC01685,81,3,420,7,,,,12.97,13.53,,0.23,,
8400,PGC008400,86,2,252,11,15.30,14.91,14.71,,,0.29,,14.67,0.46
8417,UGC01690,89,2,402,20,15.12,14.24,13.76,,,0.18,,13.60,0.47
8420,PGC008420,75,3,139,120,15.95,15.77,15.65,,,0.19,,15.64,0.19
8438,NGC0845,87,2,346,14,,,,12.27,12.77,,0.26,,
8450,PGC008450,81,3,154,10,16.29,15.97,15.76,,,0.13,,15.67,0.27
8452,UGC01700,86,3,180,5,16.21,15.78,15.52,,,0.23,,15.37,0.38
8453,ESO354-048,89,1,238,17,,,,15.05,15.54,,0.25,,
8470,PGC008470,55,4,323,19,,,,14.44,15.10,,0.20,,
8480,ESO544-027,89,1,250,15,,,,13.51,14.01,,0.23,,
8503,UGC01704,66,4,240,13,,,,14.66,15.22,,0.24,,
8518,UGC01709,61,4,248,7,15.88,15.31,14.90,,,0.14,,14.81,0.18
8520,UGC01706,74,3,250,6,14.60,13.92,13.53,,,0.31,,13.42,0.33
8527,IC0212,52,4,310,18,15.44,14.75,14.33,,,0.12,,14.16,0.11
8530,UGC01714,89,1,142,5,,,,16.73,17.30,,0.26,,
8531,PGC008531,79,3,363,20,15.53,14.65,14.17,,,0.21,,13.99,0.39
8535,UGC01711,74,3,143,5,15.90,15.37,15.09,15.63,16.09,0.24,0.25,14.95,0.19
8550,PGC008550,57,4,202,10,15.43,14.90,14.62,,,0.11,,14.48,0.16
8556,IC0213,48,6,489,5,13.80,13.05,12.64,,,0.37,,12.48,0.07
8566,IC0215,85,2,255,17,14.48,13.83,13.50,,,0.22,,13.44,0.58
8571,UGC01723,51,4,484,19,15.00,14.21,13.75,,,0.27,,13.56,0.06
8581,PGC008581,88,2,360,17,13.79,13.13,12.73,12.38,12.81,0.50,0.47,12.67,0.83
8599,UGC01726,81,3,342,5,14.55,13.95,13.61,13.46,13.88,0.31,0.29,13.47,0.46
8602,ESO544-030,52,4,129,6,,,,13.09,13.74,,0.45,,
8609,UGC01729,57,4,175,5,15.22,14.77,14.50,,,0.33,,14.35,0.12
8624,UGC01733,90,1,264,5,15.39,14.77,14.42,14.27,14.76,0.44,0.49,14.24,0.57
8629,NGC0872,74,3,325,18,,,,13.14,13.75,,0.42,,
8631,NGC0864,52,4,215,5,11.45,10.98,10.68,10.94,11.54,0.89,0.85,10.60,0.13
8635,UGC01741,73,3,323,8,14.92,14.30,13.94,,,0.19,,13.86,0.29
8642,UGC01739,80,3,244,5,14.88,14.51,14.33,,,0.21,,14.22,0.42
8648,ESO415-014,59,4,215,20,,,,14.48,14.90,,0.15,,
8652,NGC0861,79,3,508,6,,,,12.81,13.37,,0.29,,
8654,UGC01738,84,3,284,20,,,,14.71,15.21,,0.22,,
8662,IC1786,53,4,243,19,15.36,14.83,14.49,,,0.14,,14.41,0.13
8673,IC0217,87,2,208,6,13.46,13.00,12.73,12.97,13.48,0.58,0.50,12.69,0.58
8676,IC1784,60,4,438,5,13.85,13.09,12.65,,,0.32,,12.46,0.12
8678,NGC0865,81,3,271,5,13.69,13.07,12.72,,,0.33,,12.56,0.46
8685,UGC01750,78,3,388,6,14.82,14.17,13.79,,,0.24,,13.63,0.40
8686,PGC008686,49,6,207,12,14.72,14.36,14.18,,,0.25,,14.14,0.10
8691,UGC01753,75,3,125,7,15.21,14.73,14.49,,,0.29,,14.34,0.27
8696,PGC008696,80,4,230,17,,,,14.56,15.23,,0.24,,
8722,NGC0871,75,3,255,5,,,,12.55,12.97,,0.24,,
8729,PGC008729,69,5,284,16,15.41,14.90,14.51,,,0.17,,14.34,0.26
8739,UGC01761,48,6,135,5,,,,15.05,15.24,,0.35,,
8751,ESO544-033,88,2,250,19,,,,15.62,16.57,,0.27,,
8752,IC1790,84,5,210,5,15.29,14.67,14.30,,,0.22,,14.07,0.58
8754,PGC008754,88,2,187,18,15.43,14.84,14.54,14.58,15.16,0.35,0.39,14.48,0.49
8762,PGC008762,90,1,128,16,15.45,15.03,14.82,,,0.35,,14.78,0.64
8766,IC1789,88,3,438,8,14.16,13.26,12.75,12.39,12.97,0.35,0.38,12.57,0.74
8772,ESO355-004,54,5,189,13,,,,13.63,14.08,,0.30,,
8777,UGC01765,66,4,386,6,,,,13.95,14.46,,0.19,,
8778,PGC008778,59,4,295,6,15.19,14.53,14.19,,,0.12,,14.05,0.17
8786,UGC01769,64,4,374,17,,,,13.21,13.77,,0.27,,
8788,UGC01773,88,2,181,6,,,,13.63,14.12,,0.36,,
8821,UGC01777,60,4,177,7,15.70,15.18,14.87,,,0.26,,14.72,0.15
8822,NGC0881,59,4,408,19,12.90,12.20,11.82,11.88,12.49,0.44,0.48,11.75,0.10
8838,UGC01785,80,5,191,5,16.21,15.85,15.65,,,0.27,,15.58,0.26
8840,PGC008840,65,4,136,7,,,,15.54,16.06,,0.22,,
8844,UGC01782,79,5,242,18,,,,15.42,15.92,,0.26,,
8851,ESO545-002,70,3,135,8,,,,14.44,15.15,,0.54,,
8852,PGC008852,69,3,156,17,15.30,14.60,14.23,,,0.14,,14.09,0.27
8862,ESO545-003,89,1,129,12,,,,14.94,15.70,,0.32,,
8871,ESO298-028,64,4,437,17,,,,12.36,12.98,,0.45,,
8882,UGC01792,55,4,334,5,13.77,13.12,12.76,,,0.36,,12.60,0.13
8896,ESO545-005,83,3,251,11,,,,12.86,13.35,,0.37,,
8902,UGC01795,52,7,403,5,,,,14.48,15.18,,0.19,,
8908,PGC008908,78,3,257,14,15.43,14.84,14.52,,,0.17,,14.38,0.40
8913,UGC01803,89,1,156,5,14.83,14.37,14.10,14.62,15.08,0.64,0.48,13.98,0.45
8950,UGC01811,52,4,281,13,15.40,14.64,14.16,,,0.18,,13.83,0.11
8955,PGC008955,79,3,341,14,,,,13.07,13.48,,0.19,,
8956,UGC01814,59,5,217,5,,,,12.85,13.27,,0.46,,
8964,UGC01817,90,1,375,5,14.49,13.71,13.26,12.84,13.59,0.57,0.47,12.99,0.92
8969,IC1793,83,3,543,5,,,,12.50,13.04,,0.26,,
8974,NGC0895,48,6,254,5,11.99,11.53,11.27,11.64,12.25,0.78,0.70,11.23,0.11
8982,UGC01822,90,2,298,5,,,,13.39,13.86,,0.27,,
8984,UGC01820,87,2,215,5,,,,14.07,14.68,,0.36,,
9004,UGC01826,66,4,188,5,,,,14.64,15.10,,0.18,,
9016,UGC01834,66,4,147,6,15.40,15.11,15.00,,,0.22,,14.84,0.15
9028,UGC01839,90,1,142,18,15.05,14.57,14.32,,,0.58,,14.26,0.49
9031,NGC891,90,1,449,8,,,,8.19,8.62,,1.44,,
9048,PGC009048,59,4,332,6,,,,14.29,14.77,,0.18,,
9054,NGC0907,76,3,262,15,,,,12.29,12.80,,0.40,,
9057,NGC0908,69,3,377,11,,,,9.64,10.15,,1.12,,
9078,PGC009078,77,3,419,20,,,,14.17,14.75,,0.19,,
9083,PGC009083,81,3,510,14,14.34,13.98,13.51,13.26,13.64,0.26,0.31,13.46,0.45
9102,UGC01848,65,5,435,10,,,,13.87,14.53,,0.22,,
9115,UGC01845,71,3,235,17,,,,12.12,12.46,,0.13,,
9118,PGC009118,81,3,369,5,15.26,14.72,14.42,,,0.20,,14.34,0.48
9120,PGC009120,51,4,160,13,14.85,14.32,14.04,,,0.17,,13.92,0.12
9126,UGC01862,53,4,112,12,13.45,12.89,12.59,,,0.46,,12.53,0.13
9134,UGC01856,88,2,252,5,14.47,13.96,13.38,13.62,14.10,0.66,0.63,13.24,0.56
9136,UGC01857,75,3,261,5,,,,14.16,14.70,,0.37,,
9167,PGC009167,60,4,339,20,,,,14.04,14.61,,0.17,,
9170,PGC009170,81,3,306,5,15.74,15.05,14.62,,,0.17,,14.45,0.48
9173,UGC01871,58,4,548,5,14.53,13.65,13.15,,,0.14,,12.88,0.03
9183,PGC009183,81,3,495,20,15.53,14.66,14.18,,,0.18,,13.98,0.37
9186,UGC01867,88,2,279,17,15.12,14.45,14.08,14.13,14.53,0.43,0.43,13.91,0.63
9206,UGC01883,81,3,230,5,,,,14.77,15.41,,0.42,,
9214,PGC009214,53,5,234,5,15.12,14.40,14.03,,,0.19,,13.83,0.13
9236,NGC0918,53,4,243,5,,,,11.24,11.86,,0.77,,
9247,UGC01886,66,5,480,16,,,,12.04,12.61,,0.40,,
9248,PGC009248,55,4,246,19,14.71,14.17,13.91,,,0.17,,13.86,0.12
9253,NGC0914,53,4,338,12,,,,12.69,13.23,,0.31,,
9256,NGC0926,65,4,482,13,13.47,12.85,12.51,12.44,13.13,0.39,0.44,12.43,0.21
9266,PGC009266,61,4,283,18,,,,14.10,14.59,,0.18,,
9267,NGC0919,84,3,614,24,14.94,13.97,13.46,,,0.23,,13.24,0.21
9268,PGC009268,55,4,259,18,15.14,14.48,14.08,14.00,14.48,0.18,0.18,13.88,0.14
9272,PGC009272,75,3,180,9,14.30,13.95,13.76,14.31,15.04,0.68,0.59,13.72,0.19
9273,ESO479-004,64,4,182,13,,,,12.41,12.95,,0.55,,
9277,UGC01898,86,2,494,5,15.87,15.06,14.56,,,0.24,,14.31,0.67
9284,PGC009284,71,4,233,5,15.35,14.86,14.53,,,0.16,,14.39,0.29
9285,UGC01902,60,4,262,5,,,,14.61,15.30,,0.24,,
9286,UGC01903,83,3,473,20,,,,13.66,14.19,,0.24,,
9287,NGC0921,66,4,300,13,,,,14.02,14.73,,0.27,,
9296,PGC009296,71,4,198,20,15.72,15.18,14.89,15.34,15.86,0.16,0.18,14.75,0.26
9308,UGC01909,58,4,204,5,,,,14.52,15.25,,0.29,,
9309,PGC009309,67,4,394,7,14.90,14.17,13.74,,,0.17,,13.53,0.19
9314,UGC01910,80,3,319,5,,,,13.34,13.74,,0.35,,
9317,ESO479-006,90,1,189,15,,,,16.64,17.22,,0.22,,
9321,PGC009321,89,1,203,17,16.35,15.81,15.53,,,0.30,,15.48,0.51
9332,NGC925,56,4,198,5,,,,10.18,10.78,,1.96,,
9335,PGC009335,78,3,231,14,,,,14.78,15.28,,0.42,,
9347,UGC01923,71,7,106,5,16.37,16.10,15.94,,,0.22,,15.90,0.14
9354,PGC009354,79,5,144,17,,,,13.81,14.16,,0.43,,
9375,UGC01924,88,2,105,5,15.23,14.81,14.65,15.46,16.05,0.43,0.45,14.52,0.40
9376,UGC01934,84,3,525,5,15.18,14.48,14.08,,,0.28,,14.00,0.57
9382,PGC009382,52,4,287,17,15.28,14.58,14.17,,,0.18,,13.91,0.11
9393,UGC01928,88,2,514,13,,,,13.86,14.52,,0.38,,
9394,UGC01945,73,3,104,13,13.72,13.16,12.85,13.37,14.00,0.54,0.44,12.78,0.25
9398,UGC01938,81,3,384,5,14.93,14.22,13.78,,,0.25,,13.53,0.46
9399,NGC0931,79,3,433,5,13.32,12.53,12.07,10.99,10.81,0.50,0.26,11.89,0.03
9413,UGC01946,89,1,199,5,,,,15.37,16.11,,0.29,,
9414,NGC0941,51,4,143,7,12.78,12.35,12.13,12.53,13.14,0.50,0.53,12.07,0.10
9419,UGC01944,66,6,184,5,15.71,15.14,14.84,,,0.38,,14.68,0.17
9420,NGC0947,60,6,324,16,,,,12.35,12.89,,0.45,,
9432,IC1799,81,4,408,5,14.07,13.19,12.72,,,0.18,,12.51,0.35
9440,UGC01955,70,3,221,5,14.92,14.38,14.09,,,0.27,,13.91,0.27
9447,UGC01958,85,2,90,5,,,,15.56,16.06,,0.40,,
9465,NGC0933,75,3,481,17,14.01,13.03,12.56,12.41,13.06,0.42,0.33,12.35,0.34
9469,UGC01957,87,2,291,16,15.41,14.70,14.30,,,0.31,,13.98,0.72
9470,UGC01966,52,4,129,5,,,,12.94,13.53,,0.26,,
9475,UGC01965,88,2,289,5,14.94,14.06,13.58,13.16,13.71,0.39,0.35,13.36,0.82
9479,ESO479-009,48,6,167,20,,,,13.94,14.50,,0.23,,
9480,NGC0937,58,4,252,18,,,,13.97,14.57,,0.21,,
9501,PGC009501,68,4,210,18,15.12,14.56,14.24,14.30,14.78,0.19,0.23,14.07,0.25
9505,UGC01968,61,4,206,5,15.48,14.92,14.59,,,0.38,,14.39,0.15
9509,UGC01974,62,4,433,5,,,,13.88,14.51,,0.21,,
9510,UGC01970,88,2,220,5,14.75,14.00,13.57,13.53,14.03,0.46,0.49,13.37,0.61
9516,UGC01971,51,4,271,5,,,,13.15,13.67,,0.21,,
9526,UGC01975,83,3,157,8,,,,14.43,15.15,,0.25,,
9533,UGC01976,71,3,427,5,,,,13.27,13.92,,0.30,,
9549,NGC0955,84,3,327,10,12.49,11.71,11.28,11.29,11.92,0.36,0.39,11.21,0.49
9550,UGC01980,78,3,423,6,,,,12.12,12.61,,0.21,,
9551,ESO415-031,86,2,265,17,,,,14.12,14.61,,0.40,,
9560,NGC0958,75,3,570,10,12.64,11.94,11.54,11.17,11.66,0.48,0.46,11.47,0.27
9566,NGC0949,72,3,189,10,,,,11.43,11.97,,0.46,,
9573,PGC009573,60,4,263,19,15.18,14.51,14.14,14.16,14.71,0.14,0.18,13.94,0.17
9575,PGC009575,52,4,179,17,15.44,15.01,14.78,,,0.20,,14.73,0.12
9579,UGC01990,79,3,214,14,,,,13.61,14.12,,0.19,,
9590,UGC01988,78,3,324,12,,,,13.10,13.54,,0.20,,
9596,PGC009596,81,3,219,48,15.75,15.34,15.06,,,0.19,,15.02,0.40
9598,UGC01995,60,4,316,5,14.30,13.84,13.56,,,0.27,,13.51,0.18
9616,IC1809,52,4,244,5,14.30,13.61,13.19,,,0.13,,12.91,0.10
9617,UGC01998,58,4,183,18,15.30,14.93,14.62,,,0.27,,14.58,0.13
9618,UGC01993,82,3,483,18,,,,13.10,13.69,,0.41,,
9631,UGC02000,59,4,159,5,15.85,15.52,15.33,,,0.25,,15.24,0.10
9638,UGC01999,89,1,146,5,,,,14.42,15.44,,0.56,,
9643,UGC02004,52,4,259,10,14.26,13.72,13.40,,,0.27,,13.35,0.12
9648,UGC02010,51,4,459,19,14.23,13.60,13.21,,,0.25,,13.13,0.08
9665,NGC0959,54,4,141,5,,,,12.31,12.97,,0.55,,
9670,PGC009670,81,5,93,15,16.41,15.93,15.61,,,0.13,,15.45,0.37
9675,UGC02012,52,4,359,20,14.53,13.84,13.46,,,0.22,,13.27,0.09
9676,UGC02011,57,4,545,20,,,,13.13,13.75,,0.23,,
9692,PGC009692,63,4,475,20,,,,13.80,14.35,,0.19,,
9702,UGC02014,69,3,55,7,,,,14.98,14.82,,0.66,,
9707,UGC02020,85,2,242,5,15.46,14.97,14.68,,,0.25,,14.44,0.53
9713,NGC0977,53,4,301,18,,,,12.73,13.35,,0.28,,
9721,PGC009721,49,6,166,12,,,,14.63,15.05,,0.36,,
9725,UGC02025,86,2,473,17,15.61,14.84,14.37,,,0.23,,14.15,0.66
9727,UGC02026,58,4,154,5,16.34,15.78,15.45,,,0.23,,15.23,0.13
9729,UGC02028,67,4,376,5,14.37,13.56,13.14,,,0.32,,12.84,0.23
9730,UGC02029,71,3,232,5,,,,15.07,15.73,,0.25,,
9738,UGC02032,82,3,150,5,16.16,15.69,15.40,,,0.23,,15.21,0.31
9744,PGC009744,51,4,391,16,15.04,14.42,14.01,,,0.21,,13.89,0.11
9753,UGC02037,82,3,411,20,15.19,14.32,13.79,,,0.22,,13.64,0.43
9765,UGC02044,51,4,128,12,15.46,15.04,14.83,,,0.21,,14.80,0.10
9767,UGC02041,57,4,450,6,,,,13.60,14.22,,0.23,,
9773,UGC02035,56,4,301,8,13.89,13.27,12.90,12.91,13.30,0.22,0.20,12.74,0.14
9788,NGC0972,70,3,294,5,,,,10.08,10.51,,0.40,,
9790,UGC02046,57,5,148,5,14.95,14.45,14.02,,,0.35,,13.79,0.13
9795,NGC0973,90,1,583,5,,,,11.09,11.47,,0.45,,
9800,PGC009800,72,3,371,6,,,,12.46,12.94,,0.28,,
9805,UGC02052,81,3,167,5,17.24,16.84,16.63,,,0.23,,16.46,0.22
9808,UGC02053,75,3,50,5,,,,15.49,15.96,,0.46,,
9811,UGC02054,58,4,246,5,,,,13.61,14.19,,0.28,,
9813,UGC02062,68,4,287,50,14.98,14.44,14.12,,,0.20,,14.07,0.25
9816,PGC009816,82,3,227,9,,,,13.12,13.61,,0.20,,
9818,UGC02050,58,4,203,15,15.03,14.66,14.43,15.11,15.85,0.28,0.23,14.28,0.13
9826,PGC009826,63,4,318,12,,,,12.81,13.38,,0.37,,
9828,UGC02064,53,4,253,5,13.71,13.00,12.63,12.67,13.32,0.48,0.51,12.40,0.13
9837,UGC02071,70,3,363,19,15.16,14.48,14.09,,,0.23,,13.87,0.27
9843,NGC0988,73,3,246,11,10.90,10.79,10.58,11.07,11.61,1.22,1.03,10.54,0.31
9852,UGC02069,54,4,240,15,,,,12.44,13.08,,-0.02,,
9857,UGC02076,52,4,189,13,,,,15.48,16.32,,0.24,,
9869,UGC02081,57,4,179,5,14.18,13.69,13.46,,,0.52,,13.41,0.13
9875,UGC02085,69,3,262,13,15.31,14.85,14.59,,,0.22,,14.55,0.25
9881,UGC02079,55,4,252,5,,,,13.65,14.18,,0.43,,
9888,UGC02082,89,1,186,5,13.35,12.69,12.28,12.45,12.98,1.02,0.88,11.99,0.53
9894,UGC02091,78,3,330,5,14.96,14.33,13.98,,,0.27,,13.92,0.39
9895,PGC009895,70,3,295,5,,,,13.17,13.64,,0.16,,
9901,UGC02083,87,2,404,5,,,,13.29,13.86,,0.28,,
9904,UGC02092,90,1,427,5,14.93,14.18,13.70,13.03,13.63,0.50,0.43,13.47,0.93
9915,UGC02096,79,3,277,19,,,,15.03,15.57,,0.21,,
9917,UGC02097,88,2,169,7,17.14,16.74,16.49,,,0.19,,16.39,0.41
9931,UGC02098,76,3,321,19,15.69,15.09,14.70,,,0.27,,14.47,0.34
9939,UGC02104,61,4,327,5,,,,13.86,14.31,,0.21,,
9941,UGC02100,55,4,164,5,,,,15.27,15.69,,0.27,,
9952,UGC02101,90,1,486,20,,,,12.56,13.13,,0.33,,
9962,ESO115-21,89,1,114,13,,,,12.99,13.58,,1.62,,
9973,NGC1037,60,4,470,13,14.03,13.34,12.95,,,0.29,,12.86,0.14
9981,UGC02120,79,3,333,19,14.99,14.36,14.00,,,0.27,,13.93,0.42
9995,NGC1009,86,2,381,5,15.00,14.18,13.75,,,0.20,,13.67,0.63
10029,UGC02134,69,3,321,5,13.93,13.04,12.57,,,0.39,,12.26,0.24
10031,IC1825,54,4,285,5,,,,12.88,13.45,,0.29,,
10034,NGC1002,55,4,356,6,,,,12.50,13.07,,0.20,,
10038,PGC010038,89,1,199,12,,,,15.10,15.44,,0.31,,
10045,ESO479-020,79,3,240,15,,,,14.39,14.96,,0.26,,
10047,UGC02135,52,4,254,13,,,,13.96,14.46,,0.25,,
10048,NGC1024,74,3,484,18,,,,11.18,11.84,,0.53,,
10052,NGC1003,78,3,204,6,,,,11.71,12.23,,0.86,,
10054,PGC010054,70,3,230,14,15.46,15.07,14.88,,,0.21,,14.83,0.24
10065,NGC1035,77,3,236,5,12.58,11.93,11.56,11.46,11.97,0.53,0.49,11.51,0.38
10068,NGC1028,56,4,269,20,,,,13.95,14.50,,-0.02,,
10072,UGC02148,80,5,149,8,,,,14.93,15.26,,0.23,,
10085,ESO545-043,64,4,170,20,,,,14.61,15.17,,0.26,,
10088,NGC1030,86,2,607,5,,,,12.03,12.58,,0.00,,
10091,UGC02146,52,4,167,16,15.60,15.06,14.78,,,0.28,,14.60,0.11
10092,UGC02151,65,6,474,10,14.63,13.89,13.44,,,0.34,,13.12,0.21
10104,PGC010104,51,4,307,16,,,,13.76,14.25,,0.18,,
10124,UGC02157,84,3,78,20,,,,14.10,14.73,,0.53,,
10126,UGC02159,90,1,165,5,16.29,15.71,15.44,15.97,16.57,0.26,0.43,15.17,0.42
10128,PGC010128,47,6,90,7,14.90,14.54,14.31,,,0.44,,14.27,0.06
10160,PGC010160,84,3,578,20,14.82,13.78,13.23,,,0.17,,12.91,0.17
10166,UGC02167,75,3,322,12,,,,13.56,14.09,,0.22,,
10172,NGC1051,58,4,175,13,13.04,12.59,12.31,12.81,13.22,0.51,0.56,12.26,0.13
10181,UGC02164,77,3,379,19,15.18,14.30,13.80,,,0.24,,13.50,0.37
10182,UGC02166,71,3,139,5,,,,15.21,15.41,,0.31,,
10190,PGC010190,61,4,433,17,,,,13.24,13.85,,0.26,,
10208,NGC1055,87,2,384,7,10.80,10.03,9.49,9.29,9.80,2.02,0.91,9.43,0.52
10209,ESO546-006,51,4,116,13,,,,15.89,16.75,,0.28,,
10215,UGC02176,72,3,324,5,14.58,13.98,13.64,,,0.19,,13.44,0.29
10218,UGC02171,88,2,214,5,16.20,15.51,15.13,15.15,16.08,0.27,0.29,14.83,0.48
10229,ESO479-025,81,3,165,15,,,,13.41,13.88,,0.32,,
10242,NGC1054,59,4,468,5,,,,13.13,13.69,,0.20,,
10264,UGC02180,70,3,495,19,,,,12.49,12.91,,0.21,,
10274,UGC02182,77,3,154,5,,,,15.90,16.43,,0.31,,
10281,PGC010281,54,4,328,20,,,,14.57,15.04,,0.18,,
10285,NGC1069,58,4,482,18,13.75,13.20,12.87,,,0.26,,12.82,0.11
10290,NGC1071,72,3,413,20,14.84,14.14,13.72,13.72,14.36,0.20,0.20,13.65,0.28
10296,UGC02185,80,3,435,17,,,,12.42,13.06,,0.52,,
10303,NGC1061,58,4,153,26,14.48,13.65,13.18,12.84,13.30,0.18,0.18,12.85,0.12
10310,UGC02197,52,4,253,5,14.66,13.89,13.41,13.42,14.07,0.40,0.40,13.03,0.13
10312,UGC02194,71,3,302,15,,,,13.29,13.74,,0.25,,
10315,NGC1072,74,3,449,5,13.91,13.21,12.81,,,0.22,,12.73,0.18
10319,UGC02198,87,2,292,5,15.17,14.30,13.78,13.24,13.68,0.38,0.35,13.39,0.72
10324,NGC1074,55,4,300,10,14.56,14.13,13.82,,,0.23,,13.78,0.14
10326,ESO416-012,74,3,268,11,,,,13.89,14.35,,0.38,,
10327,PGC010327,78,3,294,16,,,,13.63,14.15,,0.19,,
10331,UGC02201,85,2,311,7,15.14,14.22,13.90,,,0.42,,13.57,0.62
10332,ESO299-014,83,3,248,20,,,,14.84,15.41,,0.30,,
10341,UGC02211,86,2,310,12,15.59,14.81,14.39,,,0.27,,14.16,0.67
10343,UGC02206,60,4,195,5,,,,14.53,15.03,,0.22,,
10346,UGC02205,51,4,213,5,,,,14.03,14.63,,0.22,,
10370,PGC010370,59,4,199,10,15.34,14.24,13.65,13.30,13.95,0.24,0.24,13.14,0.17
10372,UGC02214,65,4,356,5,,,,13.91,14.53,,0.29,,
10375,UGC02212,73,3,238,6,,,,14.30,14.81,,0.23,,
10381,UGC02216,79,3,129,7,15.21,14.76,14.47,,,0.39,,14.41,0.30
10382,PGC010382,72,3,259,7,,,,13.89,14.31,,0.16,,
10388,UGC02217,86,2,534,20,,,,13.19,13.69,,0.27,,
10389,IC1838,62,4,355,19,15.12,14.28,13.86,,,0.11,,13.71,0.14
10392,PGC010392,64,4,228,5,14.87,14.41,14.11,,,0.14,,14.01,0.21
10394,IC1839,70,3,333,9,,,,13.87,14.44,,0.25,,
10401,UGC02215,80,3,281,15,,,,13.46,13.87,,0.18,,
10407,UGC02221,89,1,97,5,16.70,16.18,15.92,15.92,17.26,0.27,0.49,15.61,0.48
10410,ESO479-032,87,2,244,17,,,,15.12,15.48,,0.29,,
10411,NGC1081,76,3,294,14,,,,12.98,13.51,,0.27,,
10413,PGC010413,87,2,401,12,,,,12.55,13.10,,0.20,,
10421,UGC02223,79,3,265,5,,,,14.13,14.65,,0.27,,
10429,IC1843,58,4,352,5,14.13,13.58,13.26,,,0.21,,13.18,0.12
10438,NGC1100,71,3,601,20,,,,12.24,12.87,,0.32,,
10448,IC1844,71,3,310,17,14.72,14.12,13.77,13.61,14.03,0.20,0.20,13.69,0.28
10456,PGC010456,51,4,334,20,,,,14.17,14.57,,0.19,,
10463,ESO416-016,77,3,353,20,,,,13.26,13.75,,0.21,,
10464,NGC1084,62,4,296,7,10.94,10.43,10.15,10.12,10.55,0.53,0.47,10.10,0.12
10467,PGC010467,69,3,351,5,15.16,14.45,14.02,,,0.19,,13.76,0.26
10484,UGC02236,67,4,200,5,,,,14.75,15.27,,0.26,,
10488,NGC1097,52,4,384,13,,,,8.62,9.18,,1.08,,
10489,UGC02233,87,4,635,17,14.74,13.70,13.13,,,0.27,,12.87,0.44
10490,UGC02234,80,3,256,18,15.29,14.60,14.19,,,0.32,,13.94,0.44
10496,NGC1087,53,4,209,11,11.28,10.82,10.58,10.72,11.24,0.78,0.73,10.52,0.13
10502,ESO479-037,56,4,381,18,,,,12.91,13.49,,0.28,,
10507,NGC1090,66,4,310,15,12.35,11.77,11.45,11.61,12.09,0.70,0.60,11.39,0.23
10512,UGC02239,83,3,300,5,15.20,14.27,13.77,13.41,13.94,0.29,0.35,13.46,0.54
10532,UGC02243,70,3,382,19,,,,13.65,14.22,,0.24,,
10537,UGC02251,72,3,303,5,,,,14.76,15.35,,0.24,,
10540,IC0255,56,4,177,19,,,,14.42,14.91,,0.19,,
10542,PGC010542,84,3,481,18,14.70,13.91,13.49,,,0.25,,13.40,0.38
10559,NGC1094,53,4,354,18,13.44,12.84,12.51,,,0.22,,12.43,0.03
10566,NGC1095,57,4,283,11,13.94,13.47,13.21,,,0.31,,13.11,0.14
10571,ESO546-021,89,1,151,16,,,,16.37,16.74,,0.30,,
10574,UGC02271,57,4,366,10,14.67,14.04,13.66,,,0.23,,13.57,0.14
10581,UGC02267,52,4,308,6,,,,12.86,13.51,,0.33,,
10592,UGC02272,81,3,473,5,,,,12.31,12.78,,0.30,,
10606,NGC1093,55,4,351,5,13.78,13.09,12.72,12.82,13.38,0.24,0.25,12.56,0.14
10610,UGC02276,79,3,330,5,,,,14.38,14.85,,0.22,,
10629,UGC02284,46,6,93,17,15.63,15.08,14.81,,,0.25,,14.72,0.07
10631,UGC02285,75,3,268,5,15.01,14.48,14.17,,,0.27,,13.78,0.34
10637,ESO416-025,89,1,448,13,,,,12.88,13.47,,0.34,,
10640,ESO356-012,87,2,248,16,,,,14.70,15.14,,0.26,,
10641,UGC02283,57,4,208,5,,,,14.15,14.57,,0.22,,
10647,IC1856,63,4,400,19,14.20,13.45,13.04,,,0.21,,12.94,0.17
10653,UGC02280,64,4,460,18,,,,13.26,13.89,,0.37,,
10658,PGC010658,84,3,206,5,,,,13.80,14.43,,0.23,,
10659,UGC02295,76,3,392,5,13.73,12.95,12.51,,,0.27,,12.39,0.17
10661,UGC02289,78,3,283,11,,,,14.00,14.56,,0.22,,
10669,NGC1114,67,4,358,12,13.04,12.47,12.14,,,0.44,,12.09,0.21
10673,NGC1110,89,1,159,13,13.81,13.48,13.31,14.04,14.60,0.81,0.64,13.24,0.39
10677,PGC010677,50,4,318,17,,,,13.92,14.57,,0.19,,
10695,UGC02304,88,2,506,5,,,,13.16,13.80,,0.25,,
10701,UGC02300,65,10,387,5,15.54,14.72,14.26,,,0.22,,13.88,0.23
10715,IC1857,58,4,396,19,,,,13.80,14.39,,0.19,,
10716,PGC010716,53,4,353,5,14.60,13.96,13.61,13.56,14.08,0.11,0.15,13.50,0.09
10740,UGC02315,85,2,361,5,,,,13.82,14.34,,0.24,,
10741,PGC010741,69,3,346,15,,,,14.24,14.75,,0.19,,
10742,UGC02310,79,5,453,16,,,,14.06,14.49,,0.18,,
10747,UGC02319,79,3,364,19,15.08,14.37,13.97,,,0.28,,13.83,0.42
10754,UGC02313,85,2,315,19,,,,13.71,14.28,,0.27,,
10759,UGC02321,81,3,317,20,,,,14.28,14.76,,0.23,,
10766,PGC010766,90,1,405,13,14.66,13.85,13.40,12.73,13.26,0.43,0.28,13.33,0.94
10781,NGC1116,83,3,547,19,,,,12.94,13.62,,0.29,,
10794,PGC010794,70,4,305,17,14.56,14.20,13.96,,,0.23,,13.91,0.27
10813,PGC010813,57,4,61,5,15.03,14.86,14.78,,,0.16,,14.67,0.09
10815,UGC02338,65,4,264,5,14.30,13.78,13.52,,,0.38,,13.37,0.21
10817,PGC010817,89,1,265,18,15.80,15.03,14.60,13.92,14.41,0.25,0.20,14.51,0.92
10836,UGC02340,56,4,316,13,,,,14.01,14.58,,0.20,,
10846,ESO546-027,90,1,284,18,,,,15.07,15.51,,0.25,,
10857,UGC02346,74,3,399,5,15.04,14.34,13.90,,,0.22,,13.75,0.33
10858,IC1862,90,1,467,12,,,,12.44,12.84,,0.39,,
10861,UGC02352,85,3,84,5,16.64,16.30,16.05,,,0.35,,15.95,0.26
10862,UGC02347,61,4,299,13,,,,14.33,14.89,,0.20,,
10875,PGC010875,88,2,381,18,14.63,13.79,13.30,12.81,12.80,0.26,0.34,13.19,0.71
10913,UGC02364,76,3,328,5,15.38,14.56,14.06,13.84,14.37,0.19,0.25,13.66,0.35
10915,PGC010915,74,3,264,11,,,,14.45,14.85,,0.19,,
10928,NGC1134,72,6,392,8,,,,11.12,11.61,,0.47,,
10932,IC0267,73,3,336,7,,,,12.04,12.47,,0.36,,
10933,UGC02371,82,3,345,5,15.12,14.50,14.13,,,0.15,,13.99,0.51
10942,NGC1137,55,4,265,5,13.18,12.55,12.19,,,0.32,,12.00,0.12
10943,UGC02375,80,3,445,5,15.06,14.15,13.64,13.32,13.92,0.19,0.20,13.27,0.41
10952,UGC02378,88,3,383,20,,,,13.58,14.11,,0.31,,
10956,UGC02370,90,1,195,11,15.23,14.71,14.37,,,0.47,,14.21,0.68
10958,PGC010958,66,4,370,5,,,,14.35,14.97,,0.18,,
10961,PGC010961,54,4,208,22,,,,14.25,14.79,,0.17,,
10965,NGC1145,87,2,320,11,,,,11.76,12.34,,0.54,,
10973,UGC02382,89,2,353,5,,,,14.13,14.65,,0.27,,
11004,PGC011004,60,4,371,11,,,,11.82,12.34,,0.31,,
11011,UGC02380,71,3,434,16,,,,11.97,12.61,,0.37,,
11016,ESO356-018,82,3,117,15,,,,14.95,15.11,,0.36,,
11017,UGC02387,73,3,295,19,,,,14.53,15.13,,0.28,,
11056,UGC02358,59,4,423,15,14.26,13.15,12.53,,,0.42,,11.72,0.12
11065,UGC02392,76,3,150,5,14.68,14.17,13.96,,,0.37,,13.79,0.29
11067,UGC02404,90,1,276,9,15.90,15.21,14.82,,,0.27,,14.65,0.93
11071,UGC02393,73,5,423,11,15.35,14.61,14.19,,,0.24,,13.88,0.31
11074,UGC02405,72,4,395,5,14.57,13.93,13.53,13.46,14.02,0.32,0.31,13.23,0.30
11075,UGC02403,76,3,344,9,14.09,13.25,12.76,,,0.35,,12.59,0.27
11087,UGC02396,90,1,338,19,16.48,15.94,15.63,15.95,16.52,0.28,0.23,15.43,0.63
11099,UGC02414,83,3,345,7,15.42,14.78,14.39,14.13,14.78,0.25,0.29,14.22,0.50
11102,UGC02415,78,3,323,6,15.55,14.89,14.48,14.15,14.58,0.19,0.20,14.19,0.39
11112,UGC02418,52,4,260,19,14.44,13.82,13.48,,,0.29,,13.32,0.11
11120,PGC011120,56,4,216,19,15.21,14.71,14.45,,,0.13,,14.28,0.14
11131,PGC011131,72,3,232,5,15.97,15.61,15.38,15.76,16.34,0.15,0.18,15.11,0.23
11133,UGC02420,89,1,598,16,,,,13.27,13.75,,0.26,,
11134,UGC02409,87,2,277,10,,,,12.55,12.87,,0.27,,
11740,UGC02550,59,4,228,12,,,,13.74,14.39,,0.44,,
11136,UGC02423,76,3,373,20,15.28,14.29,13.73,13.38,13.99,0.25,0.25,13.43,0.30
11139,ESO154-23,84,3,113,13,,,,12.53,13.38,,2.00,,
11150,UGC02426,52,4,331,15,14.78,13.96,13.51,13.42,14.04,0.21,0.22,13.26,0.07
11152,UGC02424,80,3,534,13,,,,12.40,12.96,,0.47,,
11153,UGC02429,80,3,147,5,15.39,14.99,14.68,,,0.35,,14.54,0.31
11163,UGC02422,81,3,175,15,14.86,13.92,13.40,,,0.26,,12.88,0.45
11167,PGC011167,59,4,491,19,,,,14.13,14.59,,0.19,,
11177,PGC011177,57,7,295,19,,,,14.05,14.50,,0.17,,
11197,ESO356-022,56,4,460,13,,,,12.04,12.57,,0.49,,
11199,PGC011199,72,3,238,45,15.53,14.96,14.58,14.48,15.05,0.21,0.20,14.27,0.30
11202,IC1870,64,4,181,13,12.46,12.16,11.97,,,0.85,,11.85,0.19
11212,PGC011212,65,4,121,10,,,,15.11,15.56,,0.19,,
11225,PGC011225,56,4,428,19,,,,13.67,14.20,,0.17,,
11245,UGC02443,65,4,204,20,14.18,13.55,13.20,,,0.36,,13.04,0.21
11248,PGC011248,63,4,193,11,13.58,13.06,12.74,,,0.61,,12.62,0.20
11252,UGC02441,88,2,258,5,14.51,13.70,13.25,13.05,13.67,0.60,0.51,12.98,0.73
11255,UGC02444,58,4,361,7,14.67,13.88,13.46,13.06,13.50,0.19,0.18,13.13,0.13
11261,ESO546-034,82,3,81,14,,,,16.02,16.65,,0.39,,
11268,UGC02445,83,3,208,12,,,,16.32,16.92,,0.30,,
11270,NGC1165,80,4,448,17,,,,12.02,12.55,,0.36,,
11282,UGC02411,90,1,306,6,15.28,14.22,13.51,12.81,13.36,1.09,0.69,12.60,0.72
11289,UGC02447,88,2,538,12,,,,13.72,14.26,,0.24,,
11295,UGC02453,46,6,392,20,,,,13.04,13.68,,0.28,,
11306,UGC02454,82,3,359,12,,,,14.01,14.57,,0.32,,
11308,ESO300-003,78,3,288,20,,,,14.26,14.82,,0.22,,
11313,UGC02451,83,3,485,20,16.21,15.45,15.02,,,0.19,,14.80,0.54
11335,PGC011335,66,4,216,18,15.14,14.42,14.00,,,0.16,,13.82,0.17
11359,NGC1163,90,1,293,12,,,,12.71,13.26,,0.32,,
11360,UGC02461,69,3,286,5,15.41,14.82,14.45,,,0.24,,14.22,0.27
11365,PGC011365,54,4,416,20,,,,12.82,12.93,,0.27,,
11368,UGC02459,90,1,318,8,,,,12.31,12.79,,0.47,,
11369,UGC02466,71,3,261,5,15.31,14.44,13.89,,,0.38,,13.48,0.29
11371,UGC02463,61,4,192,7,,,,13.46,13.98,,0.49,,
11375,UGC02479,78,3,197,5,15.45,14.97,14.71,,,0.35,,14.54,0.28
11377,ESO546-037,51,4,153,18,,,,14.37,14.75,,0.33,,
11382,UGC02472,83,3,540,20,,,,13.49,14.05,,0.22,,
11397,UGC02482,57,4,101,11,15.34,14.96,14.77,,,0.29,,14.58,0.10
11399,UGC02473,74,3,217,20,15.07,14.78,14.66,,,0.21,,14.47,0.31
11400,PGC011400,84,3,276,19,15.24,14.64,14.32,14.20,14.69,0.27,0.25,14.14,0.55
11403,NGC1160,66,4,252,12,13.24,12.59,12.23,,,0.38,,11.84,0.17
11421,UGC02483,79,3,281,5,,,,14.51,15.12,,0.25,,
11447,UGC02494,76,3,536,7,14.34,13.45,12.90,,,0.27,,12.57,0.14
11453,UGC02497,82,3,259,5,14.24,13.59,13.23,13.31,13.80,0.56,0.59,12.88,0.35
11456,UGC02498,65,4,296,18,,,,14.15,14.76,,0.27,,
11463,PGC011463,81,3,343,11,,,,12.09,12.75,,0.51,,
11465,UGC02502,54,12,251,5,15.21,14.69,14.41,,,0.18,,14.25,0.14
11477,UGC02501,64,4,256,5,13.93,13.54,13.32,,,0.29,,13.16,0.21
11488,NGC1185,80,3,335,13,,,,12.82,13.34,,0.28,,
11504,UGC02509,78,3,326,6,14.93,14.19,13.76,,,0.24,,13.46,0.40
11520,ESO547-005,58,4,80,18,,,,14.91,15.31,,0.39,,
11521,NGC1169,54,4,450,18,,,,10.19,10.86,,0.80,,
11532,UGC02507,73,6,450,19,,,,14.47,15.15,,0.19,,
11538,ESO480-025,52,4,104,17,,,,14.48,14.63,,0.53,,
11552,NGC1171,60,4,278,9,13.13,12.48,12.11,12.13,12.71,0.32,0.37,11.84,0.18
11566,UGC02518,78,3,291,10,15.29,14.71,14.36,,,0.28,,14.19,0.37
11574,UGC02511,77,3,381,20,,,,12.41,13.02,,0.26,,
11582,PGC011582,57,4,306,18,15.46,14.71,14.31,14.29,14.84,0.22,0.24,14.04,0.15
11592,UGC02520,63,4,243,5,,,,13.78,14.33,,0.31,,
11594,PGC011594,90,2,297,20,,,,14.24,14.80,,0.21,,
11595,ESO248-002,82,3,189,10,,,,13.31,14.00,,0.69,,
11598,UGC02523,84,3,359,18,14.95,14.37,14.01,,,0.33,,13.86,0.56
11606,ESO300-009,76,3,307,12,,,,14.72,15.28,,0.24,,
11610,UGC02527,69,6,396,19,,,,13.32,13.82,,0.21,,
11611,PGC011611,51,4,340,19,15.52,14.80,14.34,,,0.09,,14.11,0.08
11617,NGC1186,71,3,421,17,12.53,11.68,11.19,11.03,11.64,0.62,0.60,10.95,0.16
11622,UGC02525,76,3,376,7,,,,13.73,14.30,,0.24,,
11625,UGC02526,82,3,568,13,13.06,12.21,11.60,11.26,11.82,0.71,0.62,11.24,0.40
11628,UGC02530,69,3,290,7,,,,13.44,13.96,,0.23,,
11629,PGC011629,68,4,303,19,15.47,14.89,14.55,,,0.18,,14.40,0.26
11643,IC0284,70,3,341,9,12.61,11.91,11.48,,,0.86,,11.19,0.26
11662,UGC02539,85,4,398,19,,,,13.65,14.11,,0.25,,
11685,UGC02541,49,6,215,18,,,,14.62,15.20,,0.22,,
11691,ESO417-018,52,4,313,13,,,,13.14,13.61,,0.42,,
11696,UGC02543,76,3,304,13,14.24,13.33,13.00,,,0.60,,12.73,0.36
11718,IC1882,72,3,469,14,,,,13.04,13.67,,0.26,,
11725,UGC02549,67,4,376,19,,,,14.24,14.75,,0.18,,
11744,PGC011744,69,9,107,10,,,,13.56,14.09,,0.20,,
11750,IC1892,58,4,173,10,,,,13.63,14.04,,0.52,,
11755,UGC02553,49,6,180,7,,,,13.22,13.57,,0.20,,
11767,PGC011767,74,3,415,13,14.44,13.78,13.37,,,0.31,,13.23,0.31
11770,UGC02542,90,1,90,19,,,,11.62,12.11,,0.38,,
11782,PGC011782,69,3,291,16,,,,13.37,13.92,,0.37,,
11793,UGC02519,57,4,228,13,13.71,12.90,12.50,,,0.36,,12.05,0.12
11798,ESO547-011,53,4,128,17,,,,15.19,15.61,,0.37,,
11808,UGC02563,87,2,529,19,15.01,14.28,13.81,,,0.32,,13.60,0.67
11809,ESO547-012,89,1,123,18,,,,16.15,15.80,,0.37,,
11813,NGC1234,63,4,218,11,14.30,13.80,13.55,13.97,14.50,0.52,0.45,13.40,0.16
11824,PGC011824,78,3,266,16,,,,13.06,13.59,,0.25,,
11829,PGC011829,79,3,535,19,,,,13.31,13.86,,0.23,,
11836,NGC1249,69,3,217,13,,,,11.83,12.39,,0.79,,
11846,IC0292,68,4,276,12,13.88,13.17,12.78,,,0.23,,12.49,0.19
11851,IC1898,88,2,246,16,,,,12.15,12.71,,0.65,,
11853,UGC02570,82,3,598,19,,,,13.32,13.87,,0.26,,
11856,ESO357-007,88,2,125,8,,,,14.62,15.05,,0.74,,
11859,UGC02571,82,3,379,20,,,,14.44,14.80,,0.19,,
11872,UGC02573,76,3,317,18,14.99,14.26,13.86,,,0.23,,13.39,0.36
11892,NGC1242,59,4,422,11,,,,13.54,14.11,,0.24,,
11919,UGC02587,88,2,435,17,15.30,14.46,13.98,,,0.28,,13.82,0.80
11926,UGC02581,89,2,258,18,16.26,15.54,15.16,14.92,15.49,0.19,0.20,14.73,0.78
11931,NGC1247,88,2,599,13,,,,11.33,11.91,,0.61,,
11941,NGC1233,76,3,419,16,13.73,12.93,12.47,,,0.24,,12.20,0.25
11954,UGC02589,52,4,379,15,15.13,14.21,13.69,,,0.20,,13.00,0.06
11968,PGC011968,78,4,144,14,,,,15.34,15.79,,0.20,,
11971,UGC02592,71,3,494,15,14.62,13.92,13.46,,,0.28,,13.28,0.27
11976,PGC011976,50,4,380,18,,,,13.98,14.43,,0.15,,
11984,ESO116-012,79,3,202,13,,,,11.21,11.29,,1.50,,
11993,UGC02591,73,3,424,19,15.37,14.44,13.90,13.60,14.19,0.20,0.22,13.53,0.25
12000,UGC02597,67,4,408,18,15.29,14.55,14.10,,,0.18,,13.89,0.23
12005,UGC02596,63,4,339,10,14.26,13.58,13.16,13.16,13.71,0.44,0.40,12.82,0.20
12007,NGC1255,56,4,221,13,,,,11.03,11.57,,0.87,,
12011,ESO481-014,87,2,158,13,,,,13.98,14.79,,0.95,,
12029,PGC012029,64,6,323,19,,,,14.47,14.94,,0.17,,
12041,NGC1253,66,4,293,8,,,,11.45,11.98,,0.95,,
12046,PGC012046,81,3,283,20,,,,14.94,15.63,,0.24,,
12070,UGC02604,54,4,249,12,14.34,13.67,13.33,,,0.27,,12.96,0.12
12078,UGC02610,64,4,258,13,15.06,14.35,13.90,,,0.24,,13.46,0.21
12079,IC1904,71,4,382,20,,,,12.70,13.20,,0.24,,
12080,IC0304,52,4,337,19,,,,12.50,13.04,,0.25,,
12129,UGC02622,51,14,393,17,,,,12.90,13.46,,0.26,,
12130,PGC012130,79,3,273,12,,,,12.72,13.23,,0.45,,
12132,UGC02617,72,3,278,17,14.18,13.44,13.03,,,0.51,,12.74,0.29
12139,PGC012139,88,3,212,18,,,,14.75,15.21,,0.32,,
12163,UGC02628,79,3,392,19,14.71,14.02,13.61,13.52,14.03,0.32,0.34,13.47,0.41
12175,UGC02631,77,3,367,19,15.68,14.70,14.12,,,0.24,,13.47,0.39
12181,ESO357-012,51,4,123,10,,,,13.49,14.31,,0.73,,
12195,PGC012195,70,3,239,9,,,,13.68,14.17,,0.20,,
12200,UGC02630,76,3,242,18,,,,13.55,13.98,,0.21,,
12212,IC1909,55,4,428,18,,,,13.18,13.85,,0.27,,
12216,UGC02633,90,1,483,20,,,,12.95,13.45,,0.29,,
12227,UGC02637,90,1,274,19,,,,13.44,13.98,,0.37,,
12257,UGC02640,56,4,342,13,14.35,13.51,13.04,,,0.19,,12.69,0.10
12259,NGC1285,55,4,276,12,13.08,12.63,12.37,12.45,12.90,0.31,0.29,12.28,0.13
12285,NGC1292,69,3,227,12,,,,11.99,12.53,,0.56,,
12309,ESO481-018,74,3,207,8,,,,12.90,13.52,,0.61,,
12318,UGC02653,73,3,434,19,,,,12.92,13.44,,0.29,,
12333,UGC02655,72,3,295,13,14.36,13.70,13.32,,,0.38,,12.99,0.30
12343,UGC02659,79,3,306,20,14.85,14.04,13.60,,,0.25,,13.34,0.37
12344,UGC02663,80,3,545,20,,,,14.06,14.54,,0.22,,
12379,PGC012379,52,4,241,19,,,,13.39,14.00,,0.28,,
12382,PGC012382,52,4,230,20,15.49,15.00,14.61,,,0.15,,14.37,0.12
12404,IC1913,89,2,157,12,,,,14.06,14.72,,0.39,,
12412,NGC1300,54,4,270,11,,,,9.96,10.54,,1.44,,
12439,PGC012439,89,1,226,17,,,,14.02,14.58,,0.33,,
12446,UGC02677,88,2,490,20,14.61,13.67,13.13,,,0.32,,12.90,0.54
12454,UGC02679,82,3,448,12,,,,13.26,13.86,,0.37,,
12460,NGC1311,81,3,79,15,,,,12.94,13.57,,0.73,,
12466,NGC1299,63,4,219,11,13.17,12.68,12.39,,,0.24,,12.31,0.18
12484,ESO481-021,88,2,115,16,,,,15.43,16.11,,0.49,,
12514,UGC02684,86,2,77,12,16.05,15.64,15.49,15.40,15.84,0.55,0.85,15.25,0.49
12521,NGC1301,81,3,359,11,,,,12.65,13.23,,0.48,,
12531,UGC02690,65,4,321,19,14.32,13.89,13.63,,,0.29,,13.52,0.22
12608,PGC012608,56,4,123,8,,,,15.04,15.56,,0.40,,
12620,UGC02699,87,2,365,18,15.93,15.07,14.58,13.89,14.38,0.28,0.20,14.43,0.74
12623,PGC012623,83,3,189,19,,,,14.31,14.82,,0.16,,
12639,UGC02701,88,2,501,19,,,,13.17,13.76,,0.30,,
12660,UGC02700,81,3,416,13,14.60,13.68,13.16,,,0.25,,12.78,0.35
12684,PGC012684,64,4,372,18,,,,13.46,14.09,,0.25,,
12705,UGC02709,74,3,364,11,13.82,13.12,12.69,12.59,13.04,0.42,0.34,12.37,0.34
12717,PGC012717,54,4,352,18,,,,13.47,13.85,,0.16,,
12728,UGC02714,77,3,221,18,,,,16.10,16.60,,0.28,,
12738,PGC012738,53,4,160,17,,,,13.74,14.19,,0.19,,
12748,ESO548-009,88,2,98,15,,,,16.71,17.31,,0.29,,
12750,UGC02718,76,3,324,16,15.19,14.29,13.73,,,0.26,,13.28,0.30
12756,NGC1320,79,5,349,13,,,,11.65,11.70,,0.24,,
12757,UGC02719,87,2,174,17,16.49,15.99,15.71,16.14,16.94,0.20,0.17,15.42,0.43
12772,NGC1324,76,3,600,9,13.01,12.25,11.79,11.65,12.24,0.49,0.41,11.69,0.27
12775,UGC02727,88,2,362,19,16.21,15.45,14.98,,,0.25,,14.73,0.81
12785,PGC012785,51,4,397,13,13.87,13.29,12.90,,,0.19,,12.79,0.05
12794,ESO548-012,83,3,159,19,,,,15.12,15.73,,0.22,,
12798,PGC012798,89,1,215,10,,,,13.25,13.85,,0.59,,
12807,IC1933,62,4,172,13,,,,12.62,13.17,,0.47,,
12812,UGC02728,86,2,281,18,16.05,15.21,14.71,14.23,14.78,0.27,0.28,14.25,0.64
12816,UGC02730,89,1,451,11,14.90,13.92,13.37,,,0.35,,13.00,0.64
12859,UGC02740,68,4,512,19,,,,12.52,13.20,,0.29,,
12868,PGC012868,80,3,235,8,,,,13.01,13.75,,0.84,,
12879,UGC02744,59,4,261,19,,,,14.19,14.74,,0.24,,
12889,ESO548-021,87,2,167,13,,,,14.12,14.74,,0.49,,
12897,PGC012897,54,4,302,20,,,,13.68,14.23,,0.18,,
12912,PGC012912,49,6,195,13,14.64,14.09,13.79,,,0.18,,13.53,0.11
12914,PGC012914,68,4,326,17,,,,13.52,14.09,,0.23,,
12916,NGC1337,82,3,244,9,,,,11.62,12.20,,0.97,,
12920,PGC012920,79,3,311,16,,,,13.35,13.90,,0.24,,
12946,UGC02750,90,1,133,15,,,,12.91,13.51,,0.30,,
12948,PGC012948,62,4,390,17,,,,13.91,14.44,,0.19,,
12952,NGC1351A,83,3,200,12,,,,12.79,13.38,,0.60,,
12981,PGC012981,49,6,95,13,,,,13.83,13.92,,0.63,,
13001,NGC1334,67,5,353,9,13.93,13.14,12.71,,,0.24,,12.28,0.10
13023,PGC013023,74,3,342,18,,,,12.93,13.34,,0.21,,
13059,NGC1350,59,4,390,11,,,,9.69,10.38,,1.00,,
13073,UGC02770,51,4,115,17,,,,12.76,13.23,,0.35,,
13089,ESO418-008,52,4,121,11,,,,13.66,14.29,,0.32,,
13090,IC1954,58,4,213,16,,,,11.14,11.68,,0.61,,
13108,NGC1353,70,3,378,15,,,,10.61,11.18,,0.67,,
13112,PGC013112,55,4,286,18,,,,14.20,14.77,,0.18,,
13113,UGC02775,51,4,288,19,14.55,13.68,13.13,,,0.38,,12.65,0.11
13121,UGC02765,70,3,323,18,,,,10.90,11.45,,0.89,,
13154,ESO482-005,86,2,155,12,,,,15.27,15.92,,0.40,,
13163,IC1959,82,3,119,13,,,,13.21,13.80,,0.63,,
13171,IC1952,80,3,239,16,,,,12.23,12.79,,0.43,,
13179,NGC1365,55,4,371,13,,,,8.69,9.04,,1.19,,
13180,UGC02782,89,1,260,20,16.26,15.31,14.69,,,0.39,,14.33,0.91
13194,ESO548-040,49,6,159,13,,,,14.24,14.79,,0.38,,
13200,PGC013200,81,3,217,20,,,,14.38,15.06,,0.28,,
13204,PGC013204,88,2,524,19,14.99,14.25,13.83,,,0.35,,13.72,0.77
13217,ESO418-011,50,4,578,20,,,,13.20,13.86,,0.30,,
13223,PGC013223,62,4,264,18,15.04,14.39,14.03,13.83,14.31,0.14,0.16,13.76,0.18
13225,UGC02785,90,1,391,9,15.74,14.73,14.11,,,0.27,,13.75,0.86
13255,NGC1367,57,4,382,13,,,,10.15,10.83,,0.78,,
13273,PGC013273,54,4,250,18,,,,13.60,14.16,,0.19,,
13279,IC1956,77,3,382,17,15.02,14.08,13.56,,,0.29,,13.12,0.37
13280,UGC02791,53,6,193,18,15.92,15.18,14.78,,,0.22,,14.32,0.13
13283,IC1962,83,3,149,11,,,,14.16,15.14,,0.82,,
13301,UGC02789,55,4,356,13,,,,11.28,11.87,,0.43,,
13304,ESO482-011,78,3,124,19,,,,14.31,14.79,,0.30,,
13322,IC1970,86,2,277,8,,,,11.39,11.91,,0.36,,
13334,UGC02796,87,2,496,19,,,,13.39,13.94,,0.30,,
13362,ESO418-014,64,4,360,18,,,,13.83,14.35,,0.17,,
13368,NGC1385,50,4,173,13,,,,10.63,11.05,,0.59,,
13384,NGC1343,55,4,95,5,,,,10.81,11.41,,0.53,,
13389,UGC02802,59,4,447,20,14.98,14.08,13.56,,,0.27,,13.14,0.08
13394,PGC013394,57,4,365,10,13.98,13.39,13.02,,,0.33,,12.91,0.15
13397,UGC02804,86,2,287,20,,,,14.64,15.14,,0.21,,
13400,UGC02798,75,3,411,17,14.13,13.23,12.75,,,0.43,,12.34,0.27
13410,UGC02801,86,2,390,18,15.58,14.62,14.08,,,0.25,,13.61,0.63
13413,UGC02806,81,3,516,19,15.53,14.60,14.06,,,0.24,,13.56,0.45
13434,NGC1398,50,4,444,14,,,,9.00,9.65,,0.95,,
13437,PGC013437,58,5,236,17,,,,14.43,14.90,,0.17,,
13442,ESO482-024,61,4,155,18,,,,16.11,16.84,,0.29,,
13448,NGC1384,53,4,291,17,15.03,14.36,13.96,,,0.18,,13.55,0.11
13458,NGC1406,83,3,322,14,,,,10.80,11.25,,0.66,,
13498,UGC02800,73,4,204,7,,,,12.91,13.60,,0.66,,
13501,PGC013501,72,5,250,8,,,,11.54,12.07,,0.88,,
13535,PGC013535,53,4,261,12,13.89,13.38,13.09,13.35,13.79,0.44,0.40,12.99,0.13
13545,ESO548-072,82,3,108,20,,,,15.82,16.31,,0.30,,
13561,ESO482-035,55,4,185,18,,,,12.83,13.39,,0.44,,
13567,UGC02825,81,3,529,20,,,,13.26,13.79,,0.28,,
13569,NGC1422,87,2,143,18,,,,12.86,13.60,,0.47,,
13571,ESO358-051,64,5,118,13,,,,13.43,14.07,,0.29,,
13572,UGC02823,87,2,555,20,15.58,14.44,13.83,,,0.31,,13.32,0.57
13574,UGC02817,78,3,402,15,15.62,14.47,13.78,,,0.40,,12.85,0.37
13584,NGC1417,59,4,438,19,,,,11.48,12.05,,0.39,,
13596,PGC013596,50,4,128,18,,,,13.98,14.60,,0.26,,
13601,ESO419-003,56,4,224,8,,,,13.11,13.62,,0.31,,
13602,NGC1425,67,4,354,10,,,,10.64,11.22,,0.81,,
13612,PGC013612,81,3,107,20,,,,14.07,14.74,,0.37,,
13620,NGC1421,83,3,344,14,,,,10.77,11.20,,0.71,,
13628,NGC1423,55,4,322,11,14.13,13.46,13.10,,,0.14,,12.98,0.03
13631,ESO548-082,62,4,143,17,,,,14.86,15.35,,0.37,,
13633,UGC02813,73,3,132,12,,,,13.41,13.94,,0.71,,
13639,UGC02833,78,3,467,19,15.74,14.81,14.31,,,0.24,,13.74,0.38
13646,PGC013646,90,1,358,12,13.68,12.78,12.28,11.79,12.35,0.71,0.62,12.15,0.98
13664,NGC1424,71,3,320,13,,,,13.25,13.87,,0.30,,
13684,PGC013684,60,4,175,14,,,,13.49,13.97,,0.64,,
13687,NGC1436,52,4,201,11,,,,11.21,11.82,,0.76,,
13693,UGC02826,53,4,192,14,,,,11.52,12.09,,0.29,,
13695,ESO015-001,83,3,120,13,,,,14.37,14.88,,0.58,,
13696,UGC02838,87,2,381,18,,,,13.61,14.08,,0.24,,
13698,UGC02839,89,1,364,15,,,,14.01,14.50,,0.20,,
13710,PGC013710,61,4,351,20,,,,13.35,13.80,,0.19,,
13716,PGC013716,76,3,289,18,,,,12.27,12.86,,0.47,,
13727,NGC1448,82,3,388,5,,,,10.00,10.51,,0.95,,
13741,UGC02843,80,3,246,14,,,,13.46,14.05,,0.27,,
13744,UGC02852,89,1,343,13,15.61,14.84,14.40,,,0.35,,14.00,0.90
13754,UGC02850,75,3,322,12,,,,14.49,15.08,,0.28,,
13756,ESO358-060,85,2,72,13,,,,16.73,17.89,,0.47,,
13774,UGC02849,66,4,576,19,,,,12.77,13.37,,0.31,,
13783,UGC02851,74,5,474,15,,,,12.05,12.53,,0.33,,
13788,PGC013788,70,3,290,17,15.01,14.52,14.20,,,0.26,,14.07,0.27
13794,NGC1437B,77,3,111,12,,,,12.91,13.54,,0.53,,
13809,ESO358-063,82,3,285,19,,,,11.18,11.67,,0.70,,
13813,UGC02856,79,3,494,20,16.17,15.12,14.56,,,0.21,,13.86,0.37
14391,NGC1512,52,4,234,7,,,,9.82,10.51,,1.15,,
13817,UGC02854,79,3,182,20,16.00,15.14,14.67,,,0.23,,14.01,0.42
13820,PGC013820,88,2,426,9,,,,11.95,12.49,,0.48,,
13830,PGC013830,79,3,368,19,,,,12.66,13.22,,0.36,,
13832,NGC1459,52,4,271,10,,,,12.72,13.27,,0.30,,
13833,UGC02857,53,4,351,20,14.43,13.58,13.11,,,0.22,,12.48,0.02
13837,ESO302-007,57,4,223,18,,,,14.72,15.36,,0.30,,
13853,NGC1473,54,4,156,15,,,,13.03,13.62,,0.35,,
13854,ESO302-009,80,3,154,12,,,,14.48,15.16,,0.63,,
13857,UGC02848,64,4,185,17,,,,13.91,14.65,,0.29,,
13858,UGC02862,55,4,404,19,,,,12.43,13.01,,0.22,,
13859,UGC02861,65,4,499,17,14.66,13.56,12.92,,,0.31,,11.99,0.11
13860,PGC013860,48,6,197,18,,,,13.76,14.24,,0.46,,
13871,ESO549-018,55,4,223,19,,,,12.33,13.04,,0.66,,
13880,UGC02855,66,4,402,5,,,,9.53,9.94,,1.00,,
13882,ESO549-021,84,3,536,13,,,,13.52,14.07,,0.36,,
13884,UGC02868,87,2,386,20,15.72,14.68,14.09,,,0.38,,13.66,0.70
13889,ESO549-022,59,4,271,12,,,,13.76,14.30,,0.39,,
13905,PGC013905,87,2,295,20,,,,12.76,13.34,,0.37,,
13912,IC2000,83,3,255,14,,,,12.03,12.67,,0.85,,
13913,PGC013913,64,4,150,11,14.61,14.14,13.90,,,0.21,,13.56,0.21
13922,PGC013922,57,4,225,16,,,,13.79,14.30,,0.18,,
13926,ESO482-046,87,2,215,17,,,,12.93,13.57,,0.70,,
13931,ESO054-021,66,4,193,13,,,,11.90,12.52,,1.20,,
13933,UGC02873,77,3,410,18,,,,13.42,13.88,,0.24,,
13940,PGC013940,51,4,241,18,15.55,14.81,14.38,14.02,14.54,0.15,0.18,13.85,0.11
13945,NGC1462,55,4,403,19,,,,13.09,13.66,,0.23,,
13948,UGC02875,76,3,274,19,15.48,14.73,14.24,,,0.19,,13.78,0.36
13949,UGC02865,75,7,381,11,,,,11.99,12.43,,0.39,,
13953,PGC013953,59,4,238,16,,,,12.97,13.39,,0.28,,
13965,UGC02860,76,6,241,17,,,,15.36,15.93,,0.23,,
13977,PGC013977,86,2,219,11,,,,14.54,15.04,,0.38,,
13992,UGC02880,88,2,260,18,,,,15.80,16.34,,0.23,,
13994,UGC02878,77,3,274,17,,,,14.15,14.79,,0.24,,
13998,ESO359-003,85,2,112,10,,,,13.61,14.12,,0.49,,
13999,IC2051,57,4,341,13,,,,10.61,11.20,,0.63,,
14002,NGC1470,79,3,512,20,,,,12.80,13.31,,0.30,,
14007,UGC02884,89,1,335,17,,,,13.94,14.43,,0.21,,
14030,UGC02885,73,3,556,8,,,,11.31,11.93,,0.74,,
14033,PGC014033,57,4,215,16,,,,13.36,13.83,,0.17,,
14034,UGC02888,56,5,216,12,,,,13.01,13.48,,0.27,,
14061,ESO359-005,66,5,247,18,,,,15.61,16.18,,0.42,,
14065,NGC1474,49,6,294,15,14.15,13.41,12.93,,,0.21,,12.59,0.07
14068,UGC02893,51,4,148,16,15.69,14.90,14.55,,,0.27,,13.99,0.12
14071,NGC1484,85,2,162,15,,,,13.10,13.62,,0.57,,
14075,ESO549-031,68,4,392,20,,,,13.54,14.14,,0.20,,
14076,UGC02899,90,1,238,9,,,,14.53,15.09,,0.27,,
14083,ESO302-019,73,3,232,18,,,,14.95,15.55,,0.19,,
14088,PGC014088,60,4,467,19,,,,13.11,13.67,,0.19,,
14100,PGC014100,51,4,226,15,14.55,14.03,13.73,14.07,14.70,0.28,0.27,13.57,0.11
14102,ESO549-036,52,4,340,14,,,,13.10,13.56,,0.20,,
14106,IC2007,62,4,158,14,,,,12.81,13.35,,0.29,,
14123,UGC02890,89,1,148,17,,,,12.50,13.05,,0.57,,
14149,UGC02905,53,4,67,8,15.36,14.77,14.43,,,0.28,,13.91,0.10
14169,NGC1494,59,4,156,13,,,,12.02,12.57,,0.76,,
14181,PGC014181,57,4,241,17,,,,14.20,14.77,,0.17,,
14190,NGC1495,88,2,213,10,,,,12.18,12.72,,0.52,,
14191,UGC02910,85,2,219,17,,,,14.42,14.94,,0.25,,
14215,UGC02908,60,4,218,18,,,,13.00,13.57,,0.31,,
14216,UGC02896,86,2,194,12,14.98,14.55,14.32,,,0.37,,14.13,0.50
14232,UGC02911,56,6,319,19,,,,13.38,13.89,,0.23,,
14235,PGC014235,53,4,93,18,,,,13.23,13.46,,0.15,,
14236,NGC1511,74,3,273,13,,,,10.62,11.01,,0.56,,
14246,UGC02915,89,1,287,18,,,,14.40,14.85,,0.28,,
14259,ESO483-006,85,2,384,11,,,,12.83,13.44,,0.47,,
14264,PGC014264,52,4,290,20,,,,14.17,14.63,,0.19,,
14274,UGC02922,66,4,346,17,15.37,14.34,13.73,,,0.32,,13.00,0.22
14276,UGC02920,88,2,364,17,,,,13.28,13.80,,0.41,,
14286,UGC02906,56,4,445,11,,,,11.49,12.08,,0.39,,
14301,UGC02924,54,4,318,19,,,,14.57,15.16,,0.23,,
14304,PGC014304,69,3,202,16,,,,15.11,14.99,,0.26,,
14315,UGC02928,61,4,371,20,,,,13.70,14.32,,0.17,,
14319,ESO302-027,75,3,195,18,,,,15.01,15.33,,0.32,,
14330,PGC014330,79,3,376,18,,,,13.94,14.50,,0.27,,
14334,ESO549-049,53,4,301,19,,,,12.36,12.48,,0.13,,
14345,UGC02936,81,3,468,17,,,,11.28,11.73,,0.62,,
14353,UGC02934,75,3,304,19,,,,14.19,14.76,,0.30,,
14369,PGC014369,55,4,323,20,,,,14.67,15.46,,0.16,,
14370,PGC014370,78,3,311,12,,,,13.91,14.19,,0.25,,
14374,PGC014374,69,8,399,19,,,,13.52,14.07,,0.24,,
14389,PGC014389,70,3,266,20,,,,14.56,15.01,,0.16,,
14395,UGC02939,51,4,231,18,,,,12.79,13.21,,0.27,,
14397,NGC1515,81,3,368,18,,,,10.29,10.89,,0.78,,
14407,ESO359-016,81,3,111,8,,,,15.18,15.64,,0.35,,
14409,NGC1507,85,2,172,7,,,,12.06,12.69,,0.70,,
14421,UGC02951,83,3,306,13,,,,13.84,14.48,,0.32,,
14427,UGC02948,87,2,69,8,,,,12.52,13.12,,0.29,,
14432,NGC1485,79,3,279,13,,,,11.03,11.67,,0.57,,
14435,UGC02950,90,1,435,17,,,,12.86,13.45,,0.34,,
14449,UGC02954,69,3,261,18,,,,13.91,14.47,,0.28,,
14458,ESO550-005,84,3,147,6,,,,14.65,15.30,,0.69,,
14460,ESO483-008,71,3,93,19,,,,15.91,16.31,,0.31,,
14468,UGC02956,80,3,329,12,,,,13.12,13.65,,0.31,,
14475,NGC1518,74,3,157,7,,,,11.72,12.25,,0.78,,
14478,UGC02958,81,3,462,16,,,,12.76,13.30,,0.29,,
14502,UGC02963,83,3,411,8,,,,12.17,12.70,,0.54,,
14504,UGC02962,90,1,308,18,,,,14.60,15.19,,0.30,,
14514,NGC1519,79,3,186,16,,,,12.85,13.33,,0.40,,
14531,UGC02955,77,3,454,5,,,,12.73,13.29,,0.28,,
14548,ESO359-022,80,3,82,14,,,,16.52,17.33,,0.25,,
14551,UGC02966,76,3,159,8,,,,15.40,15.73,,0.30,,
14559,UGC02969,73,3,264,18,14.24,13.75,13.48,,,0.31,,13.27,0.32
14587,UGC02973,80,3,506,20,,,,12.67,13.21,,0.21,,
14590,ESO420-006,73,3,81,17,,,,15.70,16.82,,0.47,,
14600,PGC014600,89,1,200,14,,,,14.01,14.31,,0.60,,
14606,PGC014606,71,3,507,19,,,,13.30,13.90,,0.33,,
14621,UGC02974,68,5,211,17,16.65,15.97,15.58,,,0.21,,15.00,0.21
14622,PGC014622,61,4,513,19,,,,12.89,13.45,,0.22,,
14626,PGC014626,82,3,178,19,,,,14.83,15.36,,0.42,,
14627,UGC02976,68,4,373,19,,,,13.09,13.61,,0.29,,
14638,NGC1532,82,3,518,13,,,,9.12,9.69,,1.50,,
14651,UGC02982,70,3,368,7,14.84,13.76,13.16,,,0.27,,12.46,0.21
14664,ESO359-029,63,10,121,11,,,,14.45,15.22,,0.46,,
14665,UGC02983,73,3,403,10,,,,12.55,13.07,,0.31,,
14676,PGC014676,60,4,412,17,15.43,14.65,14.27,,,0.19,,13.79,0.15
14687,UGC02985,73,3,321,17,,,,12.28,12.76,,0.26,,
14688,UGC02986,79,4,200,13,,,,13.13,13.59,,0.26,,
14693,UGC02988,82,3,446,7,14.63,13.43,12.72,11.98,12.58,0.44,0.48,11.79,0.50
14718,UGC02994,53,4,237,14,,,,13.47,14.03,,0.34,,
14751,UGC02995,85,2,220,19,16.31,15.63,15.26,,,0.25,,14.93,0.47
14768,PGC014768,75,3,168,8,,,,14.07,14.65,,0.44,,
14774,ESO360-004,53,4,172,20,,,,14.38,14.86,,0.25,,
14780,PGC014780,66,4,414,19,,,,13.35,13.91,,0.33,,
14790,UGC03002,55,4,198,18,,,,14.04,14.67,,0.30,,
14791,PGC014791,88,2,456,20,,,,13.59,14.04,,0.24,,
14803,UGC03004,52,4,170,19,,,,12.90,13.47,,0.28,,
14804,UGC03005,90,1,193,19,,,,14.93,15.12,,0.36,,
14814,NGC1559,61,4,242,13,,,,10.20,10.62,,0.71,,
14818,NGC1556,71,3,164,15,,,,13.21,13.71,,0.28,,
14836,UGC02987,74,3,210,18,,,,15.54,15.89,,0.27,,
14849,UGC03010,63,4,200,8,14.71,14.19,13.92,,,0.33,,13.55,0.20
14853,UGC03009,85,2,248,12,15.26,14.49,14.06,13.88,14.47,0.38,0.44,13.52,0.47
14892,UGC03014,57,4,175,9,,,,13.79,14.35,,0.29,,
14901,PGC014901,82,3,328,15,15.54,14.66,14.19,,,0.17,,13.97,0.45
14914,PGC014914,62,4,248,18,,,,13.72,14.19,,0.21,,
14920,UGC03017,85,3,209,19,16.27,15.40,14.92,,,0.25,,14.45,0.62
14936,ESO550-024,72,5,168,13,,,,12.38,13.30,,1.07,,
14970,PGC014970,46,6,135,14,,,,14.01,14.54,,0.20,,
15009,UGC03025,86,2,274,11,,,,14.31,14.85,,0.26,,
15027,UGC03029,52,4,233,19,14.68,14.03,13.65,,,0.25,,13.49,0.12
15031,UGC03027,88,2,82,20,16.80,15.49,14.61,,,0.29,,13.56,0.82
15047,UGC03028,63,4,417,11,14.03,13.08,12.46,,,0.48,,11.78,0.16
15059,UGC03038,80,3,475,19,15.23,14.28,13.73,,,0.26,,13.37,0.33
15074,PGC015074,50,4,218,17,15.33,14.73,14.37,,,0.19,,14.08,0.11
15084,UGC03026,67,4,412,18,,,,13.25,13.75,,0.20,,
15103,UGC03030,68,6,200,16,,,,13.89,14.40,,0.39,,
15142,ESO360-010,69,3,65,18,,,,16.83,17.56,,0.41,,
15157,UGC03036,80,3,422,20,,,,13.59,14.09,,0.19,,
15181,UGC03054,89,1,202,20,16.15,15.32,14.84,,,0.40,,14.58,0.80
15212,UGC03042,70,6,270,12,,,,12.23,12.77,,0.46,,
15222,PGC015222,57,4,202,16,15.21,14.62,14.34,,,0.12,,13.96,0.16
15225,UGC03043,89,1,380,17,,,,14.04,14.41,,0.21,,
15259,PGC015259,88,2,298,17,15.11,14.45,14.09,13.71,14.22,0.36,0.39,13.99,0.68
15263,UGC03048,49,6,257,16,,,,12.26,12.78,,0.33,,
15273,ESO360-013,87,2,327,20,,,,13.51,13.96,,0.38,,
15283,PGC015283,67,4,163,14,14.80,14.27,13.90,,,0.38,,13.72,0.20
15294,UGC03059,76,3,368,16,,,,12.91,13.39,,0.51,,
15331,NGC1586,60,4,295,18,13.41,12.83,12.50,12.63,13.22,0.36,0.35,12.42,0.18
15342,NGC1589,83,3,606,13,12.30,11.39,10.88,,,0.59,,10.72,0.00
15345,NGC1569,78,3,83,9,,,,10.12,10.51,,0.58,,
15349,PGC015349,49,6,483,17,,,,12.57,13.23,,0.29,,
15355,UGC03066,52,4,314,8,,,,12.50,13.06,,0.35,,
15356,UGC03070,59,4,156,10,,,,14.23,14.89,,0.27,,
15359,ESO421-006,87,2,195,17,,,,15.23,15.82,,0.26,,
15387,PGC015387,50,4,224,18,,,,13.66,14.26,,0.37,,
15389,UGC03075,88,2,258,18,15.82,14.98,14.66,,,0.15,,14.36,0.81
15455,ESO202-035,87,2,275,16,,,,12.49,13.03,,0.41,,
15460,PGC015460,54,4,313,19,15.32,14.65,14.28,13.92,13.66,0.14,0.14,14.14,0.01
15461,UGC03078,82,3,417,7,,,,12.43,12.90,,0.29,,
15481,UGC03084,82,3,322,14,14.94,13.97,13.48,,,0.52,,12.89,0.51
15488,NGC1560,89,1,143,6,,,,11.06,11.80,,2.36,,
15495,PGC015495,89,1,277,20,,,,14.31,14.92,,0.35,,
15509,UGC03057,66,4,323,15,,,,12.99,13.42,,0.26,,
15512,UGC03088,53,4,205,19,16.10,15.45,14.93,,,0.24,,14.60,0.13
15517,ESO551-013,60,4,308,12,,,,13.48,14.07,,0.28,,
15533,UGC03089,48,6,301,10,,,,12.67,13.22,,0.26,,
15574,UGC03093,80,3,342,19,15.48,14.84,14.46,,,0.22,,14.19,0.45
15586,PGC015586,79,3,490,19,14.55,13.83,13.40,,,0.32,,13.23,0.39
15590,PGC015590,60,4,317,17,,,,13.72,14.22,,0.19,,
15597,ESO551-016,81,3,128,20,,,,14.29,15.37,,0.48,,
15599,UGC02886A,87,2,688,19,,,,14.00,14.47,,0.25,,
15604,UGC03085,84,3,258,17,,,,13.60,14.10,,0.23,,
15611,NGC1618,72,3,380,10,,,,11.98,12.52,,0.44,,
15627,UGC03102,65,6,241,18,,,,12.69,13.21,,0.29,,
15635,NGC1622,82,3,581,12,,,,11.64,12.25,,0.71,,
15637,UGC03104,69,3,211,20,,,,12.98,13.68,,0.24,,
15638,NGC1620,74,3,427,17,12.54,11.82,11.41,11.38,11.94,0.84,0.66,11.30,0.33
15668,UGC03107,81,3,449,18,15.48,14.56,14.03,,,0.25,,13.63,0.45
15673,UGC03109,51,4,127,14,15.17,14.74,14.52,,,0.29,,14.44,0.09
15674,NGC1628,86,2,448,15,13.65,12.85,12.41,,,0.43,,12.27,0.61
15691,IC0382,56,4,340,10,,,,12.06,12.58,,0.37,,
15693,UGC03092,90,1,307,16,,,,13.97,14.60,,0.26,,
15706,ESO551-022,80,3,406,17,,,,13.25,13.71,,0.18,,
15729,ESO485-003,72,3,244,20,,,,12.35,12.72,,0.19,,
15731,UGC03119,76,3,456,16,15.22,14.23,13.70,,,0.28,,13.01,0.29
15734,ESO485-004,90,1,244,20,,,,14.54,15.01,,0.28,,
15749,ESO157-049,83,3,215,9,,,,12.58,13.06,,0.28,,
15753,ESO485-005,88,2,250,18,,,,14.98,15.53,,0.20,,
15755,UGC03121,87,2,461,15,,,,12.78,13.37,,0.25,,
15760,UGC03122,49,6,330,15,,,,12.59,13.10,,0.39,,
15767,PGC015767,53,4,277,19,,,,13.38,13.91,,0.25,,
15788,UGC03120,58,4,250,18,,,,13.66,14.19,,0.23,,
15789,UGC03127,86,2,186,9,,,,14.00,14.60,,0.57,,
15793,UGC03114,78,3,361,14,,,,12.54,13.18,,0.49,,
15810,UGC03110,71,3,409,17,,,,12.04,12.60,,0.47,,
15822,PGC015822,50,5,208,20,,,,14.32,15.06,,0.26,,
15838,UGC03101,54,5,182,16,,,,14.47,15.08,,0.36,,
15866,UGC03138,77,3,499,19,,,,11.97,12.73,,0.38,,
15869,PGC015869,54,4,188,12,,,,13.87,14.38,,0.31,,
15870,PGC015870,62,4,468,19,,,,13.09,13.57,,0.37,,
15919,UGC03131,67,4,308,16,,,,13.60,14.13,,0.31,,
15924,UGC03148,52,5,327,13,,,,13.01,13.64,,0.22,,
15967,UGC03137,90,1,225,12,,,,12.83,13.49,,0.76,,
15972,UGC03146,69,3,249,18,,,,14.39,14.85,,0.27,,
15977,NGC1659,54,4,327,18,12.97,12.44,12.14,,,0.29,,12.07,0.05
15982,UGC03161,90,1,499,19,16.00,15.10,14.62,,,0.24,,14.42,0.98
15986,UGC03143,90,1,329,16,,,,13.59,14.13,,0.35,,
15992,UGC03162,67,4,230,8,,,,14.22,14.75,,0.35,,
15996,ESO361-009,71,3,103,17,,,,14.94,15.65,,0.67,,
16001,UGC03149,60,4,407,18,,,,12.22,12.78,,0.27,,
16027,UGC03147,64,4,247,7,,,,12.84,13.16,,0.29,,
16033,UGC03172,90,1,343,18,,,,13.41,13.94,,0.35,,
16036,ESO485-012,89,1,346,17,,,,13.26,13.83,,0.38,,
16050,NGC1688,50,4,155,9,,,,11.76,12.30,,0.62,,
16058,NGC1680,72,3,279,18,,,,13.38,13.95,,0.28,,
16059,UGC03174,56,4,101,8,14.57,14.18,13.87,,,0.79,,13.71,0.07
16067,IC2095,89,2,139,17,15.52,15.22,15.09,15.73,16.46,0.33,0.37,15.02,0.38
16092,UGC03167,87,2,437,20,,,,12.13,12.56,,0.25,,
16101,ESO552-009,51,4,292,20,,,,14.08,14.71,,0.23,,
16110,UGC03159,63,5,276,17,,,,13.46,14.02,,0.27,,
16116,ESO361-012,88,2,272,12,,,,14.05,14.54,,0.48,,
16118,PGC016118,59,4,218,19,,,,14.25,14.85,,0.31,,
16139,PGC016139,52,4,172,17,,,,14.22,14.85,,0.26,,
16144,IC2098,90,1,323,7,14.38,13.62,13.20,,,0.61,,13.11,0.98
16166,NGC1687,74,8,273,17,,,,13.70,14.33,,0.27,,
16186,UGC03184,87,2,386,7,,,,12.51,12.93,,0.22,,
16187,IC2101,81,3,331,14,13.96,13.33,12.97,12.68,13.10,0.40,0.38,12.88,0.48
16189,UGC03187,55,4,220,18,,,,13.99,14.69,,0.29,,
16191,UGC03186,90,1,240,14,,,,14.74,15.33,,0.48,,
16199,ESO361-015,79,3,181,15,,,,12.77,13.38,,0.57,,
16205,ESO552-015,90,1,430,18,,,,14.05,14.57,,0.37,,
16216,UGC03175,86,2,486,13,,,,12.53,13.10,,0.40,,
16217,ESO552-016,88,2,154,17,,,,16.54,17.23,,0.29,,
16227,UGC03191,62,5,439,19,,,,13.56,14.24,,0.29,,
16236,ESO485-021,46,6,65,13,,,,13.19,13.99,,0.88,,
16239,NGC1686,85,2,479,14,,,,12.70,13.28,,0.37,,
16248,UGC03195,55,4,467,19,,,,13.83,14.37,,0.24,,
16256,PGC016256,54,4,169,12,,,,14.22,14.62,,0.30,,
16271,UGC03185,53,4,273,16,,,,13.55,14.05,,0.29,,
16272,PGC016272,80,3,389,18,,,,12.83,13.24,,0.30,,
16285,PGC016285,63,4,208,20,,,,14.49,15.09,,0.34,,
16299,ESO085-014,74,3,173,13,,,,13.09,13.55,,0.70,,
16301,UGC03189,74,3,334,15,,,,13.54,14.14,,0.33,,
16302,PGC016302,70,3,279,16,,,,13.53,14.06,,0.35,,
16317,ESO361-019,75,3,111,10,,,,14.04,14.54,,0.35,,
16322,PGC016322,89,2,374,8,14.18,13.35,12.90,12.40,12.92,0.38,0.38,12.82,0.88
16324,PGC016324,77,3,413,6,,,,12.32,12.95,,0.38,,
16338,ESO422-010,66,4,453,20,,,,12.99,13.58,,0.28,,
16359,UGC03207,76,5,497,10,,,,12.10,12.71,,0.38,,
16360,UGC03205,69,3,417,6,,,,11.93,12.59,,0.40,,
16367,IC2104,58,5,364,13,,,,12.29,12.84,,0.18,,
16369,UGC03209,63,4,329,18,,,,13.95,14.57,,0.25,,
16373,IC2106,54,4,367,18,,,,12.55,13.11,,0.40,,
16379,PGC016379,63,4,243,14,,,,13.56,14.17,,0.40,,
16382,PGC016382,66,4,171,20,15.22,14.78,14.55,,,0.17,,14.44,0.23
16400,UGC03211,80,3,244,11,,,,14.40,15.00,,0.36,,
16420,UGC03214,87,2,547,13,13.42,12.50,11.98,,,0.57,,11.81,0.53
16421,UGC03204,80,3,269,19,,,,13.67,14.21,,0.38,,
16423,IC0396,61,4,216,18,,,,10.96,11.54,,0.55,,
16424,ESO552-031,79,3,87,18,,,,16.72,16.93,,0.31,,
16436,PGC016436,85,2,334,9,,,,12.85,13.36,,0.36,,
16469,UGC03219,73,3,283,16,,,,14.31,14.80,,0.31,,
16482,UGC03223,63,7,420,19,,,,12.42,12.97,,0.27,,
16485,NGC1720,52,4,412,19,,,,11.45,12.00,,0.31,,
16499,NGC1730,62,4,524,19,,,,11.47,12.11,,0.38,,
16502,ESO486-003,71,5,142,11,,,,15.34,15.85,,0.38,,
16504,ESO552-043,62,4,280,16,,,,14.00,14.56,,0.26,,
16507,PGC016507,88,2,326,12,,,,13.06,13.64,,0.38,,
16517,NGC1744,69,3,187,7,,,,11.54,12.15,,1.23,,
16521,UGC03217,61,4,504,17,,,,12.75,13.35,,0.32,,
16530,PGC016530,82,3,251,16,,,,14.06,14.62,,0.39,,
16537,UGC03218,53,4,495,15,,,,11.48,12.04,,0.39,,
16568,PGC016568,78,3,496,19,,,,12.35,12.85,,0.30,,
16600,NGC1752,75,3,437,7,,,,11.49,12.12,,0.46,,
16603,ESO422-023,62,4,378,20,,,,12.89,13.54,,0.35,,
16605,PGC016605,70,3,369,15,,,,12.26,12.87,,0.35,,
16611,PGC016611,70,3,254,19,,,,14.13,14.75,,0.46,,
16613,UGC03231,66,4,254,16,14.47,13.92,13.62,,,0.28,,13.45,0.22
16617,NGC1796,61,4,172,13,,,,12.11,12.63,,0.44,,
16636,PGC016636,88,2,390,19,13.96,13.19,12.72,,,0.50,,12.59,0.79
16641,ESO486-020,76,3,261,12,,,,14.27,14.68,,0.31,,
16642,UGC03232,70,3,382,12,,,,12.69,13.15,,0.37,,
16646,UGC03237,85,2,290,7,14.83,14.23,13.89,,,0.33,,13.71,0.58
16650,UGC03236,67,4,390,17,,,,13.79,14.20,,0.24,,
16654,NGC1762,55,4,420,11,,,,12.02,12.54,,0.30,,
16668,UGC03240,84,3,477,19,,,,13.30,13.69,,0.19,,
16672,IC0401,75,3,313,14,,,,12.55,13.18,,0.34,,
16677,UGC03227,71,3,333,18,,,,13.90,14.41,,0.23,,
16678,PGC016678,87,2,373,14,,,,13.65,14.21,,0.31,,
16687,UGC03242,89,1,460,19,,,,13.02,13.60,,0.25,,
16702,ESO422-027,49,6,219,18,,,,13.50,13.98,,0.35,,
16709,NGC1792,66,4,296,11,,,,9.38,9.85,,0.83,,
16716,NGC1784,52,4,324,7,,,,10.75,11.38,,0.78,,
16722,UGC03235,62,6,213,14,,,,14.47,14.97,,0.44,,
16735,PGC016735,59,5,191,18,,,,14.94,15.57,,0.31,,
16751,ESO553-003,49,6,283,19,,,,12.89,13.47,,0.34,,
16754,ESO553-004,86,2,243,20,,,,13.97,14.51,,0.17,,
16761,NGC1824,81,3,146,13,,,,12.97,13.59,,0.64,,
16764,UGC03248,72,3,428,14,,,,13.16,13.68,,0.29,,
16769,PGC016769,73,3,378,15,,,,13.31,14.08,,0.28,,
16772,PGC016772,90,2,224,17,,,,14.18,14.73,,0.48,,
16779,NGC1808,68,7,271,7,,,,8.94,9.37,,0.60,,
16849,NGC1827,86,2,160,6,,,,12.49,13.03,,0.55,,
16850,PGC016850,72,3,188,12,,,,13.61,14.21,,0.44,,
16854,ESO422-040,79,3,405,19,,,,13.10,13.63,,0.30,,
16858,UGC03250,55,4,431,13,,,,11.93,12.58,,0.42,,
16874,ESO553-016,78,3,216,12,,,,14.97,15.46,,0.48,,
16875,PGC016875,84,3,265,7,,,,12.53,13.03,,0.35,,
16878,ESO553-017,85,2,146,16,,,,15.28,15.80,,0.29,,
16889,UGC03264,62,4,204,19,14.18,13.30,12.83,12.88,13.58,0.14,0.18,12.63,0.14
16894,PGC016894,49,6,218,10,,,,12.15,12.83,,0.72,,
16906,NGC1832,51,4,274,10,,,,10.84,11.36,,0.45,,
16911,NGC1853,75,3,192,14,,,,12.78,13.34,,0.47,,
16917,PGC016917,74,3,233,15,,,,14.19,14.83,,0.30,,
16926,PGC016926,85,2,242,17,,,,13.71,14.29,,0.27,,
16930,PGC016930,63,4,164,13,14.59,14.11,13.84,14.07,14.69,0.22,0.25,13.67,0.17
16957,PGC016957,51,4,114,11,,,,11.53,12.15,,2.03,,
16975,PGC016975,70,3,528,20,,,,13.43,14.05,,0.20,,
16976,ESO305-017,85,2,146,13,,,,14.40,15.09,,0.46,,
16983,ESO423-002,84,3,223,15,,,,12.66,13.29,,0.49,,
16984,UGC03270,63,4,344,17,,,,14.30,14.86,,0.19,,
16989,PGC016989,69,3,357,18,,,,13.87,14.25,,0.18,,
16990,ESO486-040,56,4,281,17,,,,13.95,14.52,,0.26,,
16993,PGC016993,69,3,433,12,,,,12.20,12.73,,0.33,,
16997,UGC03267,52,4,352,16,,,,12.73,13.36,,0.20,,
17015,PGC017015,83,3,286,14,,,,12.94,13.44,,0.30,,
17027,ESO362-011,86,2,269,13,,,,11.54,12.05,,0.69,,
17031,UGC03275,85,3,498,18,,,,13.27,13.85,,0.28,,
17042,NGC1892,80,3,203,13,,,,12.02,12.56,,0.49,,
17044,UGC03279,85,3,611,19,,,,12.66,13.07,,0.30,,
17052,PGC017052,74,3,295,19,,,,14.49,15.09,,0.18,,
17056,IC0407,83,3,349,10,,,,12.38,12.99,,0.33,,
17058,UGC03283,88,2,338,13,15.52,14.70,14.25,,,0.34,,13.93,0.82
17064,ESO423-004,85,2,264,19,,,,14.11,14.69,,0.25,,
17084,UGC03277,74,3,348,20,,,,13.29,13.84,,0.44,,
17087,PGC017087,71,3,336,10,,,,14.08,14.56,,0.15,,
17095,UGC03286,72,3,349,20,15.30,14.50,13.95,,,0.27,,13.44,0.30
17104,UGC03253,62,4,335,12,13.68,13.04,12.63,,,0.31,,12.51,0.18
17113,NGC1879,51,4,130,15,,,,12.98,13.58,,0.60,,
17125,UGC03289,72,3,300,17,,,,14.00,14.38,,0.18,,
17126,PGC017126,72,3,398,12,,,,13.23,13.64,,0.18,,
17157,ESO362-019,81,3,132,8,,,,14.07,14.59,,0.56,,
17159,UGC03276,89,1,282,10,,,,12.98,13.61,,0.26,,
17162,UGC03284,52,4,195,17,,,,14.45,15.03,,0.23,,
17165,UGC03295,73,3,380,16,,,,13.34,13.98,,0.35,,
17170,UGC03257,71,3,158,18,,,,13.09,13.76,,0.29,,
17174,NGC1886,90,1,335,11,,,,11.65,12.19,,0.48,,
17178,UGC03292,77,4,460,20,,,,13.65,14.20,,0.29,,
17187,ESO487-004,83,3,466,16,,,,13.22,13.60,,0.20,,
17195,NGC1888,85,2,55,5,,,,10.84,11.41,,0.46,,
17229,IC0416,64,4,269,10,,,,13.36,13.89,,0.31,,
17248,PGC017248,89,2,464,11,,,,12.29,12.95,,0.36,,
17309,PGC017309,56,4,378,14,15.44,14.76,14.36,,,0.15,,14.12,0.14
17326,UGC03310,79,3,516,18,,,,13.10,13.74,,0.28,,
17340,ESO554-002,51,4,159,10,,,,13.89,14.64,,0.38,,
17344,UGC03309,49,6,366,18,,,,12.87,13.38,,0.23,,
17359,UGC03314,90,1,179,7,,,,14.23,15.01,,0.55,,
17378,UGC03316,54,4,170,8,,,,14.74,15.29,,0.39,,
17380,ESO487-018,71,3,364,19,,,,14.10,14.65,,0.19,,
17395,PGC017395,81,3,266,9,,,,12.53,12.96,,0.27,,
17402,IC2130,65,4,154,20,,,,13.08,13.65,,0.48,,
17422,NGC1954,57,4,457,10,,,,11.35,11.85,,0.77,,
17426,UGC03311,88,2,105,14,,,,15.73,16.36,,0.36,,
17433,IC2135,87,2,226,11,,,,11.78,12.31,,0.59,,
17436,NGC1964,75,3,409,10,,,,10.09,10.60,,0.44,,
17444,UGC03321,65,4,525,19,14.51,13.56,13.04,,,0.28,,12.54,0.00
17456,UGC03319,90,1,332,17,,,,13.40,13.85,,0.28,,
17462,UGC03322,63,4,437,18,,,,13.36,14.06,,0.26,,
17463,IC2137,55,4,201,20,,,,12.82,13.51,,0.29,,
17475,PGC017475,89,1,305,12,,,,14.76,15.33,,0.27,,
17502,PGC017502,82,3,380,18,,,,13.64,14.16,,0.27,,
17504,UGC03328,81,3,377,18,14.58,13.68,13.15,,,0.26,,12.65,0.15
17509,UGC03329,69,3,484,13,,,,12.26,12.90,,0.40,,
17513,ESO554-018,88,2,195,12,,,,15.13,15.86,,0.40,,
17525,ESO487-030,90,1,160,19,,,,16.03,16.90,,0.62,,
17554,UGC03332,83,3,440,9,,,,12.49,13.00,,0.35,,
17556,PGC017556,73,3,232,17,,,,14.67,15.06,,0.32,,
17561,UGC03326,90,1,543,17,,,,11.91,12.40,,0.73,,
17567,ESO120-012,52,4,104,12,,,,13.69,14.38,,0.52,,
17572,ESO554-023,52,4,207,17,,,,13.90,14.44,,0.20,,
17595,ESO363-015,55,5,134,14,,,,12.97,13.31,,0.80,,
17597,ESO554-024,58,4,245,16,,,,13.72,14.23,,0.29,,
17619,ESO487-035,86,2,160,13,,,,13.48,13.97,,0.70,,
17625,NGC1961,54,4,658,8,,,,10.08,10.59,,0.74,,
17655,ESO554-028,84,3,140,14,,,,14.31,14.86,,0.34,,
17657,NGC2049,76,3,418,18,,,,12.14,12.81,,0.33,,
17692,UGC03342,81,3,411,12,,,,13.37,13.96,,0.48,,
17736,UGC03343,86,2,168,11,,,,12.93,13.54,,0.44,,
17776,UGC03351,87,2,451,15,,,,11.62,11.93,,0.27,,
17810,IC2143,70,3,324,8,,,,12.06,12.57,,0.41,,
17819,NGC2090,71,3,276,9,,,,10.36,10.99,,0.69,,
17822,NGC2104,67,4,170,15,,,,13.02,13.60,,0.40,,
17831,UGC03354,88,2,396,11,,,,11.65,12.14,,0.37,,
17941,ESO555-001,56,4,495,20,,,,12.94,13.62,,0.27,,
17969,ESO555-002,87,2,320,11,,,,12.47,13.00,,0.42,,
17974,ESO488-040,73,4,481,20,,,,12.83,13.17,,0.18,,
18000,IC2150,79,3,352,8,,,,12.35,12.98,,0.57,,
18007,UGC03366,50,4,268,18,,,,13.16,13.72,,0.24,,
18013,UGC03368,84,3,314,11,,,,13.62,14.15,,0.27,,
18028,ESO555-006,78,3,399,17,,,,12.43,13.14,,0.23,,
18033,UGC03369,80,3,232,20,,,,14.81,15.61,,0.49,,
18039,UGC03365,85,2,540,17,,,,12.47,13.14,,0.44,,
18089,UGC03375,62,4,490,11,,,,11.83,12.40,,0.44,,
18109,PGC018109,53,4,295,15,,,,12.95,13.57,,0.30,,
18128,UGC03372,79,3,296,17,,,,13.91,14.48,,0.23,,
18143,ESO555-015,59,4,184,20,,,,14.91,15.73,,0.39,,
18147,NGC2124,76,3,424,19,,,,11.82,12.40,,0.45,,
18148,IC2152,46,6,194,17,,,,12.32,12.92,,0.23,,
18161,UGC03379,67,5,369,14,,,,12.22,12.80,,0.36,,
18169,ESO488-049,73,3,149,10,,,,14.87,15.49,,0.51,,
18172,NGC2131,69,3,152,12,,,,14.33,14.92,,0.22,,
18181,UGC03373,55,4,267,13,,,,13.15,13.65,,0.32,,
18191,UGC03383,55,4,345,15,,,,12.58,13.07,,0.20,,
18220,PGC018220,50,4,323,18,,,,12.58,13.08,,0.19,,
18223,ESO555-018,63,4,444,20,,,,12.61,13.09,,0.22,,
18232,ESO425-002,56,4,168,11,,,,13.99,14.77,,0.81,,
18259,ESO555-022,80,3,170,14,,,,13.01,13.48,,0.59,,
18299,UGC03390,50,4,211,5,,,,12.58,13.13,,0.56,,
18340,PGC018340,79,3,216,20,,,,13.97,14.32,,0.16,,
18369,ESO555-029,86,2,270,13,,,,13.64,14.32,,0.52,,
18373,PGC018373,84,3,240,6,,,,12.80,13.31,,0.71,,
18377,ESO488-060,73,3,208,10,,,,13.02,13.50,,0.80,,
18389,PGC018389,72,5,279,17,15.08,14.47,14.13,14.00,14.51,0.14,0.15,14.01,0.30
18394,ESO005-004,88,2,413,16,,,,10.50,11.00,,0.56,,
18435,ESO555-035,50,4,284,17,,,,13.79,14.35,,0.19,,
18437,ESO121-006,90,1,281,13,,,,11.22,11.66,,0.59,,
18444,ESO555-036,90,1,393,13,,,,13.40,13.85,,0.55,,
18445,ESO489-006,58,4,192,15,,,,12.76,13.30,,0.51,,
18487,ESO425-011,90,1,220,18,,,,14.73,15.33,,0.42,,
18488,ESO425-010,54,4,254,17,,,,13.23,13.83,,0.40,,
18494,UGC03407,54,4,279,16,,,,12.41,13.08,,0.19,,
18511,ESO555-040,90,1,359,17,,,,13.65,14.29,,0.26,,
18536,NGC2188,79,4,113,13,,,,11.71,12.30,,1.02,,
18556,UGC03406,88,2,237,16,,,,14.97,15.55,,0.28,,
18557,UGC03403,80,3,226,10,,,,12.18,12.76,,0.59,,
18558,UGC03409,78,3,111,20,15.89,15.54,15.45,,,0.41,,15.27,0.17
18565,PGC018565,53,4,246,15,14.77,13.96,13.39,,,0.24,,12.75,0.11
18566,ESO364-039,49,6,369,20,,,,12.33,13.07,,0.32,,
18581,PGC018581,55,4,209,16,,,,12.53,13.09,,0.29,,
18608,UGC03417,86,2,488,20,,,,12.90,13.46,,0.30,,
18637,PGC018637,89,1,500,18,14.13,13.18,12.62,12.48,13.14,0.19,0.19,12.38,0.34
18646,UGC03415,88,2,166,15,,,,16.31,16.96,,0.38,,
18662,UGC03416,67,4,282,15,,,,13.26,13.84,,0.40,,
18699,UGC03425,88,2,438,16,,,,12.05,12.58,,0.53,,
18705,UGC03433,76,3,214,6,14.69,13.84,13.29,,,0.59,,12.67,0.32
18708,ESO556-005,56,4,292,19,,,,13.30,13.93,,0.29,,
18709,UGC03422,54,5,402,17,,,,12.39,13.05,,0.45,,
18716,UGC03428,76,3,190,17,,,,16.09,16.60,,0.35,,
18718,ESO489-023,46,6,150,15,,,,14.68,15.39,,0.38,,
18719,UGC03412,72,3,256,14,,,,14.35,14.97,,0.33,,
18726,PGC018726,86,2,414,18,,,,12.95,13.41,,0.18,,
18728,UGC03430,72,3,316,20,14.98,14.04,13.54,13.15,13.68,0.19,0.20,13.28,0.21
18729,PGC018729,88,2,341,20,,,,12.82,13.19,,0.21,,
18736,NGC2206,58,4,500,17,,,,11.74,12.29,,0.46,,
18739,UGC03420,79,3,494,13,,,,12.22,12.80,,0.44,,
18747,UGC03432,79,3,285,10,,,,14.10,14.59,,0.35,,
18762,PGC018762,75,3,384,17,,,,13.02,13.49,,0.20,,
18764,UGC03413,53,4,264,11,,,,12.16,12.73,,0.41,,
18765,ESO489-029,85,2,315,16,,,,11.75,12.27,,0.52,,
18778,UGC03423,87,2,211,15,,,,15.53,16.30,,0.27,,
18781,ESO556-012,60,5,211,19,,,,14.44,14.94,,0.43,,
18800,UGC03436,55,4,201,13,15.08,14.51,14.22,,,0.36,,13.94,0.12
18805,PGC018805,79,3,388,13,,,,13.03,13.47,,0.25,,
18807,IC0440,54,4,342,20,,,,12.10,12.75,,0.35,,
18813,PGC018813,53,4,387,11,,,,12.31,12.84,,0.33,,
18848,PGC018848,53,4,205,10,,,,12.81,13.38,,0.48,,
18855,PGC018855,78,3,274,6,,,,10.19,10.66,,1.03,,
18857,PGC018857,90,1,109,11,,,,15.12,15.81,,0.52,,
18859,ESO556-016,47,6,281,18,,,,14.10,14.72,,0.18,,
18872,UGC03449,83,3,339,18,,,,13.81,14.46,,0.26,,
18886,ESO426-001,81,4,139,8,,,,14.96,15.45,,0.85,,
18889,ESO556-018,72,3,77,17,,,,14.82,15.37,,0.33,,
18895,ESO365-010,59,7,423,16,,,,13.24,13.84,,0.20,,
18915,UGC03444,60,4,161,17,,,,15.64,-100.00,,0.30,,
18930,PGC018930,52,4,188,8,,,,13.65,14.12,,0.34,,
18960,NGC2146A,66,4,227,6,,,,12.64,13.29,,0.74,,
18964,UGC03459,52,4,283,12,,,,12.22,12.74,,0.32,,
18977,UGC03460A,90,1,220,5,,,,15.31,15.68,,0.30,,
18987,UGC03453,63,6,147,13,,,,13.48,14.03,,0.38,,
18989,PGC018989,51,4,143,9,14.99,14.38,14.12,,,0.15,,13.92,0.11
19024,ESO426-008,88,2,370,13,,,,13.96,14.47,,0.30,,
19030,NGC2227,62,4,259,6,,,,12.07,12.72,,0.56,,
19032,ESO489-055,87,2,347,19,,,,13.46,14.12,,0.36,,
19054,ESO426-010,74,3,242,6,,,,13.41,13.98,,0.28,,
19064,IC2166,53,4,310,6,,,,11.70,12.19,,0.64,,
19072,UGC03468,79,3,205,8,,,,13.56,14.19,,0.39,,
19073,UGC03467,51,4,394,20,,,,12.87,13.49,,0.23,,
19094,UGC03460,61,4,145,18,,,,12.82,13.35,,0.40,,
19119,ESO490-004,55,10,106,18,,,,15.36,16.02,,0.31,,
19121,ESO490-005,86,2,400,20,,,,13.78,14.26,,0.30,,
19161,UGC03475,58,4,170,7,,,,13.40,14.09,,0.60,,
19162,UGC03476,83,3,108,9,,,,14.69,15.34,,0.49,,
19170,UGC03473,90,1,399,20,,,,13.66,14.21,,0.27,,
19173,ESO490-007,53,4,152,13,,,,14.31,14.88,,0.40,,
19186,UGC03477,87,2,389,12,,,,13.46,14.18,,0.38,,
19201,ESO490-010,59,4,155,10,,,,13.13,13.86,,0.63,,
19215,UGC03479,75,3,415,17,15.02,14.24,13.75,,,0.20,,13.42,0.31
19217,ESO255-012,81,3,484,20,,,,13.38,13.89,,0.20,,
19221,UGC03481,79,4,334,15,,,,13.96,14.36,,0.16,,
19222,UGC03474,89,1,357,12,,,,12.49,13.02,,0.51,,
19228,UGC03478,71,4,361,16,,,,11.79,12.00,,0.27,,
19229,ESO365-027,55,4,398,18,,,,12.83,13.45,,0.33,,
19249,UGC03489,89,1,467,13,,,,12.49,13.01,,0.35,,
19260,NGC2255,60,4,348,17,,,,12.98,13.51,,0.26,,
19261,UGC03484,87,2,406,13,,,,13.51,14.07,,0.34,,
19274,UGC03485,90,1,108,12,16.85,16.60,16.46,17.10,17.36,0.34,0.67,16.33,0.67
19281,ESO557-005,86,2,592,19,15.51,14.46,13.86,,,0.30,,13.40,0.57
19292,UGC03498,82,3,341,7,,,,12.78,13.30,,0.27,,
19309,ESO087-031,89,2,438,18,,,,13.16,13.72,,0.27,,
19341,UGC03503,89,3,116,5,,,,15.15,15.89,,0.40,,
19343,PGC019343,65,4,188,9,,,,11.87,12.86,,1.18,,
19352,UGC03501,76,4,68,8,,,,16.55,17.33,,0.30,,
19355,NGC2263,67,4,316,8,,,,11.31,12.01,,0.57,,
19360,ESO557-009,63,4,255,15,13.97,13.25,12.78,12.77,13.35,0.54,0.53,12.36,0.19
19363,ESO366-004,81,3,346,13,,,,13.74,14.14,,0.55,,
19385,UGC03505,87,2,304,15,,,,13.94,14.46,,0.31,,
19390,UGC03502,73,3,404,16,14.36,13.67,13.22,,,0.28,,13.09,0.28
19397,NGC2273A,53,4,216,7,,,,12.11,12.66,,0.72,,
19402,ESO490-028,86,2,175,16,,,,13.62,14.38,,0.39,,
19405,ESO490-029,90,1,171,15,,,,14.67,15.25,,0.38,,
19413,ESO122-001,69,3,293,11,,,,11.56,12.05,,0.34,,
19418,ESO366-006,88,2,471,20,,,,13.37,13.90,,0.28,,
19447,PGC019447,89,1,233,18,16.64,16.08,15.79,16.05,16.56,0.22,0.24,15.65,0.52
19461,ESO490-031,69,3,241,15,,,,14.03,14.94,,0.46,,
19469,UGC03512,72,3,231,19,,,,15.51,15.49,,0.27,,
19475,UGC03513,73,3,312,12,,,,14.42,14.85,,0.22,,
19483,UGC03516,80,3,131,7,,,,14.97,15.65,,0.42,,
19500,UGC03514,79,3,368,19,,,,13.99,14.69,,0.21,,
19512,UGC03524,76,3,404,9,,,,12.13,12.54,,0.43,,
19518,ESO490-036,86,2,241,15,,,,13.03,13.59,,0.32,,
19526,IC2171,82,3,116,16,14.34,13.52,13.05,,,0.61,,12.34,0.47
19531,NGC2280,68,4,384,7,,,,10.51,11.06,,0.72,,
19549,UGC03534,76,8,214,13,,,,14.59,15.15,,0.37,,
19555,ESO427-005,83,3,112,15,,,,15.92,16.67,,0.33,,
19557,PGC019557,70,3,324,17,,,,13.97,14.44,,0.24,,
19571,UGC03532,73,3,366,19,,,,13.19,13.65,,0.19,,
19579,NGC2273B,54,5,215,6,,,,12.92,13.52,,0.69,,
19583,ESO490-042,50,4,91,20,,,,14.45,15.00,,0.19,,
19585,ESO490-044,59,4,219,20,,,,13.40,13.99,,0.33,,
19589,ESO490-045,84,3,188,7,,,,13.26,13.85,,0.81,,
19606,ESO490-046,80,3,244,18,,,,14.38,15.06,,0.23,,
19627,UGC03500,81,3,236,13,14.18,13.89,13.72,,,0.39,,13.63,0.40
19652,UGC03539,89,1,310,14,14.74,14.04,13.62,,,0.36,,13.47,0.92
19665,PGC019665,59,4,64,17,,,,13.17,13.76,,0.18,,
19671,UGC03553,67,4,242,18,,,,14.45,15.11,,0.29,,
19674,UGC03551,90,1,381,16,15.81,15.20,14.88,,,0.37,,14.71,0.85
19679,UGC03552,65,4,257,18,14.56,13.97,13.70,,,0.28,,13.55,0.22
19697,UGC03554,62,4,369,20,,,,12.66,13.13,,0.33,,
19700,UGC03565,84,3,306,15,16.12,15.41,15.00,,,0.29,,14.57,0.49
19705,ESO207-007,57,4,141,13,,,,13.48,14.04,,0.85,,
19725,IC0454,69,3,409,8,,,,11.71,12.34,,0.41,,
19732,UGC03561,69,3,349,13,,,,12.99,13.48,,0.17,,
19733,ESO427-014,75,3,196,17,,,,14.38,14.82,,0.30,,
19743,UGC03573,90,1,439,15,14.20,13.51,13.13,12.91,13.50,0.33,0.47,12.99,0.94
19781,UGC03582,49,6,150,12,15.32,15.01,14.42,,,0.38,,14.13,0.09
19785,ESO309-005,57,4,179,12,,,,13.42,14.06,,0.34,,
19788,UGC03576,62,4,356,18,,,,13.03,13.61,,0.25,,
19790,PGC019790,59,4,275,19,,,,14.22,14.77,,0.25,,
19792,UGC03584,88,2,284,14,,,,14.02,14.72,,0.42,,
19794,UGC03579,82,3,355,16,,,,13.66,14.16,,0.19,,
19795,PGC019795,80,3,370,19,,,,13.74,14.22,,0.19,,
19809,UGC03585,45,6,245,18,,,,14.19,14.67,,0.24,,
19813,UGC03587,79,3,221,11,,,,12.69,13.40,,0.83,,
19817,UGC03521,62,4,305,17,14.29,13.71,13.39,,,0.28,,13.27,0.20
19820,UGC03577,54,4,281,16,14.29,13.60,13.18,,,0.24,,13.09,0.13
19838,UGC03575,89,1,266,18,,,,14.35,14.89,,0.43,,
19841,UGC03540,85,2,127,16,15.35,15.02,14.84,,,0.33,,14.75,0.35
19856,UGC03593,65,4,388,17,,,,12.97,13.54,,0.37,,
19861,ESO491-009,78,3,268,6,,,,12.70,13.35,,0.44,,
19867,UGC03580,71,10,227,7,,,,12.23,12.81,,0.41,,
19871,UGC3600,81,3,98,8,15.35,14.95,14.61,,,0.56,,14.45,0.24
19874,UGC03597,90,2,442,19,,,,13.01,13.60,,0.38,,
19885,ESO491-011,90,1,163,19,,,,15.86,16.66,,0.54,,
19886,UGC03528,63,4,304,16,13.96,13.15,12.71,,,0.23,,12.57,0.18
19920,ESO491-012,84,3,343,10,,,,12.37,13.04,,0.34,,
19931,UGC03606,61,4,227,17,,,,14.25,14.93,,0.37,,
19974,UGC03622,81,3,291,8,,,,13.66,14.23,,0.29,,
19975,PGC019975,62,6,193,15,,,,13.99,41.00,,0.17,,
19979,UGC03624,89,1,416,18,,,,13.67,14.23,,0.28,,
19981,IC2175,60,4,430,13,,,,13.38,14.02,,0.30,,
19985,ESO366-030,83,3,168,10,,,,14.71,15.59,,0.40,,
19991,ESO256-012,70,3,76,13,,,,13.79,14.44,,0.34,,
19996,ESO491-015,83,3,356,7,,,,11.88,12.50,,0.39,,
19997,ESO558-005,56,4,550,20,,,,12.65,13.36,,0.32,,
19998,UGC03628,80,3,183,17,16.76,16.33,16.09,16.54,17.43,0.23,0.25,15.95,0.19
20007,UGC03627,51,4,255,16,,,,13.57,14.09,,0.26,,
20008,UGC03630,63,4,355,7,,,,10.85,11.38,,0.45,,
20014,ESO491-016,55,4,207,17,,,,14.10,14.59,,0.24,,
20027,UGC03637,78,3,222,7,,,,13.71,14.21,,0.26,,
20048,UGC03626,78,3,300,12,,,,14.99,15.43,,0.26,,
20062,UGC03638,59,6,343,16,,,,13.05,13.62,,0.24,,
20079,PGC020079,71,3,321,18,15.26,14.63,14.27,14.17,14.63,0.15,0.17,14.19,0.28
20083,UGC03652,78,3,348,14,,,,12.69,13.31,,0.40,,
20088,UGC03645,87,2,489,19,,,,12.91,13.52,,0.35,,
20112,UGC03658,80,3,135,19,,,,16.42,16.04,,0.27,,
20131,UGC03664,49,6,303,14,,,,14.16,14.65,,0.24,,
20133,UGC03644,61,4,202,17,,,,13.92,-100.00,,0.55,,
20143,UGC03636,71,3,339,10,,,,12.94,13.45,,0.18,,
20158,UGC03660,61,4,302,20,,,,12.14,12.72,,0.30,,
20167,ESO309-019,87,2,455,20,,,,13.26,13.78,,0.43,,
20184,UGC03657,89,1,141,17,,,,15.81,16.72,,0.25,,
20214,UGC03691,69,3,229,14,,,,12.54,13.07,,0.61,,
20222,NGC2339,49,6,316,8,,,,10.85,11.33,,0.41,,
20239,UGC03694,65,4,268,13,,,,14.72,15.35,,0.17,,
20241,PGC020241,79,3,201,18,,,,15.64,16.29,,0.20,,
20264,UGC03698,55,4,75,9,,,,15.45,16.23,,0.28,,
20274,PGC020274,61,4,266,12,,,,12.04,12.62,,0.55,,
20293,UGC03675,89,1,334,17,,,,13.29,13.96,,0.34,,
20324,ESO310-002,83,4,437,17,,,,12.94,13.44,,0.37,,
20335,UGC03726,75,3,482,11,,,,12.64,13.17,,0.24,,
20351,UGC03728,64,4,297,17,14.82,13.67,13.19,,,0.36,,13.02,0.21
20352,UGC03722,87,2,156,17,,,,16.36,17.15,,0.27,,
20353,UGC03724,51,4,392,12,,,,12.86,13.47,,0.28,,
20361,UGC03731,76,3,405,12,14.26,13.48,13.04,,,0.34,,12.90,0.34
20363,ESO492-002,51,4,307,13,,,,11.24,11.71,,0.33,,
20366,UGC03729,80,3,315,16,14.95,14.22,13.67,13.32,13.91,0.30,0.39,13.55,0.44
20380,UGC03732,80,3,331,17,,,,13.89,14.60,,0.19,,
20389,UGC03736,85,2,497,15,,,,13.24,13.86,,0.29,,
20405,PGC020405,81,3,466,15,,,,12.87,13.48,,0.28,,
20418,UGC03717,70,3,366,11,,,,12.32,12.90,,0.42,,
20441,UGC03741,62,4,544,19,,,,14.32,15.02,,0.25,,
20446,UGC03751,81,3,254,10,,,,12.90,13.49,,0.39,,
20458,NGC2268,54,4,365,18,11.89,11.25,10.88,10.87,11.44,0.57,0.49,10.77,0.10
20464,UGC03746,54,4,287,17,,,,14.51,15.16,,0.19,,
20479,UGC03766,59,4,38,8,,,,12.92,13.48,,0.27,,
20486,UGC03757,90,1,365,18,,,,14.01,14.52,,0.28,,
20487,UGC03763,86,2,322,18,,,,14.91,15.31,,0.27,,
20504,ESO428-009,86,2,260,15,,,,13.10,13.65,,0.34,,
20513,UGC03770,54,4,314,12,,,,13.31,13.88,,0.25,,
20526,UGC03749,87,2,172,10,,,,14.34,14.95,,0.48,,
20531,ESO162-017,74,4,152,13,,,,12.31,12.86,,0.51,,
20546,ESO367-007,53,4,248,19,,,,12.01,12.65,,0.43,,
20556,NGC2369,77,3,442,16,,,,10.81,11.23,,0.53,,
20559,UGC03776,83,3,294,8,,,,13.13,13.59,,0.36,,
20562,UGC03777,85,2,268,8,13.94,13.44,13.15,,,0.47,,13.05,0.59
20567,UGC03764,52,4,221,14,14.04,13.47,13.16,,,0.25,,13.08,0.12
20576,ESO428-018,85,2,154,16,,,,14.43,14.79,,0.35,,
20577,ESO428-017,85,2,245,10,,,,13.21,13.84,,0.37,,
20592,NGC2357,88,2,315,8,,,,12.00,12.50,,0.70,,
20603,UGC03783,90,1,360,19,,,,14.03,14.54,,0.26,,
20608,UGC03784,90,2,192,12,,,,15.77,16.42,,0.20,,
20627,PGC020627,78,3,313,19,,,,14.41,14.96,,0.17,,
20631,UGC03791,83,3,326,14,,,,13.59,14.24,,0.29,,
20637,ESO428-020,86,2,155,18,,,,14.11,14.66,,0.45,,
20670,ESO492-010,74,3,248,11,,,,13.44,13.94,,0.31,,
20685,UGC03802,81,3,401,18,14.60,13.75,13.28,,,0.19,,13.12,0.34
20699,UGC03805,79,3,440,17,,,,13.13,13.60,,0.25,,
20734,PGC020734,75,3,121,18,,,,14.74,15.42,,0.20,,
20744,UGC03808,65,5,185,16,,,,14.49,15.13,,0.51,,
20755,ESO367-018,70,4,346,20,,,,13.02,13.65,,0.25,,
20766,NGC2397,62,4,307,16,,,,10.73,11.25,,0.42,,
20827,PGC020827,88,2,260,20,,,,11.43,12.07,,0.31,,
20830,PGC020830,85,2,356,11,,,,13.46,14.02,,0.19,,
20835,UGC03820,89,1,299,8,,,,12.70,13.20,,0.35,,
20838,NGC2365,63,4,382,10,,,,11.40,12.01,,0.53,,
20844,UGC03804,59,4,294,10,,,,12.16,12.79,,0.37,,
20865,ESO123-009,71,3,274,18,,,,12.74,13.29,,0.48,,
20867,ESO428-025,71,3,88,20,,,,14.52,15.04,,0.26,,
20889,IC2185,58,4,255,18,14.66,14.00,13.70,,,0.16,,13.60,0.09
20903,ESO428-028,88,2,369,19,,,,11.34,11.80,,0.53,,
20924,PGC020924,55,4,358,17,14.86,14.16,13.83,,,0.11,,13.72,0.11
20933,UGC03828,51,4,246,13,,,,11.80,12.24,,0.35,,
20956,ESO428-031,86,2,273,14,,,,12.20,12.71,,0.47,,
20989,UGC03843,79,3,188,14,,,,15.60,16.05,,0.26,,
20992,PGC020992,56,4,144,18,15.59,15.21,14.97,,,0.11,,14.88,0.14
21013,PGC021013,61,4,311,19,,,,14.51,15.04,,0.19,,
21020,UGC03845,53,4,195,8,,,,13.28,13.88,,0.37,,
21021,UGC03836,48,6,173,14,14.69,14.31,14.08,14.55,15.19,0.29,0.29,14.00,0.08
21033,NGC2336,65,4,439,8,,,,10.20,10.77,,1.22,,
21040,PGC021040,73,3,290,19,,,,14.20,14.74,,0.20,,
21049,UGC03853,89,1,106,13,,,,16.12,17.17,,0.29,,
21086,UGC03866,77,3,323,9,15.14,14.62,14.24,,,0.20,,14.12,0.38
21087,UGC03869,58,4,250,6,14.97,14.54,14.32,,,0.13,,14.22,0.16
21102,NGC2366,69,7,90,8,,,,11.64,12.20,,3.06,,
21109,NGC2389,49,6,328,8,13.15,12.71,12.47,,,0.25,,12.37,0.09
21120,UGC03876,59,4,191,5,13.29,12.78,12.50,13.07,13.72,0.59,0.59,12.42,0.13
21136,UGC03879,90,1,248,10,14.71,14.29,14.08,,,0.45,,13.99,0.72
21154,NGC2393,55,4,265,13,14.15,13.63,13.33,,,0.27,,13.24,0.14
21161,ESO428-037,71,4,282,8,,,,11.58,12.17,,0.56,,
21162,UGC03881,61,4,182,10,,,,15.08,15.70,,0.22,,
21164,IC0467,71,3,286,17,,,,12.32,12.83,,0.58,,
21167,ESO123-016,80,3,257,18,,,,12.92,13.45,,0.53,,
21168,UGC03887,51,4,133,18,14.73,14.31,14.09,,,0.29,,13.99,0.11
21189,UGC03864,57,4,181,9,,,,14.42,15.09,,0.32,,
21197,UGC03892,83,3,404,18,,,,13.60,14.18,,0.28,,
21275,PGC021275,84,3,196,5,15.65,15.26,15.06,,,0.24,,14.98,0.47
21288,UGC03898,56,8,349,20,14.46,13.74,13.49,,,0.19,,13.40,0.07
21322,UGC03905,49,6,192,17,,,,13.54,14.06,,0.19,,
21328,IC2199,55,4,306,8,13.46,12.99,12.76,,,0.24,,12.68,0.12
21338,ESO257-019,89,1,321,15,,,,12.39,12.88,,0.47,,
21358,NGC2416,48,6,195,7,,,,13.57,14.04,,0.26,,
21375,NGC2427,62,4,236,13,,,,10.42,10.98,,1.62,,
21380,UGC03922,89,1,465,13,,,,13.38,13.91,,0.25,,
21383,PGC021383,83,3,263,5,,,,13.98,14.69,,0.30,,
21388,UGC03923,53,4,277,17,,,,13.98,14.46,,0.18,,
21396,NGC2403,58,4,241,10,8.45,8.09,7.88,8.28,8.80,3.37,3.04,7.81,0.15
21397,UGC03919,90,1,287,18,,,,14.29,14.76,,0.23,,
21398,UGC03909,85,2,164,8,,,,14.46,15.02,,0.42,,
21425,UGC03937,71,3,319,10,13.65,13.01,12.63,,,0.35,,12.54,0.28
21431,UGC03933,57,5,350,13,14.00,13.39,13.07,,,0.33,,12.97,0.14
21437,UGC03942,87,2,494,20,14.99,14.14,13.68,,,0.18,,13.58,0.45
21443,UGC03935,50,4,327,10,14.90,14.21,13.77,,,0.20,,13.51,0.11
21451,UGC03921,90,1,177,15,,,,15.56,16.16,,0.32,,
21453,ESO163-011,85,2,338,10,,,,11.72,12.19,,0.40,,
21475,UGC03944,63,4,268,13,14.12,13.63,13.33,,,0.31,,13.22,0.20
21488,ESO560-004,83,3,406,16,,,,11.55,12.05,,0.31,,
21492,PGC021492,71,3,406,6,,,,14.26,14.73,,0.16,,
21496,UGC03943,69,3,260,9,,,,13.88,14.37,,0.30,,
21503,UGC03955,89,1,332,5,,,,13.95,14.36,,0.34,,
21515,UGC03956,73,3,214,6,16.21,15.88,15.64,,,0.25,,15.58,0.21
21523,PGC021523,70,3,386,5,15.40,14.72,14.32,,,0.13,,14.23,0.26
21529,PGC021529,84,3,178,5,16.05,15.65,15.44,,,0.19,,15.37,0.40
21535,UGC03964,56,4,161,15,14.43,13.73,13.39,,,0.52,,13.22,0.13
21539,ESO429-009,89,1,311,15,,,,14.07,14.57,,0.32,,
21547,UGC03890,86,2,137,14,14.30,13.59,13.22,,,0.25,,13.11,0.59
21558,NGC2424,89,1,430,10,13.27,12.47,12.01,11.82,12.41,0.57,0.61,11.91,0.92
21569,ESO429-012,72,3,274,17,,,,12.73,13.28,,0.41,,
21580,UGC03969,87,2,368,63,15.15,14.36,13.89,,,0.28,,13.78,0.72
21614,PGC021614,77,5,31,5,15.09,14.67,14.41,,,0.41,,14.36,0.19
21615,PGC021615,55,4,263,5,14.83,14.32,14.02,,,0.22,,13.95,0.15
21619,PGC021619,69,3,147,9,14.86,14.47,14.25,,,0.20,,14.14,0.24
21623,PGC021623,52,4,210,5,15.73,15.30,15.03,,,0.17,,14.97,0.12
21657,UGC03986,90,1,151,9,16.43,16.07,15.92,,,0.27,,15.84,0.48
21660,ESO163-014,77,3,318,18,,,,12.43,12.97,,0.40,,
21673,UGC03995,63,4,441,5,12.87,12.16,11.77,11.43,11.56,0.46,0.36,11.70,0.00
21676,NGC2435,82,3,435,18,13.11,12.27,11.84,,,0.29,,11.73,0.00
21684,UGC03979,86,2,373,16,14.14,13.60,13.28,12.94,13.43,0.36,0.34,13.18,0.66
21690,ESO123-023,89,1,330,10,,,,12.68,13.23,,0.46,,
21697,PGC021697,89,2,176,18,,,,16.48,17.07,,0.21,,
21706,ESO035-016,71,7,337,20,,,,13.64,14.25,,0.18,,
21708,UGC04000,74,3,501,20,14.61,13.88,13.46,,,0.24,,13.34,0.25
21710,UGC04005,87,2,455,6,,,,12.76,13.27,,0.40,,
21712,UGC03984,70,3,328,15,,,,12.80,13.39,,0.43,,
21713,UGC04006,48,6,236,12,14.22,13.70,13.42,,,0.24,,13.34,0.10
21715,UGC03998,79,3,70,14,,,,15.24,15.67,,0.36,,
21718,PGC021718,59,4,345,11,,,,13.46,14.04,,0.20,,
21722,PGC021722,69,6,173,5,15.75,15.42,15.15,,,0.10,,15.10,0.25
21724,UGC03991,58,4,198,16,14.41,13.96,13.72,,,0.23,,13.64,0.16
21730,UGC04010,87,2,231,5,,,,13.69,14.25,,0.20,,
21753,PGC021753,69,3,296,5,15.81,15.41,15.13,,,0.19,,15.07,0.25
21758,UGC04003,67,4,529,20,,,,12.81,13.47,,0.34,,
21759,ESO560-012,80,3,364,11,,,,12.33,12.82,,0.36,,
21777,PGC021777,78,3,282,18,15.42,14.82,14.46,14.26,14.78,0.16,0.19,14.34,0.40
21779,UGC04025,64,4,313,10,14.12,13.48,13.11,,,0.25,,13.04,0.15
21782,UGC04011,89,1,316,18,15.51,14.84,14.44,,,0.25,,14.33,0.92
21795,IC0475,55,4,226,5,14.40,13.81,13.49,,,0.15,,13.41,0.12
21807,NGC2450,79,3,350,111,14.82,14.00,13.53,,,0.19,,13.45,0.32
21810,UGC04013,70,4,543,14,,,,12.48,12.71,,0.24,,
21821,UGC04015,49,6,199,17,,,,14.24,14.80,,0.30,,
21822,ESO560-013,85,2,503,11,,,,11.29,11.85,,0.58,,
21831,PGC021831,89,1,183,5,15.92,15.56,15.37,,,0.28,,15.32,0.54
21844,ESO560-014,85,2,162,10,,,,14.12,14.81,,0.63,,
21845,PGC021845,72,3,342,52,15.02,14.49,14.14,,,0.18,,14.06,0.30
21847,UGC04029,86,3,339,12,14.17,13.49,13.08,12.86,13.31,0.47,0.41,12.97,0.63
21852,UGC04019,83,3,272,8,15.29,14.64,14.10,,,0.23,,14.01,0.52
21854,UGC04024,85,3,204,16,,,,13.86,14.37,,0.39,,
21857,UGC04032,89,1,346,5,15.98,15.31,14.90,,,0.29,,14.80,0.83
21860,NGC2446,68,4,445,12,,,,12.02,12.53,,0.38,,
21863,ESO493-016,54,4,210,10,,,,11.26,11.61,,0.25,,
21868,PGC021868,64,4,343,28,15.24,14.80,14.50,,,0.17,,14.45,0.21
21891,UGC04034,78,3,189,7,15.81,15.43,15.14,,,0.25,,15.07,0.30
21900,UGC04038,70,3,418,5,14.46,13.72,13.31,,,0.23,,13.23,0.23
21909,UGC04039,84,3,291,5,14.84,14.11,13.72,,,0.24,,13.62,0.58
21910,PGC021910,63,4,313,8,15.40,14.84,14.49,,,0.15,,14.42,0.20
21918,IC2207,90,1,451,17,14.49,13.76,13.31,12.50,12.58,0.37,0.36,13.20,0.94
21919,UGC04044,56,4,200,11,14.80,14.45,14.23,,,0.30,,14.16,0.14
21951,ESO035-017,67,4,361,17,,,,12.93,13.44,,0.28,,
21970,UGC04043,90,1,418,13,,,,12.39,12.90,,0.43,,
21976,UGC04054,80,3,231,5,14.31,13.77,13.46,13.73,14.36,0.44,0.45,13.33,0.30
22000,PGC022000,86,2,431,5,,,,14.62,15.16,,0.26,,
22002,UGC04060,77,3,399,7,13.96,13.22,12.80,,,0.29,,12.72,0.34
22032,UGC04061,90,1,483,6,15.76,14.92,14.44,,,0.20,,14.35,0.96
22042,UGC04064,71,3,153,8,15.95,15.60,15.36,,,0.32,,15.28,0.17
22044,UGC04037,86,3,163,17,,,,16.42,16.84,,0.28,,
22053,UGC04059,55,4,245,15,,,,14.41,14.88,,0.28,,
22072,UGC04065,89,1,523,17,,,,12.77,13.25,,0.34,,
22127,UGC04057,76,3,507,17,,,,11.63,12.31,,0.37,,
22139,PGC022139,70,3,176,5,15.95,15.62,15.45,,,0.13,,15.41,0.24
22151,UGC04084,77,3,215,7,15.45,15.04,14.87,,,0.23,,14.81,0.32
22167,UGC04067,56,4,207,16,,,,14.61,15.11,,0.32,,
22174,ESO035-018,81,3,296,13,,,,12.05,12.62,,0.58,,
22188,IC0480,89,2,339,6,14.53,13.86,13.49,12.94,13.32,0.39,0.38,13.41,0.92
22195,ESO494-004,86,2,390,18,,,,11.90,12.48,,0.27,,
22218,PGC022218,61,4,208,20,15.72,15.29,15.02,,,0.15,,14.98,0.18
22222,PGC022222,80,3,244,11,16.26,15.76,15.44,,,0.07,,15.37,0.40
22225,PGC022225,72,3,254,5,15.21,14.76,14.43,,,0.19,,14.34,0.27
22263,PGC022263,70,3,336,15,15.50,14.75,14.34,,,0.13,,14.26,0.27
22271,UGC04095,68,4,308,13,14.09,13.44,13.12,,,0.18,,13.03,0.23
22272,ESO494-007,86,2,280,9,,,,12.74,13.41,,0.63,,
22277,UGC4115,67,5,71,5,14.31,14.05,13.79,14.46,14.83,0.53,0.71,13.74,0.11
22297,UGC04113,90,1,197,5,16.53,16.19,15.99,,,0.23,,15.92,0.52
22301,UGC04098,51,4,331,16,14.11,13.51,13.18,13.16,13.71,0.21,0.22,13.09,0.11
22306,ESO561-003,89,1,331,10,,,,12.65,13.08,,0.35,,
22310,UGC04108,74,3,413,18,,,,13.12,13.68,,0.24,,
22317,NGC2486,56,4,410,5,13.76,13.05,12.65,,,0.32,,12.55,0.08
22319,PGC022319,52,4,148,10,,,,13.92,14.56,,0.43,,
22326,PGC022326,72,3,229,5,15.36,14.98,14.80,,,0.17,,14.72,0.25
22327,NGC2469,54,4,234,20,,,,12.71,13.17,,0.25,,
22338,ESO209-009,89,1,303,13,,,,10.19,10.73,,1.55,,
22366,NGC2499,49,6,227,5,14.55,13.99,13.68,,,0.23,,13.64,0.10
22369,UGC04121,81,3,150,8,,,,15.06,15.47,,0.53,,
22374,IC0481,81,3,326,9,14.76,13.98,13.57,,,0.22,,13.48,0.43
22381,UGC04132,77,3,518,12,13.57,12.85,12.46,11.98,12.48,0.37,0.31,12.33,0.28
22383,UGC04135,81,3,318,5,15.12,14.53,14.19,,,0.24,,14.10,0.47
22389,UGC04140,84,3,246,5,15.03,14.55,14.27,,,0.33,,14.21,0.49
22392,UGC04144,88,2,469,6,15.76,15.09,14.66,,,0.18,,14.60,0.81
22394,PGC022394,56,4,314,5,14.94,14.31,13.97,,,0.12,,13.88,0.12
22400,UGC04149,58,4,188,13,15.16,14.69,14.29,,,0.40,,14.22,0.13
22401,PGC022401,87,2,375,19,15.50,14.74,14.34,,,0.25,,14.25,0.72
22413,PGC022413,83,3,304,7,15.56,14.91,14.51,,,0.17,,14.42,0.55
22419,IC0484,67,4,436,5,14.70,14.03,13.68,,,0.14,,13.59,0.19
22433,UGC04154,67,4,254,5,14.44,13.99,13.73,,,0.34,,13.68,0.24
22438,UGC04128,55,4,310,12,,,,12.91,13.43,,0.31,,
22443,IC0485,80,3,492,19,14.81,13.98,13.51,,,0.19,,13.41,0.36
22446,UGC04148,86,3,127,8,15.32,15.02,14.94,15.30,16.41,0.57,0.70,14.87,0.40
22448,PGC022448,66,4,233,5,15.13,14.65,14.40,,,0.14,,14.35,0.23
22471,UGC04103,77,3,150,13,,,,15.84,16.25,,0.34,,
22473,PGC022473,67,8,234,19,15.24,14.76,14.49,,,0.15,,14.38,0.23
22506,UGC04171,89,1,500,6,13.88,13.03,12.52,12.28,12.85,0.39,0.48,12.46,0.83
22509,IC2218,71,3,624,5,15.31,14.51,14.06,,,0.17,,13.95,0.26
22511,PGC022511,76,3,313,20,14.85,14.18,13.82,,,0.18,,13.76,0.32
22527,PGC022527,64,4,236,17,,,,14.43,14.98,,0.20,,
22542,UGC04177,74,3,435,5,15.13,14.38,13.95,,,0.20,,13.88,0.31
22561,UGC04169,60,4,206,8,,,,13.28,13.70,,0.44,,
22565,IC2219,65,4,327,5,13.87,13.27,12.93,,,0.26,,12.86,0.20
22575,UGC04176,77,3,194,13,14.81,14.44,14.23,,,0.35,,14.15,0.30
22596,NGC2512,53,4,337,18,13.44,12.73,12.36,,,0.26,,12.26,0.00
22606,PGC022606,51,5,454,62,14.49,13.80,13.45,,,0.17,,13.39,0.09
22611,UGC04197,88,2,442,20,14.16,13.35,12.90,12.73,13.30,0.34,0.42,12.84,0.79
22618,UGC04192,89,1,224,17,15.91,15.43,15.13,,,0.26,,15.04,0.76
22622,PGC022622,54,4,224,19,15.70,15.13,14.77,,,0.14,,14.71,0.12
22630,PGC022630,86,2,162,18,15.95,15.45,15.14,,,0.24,,15.10,0.59
22640,UGC04078,86,2,208,18,14.54,13.85,13.47,13.39,13.95,0.43,0.37,13.36,0.63
22646,PGC022646,49,6,344,5,14.78,14.13,13.77,,,0.21,,13.71,0.10
22655,PGC022655,71,4,195,5,15.43,15.08,14.83,,,0.29,,14.80,0.20
22677,UGC04208,67,4,162,9,15.85,15.44,15.24,,,0.22,,15.18,0.18
22689,PGC022689,67,4,393,18,14.87,14.13,13.66,13.72,14.41,0.19,0.20,13.56,0.24
22693,UGC04210,87,2,293,6,15.27,14.66,14.32,,,0.27,,14.24,0.73
22695,UGC04195,53,4,361,17,13.83,13.16,12.78,12.85,13.50,0.33,0.38,12.67,0.13
22698,UGC04205,81,3,370,18,14.98,14.33,13.95,13.98,14.58,0.27,0.26,13.87,0.47
22706,PGC022706,71,3,339,18,15.25,14.50,14.10,,,0.14,,13.98,0.24
22721,NGC2525,50,4,212,10,,,,10.86,11.41,,0.73,,
22722,PGC022722,63,4,320,9,14.87,14.37,14.04,,,0.22,,14.00,0.20
22733,UGC04216,63,4,374,19,15.13,14.51,14.15,,,0.22,,14.09,0.20
22745,PGC022745,71,3,242,19,,,,15.10,15.72,,0.19,,
22751,UGC04100,51,4,82,10,15.40,15.02,14.83,,,0.33,,14.72,0.06
22752,UGC04213,61,4,279,17,15.02,14.46,14.13,14.32,14.86,0.23,0.24,14.02,0.19
22758,UGC04206,89,1,342,14,15.33,14.51,14.11,,,0.25,,14.01,0.91
22760,ESO430-020,74,4,157,7,,,,11.56,12.20,,0.65,,
22763,UGC04199,71,3,288,16,,,,13.34,13.88,,0.28,,
22778,NGC2526,60,4,332,5,14.01,13.39,13.04,,,0.19,,12.99,0.16
22796,UGC04233,83,3,505,20,14.98,14.21,13.76,,,0.30,,13.69,0.51
22802,UGC04226,52,4,362,13,14.26,13.65,13.28,,,0.37,,13.17,0.12
22803,UGC04232,78,3,190,5,15.21,14.67,14.38,,,0.35,,14.30,0.36
22807,PGC022807,82,6,274,9,15.28,14.61,14.26,,,0.11,,14.19,0.49
22815,UGC04202,89,1,157,14,,,,15.53,16.18,,0.27,,
22821,ESO494-029,86,2,162,20,,,,13.23,13.75,,0.36,,
22827,NGC2530,47,6,138,5,13.58,13.13,12.86,,,0.42,,12.78,0.10
22830,UGC04236,60,4,179,5,15.74,15.31,15.05,,,0.25,,14.99,0.15
22835,UGC04240,87,4,504,16,15.04,14.22,13.77,,,0.27,,13.69,0.67
22873,UGC04247,90,1,186,5,16.11,15.81,15.58,,,0.27,,15.51,0.47
22880,UGC04249,82,3,297,6,14.96,14.37,14.05,,,0.24,,13.95,0.51
22890,UGC04241,79,3,191,15,14.04,13.30,12.85,,,0.29,,12.75,0.43
22892,ESO561-019,89,1,418,18,,,,13.46,13.98,,0.21,,
22896,UGC04246,78,3,338,16,15.35,14.66,14.26,,,0.19,,14.16,0.40
22909,UGC04252,74,3,298,13,15.14,14.60,14.31,,,0.35,,14.22,0.29
22918,IC0497,63,4,237,8,14.62,13.89,13.47,,,0.16,,13.38,0.21
22921,UGC04257,88,2,240,5,15.12,14.63,14.34,14.48,15.09,0.48,0.55,14.26,0.38
22941,UGC04258,79,3,195,10,15.39,14.95,14.68,,,0.36,,14.59,0.29
22965,PGC022965,74,3,254,9,15.18,14.81,14.56,14.93,15.37,0.15,0.19,14.53,0.28
22969,UGC04238,63,4,169,12,,,,13.22,13.81,,0.49,,
22980,ESO561-023,90,1,515,19,,,,12.10,12.68,,0.49,,
22994,PGC022994,81,3,439,19,15.46,14.73,14.31,,,0.20,,14.23,0.45
22998,ESO561-024,81,3,255,18,,,,15.42,15.95,,0.28,,
23002,ESO561-025,88,2,349,14,,,,13.44,14.15,,0.35,,
23014,PGC023014,87,2,169,14,16.48,16.08,15.88,,,0.19,,15.80,0.39
23017,NGC2540,56,4,324,5,13.89,13.33,13.02,,,0.29,,12.95,0.12
23018,UGC04276,61,6,305,5,14.67,14.01,13.64,,,0.19,,13.58,0.16
23021,ESO561-026,76,3,347,16,,,,13.25,13.76,,0.27,,
23025,NGC2523B,87,2,392,19,,,,12.61,13.17,,0.46,,
23026,UGC04267,62,4,168,16,14.27,13.83,13.60,,,0.19,,13.52,0.20
23028,NGC2543,58,4,299,7,12.80,12.15,11.81,11.80,12.23,0.55,0.47,11.69,0.16
23033,PGC023033,89,1,318,5,16.65,15.99,15.57,,,0.16,,15.46,0.79
23046,PGC023046,87,2,208,6,16.27,15.77,15.46,,,0.23,,15.39,0.54
23058,PGC023058,56,4,250,19,15.76,15.17,14.86,,,0.12,,14.78,0.14
23069,UGC04277,90,1,577,13,14.05,13.20,12.69,12.08,12.62,0.77,0.64,12.59,0.97
23071,IC2233,90,2,169,7,12.94,12.63,12.46,13.04,13.54,0.15,0.82,12.37,0.45
23086,NGC2545,56,4,419,18,12.85,12.17,11.78,11.85,12.48,0.31,0.31,11.70,0.05
23090,ESO561-030,84,3,168,11,,,,14.95,15.53,,0.59,,
23103,UGC04280,79,3,337,18,14.15,13.48,13.11,,,0.24,,13.03,0.38
23109,ESO430-026,89,2,202,13,,,,13.24,13.74,,0.80,,
23110,NGC2541,62,6,188,8,11.96,11.56,11.39,11.77,12.42,1.27,1.28,11.31,0.12
23118,PGC023118,82,3,196,5,16.65,16.31,16.15,,,0.20,,16.11,0.29
23125,ESO561-032,89,1,346,20,,,,13.67,14.07,,0.30,,
23128,NGC2523,53,4,411,19,,,,11.44,12.06,,0.61,,
23133,PGC023133,83,3,307,26,16.47,16.11,15.81,,,0.20,,15.74,0.39
23146,PGC023146,90,1,267,18,15.75,15.00,14.57,14.34,14.94,0.32,0.34,14.50,0.87
23147,UGC04296,89,1,310,8,15.87,15.55,15.29,,,0.31,,15.28,0.59
23169,UGC04299,88,2,389,15,14.30,13.52,13.07,12.50,13.00,0.41,0.37,12.96,0.80
23173,UGC04301,65,4,343,7,14.19,13.66,13.35,,,0.30,,13.29,0.21
23197,ESO430-030,86,3,115,17,,,,14.42,14.91,,0.45,,
23209,PGC023209,61,4,420,8,15.34,14.66,14.26,,,0.14,,14.18,0.19
23214,IC2256,69,3,165,5,14.62,14.17,13.93,14.37,14.99,0.18,0.20,13.85,0.23
23215,PGC023215,50,4,178,19,15.23,14.64,14.33,14.61,15.31,0.17,0.19,14.25,0.12
23222,NGC2559,64,4,380,13,,,,9.54,10.00,,0.72,,
23227,PGC023227,81,3,448,5,15.34,14.66,14.26,,,0.18,,14.19,0.46
23231,PGC023231,59,4,138,18,15.29,14.99,14.83,,,0.21,,14.77,0.13
23246,ESO431-002,50,4,184,13,,,,11.35,11.91,,0.79,,
23262,PGC023262,82,3,151,10,15.14,14.64,14.40,,,0.25,,14.32,0.48
23266,IC2267,86,2,208,5,14.41,14.15,14.03,14.78,15.29,0.51,0.65,13.98,0.29
23268,UGC04307,83,3,220,10,15.22,14.70,14.43,,,0.27,,14.31,0.43
23285,UGC04321,89,2,474,5,15.34,14.44,13.95,,,0.20,,13.87,0.51
23289,UGC04324,77,3,308,18,14.50,13.78,13.35,13.17,13.65,0.24,0.22,13.26,0.36
23303,NGC2566,54,4,199,10,,,,9.97,10.48,,0.88,,
23308,PGC023308,72,4,202,19,15.29,14.77,14.48,14.72,15.23,0.17,0.19,14.39,0.30
23319,UGC04329,51,4,216,8,13.68,13.22,12.96,13.30,13.88,0.37,0.30,12.87,0.12
23328,PGC023328,74,3,172,10,16.77,16.34,16.09,,,0.16,,16.03,0.20
23337,NGC2558,49,6,391,11,13.29,12.59,12.21,12.36,12.96,0.34,0.31,12.11,0.09
23338,PGC023338,51,6,185,18,15.38,14.90,14.62,15.05,15.71,0.20,0.22,14.54,0.11
23340,NGC2552,55,4,126,7,12.62,12.23,12.03,12.68,13.52,0.92,0.81,11.95,0.09
23341,PGC023341,71,3,264,18,14.54,14.27,14.06,,,0.19,,13.98,0.29
23342,IC2288,56,4,99,20,15.55,15.16,14.96,15.39,15.88,0.11,0.15,14.90,0.10
23347,PGC023347,50,4,162,18,15.14,14.73,14.46,14.55,14.96,0.11,0.16,14.38,0.12
23351,NGC2561,63,4,326,9,13.73,13.01,12.64,,,0.26,,12.59,0.14
23355,UGC04332,88,3,471,18,14.27,13.48,12.98,12.60,13.03,0.29,0.20,12.87,0.23
23362,NGC2565,68,4,403,10,12.98,12.29,11.88,11.79,12.43,0.22,0.21,11.79,0.18
23374,PGC023374,77,3,232,17,15.75,15.38,15.15,15.51,16.17,0.17,0.21,15.07,0.32
23380,UGC04343,53,6,177,5,15.60,15.25,15.04,,,0.32,,15.00,0.09
26192,NGC2821,79,3,385,19,,,,11.89,12.37,,0.41,,
23385,UGC04340,56,4,187,5,15.31,14.91,14.63,,,0.29,,14.59,0.13
23405,UGC04326,73,3,403,10,,,,12.52,13.06,,0.27,,
23410,UGC04349,81,3,379,17,14.58,13.84,13.40,,,0.31,,13.25,0.46
23418,NGC2574,62,4,348,17,,,,12.28,12.92,,0.38,,
23420,PGC023420,49,6,216,10,14.20,13.74,13.50,13.79,14.32,0.19,0.20,13.41,0.11
23428,ESO495-008,80,3,91,17,,,,15.57,16.51,,0.27,,
23441,NGC2572,73,3,513,13,14.38,13.59,13.15,,,0.20,,13.04,0.24
23443,NGC2570,60,4,286,17,14.85,14.36,14.07,14.15,14.64,0.16,0.18,14.00,0.18
23447,IC2327,74,3,287,5,13.81,13.38,13.14,13.40,13.95,0.23,0.29,13.10,0.31
23465,UGC04361,73,3,174,9,15.16,14.80,14.62,15.20,15.70,0.25,0.27,14.54,0.18
23483,IC2329,87,2,201,18,14.67,14.20,13.99,14.53,14.91,0.51,0.57,13.90,0.36
23485,UGC04370,60,4,201,13,14.29,13.72,13.40,,,0.31,,13.31,0.18
23486,PGC023486,82,3,401,14,,,,12.45,12.97,,0.40,,
23503,PGC023503,52,4,267,12,15.07,14.47,14.12,,,0.18,,14.04,0.13
23512,NGC2576,83,3,517,10,14.54,13.75,13.30,13.09,13.61,0.30,0.36,13.22,0.54
23513,UGC04373,56,4,216,5,14.95,14.50,14.21,,,0.29,,14.15,0.14
23519,UGC04381,80,3,335,13,14.34,13.63,13.24,,,0.31,,13.15,0.44
23522,UGC04375,52,4,277,14,12.89,12.28,11.88,12.08,12.69,0.49,0.49,11.80,0.13
23530,UGC04328,65,4,184,19,,,,15.53,16.05,,0.32,,
23531,PGC023531,71,6,182,5,16.54,16.17,15.96,,,0.10,,15.91,0.20
23532,PGC023532,80,3,335,13,15.65,15.01,14.63,,,0.22,,14.57,0.44
23556,PGC023556,73,3,281,13,15.15,14.61,14.31,,,0.21,,14.26,0.32
23564,PGC023564,76,3,345,19,14.86,14.17,13.80,,,0.25,,13.68,0.36
23567,UGC04386,84,3,475,13,13.71,12.88,12.40,12.11,12.68,0.38,0.45,12.31,0.48
23574,PGC023574,90,1,204,17,,,,15.20,15.87,,0.36,,
23589,IC2348,64,4,293,18,15.36,14.71,14.36,14.47,14.95,0.12,0.15,14.28,0.21
23597,PGC023597,58,4,246,7,15.70,15.22,14.88,,,0.09,,14.82,0.16
23603,PGC023603,63,4,299,18,14.86,14.32,14.02,,,0.17,,13.95,0.20
23604,NGC2550,73,3,221,7,,,,12.78,13.33,,0.28,,
23605,PGC023605,64,4,195,20,15.82,15.43,15.19,,,0.08,,15.13,0.21
23606,UGC04379,72,4,322,15,,,,13.77,14.29,,0.25,,
23614,PGC023614,51,4,319,19,15.20,14.63,14.29,,,0.15,,14.21,0.10
23616,NGC2590,79,3,472,14,,,,11.93,12.46,,0.42,,
23630,NGC2582,45,23,166,19,13.60,12.88,12.48,12.62,13.27,0.28,0.29,12.40,0.06
23632,PGC023632,53,4,190,7,15.70,15.22,14.98,,,0.10,,14.91,0.13
23635,UGC04378,89,1,130,10,,,,16.19,17.07,,0.43,,
23940,IC0510,53,4,249,18,14.49,13.89,13.52,,,0.24,,13.45,0.13
23643,UGC04395,90,1,206,5,15.12,14.61,14.33,14.70,15.38,0.40,0.42,14.27,0.57
23646,IC2361,80,3,228,13,14.27,13.63,13.28,13.52,14.08,0.30,0.27,13.21,0.45
23658,PGC023658,88,2,217,10,,,,13.56,14.09,,0.53,,
23660,UGC04393,49,6,108,7,13.35,12.97,12.77,,,0.33,,12.70,0.10
23661,UGC04400,90,2,214,8,15.84,15.44,15.22,15.66,16.34,0.31,0.30,15.14,0.41
23662,UGC04399,76,3,232,17,14.91,14.44,14.20,14.54,15.09,0.28,0.27,14.13,0.31
23663,PGC023663,78,3,347,55,15.23,14.41,13.99,,,0.17,,13.92,0.40
23668,UGC04403,77,3,302,9,15.60,15.16,14.90,,,0.19,,14.85,0.35
23669,PGC023669,73,4,268,12,14.85,14.35,14.04,,,0.15,,13.95,0.31
23671,PGC023671,85,2,346,5,16.09,15.57,15.28,15.30,15.91,0.15,0.18,15.18,0.54
23676,PGC023676,88,2,334,17,15.69,15.13,14.81,14.42,14.95,0.16,0.16,14.71,0.82
23678,IC2369,81,3,367,17,15.46,14.90,14.54,,,0.22,,14.47,0.46
23689,UGC04407,81,3,407,6,15.55,14.79,14.36,,,0.18,,14.27,0.48
23705,UGC04416,63,4,377,8,13.43,12.85,12.50,12.50,13.03,0.47,0.38,12.43,0.21
23707,UGC04418,70,3,147,5,15.38,14.87,14.64,15.39,15.93,0.25,0.29,14.51,0.15
23709,PGC023709,82,3,305,18,15.44,14.90,14.54,14.55,15.16,0.20,0.22,14.47,0.48
23714,NGC2596,71,3,424,5,13.84,13.22,12.86,,,0.34,,12.78,0.26
23723,PGC023723,45,6,207,12,,,,12.50,13.03,,0.66,,
23725,NGC2595,45,6,323,7,12.63,12.03,11.68,11.76,12.43,0.60,0.61,11.60,0.08
23729,PGC023729,87,3,174,5,16.25,15.81,15.60,,,0.12,,15.53,0.55
23734,PGC023734,52,4,155,17,15.51,15.13,14.83,,,0.24,,14.80,0.11
23741,UGC04415,52,4,141,11,14.71,14.45,14.30,,,0.31,,14.24,0.09
23748,UGC04424,86,2,203,8,15.83,15.44,15.24,15.63,16.38,0.23,0.29,15.19,0.30
23753,UGC04425,69,3,254,6,14.60,14.02,13.70,,,0.31,,13.63,0.26
23757,PGC023757,86,2,194,19,16.50,15.97,15.66,15.96,16.39,0.16,0.17,15.58,0.57
23812,UGC04427,70,4,461,15,14.66,14.05,13.71,,,0.25,,13.62,0.28
23816,UGC04439,60,4,215,5,14.77,14.27,13.94,,,0.36,,13.85,0.17
23830,UGC04440,58,5,374,5,15.10,14.58,14.29,14.31,14.87,0.13,0.16,14.23,0.16
23840,UGC04413,88,2,144,13,,,,15.48,15.93,,0.40,,
23847,PGC023847,84,3,158,14,,,,15.09,15.44,,0.28,,
23852,UGC04444,53,4,172,5,14.03,13.54,13.28,,,0.32,,13.22,0.13
23862,PGC023862,73,5,124,12,16.06,15.69,15.48,,,0.18,,15.40,0.22
23869,PGC023869,90,1,173,13,16.51,16.21,16.09,16.79,17.43,0.20,0.20,16.05,0.42
23878,UGC04446,89,1,328,15,15.77,15.04,14.62,13.95,14.32,0.25,0.19,14.54,0.92
23910,UGC04450,85,2,227,5,15.35,14.94,14.69,,,0.29,,14.62,0.49
25515,NGC2758,79,3,205,8,,,,13.89,14.55,,0.44,,
23942,ESO495-015,80,3,258,18,,,,14.90,15.45,,0.22,,
23978,UGC04464,84,3,283,6,15.14,14.58,14.25,,,0.29,,14.17,0.56
23986,ESO562-013,58,4,342,17,,,,13.64,14.15,,0.40,,
23995,PGC023995,72,3,389,20,14.80,14.06,13.65,13.70,14.30,0.14,0.18,13.57,0.27
23997,NGC2613,81,3,599,14,,,,9.32,9.90,,1.23,,
24012,PGC024012,58,4,177,5,14.75,14.37,14.16,,,0.18,,14.10,0.16
24024,PGC024024,71,3,412,16,14.06,13.30,12.86,,,0.23,,12.78,0.17
24034,ESO562-018,87,2,214,18,,,,16.17,17.10,,0.36,,
24039,ESO562-019,86,2,190,16,,,,14.35,14.90,,0.63,,
24053,ESO431-016,80,3,220,20,,,,14.07,14.73,,0.29,,
24056,PGC024056,84,3,200,5,16.17,15.51,15.17,15.01,15.53,0.14,0.17,15.10,0.56
24063,ESO431-017,71,3,213,11,,,,12.83,13.37,,0.27,,
24089,ESO431-018,81,3,232,20,,,,12.29,12.79,,0.91,,
24104,UGC04482,79,3,152,19,15.83,15.35,15.12,,,0.24,,15.04,0.32
24111,NGC2608,56,4,206,5,12.65,11.99,11.63,11.73,12.20,0.55,0.56,11.56,0.14
24121,NGC2611,79,3,298,15,14.84,14.09,13.71,,,0.14,,13.64,0.37
24126,PGC024126,72,3,227,18,15.37,14.69,14.33,14.17,14.68,0.11,0.14,14.25,0.30
24152,UGC04491,73,3,389,5,13.37,12.62,12.21,12.20,12.75,0.32,0.30,12.12,0.26
24156,NGC2618,49,6,432,5,12.82,12.06,11.61,11.82,12.52,0.57,0.57,11.52,0.06
24160,UGC04505,80,3,333,10,14.50,13.79,13.36,,,0.30,,13.27,0.44
24169,PGC024169,71,3,269,11,15.44,15.02,14.78,,,0.13,,14.73,0.28
24189,PGC024189,90,2,317,16,,,,14.01,14.44,,0.40,,
24193,PGC024193,79,3,262,20,16.61,16.12,15.83,,,0.11,,15.79,0.42
24204,UGC04496,88,2,477,19,15.78,14.96,14.49,,,0.22,,14.40,0.71
24213,UGC04483,61,4,38,6,,,,15.99,16.90,,0.35,,
24219,ESO563-002,87,2,160,12,,,,14.18,14.73,,0.52,,
24231,NGC2591,85,2,258,18,,,,11.79,12.32,,0.53,,
24233,NGC2620,80,3,633,5,14.07,13.30,12.87,12.76,13.39,0.40,0.43,12.78,0.44
24235,NGC2619,53,4,384,5,12.83,12.25,11.90,12.06,12.69,0.36,0.33,11.82,0.12
24236,PGC024236,68,4,196,7,,,,13.97,14.55,,0.21,,
24244,UGC04504,58,4,207,18,14.68,14.22,13.98,,,0.39,,13.93,0.15
24251,PGC024251,78,3,325,19,15.52,14.76,14.34,,,0.20,,14.23,0.38
24259,PGC024259,64,4,363,20,,,,13.28,13.88,,0.24,,
24262,PGC024262,77,3,325,84,15.94,15.45,15.14,,,0.17,,15.09,0.36
24281,UGC04495,57,4,316,19,,,,13.82,14.43,,0.25,,
24299,IC2387,70,3,359,5,14.26,13.75,13.43,,,0.26,,13.35,0.27
24301,PGC024301,62,7,220,5,15.87,15.39,15.08,,,0.18,,15.03,0.18
24312,ESO036-006,73,3,139,13,,,,13.54,14.23,,0.85,,
24328,PGC024328,61,4,201,17,,,,14.18,14.63,,0.25,,
24348,UGC04512,62,4,386,19,14.41,13.81,13.47,,,0.29,,13.35,0.18
24351,UGC04514,74,4,149,13,13.61,13.23,13.00,13.61,14.46,0.53,0.49,12.94,0.20
24360,UGC04502,82,3,202,14,,,,14.72,15.44,,0.37,,
24372,UGC04515,63,4,373,13,13.95,13.27,12.87,,,0.30,,12.79,0.18
24374,UGC04524,88,2,152,5,15.32,14.93,14.69,15.35,16.27,0.40,0.39,14.63,0.34
24394,PGC024394,87,2,317,6,15.89,15.11,14.68,,,0.17,,14.59,0.74
24398,ESO432-002,89,1,328,7,,,,12.79,13.34,,0.53,,
24400,UGC04526,82,3,331,18,14.62,13.91,13.51,,,0.26,,13.44,0.45
24402,ESO496-004,75,3,311,8,,,,12.71,13.20,,0.26,,
24405,ESO371-005,89,1,194,18,,,,13.34,13.94,,0.45,,
24417,ESO563-010,87,2,262,16,,,,13.69,14.30,,0.32,,
24425,NGC2644,72,3,207,6,13.29,12.72,12.43,12.60,13.19,0.40,0.39,12.36,0.29
24429,ESO563-012,53,5,166,10,,,,13.47,13.98,,0.34,,
24431,UGC04532,89,1,234,6,15.40,15.03,14.79,,,0.37,,14.75,0.59
24467,PGC024467,70,3,227,13,15.39,15.00,14.74,,,0.14,,14.68,0.27
24470,UGC04537,90,1,175,16,16.62,16.27,16.13,,,0.21,,16.08,0.45
24479,ESO563-014,87,2,306,6,,,,11.64,12.13,,0.53,,
24485,UGC04548,83,3,350,18,15.16,14.47,14.09,,,0.25,,14.03,0.54
24489,ESO563-016,73,3,184,10,,,,13.60,14.01,,0.60,,
24490,UGC04550,90,1,270,5,14.21,13.63,13.25,13.15,13.65,0.60,0.38,13.16,0.80
24492,UGC04552,62,4,482,7,14.86,14.21,13.83,,,0.26,,13.72,0.19
24494,PGC024494,85,2,130,10,,,,14.81,15.23,,1.03,,
24495,PGC024495,75,3,356,17,15.37,14.59,14.14,,,0.15,,14.01,0.32
24499,UGC04553,71,3,376,6,14.27,13.93,13.53,,,0.23,,13.47,0.29
24509,UGC04554,80,3,237,7,15.47,14.99,14.74,,,0.35,,14.67,0.32
24515,PGC024515,77,3,456,15,14.74,13.90,13.46,,,0.15,,13.37,0.27
24518,UGC04561,80,3,408,111,15.07,14.42,14.02,,,0.21,,13.95,0.45
24525,PGC024525,61,4,458,17,,,,12.62,13.27,,0.38,,
24530,UGC04559,88,2,344,5,13.89,13.09,12.65,12.52,13.13,0.35,0.31,12.54,0.83
24548,UGC04565,89,1,215,5,16.30,15.85,15.59,,,0.22,,15.48,0.58
24557,PGC024557,81,3,215,5,16.04,15.54,15.27,,,0.17,,15.17,0.40
24558,ESO563-017,58,4,389,8,,,,11.59,12.22,,0.41,,
24566,UGC04567,80,3,225,5,15.53,14.99,14.70,,,0.20,,14.59,0.39
24567,UGC04568,84,3,201,5,14.56,14.10,13.85,,,0.38,,13.74,0.51
24573,UGC04571,72,3,173,5,15.55,15.17,14.99,,,0.27,,14.94,0.19
24575,UGC04562,61,4,302,19,14.70,14.19,13.89,,,0.25,,13.83,0.18
24591,PGC024591,53,4,157,5,15.54,15.28,15.11,,,0.17,,15.05,0.10
24602,IC0499,62,4,384,16,,,,11.88,12.57,,0.39,,
24621,UGC04575,75,3,563,5,15.26,14.70,14.34,,,0.23,,14.28,0.34
24629,UGC04582,79,3,260,8,15.18,14.88,14.67,,,0.19,,14.64,0.37
24631,PGC024631,71,4,238,16,15.38,15.11,14.93,,,0.15,,14.91,0.26
24643,PGC024643,79,3,172,9,15.00,14.74,14.58,,,0.19,,14.51,0.36
24649,PGC024649,79,3,393,20,,,,12.97,13.51,,0.20,,
24656,UGC04588,86,2,266,5,15.17,14.67,14.38,,,0.32,,14.33,0.58
24685,ESO563-021,87,2,664,7,,,,11.29,11.84,,0.58,,
24698,UGC04597,63,5,303,6,14.44,14.04,13.82,,,0.21,,13.76,0.20
24711,IC2389,82,3,179,9,,,,13.76,14.28,,0.24,,
24723,NGC2633,54,4,256,14,,,,11.29,11.69,,0.24,,
24726,IC2407,83,3,401,14,14.97,14.22,13.81,,,0.24,,13.75,0.50
24737,PGC024737,60,4,239,16,14.29,13.86,13.62,,,0.35,,13.58,0.17
24752,PGC024752,63,4,243,20,15.41,14.91,14.61,,,0.15,,14.55,0.20
24771,UGC04611,86,2,390,5,15.36,14.67,14.26,,,0.41,,14.17,0.63
24778,PGC024778,53,4,228,11,,,,12.90,13.51,,0.38,,
24784,NGC2654,86,2,422,17,12.50,11.62,11.13,11.02,11.64,0.54,0.43,11.02,0.65
24796,UGC04617,74,3,363,5,15.13,14.62,14.30,,,0.32,,14.24,0.32
24829,UGC04621,64,4,238,10,13.73,13.08,12.71,,,0.25,,12.64,0.17
24830,UGC04625,90,1,417,7,15.28,14.73,14.38,13.98,14.46,0.38,0.43,14.30,0.74
24836,PGC024836,53,4,78,8,,,,12.74,13.05,,0.20,,
24839,UGC04624,62,4,365,5,15.07,14.39,14.02,,,0.18,,13.93,0.19
24840,ESO563-026,90,1,170,17,,,,15.15,15.80,,0.33,,
24854,ESO563-028,75,3,402,20,,,,11.58,11.96,,0.39,,
24860,ESO371-020,79,3,397,9,,,,11.44,11.99,,0.79,,
24870,PGC024870,75,3,306,7,,,,12.70,13.28,,0.57,,
24871,PGC024871,59,4,179,8,15.30,14.75,14.41,,,0.13,,14.30,0.17
24887,UGC04628,87,2,106,19,14.86,14.39,14.15,,,0.39,,14.11,0.51
24893,UGC04640,72,3,324,11,13.17,12.75,12.49,12.82,13.29,0.66,0.63,12.45,0.25
24895,UGC04636,80,3,322,8,15.78,15.08,14.69,,,0.15,,14.61,0.45
24898,ESO496-012,84,3,204,17,,,,14.54,15.07,,0.23,,
24910,PGC024910,65,4,194,9,15.41,14.94,14.61,,,0.17,,14.57,0.22
24928,ESO371-024,59,4,201,10,,,,13.52,14.31,,0.58,,
24930,NGC2683,85,3,426,14,10.13,9.37,8.90,8.82,9.58,1.15,0.96,8.84,0.31
24947,UGC04623,78,3,365,14,,,,12.13,12.72,,0.60,,
24948,IC0523,53,4,320,6,14.70,14.07,13.74,,,0.19,,13.64,0.13
24960,UGC04655,89,1,269,5,16.21,15.62,15.27,,,0.24,,15.18,0.79
24967,ESO496-016,78,3,251,18,,,,14.74,15.26,,0.33,,
24977,PGC024977,65,5,313,7,15.26,14.57,14.21,,,0.20,,14.09,0.22
24980,UGC04656,81,3,353,5,15.12,14.49,14.12,,,0.23,,14.07,0.48
24982,UGC04657,86,2,270,5,15.26,14.66,14.34,,,0.29,,14.29,0.63
24991,PGC024991,75,3,326,10,15.75,15.18,14.86,,,0.10,,14.77,0.35
24992,PGC024992,72,3,209,54,16.08,15.70,15.43,,,0.21,,15.37,0.22
24994,PGC024994,65,4,416,19,16.09,15.44,15.04,,,0.14,,14.93,0.22
25000,PGC025000,88,2,334,20,16.11,15.49,15.09,,,0.19,,15.04,0.81
25012,UGC04659,75,3,174,17,14.78,14.36,14.13,,,0.42,,14.08,0.24
25053,ESO496-019,58,4,243,12,,,,14.65,14.94,,0.34,,
25077,PGC025077,88,6,172,8,15.63,15.10,14.80,,,0.24,,14.74,0.75
25083,PGC025083,72,3,248,6,15.97,15.53,15.25,,,0.12,,15.17,0.27
25102,NGC2706,84,3,304,11,13.55,12.80,12.41,11.76,12.18,0.34,0.29,12.38,0.47
25111,PGC025111,53,4,237,12,14.67,14.32,14.01,,,0.17,,13.96,0.13
25113,UGC04677,59,4,214,5,14.75,14.24,13.93,,,0.29,,13.86,0.17
25116,ESO432-013,68,4,154,15,,,,15.04,15.60,,0.37,,
25126,PGC025126,82,4,242,51,16.10,15.84,15.57,,,0.14,,15.55,0.43
25145,UGC04685,72,3,303,5,14.10,13.46,13.12,,,0.24,,13.04,0.29
25161,NGC2713,73,3,619,6,12.11,11.30,10.85,10.80,11.46,0.62,0.62,10.76,0.14
25166,UGC04601,87,3,271,12,,,,12.46,13.01,,0.26,,
25169,ESO060-019,60,4,196,13,,,,12.11,12.53,,0.94,,
25180,PGC025180,56,4,205,5,14.78,14.45,14.24,,,0.15,,14.21,0.15
25181,UGC04694,52,4,200,8,15.45,15.13,14.97,,,0.23,,14.93,0.10
25197,PGC025197,74,3,325,12,,,,13.29,13.97,,0.35,,
25210,UGC04698,65,4,592,5,13.81,13.07,12.61,,,0.29,,12.53,0.15
25221,NGC2722,52,4,250,11,,,,12.63,13.20,,0.30,,
25223,ESO496-024,77,3,467,20,,,,13.24,13.68,,0.28,,
25232,UGC04704,90,2,112,8,14.25,13.92,13.68,14.22,14.09,1.13,1.24,13.63,0.42
25235,UGC04696,86,2,202,12,15.32,14.94,14.72,,,0.25,,14.69,0.52
25237,NGC2701,52,4,239,15,12.50,12.08,11.84,12.15,12.72,0.46,0.44,11.81,0.13
25245,UGC04712,79,3,143,5,15.66,15.32,15.13,,,0.22,,15.08,0.27
25248,NGC2712,63,4,303,18,12.42,11.82,11.50,11.63,12.09,0.49,0.45,11.46,0.19
25258,NGC2710,67,4,263,7,13.41,12.90,12.63,12.84,13.40,0.45,0.40,12.59,0.24
25264,PGC025264,51,4,245,18,,,,13.70,14.32,,0.26,,
25275,UGC04697,84,3,183,15,,,,15.81,16.20,,0.33,,
25291,ESO497-001,89,1,157,17,,,,15.90,16.59,,0.31,,
25292,UGC04722,87,2,130,5,14.44,14.24,14.13,15.10,15.69,0.49,0.39,14.07,0.31
25293,PGC025293,77,3,535,69,15.52,14.75,14.31,,,0.14,,14.24,0.37
25300,ESO496-025,90,1,172,20,,,,16.46,17.31,,0.42,,
25301,UGC04724,78,3,150,5,14.95,14.56,14.31,,,0.35,,14.27,0.31
25305,UGC04717,65,4,299,17,14.70,14.05,13.70,13.95,14.59,0.18,0.22,13.64,0.22
25308,UGC04719,88,2,484,19,14.01,13.19,12.71,12.25,12.72,0.50,0.50,12.65,0.81
25318,UGC04725,90,1,129,5,16.18,15.83,15.65,,,0.39,,15.61,0.42
25331,NGC2724,51,4,213,12,14.10,13.74,13.56,,,0.55,,13.50,0.09
25336,PGC025336,89,1,305,20,16.22,15.55,14.99,,,0.26,,14.90,0.90
25341,UGC04733,89,1,339,7,16.42,15.75,15.38,,,0.24,,15.29,0.80
25344,IC0525,81,3,316,18,14.97,14.34,13.99,13.93,14.52,0.20,0.19,13.93,0.48
25346,ESO564-006,88,2,192,19,,,,16.14,16.65,,0.40,,
25350,ESO497-002,54,4,175,17,,,,13.67,14.52,,0.55,,
25360,NGC2728,51,4,280,5,14.67,14.11,13.82,,,0.21,,13.76,0.12
25361,ESO564-007,54,4,114,17,,,,13.96,14.46,,0.21,,
25363,PGC025363,71,4,189,5,15.60,15.22,15.02,,,0.19,,14.96,0.25
25366,PGC025366,63,4,478,5,16.00,15.46,15.12,,,0.13,,15.06,0.20
25369,UGC04727,88,2,183,6,15.82,15.41,15.19,15.67,16.08,0.23,0.26,15.12,0.39
25371,UGC04701,69,3,175,16,,,,14.56,15.02,,0.41,,
25373,ESO090-015,83,3,264,17,,,,12.32,12.80,,0.28,,
25376,NGC2731,59,4,151,6,13.65,13.10,12.82,12.72,13.16,0.20,0.20,12.70,0.15
25401,IC0526,62,4,290,7,14.65,14.15,13.88,,,0.14,,13.82,0.19
25405,UGC04745,82,3,314,9,15.43,14.75,14.38,,,0.25,,14.30,0.49
25406,UGC04746,64,4,303,5,14.56,14.06,13.76,,,0.30,,13.69,0.21
25412,ESO564-012,87,3,179,18,,,,16.50,17.65,,0.30,,
25416,ESO497-004,87,5,86,13,,,,15.02,15.71,,0.48,,
25421,PGC025421,52,4,124,5,15.09,14.66,14.39,,,0.18,,14.33,0.12
25423,IC2428,81,3,317,5,14.19,13.60,13.28,13.24,13.79,0.38,0.38,13.22,0.47
25430,PGC025430,77,3,271,19,16.04,15.41,15.06,,,0.19,,14.99,0.38
25463,PGC025463,80,3,275,10,15.14,14.83,14.64,,,0.18,,14.61,0.42
25472,UGC04753,89,2,156,15,15.17,14.63,14.33,,,0.40,,14.29,0.76
25489,UGC04758,58,5,484,18,14.64,13.92,13.49,,,0.19,,13.40,0.12
25496,NGC2743,49,6,178,8,13.83,13.29,12.97,,,0.31,,12.90,0.09
25498,NGC2726,72,3,356,12,13.41,12.69,12.28,,,0.29,,12.21,0.00
25506,UGC04768,88,2,407,20,16.18,15.44,14.98,14.28,14.79,0.22,0.19,14.90,0.83
25512,UGC04764,51,4,142,5,14.72,14.43,14.28,,,0.24,,14.23,0.10
25523,NGC2752,84,3,669,7,14.05,13.26,12.80,12.30,12.78,0.40,0.48,12.71,0.54
25527,ESO433-001,82,4,311,13,,,,13.83,14.34,,0.27,,
25535,UGC04773,80,3,318,5,14.29,13.46,13.01,,,0.23,,12.94,0.38
25539,PGC025539,64,4,376,20,,,,13.31,13.80,,0.29,,
25556,UGC04781,79,4,140,5,14.83,14.52,14.35,15.38,15.61,0.47,0.34,14.28,0.18
25558,ESO036-019,77,3,429,20,,,,11.89,12.35,,0.30,,
25562,UGC04777,85,2,171,11,14.63,14.22,14.00,14.48,15.16,0.49,0.41,13.95,0.34
25563,PGC025563,90,1,302,17,,,,13.94,14.43,,0.50,,
25585,PGC025585,72,3,402,14,,,,12.84,13.40,,0.42,,
25618,ESO433-004,88,2,138,15,,,,15.24,15.80,,0.64,,
25640,NGC2742,64,4,285,19,11.93,11.34,10.99,11.15,11.72,0.72,0.68,10.92,0.20
25644,UGC04787,81,3,128,8,14.07,13.67,13.46,14.24,14.71,0.52,0.44,13.42,0.24
25673,UGC04792,87,2,353,16,15.45,14.74,14.35,,,0.23,,14.26,0.74
25674,ESO372-002,61,4,372,19,,,,12.75,13.11,,0.25,,
25676,NGC2715,73,5,277,18,,,,11.12,11.61,,0.97,,
25677,UGC04793,64,4,182,10,15.27,14.76,14.50,,,0.21,,14.43,0.20
25678,PGC025678,52,4,279,10,14.87,14.25,13.90,,,0.19,,13.84,0.13
25694,ESO564-023,89,2,311,18,,,,14.74,15.28,,0.22,,
25732,ESO314-005,79,4,460,16,,,,11.98,12.50,,0.35,,
25735,NGC2766,69,3,386,7,14.09,13.38,13.01,,,0.19,,12.95,0.17
25757,NGC2756,51,4,362,11,12.99,12.32,11.96,,,0.27,,11.92,0.02
25761,NGC2788,84,3,218,20,,,,12.08,12.61,,0.27,,
25774,PGC025774,69,3,387,20,15.04,14.34,13.93,13.82,14.32,0.11,0.14,13.85,0.19
25776,PGC025776,53,4,355,17,15.22,14.62,14.25,,,0.13,,14.17,0.12
25780,UGC04809,70,3,195,8,14.23,14.00,13.89,,,0.32,,13.84,0.20
25781,UGC04800,74,3,234,11,14.38,13.89,13.63,,,0.37,,13.60,0.31
25783,IC0528,66,4,346,5,14.19,13.52,13.15,,,0.24,,13.08,0.22
25806,NGC2770,78,3,318,7,12.44,11.93,11.63,11.83,12.35,0.80,0.70,11.59,0.39
25822,ESO564-026,88,2,185,16,,,,15.43,16.17,,0.28,,
25842,ESO372-008,54,4,161,11,,,,12.85,13.42,,0.59,,
25886,PGC025886,88,2,518,14,,,,10.11,10.65,,0.78,,
25892,UGC04827,78,3,427,6,14.72,14.06,13.64,,,0.21,,13.55,0.38
25895,UGC04828,90,1,450,17,15.57,14.83,14.37,,,0.36,,14.27,0.98
25910,UGC04824,80,3,242,10,13.89,13.38,13.09,,,0.68,,13.06,0.41
25919,UGC04834,52,4,97,8,15.30,14.96,14.86,,,0.40,,14.83,0.07
25923,UGC04839,82,3,407,5,15.04,14.47,14.10,,,0.23,,14.02,0.50
25925,PGC025925,65,4,244,23,15.66,15.33,15.11,,,0.15,,15.06,0.21
25926,ESO564-027,90,1,328,12,,,,12.21,12.70,,1.07,,
25929,PGC025929,74,3,331,14,15.18,14.50,14.12,,,0.24,,14.03,0.33
25932,ESO497-022,69,4,212,7,,,,13.02,13.52,,0.23,,
25938,PGC025938,76,3,135,20,,,,14.68,15.36,,0.35,,
25940,UGC04837,59,4,97,18,14.74,14.23,13.74,,,0.65,,13.70,0.11
25956,UGC04845,77,3,223,5,14.56,13.97,13.64,13.76,14.58,0.43,0.43,13.50,0.26
25959,PGC025959,52,4,258,5,15.32,14.89,14.61,,,0.20,,14.54,0.12
25976,UGC04844,50,4,214,10,13.52,13.11,12.86,,,0.29,,12.83,0.12
25986,UGC04857,68,4,217,5,14.53,14.18,13.98,,,0.38,,13.92,0.22
25996,UGC04858,52,4,109,9,15.01,14.74,14.58,,,0.42,,14.52,0.07
26002,IC2446,74,3,610,5,13.96,13.15,12.70,,,0.26,,12.63,0.21
26003,ESO091-003,52,4,333,16,,,,10.87,11.57,,0.47,,
26014,PGC026014,73,3,181,7,15.43,15.10,14.91,,,0.13,,14.89,0.28
26018,NGC2748,80,3,279,6,,,,11.13,11.56,,0.39,,
26024,PGC026024,61,4,227,6,14.68,14.27,14.07,,,0.18,,14.03,0.17
26028,ESO372-009,67,4,220,14,,,,13.80,14.22,,0.36,,
26056,ESO564-032,86,2,232,9,,,,14.13,14.78,,0.49,,
26057,ESO564-031,75,3,345,14,,,,13.03,13.53,,0.41,,
26064,PGC026064,81,3,307,20,15.54,14.94,14.62,,,0.19,,14.56,0.47
26070,PGC026070,67,4,412,20,14.21,13.60,13.26,,,0.22,,13.22,0.15
26079,PGC026079,61,4,378,5,15.38,14.95,14.69,,,0.16,,14.63,0.19
26082,UGC04870,72,3,256,14,13.86,13.23,12.87,,,0.26,,12.83,0.30
26083,UGC04871,70,3,125,17,15.10,14.82,14.68,,,0.42,,14.66,0.15
26086,UGC04872,87,2,427,20,15.01,14.36,13.93,13.69,14.26,0.28,0.31,13.88,0.74
26093,ESO433-010,50,4,244,17,,,,12.16,12.89,,0.54,,
26101,IC0530,81,3,480,5,13.76,12.99,12.58,12.54,13.13,0.27,0.44,12.51,0.47
26102,ESO372-011,63,4,257,17,,,,13.79,14.40,,0.27,,
26108,UGC04878,79,4,134,5,15.47,15.31,15.21,,,0.42,,15.19,0.19
26127,UGC04884,54,4,390,6,14.44,13.82,13.48,,,0.19,,13.37,0.11
26135,ESO564-033,88,2,240,17,,,,15.64,16.19,,0.40,,
26144,PGC026144,53,4,162,15,,,,14.28,14.80,,0.40,,
26150,UGC04890,60,4,187,5,14.96,14.62,14.39,,,0.28,,14.33,0.14
26154,UGC04847,88,2,182,16,,,,15.18,15.58,,0.22,,
26157,NGC2815,76,3,545,19,,,,10.76,11.40,,0.56,,
26168,PGC026168,80,3,361,14,,,,13.59,14.15,,0.30,,
26173,UGC04900,54,4,230,5,14.64,14.25,14.03,,,0.25,,13.98,0.14
26188,PGC026188,66,4,168,20,14.79,14.52,14.42,,,0.09,,14.39,0.23
26190,PGC026190,80,3,306,5,15.46,14.92,14.62,,,0.24,,14.54,0.40
26194,PGC026194,79,3,234,5,15.46,15.03,14.79,,,0.20,,14.75,0.32
26197,UGC04895,74,3,440,6,14.35,13.68,13.29,,,0.20,,13.22,0.27
26245,PGC026245,86,2,359,19,,,,13.85,14.46,,0.32,,
26246,UGC04906,86,2,365,11,13.10,12.34,11.89,11.90,12.50,0.37,0.38,11.86,0.63
26258,IC0531,80,3,340,19,14.30,13.66,13.30,,,0.29,,13.24,0.43
26270,PGC026270,80,4,505,20,15.69,14.88,14.43,,,0.11,,14.31,0.34
26286,PGC026286,66,4,267,9,15.60,15.22,14.99,,,0.16,,14.95,0.21
26287,UGC04925,89,1,200,5,15.61,15.19,15.00,,,0.37,,14.96,0.48
26291,PGC026291,82,3,395,5,15.81,15.14,14.75,,,0.16,,14.67,0.50
26294,UGC04921,86,2,195,16,15.85,15.38,15.13,,,0.26,,15.10,0.50
26295,IC0529,69,4,289,18,,,,11.92,12.41,,0.74,,
26304,UGC04922,62,4,226,10,13.64,13.20,12.99,,,0.82,,12.95,0.16
26309,PGC026309,64,4,252,63,15.82,15.28,14.96,,,0.10,,14.89,0.21
26317,PGC026317,80,3,208,8,15.70,15.26,15.03,,,0.15,,14.97,0.46
26343,PGC026343,54,4,275,5,15.48,15.04,14.76,,,0.13,,14.71,0.14
26355,PGC026355,74,3,285,11,15.96,15.40,15.06,,,0.17,,15.00,0.31
26357,UGC04946,52,4,347,5,14.97,14.36,14.01,,,0.32,,13.92,0.13
26383,ESO061-008,75,3,306,17,,,,12.76,13.31,,0.49,,
26390,IC2461,90,1,367,7,14.11,13.34,12.90,,,0.37,,12.87,0.96
26393,PGC026393,75,3,228,24,16.05,15.78,15.58,,,0.10,,15.57,0.29
26397,UGC04949,88,2,396,13,15.48,14.74,14.29,,,0.24,,14.23,0.76
26407,UGC04957,89,1,379,5,15.76,15.14,14.59,,,0.37,,14.48,0.82
26409,UGC04955,56,4,200,5,15.84,15.43,15.24,,,0.27,,15.20,0.11
26411,PGC026411,60,4,359,16,,,,12.46,13.03,,0.23,,
26412,UGC04953,82,3,182,10,15.75,15.40,15.25,,,0.31,,15.23,0.26
26420,PGC026420,57,4,304,6,15.04,14.52,14.22,,,0.21,,14.17,0.16
26426,PGC026426,73,3,351,20,14.93,14.26,13.89,,,0.13,,13.84,0.20
26437,ESO372-015,74,3,195,20,,,,13.48,14.22,,0.41,,
26439,PGC026439,80,3,399,18,,,,13.64,14.25,,0.17,,
26443,UGC04964,80,3,279,5,15.37,14.99,14.75,,,0.21,,14.72,0.39
26450,PGC026450,59,6,263,7,15.14,14.75,14.46,,,0.17,,14.43,0.17
26455,ESO372-016,89,1,375,19,,,,11.76,12.24,,0.51,,
26457,UGC04958,76,3,462,17,14.35,13.68,13.30,,,0.26,,13.24,0.31
26461,UGC04965,74,5,400,9,14.82,14.21,13.84,,,0.25,,13.77,0.33
26463,ESO433-015,51,4,195,15,,,,12.80,13.45,,0.47,,
26471,IC0534,89,1,245,5,14.87,14.41,14.19,,,0.29,,14.10,0.80
26476,ESO372-018,89,1,318,13,,,,13.60,14.10,,0.28,,
26481,PGC026481,82,3,286,6,15.48,15.06,14.79,,,0.24,,14.74,0.42
26484,ESO565-001,85,2,114,13,,,,14.32,15.28,,1.10,,
26495,UGC04970,89,2,225,12,15.30,14.73,14.37,,,0.28,,14.34,0.87
26498,NGC2820,88,2,311,8,13.22,12.64,12.34,12.05,12.52,0.65,0.49,12.24,0.73
26510,UGC04977,72,5,270,10,15.26,14.85,14.60,,,0.17,,14.54,0.29
26512,NGC2841,69,3,592,12,9.67,8.92,8.49,8.60,9.24,1.38,1.33,8.46,0.12
26523,PGC026523,78,3,229,18,15.95,15.55,15.33,,,0.16,,15.31,0.36
26542,UGC04985,66,4,520,8,13.95,13.26,12.87,,,0.40,,12.79,0.19
26561,IC2469,82,3,495,11,,,,9.86,10.48,,1.34,,
26563,UGC04982,75,3,269,10,14.00,13.44,13.13,,,0.29,,13.09,0.31
26568,UGC04993,74,3,225,7,15.42,15.02,14.74,,,0.25,,14.67,0.28
26569,ESO497-042,89,1,199,13,,,,14.26,15.03,,0.52,,
26570,PGC026570,62,4,153,6,14.87,14.53,14.31,,,0.29,,14.27,0.17
26576,UGC04996,73,3,226,18,14.42,14.10,13.92,,,0.33,,13.86,0.26
26606,UGC04994,68,4,463,10,14.16,13.45,13.04,,,0.20,,12.96,0.19
26608,ESO498-003,81,3,296,7,,,,12.19,12.66,,0.28,,
26620,PGC026620,61,4,261,5,15.43,14.98,14.72,,,0.12,,14.68,0.18
26625,UGC04992,89,1,284,15,15.11,14.55,14.21,,,0.28,,14.17,0.92
26627,PGC026627,69,3,293,20,15.70,15.32,15.04,,,0.15,,15.00,0.26
26636,PGC026636,63,4,415,29,15.44,14.82,14.51,,,0.14,,14.43,0.21
26690,NGC2862,84,3,582,5,13.16,12.33,11.88,11.77,12.41,0.53,0.56,11.81,0.55
26715,PGC026715,87,2,280,5,16.18,15.72,15.44,,,0.26,,15.37,0.51
26721,UGC05017,88,2,230,19,15.99,15.27,14.87,,,0.29,,14.80,0.80
26727,UGC05014,90,2,170,16,16.47,16.12,15.94,,,0.31,,15.91,0.44
26731,PGC026731,79,3,256,18,,,,13.64,14.23,,0.18,,
26740,NGC2874,75,3,398,5,12.74,11.98,11.56,11.42,11.98,0.49,0.48,11.49,0.23
26750,UGC05023,51,4,166,5,14.21,13.81,13.58,,,0.14,,13.52,0.11
26752,UGC05020,82,3,185,5,14.50,14.02,13.76,14.32,14.80,0.50,0.37,13.72,0.34
26761,NGC2915,58,4,137,15,,,,12.07,12.66,,0.50,,
26762,UGC05027,87,2,229,5,15.43,15.02,14.87,,,0.23,,14.81,0.56
26765,PGC026765,71,3,345,15,14.36,13.79,13.47,,,0.19,,13.41,0.22
26774,PGC026774,75,3,287,5,15.24,14.68,14.32,,,0.15,,14.26,0.35
26781,NGC2882,70,3,279,8,13.32,12.67,12.31,12.44,13.01,0.37,0.32,12.22,0.25
26813,PGC026813,85,2,411,20,15.28,14.49,14.07,,,0.13,,14.02,0.50
26815,UGC05039,79,3,338,5,15.49,14.84,14.48,,,0.22,,14.42,0.42
26826,IC2481,56,4,255,8,14.26,13.77,13.53,,,0.17,,13.45,0.14
26831,PGC026831,79,3,392,131,15.54,14.71,14.26,,,0.17,,14.17,0.42
26852,UGC05041,74,3,351,12,14.91,14.36,14.03,,,0.28,,13.99,0.33
26856,NGC2870,78,3,335,16,13.49,12.88,12.53,12.61,13.20,0.54,0.50,12.46,0.39
26869,UGC05046,80,4,166,5,14.22,13.59,13.24,,,0.19,,13.17,0.40
26871,UGC05033,90,1,262,18,15.90,15.35,15.05,,,0.34,,14.94,0.79
26874,PGC026874,84,3,331,15,,,,13.16,13.71,,0.23,,
26899,UGC05047,88,3,95,18,15.44,14.96,14.64,,,0.50,,14.61,0.54
26903,UGC05049,89,2,296,10,14.65,13.91,13.49,,,0.34,,13.46,0.91
26906,PGC026906,62,4,400,20,15.57,15.00,14.66,,,0.19,,14.61,0.19
26907,ESO315-012,90,1,355,18,,,,12.31,12.77,,0.83,,
26932,NGC2894,72,5,390,5,12.80,12.04,11.54,11.57,12.18,0.32,0.32,11.43,0.26
26936,PGC026936,73,4,168,8,15.66,15.28,15.02,,,0.25,,15.00,0.25
26953,PGC026953,72,3,146,5,16.06,15.69,15.50,,,0.14,,15.44,0.24
26966,IC2487,80,3,369,5,13.88,13.23,12.86,12.80,13.34,0.42,0.41,12.77,0.45
26968,IC0540,87,2,285,19,14.30,13.51,13.07,13.01,13.62,0.32,0.30,12.96,0.72
26978,PGC026978,76,3,354,11,15.30,14.66,14.28,,,0.15,,14.22,0.36
26982,IC2486,48,6,325,7,14.48,13.93,13.57,,,0.21,,13.52,0.09
26989,PGC026989,63,4,341,18,15.07,14.74,14.44,,,0.13,,14.44,0.20
26990,PGC026990,60,11,465,119,15.10,14.43,14.02,,,0.18,,13.95,0.16
27005,PGC027005,46,6,279,5,15.15,14.50,14.13,,,0.14,,14.06,0.08
27009,PGC027009,76,3,301,6,15.23,14.58,14.24,,,0.21,,14.14,0.37
27023,UGC05070,73,3,254,5,14.17,13.68,13.40,,,0.26,,13.34,0.31
27045,ESO434-011,69,3,192,8,,,,13.04,13.44,,0.29,,
27054,PGC027054,85,2,323,14,,,,13.67,14.24,,0.40,,
27059,UGC05078,89,2,180,5,16.17,15.79,15.63,16.13,16.54,0.31,0.39,15.56,0.39
27074,NGC2906,59,4,338,11,12.77,12.06,11.66,11.62,12.22,0.34,0.34,11.57,0.08
27077,NGC2903,62,5,368,8,9.30,8.69,8.32,8.34,8.89,1.75,1.46,8.27,0.15
27088,UGC05082,81,3,265,5,14.48,13.83,13.43,13.57,14.14,0.26,0.28,13.36,0.48
27114,UGC05084,53,4,436,5,14.58,13.93,13.58,,,0.23,,13.53,0.11
27135,ESO373-008,88,2,202,13,,,,11.12,11.70,,1.44,,
27158,PGC027158,76,3,309,11,,,,12.53,13.07,,0.46,,
27175,UGC05093,73,3,268,33,14.67,13.97,13.59,,,0.24,,13.52,0.30
27184,NGC2913,52,4,216,5,14.15,13.55,13.25,,,0.23,,13.17,0.11
27192,UGC05097,54,4,220,28,13.93,13.53,13.36,,,0.14,,13.30,0.12
27214,NGC2921,70,5,430,18,,,,11.61,12.26,,0.54,,
27216,UGC05099,62,4,259,5,14.64,14.13,13.84,,,0.18,,13.77,0.19
27219,UGC05100,54,7,331,5,14.36,13.70,13.33,,,0.26,,13.25,0.13
28098,UGC05203,89,1,166,6,,,,14.68,15.28,,0.47,,
27220,PGC027220,86,3,392,7,15.37,14.54,14.07,,,0.18,,13.96,0.65
27221,PGC027221,58,5,225,6,16.95,16.60,16.29,,,0.09,,16.28,0.12
27232,NGC2919,73,3,308,5,13.30,12.72,12.40,12.51,13.01,0.42,0.34,12.35,0.31
27236,PGC027236,57,4,356,20,15.44,14.91,14.54,,,0.09,,14.49,0.14
27248,UGC05107,82,3,168,5,14.89,14.53,14.32,14.88,15.56,0.50,0.49,14.25,0.23
27249,PGC027249,85,2,205,8,15.77,15.28,14.99,,,0.19,,14.94,0.48
27259,PGC027259,53,4,278,6,14.91,14.30,14.01,,,0.16,,13.95,0.13
27266,UGC05108,71,3,460,50,14.20,13.48,13.09,,,0.22,,13.04,0.21
27293,IC0544,79,3,277,19,15.16,14.57,14.24,14.02,14.40,0.17,0.18,14.19,0.41
27310,UGC05116,85,2,190,7,15.62,15.23,14.99,,,0.27,,14.93,0.49
27311,PGC027311,80,3,117,19,14.92,14.45,14.21,,,0.17,,14.18,0.45
27358,UGC05111,85,2,436,17,14.67,13.76,13.25,12.72,13.25,0.37,0.29,13.07,0.53
27361,NGC2922,74,3,275,14,13.83,13.38,13.12,13.22,13.71,0.32,0.30,13.09,0.33
27368,PGC027368,80,4,103,5,17.48,17.19,16.93,,,0.12,,16.91,0.21
27371,UGC05121,89,1,344,12,15.82,15.12,14.74,14.65,15.13,0.25,0.25,14.65,0.80
27388,PGC027388,87,2,433,6,15.32,14.51,14.03,13.37,13.77,0.19,0.18,13.98,0.62
27389,PGC027389,72,3,229,5,15.84,15.24,14.86,,,0.09,,14.78,0.28
27398,NGC2929,77,3,428,17,14.04,13.47,13.13,,,0.32,,13.07,0.37
27402,PGC027402,65,4,349,11,15.93,15.30,14.94,,,0.14,,14.85,0.22
27425,PGC027425,78,3,420,19,,,,13.07,13.70,,0.38,,
27430,ESO565-029,60,4,176,9,,,,13.52,14.16,,0.71,,
27432,PGC027432,75,3,245,5,15.86,15.25,14.94,,,0.15,,14.87,0.33
27436,NGC2933,74,3,210,5,14.85,14.44,14.19,,,0.23,,14.13,0.30
27437,UGC05129,57,4,310,5,13.84,13.24,12.92,13.09,13.74,0.18,0.21,12.87,0.15
27442,PGC027442,52,4,159,20,,,,14.96,15.66,,0.29,,
27450,ESO373-012,59,4,176,15,,,,14.34,14.91,,0.37,,
27451,NGC2939,79,3,336,5,13.20,12.55,12.18,11.99,12.47,0.45,0.35,12.10,0.42
27455,IC2495,50,4,435,14,14.54,13.92,13.56,,,0.14,,13.50,0.06
27458,ESO091-016,84,3,218,16,,,,11.82,12.29,,0.28,,
27473,NGC2938,54,4,198,8,,,,13.51,14.04,,0.45,,
27479,PGC027479,60,4,209,19,15.74,15.24,14.97,15.19,15.81,0.14,0.17,14.92,0.18
27510,PGC027510,74,3,364,19,14.39,13.65,13.22,13.08,13.50,0.12,0.16,13.17,0.15
27518,NGC2948,59,4,377,5,13.36,12.71,12.36,12.39,12.92,0.31,0.30,12.27,0.13
27529,ESO565-033,73,3,112,19,,,,15.27,15.57,,0.42,,
27544,PGC027544,84,3,226,11,15.69,15.27,15.03,,,0.19,,14.96,0.48
27549,UGC05147,88,2,225,15,15.88,15.45,15.17,15.56,16.15,0.24,0.26,15.14,0.50
27552,PGC027552,66,4,296,18,14.76,14.28,14.01,,,0.14,,13.97,0.23
27558,UGC05148,90,1,326,5,15.26,14.61,14.24,13.73,14.16,0.29,0.26,14.18,0.98
27564,PGC027564,70,3,350,20,15.04,14.46,14.11,,,0.19,,14.06,0.27
27570,UGC05149,90,1,221,5,16.11,15.62,15.34,15.72,16.08,0.26,0.31,15.29,0.50
27572,PGC027572,70,3,268,15,15.45,14.93,14.64,,,0.21,,14.57,0.27
27574,PGC027574,47,6,158,6,15.12,14.81,14.62,,,0.15,,14.60,0.10
27606,ESO373-019,81,5,361,12,,,,11.75,12.14,,0.20,,
27613,UGC05154,77,3,236,7,15.46,15.05,14.84,,,0.18,,14.81,0.35
27615,UGC05156,76,3,428,9,15.09,14.40,14.01,,,0.23,,13.95,0.36
27618,PGC027618,88,2,282,5,16.34,15.77,15.44,,,0.16,,15.39,0.77
27622,IC0549,59,4,111,5,14.97,14.67,14.53,,,0.14,,14.47,0.16
27623,ESO434-019,71,4,106,11,,,,14.63,15.28,,0.39,,
27630,UGC05164,90,1,443,12,15.24,14.68,14.38,,,0.26,,14.32,0.97
27634,PGC027634,89,1,258,5,16.20,15.65,15.35,15.39,16.14,0.27,0.27,15.31,0.61
27640,PGC027640,79,3,388,19,15.34,14.78,14.45,14.02,14.37,0.20,0.18,14.40,0.42
27641,UGC05157,83,3,300,15,14.06,13.57,13.29,13.12,13.70,0.31,0.31,13.26,0.52
27645,IC0551,48,6,363,18,14.30,13.65,13.27,,,0.12,,13.19,0.03
27651,PGC027651,86,2,294,20,15.90,15.30,14.91,,,0.26,,14.85,0.62
27659,UGC05170,63,4,398,6,15.61,15.12,14.80,,,0.19,,14.74,0.20
27666,NGC2955,65,4,471,5,13.26,12.68,12.34,12.32,12.80,0.31,0.25,12.31,0.15
27681,UGC05173,90,1,484,5,14.55,13.73,13.28,12.68,13.16,0.59,0.47,13.22,0.97
27690,ESO434-023,57,4,245,13,,,,12.82,13.47,,0.52,,
27699,UGC05174,87,2,426,7,15.86,15.22,14.81,,,0.23,,14.76,0.74
27711,UGC05177,72,3,235,5,15.17,14.86,14.65,15.26,15.76,0.20,0.24,14.62,0.20
27727,PGC027727,76,3,427,15,15.00,14.36,13.99,13.91,14.52,0.16,0.19,13.92,0.37
27733,PGC027733,69,3,55,18,,,,14.02,14.55,,0.18,,
27734,NGC2966,71,4,239,5,13.09,12.42,12.05,11.95,12.41,0.52,0.34,11.96,0.26
27735,PGC027735,82,3,357,16,,,,12.68,13.21,,0.46,,
27736,PGC027736,81,3,187,7,16.35,15.88,15.61,,,0.16,,15.55,0.33
27743,PGC027743,81,3,153,8,17.15,16.91,16.76,,,0.12,,16.74,0.21
27744,PGC027744,82,3,365,10,15.58,14.94,14.55,,,0.19,,14.49,0.51
27747,PGC027747,80,3,198,16,,,,13.97,14.69,,0.42,,
27774,PGC027774,72,3,239,17,,,,13.97,14.44,,0.36,,
27780,UGC05185,70,3,524,6,13.89,13.23,12.84,,,0.36,,12.79,0.21
27785,UGC05186,78,3,33,5,15.54,15.23,15.02,15.85,16.19,0.37,0.30,15.00,0.21
27795,NGC2979,55,4,387,20,,,,11.96,12.60,,0.30,,
27796,UGC05192,73,3,381,5,13.82,13.17,12.81,12.89,13.44,0.40,0.49,12.75,0.31
27799,NGC2980,64,4,449,18,,,,12.14,12.61,,0.31,,
27803,UGC05195,84,3,423,9,15.22,14.43,13.98,,,0.21,,13.77,0.55
27810,PGC027810,77,3,304,17,,,,13.04,13.54,,0.45,,
27826,UGC05194,86,2,379,15,15.62,14.99,14.61,14.55,15.08,0.23,0.27,14.57,0.59
27829,PGC027829,86,2,291,40,15.80,15.37,15.12,,,0.18,,15.08,0.65
27839,PGC027839,53,4,451,18,15.25,14.73,14.29,,,0.12,,14.24,0.11
27845,NGC2977,65,4,313,7,,,,12.18,12.71,,0.32,,
27856,ESO373-021,87,2,212,8,,,,14.58,15.33,,0.62,,
27875,UGC05205,58,4,70,8,15.09,14.82,14.62,15.51,15.99,0.31,0.35,14.52,0.08
27903,IC2507,67,5,148,10,,,,12.85,13.36,,0.47,,
27912,PGC027912,72,3,276,5,15.60,15.15,14.89,,,0.16,,14.86,0.29
27946,UGC05215,63,4,404,5,13.57,12.99,12.63,12.75,13.32,0.33,0.32,12.56,0.20
27954,UGC05214,70,3,188,5,16.21,15.80,15.55,,,0.28,,15.50,0.15
27959,UGC05216,66,4,210,5,14.56,14.11,13.85,,,0.39,,13.80,0.20
27962,NGC2989,55,4,296,16,,,,12.62,13.09,,0.26,,
27966,ESO434-034,89,1,124,15,,,,14.41,15.07,,0.83,,
27968,UGC05218,59,4,174,5,15.08,14.71,14.51,15.37,15.54,0.32,0.30,14.46,0.09
27978,NGC2997,48,6,245,13,,,,8.81,9.35,,2.07,,
27981,NGC2987,71,3,330,6,13.84,13.11,12.71,12.56,13.13,0.23,0.22,12.63,0.25
27987,UGC05217,58,4,197,5,15.06,14.73,14.53,,,0.31,,14.52,0.14
27996,PGC027996,64,4,337,11,14.39,13.80,13.47,,,0.18,,13.44,0.19
27997,UGC05224,62,7,161,5,14.84,14.40,14.19,,,0.43,,14.10,0.13
28010,UGC05228,79,3,256,5,13.48,12.87,12.57,12.59,13.12,0.59,0.47,12.29,0.40
28018,UGC05210,88,2,304,14,15.05,14.39,14.01,13.94,14.47,0.41,0.48,13.84,0.53
28026,NGC2990,58,4,289,5,12.89,12.51,12.33,12.34,12.77,0.25,0.24,12.28,0.15
28031,PGC028031,75,3,279,5,15.32,14.77,14.43,,,0.17,,14.40,0.35
28033,IC0564,78,3,469,7,13.84,13.14,12.77,12.43,12.82,0.34,0.35,12.67,0.39
28034,PGC028034,69,3,275,5,15.13,14.74,14.46,14.79,15.25,0.23,0.24,14.41,0.22
28044,ESO037-005,72,3,171,13,,,,13.55,14.16,,0.37,,
28052,PGC028052,64,4,220,5,15.41,14.84,14.52,,,0.18,,14.44,0.21
28053,ESO499-004,74,3,289,13,,,,13.95,14.47,,0.34,,
28081,UGC05234,53,4,338,5,13.57,13.01,12.54,12.80,13.47,0.34,0.32,12.44,0.12
28087,UGC05238,73,3,205,5,,,,14.10,14.71,,0.48,,
28088,UGC05235,90,1,387,6,15.83,15.24,14.83,14.12,14.54,0.31,0.27,14.76,0.92
28093,ESO434-039,73,3,147,20,,,,15.44,16.22,,0.29,,
28101,UGC05242,57,4,104,5,15.62,15.16,14.99,,,0.36,,14.73,0.07
28103,PGC028103,67,4,241,17,16.07,15.69,15.45,,,0.17,,15.42,0.19
28117,ESO499-005,78,3,365,18,,,,12.59,13.11,,0.48,,
28120,NGC2976,63,4,140,7,10.47,9.86,9.56,9.82,10.37,1.21,1.18,9.44,0.00
28126,UGC05237,64,4,243,18,14.67,14.26,14.03,14.44,14.95,0.34,0.37,14.01,0.18
28128,UGC05240,89,1,328,6,15.52,14.96,14.60,14.28,14.63,0.31,0.28,14.55,0.79
28136,UGC05245,90,1,145,10,14.88,14.47,14.21,14.79,15.75,0.78,0.82,14.14,0.52
28146,PGC028146,84,3,451,5,15.22,14.33,13.85,,,0.16,,13.78,0.54
28147,IC2510,60,4,250,12,,,,12.32,12.87,,0.30,,
28148,UGC05249,80,3,201,5,13.79,13.44,13.23,13.80,14.74,0.69,0.67,13.14,0.21
28159,IC0565,89,1,509,5,14.88,14.08,13.59,13.01,13.54,0.35,0.29,13.49,0.92
28167,PGC028167,73,3,577,40,15.26,14.71,14.36,,,0.16,,14.31,0.30
28186,NGC3003,83,3,268,5,12.03,11.66,11.45,11.84,12.38,1.02,0.88,11.43,0.40
28196,NGC2998,59,5,374,7,12.80,12.35,12.06,12.20,12.75,0.50,0.43,12.03,0.17
28197,UGC05244,84,3,232,18,14.81,14.32,14.06,14.30,15.00,0.32,0.35,13.96,0.39
28206,NGC3029,50,4,266,18,,,,13.51,14.01,,0.24,,
28212,PGC028212,87,2,68,20,15.75,15.40,15.21,,,0.24,,15.09,0.39
28224,ESO566-014,85,2,268,13,,,,13.88,14.40,,0.24,,
28225,UGC05247,68,5,88,15,14.32,13.68,13.30,13.51,14.12,0.45,0.49,13.12,0.17
28228,UGC05255,88,2,288,18,15.28,14.65,14.28,,,0.19,,14.24,0.82
28242,UGC05257,67,4,283,7,14.92,14.41,14.10,,,0.23,,14.05,0.24
28246,IC2511,84,3,414,20,,,,11.45,12.00,,0.59,,
28248,UGC05258,88,2,301,5,15.30,14.67,14.31,14.05,14.60,0.31,0.27,14.23,0.74
28253,PGC028253,75,3,97,5,15.07,14.81,14.66,,,0.31,,14.65,0.18
28254,PGC028254,73,4,319,16,14.53,13.94,13.60,,,0.16,,13.54,0.24
28271,PGC028271,75,3,285,8,15.28,14.65,14.28,13.99,14.29,0.15,0.15,14.21,0.34
28274,UGC05267,86,2,471,20,14.34,13.49,13.01,12.60,13.19,0.40,0.35,12.93,0.44
28283,IC2513,85,2,438,20,,,,10.99,11.63,,0.59,,
28295,NGC3019,55,4,281,5,15.25,14.75,14.47,,,0.18,,14.41,0.14
28296,NGC3020,60,4,208,5,12.65,12.38,12.26,12.89,13.41,0.60,0.51,12.20,0.15
28304,PGC028304,83,3,215,5,15.92,15.56,15.28,,,0.17,,15.26,0.41
28313,ESO499-009,70,3,290,11,,,,12.37,13.02,,0.34,,
28317,UGC05272,79,3,74,5,14.21,14.04,13.98,,,0.56,,13.95,0.19
28324,NGC3024,88,3,238,5,13.53,13.15,12.96,13.16,13.55,0.41,0.46,12.90,0.63
28341,UGC05276,53,4,418,19,14.35,13.74,13.40,,,0.22,,13.35,0.12
28343,UGC05278,64,4,385,18,14.62,14.04,13.68,,,0.24,,13.62,0.19
28351,NGC3026,77,3,207,5,13.34,12.92,12.67,13.01,13.55,0.71,0.60,12.63,0.31
28352,UGC05284,53,4,179,5,15.75,15.27,14.98,,,0.29,,14.92,0.11
28357,NGC3021,58,4,241,6,12.50,11.92,11.60,11.57,12.10,0.29,0.30,11.57,0.14
28366,UGC05286,52,4,312,5,13.67,13.18,12.88,13.16,13.88,0.44,0.42,12.82,0.13
28368,IC0568,50,4,368,17,14.12,13.42,13.01,,,0.24,,12.92,0.07
28370,UGC05282,64,4,99,5,15.39,14.97,14.72,,,0.34,,14.70,0.15
28371,PGC028371,47,6,58,5,15.26,14.67,14.33,,,0.24,,14.25,0.09
28376,NGC3038,53,4,397,11,,,,10.79,11.41,,0.42,,
28378,UGC5288,45,6,88,8,14.04,13.64,13.45,,,0.38,,13.39,0.06
28380,PGC028380,54,4,178,11,,,,13.98,14.83,,0.39,,
28396,PGC028396,90,1,153,17,16.48,15.89,15.55,,,0.37,,15.44,0.62
28400,PGC028400,74,3,124,6,15.87,15.52,15.37,,,0.13,,15.32,0.26
28403,PGC028403,62,4,274,14,,,,13.43,14.10,,0.27,,
28416,ESO374-003,77,3,249,18,,,,13.08,13.62,,0.46,,
28421,PGC028421,77,3,267,5,15.11,14.53,14.20,,,0.17,,14.14,0.38
28452,NGC3039,62,4,418,9,13.95,13.11,12.68,,,0.23,,12.50,0.08
28461,ESO435-004,90,1,213,20,,,,15.42,16.06,,0.32,,
28463,UGC05299,87,4,131,8,16.98,16.79,16.65,,,0.26,,16.58,0.31
28474,PGC028474,58,4,73,7,16.50,16.27,16.18,,,0.14,,16.16,0.09
28485,NGC3041,54,4,270,5,11.88,11.34,11.00,,,0.82,,10.94,0.12
28492,NGC3045,64,4,237,7,,,,12.81,13.21,,0.28,,
28511,PGC028511,68,4,296,18,15.81,15.29,15.02,15.20,15.68,0.14,0.18,14.97,0.24
28517,NGC3044,89,1,314,5,12.14,11.68,11.44,11.27,11.71,0.90,0.57,11.40,0.92
28520,UGC05312,86,2,329,8,15.45,14.72,14.35,,,0.26,,14.27,0.66
28531,UGC05314,88,2,277,5,16.09,15.49,15.18,,,0.20,,15.11,0.77
28534,ESO435-005,83,3,306,12,,,,13.68,14.16,,0.45,,
28557,UGC05320,66,7,299,5,13.96,13.48,13.20,13.53,14.17,0.45,0.43,13.15,0.21
28565,ESO374-008,85,2,147,20,,,,14.86,15.41,,0.39,,
28570,NGC3052,49,6,282,17,,,,11.89,12.47,,0.42,,
28571,NGC3054,53,4,395,8,,,,10.82,11.41,,0.70,,
28582,PGC028582,89,1,240,18,16.45,15.88,15.52,,,0.27,,15.48,0.70
28587,PGC028587,64,4,171,12,16.01,15.71,15.54,,,0.14,,15.51,0.18
28588,UGC05324,66,4,212,5,15.53,15.21,14.99,,,0.20,,14.96,0.18
28590,NGC3049,55,4,197,5,12.96,12.43,12.14,12.45,12.99,0.55,0.43,12.07,0.14
28595,PGC028595,56,4,258,40,15.58,15.05,14.71,,,0.17,,14.65,0.15
28607,IC2523,65,4,179,20,,,,12.35,12.86,,0.37,,
28611,PGC028611,71,8,340,16,15.16,14.46,14.05,,,0.17,,13.98,0.27
28617,NGC3055,56,4,259,5,12.46,11.98,11.74,11.89,12.32,0.43,0.37,11.65,0.13
28630,M81,58,4,431,7,7.51,6.67,6.24,6.26,6.90,3.07,2.83,6.10,0.04
28631,NGC3053,68,4,395,5,13.41,12.67,12.25,,,0.28,,12.18,0.12
28636,NGC3027,73,3,206,6,,,,12.24,12.79,,1.24,,
28641,UGC05332,83,3,56,5,16.00,15.75,15.53,,,0.38,,15.48,0.23
28656,PGC028656,70,3,494,17,,,,13.56,14.19,,0.23,,
28664,ESO499-022,88,2,241,15,,,,13.29,13.85,,0.33,,
28667,ESO566-030,54,4,239,20,,,,14.11,14.71,,0.38,,
28672,NGC3043,77,3,265,11,13.46,13.00,12.73,12.89,13.38,0.33,0.28,12.71,0.38
28676,PGC028676,59,4,293,5,15.09,14.57,14.28,,,0.14,,14.22,0.16
28680,NGC3060,80,3,474,5,13.35,12.62,12.20,12.09,12.68,0.38,0.38,12.14,0.41
28700,UGC05341,90,1,589,5,14.56,13.85,13.39,12.71,13.24,0.73,0.62,13.31,0.93
28716,UGC05343,74,3,203,5,15.28,14.93,14.73,,,0.33,,14.69,0.24
28718,PGC028718,82,3,622,19,,,,11.98,12.55,,0.33,,
28734,PGC028734,48,6,196,17,,,,13.81,14.41,,0.24,,
28741,UGC05347,89,2,205,5,15.03,14.50,14.23,14.47,15.22,0.34,0.28,14.13,0.64
28758,IC2524,52,4,168,5,14.55,14.18,13.98,,,0.12,,13.96,0.13
28778,ESO435-014,88,2,286,16,,,,12.99,13.56,,0.52,,
28781,ESO435-015,85,2,153,20,,,,13.56,14.12,,0.33,,
28795,UGC05349,77,3,182,7,13.82,13.51,13.31,14.07,14.53,0.63,0.56,13.29,0.20
28800,IC0581,53,4,335,5,14.43,13.67,13.24,,,0.14,,13.16,0.06
28801,ESO499-025,85,2,200,18,,,,13.70,14.29,,0.25,,
28803,ESO499-026,83,3,224,17,,,,13.42,14.09,,0.63,,
28805,NGC3067,71,3,271,5,12.47,11.81,11.46,11.28,11.73,0.44,0.31,11.43,0.13
28818,UGC05357,84,3,182,5,16.12,15.67,15.44,,,0.28,,15.38,0.38
28821,UGC05358,71,3,197,5,14.71,14.30,14.08,,,0.39,,14.02,0.23
28828,UGC05359,75,3,432,12,14.57,13.96,13.61,,,0.29,,13.55,0.34
28830,UGC05354,62,4,160,6,13.78,13.47,13.32,,,0.39,,13.29,0.16
28832,PGC028832,54,4,197,5,15.04,14.59,14.34,,,0.19,,14.29,0.13
28833,NGC3075,61,4,263,5,13.63,13.15,12.89,,,0.36,,12.84,0.19
28840,ESO435-019,87,2,264,15,,,,12.26,12.70,,0.84,,
28855,ESO316-011,85,2,274,13,,,,13.48,13.97,,0.19,,
28874,ESO499-032,53,4,296,12,,,,12.20,12.93,,0.43,,
28880,UGC05370,67,4,393,16,15.67,15.14,14.80,,,0.16,,14.76,0.25
28882,NGC3089,55,4,280,16,,,,11.62,12.06,,0.43,,
28909,IC2531,90,1,469,13,,,,10.92,11.48,,1.28,,
28915,IC2532,53,4,97,10,,,,12.24,12.85,,0.40,,
28918,PGC028918,73,3,293,20,,,,13.88,14.54,,0.26,,
28919,NGC3095,53,4,345,9,,,,10.96,11.49,,0.72,,
28939,UGC05376,88,2,366,5,13.60,12.93,12.54,,,0.37,,12.49,0.75
28949,UGC05378,63,4,254,5,14.30,13.79,13.52,13.76,14.22,0.19,0.19,13.47,0.21
28951,PGC028951,61,4,259,44,15.64,15.23,14.97,,,0.16,,14.94,0.18
28955,ESO435-028,90,1,121,20,,,,16.01,16.62,,0.28,,
28959,PGC028959,89,3,360,20,15.95,15.14,14.67,,,0.19,,14.58,0.90
28973,UGC05381,76,3,342,7,14.88,14.29,13.94,,,0.20,,13.87,0.35
29022,ESO567-006,87,2,227,15,,,,15.46,16.16,,0.32,,
29028,UGC05392,89,1,356,5,15.54,14.87,14.51,,,0.25,,14.44,0.89
29032,UGC05396,73,3,321,5,14.29,13.68,13.33,,,0.37,,13.27,0.32
29034,UGC05391,70,3,183,8,14.20,13.99,13.82,14.47,15.41,0.54,0.48,13.80,0.14
29036,UGC05393,54,4,145,5,13.98,13.72,13.60,,,0.50,,13.58,0.10
29043,UGC05394,86,2,144,8,15.68,15.44,15.30,,,0.30,,15.28,0.30
29050,NGC3079,87,2,419,5,10.94,10.33,9.96,9.54,9.94,1.46,0.75,9.94,0.61
29064,PGC029064,70,3,229,17,14.84,14.20,13.88,,,0.16,,13.84,0.26
29082,UGC05401,73,8,126,5,15.67,15.35,15.14,,,0.34,,15.09,0.16
29083,ESO499-035,87,2,42,18,,,,14.75,15.29,,0.19,,
29086,PGC029086,90,1,117,13,,,,14.94,15.08,,0.50,,
29093,PGC029093,51,4,245,5,15.35,14.89,14.64,,,0.16,,14.59,0.12
29096,ESO316-018,88,2,383,11,,,,11.92,12.48,,0.49,,
29101,PGC029101,65,4,272,33,15.13,14.57,14.24,,,0.14,,14.17,0.21
29111,PGC029111,80,3,231,5,15.90,15.55,15.38,,,0.20,,15.34,0.29
29126,UGC05409,79,3,204,5,14.90,14.51,14.30,,,0.25,,14.25,0.36
29127,IC0587,64,4,354,18,14.45,13.81,13.47,,,0.27,,13.36,0.20
29128,NGC3109,82,3,110,13,,,,10.40,11.03,,4.64,,
29136,PGC029136,64,4,321,18,,,,13.20,13.83,,0.36,,
29141,ESO092-006,64,4,273,14,,,,11.79,12.39,,0.42,,
29156,UGC05413,88,2,307,5,16.30,15.71,15.34,,,0.24,,15.26,0.67
29157,IC2536,84,3,250,18,,,,12.84,13.46,,0.44,,
29166,ESO499-037,76,3,180,13,,,,13.27,14.11,,1.07,,
29179,IC2537,50,4,301,5,,,,11.62,12.17,,0.54,,
29181,IC2538,62,4,503,20,,,,12.81,13.36,,0.31,,
29185,PGC029185,72,3,401,5,15.25,14.60,14.23,,,0.15,,14.17,0.30
29203,IC2539,78,3,275,15,,,,12.34,12.83,,0.37,,
29205,UGC05424,70,3,291,7,15.23,14.83,14.59,,,0.23,,14.56,0.26
29212,UGC05426,88,2,413,5,15.49,14.71,14.25,,,0.38,,14.17,0.82
29213,PGC029213,60,4,236,16,14.80,14.43,14.21,,,0.19,,14.13,0.18
29214,ESO316-021,88,2,485,15,,,,12.21,12.77,,0.38,,
29216,NGC3113,77,3,190,13,,,,12.44,13.14,,0.93,,
29221,PGC029221,90,1,139,17,16.72,16.33,16.21,,,0.20,,16.19,0.48
29223,PGC029223,85,2,277,18,15.75,15.11,14.72,,,0.14,,14.64,0.62
29229,UGC05421,87,2,103,12,15.62,15.35,15.25,15.41,15.53,0.50,0.74,15.24,0.38
29230,UGC05427,52,4,71,5,14.56,14.22,14.03,,,0.37,,13.99,0.09
29233,PGC029233,87,2,215,5,15.85,15.38,15.14,,,0.20,,15.11,0.61
29253,UGC05431,88,2,183,5,15.93,15.61,15.47,,,0.31,,15.43,0.40
29258,UGC05433,83,3,160,5,16.58,16.29,16.16,,,0.26,,16.10,0.23
29271,UGC05402,53,4,458,15,,,,13.42,14.12,,0.24,,
29277,UGC05436,76,3,287,5,14.26,13.84,13.61,,,0.21,,13.56,0.36
29278,NGC3120,51,4,205,12,,,,12.00,12.63,,0.37,,
29281,ESO567-012,69,3,272,11,,,,13.65,14.22,,0.26,,
29283,PGC029283,53,4,168,5,15.11,14.60,14.32,,,0.13,,14.25,0.13
29291,UGC05437,72,3,187,5,15.93,15.59,15.43,,,0.28,,15.40,0.16
29296,NGC3057,54,4,133,8,13.26,12.96,12.74,,,0.61,,12.70,0.12
29365,UGC05446,82,3,171,5,14.86,14.57,14.43,,,0.38,,14.41,0.29
29392,PGC029392,50,4,294,19,15.08,14.52,14.18,,,0.17,,14.09,0.11
29393,ESO263-005,75,3,350,13,,,,12.20,12.78,,0.45,,
29405,PGC029405,90,1,480,18,,,,12.90,13.53,,0.37,,
29413,UGC05454,54,4,119,5,15.41,15.18,15.03,,,0.28,,14.97,0.08
29415,NGC3118,87,2,202,5,13.77,13.44,13.26,13.78,14.31,0.54,0.42,13.23,0.44
29427,UGC05451,71,3,114,16,13.68,13.15,12.86,13.44,14.05,0.53,0.50,12.84,0.23
29428,UGC05456,68,7,56,5,13.42,13.15,13.00,13.67,14.24,0.35,0.37,12.93,0.13
29435,IC0591,55,4,140,9,13.95,13.50,13.32,,,0.21,,13.26,0.14
29459,UGC05461,86,2,263,5,15.19,14.73,14.46,,,0.25,,14.42,0.60
29466,PGC029466,90,1,149,5,16.09,15.83,15.66,,,0.28,,15.61,0.45
29468,UGC05464,56,4,97,5,15.42,14.98,14.75,,,0.39,,14.71,0.09
29472,UGC05459,89,1,261,8,12.48,11.97,11.67,12.13,12.68,0.98,0.64,11.66,0.78
29476,PGC029476,87,2,439,8,15.44,14.68,14.20,,,0.15,,14.13,0.64
29484,NGC3126,85,2,562,5,13.14,12.33,11.89,,,0.47,,11.83,0.30
29487,ESO435-044,89,1,130,17,,,,16.49,16.98,,0.28,,
29496,IC0594,62,4,368,20,14.50,13.88,13.51,,,0.25,,13.43,0.18
29499,NGC3131,77,3,517,5,13.34,12.58,12.17,12.08,12.61,0.39,0.40,12.08,0.30
29515,PGC029515,85,2,250,5,16.18,15.68,15.38,,,0.17,,15.31,0.57
29522,PGC029522,82,3,97,5,16.33,15.94,15.74,,,0.10,,15.71,0.36
29530,NGC3137,73,3,244,13,,,,11.35,12.00,,1.06,,
29567,UGC05481,85,2,532,14,14.10,13.24,12.76,,,0.29,,12.69,0.34
29577,ESO500-005,51,4,412,20,,,,13.23,13.81,,0.21,,
29588,PGC029588,71,3,440,18,15.12,14.33,13.91,,,0.12,,13.83,0.23
29603,UGC05482,50,4,99,5,15.13,14.91,14.65,,,0.30,,14.62,0.07
29614,UGC05487,57,5,201,5,14.97,14.49,14.24,,,0.22,,14.16,0.15
29631,UGC05489,67,4,402,7,13.33,12.55,12.11,12.23,12.81,0.25,0.30,12.05,0.20
29641,ESO435-050,90,1,182,15,,,,15.22,15.74,,0.54,,
29660,PGC029660,80,3,253,5,15.50,15.09,14.78,,,0.13,,14.73,0.44
29691,NGC3157,81,3,302,14,,,,12.14,12.66,,0.46,,
29698,UGC05495,87,2,546,5,14.06,13.33,12.89,,,0.52,,12.79,0.71
29708,PGC029708,87,2,473,5,14.59,13.75,13.28,,,0.27,,13.21,0.61
29715,UGC05499,79,3,418,5,13.77,13.11,12.73,,,0.46,,12.64,0.43
29716,ESO263-015,90,1,337,17,,,,11.91,12.45,,0.63,,
29717,PGC029717,89,1,156,17,16.72,16.36,16.19,,,0.25,,16.17,0.42
29727,IC2556,58,4,214,9,,,,13.29,13.89,,0.59,,
29743,ESO436-001,89,1,346,8,,,,11.99,12.47,,0.46,,
29746,UGC05504,90,2,141,5,15.94,15.55,15.32,16.18,17.24,0.37,0.32,15.28,0.41
29747,NGC3153,65,4,247,5,13.25,12.83,12.60,12.99,13.52,0.44,0.40,12.53,0.20
29749,UGC05506,57,4,478,12,14.59,13.91,13.52,,,0.22,,13.45,0.13
29759,NGC3154,66,4,360,7,14.03,13.38,13.02,,,0.18,,12.95,0.17
29778,ESO374-044,58,4,402,19,,,,13.20,13.58,,0.20,,
29781,PGC029781,53,4,216,20,,,,14.58,15.19,,0.20,,
29792,PGC029792,73,4,232,30,17.27,16.89,16.66,,,0.10,,16.65,0.16
29798,NGC3165,63,4,142,6,14.23,13.78,13.56,,,0.39,,13.51,0.19
29802,UGC05509,87,2,540,8,14.79,14.03,13.60,,,0.28,,13.52,0.69
29813,UGC05514,85,2,174,5,15.37,15.05,14.85,,,0.34,,14.79,0.39
29841,ESO567-026,87,2,386,19,,,,12.61,13.16,,0.38,,
29853,ESO374-047,84,3,181,16,,,,15.33,16.01,,0.25,,
29865,UGC05524,87,2,174,5,14.71,14.12,13.80,14.03,14.88,0.50,0.40,13.76,0.58
29866,UGC05526,70,3,159,5,15.08,14.73,14.53,,,0.19,,14.46,0.22
29888,ESO500-017,71,3,300,19,,,,13.53,14.09,,0.19,,
29892,NGC3175,82,3,324,17,,,,10.18,10.64,,0.66,,
29895,IC2558,60,4,154,20,,,,13.51,14.04,,0.24,,
29898,IC2559,72,3,256,17,,,,12.87,13.33,,0.28,,
29903,ESO436-004,83,3,406,18,,,,13.17,13.90,,0.29,,
29914,PGC029914,65,4,211,19,15.90,15.56,15.35,,,0.13,,15.31,0.21
29919,UGC05520,56,4,246,11,13.67,13.31,13.09,,,0.41,,13.03,0.14
29924,UGC05529,82,3,273,5,14.95,14.53,14.27,,,0.30,,14.23,0.45
29935,PGC029935,61,4,314,19,15.81,15.24,14.94,,,0.15,,14.88,0.19
29943,UGC05533,79,3,474,10,15.25,14.56,14.17,,,0.22,,14.06,0.41
29949,NGC3144,60,4,383,19,,,,13.01,13.60,,0.25,,
29955,UGC05531,80,3,344,16,14.81,14.12,13.70,,,0.23,,13.67,0.45
29956,UGC05537,90,1,287,5,14.94,14.40,14.08,13.84,14.30,0.43,0.62,14.02,0.57
29966,ESO375-003,83,3,51,18,,,,15.49,16.16,,0.27,,
29980,NGC3178,51,4,224,20,,,,12.94,13.49,,0.30,,
29983,UGC05534,65,4,363,18,14.60,14.00,13.66,,,0.22,,13.63,0.22
29984,UGC05530,75,3,333,13,14.24,13.54,13.16,,,0.28,,13.07,0.34
29993,IC2560,64,4,376,6,,,,11.02,11.44,,0.61,,
29997,UGC05540,85,2,108,7,14.27,13.97,13.80,,,0.41,,13.78,0.42
30013,UGC05548,77,3,497,5,14.80,14.07,13.65,,,0.22,,13.56,0.33
30022,ESO213-011,60,4,360,8,,,,10.48,11.17,,1.15,,
30037,PGC030037,49,6,143,5,15.42,14.79,14.42,,,0.10,,14.34,0.11
30041,IC0600,70,8,168,7,,,,13.39,14.04,,0.45,,
30052,UGC05552,80,3,465,9,14.73,14.03,13.62,,,0.38,,13.55,0.45
30059,NGC3185,56,4,247,5,12.61,11.90,11.53,11.60,12.19,0.51,0.47,11.48,0.11
30064,NGC3155,65,4,248,6,,,,13.27,13.90,,0.26,,
30090,IC0602,55,4,338,5,13.34,12.95,12.73,,,0.19,,12.69,0.12
30108,NGC3200,74,3,525,16,,,,11.26,11.88,,0.63,,
30111,PGC030111,83,4,194,17,15.70,15.11,14.79,,,0.21,,14.70,0.50
30120,UGC05563,69,3,303,15,14.38,14.00,13.73,,,0.17,,13.71,0.27
30147,IC2561,63,4,249,5,14.12,13.67,13.41,,,0.23,,13.38,0.20
30172,PGC030172,80,3,292,5,15.53,14.98,14.68,,,0.15,,14.63,0.45
30178,UGC05573,56,4,406,17,14.30,13.74,13.41,,,0.29,,13.36,0.14
30181,ESO567-048,88,2,107,7,,,,15.53,16.16,,0.41,,
30182,UGC05574,85,2,125,8,15.11,14.64,14.32,,,0.31,,14.27,0.51
30187,UGC05571,64,4,45,8,15.67,15.48,15.44,,,0.41,,15.43,0.10
30188,UGC05575,70,3,117,5,15.64,15.09,14.86,,,0.31,,14.81,0.22
30197,NGC3198,74,3,296,6,10.80,10.31,10.04,10.29,10.80,1.40,1.28,10.02,0.31
30214,NGC3204,53,4,308,5,14.05,13.42,13.10,,,0.25,,13.02,0.10
30231,ESO317-015,72,7,266,15,,,,12.50,13.06,,0.25,,
30244,PGC030244,56,4,304,19,15.05,14.38,14.03,,,0.11,,13.94,0.12
30248,ESO317-016,50,4,117,16,,,,13.51,14.11,,0.31,,
30252,PGC030252,56,4,222,5,15.71,15.29,15.06,,,0.08,,15.03,0.15
30256,PGC030256,56,4,273,15,15.15,14.63,14.29,,,0.19,,14.23,0.15
30257,ESO500-031,79,3,528,19,,,,13.51,14.11,,0.20,,
31883,NGC3338,55,4,333,5,,,,10.68,11.15,,0.89,,
30263,UGC05588,52,4,184,5,13.96,13.48,13.25,,,0.14,,13.21,0.11
30308,NGC3223,50,4,415,19,,,,10.12,10.73,,0.73,,
30322,NGC3206,51,4,162,12,12.61,12.33,12.19,12.88,13.46,0.63,0.62,12.17,0.09
30328,UGC05597,84,3,394,5,14.93,14.26,13.88,,,0.22,,13.83,0.57
30341,PGC030341,45,6,161,6,15.15,14.82,14.63,,,0.13,,14.60,0.09
30351,UGC05598,81,3,327,5,14.63,14.03,13.68,,,0.29,,13.62,0.47
30358,NGC3221,82,3,520,6,12.94,12.23,11.82,11.19,11.61,0.61,0.40,11.76,0.35
30364,UGC05607,70,3,388,5,14.07,13.49,13.15,,,0.28,,13.08,0.26
30370,PGC030370,55,4,375,50,14.46,13.72,13.33,,,0.15,,13.26,0.08
30372,UGC05599,70,3,243,17,14.99,14.61,14.41,,,0.35,,14.39,0.22
30409,ESO317-019,50,8,31,11,,,,13.13,13.61,,0.29,,
30410,ESO375-016,84,4,115,10,,,,15.54,15.99,,0.33,,
30422,ESO263-031,68,4,209,10,,,,14.20,14.74,,0.43,,
30430,UGC05616,89,1,397,16,15.94,15.18,14.75,,,0.25,,14.65,0.92
30453,UGC05621,53,4,185,13,15.12,14.60,14.33,,,0.27,,14.28,0.13
30462,NGC3220,73,3,198,15,13.97,13.58,13.36,,,0.30,,13.33,0.31
30464,UGC05625,70,3,188,5,15.04,14.60,14.39,,,0.20,,14.33,0.27
30484,UGC05612,51,4,157,10,,,,12.69,13.40,,0.82,,
30487,PGC030487,88,2,271,14,,,,13.89,14.35,,0.39,,
30489,UGC05627,71,3,400,9,14.52,13.91,13.57,,,0.16,,13.49,0.25
30492,ESO436-014,64,4,176,14,,,,14.71,15.20,,0.29,,
30498,NGC3241,55,4,391,15,,,,11.40,11.97,,0.42,,
30500,IC0608,57,4,370,20,,,,13.55,14.06,,0.18,,
30510,UGC05609,61,4,129,15,14.34,14.03,13.85,,,0.32,,13.81,0.14
30513,UGC05626,77,3,237,20,14.75,14.63,14.55,,,0.38,,14.54,0.22
30531,UGC05633,52,4,161,5,13.94,13.50,13.26,13.94,14.34,0.68,0.67,13.19,0.08
30534,ESO317-023,66,4,363,18,,,,11.72,12.11,,0.26,,
30549,PGC030549,61,4,303,5,15.31,14.61,14.22,,,0.14,,14.16,0.18
30562,IC2572,64,4,314,5,15.04,14.30,13.91,,,0.17,,13.83,0.20
30569,NGC3225,62,4,249,12,13.32,12.90,12.69,12.91,13.52,0.41,0.43,12.67,0.18
30591,PGC030591,90,1,243,16,,,,13.53,14.08,,0.29,,
30604,UGC05642,86,2,239,5,14.58,14.08,13.80,13.76,14.33,0.38,0.27,13.74,0.63
30608,PGC030608,83,3,93,5,16.19,15.86,15.71,,,0.25,,15.67,0.24
30628,PGC030628,79,3,474,19,15.19,14.40,13.99,,,0.14,,13.88,0.29
30630,UGC05646,81,3,215,5,13.82,13.36,13.11,13.54,14.02,0.44,0.33,13.02,0.41
30637,UGC05648,78,3,316,5,15.10,14.64,14.37,,,0.18,,14.33,0.39
30645,UGC05647,83,3,307,5,15.18,14.47,14.05,,,0.26,,13.98,0.54
30646,ESO263-035,68,4,436,12,,,,12.10,12.62,,0.32,,
30659,UGC05651,47,6,205,5,13.97,13.47,13.20,,,0.29,,13.15,0.10
30663,PGC030663,62,4,379,36,15.11,14.33,13.86,,,0.15,,13.75,0.15
30667,ESO568-010,89,1,298,16,,,,14.51,14.93,,0.26,,
30669,UGC05654,59,4,287,13,15.44,14.96,14.68,,,0.22,,14.61,0.16
30670,IC0610,89,1,291,5,13.96,13.09,12.61,,,0.42,,12.57,0.65
30673,PGC030673,64,4,420,50,15.55,14.80,14.40,,,0.10,,14.32,0.21
30675,PGC030675,58,4,352,18,15.03,14.37,14.00,,,0.21,,13.93,0.15
30684,NGC3246,64,4,238,5,13.29,12.93,12.69,13.15,13.81,0.52,0.47,12.63,0.18
30685,UGC05660,82,3,320,7,15.26,14.72,14.40,,,0.23,,14.31,0.49
30688,ESO568-012,89,2,300,16,,,,14.17,14.63,,0.19,,
30694,UGC05656,57,4,321,5,14.34,13.83,13.54,,,0.25,,13.51,0.15
30697,UGC05657,83,3,404,18,14.80,14.06,13.62,,,0.27,,13.58,0.50
30714,NGC3245A,90,1,171,5,14.52,13.95,13.63,13.90,14.38,0.63,0.50,13.58,0.55
30716,ESO375-026,87,2,332,10,,,,12.32,12.82,,0.42,,
30753,IC2578,88,2,348,13,,,,12.84,13.27,,0.36,,
30759,PGC030759,74,4,341,16,,,,13.23,13.73,,0.18,,
30774,NGC3250C,71,3,348,19,,,,12.09,12.65,,0.36,,
30780,UGC05670,88,2,275,5,15.94,15.27,14.91,,,0.21,,14.84,0.75
30789,PGC030789,48,6,163,6,15.22,14.81,14.56,,,0.17,,14.51,0.10
30818,UGC05672,84,4,89,5,13.97,13.43,13.13,13.83,14.34,0.56,0.47,13.09,0.33
30819,IC2574,72,3,115,7,,,,11.06,11.71,,3.66,,
30832,UGC05677,90,1,103,5,15.29,14.99,14.77,,,0.47,,14.71,0.45
30850,PGC030850,53,4,186,5,15.69,15.29,15.10,,,0.15,,15.06,0.11
30855,UGC05681,84,3,325,15,15.46,14.82,14.46,,,0.20,,14.41,0.58
30862,PGC030862,49,6,240,6,15.88,15.67,15.48,,,0.11,,15.47,0.10
30867,NGC3256B,74,3,326,14,,,,11.77,12.26,,0.43,,
30885,UGC05687,88,2,265,5,14.76,14.19,13.87,14.02,14.60,0.43,0.37,13.81,0.62
30891,PGC030891,64,4,450,11,14.92,14.32,14.00,,,0.22,,13.96,0.21
30892,NGC3251,80,3,454,5,13.50,12.77,12.37,12.32,12.89,0.39,0.44,12.31,0.44
30895,NGC3254,77,3,393,5,12.07,11.50,11.17,11.43,12.03,0.84,0.71,11.13,0.38
30912,ESO500-046,61,4,161,17,,,,15.59,16.12,,0.15,,
30915,ESO501-001,63,4,245,16,,,,13.89,14.57,,0.54,,
30919,PGC030919,60,4,263,7,15.47,15.07,14.80,,,0.15,,14.74,0.18
30928,UGC05695,72,3,222,6,14.52,14.03,13.76,,,0.33,,13.69,0.29
30933,UGC05693,83,3,462,16,14.55,13.88,13.50,,,0.33,,13.45,0.52
30955,UGC05702,70,5,320,12,15.21,14.74,14.43,,,0.20,,14.39,0.28
30961,PGC030961,89,1,319,20,14.90,14.18,13.78,,,0.20,,13.75,0.72
30971,UGC05698,89,1,433,13,15.34,14.71,14.31,14.08,14.61,0.31,0.43,14.27,0.73
30976,ESO375-047,80,3,214,20,,,,13.39,13.93,,0.26,,
30978,UGC05704,90,1,608,19,16.03,15.22,14.76,,,0.26,,14.68,0.97
31001,ESO501-002,89,1,420,20,,,,13.48,14.06,,0.26,,
31011,UGC05689,90,1,254,18,,,,13.83,14.32,,0.27,,
31037,UGC05708,89,2,163,5,13.90,13.57,13.38,14.02,14.34,0.96,0.86,13.32,0.39
31052,PGC031052,87,2,332,19,16.31,15.70,15.34,,,0.21,,15.28,0.68
31053,NGC3258C,54,4,194,17,,,,13.06,13.77,,0.31,,
31058,ESO436-032,65,7,251,12,,,,13.76,14.30,,0.14,,
31059,NGC3270,81,3,516,5,13.31,12.61,12.24,12.12,12.70,0.43,0.44,12.19,0.47
31063,UGC05712,85,2,394,5,15.55,14.85,14.48,,,0.22,,14.42,0.62
31066,PGC031066,52,4,330,13,14.82,14.26,13.92,,,0.15,,13.86,0.12
31068,NGC3278,56,4,277,11,,,,11.63,12.10,,0.28,,
31075,UGC05713,81,3,432,5,14.31,13.53,13.11,,,0.29,,13.06,0.41
31076,ESO263-051,69,3,237,14,,,,12.47,12.97,,0.37,,
31084,ESO317-045,81,3,345,12,,,,13.09,13.51,,0.19,,
31094,NGC3258D,56,4,219,20,,,,12.30,12.96,,0.44,,
31097,ESO375-056,86,2,201,20,,,,15.14,15.96,,0.22,,
31109,PGC031109,54,4,233,20,14.97,14.47,14.18,,,0.21,,14.10,0.14
31122,NGC3274,63,4,154,5,12.95,12.66,12.52,13.24,13.80,0.38,0.30,12.48,0.14
31125,NGC3264,70,3,132,8,13.30,13.01,12.87,13.72,13.92,0.77,0.54,12.85,0.14
31126,IC2589,54,4,212,18,,,,12.85,13.38,,0.20,,
31130,UGC05726,66,4,205,5,16.21,15.83,15.57,,,0.32,,15.52,0.15
31145,NGC3259,55,6,233,10,13.07,12.57,12.30,12.50,12.95,0.30,0.28,12.27,0.14
31147,PGC031147,58,4,353,15,15.17,14.50,14.12,,,0.19,,14.05,0.16
31154,ESO436-034,90,2,533,17,,,,11.73,12.26,,0.38,,
31178,ESO317-046,85,2,121,14,,,,14.50,15.17,,0.73,,
31184,PGC031184,67,4,272,10,15.68,15.24,14.96,15.13,15.62,0.15,0.18,14.91,0.23
31186,ESO501-011,88,2,293,18,,,,13.71,14.18,,0.35,,
31204,PGC031204,53,4,256,20,15.86,15.40,15.13,,,0.15,,15.08,0.13
31217,NGC3285,61,5,545,17,,,,11.07,11.71,,0.45,,
31220,PGC031220,73,3,378,20,15.42,14.84,14.43,,,0.20,,14.33,0.32
31233,PGC031233,72,3,284,9,14.98,14.46,14.18,,,0.21,,14.14,0.30
31238,ESO436-038,58,4,190,18,,,,14.89,15.19,,0.39,,
31242,ESO436-039,87,2,412,20,,,,12.55,13.05,,0.36,,
31265,IC2596,54,4,121,18,,,,12.10,12.64,,0.32,,
31273,NGC3281D,85,2,255,16,,,,12.89,13.47,,0.50,,
31275,UGC05739,80,3,228,11,13.79,13.18,12.84,,,0.27,,12.77,0.34
31276,ESO436-040,72,3,281,10,,,,13.19,13.69,,0.29,,
31278,NGC3252,83,3,225,15,,,,12.53,13.00,,0.37,,
31293,NGC3285B,51,4,241,15,,,,12.83,13.42,,0.42,,
31302,NGC3279,88,2,341,5,13.38,12.58,12.14,11.80,12.30,0.60,0.54,12.07,0.79
31306,UGC05743,80,5,235,10,15.70,15.20,14.89,,,0.30,,14.85,0.37
31307,UGC05740,56,4,127,8,14.22,13.84,13.64,,,0.55,,13.60,0.10
31311,NGC3287,71,3,194,5,12.65,12.13,11.87,12.19,12.75,0.57,0.45,11.83,0.29
31335,NGC3366,68,4,489,15,,,,10.89,11.44,,0.49,,
31336,UGC05746,52,4,426,13,13.73,13.05,12.67,,,0.31,,12.62,0.09
31345,PGC031345,63,4,300,19,,,,13.43,14.02,,0.29,,
31355,ESO501-022,86,2,170,17,,,,15.84,16.65,,0.31,,
31382,PGC031382,68,4,250,21,15.58,15.23,15.00,,,0.18,,14.97,0.23
31388,UGC05751,75,4,368,8,14.23,13.76,13.52,13.54,13.94,0.29,0.38,13.49,0.32
31427,UGC05758,55,4,115,5,16.50,16.13,15.93,,,0.29,,15.88,0.08
31428,NGC3294,63,4,385,11,11.61,11.02,10.69,10.75,11.28,0.70,0.68,10.65,0.14
31435,UGC05760,81,3,293,7,13.93,13.27,12.91,,,0.36,,12.85,0.46
31485,ESO568-019,60,4,405,20,,,,12.79,13.37,,0.36,,
31493,ESO437-014,77,3,364,15,,,,11.66,12.20,,0.39,,
31494,ESO501-041,58,4,188,15,,,,14.71,15.26,,0.25,,
31498,PGC031498,88,2,386,18,16.09,15.38,15.00,,,0.25,,14.93,0.82
31500,ESO501-042,73,3,74,16,,,,13.19,13.63,,0.25,,
31503,UGC05772,57,4,386,5,14.53,13.89,13.51,,,0.20,,13.37,0.13
31513,NGC3312,72,3,584,14,,,,11.13,11.72,,0.59,,
31528,NGC3306,72,3,259,5,13.71,13.16,12.87,,,0.19,,12.82,0.28
31545,UGC05775,88,2,391,19,15.34,14.72,14.31,,,0.25,,14.27,0.82
31553,PGC031553,77,3,323,15,15.65,15.07,14.73,,,0.14,,14.67,0.38
31554,PGC031554,72,3,190,30,15.31,14.84,14.60,,,0.17,,14.55,0.30
31557,ESO501-051,58,4,501,14,,,,11.54,12.19,,0.48,,
31559,UGC05779,85,2,316,18,15.46,14.92,14.59,,,0.22,,14.54,0.60
31560,UGC05765,84,3,200,18,,,,14.59,15.17,,0.29,,
31578,UGC05778,89,1,265,20,15.98,15.27,14.88,,,0.28,,14.83,0.91
31590,ESO437-018,89,1,300,17,,,,13.59,14.11,,0.27,,
31593,ESO437-019,51,4,288,16,,,,12.77,13.46,,0.29,,
31594,UGC05781,66,5,160,5,16.11,15.73,15.55,,,0.28,,15.49,0.13
31600,ESO019-003,56,4,200,18,,,,12.66,13.21,,0.40,,
31607,PGC031607,61,4,432,20,14.59,14.00,13.64,,,0.16,,13.58,0.13
31608,UGC05784,79,3,396,5,14.76,14.13,13.77,,,0.27,,13.71,0.43
31621,UGC05757,69,3,155,11,14.56,14.18,13.98,,,0.22,,13.94,0.22
31626,ESO437-022,79,4,284,19,,,,14.11,14.64,,0.34,,
31642,ESO437-025,72,3,245,13,,,,13.18,13.74,,0.26,,
31651,UGC05788,59,4,372,5,14.20,13.71,13.40,,,0.27,,13.36,0.13
31653,NGC3321,66,4,265,9,,,,12.89,13.45,,0.46,,
31663,PGC031663,86,2,209,9,16.52,16.25,16.05,,,0.18,,16.03,0.37
31671,NGC3319,63,8,195,8,11.60,11.27,11.06,11.67,12.28,1.57,1.56,11.04,0.14
31677,ESO437-030,83,3,428,15,,,,11.76,12.29,,0.49,,
31683,ESO501-068,71,3,323,18,,,,12.95,13.51,,0.45,,
31687,UGC05793,89,1,431,6,15.13,14.35,13.91,,,0.22,,13.82,0.81
31690,ESO437-031,58,4,203,11,,,,14.28,15.10,,0.32,,
31695,ESO501-069,89,1,190,20,,,,13.75,14.20,,0.30,,
31708,NGC3320,64,4,277,8,12.92,12.49,12.24,12.44,12.88,0.39,0.32,12.20,0.21
31712,NGC3323,59,4,282,6,13.85,13.48,13.31,,,0.23,,13.28,0.17
31713,IC2598,67,4,261,15,15.02,14.28,13.93,,,0.10,,13.86,0.20
31720,UGC05798,85,2,156,12,14.42,14.12,13.94,,,0.26,,13.92,0.53
31723,NGC3333,82,3,431,18,,,,12.04,12.51,,0.32,,
31725,UGC05802,89,1,362,9,16.09,15.38,14.97,,,0.24,,14.89,0.87
31729,NGC3327,47,6,306,5,13.40,12.71,12.33,,,0.25,,12.27,0.04
31732,ESO437-034,72,3,170,14,,,,15.61,16.39,,0.30,,
31738,ESO437-035,72,3,236,17,,,,13.24,13.75,,0.36,,
31743,NGC3331,49,6,151,11,,,,12.90,13.46,,0.23,,
31761,NGC3347A,73,3,322,8,,,,11.96,12.47,,0.49,,
31762,UGC05805,56,4,131,5,14.54,14.23,14.10,,,0.36,,14.06,0.10
31804,ESO568-020,88,2,288,17,,,,13.89,14.29,,0.19,,
31805,ESO501-075,59,4,322,17,,,,12.25,12.78,,0.51,,
31809,ESO437-039,61,6,152,12,,,,14.92,15.79,,0.21,,
31811,PGC031811,45,6,194,13,,,,13.12,13.74,,0.29,,
31812,ESO501-076,55,4,364,18,,,,13.73,14.23,,0.18,,
31822,ESO437-040,80,3,172,19,,,,14.04,14.62,,0.25,,
31825,ESO501-077,75,3,143,17,,,,17.02,17.75,,0.24,,
31829,ESO501-078,87,2,253,19,,,,14.08,14.63,,0.18,,
31834,UGC05818,56,4,259,5,14.79,14.34,14.00,,,0.38,,13.95,0.14
31858,IC0635,75,3,409,6,14.80,14.11,13.72,,,0.20,,13.65,0.35
31864,UGC05822,55,4,238,6,14.47,13.86,13.51,,,0.19,,13.46,0.14
31867,IC0636,66,4,367,18,14.62,13.98,13.63,,,0.20,,13.56,0.21
31875,NGC3347B,80,3,327,20,,,,12.46,13.16,,0.81,,
31880,ESO318-002,80,3,623,19,,,,12.65,13.22,,0.27,,
31887,UGC05825,68,4,302,5,14.12,13.47,13.10,,,0.26,,13.05,0.25
31889,PGC031889,74,3,321,10,15.51,15.01,14.68,,,0.17,,14.63,0.33
31893,PGC031893,69,3,356,12,14.99,14.44,14.09,,,0.19,,14.04,0.27
31909,ESO437-047,83,6,152,18,,,,15.24,16.16,,0.37,,
31919,ESO501-080,81,4,132,8,,,,13.43,13.95,,0.55,,
31929,ESO568-023,89,1,185,20,,,,14.95,15.76,,0.26,,
31930,UGC05832,51,4,102,5,13.56,13.16,12.97,13.51,14.09,0.38,0.35,12.91,0.11
31932,ESO264-035,58,5,127,18,,,,13.34,13.89,,0.44,,
31951,ESO501-082,64,4,383,18,,,,12.82,13.31,,0.27,,
31969,PGC031969,64,4,256,6,15.64,15.21,14.96,,,0.18,,14.94,0.21
31974,NGC3358,59,4,471,30,,,,10.82,11.50,,0.87,,
31977,PGC031977,64,4,244,5,15.10,14.61,14.34,,,0.15,,14.29,0.21
31978,PGC031978,56,4,207,20,,,,14.32,14.89,,0.27,,
31981,ESO437-054,87,2,275,19,,,,13.65,14.11,,0.26,,
31984,PGC031984,54,4,242,11,15.65,15.13,14.85,,,0.15,,14.79,0.13
31987,ESO501-086,64,4,335,13,,,,12.74,13.27,,0.42,,
31995,ESO318-004,82,3,382,9,,,,11.70,12.28,,0.64,,
31996,UGC05844,89,1,123,5,15.74,15.27,15.00,15.53,15.89,0.36,0.39,14.95,0.41
32002,PGC032002,87,2,446,18,15.60,14.82,14.38,,,0.18,,14.30,0.70
32004,UGC05820,75,3,292,17,14.51,13.90,13.57,,,0.28,,13.52,0.35
32017,PGC032017,56,4,273,20,,,,13.37,13.78,,0.31,,
32021,NGC3356,63,5,332,6,13.34,12.94,12.69,12.79,13.27,0.35,0.30,12.64,0.20
32039,ESO437-056,57,4,239,11,,,,12.80,13.45,,0.39,,
32041,UGC05848,54,4,140,8,14.33,13.91,13.68,,,0.49,,13.67,0.11
32044,NGC3361,75,3,249,17,,,,12.53,13.09,,0.38,,
32049,PGC032049,61,4,75,5,14.75,14.24,13.99,,,0.23,,13.95,0.19
32055,UGC05855,80,3,452,7,14.31,13.55,13.10,,,0.27,,13.02,0.37
32059,NGC3329,60,4,322,18,,,,11.75,12.37,,0.29,,
32064,ESO501-090,90,2,249,16,,,,14.28,14.75,,0.27,,
32081,UGC05841,55,4,317,19,,,,13.81,14.39,,0.27,,
32083,UGC05864,67,4,355,18,15.20,14.56,14.21,,,0.15,,14.15,0.23
32097,PGC032097,65,4,262,7,15.52,15.12,14.88,,,0.21,,14.84,0.21
32100,ESO569-003,87,2,215,15,,,,15.14,15.52,,0.33,,
32109,PGC032109,73,3,227,5,14.95,14.60,14.40,14.65,15.12,0.17,0.19,14.36,0.30
32110,PGC032110,71,3,361,9,14.55,13.88,13.53,,,0.20,,13.46,0.26
32125,PGC032125,57,4,296,18,15.39,14.89,14.60,,,0.14,,14.56,0.15
32129,IC0639,79,3,263,22,14.72,14.13,13.80,,,0.19,,13.74,0.39
32153,NGC3365,85,2,222,5,12.99,12.51,12.20,12.49,13.06,1.00,0.73,12.12,0.44
32183,NGC3359,53,4,238,5,10.92,10.59,10.35,10.80,11.31,1.31,1.13,10.34,0.13
32184,ESO376-020,83,3,234,20,,,,14.25,14.98,,0.29,,
32192,NGC3368,52,4,336,5,9.68,8.93,8.53,8.64,9.22,1.09,1.00,8.48,0.03
32196,UGC05886,52,4,344,17,14.29,13.85,13.55,,,0.17,,13.49,0.12
32204,UGC05879,90,1,289,15,15.34,14.85,14.59,,,0.30,,14.57,0.91
32206,UGC05884,50,4,268,5,13.93,13.53,13.30,,,0.25,,13.25,0.11
32207,NGC3370,56,4,271,5,12.26,11.81,11.57,11.71,12.18,0.43,0.39,11.52,0.15
32243,UGC05894,72,3,421,5,14.06,13.38,12.98,,,0.30,,12.90,0.27
32245,UGC05895,77,3,410,5,15.24,14.54,14.14,,,0.16,,14.07,0.37
32250,ESO318-013,85,2,53,16,,,,14.07,14.69,,0.28,,
32251,UGC05897,76,3,290,5,13.29,12.78,12.47,12.79,13.39,0.72,0.54,12.41,0.34
32259,UGC05898,80,3,128,5,15.42,15.13,14.96,,,0.40,,14.93,0.22
32264,UGC05903,61,4,425,10,14.40,13.64,13.25,,,0.23,,13.19,0.14
32276,PGC032276,75,3,244,15,15.62,15.30,15.09,,,0.17,,15.07,0.32
32282,PGC032282,56,6,102,5,15.35,15.02,14.82,,,0.14,,14.79,0.12
32306,NGC3389,64,4,259,5,12.11,11.71,11.51,11.79,12.33,0.59,0.60,11.46,0.21
32321,UGC05904,89,2,536,20,14.16,13.37,12.90,12.23,12.71,0.49,0.45,12.86,0.86
32343,UGC05917,59,4,105,10,14.81,14.53,14.39,,,0.31,,14.36,0.11
32347,NGC3391,56,4,207,5,13.88,13.57,13.38,,,0.20,,13.33,0.15
32367,UGC05924,78,3,586,5,13.88,13.09,12.67,,,0.27,,12.61,0.21
32368,UGC05921,82,3,139,8,14.57,14.16,13.93,14.55,15.36,0.46,0.49,13.90,0.24
32369,ESO437-065,64,4,184,16,,,,12.96,13.49,,0.29,,
32396,UGC05929,64,4,263,6,14.98,14.57,14.31,,,0.24,,14.27,0.21
32437,UGC05934,48,6,81,5,14.65,14.30,14.05,,,0.46,,14.00,0.06
32443,PGC032443,77,3,320,19,16.07,15.45,15.12,,,0.17,,15.05,0.38
32464,IC2608,77,4,156,7,14.96,14.53,14.33,,,0.15,,14.27,0.35
32470,NGC3409,81,3,368,19,,,,13.55,14.15,,0.29,,
32473,ESO318-019,69,3,351,20,,,,13.35,14.03,,0.20,,
32474,UGC05945,68,4,138,5,14.69,14.29,14.05,,,0.39,,13.99,0.20
32476,PGC032476,74,3,376,16,15.49,14.81,14.42,,,0.18,,14.36,0.33
32519,UGC05951,90,1,302,18,15.55,15.13,14.85,,,0.29,,14.82,0.86
32527,UGC05957,85,2,368,5,14.52,13.75,13.31,,,0.24,,13.25,0.56
32531,NGC3431,80,3,424,19,,,,12.73,12.99,,0.26,,
32532,UGC05958,87,3,173,5,14.89,14.23,13.88,13.97,14.56,0.35,0.29,13.84,0.66
32540,NGC3419A,89,2,249,5,14.50,14.13,13.92,13.95,14.42,0.31,0.30,13.86,0.67
32542,ESO376-022,84,3,136,16,,,,13.88,14.36,,0.40,,
32550,ESO569-014,86,2,253,11,,,,12.76,13.35,,0.66,,
32552,NGC3428,64,4,473,5,14.03,13.45,13.10,,,0.25,,13.04,0.16
32564,UGC05954,71,3,239,12,14.19,13.52,13.17,,,0.21,,13.14,0.20
32565,ESO376-023,90,1,337,19,,,,13.57,14.17,,0.30,,
32570,UGC05974,72,3,149,5,14.21,13.86,13.68,14.53,14.94,0.42,0.39,13.62,0.14
32581,PGC032581,52,4,229,5,14.95,14.44,14.13,,,0.24,,14.08,0.12
32584,NGC3424,80,3,260,5,12.83,12.14,11.75,,,0.53,,11.71,0.43
32612,PGC032612,71,3,225,6,15.18,14.70,14.45,,,0.15,,14.41,0.29
32614,NGC3430,60,4,331,5,11.90,11.40,11.15,11.32,11.86,0.62,0.54,11.11,0.18
32625,ESO437-067,53,4,121,13,,,,11.95,12.46,,0.39,,
32633,PGC032633,55,5,298,11,14.51,13.85,13.51,,,0.14,,13.45,0.12
32637,PGC032637,52,4,298,19,14.46,13.89,13.56,,,0.14,,13.53,0.09
32643,NGC3432,85,2,239,20,11.44,11.13,10.93,11.34,11.79,1.41,0.97,10.91,0.54
32644,UGC05994,89,1,345,5,15.67,14.95,14.56,,,0.21,,14.49,0.92
32645,UGC05989,79,3,134,5,13.92,13.58,13.42,,,0.36,,13.36,0.35
32648,NGC3437,74,3,303,5,12.30,11.73,11.43,11.25,11.62,0.41,0.39,11.39,0.30
32652,UGC05990,84,3,198,7,14.61,14.04,13.73,,,0.26,,13.69,0.57
32666,NGC3449,76,4,503,12,,,,11.09,11.70,,0.54,,
32670,NGC3444,89,2,439,7,15.63,14.91,14.48,,,0.25,,14.41,0.92
32671,NGC3443,63,4,170,5,13.74,13.39,13.18,13.74,14.45,0.67,0.62,13.12,0.12
32676,UGC06063A,88,2,550,8,15.94,15.06,14.61,,,0.25,,14.52,0.82
32678,UGC05998,76,3,173,15,14.38,14.19,14.10,,,0.27,,14.08,0.32
32679,NGC3442,48,6,125,5,13.52,13.17,13.02,,,0.11,,12.99,0.08
32687,PGC032687,67,4,74,5,15.62,15.38,15.26,,,0.24,,15.20,0.11
32705,UGC06008,86,2,474,16,14.57,13.75,13.28,12.95,13.42,0.32,0.30,13.23,0.63
32706,PGC032706,64,4,181,5,14.67,14.29,14.09,,,0.21,,14.06,0.20
32707,NGC3453,55,4,225,20,13.39,12.89,12.65,12.49,12.90,0.17,0.19,12.55,0.08
32708,UGC06014,62,4,88,5,15.04,14.63,14.42,15.04,15.71,0.31,0.32,14.37,0.11
32709,UGC06012,88,2,409,5,15.25,14.43,13.97,,,0.24,,13.90,0.74
32714,NGC3440,79,4,222,10,13.81,13.54,13.39,13.90,14.39,0.42,0.33,13.38,0.31
32719,NGC3403,73,3,282,7,,,,12.10,12.70,,0.44,,
32753,PGC032753,80,3,421,16,,,,13.38,13.96,,0.24,,
32754,UGC06023,66,4,231,5,13.16,12.69,12.46,12.72,13.23,0.35,0.36,12.42,0.23
32760,PGC032760,79,3,370,5,15.43,14.88,14.57,,,0.16,,14.53,0.43
32763,NGC3454,88,2,205,10,13.67,13.07,12.74,12.72,13.27,0.53,0.44,12.68,0.79
32767,NGC3455,62,6,204,5,12.91,12.55,12.35,12.70,13.12,0.37,0.46,12.30,0.19
32768,PGC032768,69,3,286,7,15.70,15.27,14.98,,,0.18,,14.95,0.24
32773,PGC032773,58,4,321,17,15.63,15.01,14.62,,,0.10,,14.57,0.16
32774,NGC3448,80,3,355,14,12.20,11.85,11.66,11.80,12.28,0.57,0.52,11.64,0.44
32778,NGC3464,52,4,329,17,12.67,12.09,11.78,11.89,12.43,0.49,0.43,11.68,0.12
32782,NGC3459,76,3,373,20,,,,12.48,13.00,,0.29,,
32786,NGC3435,61,7,360,14,13.72,13.16,12.82,,,0.28,,12.78,0.17
32788,PGC032788,62,4,301,17,15.58,15.14,14.86,,,0.16,,14.83,0.20
32813,NGC3463,70,3,390,18,,,,12.45,12.99,,0.27,,
32821,ESO437-071,48,6,112,11,,,,13.93,14.59,,0.31,,
32845,PGC032845,87,2,294,5,16.22,15.70,15.40,,,0.22,,15.35,0.59
32869,ESO437-072,88,2,359,13,,,,12.94,13.58,,0.47,,
32870,UGC06041,81,3,106,15,16.41,16.20,16.03,,,0.35,,16.01,0.20
32871,UGC06043,66,4,270,5,15.49,15.12,14.91,,,0.26,,14.89,0.20
32907,UGC06046,63,4,224,5,14.80,14.57,14.46,,,0.24,,14.43,0.18
32922,PGC032922,52,4,357,9,14.81,14.10,13.68,,,0.16,,13.62,0.10
32985,PGC032985,90,1,363,11,,,,13.68,14.19,,0.29,,
32992,UGC06054,90,1,198,5,14.59,14.00,13.77,,,0.24,,13.72,0.97
33003,PGC033003,89,1,248,18,16.23,15.56,15.19,,,0.23,,15.11,0.87
33010,UGC06055,81,3,66,10,16.31,16.14,16.07,,,0.28,,16.04,0.19
33012,NGC3475,54,4,535,7,13.60,12.83,12.42,,,0.19,,12.37,0.00
33019,PGC033019,72,3,228,9,15.58,15.16,14.93,,,0.14,,14.87,0.29
33034,ESO215-012,87,2,347,16,,,,12.40,12.89,,0.36,,
33041,UGC06063,84,3,406,7,14.71,13.95,13.53,,,0.30,,13.47,0.57
33053,NGC3479,50,4,323,19,,,,12.75,13.34,,0.39,,
33054,PGC033054,83,3,333,7,16.03,15.39,15.01,,,0.16,,14.96,0.54
33058,UGC06066,79,3,661,5,14.69,13.93,13.49,,,0.27,,13.41,0.41
33074,NGC3471,58,4,184,15,13.03,12.33,12.00,,,0.30,,11.97,0.11
33101,NGC3478,64,4,487,11,13.21,12.58,12.23,12.35,12.92,0.46,0.48,12.18,0.19
33108,PGC033108,89,1,272,15,,,,13.60,14.23,,0.61,,
33147,UGC06078,69,3,307,5,14.96,14.38,14.05,,,0.26,,14.01,0.27
33148,PGC033148,68,4,341,18,16.07,15.33,14.94,,,0.11,,14.86,0.25
33163,UGC06083,88,2,163,5,15.05,14.59,14.32,,,0.34,,14.28,0.63
33166,NGC3486,47,6,197,5,10.76,10.31,10.07,10.47,11.04,0.91,0.69,10.03,0.10
33167,PGC033167,67,4,445,20,,,,13.14,13.74,,0.29,,
33174,UGC06086,87,2,355,17,15.73,15.19,14.85,,,0.27,,14.79,0.72
33175,UGC06084,65,4,394,16,14.83,14.28,13.94,,,0.14,,13.89,0.20
33188,UGC06080,90,1,169,16,15.14,14.72,14.46,,,0.53,,14.45,0.61
33190,UGC06091,77,3,413,13,15.01,14.46,14.11,,,0.24,,14.05,0.39
33195,NGC3487,74,3,456,16,14.35,13.70,13.32,,,0.22,,13.26,0.23
33208,UGC06095,82,3,110,5,15.95,15.58,15.45,,,0.36,,15.41,0.22
33225,ESO265-003,70,3,213,16,,,,12.19,12.79,,0.67,,
33234,NGC3495,81,3,297,17,12.02,11.43,11.13,11.28,11.78,1.15,0.88,11.05,0.47
33238,UGC06097,75,3,482,5,15.06,14.38,14.00,,,0.20,,13.94,0.32
33242,NGC3488,53,4,237,12,13.28,12.82,12.53,,,0.41,,12.50,0.12
33249,NGC3493,71,3,437,10,14.38,13.74,13.36,,,0.22,,13.28,0.23
33269,UGC06101,90,1,378,17,15.84,15.09,14.63,,,0.40,,14.58,0.92
33270,PGC033270,69,3,151,9,14.72,14.26,14.01,,,0.23,,13.98,0.24
33271,PGC033271,61,4,246,19,15.12,14.55,14.26,,,0.15,,14.22,0.17
33276,UGC06104,77,3,238,5,14.36,14.02,13.84,,,0.35,,13.81,0.34
33278,PGC033278,54,4,263,17,15.58,15.09,14.79,,,0.18,,14.74,0.13
33281,ESO569-032,66,4,158,18,16.23,15.88,15.66,,,0.24,,15.60,0.13
33294,UGC06106,71,3,415,19,14.06,13.34,12.95,,,0.31,,12.90,0.22
33310,PGC033310,56,4,241,8,15.21,14.69,14.38,,,0.17,,14.33,0.15
33322,PGC033322,58,4,196,19,16.79,16.45,16.03,,,0.12,,15.99,0.15
33329,PGC033329,64,4,243,18,,,,13.86,14.31,,0.28,,
33333,UGC06112,77,4,161,5,14.20,13.81,13.61,14.10,14.93,0.55,0.67,13.57,0.18
33343,NGC3501,87,2,297,5,13.00,12.34,11.93,11.70,12.29,0.76,0.50,11.89,0.75
33349,ESO502-012,64,4,262,18,,,,13.02,13.59,,0.35,,
33377,ESO377-001,89,1,151,16,,,,16.92,17.50,,0.20,,
33385,NGC3511,73,3,279,13,,,,10.53,11.03,,0.92,,
33388,UGC06121,78,3,323,16,15.04,14.49,14.19,14.22,14.74,0.19,0.19,14.15,0.40
33401,PGC033401,87,2,570,13,14.45,13.59,13.11,12.58,13.09,0.29,0.35,12.97,0.67
33408,NGC3510,87,2,178,5,13.05,12.75,12.59,,,0.67,,12.54,0.51
33447,PGC033447,80,3,39,5,15.64,15.32,15.13,16.19,17.12,0.32,0.36,15.11,0.25
33461,UGC06141,48,6,240,5,14.80,14.20,13.75,,,0.18,,13.65,0.10
33463,UGC06138,49,6,197,5,14.87,14.47,14.11,14.88,15.26,0.40,0.33,14.05,0.08
33467,NGC3515,53,4,475,6,14.24,13.74,13.44,,,0.18,,13.38,0.10
33474,ESO377-004,89,1,165,18,,,,15.27,15.86,,0.32,,
33480,PGC033480,64,5,232,15,15.49,15.06,14.80,,,0.14,,14.76,0.20
33495,UGC06143,78,3,423,10,14.60,13.89,13.48,,,0.25,,13.41,0.38
33496,PGC033496,88,2,394,13,15.73,14.99,14.55,,,0.20,,14.43,0.79
33497,PGC033497,58,4,202,17,15.42,14.99,14.75,,,0.19,,14.70,0.16
33505,ESO502-016,79,3,117,12,,,,14.25,14.87,,0.43,,
35165,NGC3679,72,3,162,11,,,,13.56,14.06,,0.21,,
33523,PGC033523,80,4,91,7,14.58,14.12,13.86,,,0.27,,13.82,0.42
33529,UGC06146,73,3,220,5,15.91,15.49,15.23,,,0.35,,15.12,0.22
33539,ESO438-002,90,1,141,15,,,,17.51,18.11,,0.37,,
33549,UGC06147,88,2,524,7,15.24,14.42,13.95,,,0.22,,13.86,0.66
33550,NGC3521,71,3,442,5,9.25,8.56,8.17,8.10,8.65,1.49,1.37,8.07,0.16
33552,ESO570-002,63,4,273,10,,,,13.36,13.82,,0.30,,
33555,PGC033555,51,4,299,18,,,,13.80,14.54,,0.32,,
33573,UGC06152,70,3,373,7,14.61,13.97,13.61,,,0.24,,13.54,0.25
33588,PGC033588,57,4,273,18,15.79,15.32,15.03,,,0.14,,15.00,0.15
33599,PGC033599,86,2,500,15,14.68,13.81,13.33,,,0.25,,13.29,0.51
33601,ESO377-010,78,3,394,19,,,,11.51,12.15,,0.51,,
33614,PGC033614,56,4,267,10,16.21,15.77,15.53,,,0.11,,15.52,0.15
33621,UGC06160,81,3,295,6,16.06,15.56,15.28,,,0.17,,15.23,0.44
33625,UGC06161,69,3,105,13,13.87,13.56,13.43,,,0.59,,13.41,0.13
33633,UGC06162,56,4,215,7,13.17,12.82,12.62,13.23,13.95,0.68,0.60,12.59,0.11
33635,NGC3526,83,3,190,5,13.48,13.03,12.77,13.15,13.69,0.50,0.55,12.71,0.39
33642,UGC06169,83,3,235,5,14.21,13.67,13.36,13.58,14.22,0.31,0.27,13.33,0.48
33643,UGC06165,82,3,459,19,14.72,13.90,13.57,,,0.24,,13.53,0.46
33645,UGC06168,67,4,357,5,14.88,14.33,14.00,,,0.20,,13.94,0.25
33647,NGC3533,82,3,392,13,,,,11.74,12.35,,0.52,,
33659,PGC033659,74,3,259,20,,,,15.02,15.38,,0.34,,
33660,UGC06171,80,3,142,5,14.41,14.04,13.81,14.45,14.88,0.60,0.53,13.77,0.20
33688,PGC033688,60,4,303,5,15.73,15.19,14.82,,,0.16,,14.79,0.18
33705,ESO265-007,73,3,232,13,,,,10.64,11.15,,1.06,,
33713,PGC033713,53,4,252,20,15.44,14.78,14.40,,,0.10,,14.34,0.10
33728,PGC033728,73,3,498,20,15.25,14.48,14.06,,,0.13,,14.00,0.16
33738,PGC033738,86,2,365,17,16.19,15.61,15.20,,,0.14,,15.14,0.67
33739,PGC033739,65,4,379,16,15.16,14.64,14.30,,,0.17,,14.25,0.21
33745,ESO215-027,87,2,413,16,,,,13.06,13.68,,0.45,,
33746,PGC033746,84,3,350,13,16.42,16.07,15.84,,,0.14,,15.82,0.48
33760,NGC3535,75,4,458,7,13.68,12.95,12.54,,,0.30,,12.43,0.20
33768,PGC033768,62,4,301,5,14.52,14.01,13.69,,,0.18,,13.61,0.18
33786,NGC3534,88,2,547,5,14.36,13.59,13.15,,,0.34,,13.09,0.69
33788,ESO438-005,86,2,140,13,,,,14.49,15.25,,0.84,,
33802,UGC06195,76,3,212,5,16.43,16.01,15.82,,,0.20,,15.80,0.25
33813,ESO502-020,50,4,115,15,,,,13.72,14.36,,0.36,,
33817,IC0673,74,3,335,5,14.03,13.46,13.15,,,0.25,,13.07,0.33
33849,PGC033849,71,9,348,19,15.41,14.72,14.33,,,0.12,,14.27,0.23
33866,NGC3547,63,4,193,5,13.07,12.66,12.47,12.76,13.29,0.32,0.28,12.43,0.20
33869,UGC06208,83,3,394,6,15.00,14.31,13.91,,,0.20,,13.82,0.53
33875,UGC06205,51,4,127,14,14.55,14.21,14.02,,,0.45,,14.00,0.09
33876,UGC06210,68,4,437,6,14.52,13.86,13.48,,,0.36,,13.35,0.23
33892,PGC033892,64,4,279,18,15.76,15.46,15.23,,,0.12,,15.23,0.21
33919,ESO215-031,53,4,140,14,,,,11.48,11.95,,0.37,,
33925,PGC033925,82,3,244,7,15.66,15.24,14.98,,,0.23,,14.96,0.42
33930,UGC06216,84,3,427,6,14.70,13.88,13.42,13.16,13.73,0.20,0.32,13.29,0.57
33940,NGC3559,54,4,209,6,13.57,13.12,12.87,,,0.37,,12.83,0.13
33941,ESO377-019,71,3,207,20,,,,13.45,14.22,,0.36,,
33943,PGC033943,60,4,217,17,14.44,13.90,13.72,,,0.31,,13.61,0.17
33947,UGC06218,82,3,317,5,16.76,16.10,15.71,,,0.14,,15.65,0.45
33952,NGC3568,79,3,264,15,,,,11.39,11.88,,0.51,,
33957,ESO438-010,65,4,130,8,,,,14.51,15.25,,0.40,,
33959,PGC033959,75,3,59,5,15.61,15.31,15.17,,,0.26,,15.12,0.16
33962,ESO377-021,74,3,272,15,,,,12.81,13.37,,0.45,,
33964,NGC3549,74,3,407,13,12.48,11.86,11.52,11.62,12.20,0.63,0.53,11.49,0.32
33969,PGC033969,87,2,210,5,17.26,16.77,16.52,,,0.11,,16.43,0.45
33982,IC0674,75,3,504,13,13.94,13.25,12.87,,,0.24,,12.82,0.26
34011,PGC034011,61,4,249,5,15.96,15.49,15.24,,,0.17,,15.16,0.17
34028,NGC3544,74,3,506,18,,,,11.38,12.02,,0.60,,
34030,NGC3556,81,3,300,8,10.46,9.87,9.50,9.38,9.86,1.88,1.56,9.47,0.48
34068,UGC06241,89,1,162,5,14.77,14.29,14.07,,,0.18,,14.03,0.90
34084,ESO502-023,74,4,107,7,,,,15.81,16.50,,0.29,,
34106,ESO502-024,87,2,73,13,,,,16.71,17.52,,0.35,,
34112,PGC034112,69,3,278,12,15.85,15.41,15.11,,,0.20,,15.09,0.24
34121,UGC06246,87,2,273,5,15.24,14.76,14.45,,,0.35,,14.42,0.61
34125,UGC06247,64,4,366,5,14.53,13.88,13.53,,,0.23,,13.48,0.19
34135,PGC034135,81,3,108,7,14.89,14.47,14.22,14.74,15.17,0.26,0.30,14.14,0.28
34139,PGC034139,51,4,336,5,14.52,13.97,13.64,,,0.18,,13.51,0.11
34147,ESO063-011,88,2,190,13,,,,11.89,12.50,,0.99,,
34167,PGC034167,89,1,223,20,16.41,15.99,15.72,,,0.19,,15.67,0.80
34173,UGC06254,66,4,222,11,15.27,14.81,14.57,,,0.23,,14.55,0.23
34180,PGC34180,69,3,272,19,15.56,15.05,14.77,,,0.22,,14.74,0.27
34181,PGC034181,62,6,267,5,15.02,14.65,14.39,,,0.21,,14.37,0.18
34198,UGC06258,80,3,162,5,14.80,14.35,14.18,,,0.54,,14.15,0.24
34203,UGC06256,90,1,281,16,15.47,14.73,14.32,,,0.29,,14.29,0.98
34204,UGC06260,79,3,541,11,14.47,13.68,13.21,,,0.30,,13.10,0.37
34211,IC0677,65,4,280,5,13.59,13.12,12.88,,,0.27,,12.84,0.20
34236,PGC034236,46,6,272,5,15.00,14.31,13.87,,,0.14,,13.82,0.09
34243,PGC034243,48,6,162,17,14.82,14.37,14.11,,,0.22,,14.09,0.11
34247,UGC06268,88,2,303,5,15.59,14.93,14.56,,,0.34,,14.52,0.76
34248,NGC3592,85,2,176,5,14.06,13.42,13.07,13.22,13.75,0.47,0.37,13.04,0.58
34249,UGC06266,52,4,116,17,15.54,15.15,14.91,,,0.34,,14.88,0.08
34260,UGC06271,77,3,214,5,14.42,13.78,13.44,,,0.20,,13.41,0.38
34275,PGC034275,57,7,256,17,,,,14.50,15.25,,0.27,,
34292,ESO438-015,72,3,306,9,,,,12.43,13.02,,0.52,,
34308,NGC3589,59,5,147,14,14.07,13.74,13.57,,,0.42,,13.55,0.15
34333,IC2668,71,3,299,18,14.21,13.53,13.14,,,0.24,,13.03,0.22
34362,ESO377-031,61,4,273,15,,,,12.86,13.46,,0.49,,
34363,PGC034363,67,4,309,13,15.31,14.69,14.35,,,0.16,,14.31,0.24
34373,IC2674,53,4,201,5,15.41,15.07,14.84,,,0.28,,14.82,0.10
34382,PGC034382,87,2,148,5,15.46,14.89,14.56,,,0.27,,14.47,0.65
34409,PGC034409,76,3,198,5,16.66,16.37,16.22,,,0.16,,16.22,0.21
34411,UGC06294,88,2,500,19,15.32,14.49,14.03,,,0.24,,13.97,0.59
34419,UGC06296,81,3,179,7,13.97,13.30,12.92,,,0.33,,12.88,0.44
34428,ESO570-014,86,2,279,12,,,,13.62,14.13,,0.22,,
34431,PGC034431,66,4,208,9,15.42,15.00,14.80,,,0.20,,14.77,0.21
34445,ESO377-034,80,3,218,8,,,,12.93,13.61,,0.75,,
34454,PGC034454,78,3,276,9,15.29,14.85,14.57,,,0.15,,14.54,0.41
34459,PGC034459,66,4,310,17,14.41,13.71,13.33,,,0.19,,13.22,0.21
34466,ESO438-017,64,4,153,20,,,,13.13,13.76,,0.57,,
34468,UGC06301,83,3,530,6,14.80,14.18,13.81,,,0.33,,13.76,0.54
34471,UGC06302,86,2,306,5,15.38,14.67,14.26,,,0.24,,14.21,0.68
34478,NGC3611,54,4,288,15,12.34,11.77,11.44,11.74,12.24,0.43,0.24,11.35,0.09
34487,ESO438-018,75,3,350,19,,,,13.60,14.13,,0.26,,
34495,UGC06308,80,3,303,6,15.61,15.04,14.68,,,0.24,,14.64,0.43
34497,UGC06307,76,4,186,11,14.32,13.88,13.60,,,0.33,,13.56,0.31
34501,PGC034501,74,3,104,7,16.29,16.05,15.96,,,0.11,,15.90,0.16
34508,UGC06309,53,4,211,13,13.33,12.78,12.49,,,0.40,,12.45,0.11
34515,PGC34515,56,4,220,19,15.92,15.49,15.20,,,0.13,,15.18,0.15
34519,ESO319-011,53,4,273,17,,,,12.63,13.35,,0.46,,
34529,UGC06317,74,3,131,5,15.73,15.38,15.19,,,0.33,,15.11,0.17
34541,PGC034541,80,3,256,9,16.06,15.53,15.24,,,0.12,,15.15,0.41
34546,NGC3612,47,6,256,5,14.53,13.99,13.71,,,0.23,,13.68,0.10
34554,NGC3621,65,4,266,13,,,,8.91,9.48,,1.60,,
34561,NGC3614,54,4,284,13,12.33,11.89,11.61,,,0.77,,11.58,0.13
34568,UGC06325,73,3,362,5,14.59,14.07,13.75,,,0.28,,13.72,0.32
34595,PGC034595,54,4,276,5,15.14,14.57,14.23,,,0.19,,14.19,0.14
34612,NGC3623,76,3,487,5,9.78,8.98,8.56,8.57,9.22,1.49,1.33,8.51,0.00
34623,UGC06331,86,2,366,5,14.89,14.30,13.90,,,0.33,,13.79,0.67
34629,PGC034629,79,3,150,18,16.27,15.88,15.70,,,0.19,,15.68,0.32
34632,UGC06333,64,4,216,5,14.78,14.45,14.23,,,0.27,,14.21,0.19
34644,IC2718,74,3,302,19,16.03,15.48,15.15,,,0.13,,15.11,0.33
34653,PGC034653,79,3,73,18,15.61,15.16,14.79,,,0.33,,14.71,0.33
34681,UGC06338,67,4,385,5,14.51,13.95,13.63,,,0.26,,13.58,0.22
34683,UGC06341,82,3,103,5,15.48,15.15,14.90,,,0.32,,14.87,0.29
34686,PGC034686,71,6,157,5,16.60,16.16,15.95,,,0.10,,15.86,0.19
34691,ESO570-019,50,4,154,8,,,,13.92,14.52,,0.24,,
34695,NGC3627,64,4,362,5,9.18,8.54,8.20,8.19,8.73,1.50,1.39,8.14,0.00
34697,NGC3628,86,2,451,5,9.83,9.10,8.72,8.41,8.93,2.73,1.70,8.67,0.53
34711,NGC3633,76,3,324,7,14.01,13.17,12.73,,,0.19,,12.61,0.18
34713,PGC034713,88,2,239,13,16.11,15.49,15.19,,,0.24,,15.08,0.77
34717,NGC3635,61,4,334,18,14.16,13.50,13.10,13.19,13.95,0.24,0.27,13.00,0.19
34718,NGC3625,74,5,238,11,13.81,13.37,13.10,,,0.36,,13.07,0.32
34719,NGC3629,54,4,191,5,12.85,12.52,12.33,12.89,13.46,0.50,0.43,12.30,0.12
34733,UGC06355,84,3,181,5,14.49,14.19,13.98,,,0.46,,13.95,0.38
34752,UGC06354,77,3,192,16,15.17,14.79,14.64,,,0.20,,14.63,0.37
34757,PGC034757,66,4,292,5,15.13,14.58,14.26,,,0.15,,14.19,0.23
34758,UGC06362,79,3,334,5,14.33,13.67,13.31,,,0.25,,13.26,0.36
34763,UGC06363,79,3,363,9,14.52,13.94,13.64,,,0.28,,13.59,0.41
34770,PGC034770,78,3,492,15,14.68,13.94,13.55,,,0.20,,13.50,0.33
34787,UGC06365,78,3,182,16,15.97,15.53,15.31,,,0.26,,15.28,0.28
34814,NGC3644,70,3,393,6,14.41,13.74,13.33,,,0.18,,13.23,0.21
34824,PGC034824,51,4,277,12,14.97,14.48,14.23,,,0.16,,14.19,0.12
34832,ESO439-002,56,4,283,18,,,,14.28,14.89,,0.19,,
34836,NGC3646,62,4,514,5,11.62,11.09,10.78,,,0.91,,10.73,0.14
34837,UGC06375,83,3,481,16,14.59,13.90,13.51,,,0.28,,13.45,0.50
34852,PGC034852,56,4,226,19,14.78,14.21,13.88,,,0.32,,13.79,0.15
34864,UGC06383,85,2,223,11,14.90,14.48,14.27,,,0.33,,14.24,0.55
34869,UGC06378,89,1,146,8,,,,14.19,14.85,,0.52,,
34870,UGC06384,90,1,160,5,16.08,15.65,15.47,,,0.26,,15.43,0.52
34887,IC2763,88,2,126,5,14.81,14.41,14.16,14.74,15.39,0.30,0.30,14.12,0.52
34888,IC2762,80,3,191,8,15.79,15.33,15.01,,,0.23,,14.95,0.37
34904,PGC034904,50,4,111,20,,,,14.64,15.27,,0.20,,
34913,NGC3650,90,1,529,15,13.96,13.10,12.64,,,0.32,,12.58,0.34
34917,NGC3652,73,3,225,6,12.75,12.45,12.29,,,0.51,,12.26,0.32
34921,PGC034921,59,4,326,16,15.89,15.36,15.03,,,0.16,,14.94,0.17
34924,IC2776,65,4,110,5,15.20,14.94,14.79,,,0.20,,14.76,0.15
34929,UGC06390,86,2,150,7,14.71,14.33,14.13,,,0.46,,14.11,0.35
34935,NGC3655,53,4,286,5,12.19,11.58,11.28,,,0.29,,11.23,0.01
34943,ESO265-029,61,10,365,18,,,,12.97,13.48,,0.17,,
34971,UGC06399,81,4,167,8,13.97,13.52,13.30,13.91,14.53,0.66,0.68,13.27,0.25
34983,PGC034983,72,3,231,31,15.74,15.18,14.86,,,0.12,,14.82,0.30
34995,NGC3659,72,3,216,5,12.95,12.47,12.24,,,0.39,,12.21,0.31
34996,NGC3662,53,4,474,20,13.38,12.69,12.28,,,0.31,,12.17,0.00
35017,UGC06414,89,1,455,11,15.39,14.54,14.08,,,0.24,,14.02,0.90
35018,PGC035018,64,4,313,5,14.81,14.39,14.10,,,0.21,,14.04,0.21
35019,UGC06415,79,3,540,5,14.60,13.87,13.47,,,0.24,,13.41,0.37
35025,NGC3654,64,4,195,12,,,,12.94,13.55,,0.29,,
35037,UGC06417,89,1,353,5,16.37,15.69,15.32,,,0.25,,15.23,0.84
35043,NGC3666,79,3,249,5,12.36,11.80,11.47,11.54,12.07,0.60,0.46,11.41,0.42
35044,UGC06421,56,4,159,5,15.22,14.92,14.72,15.50,16.19,0.31,0.33,14.69,0.07
35061,UGC06424,82,3,262,5,15.15,14.65,14.36,,,0.27,,14.29,0.45
35073,PGC035073,54,4,244,18,,,,13.11,13.53,,0.37,,
35080,UGC06428,88,2,150,18,16.31,15.96,15.84,,,0.33,,15.82,0.37
35083,IC2804,79,3,328,8,14.88,14.26,13.93,,,0.18,,13.87,0.42
35088,NGC3672,69,3,376,9,11.57,10.96,10.62,10.59,11.12,0.71,0.76,10.55,0.26
35097,NGC3673,53,4,312,17,,,,10.89,11.26,,0.75,,
35113,NGC3669,82,4,221,9,13.19,12.84,12.67,,,0.48,,12.65,0.51
35123,NGC3668,47,6,432,13,12.81,12.21,11.86,,,0.35,,11.83,0.00
35127,PGC035127,88,2,128,13,16.44,16.07,15.89,,,0.18,,15.86,0.46
35137,UGC06437,65,4,259,5,14.73,14.31,14.06,,,0.23,,14.03,0.22
35142,IC2810,74,3,376,17,14.70,14.06,13.68,,,0.20,,13.61,0.28
35157,PGC035157,50,4,196,5,15.94,15.55,15.36,,,0.21,,15.32,0.08
35164,NGC3675,65,4,405,16,10.45,9.68,9.23,,,1.12,,9.19,0.07
35174,UGC06442,90,1,349,5,15.85,15.14,14.74,,,0.31,,14.63,0.92
35184,PGC035184,71,3,270,20,16.09,15.63,15.36,,,0.16,,15.34,0.26
35194,IC2819,79,3,304,6,16.20,15.77,15.45,,,0.12,,15.41,0.42
35196,IC2822,63,4,216,5,14.62,14.20,13.98,,,0.33,,13.91,0.17
35202,UGC06446,52,18,125,13,13.23,12.98,12.85,14.04,14.88,0.78,0.54,12.82,0.05
35221,PGC035221,89,3,205,20,16.57,16.02,15.71,,,0.19,,15.57,0.74
35224,NGC3684,52,4,204,5,12.13,11.66,11.31,,,0.50,,11.26,0.12
35235,UGC06454,90,2,261,18,15.64,15.10,14.78,,,0.30,,14.74,0.84
35236,UGC06452,62,4,287,11,13.96,13.56,13.34,,,0.27,,13.32,0.20
35249,NGC3683,83,4,352,10,12.68,11.91,11.51,,,0.34,,11.48,0.17
35261,PGC035261,57,4,137,9,15.12,14.85,14.71,,,0.17,,14.70,0.14
35271,PGC035271,73,4,77,17,,,,15.77,17.01,,0.44,,
35273,UGC06462,82,3,254,5,15.03,14.54,14.26,,,0.19,,14.17,0.49
35288,ESO378-003,62,4,257,8,,,,12.70,13.31,,0.51,,
35292,NGC3691,49,6,124,5,13.20,12.97,12.48,,,0.34,,12.43,0.10
35294,NGC3689,52,4,331,6,12.68,12.01,11.66,,,0.34,,11.62,0.01
35300,UGC06465,51,4,184,9,14.36,14.03,13.77,,,0.32,,13.75,0.12
35301,IC2850,68,4,283,15,14.91,14.52,14.26,,,0.15,,14.19,0.25
35302,IC2853,56,4,373,7,14.09,13.45,13.08,,,0.24,,13.00,0.13
35307,UGC06469,71,3,335,8,14.02,13.72,13.53,,,0.20,,13.49,0.29
35314,NGC3692,83,3,402,5,12.77,12.10,11.73,11.72,12.34,0.48,0.37,11.67,0.48
35320,IC2857,89,1,401,5,14.99,14.36,13.95,,,0.35,,13.86,0.92
35323,PGC035323,85,2,346,27,15.18,14.64,14.35,14.18,14.68,0.18,0.18,14.30,0.62
35335,UGC06478,75,3,289,5,15.13,14.67,14.41,14.75,15.36,0.22,0.21,14.37,0.31
35341,ESO378-005,49,6,206,20,,,,13.82,14.42,,0.36,,
35347,NGC3697,75,3,511,5,13.41,12.80,12.46,12.55,13.18,0.46,0.43,12.40,0.35
35349,UGC06473,72,3,385,18,14.44,13.78,13.37,,,0.24,,13.27,0.25
35362,UGC06483,89,1,317,5,14.78,14.11,13.70,,,0.38,,13.63,0.89
35365,IC0699,75,3,479,13,14.13,13.34,12.89,,,0.21,,12.79,0.18
35405,NGC3701,60,4,253,5,13.31,12.89,12.65,,,0.37,,12.62,0.17
35406,IC2873,51,4,227,17,14.97,14.54,14.28,,,0.17,,14.24,0.12
35434,ESO378-008,53,4,271,20,,,,13.50,14.01,,0.22,,
35437,UGC06497,89,1,376,13,15.25,14.63,14.27,,,0.52,,14.21,0.78
35440,NGC3705,71,3,339,5,11.32,10.66,10.28,10.40,10.98,0.72,0.59,10.20,0.26
35443,PGC035443,63,4,121,5,16.67,16.38,16.21,,,0.14,,16.18,0.11
35450,UGC06499,70,3,133,5,15.97,15.60,15.34,,,0.38,,15.30,0.13
35464,PGC035464,67,5,108,12,14.98,14.63,14.47,,,0.14,,14.42,0.22
35469,IC2889,57,4,292,20,,,,13.70,14.35,,0.29,,
35470,IC2887,84,3,253,5,15.93,15.35,15.07,,,0.20,,14.99,0.52
35477,PGC035477,57,4,242,18,14.63,14.16,13.88,,,0.23,,13.85,0.15
35485,PGC035485,89,2,189,6,15.53,15.12,14.87,,,0.22,,14.83,0.86
35487,PGC035487,71,3,202,5,15.76,15.32,15.04,,,0.14,,14.99,0.27
35499,PGC035499,76,3,340,10,15.01,14.49,14.14,,,0.18,,14.09,0.36
35503,PGC035503,90,2,124,5,15.31,14.87,14.65,,,0.19,,14.61,0.87
35507,NGC3712,86,2,132,5,14.72,14.35,14.05,,,0.70,,14.01,0.38
35517,UGC06507,52,4,230,6,14.66,14.27,14.05,,,0.24,,14.01,0.12
35521,UGC06509,90,1,183,5,15.23,14.90,14.75,,,0.66,,14.73,0.43
35526,PGC035526,90,1,157,5,16.26,15.98,15.84,,,0.18,,15.80,0.46
35527,PGC035527,63,4,162,5,15.63,15.36,15.15,,,0.21,,15.12,0.15
35539,NGC3717,87,3,406,13,,,,9.87,10.41,,0.77,,
35540,NGC3715,53,4,262,14,,,,11.98,12.50,,0.20,,
35547,PGC035547,75,3,446,8,15.50,14.90,14.53,,,0.15,,14.47,0.35
35549,UGC06512,59,4,149,5,14.55,14.26,14.13,,,0.25,,14.09,0.13
35562,PGC35562,67,4,200,19,15.77,15.46,15.29,,,0.16,,15.29,0.23
35565,PGC035565,81,3,110,6,16.11,15.61,15.39,,,0.19,,15.32,0.31
35569,UGC06517,56,4,227,12,13.87,13.43,13.19,,,0.28,,13.14,0.15
35584,PGC035584,53,4,205,20,,,,14.78,15.38,,0.29,,
35601,UGC06520,54,4,305,12,13.83,13.12,12.73,,,0.19,,12.70,0.12
35608,NGC3752,69,3,212,9,13.55,12.98,12.66,,,0.35,,12.57,0.23
35612,PGC035612,71,3,275,33,15.99,15.59,15.33,,,0.12,,15.29,0.27
35614,IC2919,53,4,91,6,15.43,15.27,15.18,,,0.12,,15.15,0.10
35621,UGC06526,86,2,168,5,14.01,13.50,13.22,,,0.35,,13.18,0.67
35622,PGC035622,56,4,243,8,15.02,14.61,14.35,14.58,15.11,0.18,0.20,14.31,0.14
35636,PGC035636,53,4,403,7,14.58,14.04,13.70,,,0.15,,13.65,0.09
35656,PGC035656,80,3,421,5,15.77,15.15,14.77,,,0.14,,14.71,0.46
35664,PGC035664,80,3,322,20,,,,13.64,14.12,,0.24,,
35669,NGC3728,56,4,424,5,13.53,12.88,12.55,,,0.23,,12.50,0.13
35671,UGC06535,86,2,219,15,15.33,14.71,14.34,,,0.36,,14.31,0.65
35675,UGC06534,82,3,154,12,13.47,13.08,12.88,,,0.63,,12.84,0.39
35676,NGC3726,55,4,263,11,10.64,10.14,9.86,10.16,10.72,1.25,1.32,9.83,0.14
35679,UGC06539,75,3,324,5,14.68,14.11,13.78,,,0.31,,13.72,0.34
35680,PGC035680,62,4,177,5,15.36,14.93,14.71,,,0.19,,14.67,0.17
35686,ESO503-022,69,3,153,20,,,,14.19,14.80,,0.36,,
35694,UGC06544,62,4,379,13,14.29,13.72,13.38,,,0.26,,13.33,0.17
35700,IC2930,73,3,355,19,15.65,15.02,14.67,,,0.14,,14.59,0.30
35701,UGC06546,88,2,273,5,15.41,14.85,14.53,14.60,15.18,0.26,0.31,14.48,0.65
35704,PGC035704,88,2,265,13,,,,14.46,15.16,,0.31,,
35705,PGC035705,54,7,128,11,14.66,14.29,14.10,,,0.34,,14.04,0.09
35707,UGC06545,75,3,270,11,13.85,13.19,12.78,,,0.27,,12.72,0.21
35711,NGC3729,53,5,452,5,11.87,11.22,10.84,11.01,11.52,0.59,0.57,10.82,0.10
35721,PGC035721,51,4,358,11,14.77,14.16,13.84,13.94,14.59,0.19,0.20,13.79,0.11
35725,UGC06551,88,2,275,18,15.76,15.37,15.13,,,0.36,,15.10,0.54
35742,PGC035742,87,2,368,12,14.46,13.74,13.34,,,0.39,,13.27,0.72
35745,PGC035745,69,3,292,6,14.53,14.12,13.91,,,0.17,,13.85,0.27
35760,PGC035760,81,3,194,5,15.71,15.28,15.00,,,0.25,,14.96,0.40
35767,UGC06552,76,3,187,14,14.24,13.90,13.69,,,0.27,,13.66,0.35
35775,ESO320-004,79,3,126,20,,,,13.90,14.51,,0.29,,
35776,ESO378-011,86,2,250,12,,,,13.73,14.19,,0.29,,
35782,PGC035782,51,4,278,5,15.37,14.75,14.41,,,0.12,,14.35,0.11
35784,PGC035784,72,3,281,5,14.92,14.44,14.17,14.36,14.94,0.18,0.20,14.12,0.29
35786,PGC035786,79,3,509,9,14.33,13.52,13.05,,,0.19,,12.99,0.25
35792,UGC06556,88,2,254,5,15.60,15.10,14.78,,,0.35,,14.70,0.69
35797,NGC3733,74,5,227,13,12.74,12.41,12.19,,,0.84,,12.16,0.25
35802,UGC06558,78,3,145,7,15.16,14.90,14.74,,,0.31,,14.70,0.25
35803,UGC06559,88,2,264,5,15.82,15.33,15.01,,,0.29,,14.92,0.57
35804,PGC035804,75,3,176,5,15.43,14.98,14.73,,,0.22,,14.69,0.30
35821,PGC035821,70,4,186,5,16.16,15.75,15.57,,,0.09,,15.53,0.25
35823,PGC035823,62,4,294,6,15.17,14.80,14.59,14.74,15.23,0.15,0.16,14.55,0.19
35826,UGC06561,81,3,154,5,15.23,14.84,14.67,,,0.28,,14.63,0.36
35841,NGC3739,73,3,482,13,14.69,14.02,13.63,,,0.30,,13.56,0.31
35868,PGC35868,88,2,207,17,16.30,15.89,15.67,,,0.15,,15.65,0.65
35869,NGC3735,84,3,486,19,12.18,11.55,11.17,,,0.67,,11.13,0.41
35877,PGC035877,71,3,299,20,14.83,14.33,14.03,,,0.16,,13.97,0.29
35900,UGC06575,81,3,206,6,13.89,13.55,13.38,,,0.42,,13.36,0.39
35913,NGC3755,72,3,254,13,12.90,12.58,12.39,,,0.66,,12.35,0.27
35927,PGC035927,88,2,320,14,,,,13.79,14.26,,0.24,,
35931,NGC3756,62,4,285,12,11.76,11.19,10.87,,,0.85,,10.85,0.18
35934,PGC035934,80,3,430,17,,,,12.37,12.92,,0.28,,
35938,PGC035938,75,3,316,17,15.67,15.26,14.97,,,0.10,,14.93,0.35
36240,ESO266-015,53,4,274,20,,,,12.00,12.51,,0.36,,
35942,UGC06583,57,4,334,6,14.16,13.73,13.49,13.40,13.79,0.12,0.16,13.45,0.13
35943,PGC035943,57,4,732,8,14.59,14.01,13.68,,,0.19,,13.63,0.09
35946,ESO504-004,59,4,317,18,,,,14.15,14.77,,0.18,,
35952,UGC06586,59,5,251,5,14.03,13.54,13.29,,,0.46,,13.22,0.16
35954,ESO378-012,73,3,281,10,,,,12.67,13.18,,0.25,,
35956,NGC3765,50,4,455,19,14.46,13.74,13.33,,,0.19,,13.27,0.07
35966,UGC06588,72,3,273,5,14.63,14.05,13.74,,,0.37,,13.68,0.30
35973,PGC035973,62,4,365,18,15.00,14.35,13.97,14.05,14.64,0.15,0.18,13.91,0.18
35978,PGC035978,63,4,268,5,15.00,14.54,14.28,14.57,15.13,0.21,0.24,14.24,0.19
35989,PGC035989,75,3,419,20,15.82,15.22,14.85,,,0.13,,14.79,0.35
35991,UGC06594,88,2,148,5,14.35,13.89,13.64,,,0.60,,13.59,0.52
35995,PGC035995,75,3,197,35,15.55,15.14,14.93,15.41,15.96,0.20,0.19,14.89,0.28
35999,NGC3769,80,3,224,8,12.29,11.75,11.45,11.61,12.18,0.56,0.49,11.41,0.43
36000,UGC06596,59,6,142,11,14.80,14.58,14.46,,,0.36,,14.44,0.11
36023,PGC036023,78,3,204,5,16.27,15.82,15.62,16.03,16.36,0.14,0.19,15.59,0.28
36029,UGC06603,84,3,168,5,14.20,13.84,13.66,,,0.55,,13.63,0.41
36060,UGC06607,63,4,215,5,14.62,14.20,13.98,,,0.31,,13.94,0.18
36079,UGC06610,82,3,199,5,14.26,13.86,13.64,,,0.52,,13.61,0.37
36093,PGC036093,51,4,77,5,14.32,13.74,13.40,,,0.22,,13.35,0.12
36094,ESO063-017,89,1,279,16,,,,13.72,14.23,,0.22,,
36097,ESO571-012,72,6,367,20,,,,13.11,13.43,,0.23,,
36100,PGC036100,73,3,161,5,15.68,15.44,15.30,,,0.19,,15.28,0.24
36132,PGC036132,53,4,242,5,15.00,14.37,14.03,14.24,14.75,0.14,0.18,13.98,0.13
36133,PGC036133,81,3,526,20,14.87,14.07,13.64,13.77,14.39,0.14,0.19,13.58,0.35
36142,PGC036142,56,4,252,5,14.79,14.20,13.87,,,0.18,,13.76,0.15
36147,NGC3784,53,4,256,13,14.28,13.66,13.32,,,0.20,,13.25,0.13
36155,UGC06622,54,4,277,5,14.91,14.35,14.02,,,0.18,,13.98,0.14
36174,IC0718,64,4,149,7,14.23,13.77,13.50,13.84,14.45,0.34,0.33,13.40,0.18
36176,UGC06627,79,3,185,7,15.85,15.40,15.18,,,0.30,,15.12,0.30
36183,PGC036183,85,2,353,5,16.03,15.38,14.99,,,0.19,,14.90,0.59
36189,PGC036189,79,3,241,33,16.05,15.49,15.21,,,0.17,,15.15,0.36
36192,NGC3795,82,3,218,12,13.64,13.11,12.80,,,0.38,,12.77,0.50
36195,UGC06631,56,4,210,14,14.16,13.52,13.18,,,0.19,,13.12,0.12
36197,NGC3800,77,3,390,10,13.02,12.36,11.99,,,0.37,,11.93,0.16
36237,PGC036237,83,3,297,7,15.24,14.68,14.38,,,0.20,,14.33,0.53
36238,NGC3794,55,4,168,17,13.10,12.75,12.51,,,0.53,,12.49,0.14
36241,UGC06645,49,6,268,5,14.24,13.60,13.25,,,0.26,,13.19,0.10
36242,UGC06646,70,3,324,7,14.55,13.91,13.50,,,0.32,,13.44,0.27
36243,NGC3810,52,4,243,5,11.03,10.50,10.22,10.27,10.75,0.63,0.58,10.14,0.10
36245,ESO571-015,88,2,416,18,,,,13.42,13.94,,0.29,,
36249,PGC036249,87,2,464,7,16.73,16.27,16.00,,,0.13,,15.96,0.63
36254,PGC036254,84,4,73,7,15.39,15.28,15.23,,,0.16,,15.21,0.36
36257,PGC036257,67,4,351,20,15.57,14.91,14.56,14.48,14.89,0.13,0.15,14.49,0.21
36266,NGC3813,69,3,278,10,12.03,11.53,11.26,,,0.44,,11.23,0.20
36276,UGC06652,86,6,537,11,15.14,14.35,13.94,,,0.15,,13.87,0.49
36283,PGC036283,72,5,256,22,15.13,14.68,14.42,14.70,15.28,0.23,0.26,14.38,0.26
36284,PGC036284,75,3,342,5,15.24,14.65,14.34,14.22,14.70,0.17,0.18,14.28,0.35
36288,NGC3815,71,3,339,5,13.55,12.94,12.61,,,0.28,,12.55,0.26
36305,UGC06658,74,3,136,5,14.63,14.16,13.92,,,0.30,,13.88,0.30
36312,PGC036312,86,2,194,6,15.85,15.48,15.28,,,0.14,,15.25,0.59
36316,UGC06662,65,4,230,6,15.71,15.33,15.17,,,0.25,,15.13,0.15
36323,PGC036323,59,5,124,13,15.88,15.45,15.21,15.67,16.17,0.11,0.15,15.18,0.14
36324,PGC036324,51,4,338,18,,,,13.25,13.88,,0.25,,
36328,PGC036328,52,4,332,20,15.45,14.77,14.38,14.63,15.29,0.15,0.18,14.33,0.12
36329,PGC36329,86,3,152,17,16.00,15.54,15.31,,,0.35,,15.27,0.44
36330,PGC036330,67,4,229,5,15.30,14.91,14.66,14.89,15.41,0.15,0.19,14.63,0.23
36334,UGC06664,84,3,388,5,15.16,14.62,14.24,,,0.27,,14.19,0.57
36340,UGC06672,83,3,311,5,15.72,15.20,14.89,,,0.27,,14.85,0.51
36342,UGC06666,71,3,171,5,14.29,13.84,13.58,,,0.25,,13.53,0.29
36343,UGC06667,89,1,172,7,13.92,13.34,13.03,13.44,14.07,0.83,0.78,13.00,0.51
36349,PGC036349,59,6,323,5,14.23,13.71,13.36,13.15,13.53,0.18,0.18,13.32,0.15
36350,PGC036350,72,3,298,5,15.44,14.91,14.61,14.89,15.44,0.16,0.19,14.57,0.27
36355,UGC06670,80,3,211,5,13.32,12.95,12.75,,,0.57,,12.71,0.40
36363,UGC06674,63,4,356,5,14.58,13.98,13.65,,,0.28,,13.60,0.21
36365,IC0722,54,4,286,9,14.56,13.99,13.68,,,0.19,,13.62,0.13
36368,PGC036368,53,6,150,20,15.75,15.48,15.29,15.68,16.26,0.10,0.16,15.28,0.11
36371,PGC036371,59,4,292,20,14.53,13.90,13.53,13.57,14.16,0.22,0.22,13.48,0.14
36380,PGC036380,63,4,254,14,15.09,14.61,14.31,,,0.15,,14.26,0.20
36381,UGC06679,89,1,307,17,15.30,14.65,14.28,,,0.30,,14.24,0.92
36386,NGC3901,70,5,191,15,,,,13.54,14.11,,0.50,,
36389,UGC06681,84,3,439,17,14.72,13.92,13.47,13.35,13.86,0.22,0.24,13.38,0.54
37870,PGC037870,63,4,290,19,,,,14.34,14.63,,0.23,,
36390,PGC036390,63,4,212,13,15.71,15.18,14.92,15.35,15.92,0.22,0.22,14.85,0.17
36392,UGC06678,55,4,301,6,15.53,15.21,15.01,,,0.18,,14.99,0.14
36395,ESO504-010,79,3,129,13,,,,15.74,16.64,,0.36,,
36396,PGC036396,88,2,376,20,14.65,13.80,13.34,,,0.15,,13.28,0.38
36409,PGC036409,88,2,339,20,,,,13.61,14.09,,0.26,,
36428,PGC036428,89,2,229,5,15.99,15.65,15.46,,,0.19,,15.41,0.70
36431,UGC06686,89,1,393,5,14.53,13.82,13.40,13.15,13.76,0.52,0.45,13.33,0.85
36433,UGC06687,85,2,168,5,15.81,15.47,15.27,,,0.44,,15.23,0.28
36434,UGC06689,80,3,218,5,15.18,14.69,14.44,,,0.23,,14.40,0.38
36437,PGC036437,52,4,215,6,15.03,14.66,14.49,,,0.16,,14.46,0.13
36441,NGC3833,60,4,383,5,14.08,13.40,13.07,,,0.36,,12.96,0.18
36442,PGC036442,52,4,172,10,15.06,14.63,14.39,,,0.15,,14.28,0.12
36447,UGC06691,57,8,105,18,15.41,15.11,14.93,,,0.38,,14.90,0.09
36450,IC0724,71,6,508,7,13.02,12.25,11.87,,,0.38,,11.80,0.04
36466,UGC06697,87,3,568,14,13.86,13.48,13.25,13.01,13.54,0.34,0.33,13.22,0.68
36475,NGC3839,63,4,314,5,13.81,13.38,13.15,,,0.18,,13.08,0.19
36477,NGC3840,48,6,249,5,14.23,13.65,13.33,13.34,13.84,0.18,0.19,13.28,0.09
36482,PGC036482,65,4,472,33,15.20,14.52,14.13,,,0.15,,14.07,0.19
36493,NGC3835,78,3,402,11,13.03,12.37,12.00,,,0.37,,11.96,0.22
36512,PGC036512,55,4,307,20,14.57,13.87,13.43,13.59,14.15,0.21,0.23,13.37,0.11
36513,ESO571-020,52,4,125,18,,,,14.15,14.69,,0.21,,
36520,PGC036520,76,3,255,7,14.98,14.56,14.32,,,0.23,,14.28,0.36
36536,IC0727,87,2,482,12,14.64,13.78,13.30,,,0.29,,13.17,0.60
36542,UGC06711,53,4,140,15,13.91,13.51,13.29,,,0.17,,13.27,0.13
36547,PGC036547,86,2,230,14,15.81,15.27,15.00,,,0.25,,14.88,0.56
36570,ESO320-019,79,5,151,20,,,,13.10,13.75,,0.26,,
36574,UGC06719,50,4,396,19,13.99,13.29,12.89,13.04,13.71,0.22,0.25,12.83,0.06
36591,PGC036591,66,4,296,19,15.30,14.86,14.58,,,0.17,,14.57,0.23
36604,NGC3861,58,4,456,5,13.18,12.53,12.17,12.26,12.84,0.36,0.34,12.10,0.13
36605,PGC036605,88,2,201,6,16.32,16.00,15.80,,,0.25,,15.78,0.44
36607,NGC3863,81,3,478,9,13.32,12.59,12.19,,,0.51,,12.14,0.44
36608,PGC036608,68,4,215,13,15.06,14.51,14.20,14.31,14.74,0.19,0.21,14.15,0.26
36635,PGC036635,82,3,120,12,15.60,15.00,14.58,,,0.29,,14.49,0.47
36643,PGC036643,78,3,185,10,,,,13.52,14.13,,0.44,,
36644,NGC3876,54,4,157,5,13.50,13.15,12.93,,,0.26,,12.89,0.14
36659,UGC06734,86,2,376,5,15.08,14.24,13.75,,,0.25,,13.68,0.65
36660,NGC3850,67,4,166,7,13.50,13.09,12.83,13.41,13.94,0.65,0.64,12.80,0.18
36664,ESO440-004,72,3,166,9,,,,13.74,14.38,,0.78,,
36666,UGC06740,59,4,311,11,14.62,14.10,13.81,,,0.18,,13.65,0.15
36671,UGC06736,79,3,291,5,14.83,14.40,14.16,,,0.26,,14.11,0.37
36683,PGC036683,76,3,265,19,15.03,14.40,14.07,14.02,14.52,0.19,0.23,14.02,0.37
36689,ESO320-020,76,3,365,17,,,,13.29,13.79,,0.21,,
36697,NGC3882,54,4,262,14,,,,10.35,10.84,,0.78,,
36699,NGC3877,84,3,340,13,11.53,10.78,10.37,10.19,10.71,1.09,0.98,10.33,0.54
36706,NGC3884,51,4,438,7,13.13,12.35,11.89,11.94,12.55,0.41,0.40,11.82,0.02
36707,PGC036707,90,2,253,13,15.77,15.31,15.04,,,0.30,,14.99,0.72
36713,UGC06747,90,2,93,5,16.05,15.91,15.89,,,0.42,,15.82,0.41
36726,UGC06750,72,3,360,19,14.85,14.29,13.90,,,0.26,,13.85,0.31
36727,UGC06751,75,3,279,6,14.48,14.10,13.76,14.07,14.78,0.34,0.31,13.72,0.30
36739,UGC06753,69,3,161,5,14.79,14.32,14.08,,,0.28,,14.00,0.25
36743,NGC3879,84,3,196,13,13.61,13.33,13.20,,,0.67,,13.17,0.40
36768,PGC036768,84,3,173,5,15.96,15.66,15.49,,,0.18,,15.43,0.39
36778,PGC036778,90,1,357,20,15.92,15.15,14.76,14.83,15.57,0.13,0.20,14.69,0.96
36779,PGC036779,74,3,379,19,14.92,14.20,13.83,13.94,14.59,0.18,0.23,13.75,0.33
36787,UGC06764,78,3,155,14,15.36,14.97,14.75,,,0.44,,14.73,0.20
36791,PGC036791,59,6,251,12,15.36,14.85,14.53,,,0.08,,14.49,0.16
36800,UGC06769,65,4,435,5,14.50,13.85,13.47,,,0.26,,13.40,0.21
36823,PGC036823,72,3,269,5,15.41,15.08,14.85,,,0.19,,14.82,0.28
36825,UGC06773,68,4,89,7,13.78,13.52,13.45,14.35,15.00,0.47,0.47,13.42,0.12
36836,UGC06774,87,2,230,14,14.77,14.39,14.22,,,0.23,,14.20,0.68
36840,PGC036840,54,4,221,5,15.43,14.95,14.66,,,0.18,,14.59,0.13
36849,UGC06775,59,4,188,5,14.47,13.99,13.73,,,0.36,,13.67,0.16
36855,PGC036855,53,4,212,5,16.01,15.60,15.32,,,0.16,,15.30,0.12
36856,PGC036856,82,3,342,9,15.24,14.47,14.06,13.79,14.31,0.18,0.24,13.98,0.50
36868,UGC06776,88,2,145,18,15.38,14.87,14.62,,,0.44,,14.58,0.51
36871,PGC036871,77,3,208,20,15.78,15.28,15.02,,,0.20,,14.96,0.37
36875,NGC3893,54,4,277,8,10.80,10.35,10.09,10.20,10.72,0.68,0.67,10.05,0.11
36884,PGC036884,72,3,220,7,15.19,14.62,14.29,,,0.20,,14.20,0.30
36887,UGC06780,77,3,211,6,13.75,13.41,13.25,,,0.78,,13.22,0.23
36909,NGC3905,48,6,206,14,,,,12.39,12.92,,0.40,,
36921,NGC3898,68,4,475,11,11.04,10.32,9.90,,,0.61,,9.86,0.00
36923,NGC3902,53,4,239,6,13.46,12.99,12.73,,,0.30,,12.69,0.12
36929,UGC06794,77,3,233,5,14.44,14.04,13.83,,,0.37,,13.76,0.34
36930,UGC06792,87,2,163,11,14.14,13.69,13.45,13.94,14.31,0.68,0.57,13.42,0.38
36932,UGC06791,88,2,208,5,14.46,13.91,13.63,13.79,14.50,0.40,0.34,13.59,0.70
36973,UGC06802,90,1,150,17,14.92,14.45,14.20,14.77,15.45,0.49,0.38,14.16,0.46
36979,NGC3912,75,4,184,7,13.02,12.47,12.17,12.31,12.81,0.32,0.26,12.13,0.34
36988,UGC06804,90,1,289,8,15.19,14.69,14.37,,,0.41,,14.34,0.79
36996,UGC06806,77,3,217,5,14.06,13.75,13.59,,,0.29,,13.57,0.34
37004,UGC06808,90,1,307,5,16.06,15.50,15.09,,,0.21,,15.04,0.84
37014,NGC3914,55,4,374,7,13.57,12.97,12.64,,,0.22,,12.60,0.07
37030,PGC037030,71,3,470,66,15.30,14.65,14.25,,,0.14,,14.18,0.27
37036,NGC3917,81,3,273,12,12.27,11.62,11.25,11.40,12.02,1.10,1.08,11.21,0.45
37037,UGC06816,49,6,113,8,13.99,13.73,13.65,14.50,15.06,0.58,0.59,13.63,0.05
37038,UGC06818,72,6,141,8,14.09,13.76,13.58,14.35,14.95,0.48,0.48,13.55,0.15
37040,PGC037040,57,4,252,20,14.79,14.27,13.97,14.05,14.47,0.21,0.21,13.89,0.15
37048,PGC037048,63,4,49,5,15.25,15.01,14.91,,,0.21,,14.81,0.10
37051,PGC037051,55,4,168,6,15.11,14.74,14.55,14.77,15.27,0.11,0.15,14.49,0.14
37054,PGC037054,88,2,392,20,15.97,15.19,14.73,14.13,14.55,0.27,0.22,14.63,0.82
37065,PGC037065,81,3,245,17,15.22,14.88,14.69,,,0.16,,14.65,0.47
37075,PGC037075,70,3,225,5,14.95,14.42,14.15,,,0.10,,14.08,0.28
37099,NGC3942,61,4,253,15,,,,13.41,14.00,,0.30,,
37113,PGC037113,51,4,96,6,16.11,15.73,15.53,15.92,16.68,0.11,0.11,15.51,0.09
37140,PGC037140,72,3,155,20,15.41,14.98,14.70,15.03,15.66,0.11,0.15,14.65,0.28
37143,UGC06837,90,2,324,7,16.07,15.48,15.12,14.63,15.04,0.24,0.27,15.05,0.85
37145,PGC037145,70,3,189,12,16.84,16.52,16.36,16.82,17.36,0.11,0.17,16.32,0.13
37147,UGC06838,68,4,216,17,15.04,14.62,14.40,,,0.17,,14.37,0.24
37153,PGC037153,46,6,183,14,14.33,13.80,13.50,13.64,14.21,0.21,0.22,13.41,0.09
37156,NGC3933,64,4,314,5,13.91,13.27,12.91,,,0.24,,12.82,0.20
37164,UGC06840,83,4,129,18,13.80,13.43,13.19,14.37,14.96,0.78,0.62,13.15,0.24
37174,PGC037174,63,4,197,9,15.86,15.48,15.28,,,0.19,,15.25,0.18
37178,NGC3936,84,3,292,19,,,,11.41,11.97,,0.61,,
37193,UGC06844,83,3,454,16,15.10,14.26,13.75,,,0.19,,13.69,0.46
37196,IC2969,54,4,162,14,,,,13.35,13.79,,0.31,,
37198,PGC037198,81,3,224,8,15.75,15.50,15.32,15.86,16.32,0.18,0.18,15.30,0.31
37200,ESO440-023,83,3,120,15,,,,15.74,16.27,,0.28,,
37208,UGC06848,82,3,189,11,16.79,16.48,16.32,,,0.21,,16.30,0.23
37210,UGC06845,85,2,366,7,15.11,14.46,14.08,,,0.23,,14.01,0.58
37214,UGC06847,78,3,242,6,14.92,14.55,14.34,,,0.33,,14.31,0.34
37223,PGC037223,64,5,228,5,15.68,15.25,15.00,15.46,15.96,0.20,0.20,14.95,0.18
37236,UGC06858,54,4,208,17,14.45,13.92,13.63,,,0.28,,13.52,0.13
37238,PGC037238,83,3,147,13,,,,13.93,14.68,,0.54,,
37243,ESO379-006,89,2,350,19,,,,12.09,12.64,,0.55,,
37251,PGC037251,88,2,194,5,16.39,15.99,15.80,,,0.15,,15.78,0.48
37254,ESO320-030,51,4,275,13,,,,11.37,11.79,,0.19,,
37259,UGC06862,89,1,181,5,16.08,15.49,15.24,,,0.38,,15.19,0.52
37260,PGC037260,58,4,288,5,14.50,13.93,13.61,13.64,14.11,0.18,0.19,13.54,0.15
37264,NGC3947,53,4,387,5,13.53,12.88,12.51,12.60,13.17,0.31,0.33,12.43,0.11
37267,IC0743,82,3,240,17,,,,13.67,14.16,,0.21,,
37271,ESO440-027,86,2,263,13,,,,11.74,12.22,,0.75,,
37276,UGC06864,88,2,299,5,15.47,15.00,14.72,,,0.33,,14.67,0.67
37285,NGC3952,78,3,178,15,,,,13.13,13.72,,0.33,,
37288,NGC3951,66,4,370,5,13.97,13.34,12.98,12.90,13.39,0.22,0.23,12.92,0.19
37290,NGC3949,57,4,252,17,11.26,10.87,10.64,10.82,11.32,0.47,0.49,10.60,0.14
37304,IC2974,83,3,522,13,,,,12.25,12.88,,0.38,,
37306,NGC3953,62,4,404,18,10.60,9.83,9.44,9.47,10.06,1.20,1.16,9.38,0.13
37308,IC2973,57,4,185,5,14.01,13.62,13.45,,,0.32,,13.42,0.15
37315,PGC037315,80,3,270,19,16.28,15.86,15.63,15.73,16.21,0.14,0.17,15.56,0.37
37321,UGC06875,71,3,284,8,15.08,14.53,14.23,,,0.22,,14.20,0.28
37323,PGC037323,80,3,139,9,15.50,15.05,14.85,,,0.22,,14.81,0.35
37325,NGC3956,75,3,254,13,,,,12.08,12.70,,0.62,,
37327,PGC037327,81,3,324,19,15.39,14.88,14.38,,,0.24,,14.33,0.47
37345,PGC037345,71,3,237,5,15.54,15.09,14.88,15.32,15.96,0.19,0.19,14.82,0.24
37346,UGC06878,82,3,226,5,15.32,14.79,14.53,,,0.23,,14.48,0.46
37352,UGC06879,75,3,228,9,13.95,13.45,13.16,,,0.44,,13.11,0.33
37367,UGC06881,81,5,82,5,15.54,15.10,14.96,,,0.39,,14.90,0.24
37373,PGC037373,65,4,189,14,,,,13.36,14.15,,0.48,,
37400,UGC06886,54,4,348,6,13.84,13.27,12.94,,,0.23,,12.90,0.11
37407,UGC06890,70,3,147,5,15.94,15.64,15.53,,,0.34,,15.51,0.14
37409,UGC06891,80,3,351,5,14.94,14.28,13.92,13.85,14.36,0.25,0.27,13.81,0.43
37415,PGC037415,90,1,176,18,,,,15.32,15.83,,0.49,,
37416,PGC037416,73,3,75,5,15.35,14.84,14.57,,,0.26,,14.52,0.26
37418,UGC06894,88,2,121,7,14.83,14.42,14.22,14.92,15.49,0.40,0.38,14.20,0.39
37421,UGC06892,84,3,206,7,14.69,14.09,13.75,,,0.17,,13.70,0.57
37422,ESO440-030,80,3,96,20,,,,14.94,15.61,,0.28,,
37428,PGC037428,89,1,361,19,16.25,15.60,15.21,,,0.19,,15.15,0.92
37429,NGC3968,54,4,484,5,12.54,11.90,11.50,,,0.56,,11.44,0.10
37438,UGC06897,63,4,218,9,15.66,15.39,15.20,,,0.27,,15.16,0.14
37440,IC0746,74,3,269,5,14.30,13.88,13.65,,,0.21,,13.61,0.33
37449,UGC06900,53,4,96,5,14.42,13.86,13.56,,,0.56,,13.52,0.12
37463,PGC037463,69,4,298,5,15.11,14.62,14.36,14.62,15.13,0.22,0.20,14.29,0.25
37466,NGC3972,79,3,258,8,12.67,12.07,11.72,11.88,12.43,0.85,0.78,11.69,0.40
37467,UGC06905,89,1,368,7,15.45,14.73,14.32,,,0.20,,14.26,0.88
37476,ESO572-018,63,4,180,7,,,,13.12,13.67,,0.36,,
37483,NGC3976,74,3,419,5,12.12,11.49,11.12,11.14,11.79,0.40,0.30,11.09,0.26
37496,NGC3981,76,4,284,9,,,,10.82,11.26,,0.56,,
37501,UGC06911,80,3,344,5,14.91,14.32,13.98,,,0.30,,13.89,0.44
37507,UGC06913,68,4,429,5,14.62,13.91,13.52,13.49,14.14,0.23,0.24,13.34,0.25
37511,PGC037511,75,3,225,7,15.51,15.20,15.01,,,0.17,,14.99,0.30
37513,ESO572-022,77,4,189,20,,,,14.36,14.89,,0.29,,
37515,IC2978,74,3,186,6,15.01,14.57,14.30,,,0.25,,14.25,0.31
37521,UGC06916,70,3,339,14,14.15,13.64,13.36,,,0.30,,13.32,0.27
37522,PGC037522,61,4,159,11,16.09,15.65,15.43,,,0.17,,15.40,0.15
37523,PGC037523,66,4,47,5,15.82,15.36,15.15,,,0.40,,15.12,0.13
37525,UGC06917,56,6,178,8,12.79,12.34,12.10,12.57,13.12,0.94,0.94,12.05,0.11
37529,PGC037529,64,4,190,7,15.52,15.12,14.87,,,0.20,,14.83,0.18
37530,PGC037530,88,2,148,6,16.95,16.57,16.43,,,0.25,,16.41,0.36
37538,PGC037538,72,3,177,5,15.51,15.25,15.10,,,0.15,,15.07,0.22
37539,PGC037539,90,1,450,9,15.26,14.41,13.93,,,0.18,,13.87,0.80
37542,NGC3985,52,4,146,9,12.92,12.46,12.21,12.49,13.05,0.29,0.33,12.16,0.12
37549,ESO320-035,51,4,209,17,,,,12.52,13.06,,0.38,,
37553,UGC06923,72,3,139,8,13.59,13.20,12.92,13.55,14.21,0.47,0.45,12.88,0.21
37554,UGC06924,81,3,245,5,15.98,15.56,15.37,,,0.27,,15.33,0.32
37556,UGC06926,69,3,131,18,15.48,15.15,14.93,,,0.35,,14.87,0.15
37566,ESO572-024,87,4,146,20,,,,15.28,15.95,,0.35,,
37591,NGC3987,89,1,537,6,13.56,12.68,12.19,,,0.56,,12.14,0.70
37598,UGC06931,52,4,102,11,14.21,13.94,13.84,,,0.36,,13.80,0.10
37617,NGC3992,57,4,459,8,10.40,9.72,9.29,9.46,10.11,1.62,1.53,9.24,0.11
37619,NGC3993,75,3,329,15,14.19,13.54,13.20,,,0.32,,13.15,0.35
37621,UGC06940,80,4,95,10,15.95,15.70,15.64,16.69,17.16,0.21,0.23,15.60,0.33
37629,NGC3997,63,4,237,5,13.53,13.06,12.79,,,0.30,,12.75,0.20
37641,UGC06947,90,1,354,5,16.09,15.51,15.20,,,0.20,,15.14,0.98
37643,NGC4000,82,3,269,6,14.82,14.30,13.96,,,0.21,,13.91,0.51
37669,ESO321-001,53,4,244,18,,,,12.66,13.31,,0.50,,
37676,UGC06957,58,4,391,18,13.79,13.10,12.71,,,0.40,,12.65,0.12
37681,ESO572-030,56,4,133,15,,,,13.78,14.38,,0.74,,
37686,NGC4012,77,3,372,5,13.91,13.27,12.92,,,0.31,,12.86,0.35
37689,UGC06955,75,3,144,8,13.41,13.05,12.82,,,1.16,,12.80,0.20
37691,NGC4013,90,2,388,16,11.87,11.01,10.51,10.02,10.54,0.92,0.74,10.48,0.84
37696,PGC037696,64,4,302,8,14.81,14.25,13.94,14.04,14.54,0.18,0.19,13.88,0.21
37697,NGC4010,87,2,242,13,12.88,12.27,11.92,11.76,12.31,0.87,0.87,11.88,0.61
37699,NGC4018,86,2,333,5,14.38,13.75,13.41,,,0.31,,13.36,0.67
37700,UGC06969,76,3,136,7,14.78,14.45,14.27,14.65,15.22,0.43,0.49,14.22,0.17
37710,UGC06970,69,3,159,8,14.36,13.92,13.51,,,0.39,,13.46,0.24
37719,IC0750,72,3,332,10,12.44,11.49,11.01,10.48,10.90,0.32,0.26,10.97,0.01
37723,NGC4020,72,3,157,5,12.91,12.47,12.22,,,0.49,,12.19,0.30
37726,UGC06974,79,3,380,8,15.65,15.00,14.62,,,0.18,,14.56,0.43
37735,UGC06983,50,4,166,12,12.79,12.43,12.23,12.92,13.52,0.96,0.83,12.19,0.08
37737,UGC06978,57,4,102,18,15.30,14.92,14.79,,,0.44,,14.74,0.08
37738,NGC4025,53,4,168,13,13.87,13.49,13.29,,,0.49,,13.27,0.12
37740,UGC06980,69,3,31,5,15.84,15.67,15.57,,,0.33,,15.55,0.11
37761,UGC06986,78,3,299,5,14.93,14.46,14.19,,,0.27,,14.14,0.40
37770,PGC37770,82,3,255,18,15.95,15.47,15.21,,,0.21,,15.18,0.46
37775,UGC06987,61,8,320,7,14.93,14.35,14.01,,,0.19,,13.96,0.18
37781,PGC037781,82,3,246,15,15.49,14.97,14.65,,,0.19,,14.59,0.48
37787,PGC037787,80,3,401,13,,,,13.36,14.03,,0.27,,
37803,PGC037803,61,5,135,5,15.53,15.17,14.95,,,0.24,,14.91,0.15
37804,PGC037804,58,4,283,16,14.58,14.07,13.79,,,0.14,,13.75,0.15
37807,PGC037807,60,4,244,20,15.44,14.96,14.65,,,0.08,,14.61,0.17
37813,UGC06989,55,4,191,5,15.24,14.95,14.71,,,0.31,,14.69,0.12
37814,PGC037814,61,6,67,19,15.46,14.93,14.67,,,0.20,,14.60,0.15
37832,UGC06992,71,4,128,16,14.34,13.75,13.43,13.84,14.41,0.34,0.34,13.39,0.26
37838,PGC037838,67,4,82,6,14.63,14.29,14.11,,,0.22,,14.08,0.21
37848,PGC037848,75,4,449,19,,,,12.72,13.17,,0.18,,
37850,PGC037850,54,4,320,16,15.29,14.65,14.22,14.31,14.86,0.12,0.16,14.16,0.13
37861,UGC06994,79,3,299,6,15.41,14.90,14.59,,,0.30,,14.55,0.40
37872,PGC037872,73,3,285,12,15.55,14.90,14.54,,,0.13,,14.48,0.32
37906,ESO505-003,90,1,196,13,,,,13.17,13.69,,0.49,,
37910,ESO572-045,88,2,101,9,,,,16.36,16.86,,0.31,,
37912,IC0755,87,2,196,5,13.83,13.52,13.38,13.85,14.34,0.34,0.40,13.33,0.47
37919,ESO572-046,49,6,181,19,,,,13.65,14.14,,0.20,,
37935,NGC4034,51,4,201,20,14.04,13.49,13.20,,,0.45,,13.16,0.12
37958,ESO217-020,81,3,324,18,,,,12.88,13.45,,0.38,,
37959,PGC037959,74,3,217,5,15.85,15.34,15.07,,,0.15,,15.02,0.32
37971,UGC07011,83,3,369,18,14.92,14.13,13.73,13.63,14.30,0.22,0.24,13.65,0.54
37976,UGC07012,53,4,196,5,13.97,13.62,13.44,,,0.30,,13.41,0.12
37998,ESO440-042,55,4,238,18,,,,14.31,14.03,,0.14,,
38008,PGC038008,88,2,307,14,,,,14.27,14.75,,0.32,,
38009,UGC07017,81,3,317,5,13.95,13.38,13.09,,,0.24,,13.05,0.47
38012,UGC07016,79,3,509,7,14.11,13.32,12.89,,,0.26,,12.80,0.19
38013,PGC038013,80,3,181,5,15.12,14.69,14.45,,,0.19,,14.41,0.41
38014,UGC07019,62,4,112,17,14.74,14.35,14.18,,,0.47,,14.15,0.14
38031,NGC4045,51,5,306,5,12.25,11.53,11.12,,,0.49,,11.08,0.08
38037,ESO440-044,69,5,89,10,,,,13.53,14.04,,0.47,,
38044,UGC07024,86,2,418,12,15.35,14.53,14.09,13.71,14.26,0.20,0.20,14.01,0.63
38049,NGC4050,53,4,340,15,,,,11.04,11.66,,0.81,,
38050,NGC4049,56,5,88,5,13.81,13.38,13.16,,,0.29,,13.12,0.15
38054,IC0756,63,4,412,5,13.95,13.32,12.95,,,0.41,,12.90,0.18
38081,UGC07031,86,2,236,5,14.66,14.23,14.00,,,0.35,,13.96,0.60
38087,ESO572-049,85,2,170,16,,,,14.43,14.92,,0.37,,
38095,PGC038095,63,4,256,12,14.66,14.11,13.81,,,0.17,,13.74,0.20
38097,PGC038097,68,4,491,7,15.11,14.44,14.05,,,0.14,,13.99,0.24
38117,UGC07035,78,3,110,6,14.17,13.74,13.53,,,0.30,,13.48,0.39
38122,UGC07037,63,4,289,5,14.55,14.03,13.71,,,0.19,,13.66,0.20
38125,UGC07041,90,1,219,5,15.30,14.79,14.57,,,0.31,,14.53,0.73
38126,ESO505-009,79,3,149,17,,,,14.39,14.56,,0.38,,
38128,UGC07039,53,4,163,5,14.87,14.53,14.29,,,0.36,,14.23,0.10
38137,PGC038137,53,4,220,13,15.36,14.92,14.67,,,0.25,,14.64,0.12
38143,UGC07046,82,3,247,17,15.59,15.12,14.87,15.09,15.77,0.24,0.26,14.83,0.38
38144,PGC038144,52,4,144,5,16.37,16.00,15.83,16.35,16.90,0.12,0.17,15.80,0.07
38148,NGC4068,53,3,61,8,12.92,12.63,12.46,13.12,13.57,0.82,0.81,12.42,0.05
38150,NGC4062,72,3,292,5,11.45,10.82,10.46,,,0.94,,10.41,0.23
38163,UGC07049,90,1,433,15,15.55,14.85,14.46,,,0.27,,14.38,0.84
38167,NGC4064,71,3,133,5,11.85,11.16,10.78,,,0.80,,10.74,0.10
38183,PGC038183,80,3,278,5,15.56,14.93,14.61,,,0.17,,14.56,0.45
38192,PGC038192,70,3,265,5,15.24,14.71,14.35,,,0.23,,14.30,0.27
38212,NGC4081,85,4,188,11,13.46,12.80,12.39,,,0.30,,12.35,0.52
38219,IC2990,72,3,323,10,15.22,14.64,14.33,,,0.15,,14.28,0.30
38239,ESO217-022,75,3,328,15,,,,12.99,13.53,,0.40,,
38244,NGC4080,67,4,142,5,13.61,13.12,12.83,13.29,13.89,0.35,0.29,12.79,0.24
38249,PGC038249,67,4,353,18,15.00,14.29,13.88,,,0.15,,13.81,0.19
38273,IC2991,74,3,274,17,16.02,15.58,15.32,,,0.18,,15.29,0.31
38283,NGC4085,77,3,268,8,12.72,12.10,11.77,11.49,11.93,0.55,0.44,11.74,0.39
38287,UGC07074,76,3,422,5,14.19,13.51,13.12,,,0.20,,13.05,0.26
38288,NGC4090,68,4,434,5,14.28,13.59,13.21,13.12,13.73,0.18,0.20,13.13,0.19
38295,UGC07082,70,3,432,17,14.41,13.81,13.46,,,0.29,,13.41,0.25
38297,UGC07080,82,3,442,5,14.62,13.84,13.42,,,0.20,,13.36,0.44
38302,NGC4088,71,3,328,7,10.83,10.25,9.91,9.81,10.24,1.13,1.01,9.87,0.27
38330,IC2995,78,3,233,7,,,,12.17,12.77,,0.63,,
38333,PGC038333,67,4,212,5,16.02,15.60,15.37,,,0.22,,15.32,0.19
38346,NGC4094,72,3,247,11,,,,11.50,12.09,,0.82,,
38347,UGC07086,90,1,271,11,,,,12.59,13.12,,0.39,,
38356,UGC07089,86,2,137,8,13.39,12.96,12.69,13.25,13.72,0.89,0.91,12.66,0.31
38361,NGC4096,80,3,301,15,11.08,10.52,10.19,,,1.47,,10.16,0.44
38370,NGC4100,76,3,374,8,11.48,10.82,10.46,10.37,10.93,0.98,0.89,10.42,0.35
38374,PGC038374,59,4,194,5,16.23,15.75,15.51,15.74,16.31,0.17,0.21,15.46,0.12
38375,UGC07094,76,3,80,12,14.43,13.86,13.58,14.08,14.75,0.50,0.51,13.56,0.18
38392,NGC4102,59,4,298,17,11.54,10.78,10.37,10.09,10.52,0.42,0.27,10.33,0.00
38405,PGC038405,61,4,127,12,15.85,15.65,15.58,,,0.08,,15.56,0.13
38408,ESO572-054,47,6,239,19,,,,14.27,14.96,,0.26,,
38410,UGC07100,78,3,333,5,14.16,13.52,13.16,,,0.35,,13.08,0.40
38426,PGC038426,89,1,395,15,,,,12.46,12.92,,0.42,,
38431,ESO379-027,67,6,184,11,,,,14.83,15.18,,0.29,,
38441,NGC4110,59,4,436,5,14.03,13.36,12.99,13.07,13.67,0.24,0.25,12.93,0.14
38457,IC3004,52,4,170,5,15.62,15.24,15.01,,,0.26,,14.97,0.10
38464,IC3005,85,2,262,8,,,,12.21,12.66,,0.39,,
38476,UGC07107,88,2,471,9,14.75,13.92,13.44,,,0.23,,13.33,0.53
38485,UGC07109,87,2,358,5,15.18,14.48,14.03,,,0.22,,13.93,0.72
38487,ESO505-016,76,3,126,20,,,,15.14,15.73,,0.19,,
38492,NGC4116,63,4,200,5,12.13,11.82,11.56,,,0.94,,11.52,0.19
38496,PGC038496,54,4,345,19,,,,12.28,12.71,,0.20,,
38506,UGC07113,73,4,231,7,16.23,15.79,15.52,,,0.20,,15.47,0.22
38512,IC3008,59,4,322,5,14.75,14.22,13.92,,,0.17,,13.86,0.17
38536,ESO441-007,89,1,157,11,,,,14.15,14.71,,0.58,,
38550,NGC4127,58,4,248,15,,,,12.30,12.93,,0.36,,
38553,NGC4120,78,3,208,16,13.95,13.51,13.30,,,0.42,,13.27,0.37
38567,UGC07125,85,2,136,7,13.62,13.33,13.15,,,1.08,,13.11,0.28
38578,NGC4133,51,4,272,15,,,,11.73,12.30,,0.29,,
38580,NGC4129,83,3,247,7,,,,11.93,12.38,,0.38,,
38593,NGC4132,75,3,249,106,14.31,13.65,13.29,,,0.19,,13.24,0.35
38598,UGC07131,80,3,111,5,15.21,14.87,14.67,,,0.41,,14.63,0.22
38605,NGC4134,68,4,330,5,13.29,12.76,12.44,,,0.33,,12.40,0.24
38622,UGC07133,55,4,178,5,14.53,14.09,13.84,,,0.47,,13.79,0.12
38627,IC3017,85,2,180,5,15.59,15.05,14.79,14.94,15.48,0.14,0.18,14.73,0.51
38628,ESO441-011,87,2,140,13,,,,15.16,15.96,,0.32,,
38635,ESO441-012,86,2,275,9,,,,12.66,13.27,,0.29,,
38637,UGC07138,51,4,139,5,14.54,14.13,13.92,14.55,15.24,0.41,0.48,13.88,0.08
38643,NGC4138,59,4,291,7,11.67,10.95,10.55,10.68,11.32,0.43,0.41,10.52,0.10
38645,NGC4142,61,4,168,8,13.74,13.36,13.05,13.68,14.12,0.47,0.46,13.01,0.14
38652,ESO505-023,78,3,128,17,,,,15.03,16.13,,0.50,,
38657,UGC07141,82,3,384,7,14.81,14.19,13.82,,,0.26,,13.75,0.50
38658,PGC038658,81,3,215,13,16.17,15.72,15.43,15.79,16.39,0.18,0.19,15.37,0.31
38667,UGC07143,68,4,207,5,14.30,13.94,13.78,14.11,14.60,0.20,0.21,13.73,0.22
38669,NGC4141,46,6,155,16,14.19,13.92,13.80,,,0.25,,13.77,0.08
38680,UGC07153,88,2,229,11,14.66,14.23,13.98,,,0.45,,13.95,0.61
38682,UGC07148,77,3,323,5,15.22,14.54,14.16,,,0.15,,14.09,0.38
38684,IC3021,52,4,131,18,15.27,14.79,14.52,14.93,15.71,0.31,0.38,14.45,0.09
38688,NGC4144,86,2,150,11,11.74,11.34,11.15,11.74,12.34,1.31,1.07,11.12,0.44
38693,NGC4145,53,4,223,7,11.34,10.84,10.57,,,1.43,,10.52,0.13
38709,IC3024,75,3,386,5,14.91,14.34,14.00,,,0.18,,13.94,0.33
38711,IC0764,77,3,274,10,,,,11.93,12.51,,0.78,,
38712,ESO441-014,81,3,225,16,,,,14.17,14.97,,0.37,,
38713,UGC07162,85,2,401,8,15.12,14.27,13.79,,,0.25,,13.71,0.55
38741,NGC4149,90,1,444,20,13.64,12.94,12.54,,,0.29,,12.50,0.00
38747,PGC038747,61,6,191,5,15.39,14.92,14.63,15.25,15.86,0.11,0.16,14.58,0.16
38748,UGC07170,89,1,207,5,14.43,14.04,13.82,,,0.57,,13.77,0.53
38755,IC3029,74,3,323,16,14.58,14.06,13.77,,,0.30,,13.70,0.33
38765,PGC038765,51,4,187,19,15.72,15.32,15.08,,,0.20,,15.03,0.11
38777,NGC4159,79,4,164,12,,,,13.31,13.89,,0.31,,
38784,PGC038784,63,4,143,5,15.64,15.24,15.04,15.64,16.25,0.12,0.17,15.01,0.14
38785,UGC07180,79,3,429,16,14.45,13.77,13.39,,,0.25,,13.34,0.37
38795,NGC4157,84,3,387,14,11.57,10.83,10.35,9.77,10.24,1.20,1.00,10.31,0.57
38803,IC3033,59,5,111,5,14.93,14.55,14.34,14.91,15.21,0.33,0.38,14.29,0.09
38805,UGC07189,58,5,156,15,,,,13.43,14.12,,0.47,,
38815,UGC07184,70,3,173,5,14.47,14.06,13.86,,,0.35,,13.82,0.24
38823,UGC07186,86,2,153,5,15.34,14.95,14.75,,,0.56,,14.69,0.32
38834,NGC4161,52,4,357,14,13.50,12.90,12.56,,,0.23,,12.53,0.03
38841,ESO321-010,86,2,315,18,,,,12.50,13.08,,0.40,,
38848,IC0768,63,4,254,5,14.28,13.74,13.47,,,0.35,,13.42,0.20
38851,NGC4162,53,4,310,5,12.54,11.98,11.68,11.75,12.30,0.38,0.36,11.61,0.11
38864,PGC038864,63,4,227,9,15.52,15.15,14.96,,,0.18,,14.92,0.18
38868,PGC038868,52,4,219,19,15.71,15.18,14.90,,,0.19,,14.84,0.13
38874,PGC038874,70,3,316,5,14.99,14.41,14.07,,,0.19,,14.03,0.27
38878,PGC038878,75,3,109,5,16.52,16.26,16.13,,,0.16,,16.10,0.18
38885,NGC4165,55,4,251,15,14.00,13.33,12.95,13.37,14.04,0.36,0.36,12.88,0.14
38897,NGC4173,86,2,152,5,13.32,13.01,12.78,,,0.95,,12.75,0.37
38898,PGC038898,52,4,272,19,15.90,15.35,15.03,,,0.11,,14.99,0.12
38903,PGC038903,69,3,194,8,14.50,13.90,13.58,,,0.17,,13.54,0.23
38916,IC0769,57,4,238,5,13.07,12.57,12.29,12.71,13.33,0.61,0.49,12.23,0.15
38919,IC3039,67,4,337,5,15.13,14.62,14.34,,,0.22,,14.29,0.25
38933,UGC07212,88,2,222,8,15.69,15.27,15.05,,,0.30,,15.03,0.53
38943,NGC4178,75,3,249,5,11.68,11.21,10.92,11.31,11.88,1.34,1.21,10.87,0.29
38945,IC3044,73,3,125,5,14.02,13.62,13.41,14.04,14.77,0.57,0.61,13.35,0.16
38958,PGC038958,79,3,116,19,17.55,17.48,17.49,,,0.13,,17.47,0.18
38961,UGC07217,84,3,334,5,15.24,14.69,14.37,,,0.26,,14.32,0.55
38964,NGC4180,73,3,400,15,12.90,12.18,11.77,11.57,12.06,0.26,0.24,11.73,0.00
38977,IC3046,81,3,435,5,14.72,14.13,13.79,,,0.24,,13.72,0.48
38984,UGC07221,73,3,236,5,14.65,14.21,13.98,,,0.22,,13.94,0.30
38988,NGC4183,87,2,227,12,12.60,12.15,11.90,12.16,12.74,1.12,0.98,11.87,0.47
38989,PGC038989,62,4,150,18,17.13,16.78,16.54,,,0.17,,16.49,0.10
38998,PGC038998,82,3,84,5,15.07,14.70,14.50,,,0.26,,14.47,0.35
39009,IC3049,55,7,97,13,15.88,15.36,15.11,15.55,16.38,0.22,0.25,15.05,0.08
39028,NGC4192,78,3,458,5,10.49,9.77,9.36,9.38,9.98,1.77,1.39,9.30,0.34
39036,UGC07238,88,2,137,13,,,,15.39,15.79,,0.35,,
39038,IC3053,64,4,387,15,15.58,15.01,14.62,,,0.20,,14.55,0.21
39040,NGC4193,65,4,336,5,12.79,12.12,11.74,11.82,12.43,0.50,0.41,11.68,0.18
39046,PGC039046,81,3,224,5,15.87,15.42,15.18,,,0.21,,15.16,0.37
39050,UGC07237,53,4,119,5,15.70,15.25,15.10,,,0.33,,15.05,0.08
39051,PGC039051,81,3,383,8,15.41,14.58,14.14,,,0.16,,14.06,0.46
39052,PGC039052,82,3,151,20,15.01,14.36,13.99,14.40,15.09,0.24,0.26,13.95,0.44
39099,PGC039099,74,3,362,5,14.77,14.10,13.72,,,0.14,,13.65,0.30
39101,UGC07248,78,6,334,6,14.97,14.52,14.23,,,0.18,,14.18,0.41
39109,PGC039109,62,4,117,5,16.27,16.03,15.94,16.69,17.18,0.16,0.18,15.92,0.08
39113,UGC07249,75,3,120,5,15.32,14.95,14.83,15.54,16.23,0.44,0.42,14.78,0.15
39114,NGC4197,86,3,258,5,13.03,12.59,12.35,12.50,13.06,0.57,0.46,12.32,0.62
39143,NGC4205,87,2,176,7,13.36,12.84,12.54,,,0.38,,12.50,0.70
39152,IC3061,85,2,293,5,14.09,13.45,13.11,13.09,13.60,0.46,0.36,13.04,0.59
39155,PGC039155,65,4,254,19,,,,14.19,14.65,,0.32,,
39163,ESO441-022,79,3,560,13,,,,12.21,12.78,,0.42,,
39177,PGC039177,74,3,427,10,15.18,14.60,14.23,,,0.16,,14.18,0.31
39181,IC3066,83,3,132,8,15.38,14.84,14.57,15.14,15.79,0.26,0.29,14.52,0.32
39183,NGC4206,86,3,269,5,12.60,12.03,11.70,11.90,12.52,1.04,0.72,11.65,0.60
39191,UGC07267,76,3,115,11,14.25,13.83,13.62,,,0.46,,13.58,0.24
39201,ESO321-016,72,6,229,8,,,,12.71,13.31,,0.69,,
39203,UGC07272,89,1,208,16,16.22,15.70,15.45,,,0.26,,15.41,0.67
39206,NGC4207,88,3,192,5,13.09,12.35,11.98,11.81,12.32,0.33,0.25,11.95,0.69
39212,ESO380-006,68,4,435,14,,,,10.70,11.36,,0.68,,
39224,NGC4212,53,4,252,5,11.51,10.90,10.57,10.67,11.20,0.58,0.56,10.51,0.07
39230,PGC039230,80,6,52,5,15.65,15.44,15.30,16.01,16.64,0.25,0.18,15.28,0.21
39232,UGC07273,80,3,476,14,15.12,14.46,14.06,,,0.19,,14.00,0.45
39233,IC3074,88,2,202,5,14.56,14.20,14.01,14.62,15.23,0.61,0.51,13.96,0.35
39237,NGC4218,54,7,116,7,13.37,13.00,12.80,13.35,13.91,0.23,0.25,12.77,0.12
39241,NGC4217,88,4,379,13,11.48,10.75,10.28,9.87,10.36,1.36,0.88,10.25,0.58
39243,PGC039243,89,1,146,16,16.50,16.09,15.91,,,0.30,,15.88,0.47
39245,UGC07280,58,4,338,5,14.37,13.73,13.39,,,0.22,,13.33,0.15
39246,NGC4216,84,3,511,5,10.48,9.64,9.15,9.04,9.69,1.23,1.00,9.10,0.13
39253,ESO441-024,83,3,207,15,,,,14.48,15.10,,0.27,,
39855,PGC039855,89,1,374,12,,,,13.44,14.02,,0.31,,
39256,IC3077,58,4,58,13,14.16,13.54,13.16,13.72,14.71,0.58,0.54,13.10,0.13
39265,PGC039265,69,3,123,7,14.67,14.35,14.16,14.95,15.48,0.26,0.25,14.13,0.16
39285,NGC4220,80,3,349,11,11.86,11.08,10.64,10.68,11.31,0.57,0.54,10.61,0.12
39289,UGC07289,81,3,411,6,15.02,14.36,14.00,,,0.23,,13.94,0.47
39306,PGC039306,50,4,354,5,14.83,14.31,14.00,,,0.19,,13.94,0.10
39308,NGC4222,90,1,220,5,13.54,12.90,12.53,12.43,12.94,0.83,0.52,12.48,0.88
39315,NGC4219,77,3,358,13,,,,10.46,10.96,,0.68,,
39316,UGC07298,57,4,33,6,15.61,15.48,15.37,,,0.34,,15.33,0.06
39321,UGC07295,76,3,218,5,15.89,15.34,15.04,,,0.23,,15.01,0.31
39322,UGC07294,89,1,207,8,15.98,15.45,15.17,,,0.25,,15.13,0.73
39323,UGC07293,74,3,401,5,15.20,14.65,14.31,,,0.17,,14.24,0.32
39328,NGC4224,80,4,508,16,12.28,11.45,11.01,11.11,11.77,0.56,0.52,10.96,0.05
39342,IC3093,55,4,194,11,15.20,14.90,14.71,,,0.11,,14.67,0.14
39344,UGC07301,90,2,139,14,15.03,14.62,14.39,15.10,15.50,0.66,0.53,14.37,0.41
39346,NGC4236,76,3,182,10,,,,10.55,11.11,,3.26,,
39366,NGC4238,76,3,230,19,13.85,13.47,13.25,,,0.40,,13.21,0.35
39372,ESO380-008,80,3,113,13,,,,14.32,14.90,,0.69,,
39390,IC3099,88,2,205,5,14.66,14.12,13.82,14.14,14.81,0.45,0.36,13.76,0.59
39393,NGC4237,52,4,231,6,12.10,11.42,11.04,11.08,11.68,0.45,0.43,10.99,0.05
39400,PGC039400,52,4,219,5,15.38,14.94,14.73,,,0.11,,14.67,0.12
39407,PGC039407,83,3,205,5,15.91,15.55,15.35,,,0.18,,15.33,0.42
39422,NGC4244,88,2,192,7,10.33,9.93,9.68,10.16,10.77,2.89,2.30,9.64,0.48
39423,NGC4242,50,4,116,8,11.35,10.90,10.61,11.16,11.77,1.45,1.46,10.59,0.09
39431,IC3105,84,3,83,5,14.57,14.35,14.28,15.12,16.00,0.52,0.44,14.22,0.26
39432,UGC07321,90,1,211,5,13.50,13.04,12.78,,,1.39,,12.73,0.50
39440,UGC07327,88,2,356,5,15.43,14.84,14.50,,,0.29,,14.44,0.75
39449,PGC039449,76,3,280,6,15.78,15.16,14.80,,,0.12,,14.73,0.36
39452,ESO573-006,67,4,219,17,,,,15.56,15.96,,0.20,,
39458,IC3107,64,4,398,7,14.06,13.48,13.15,,,0.21,,13.07,0.18
39461,NGC4248,73,3,96,15,12.80,12.20,11.89,12.44,12.85,0.71,0.69,11.86,0.27
39473,PGC039473,57,4,229,16,15.44,15.01,14.77,,,0.20,,14.74,0.15
39479,NGC4246,61,4,333,5,13.05,12.51,12.23,,,0.55,,12.18,0.18
39482,ESO380-011,87,2,265,17,,,,14.55,15.07,,0.21,,
39487,UGC07336,81,3,281,16,15.21,14.65,14.32,,,0.20,,14.26,0.47
39504,PGC039504,69,6,129,5,15.55,15.27,15.10,,,0.27,,15.08,0.14
39519,IC3122,60,4,297,5,14.19,13.61,13.30,,,0.26,,13.24,0.17
39537,NGC4252,81,3,151,5,14.36,13.95,13.72,14.30,14.77,0.33,0.28,13.69,0.34
39556,PGC039556,89,1,130,7,15.47,15.02,14.78,15.36,15.84,0.27,0.29,14.74,0.50
39573,IC3104,64,4,26,20,,,,11.53,12.25,,1.45,,
39580,UGC07347,90,1,292,5,16.51,15.98,15.61,,,0.25,,15.54,0.68
39591,PGC039591,82,3,278,5,15.82,15.36,15.09,,,0.22,,15.05,0.46
39600,NGC4258,73,5,429,5,8.70,8.05,7.71,7.88,8.48,2.75,2.45,7.68,0.21
39601,IC3136,78,3,292,12,14.30,13.77,13.44,,,0.27,,13.39,0.40
39613,IC0776,56,4,157,5,14.11,13.79,13.60,14.21,14.77,0.47,0.48,13.57,0.10
39617,IC3143,46,6,137,5,15.39,15.04,14.83,,,0.17,,14.81,0.09
39619,PGC039619,69,3,52,5,15.09,14.70,14.44,15.21,15.89,0.33,0.39,14.37,0.11
39632,PGC039632,72,8,66,5,16.34,15.88,15.70,16.79,17.27,0.28,0.27,15.63,0.14
39635,UGC07358,75,3,287,13,13.82,13.33,13.05,,,0.40,,13.01,0.35
39655,PGC039655,72,3,57,8,14.65,14.22,14.00,14.56,15.15,0.15,0.18,13.97,0.18
39656,NGC4260,68,5,564,18,12.17,11.38,10.96,11.06,11.75,0.54,0.53,10.91,0.02
39663,IC0777,70,6,222,5,14.21,13.68,13.39,,,0.16,,13.35,0.28
39697,UGC07370,78,3,166,7,14.47,13.97,13.68,,,0.33,,13.64,0.40
39698,NGC4263,60,4,268,17,,,,12.46,12.93,,0.27,,
39703,IC3156,48,6,201,11,14.74,14.35,14.14,,,0.21,,14.11,0.10
39704,UGC07379,53,4,173,17,15.12,14.66,14.39,,,0.23,,14.35,0.13
39724,NGC4274,73,3,453,5,10.90,10.07,9.62,,,1.21,,9.58,0.00
39726,PGC039726,77,3,481,18,,,,13.15,13.73,,0.24,,
39731,PGC039731,77,3,125,21,16.31,16.15,16.05,,,0.19,,16.03,0.19
39738,NGC4273,53,4,267,5,12.04,11.57,11.33,11.33,11.76,0.41,0.36,11.30,0.10
39749,IC3165,56,4,397,5,14.09,13.51,13.19,,,0.30,,13.14,0.14
39768,ESO506-002,88,2,443,19,,,,12.80,13.45,,0.45,,
39775,NGC4284,65,4,350,12,13.62,13.05,12.71,,,0.38,,12.67,0.22
39785,UGC07392,87,2,115,20,15.89,15.59,15.41,,,0.29,,15.39,0.34
39794,UGC07387,89,1,249,5,14.59,13.91,13.51,13.42,14.14,0.49,0.33,13.47,0.88
39813,PGC039813,57,4,104,6,15.03,14.55,14.26,14.89,15.53,0.30,0.29,14.22,0.10
39819,UGC07394,90,1,180,5,14.78,14.32,14.13,,,0.53,,14.09,0.66
39822,IC3174,57,4,336,5,15.46,14.81,14.47,14.39,14.98,0.13,0.16,14.41,0.15
39831,IC3175,75,3,336,5,15.10,14.31,13.92,,,0.13,,13.86,0.32
39845,PGC039845,80,3,49,5,16.94,16.80,16.90,17.94,18.48,0.14,0.16,16.83,0.29
39846,NGC4286,54,4,99,5,13.73,13.10,12.75,,,0.48,,12.71,0.13
39847,PGC039847,62,4,203,5,15.23,14.71,14.46,,,0.22,,14.42,0.19
39851,PGC039851,59,4,183,16,,,,14.16,14.65,,0.31,,
39860,NGC4287,86,3,193,17,14.68,14.03,13.65,13.76,14.27,0.31,0.27,13.61,0.67
39886,NGC4289,90,1,353,5,13.58,13.00,12.57,12.29,12.86,0.84,0.38,12.53,0.97
39894,PGC039894,80,4,93,12,16.30,15.80,15.55,16.29,16.98,0.16,0.20,15.49,0.20
39902,PGC039902,85,4,92,6,15.71,15.37,15.24,,,0.24,,15.21,0.35
39909,ESO573-013,77,3,445,19,,,,13.46,14.05,,0.21,,
39920,ESO573-014,53,4,214,14,,,,14.58,14.92,,0.20,,
39925,NGC4294,73,3,192,5,12.30,11.91,11.70,12.09,12.70,0.73,0.59,11.64,0.27
39950,NGC4298,56,4,224,9,11.64,10.98,10.62,10.72,11.33,0.79,0.75,10.56,0.14
39956,PGC039956,61,4,260,7,15.65,15.09,14.73,,,0.13,,14.67,0.18
39974,NGC4302,90,2,358,5,11.97,11.13,10.64,10.14,10.70,1.51,0.95,10.58,0.91
39979,ESO321-025,68,4,305,9,,,,12.04,12.59,,0.58,,
39982,PGC039982,82,3,312,13,,,,13.04,13.54,,0.22,,
39984,IC3203,88,2,542,33,14.89,13.98,13.49,,,0.23,,13.42,0.71
39992,ESO506-003,88,2,310,18,,,,13.54,14.06,,0.32,,
39999,UGC07427,60,4,33,5,15.29,14.85,14.68,,,0.32,,14.65,0.08
40004,UGC07423,69,4,128,5,15.25,14.86,14.68,,,0.38,,14.65,0.17
40005,UGC07421,80,6,100,9,15.62,15.32,14.98,15.93,16.43,0.58,0.45,14.92,0.20
40023,ESO380-019,85,2,455,10,,,,11.19,11.79,,0.59,,
40033,NGC4307,86,2,311,13,12.39,11.60,11.16,11.13,11.68,0.63,0.55,11.12,0.25
40038,IC3209,79,3,371,7,15.09,14.42,14.05,,,0.20,,13.98,0.38
40040,IC3215,82,3,106,5,14.84,14.37,14.09,14.55,15.24,0.54,0.64,14.04,0.22
40062,UGC07438,82,6,82,20,15.20,14.53,14.19,,,0.38,,14.15,0.48
40072,PGC040072,75,3,306,14,15.24,14.69,14.39,,,0.18,,14.36,0.35
40080,ESO573-016,82,3,380,17,,,,13.62,14.24,,0.24,,
40085,NGC4331,84,3,158,14,,,,13.94,14.66,,0.54,,
40092,IC0784,74,3,383,12,,,,12.68,13.25,,0.40,,
40095,NGC4312,80,3,212,8,12.14,11.48,11.10,11.24,11.89,0.77,0.67,11.05,0.39
40105,NGC4313,84,3,257,9,12.11,11.37,10.94,10.95,11.56,0.75,0.63,10.87,0.32
40107,PGC040107,66,4,82,5,16.28,16.06,16.02,16.93,17.58,0.17,0.21,15.98,0.11
40111,IC3225,71,3,197,5,14.06,13.54,13.27,13.74,14.46,0.50,0.45,13.22,0.22
40114,PGC040114,78,4,138,15,15.39,14.88,14.65,,,0.24,,14.61,0.38
40119,NGC4316,87,2,309,5,13.22,12.45,11.98,11.72,12.26,0.54,0.45,11.94,0.73
40121,PGC040121,78,3,187,5,15.97,15.76,15.64,,,0.23,,15.63,0.24
40147,IC3229,79,3,123,8,14.95,14.47,14.21,14.86,15.38,0.29,0.27,14.16,0.27
40148,ESO380-021,88,2,135,14,,,,15.43,15.78,,0.64,,
40187,IC3239,77,4,85,12,15.88,15.47,15.33,15.90,16.78,0.21,0.25,15.27,0.17
40201,NGC4330,79,3,237,5,12.80,12.18,11.86,11.90,12.45,1.04,0.82,11.81,0.41
40205,IC3247,88,2,154,5,14.79,14.20,13.89,,,0.58,,13.85,0.68
40218,NGC4334,65,8,264,11,12.95,12.24,11.86,,,0.42,,11.81,0.12
40251,NGC4343,83,3,322,5,12.72,11.95,11.48,11.43,12.01,0.21,0.29,11.44,0.28
40256,PGC040256,75,3,344,5,15.73,15.19,14.87,,,0.14,,14.82,0.33
40260,UGC07464,82,3,474,5,14.47,13.83,13.45,,,0.24,,13.40,0.47
40265,IC3253,71,3,333,10,,,,11.38,11.90,,0.57,,
40273,IC3259,59,5,153,10,13.84,13.23,12.91,13.31,13.93,0.50,0.40,12.87,0.17
40284,NGC4348,85,2,380,13,12.81,12.07,11.65,,,0.55,,11.58,0.50
40303,NGC4353,54,4,141,17,13.82,13.22,12.90,13.34,13.98,0.28,0.28,12.85,0.13
40306,NGC4351,52,4,94,5,12.75,12.30,12.05,12.55,13.18,0.54,0.52,12.00,0.12
40307,PGC040307,83,3,248,7,15.83,15.37,15.08,,,0.14,,15.04,0.51
40330,NGC4359,89,1,192,5,13.08,12.58,12.33,,,0.77,,12.29,0.88
40342,NGC4356,89,1,218,20,13.09,12.35,11.93,12.07,12.76,0.72,0.62,11.88,0.85
40367,UGC07490,47,6,63,7,,,,12.80,13.49,,0.85,,
40392,PGC040392,54,4,151,6,15.74,15.37,15.16,,,0.13,,15.13,0.11
40394,ESO380-025,83,4,159,18,,,,13.93,14.44,,0.47,,
40406,PGC040406,88,2,409,12,15.39,14.61,14.14,,,0.24,,14.07,0.80
40408,PGC040408,84,3,150,5,14.88,14.46,14.25,14.93,15.34,0.28,0.28,14.22,0.33
40409,PGC040409,64,4,92,5,15.89,15.52,15.29,16.25,16.60,0.25,0.25,15.25,0.10
40414,PGC040414,78,3,120,5,16.10,15.79,15.62,,,0.12,,15.60,0.29
40458,IC3298,81,3,161,5,14.97,14.51,14.29,14.59,15.15,0.26,0.29,14.25,0.37
40459,IC3300,78,3,366,9,14.70,14.07,13.72,,,0.27,,13.66,0.39
40467,PGC040467,88,2,382,6,15.61,14.97,14.54,,,0.22,,14.49,0.82
40494,NGC4376,59,4,140,5,13.52,13.10,12.89,13.45,13.95,0.40,0.38,12.85,0.15
40495,IC3308,87,2,121,5,14.99,14.77,14.66,,,0.30,,14.62,0.36
40507,NGC4380,60,4,262,5,11.98,11.25,10.86,11.00,11.65,0.89,0.90,10.82,0.13
40530,IC3311,86,2,146,8,14.40,13.80,13.52,13.96,14.58,0.48,0.49,13.47,0.44
40537,NGC4389,57,9,154,8,12.18,11.60,11.29,11.49,12.10,0.57,0.54,11.26,0.15
40558,PGC040558,59,4,242,13,16.02,15.65,15.45,,,0.14,,15.43,0.16
40563,UGC07512,64,4,51,5,15.15,14.80,14.57,,,0.54,,14.54,0.09
40566,IC3322A,89,2,276,5,13.25,12.64,12.30,12.04,12.53,0.83,0.53,12.25,0.86
40579,UGC07516,65,4,222,5,14.56,14.14,13.90,,,0.28,,13.87,0.21
40581,NGC4388,85,2,361,10,11.36,10.75,10.38,10.28,10.56,1.04,0.71,10.32,0.06
40588,PGC040588,67,7,53,17,15.29,14.72,14.46,14.98,15.50,0.30,0.29,14.41,0.14
40601,PGC040601,69,3,259,19,15.48,15.05,14.80,,,0.16,,14.77,0.27
40604,PGC040604,79,3,143,5,14.81,14.45,14.30,,,0.35,,14.26,0.29
40607,IC3322,86,2,177,5,13.77,13.15,12.81,12.93,13.52,0.60,0.47,12.76,0.63
40612,IC3330,71,3,359,5,14.42,13.86,13.54,,,0.23,,13.50,0.29
40621,UGC07522,90,1,306,5,13.96,13.20,12.73,12.34,12.87,0.73,0.54,12.68,0.97
40622,NGC4396,80,3,187,5,12.77,12.28,12.03,12.37,12.92,0.93,0.79,11.99,0.37
40628,PGC040628,51,4,276,17,15.24,14.75,14.36,,,0.17,,14.32,0.12
40644,NGC4402,83,3,251,5,12.16,11.42,10.99,10.74,11.25,0.90,0.68,10.94,0.47
40692,NGC4414,59,4,378,5,10.52,9.82,9.46,9.27,9.80,0.57,0.54,9.42,0.00
40700,PGC040700,73,8,107,5,16.42,16.25,16.17,,,0.10,,16.18,0.17
40705,NGC4413,57,4,156,12,12.49,11.88,11.56,11.88,12.47,0.59,0.55,11.51,0.16
40716,UGC07543,62,4,255,16,15.03,14.55,14.27,14.57,15.16,0.20,0.20,14.23,0.19
40738,ESO573-022,76,3,112,16,,,,16.51,16.74,,0.29,,
40741,PGC040741,88,2,189,5,16.45,16.04,15.89,,,0.15,,15.87,0.58
40757,IC3357,68,4,379,18,15.93,15.34,14.98,,,0.11,,14.93,0.25
40772,NGC4419,77,3,242,13,11.68,10.89,10.44,10.31,10.88,0.44,0.37,10.39,0.00
40775,NGC4409,70,3,185,5,12.48,12.04,11.81,,,0.38,,11.78,0.26
40800,IC0792,73,3,357,6,14.47,13.94,13.62,,,0.27,,13.57,0.32
40801,NGC4423,86,3,163,5,13.63,13.23,13.00,13.47,13.88,0.56,0.46,12.96,0.41
40809,NGC4424,65,5,55,5,11.87,11.30,10.96,11.34,11.87,0.77,0.66,10.92,0.21
40811,IC3365,69,3,121,5,14.05,13.77,13.57,14.37,15.07,0.54,0.55,13.52,0.13
40820,PGC040820,58,4,244,17,15.04,14.51,14.25,14.60,15.32,0.22,0.22,14.19,0.15
40839,IC3371,90,1,150,5,15.00,14.66,14.49,14.85,15.22,0.45,0.36,14.44,0.46
40857,UGC07564,74,3,483,28,15.23,14.65,14.28,,,0.19,,14.23,0.32
40860,NGC4428,65,4,332,10,,,,11.91,12.39,,0.30,,
40861,UGC07567,64,4,126,5,14.91,14.38,14.12,14.93,15.65,0.38,0.31,14.08,0.13
40894,NGC4433,73,3,361,8,,,,11.59,11.93,,0.29,,
40904,UGC07577,65,4,34,8,12.58,12.16,11.98,,,1.26,,11.95,0.12
40920,IC3376,53,4,413,5,13.81,13.04,12.62,,,0.22,,12.55,0.07
40933,UGC07579,87,2,191,9,14.60,14.05,13.77,13.98,14.56,0.29,0.24,13.73,0.72
40944,ESO380-034,89,1,145,12,,,,15.56,16.04,,0.68,,
40951,PGC040951,64,11,83,5,15.75,15.48,15.40,,,0.26,,15.37,0.10
40954,UGC07588,88,2,286,11,15.98,15.27,14.89,,,0.24,,14.82,0.80
40955,IC3378,67,4,374,5,15.63,15.12,14.79,,,0.14,,14.75,0.25
40987,NGC4445,85,2,234,18,13.24,12.51,12.10,12.22,12.89,0.57,0.49,12.06,0.57
40988,NGC4448,77,3,367,5,11.51,10.72,10.29,,,0.63,,10.25,0.00
40993,UGC07590,74,3,171,5,14.02,13.73,13.54,14.07,14.44,0.25,0.25,13.51,0.25
41010,ESO322-017,71,5,147,13,,,,15.15,15.62,,0.35,,
41014,UGC07597,75,5,197,5,15.82,15.48,15.23,,,0.27,,15.19,0.21
41020,UGC7599,65,4,69,6,14.76,14.52,14.35,15.44,16.27,0.47,0.38,14.32,0.11
41024,NGC4450,55,4,300,6,10.49,9.73,9.30,9.51,10.11,1.05,0.94,9.24,0.00
41050,NGC4451,68,4,203,9,12.94,12.36,12.01,12.33,12.95,0.29,0.27,11.98,0.23
41051,UGC07604,89,1,271,6,15.87,15.40,15.11,,,0.27,,15.08,0.77
41061,IC3392,69,3,172,11,12.64,11.96,11.57,11.69,12.28,0.53,0.47,11.50,0.21
41066,NGC4455,78,3,116,5,12.82,12.51,12.34,13.08,13.62,0.68,0.61,12.31,0.21
41088,UGC07607,90,1,292,5,15.27,14.64,14.26,,,0.45,,14.21,0.74
41093,KK149,52,4,78,15,15.19,14.85,14.65,,,0.25,,14.61,0.09
41100,IC3402,89,1,468,5,15.34,14.80,14.50,,,0.29,,14.44,0.91
41109,UGC07612,62,4,156,5,14.30,14.00,13.82,,,0.61,,13.79,0.11
41110,UGC07618,88,2,229,16,15.35,14.90,14.64,,,0.30,,14.62,0.72
41112,IC3407,67,5,283,5,14.28,13.68,13.35,,,0.26,,13.30,0.21
41119,UGC07617,88,2,419,18,14.66,14.01,13.62,,,0.40,,13.57,0.82
41150,NGC4462,72,3,378,17,,,,11.01,11.65,,0.55,,
41152,IC3412,72,5,53,19,15.27,14.82,14.60,15.41,16.37,0.35,0.32,14.56,0.15
41166,IC3414,53,4,90,6,13.69,13.27,13.04,13.62,14.24,0.40,0.44,13.01,0.10
41170,NGC4466,78,3,167,5,14.04,13.53,13.25,13.67,14.26,0.35,0.33,13.21,0.37
41177,UGC07625,88,2,125,5,16.46,16.18,16.04,,,0.28,,16.01,0.35
41184,PGC041184,65,4,303,19,,,,13.40,13.88,,0.27,,
41196,PGC041196,49,6,75,5,15.61,15.21,15.02,,,0.15,,14.97,0.08
41222,NGC4481,78,3,280,17,14.37,13.74,13.39,,,0.16,,13.35,0.25
41225,NGC4475,54,4,371,5,14.06,13.48,13.17,,,0.33,,13.12,0.12
41263,PGC041263,85,2,136,5,16.33,16.01,15.78,16.23,16.91,0.37,0.38,15.74,0.30
41278,PGC041278,59,4,140,12,15.62,15.41,15.28,,,0.13,,15.26,0.14
41307,UGC07644,87,2,328,5,14.33,13.73,13.39,,,0.42,,13.34,0.75
41314,PGC041314,71,3,59,10,15.26,14.96,14.75,,,0.34,,14.72,0.17
41317,NGC4480,59,4,303,5,12.81,12.30,12.00,12.22,12.81,0.46,0.39,11.96,0.17
41320,IC3432,58,4,204,12,14.79,14.33,14.06,,,0.18,,14.00,0.16
41399,NGC4487,53,4,189,13,,,,11.29,11.93,,0.85,,
41402,PGC41402,76,3,212,19,15.98,15.56,15.26,,,0.18,,15.23,0.34
41406,PGC041406,84,3,207,7,15.57,15.04,14.75,,,0.14,,14.71,0.55
41436,NGC4500,56,4,310,8,12.86,12.32,12.01,,,0.20,,11.98,0.04
41440,IC3446,61,4,146,5,15.22,14.85,14.68,15.34,16.04,0.15,0.19,14.61,0.13
41466,IC3453,83,3,91,5,14.46,14.14,14.00,14.67,15.22,0.31,0.34,13.95,0.28
41468,IC3454,83,3,338,5,15.10,14.41,14.00,,,0.26,,13.95,0.54
41472,NGC4498,68,4,181,5,12.47,12.00,11.73,12.07,12.68,0.66,0.67,11.68,0.24
41477,UGC07671,74,3,412,10,14.89,14.29,13.91,,,0.20,,13.85,0.31
41492,IC3460,84,3,149,6,15.83,15.55,15.38,,,0.27,,15.36,0.31
41504,IC0797,55,4,118,5,13.29,12.81,12.54,12.84,13.59,0.43,0.44,12.49,0.14
41514,PGC041514,79,3,314,20,16.01,15.61,15.35,15.77,16.25,0.18,0.21,15.31,0.34
41517,NGC4501,63,4,505,5,9.98,9.23,8.79,8.70,9.31,1.20,1.14,8.72,0.00
41522,UGC07678,73,7,54,16,13.75,13.47,13.31,14.47,15.06,0.35,0.31,13.28,0.13
41531,NGC4502,64,4,164,5,14.25,13.85,13.60,14.21,14.84,0.28,0.29,13.55,0.17
41555,NGC4504,60,5,223,7,,,,11.28,12.16,,1.15,,
41567,IC3471,61,4,87,7,15.18,14.73,14.40,15.12,15.74,0.27,0.28,14.35,0.11
41572,IC3467,81,3,268,5,15.44,15.06,14.82,15.23,15.69,0.25,0.23,14.77,0.32
41578,NGC4517A,54,4,147,5,12.68,12.27,12.10,12.62,13.45,1.07,1.08,12.06,0.08
41579,UGC07689,88,2,408,18,14.86,14.22,13.83,13.15,13.62,0.35,0.28,13.79,0.82
41594,PGC041594,69,3,24,5,15.72,15.39,15.22,,,0.21,,15.19,0.12
41599,IC3474,90,1,140,5,14.35,13.90,13.70,14.09,14.58,0.76,0.59,13.67,0.45
41608,IC3476,54,4,114,6,12.97,12.54,12.35,12.67,13.12,0.52,0.54,12.29,0.13
41618,NGC4517,89,2,295,5,10.93,10.26,9.87,9.69,10.23,2.63,1.72,9.83,0.91
41620,UGC07699,79,3,186,8,12.89,12.52,12.33,13.00,13.61,0.84,0.85,12.31,0.23
41639,UGC07697,83,3,218,5,14.83,14.39,14.13,14.54,15.15,0.42,0.42,14.07,0.31
41645,PGC041645,72,3,234,11,15.47,15.09,14.86,,,0.23,,14.85,0.25
41647,PGC041647,60,4,82,5,15.81,15.47,15.34,,,0.18,,15.31,0.10
41700,PGC041700,83,3,68,6,15.48,15.10,14.90,,,0.22,,14.87,0.34
41701,PGC041701,79,3,28,5,15.86,15.52,15.39,,,0.35,,15.36,0.18
41702,ESO442-002,89,1,184,13,,,,16.36,16.86,,0.29,,
41716,PGC041716,58,4,81,8,15.38,14.85,14.55,,,0.34,,14.50,0.12
41719,NGC4519,51,4,163,5,12.15,11.79,11.60,12.06,12.62,0.65,0.59,11.57,0.11
41725,PGC041725,86,2,123,8,,,,14.95,15.21,,0.51,,
41728,ESO574-008,88,2,479,14,15.06,14.13,13.59,13.05,13.63,0.22,0.21,13.48,0.61
41729,NGC4522,79,3,203,5,12.64,12.15,11.84,11.98,12.57,0.82,0.71,11.80,0.41
41733,ESO506-018,88,2,178,17,,,,15.59,16.83,,0.57,,
41751,IC3500,52,5,188,5,15.62,15.25,15.05,15.67,16.38,0.19,0.20,15.00,0.09
41755,NGC4525,64,6,145,5,12.88,12.39,12.09,12.54,13.13,0.58,0.58,12.05,0.19
41757,NGC4524,54,4,256,19,,,,13.23,13.78,,0.24,,
41764,PGC041764,60,5,234,19,,,,14.08,14.56,,0.18,,
41766,UGC07719,82,4,74,8,14.36,14.08,13.93,14.84,15.29,0.63,0.70,13.90,0.26
41769,UGC07730,52,4,126,10,15.53,15.14,14.95,,,0.29,,14.92,0.08
41786,ESO506-019,71,3,229,18,,,,13.49,13.99,,0.32,,
41789,NGC4527,76,3,352,5,10.98,10.19,9.73,9.34,9.83,1.15,0.88,9.69,0.31
41792,IC3505,72,3,495,12,14.80,14.21,13.82,,,0.20,,13.76,0.26
41808,IC3516,90,1,349,6,15.82,15.20,14.81,14.51,15.03,0.20,0.22,14.77,0.87
41811,NGC4532,75,3,179,5,11.98,11.65,11.50,11.71,12.18,0.55,0.45,11.47,0.33
41812,NGC4535,52,4,264,5,10.27,9.73,9.40,9.64,10.25,1.52,1.44,9.36,0.11
41816,NGC4533,87,2,148,5,13.99,13.45,13.16,13.59,14.16,0.49,0.49,13.12,0.45
41823,NGC4536,74,3,319,5,10.76,10.19,9.88,9.84,10.33,1.45,1.02,9.84,0.30
41827,UGC07738,88,2,290,15,15.57,14.97,14.64,14.42,14.99,0.31,0.28,14.59,0.74
41829,IC3517,54,4,65,5,15.05,14.55,14.35,14.92,15.70,0.36,0.34,14.31,0.08
41838,NGC4545,55,4,248,13,12.84,12.39,12.13,12.43,13.00,0.46,0.42,12.11,0.15
41846,UGC07748,62,4,49,10,15.07,14.78,14.66,,,0.33,,14.63,0.09
41861,UGC07739,50,4,109,6,14.41,13.99,13.70,14.52,15.22,0.52,0.48,13.67,0.06
41865,IC3522,78,5,97,5,15.03,14.70,14.55,15.41,16.26,0.43,0.39,14.49,0.17
41895,UGC07750,74,3,414,7,14.49,13.85,13.48,13.41,13.96,0.22,0.21,13.43,0.31
41902,UGC07751,78,4,44,8,15.69,15.47,15.34,,,0.29,,15.30,0.18
41912,IC3536,82,3,251,5,15.87,15.38,15.12,,,0.18,,15.09,0.47
41918,PGC041918,88,2,81,5,17.13,16.71,16.48,17.56,18.55,0.32,0.27,16.43,0.47
41924,UGC07754,75,3,269,5,14.71,14.30,14.05,,,0.24,,14.01,0.33
41941,UGC07752,88,3,445,16,14.82,14.04,13.56,13.19,13.77,0.23,0.20,13.48,0.75
41955,NGC4562,76,3,123,5,13.64,13.10,12.82,13.36,14.00,0.62,0.52,12.79,0.26
41958,NGC4544,88,3,184,5,13.51,12.79,12.39,12.45,13.03,0.41,0.32,12.35,0.82
41965,PGC041965,65,4,156,13,,,,13.14,13.73,,1.01,,
41974,NGC4565C,88,2,293,11,16.02,15.47,15.19,,,0.24,,15.15,0.69
41976,IC3546,55,4,263,5,14.67,14.12,13.81,,,0.21,,13.77,0.13
41978,PGC041978,63,4,347,5,15.39,14.83,14.47,14.52,15.08,0.15,0.16,14.38,0.20
41982,PGC041982,52,4,266,20,14.77,14.23,13.93,14.08,14.62,0.29,0.27,13.85,0.12
41989,PGC041989,82,3,295,12,,,,13.24,13.74,,0.28,,
41992,PGC041992,65,4,201,16,14.68,14.39,14.24,,,0.18,,14.22,0.22
41994,PGC041994,84,3,76,5,17.12,16.87,16.45,,,0.25,,16.39,0.24
42002,NGC4559,72,4,230,5,10.16,9.81,9.57,9.99,10.43,1.87,1.48,9.54,0.28
42021,IC3562,76,6,67,5,15.88,15.53,15.39,16.36,16.83,0.27,0.29,15.35,0.19
42035,UGC07770,88,2,399,11,15.66,15.00,14.59,,,0.28,,14.51,0.79
42038,NGC4565,89,2,503,5,10.05,9.24,8.77,8.43,9.02,1.90,1.53,8.74,0.75
42045,UGC07774,88,2,186,15,14.10,13.71,13.49,14.03,14.52,0.71,0.69,13.46,0.35
42076,IC3581,62,9,329,8,14.30,13.64,13.27,,,0.13,,13.22,0.12
42080,UGC07780,88,2,113,5,15.80,15.47,15.29,,,0.51,,15.25,0.34
42081,IC3583,72,4,99,5,13.16,12.87,12.60,13.06,13.69,0.70,0.76,12.53,0.19
42082,PGC042082,69,3,200,5,15.16,14.74,14.51,,,0.16,,14.49,0.26
42083,IC3587,88,2,376,9,15.47,14.76,14.35,13.57,14.03,0.29,0.24,14.29,0.82
42089,NGC4569,63,4,376,5,9.98,9.38,8.98,9.13,9.81,1.66,1.33,8.90,0.00
42097,NGC4559A,62,4,341,6,14.75,14.08,13.72,13.61,14.11,0.14,0.16,13.67,0.18
42108,IC3591,69,4,84,5,14.25,13.88,13.67,14.41,15.02,0.34,0.33,13.63,0.13
42121,PGC042121,78,3,321,18,15.02,14.51,14.14,,,0.26,,14.08,0.41
42123,ESO442-013,73,6,192,13,,,,13.23,13.99,,0.64,,
42137,IC3598,77,3,472,19,14.43,13.61,13.17,13.17,13.76,0.21,0.25,13.11,0.23
42152,NGC4576,52,4,297,5,13.94,13.38,13.06,,,0.30,,13.00,0.12
42160,PGC042160,71,4,73,7,14.27,13.91,13.74,14.37,14.84,0.41,0.44,13.70,0.16
42166,NGC4574,54,4,239,17,,,,12.55,13.16,,0.46,,
42181,NGC4575,56,5,278,8,,,,11.57,12.00,,0.37,,
42189,UGC07799,88,2,469,10,14.33,13.64,13.23,,,0.33,,13.18,0.68
42195,UGC07798,55,4,198,15,14.08,13.70,13.48,,,0.22,,13.43,0.15
42202,UGC07800,75,3,303,5,14.59,13.83,13.43,13.29,13.81,0.22,0.21,13.37,0.34
42215,NGC4585,55,4,291,5,14.47,13.94,13.66,13.77,14.31,0.19,0.19,13.62,0.13
42219,PGC042219,73,3,44,5,16.43,16.02,15.80,,,0.34,,15.75,0.14
42230,UGC07802,88,2,145,5,14.56,14.04,13.78,14.23,14.82,0.44,0.50,13.73,0.45
42241,NGC4586,78,3,245,5,12.20,11.44,10.96,11.14,11.77,0.80,0.71,10.90,0.31
42245,ESO322-040,58,4,248,18,,,,12.74,13.32,,0.21,,
42246,ESO268-027,54,5,188,14,,,,13.04,13.70,,0.29,,
42247,PGC042247,80,3,177,5,16.65,16.41,16.27,,,0.11,,16.26,0.27
42255,UGC07806,87,2,291,5,15.06,14.51,14.21,14.32,14.89,0.38,0.33,14.16,0.58
42264,IC3608,90,1,504,6,14.88,14.13,13.66,13.06,13.61,0.53,0.34,13.60,0.98
42271,ESO322-042,77,3,226,9,,,,13.30,13.87,,0.48,,
42277,NGC4588,72,3,275,5,14.70,14.27,14.01,14.39,14.98,0.29,0.32,13.97,0.25
42306,IC3615,76,3,348,5,15.01,14.51,14.21,,,0.27,,14.17,0.36
42311,UGC07818,75,3,343,5,15.02,14.50,14.19,,,0.13,,14.15,0.35
42319,NGC4591,63,4,294,5,13.50,12.86,12.52,12.72,13.35,0.27,0.25,12.48,0.17
42334,ESO506-029,51,4,114,10,,,,14.47,15.16,,0.55,,
42336,NGC4592,79,3,187,6,,,,12.07,12.66,,0.71,,
42340,PGC042340,63,4,90,9,15.05,14.53,14.27,,,0.26,,14.23,0.18
42348,IC3617,61,8,93,5,14.24,14.00,13.86,14.52,15.02,0.45,0.47,13.82,0.09
42355,IC3626,49,6,323,10,15.44,14.88,14.55,,,0.14,,14.52,0.11
42369,NGC4603A,76,3,270,8,,,,12.48,12.93,,0.27,,
42374,PGC042374,77,3,317,5,15.21,14.53,14.19,,,0.13,,14.13,0.35
42382,PGC042382,77,3,145,19,16.77,16.30,16.07,,,0.10,,16.02,0.30
42387,IC3629,75,3,551,5,15.13,14.45,14.06,,,0.17,,13.99,0.31
42393,UGC07824,70,3,96,5,14.79,14.25,13.98,,,0.48,,13.94,0.22
42395,ESO506-032,47,6,67,19,,,,13.34,13.45,,0.15,,
42396,NGC4595,54,4,133,5,12.66,12.24,12.01,12.46,13.00,0.37,0.37,11.95,0.14
42407,M104,87,2,733,17,8.46,7.68,7.23,7.19,7.88,1.45,1.62,7.14,0.00
42408,NGC4605,79,3,147,20,10.48,10.02,9.75,10.09,10.63,1.08,0.95,9.73,0.43
42411,ESO322-045,71,3,301,17,,,,12.52,13.10,,0.36,,
42413,PGC042413,61,4,46,5,16.02,15.74,15.52,,,0.36,,15.50,0.08
42422,PGC042422,68,4,17,5,16.09,15.86,15.71,16.74,17.19,0.15,0.27,15.68,0.20
42429,NGC4597,69,4,155,7,12.23,11.88,11.70,12.32,12.94,1.04,0.98,11.66,0.15
42460,ESO322-048,87,2,253,20,,,,13.87,14.51,,0.29,,
42463,ESO381-005,49,6,208,16,,,,14.22,14.75,,0.20,,
42475,UGC07844,90,1,125,17,,,,15.45,15.95,,0.42,,
42476,NGC4602,73,3,404,16,12.12,11.46,11.08,11.02,11.52,0.65,0.60,11.03,0.30
42478,IC3646,75,4,371,12,15.19,14.77,14.56,14.81,15.39,0.13,0.17,14.53,0.34
42510,NGC4603,51,4,353,14,,,,10.53,11.11,,0.88,,
42512,UGC07836,76,3,469,6,14.57,14.02,13.68,13.64,14.23,0.31,0.27,13.64,0.37
42520,UGC07848,67,4,264,11,13.97,13.49,13.21,13.61,14.27,0.51,0.47,13.18,0.21
42530,NGC4617,86,2,456,7,13.36,12.73,12.33,12.16,12.76,0.47,0.39,12.29,0.67
42544,NGC4607,88,3,175,5,13.36,12.63,12.19,11.92,12.39,0.69,0.57,12.13,0.82
42548,UGC07845,76,3,271,5,15.10,14.71,14.47,14.78,15.35,0.26,0.24,14.45,0.30
42553,PGC042553,72,3,71,9,16.63,16.34,16.19,16.68,18.19,0.19,0.28,16.16,0.17
42562,PGC042562,66,4,300,18,13.84,13.30,13.00,13.12,13.67,0.29,0.27,12.91,0.23
42564,NGC4611,80,3,373,5,14.62,14.03,13.70,13.71,14.29,0.23,0.22,13.64,0.45
42584,NGC4615,77,8,404,7,13.62,13.19,12.99,13.15,13.66,0.37,0.40,12.97,0.38
42637,NGC4631,88,2,295,5,9.42,9.04,8.71,8.67,9.13,3.05,1.77,8.68,0.82
42640,NGC4603D,56,4,235,16,,,,12.48,13.12,,0.41,,
42665,PGC042665,87,3,206,5,15.72,15.43,15.31,15.75,16.11,0.17,0.23,15.29,0.52
42666,PGC042666,65,4,62,5,16.50,16.19,16.06,,,0.21,,16.02,0.10
42681,NGC4628,81,3,394,11,13.35,12.59,12.15,11.73,11.90,0.29,0.22,12.09,0.09
42689,NGC4632,73,3,208,5,,,,11.44,11.93,,0.56,,
42699,NGC4633,72,4,178,5,13.46,12.96,12.69,13.23,13.89,0.61,0.60,12.64,0.22
42709,UGC07873,55,4,266,6,,,,13.77,14.27,,0.36,,
42714,PGC042714,59,4,155,5,16.55,16.43,16.39,17.12,17.52,0.11,0.17,16.41,0.08
42726,UGC07877,88,2,335,5,15.85,15.11,14.71,14.45,15.06,0.19,0.22,14.66,0.76
42727,UGC07882,82,3,343,6,14.89,14.34,14.03,,,0.28,,13.99,0.51
42741,NGC4639,52,4,275,5,11.93,11.32,10.98,11.21,11.80,0.49,0.46,10.93,0.11
42747,UGC07883,79,3,298,8,,,,13.03,13.61,,0.50,,
42765,UGC07890,51,4,233,13,14.62,14.26,14.06,14.35,14.86,0.18,0.19,14.05,0.12
42768,PGC042768,62,4,50,6,16.19,15.90,15.77,16.68,16.95,0.27,0.27,15.73,0.09
42791,NGC4642,78,5,295,18,,,,12.91,13.46,,0.36,,
42807,UGC07897,73,4,452,19,15.21,14.52,14.14,14.16,14.77,0.18,0.19,14.09,0.30
42818,UGC07908,86,2,131,17,,,,14.41,15.03,,0.39,,
42820,ESO574-023,81,3,417,18,15.20,14.37,13.95,13.91,14.62,0.19,0.22,13.82,0.47
42833,NGC4651,54,4,354,5,11.07,10.48,10.17,10.29,10.89,0.55,0.56,10.12,0.10
42836,IC3704,80,3,431,13,14.38,13.90,13.57,,,0.27,,13.53,0.45
42857,NGC4654,57,4,283,5,10.83,10.31,10.01,10.04,10.57,1.03,0.97,9.96,0.14
42880,ESO381-014,86,2,213,10,,,,14.43,14.98,,0.37,,
42881,UGC07906,61,8,98,5,15.61,15.29,15.15,15.82,16.50,0.40,0.50,15.11,0.08
42898,PGC042898,88,2,184,15,15.07,14.71,14.53,15.13,15.70,0.43,0.37,14.49,0.38
42899,IC3714,52,4,269,19,15.52,15.10,14.82,15.05,15.55,0.18,0.20,14.79,0.12
42909,PGC042909,59,4,340,18,14.52,13.95,13.60,13.69,14.32,0.21,0.20,13.54,0.17
42914,IC3723,64,4,149,17,15.02,14.81,14.71,,,0.08,,14.71,0.19
42919,UGC07922,82,3,337,12,14.51,13.88,13.53,13.30,13.81,0.36,0.23,13.49,0.50
42929,NGC4658,69,3,254,13,12.70,12.22,11.98,12.03,12.52,0.40,0.33,11.91,0.26
42930,PGC042930,85,3,226,7,16.16,15.81,15.57,,,0.18,,15.54,0.42
42931,PGC042931,62,4,44,5,14.59,14.34,14.23,,,0.22,,14.21,0.11
42938,IC3726,85,2,601,17,14.67,13.95,13.56,12.87,13.29,0.28,0.18,13.52,0.50
42942,NGC4669,89,4,501,15,14.05,13.20,12.72,12.57,13.24,0.36,0.28,12.67,0.73
42944,IC3718,80,3,65,5,13.63,13.13,12.85,13.41,14.16,0.61,0.64,12.80,0.29
42950,ESO574-028,86,2,225,13,15.13,14.59,14.28,14.40,15.07,0.34,0.35,14.18,0.53
42953,PGC042953,79,3,267,5,15.85,15.27,14.94,14.77,15.30,0.13,0.17,14.90,0.41
42968,ESO268-037,64,4,324,8,,,,13.29,13.85,,0.34,,
42975,NGC4666,80,3,379,8,11.05,10.30,9.89,9.38,9.82,0.72,0.51,9.84,0.18
42995,IC3740,71,3,211,5,15.23,14.78,14.53,15.06,15.54,0.19,0.17,14.47,0.22
42999,NGC4668,63,4,145,7,,,,13.17,13.63,,0.36,,
43001,IC3742,71,3,163,5,13.86,13.46,13.24,13.67,14.33,0.45,0.50,13.19,0.20
43011,UGC07934,67,4,402,6,14.95,14.41,14.08,,,0.18,,14.04,0.23
43017,PGC043017,78,3,491,17,14.26,13.54,13.15,12.96,13.53,0.27,0.26,13.08,0.33
43020,PGC043020,53,4,143,15,12.74,12.24,12.00,12.56,13.21,0.97,1.07,11.95,0.09
43021,ESO507-007,89,1,566,13,,,,12.06,12.67,,0.44,,
43032,PGC043032,55,4,277,16,15.49,15.04,14.71,,,0.08,,14.68,0.14
43048,ESO381-020,68,4,76,13,,,,13.97,14.24,,1.08,,
43052,UGC07941,82,3,224,8,14.37,14.02,13.81,14.43,14.89,0.61,0.49,13.77,0.25
43064,UGC07940,70,3,268,16,14.56,14.07,13.79,,,0.27,,13.76,0.27
43074,IC3754,65,4,446,9,14.09,13.34,12.94,13.04,13.57,0.24,0.24,12.88,0.18
43077,PGC043077,89,2,234,5,15.96,15.46,15.20,15.02,15.57,0.15,0.17,15.17,0.84
43084,ESO442-021,79,3,422,20,,,,13.56,14.09,,0.28,,
43105,ESO322-076,62,4,314,20,,,,12.76,13.28,,0.27,,
43110,PGC043110,87,2,213,12,16.45,16.15,15.94,,,0.16,,15.94,0.50
43136,UGC07948,89,1,385,24,16.17,15.27,14.76,,,0.26,,14.67,0.91
43141,NGC4693,80,3,237,7,,,,13.18,13.80,,0.58,,
43142,UGC07955,87,2,373,5,15.28,14.52,14.11,13.82,14.53,0.29,0.36,14.06,0.70
43144,ESO381-023,64,5,194,17,,,,13.62,14.06,,0.23,,
43147,NGC4682,60,4,300,15,12.78,12.18,11.82,12.05,12.66,0.59,0.57,11.75,0.18
43164,PGC043164,63,6,205,10,14.73,13.96,13.56,13.21,13.64,0.12,0.15,13.52,0.19
43170,NGC4679,70,3,398,9,,,,11.83,12.34,,0.43,,
43173,NGC4695,55,4,226,17,14.29,13.91,13.69,,,0.25,,13.66,0.14
43185,UGC07960,69,3,379,11,14.89,14.42,14.13,,,0.24,,14.08,0.27
43199,ESO574-032,77,3,223,19,14.96,14.32,13.94,13.95,14.64,0.30,0.34,13.83,0.35
43206,ESO574-033,53,4,292,8,,,,12.27,12.83,,0.31,,
43224,ESO507-013,85,2,350,12,,,,12.21,12.67,,0.32,,
43245,ESO574-034,82,3,399,19,,,,13.09,13.61,,0.28,,
43254,NGC4698,69,3,412,5,10.89,10.17,9.76,9.94,10.57,0.81,0.94,9.71,0.19
43272,PGC043272,76,3,206,5,15.90,15.52,15.31,15.82,16.49,0.15,0.17,15.30,0.26
43278,PGC043278,82,3,332,5,15.10,14.43,14.06,13.68,14.11,0.21,0.19,14.02,0.47
43281,PGC043281,66,4,131,10,14.88,14.48,14.31,,,0.10,,14.29,0.23
43282,ESO268-044,71,3,261,9,,,,12.94,13.43,,0.25,,
43302,PGC043302,59,4,347,19,15.71,15.13,14.76,14.92,15.33,0.17,0.18,14.71,0.18
43308,PGC043308,73,9,185,8,15.84,15.50,15.33,15.83,16.36,0.22,0.26,15.32,0.18
43313,IC3799,89,2,355,11,,,,12.87,13.55,,0.50,,
43317,NGC4702,58,4,175,5,15.53,15.27,15.11,15.45,15.96,0.13,0.18,15.11,0.14
43330,NGC4700,89,4,124,13,12.25,11.91,11.74,12.13,12.66,0.79,0.59,11.66,0.67
43345,PGC043345,49,6,124,13,,,,12.25,12.92,,1.05,,
43350,NGC4705,78,3,411,11,12.90,12.27,11.89,11.82,12.41,0.65,0.49,11.83,0.40
43352,PGC043352,78,3,441,20,15.56,14.84,14.42,14.05,14.49,0.15,0.16,14.35,0.37
43359,UGC07978,56,4,292,5,14.38,13.93,13.66,13.89,14.38,0.24,0.26,13.63,0.15
43364,PGC043364,81,3,364,7,16.09,15.71,15.47,,,0.17,,15.47,0.41
43368,NGC4712,69,3,364,5,13.23,12.70,12.41,12.61,13.25,0.54,0.49,12.37,0.26
43381,UGC07981,86,2,187,6,16.25,15.85,15.65,16.22,16.92,0.25,0.26,15.63,0.34
43397,UGC07982,88,2,211,5,13.51,12.84,12.44,12.53,13.13,0.74,0.71,12.38,0.69
43409,IC3812,85,2,393,17,14.13,13.34,12.90,12.35,12.85,0.20,0.21,12.84,0.34
43414,PGC043414,81,3,247,17,16.21,15.78,15.55,15.73,16.26,0.15,0.22,15.49,0.33
43444,ESO268-046,76,3,170,16,,,,14.02,14.65,,0.69,,
43450,UGC07990,60,4,84,5,16.23,15.90,15.77,,,0.36,,15.75,0.08
43451,NGC4725,53,4,384,5,9.64,8.93,8.56,8.77,9.48,1.78,1.76,8.53,0.10
43452,UGC07993,87,2,317,14,14.67,14.16,13.88,14.16,14.62,0.39,0.39,13.85,0.49
43457,PGC043457,83,3,108,5,16.09,15.76,15.63,16.33,17.66,0.35,0.43,15.59,0.40
43458,PGC043458,75,7,253,15,,,,12.73,13.27,,0.83,,
43462,UGC07992,65,4,358,9,15.42,14.91,14.57,,,0.20,,14.54,0.22
43470,UGC07991,87,2,176,6,14.34,13.69,13.33,13.59,14.23,0.53,0.55,13.28,0.53
43504,NGC4741,48,6,373,17,13.74,13.18,12.83,12.88,13.40,0.23,0.24,12.79,0.08
43509,NGC4735,47,11,202,19,14.70,14.10,13.78,13.89,14.45,0.15,0.17,13.74,0.09
43511,PGC043511,55,4,98,5,15.02,14.54,14.28,14.48,15.06,0.21,0.20,14.26,0.10
43517,NGC4738,86,2,447,5,14.15,13.39,12.98,12.81,13.44,0.35,0.42,12.93,0.67
43527,NGC4749,88,2,333,17,,,,11.78,12.22,,0.22,,
43542,PGC043542,79,3,238,5,15.75,15.31,15.08,15.36,15.74,0.20,0.28,15.02,0.28
43552,ESO575-009,87,2,312,16,16.64,16.40,16.32,16.80,17.09,0.33,0.78,16.22,0.34
43558,IC3829,58,4,264,8,,,,12.82,13.38,,0.43,,
43575,UGC08004,74,3,295,5,14.67,14.22,13.99,14.36,15.00,0.37,0.37,13.97,0.27
43601,NGC4746,82,3,328,5,13.04,12.42,12.12,11.79,12.24,0.38,0.39,12.05,0.50
43607,IC0827,70,3,343,6,14.44,13.78,13.38,,,0.30,,13.30,0.27
43614,PGC043614,52,4,263,5,15.20,14.72,14.46,14.70,15.25,0.10,0.14,14.42,0.12
43632,PGC043632,56,4,177,8,15.37,15.14,15.02,15.56,16.13,0.17,0.19,15.02,0.12
43634,UGC08012,51,4,290,18,14.30,13.94,13.68,,,0.17,,13.67,0.10
43679,PGC043679,89,1,239,16,,,,13.32,13.85,,0.48,,
43681,ESO323-024,79,3,361,17,,,,13.43,14.04,,0.21,,
43686,UGC08013,76,3,365,17,15.14,14.55,14.22,14.45,15.08,0.30,0.35,14.19,0.34
43690,PGC043690,54,4,221,18,,,,12.76,13.27,,0.18,,
43701,ESO323-025,71,3,384,7,,,,12.03,12.50,,0.33,,
43707,NGC4758,83,3,171,5,13.12,12.52,12.21,12.41,12.89,0.89,0.63,12.16,0.44
43717,ESO323-027,58,4,335,20,,,,12.08,12.63,,0.39,,
43726,UGC08017,76,3,551,5,14.14,13.44,13.06,12.63,13.11,0.20,0.23,13.02,0.22
43728,UGC08015,56,4,463,9,14.07,13.44,13.08,13.26,13.88,0.27,0.27,13.03,0.14
43744,NGC4767A,82,3,224,16,,,,14.03,14.39,,0.16,,
43750,IC3852,79,5,186,5,15.21,14.85,14.65,15.39,15.94,0.35,0.35,14.63,0.23
43784,NGC4771,82,3,277,5,,,,11.44,12.04,,0.60,,
43798,NGC4772,62,4,430,7,11.55,10.82,10.42,10.65,11.36,0.76,0.71,10.37,0.11
43812,ESO507-042,61,4,272,20,,,,13.18,13.73,,0.20,,
43840,PGC043840,70,4,286,20,15.46,14.90,14.60,14.62,15.09,0.15,0.17,14.57,0.28
43843,PGC043843,62,4,296,7,15.24,14.91,14.68,14.98,15.54,0.16,0.18,14.67,0.19
43853,PGC043853,83,3,191,13,16.94,16.64,16.48,16.97,17.57,0.12,0.16,16.48,0.27
43863,UGC08025,89,2,510,6,14.36,13.50,13.04,12.72,13.33,0.37,0.38,12.98,0.91
43893,ESO323-038,78,3,262,11,,,,12.21,12.63,,0.26,,
43894,PGC043894,63,4,314,17,14.57,14.14,13.90,14.22,14.72,0.34,0.34,13.87,0.18
43902,NGC4781,65,4,226,13,,,,10.93,11.45,,0.61,,
43907,UGC08030,70,3,47,5,15.67,15.33,15.01,,,0.43,,14.99,0.13
43910,ESO323-039,62,5,279,15,,,,14.81,15.22,,0.25,,
43931,NGC4800,45,6,291,10,11.82,11.15,10.79,10.82,11.39,0.31,0.29,10.76,0.00
43939,NGC4793,63,4,314,7,12.04,11.52,11.23,11.13,11.53,0.39,0.35,11.21,0.16
43944,UGC08032,88,2,131,20,13.71,13.00,12.59,12.78,13.30,0.53,0.49,12.52,0.80
43951,UGC08040,88,2,248,17,14.16,13.65,13.39,,,0.27,,13.37,0.82
43961,IC3881,77,3,198,5,13.54,13.21,13.00,13.67,14.51,0.59,0.60,12.97,0.19
43970,PGC043970,87,2,172,8,,,,14.60,15.26,,0.33,,
43972,NGC4790,54,4,224,12,,,,12.14,12.68,,0.36,,
43975,UGC08052,83,3,221,12,,,,13.36,13.92,,0.33,,
43994,ESO323-042,75,3,279,17,,,,12.58,13.13,,0.42,,
44014,UGC08041,60,4,180,5,,,,12.36,13.10,,0.87,,
44017,NGC4799,77,3,350,5,13.41,12.72,12.31,12.22,12.80,0.21,0.24,12.24,0.32
44066,UGC08048,88,2,74,12,,,,15.76,16.72,,0.52,,
44086,NGC4808,72,3,258,5,12.14,11.66,11.40,11.38,11.85,0.46,0.41,11.34,0.31
44089,UGC08053,57,4,114,5,14.36,14.09,13.98,14.81,15.34,0.43,0.41,13.92,0.07
44097,ESO575-029,51,4,240,12,,,,13.13,13.75,,0.67,,
44125,UGC08056,62,4,191,5,14.65,14.35,14.16,14.93,15.65,0.42,0.40,14.13,0.10
44139,PGC044139,65,4,410,17,15.50,14.85,14.48,,,0.12,,14.40,0.21
44147,IC3913,49,6,181,19,15.26,14.77,14.51,14.79,15.31,0.19,0.20,14.49,0.11
44168,PGC44168,66,4,190,18,15.97,15.70,15.55,,,0.16,,15.54,0.20
44182,M64,61,4,306,5,8.86,8.20,7.76,7.88,8.51,1.52,1.27,7.69,0.00
44190,UGC08064,89,1,334,11,15.84,15.15,14.75,14.47,14.91,0.21,0.29,14.69,0.74
44191,NGC4818,76,3,253,16,,,,10.45,10.96,,0.63,,
44211,PGC044211,85,2,148,5,15.98,15.59,15.37,16.23,16.81,0.20,0.23,15.32,0.29
44219,UGC08101,74,3,215,17,,,,13.29,13.85,,0.34,,
44246,PGC044246,76,3,463,18,,,,12.88,13.34,,0.37,,
44254,UGC08067,83,3,293,12,13.70,13.21,12.96,12.94,13.45,0.47,0.38,12.93,0.48
44267,PGC044267,50,4,256,20,,,,13.05,13.77,,0.30,,
44278,PGC044278,55,4,136,13,,,,12.95,13.70,,0.83,,
44317,ESO443-016,63,4,338,11,,,,12.97,13.52,,0.25,,
44327,PGC044327,77,3,356,9,15.79,15.22,14.89,,,0.14,,14.86,0.39
44358,PGC044358,89,1,240,6,,,,12.43,12.86,,0.49,,
44370,UGC08076,52,4,153,5,14.87,14.49,14.32,14.91,15.53,0.23,0.26,14.30,0.10
44392,NGC4845,79,3,375,19,11.60,10.79,10.35,10.27,10.83,1.10,0.82,10.31,0.00
44405,NGC4848,76,3,347,15,14.09,13.52,13.20,13.05,13.57,0.23,0.26,13.17,0.23
44409,NGC4835,81,3,380,8,,,,10.46,10.91,,0.62,,
44416,PGC044416,75,3,260,18,14.96,14.35,14.02,13.93,14.43,0.25,0.28,13.98,0.34
44420,PGC044420,64,4,414,19,14.89,14.28,13.94,14.02,14.58,0.15,0.17,13.90,0.17
44432,UGC08085,83,3,220,5,13.92,13.42,13.15,13.59,14.17,0.58,0.47,13.10,0.36
44452,UGC08088,71,3,268,5,14.98,14.47,14.19,14.39,14.93,0.24,0.27,14.13,0.27
44454,PGC044454,89,1,225,16,,,,14.88,15.53,,0.29,,
44456,PGC044456,80,3,407,5,15.39,14.71,14.36,,,0.16,,14.30,0.44
44474,PGC044474,86,2,111,6,15.88,15.48,15.33,,,0.29,,15.30,0.36
44506,PGC044506,88,3,138,10,,,,14.21,14.85,,0.49,,
44507,UGC08093,62,4,360,5,14.44,13.87,13.56,13.76,14.31,0.22,0.24,13.51,0.20
44536,NGC4861,79,5,74,6,12.86,12.55,12.42,13.25,13.86,1.07,1.07,12.40,0.18
44556,PGC44556,61,4,282,19,15.61,15.12,14.80,,,0.17,,14.77,0.19
44589,ESO507-062,76,3,312,11,,,,12.21,12.71,,0.30,,
44600,NGC4866,83,3,532,5,11.62,10.83,10.38,10.50,11.16,0.82,0.97,10.32,0.51
44663,ESO443-021,84,3,327,18,,,,12.59,13.04,,0.41,,
44668,PGC044668,69,3,313,12,,,,12.97,13.46,,0.19,,
44672,UGC08120,64,4,175,13,,,,13.45,14.14,,0.46,,
44695,ESO269-028,68,5,240,8,,,,14.46,15.09,,0.28,,
44725,PGC044725,75,3,301,19,16.02,15.62,15.39,15.62,16.12,0.10,0.15,15.39,0.32
44738,PGC044738,84,3,453,19,,,,13.39,13.91,,0.26,,
44761,NGC4877,72,3,578,15,,,,11.37,11.94,,0.37,,
44770,ESO381-041,77,3,151,13,,,,14.66,15.07,,0.55,,
44795,IC0842,65,4,368,19,14.37,13.70,13.33,13.46,14.01,0.30,0.29,13.29,0.20
44803,PGC044803,84,3,233,17,15.87,15.64,15.35,15.52,16.05,0.16,0.25,15.35,0.40
44834,ESO381-045,80,3,404,19,,,,13.75,14.32,,0.19,,
44846,NGC4904,53,4,180,5,,,,11.78,12.31,,0.46,,
44851,ESO381-046,74,3,302,16,,,,13.32,13.90,,0.27,,
44913,UGC08143,57,4,379,18,14.64,14.07,13.73,,,0.22,,13.68,0.12
44919,PGC044919,75,3,282,9,15.77,15.27,14.98,15.21,15.87,0.14,0.18,14.93,0.29
44921,IC4088,78,3,476,5,14.40,13.71,13.32,13.29,13.90,0.28,0.26,13.27,0.39
44931,PGC044931,87,2,401,19,,,,12.24,12.89,,0.51,,
44940,PGC044940,88,2,272,15,,,,13.54,14.06,,0.36,,
44952,PGC044952,59,4,170,10,,,,13.31,13.97,,0.32,,
44961,UGC08146,89,1,158,12,13.89,13.58,13.40,14.08,14.76,0.79,0.86,13.38,0.41
44966,ESO381-051,84,3,430,20,,,,12.17,12.64,,0.30,,
44982,UGCA319,56,4,104,13,,,,14.32,14.97,,0.58,,
44984,ESO443-037,79,3,329,18,,,,13.26,13.88,,0.28,,
44986,UGC08145,81,3,541,20,14.44,13.63,13.16,,,0.24,,13.11,0.26
44992,ESO219-021,81,3,233,13,,,,11.75,12.38,,0.87,,
45000,UGC08164,52,4,323,18,,,,13.73,14.34,,0.27,,
45006,PGC045006,88,2,453,20,,,,12.30,12.95,,0.52,,
45022,PGC045022,50,4,210,6,14.29,13.81,13.55,,,0.14,,13.51,0.10
45039,UGC08149,90,1,284,13,16.39,15.85,15.53,,,0.25,,15.47,0.75
45058,PGC045058,87,2,94,7,16.53,16.37,16.29,,,0.29,,16.27,0.31
45066,PGC045066,61,4,266,13,15.45,14.87,14.55,14.84,15.48,0.08,0.12,14.52,0.19
45080,PGC045080,81,3,364,22,15.63,15.04,14.66,,,0.20,,14.60,0.48
45084,DDO161,88,2,105,13,,,,13.36,13.70,,1.34,,
45088,PGC045088,77,4,174,17,16.40,15.92,15.69,16.54,16.98,0.21,0.26,15.66,0.19
45097,UGC08161,75,5,362,5,14.72,14.00,13.63,13.51,14.05,0.21,0.21,13.59,0.35
45098,ESO443-042,86,2,365,16,,,,11.97,12.43,,0.51,,
45127,PGC045127,81,3,354,18,,,,12.79,13.27,,0.42,,
45130,PGC045130,58,4,359,9,15.06,14.66,14.38,,,0.18,,14.37,0.16
45137,UGC08166,90,1,163,5,16.25,15.85,15.61,,,0.31,,15.57,0.46
45151,ESO323-073,53,4,272,14,,,,13.16,13.66,,0.23,,
45170,NGC4939,57,4,444,12,,,,10.65,11.27,,0.81,,
45180,NGC4947A,73,3,195,17,,,,14.54,15.31,,0.37,,
45182,PGC045182,64,4,278,20,15.13,14.50,14.16,,,0.19,,14.11,0.20
45194,PGC045194,69,3,474,8,15.00,14.38,14.01,,,0.16,,13.97,0.24
45222,PGC045222,56,4,375,16,15.19,14.76,14.42,,,0.18,,14.41,0.15
45224,NGC4948,78,3,139,19,,,,12.66,13.31,,0.57,,
45241,ESO575-053,76,3,214,19,,,,13.60,14.12,,0.25,,
45246,NGC4951,73,3,248,7,,,,11.30,11.95,,0.44,,
45261,UGC08179,76,3,694,5,14.44,13.81,13.45,,,0.25,,13.41,0.23
45265,IC4171,54,4,108,5,15.35,15.08,14.91,,,0.23,,14.89,0.09
45269,NGC4947,61,4,326,10,,,,11.31,11.88,,0.52,,
45274,UGC08181,85,2,92,5,15.23,14.84,14.68,,,0.40,,14.66,0.32
45279,NGC4945,83,3,358,13,,,,6.69,7.16,,4.04,,
45282,PGC045282,72,3,246,6,15.34,15.06,14.89,,,0.20,,14.89,0.24
45306,IC4178,78,7,99,5,15.68,15.35,15.14,,,0.28,,15.11,0.23
45322,UGC08186,87,2,471,5,14.73,13.87,13.42,,,0.34,,13.35,0.70
45327,PGC045327,60,4,427,18,,,,13.32,13.99,,0.29,,
45336,IC4189,52,4,256,5,13.84,13.42,13.15,,,0.29,,13.12,0.12
45346,ESO443-064,52,4,186,15,,,,14.76,15.38,,0.30,,
45350,UGC08193,84,3,216,5,16.08,15.62,15.40,15.75,16.40,0.26,0.27,15.38,0.35
45358,NGC4966,62,4,391,5,13.58,13.10,12.72,12.81,13.36,0.22,0.21,12.69,0.15
45366,UGC08195,90,1,246,6,15.69,15.26,14.99,15.21,15.71,0.30,0.36,14.97,0.58
45388,PGC045388,56,4,173,5,14.74,14.44,14.26,14.89,15.30,0.28,0.30,14.25,0.11
45397,UGC08199,70,3,323,6,14.48,14.09,13.89,,,0.20,,13.87,0.27
45451,UGC08203,90,1,287,5,15.39,14.89,14.61,,,0.36,,14.58,0.79
45452,PGC045452,80,3,157,5,16.12,15.70,15.47,,,0.25,,15.43,0.28
45487,ESO508-011,88,2,246,6,,,,13.38,13.81,,0.63,,
45508,PGC045508,59,4,336,12,14.87,14.17,13.80,,,0.14,,13.72,0.14
45524,ESO575-061,90,1,160,17,,,,15.34,16.08,,0.36,,
45534,UGC08224,84,3,195,6,15.56,15.05,14.79,,,0.21,,14.76,0.41
45549,IC4202,88,2,531,5,14.50,13.72,13.28,12.92,13.53,0.32,0.36,13.22,0.82
45552,IC0851,70,3,227,5,14.01,13.58,13.33,,,0.28,,13.27,0.27
45573,ESO269-052,89,1,228,11,,,,15.54,15.95,,0.40,,
48786,PGC048786,54,5,152,5,,,,13.49,14.06,,0.40,,
45580,UGC08229,51,5,344,5,14.03,13.39,13.03,13.19,13.73,0.24,0.21,12.99,0.10
45582,PGC045582,59,4,286,5,15.44,14.90,14.58,14.73,15.33,0.16,0.18,14.55,0.17
45641,PGC45641,56,4,253,18,15.25,14.86,14.63,,,0.15,,14.61,0.14
45643,NGC4995,49,6,275,6,,,,10.77,11.34,,0.52,,
45659,PGC045659,52,4,258,33,15.09,14.61,14.32,,,0.14,,14.28,0.13
45668,UGC08244,72,3,263,5,15.41,14.94,14.68,15.11,15.71,0.30,0.32,14.66,0.21
45700,UGC08250,85,2,262,5,15.10,14.57,14.27,,,0.28,,14.24,0.59
45701,ESO443-079,75,4,139,7,,,,15.00,15.90,,0.47,,
45703,ESO576-001,63,4,83,15,14.55,13.79,13.37,,,0.23,,13.17,0.21
45705,UGC08249,83,3,168,5,15.86,15.53,15.37,16.46,16.82,0.29,0.29,15.34,0.24
45710,UGC08248,75,3,257,5,14.25,13.54,13.16,,,0.20,,13.11,0.35
45721,ESO576-003,71,3,207,5,13.73,13.32,13.08,13.51,14.03,0.49,0.45,12.90,0.22
45728,NGC5002,58,4,116,12,13.81,13.49,13.29,,,0.45,,13.27,0.14
45733,IC0856,81,3,294,5,14.53,13.94,13.65,,,0.19,,13.59,0.44
45740,PGC045740,83,3,245,5,15.74,15.53,15.39,,,0.19,,15.38,0.38
45742,IC4210,53,4,234,5,14.83,14.32,14.04,14.28,14.83,0.21,0.21,14.01,0.13
45749,NGC5005,72,3,558,10,10.19,9.46,9.05,8.97,9.55,0.77,0.66,9.02,0.00
45755,UGC08261,59,4,104,5,15.49,15.36,15.19,,,0.28,,15.17,0.07
45757,NGC5004A,59,5,340,21,14.40,13.73,13.28,13.21,13.66,0.28,0.24,13.24,0.14
45764,ESO443-080,58,4,158,7,,,,14.28,14.81,,0.45,,
45779,UGC08263,86,2,174,6,15.42,15.08,14.91,,,0.25,,14.87,0.37
45786,PGC045786,58,4,160,5,14.80,14.29,14.02,,,0.19,,13.97,0.17
45787,NGC5014,84,3,80,8,13.21,12.66,12.36,,,0.26,,12.34,0.56
45795,NGC5012,60,4,385,5,12.12,11.53,11.19,,,0.51,,11.16,0.08
45802,PGC045802,64,4,25,5,16.44,15.96,15.69,,,0.20,,15.67,0.11
45807,UGC08282,78,3,180,7,14.74,14.52,14.33,,,0.32,,14.32,0.27
45816,PGC045816,64,4,212,11,15.69,15.26,15.05,,,0.15,,15.03,0.19
45839,UGC08278,69,3,179,5,15.63,15.19,14.95,,,0.29,,14.91,0.17
45844,UGC08275,82,3,151,5,16.02,15.61,15.44,,,0.31,,15.37,0.25
45848,IC4213,87,2,184,5,13.68,13.26,13.04,,,0.68,,13.02,0.57
45849,NGC5023,90,1,168,5,12.43,11.98,11.76,12.37,13.04,1.14,1.09,11.73,0.47
45858,PGC045858,69,6,139,5,14.02,13.53,13.23,,,0.25,,13.20,0.26
45864,PGC045864,58,4,180,5,15.18,14.74,14.54,,,0.14,,14.50,0.14
45875,UGC08285,88,2,115,5,14.53,14.07,13.84,,,0.42,,13.79,0.60
45877,PGC045877,76,3,358,7,,,,11.25,11.70,,0.40,,
45887,NGC5025,79,3,449,5,13.87,13.28,12.92,12.13,12.72,0.43,0.78,12.88,0.43
45894,UGC08291,46,6,108,5,15.94,15.58,15.43,,,0.24,,15.40,0.07
45901,ESO443-083,83,3,251,11,,,,12.47,13.07,,0.71,,
45905,UGC08294,52,4,198,9,14.98,14.65,14.43,14.96,15.31,0.28,0.31,14.42,0.10
45911,ESO576-011,87,2,309,9,,,,12.60,13.15,,0.56,,
45934,UGC08302,88,2,170,5,15.94,15.65,15.49,,,0.29,,15.49,0.48
45935,ESO576-012,52,4,212,5,,,,14.91,15.61,,0.21,,
45937,PGC045937,59,4,218,5,15.47,15.11,14.90,15.41,16.03,0.24,0.27,14.89,0.12
45938,UGC08301,63,6,191,5,15.54,15.10,14.87,15.45,16.09,0.27,0.27,14.85,0.13
45939,UGC08308,53,4,32,8,15.22,14.97,14.82,,,0.46,,14.80,0.05
45943,PGC045943,55,4,286,5,15.32,14.77,14.43,,,0.14,,14.37,0.13
45947,NGC5032,59,4,519,5,13.28,12.55,12.14,12.29,12.87,0.39,0.39,12.09,0.09
45948,NGC5033,64,5,430,18,10.40,9.78,9.46,9.39,9.92,1.14,0.68,9.44,0.14
45952,NGC5022,87,2,365,18,,,,12.04,12.66,,0.37,,
45959,UGC08306,85,2,491,9,14.31,13.58,13.15,,,0.28,,13.08,0.54
45967,PGC45967,71,6,212,18,15.82,15.54,15.38,,,0.23,,15.36,0.24
46014,PGC046014,88,2,286,5,,,,13.99,14.45,,0.30,,
46028,UGC08317,70,3,280,5,14.53,14.10,13.86,14.14,14.69,0.26,0.29,13.84,0.26
46032,PGC046032,67,4,225,10,15.60,15.07,14.81,,,0.10,,14.77,0.24
46041,UGC08318,55,4,130,5,14.59,14.32,14.21,,,0.39,,14.20,0.08
46045,PGC046045,72,4,209,31,15.69,15.26,15.01,,,0.14,,14.97,0.29
46071,ESO508-030,80,3,121,20,,,,15.21,16.07,,0.73,,
46075,PGC046075,56,4,230,7,15.47,14.92,14.64,,,0.17,,14.60,0.15
46076,UGC08325,88,2,298,5,15.23,14.49,14.11,14.02,14.58,0.28,0.21,14.07,0.79
46089,UGC08324,88,2,314,7,15.53,14.90,14.57,,,0.30,,14.51,0.77
46098,ESO443-085,65,4,157,15,,,,13.87,14.53,,0.46,,
46121,PGC046121,72,3,240,5,15.91,15.46,15.51,,,0.13,,15.51,0.27
46124,UGC08328,81,3,252,5,16.02,15.56,15.30,15.81,16.34,0.23,0.28,15.28,0.28
46126,NGC5042,57,4,220,5,,,,11.17,11.70,,0.90,,
46127,UGC8331,76,2,54,6,14.17,13.88,13.71,14.66,15.20,0.25,0.30,13.70,0.16
46145,PGC046145,66,4,220,5,14.55,14.19,13.99,,,0.21,,13.98,0.23
46153,NGC5055,60,4,368,5,8.93,8.26,7.89,7.90,8.48,2.07,1.76,7.86,0.13
46159,UGC08333,81,3,117,5,15.28,14.89,14.68,15.25,15.49,0.50,0.72,14.65,0.21
46164,PGC046164,83,3,239,5,15.78,15.47,15.30,,,0.19,,15.28,0.40
46171,UGC08338,71,3,347,5,14.20,13.74,13.47,,,0.20,,13.44,0.28
46173,PGC046173,74,3,262,5,15.90,15.30,14.97,,,0.17,,14.92,0.33
46180,NGC5056,58,4,343,5,13.38,12.93,12.68,12.87,13.40,0.31,0.31,12.66,0.16
46189,UGC08341,60,4,319,5,15.04,14.44,14.10,,,0.23,,14.07,0.18
46196,PGC046196,56,4,207,6,14.81,14.29,14.02,14.22,14.75,0.16,0.19,13.99,0.15
46217,PGC046217,76,3,206,5,15.08,14.59,14.31,,,0.21,,14.26,0.36
46246,ESO508-034,64,4,156,7,,,,14.28,14.91,,0.40,,
46247,NGC5054,56,4,301,11,,,,9.91,10.46,,0.99,,
46249,UGC08352,69,3,425,5,14.47,13.85,13.50,,,0.22,,13.46,0.26
46261,PGC046261,89,1,263,8,,,,12.99,13.57,,0.40,,
46262,UGC08350,77,3,222,15,16.18,15.82,15.60,,,0.20,,15.57,0.25
46293,NGC5065,55,4,259,5,13.84,13.37,13.11,,,0.28,,13.08,0.14
46301,ESO382-031,88,2,162,10,,,,14.13,14.68,,0.65,,
46302,UGC08359,69,3,362,9,14.38,13.70,13.32,13.29,13.81,0.19,0.20,13.27,0.26
46321,IC0871,67,4,441,5,13.52,12.93,12.56,,,0.31,,12.48,0.17
46352,ESO508-039,78,3,132,15,,,,15.68,16.24,,0.45,,
46366,IC4221,63,4,205,11,,,,12.68,13.22,,0.40,,
46373,ESO576-026,89,1,148,10,,,,14.42,14.85,,0.42,,
46387,UGC08363,54,4,132,5,15.01,14.75,14.60,,,0.27,,14.58,0.09
46388,PGC046388,76,3,363,14,15.84,15.15,14.76,,,0.14,,14.69,0.37
46409,NGC5064,70,3,494,9,,,,10.31,10.97,,0.47,,
46427,NGC5081,71,3,537,6,13.46,12.88,12.51,12.62,13.26,0.47,0.46,12.46,0.28
46434,PGC046434,85,2,162,11,16.15,15.93,15.81,,,0.19,,15.79,0.38
46441,NGC5073,87,2,351,5,,,,11.51,11.97,,0.45,,
46449,PGC046449,64,4,174,13,15.65,15.29,15.11,,,0.12,,15.08,0.19
46452,ESO382-041,90,1,176,10,,,,15.00,15.60,,0.43,,
46473,NGC5079,58,4,203,18,,,,12.30,12.87,,0.37,,
46477,NGC5089,65,4,239,5,13.65,13.22,13.00,,,0.25,,12.98,0.22
46491,ESO576-032,50,4,259,37,12.80,12.21,11.88,12.09,12.65,0.56,0.53,11.70,0.09
46502,ESO269-085,56,4,332,15,,,,11.14,11.75,,0.75,,
46519,PGC046519,62,4,227,5,15.33,14.63,14.25,,,0.12,,14.21,0.19
46521,ESO382-045,72,5,146,8,,,,13.48,14.26,,1.08,,
46534,UGC08379,78,3,563,11,14.91,14.23,13.85,,,0.23,,13.76,0.37
46535,NGC5088,78,3,221,5,,,,12.43,13.02,,0.45,,
46551,ESO508-051,64,4,176,8,,,,14.16,14.76,,0.46,,
46556,UGC08382,65,4,79,5,14.83,14.46,14.27,,,0.34,,14.21,0.14
46563,UGC08385,63,4,138,5,13.89,13.52,13.33,14.12,14.70,0.60,0.51,13.29,0.11
46574,ESO576-040,86,2,164,5,,,,13.79,14.31,,0.58,,
46601,UGC08390,75,3,151,5,16.13,15.79,15.63,,,0.23,,15.62,0.22
46617,UGC08392,51,4,177,5,14.39,14.05,13.86,,,0.36,,13.85,0.11
52809,PGC052809,89,2,224,10,,,,11.89,12.35,,0.66,,
46636,NGC5107,78,5,165,5,13.41,13.14,12.98,,,0.40,,12.96,0.35
46641,PGC046641,72,3,419,5,15.59,14.95,14.58,,,0.18,,14.51,0.30
46644,UGC08395,57,4,369,5,15.06,14.47,14.14,,,0.18,,14.09,0.15
46647,UGC08397,57,4,268,5,14.36,13.76,13.45,,,0.27,,13.42,0.15
46649,PGC046649,71,3,333,5,15.33,14.75,14.41,,,0.10,,14.36,0.28
46650,ESO040-007,87,2,257,20,,,,12.77,13.30,,0.57,,
46653,PGC046653,70,3,259,9,15.80,15.06,14.70,,,0.09,,14.65,0.28
46658,PGC046658,60,4,284,5,15.22,14.67,14.38,,,0.22,,14.33,0.18
46662,PGC046662,49,6,186,19,15.14,14.63,14.32,,,0.14,,14.28,0.11
46664,NGC5105,51,4,200,5,,,,12.84,13.43,,0.47,,
46671,NGC5112,52,4,175,5,11.83,11.53,11.37,,,0.95,,11.35,0.12
46715,UGC08405,89,3,327,5,15.79,15.06,14.62,,,0.24,,14.56,0.92
46726,UGC08406,83,3,254,11,15.76,15.29,15.02,,,0.26,,14.97,0.40
46728,PGC046728,70,3,296,5,15.17,14.48,14.09,,,0.15,,14.04,0.27
46731,UGC08407,90,1,349,7,15.94,15.27,14.87,,,0.28,,14.81,0.96
46736,PGC046736,69,5,162,5,15.21,14.84,14.65,,,0.20,,14.62,0.24
46739,UGC08412,82,3,80,5,15.32,14.93,14.66,,,0.33,,14.64,0.28
46744,NGC5116,73,3,330,5,13.30,12.69,12.33,,,0.40,,12.29,0.29
46746,NGC5117,63,4,218,5,13.74,13.38,13.17,,,0.43,,13.14,0.19
46753,UGC08409,56,4,167,5,14.41,14.02,13.80,,,0.56,,13.77,0.11
46754,NGC5115,56,4,284,5,14.34,13.89,13.65,,,0.26,,13.60,0.15
46768,IC4231,87,3,238,8,,,,12.98,13.61,,0.41,,
46786,ESO444-021,90,1,234,7,,,,14.75,15.46,,0.45,,
46804,UGC08418,90,1,350,5,16.22,15.53,15.12,,,0.22,,15.07,0.91
46816,UGC08417,82,3,385,11,15.09,14.34,13.92,,,0.27,,13.85,0.50
46842,PGC046842,65,4,232,7,15.39,14.99,14.75,,,0.21,,14.72,0.21
46849,UGC08425,87,2,402,15,15.37,14.57,14.12,,,0.28,,14.05,0.72
46851,UGC08426,85,2,260,12,15.04,14.29,13.87,,,0.39,,13.83,0.63
46857,UGC08432,71,3,293,5,14.59,14.05,13.74,,,0.19,,13.71,0.28
46865,UGC08429,89,1,303,5,16.00,15.55,15.29,,,0.25,,15.25,0.75
46878,IC4237,53,4,281,5,,,,11.86,12.45,,0.46,,
46884,UGC08427,59,4,504,5,13.67,12.99,12.59,,,0.31,,12.52,0.12
46889,ESO576-050,52,4,192,17,,,,12.28,12.95,,0.78,,
46920,ESO508-071,89,1,296,5,,,,14.06,14.50,,0.26,,
46926,ESO576-051,52,4,276,5,,,,12.43,12.96,,0.29,,
46938,NGC5134,68,4,146,12,,,,10.69,11.33,,0.55,,
46955,PGC046955,72,3,420,31,15.53,14.90,14.51,,,0.17,,14.44,0.30
46960,NGC5121A,79,3,92,11,,,,15.90,16.22,,0.45,,
47004,UGC08442,89,1,310,7,15.96,15.45,15.14,,,0.25,,15.10,0.81
47011,NGC5149,58,4,389,5,13.28,12.68,12.36,,,0.27,,12.33,0.06
47020,PGC047020,77,3,117,5,15.29,15.03,14.96,,,0.71,,14.95,0.17
47028,PGC047028,51,4,281,32,15.15,14.39,13.97,,,0.13,,13.90,0.10
47046,UGC08445,80,3,373,5,15.05,14.41,14.05,,,0.22,,13.98,0.45
47053,UGC08449,77,3,162,9,15.15,14.83,14.66,,,0.36,,14.64,0.20
47093,UGC08451,65,4,365,5,14.02,13.41,13.05,,,0.40,,13.02,0.22
47101,UGC08450,49,6,46,5,15.17,14.82,14.58,,,0.34,,14.53,0.06
47102,ESO444-037,53,4,144,8,,,,14.78,14.48,,0.70,,
47151,ESO324-023,87,2,199,8,,,,13.29,13.77,,0.88,,
47153,UGC08457,87,2,393,8,14.81,14.05,13.62,,,0.27,,13.56,0.69
47162,UGC08456,90,1,362,5,16.19,15.45,15.00,,,0.21,,14.93,0.97
47231,NGC5169,73,3,303,18,13.82,13.41,13.16,,,0.50,,13.10,0.30
47235,NGC5159,74,5,296,5,14.69,14.20,13.92,,,0.31,,13.87,0.32
47238,UGC08464,90,1,169,5,16.07,15.60,15.36,,,0.32,,15.34,0.61
47243,PGC047243,89,1,337,7,,,,13.66,14.26,,0.29,,
47245,PGC047245,81,3,318,5,15.52,15.02,14.71,,,0.17,,14.68,0.48
47254,UGC08466,60,4,278,5,14.82,14.42,14.15,,,0.27,,14.13,0.17
47270,IC4263,81,3,205,11,14.62,14.18,13.93,,,0.44,,13.89,0.39
47305,UGC08469,79,3,316,5,15.23,14.63,14.31,,,0.24,,14.23,0.42
47321,NGC5161,71,3,328,5,,,,10.94,11.44,,1.13,,
47346,NGC5174,62,4,585,5,12.74,12.10,11.72,,,0.60,,11.63,0.14
47368,NGC5204,54,4,109,8,11.53,11.21,11.07,11.80,12.26,0.88,0.96,11.05,0.08
47371,UGC08489,74,3,138,10,14.29,14.07,13.98,,,0.43,,13.96,0.20
47372,UGC08482,81,3,344,17,15.56,14.82,14.42,,,0.19,,14.37,0.48
47378,PGC047378,72,3,241,14,15.69,15.24,14.97,,,0.22,,14.91,0.27
47381,PGC047381,77,3,156,7,15.84,15.54,15.36,,,0.23,,15.34,0.24
47394,NGC5170,89,1,496,5,,,,10.10,10.73,,1.08,,
47414,UGC08520,56,4,284,18,,,,14.33,14.94,,0.28,,
47415,UGC08486,64,4,252,14,15.35,14.79,14.51,,,0.24,,14.44,0.21
47422,NGC5185,75,3,590,11,13.77,13.01,12.61,12.58,13.18,0.39,0.40,12.54,0.30
47425,NGC5205,53,4,239,5,13.00,12.46,12.16,,,0.36,,12.12,0.13
47432,NGC5183,70,4,353,5,13.11,12.60,12.30,,,0.32,,12.23,0.26
47448,PGC047448,67,4,248,8,,,,13.40,13.90,,0.36,,
47452,IC4264,76,3,214,5,,,,14.11,14.61,,0.34,,
47461,UGC08497,66,4,426,6,14.94,14.41,14.09,,,0.21,,14.06,0.23
47462,UGC08498,77,3,582,5,13.52,12.83,12.43,,,0.33,,12.39,0.31
47495,UGC08508,56,4,51,6,13.75,13.45,13.33,,,0.54,,13.30,0.08
47496,PGC047496,71,3,227,6,15.83,15.49,15.04,,,0.19,,15.01,0.25
47506,UGC08507,64,4,68,6,13.81,13.44,13.25,,,0.45,,13.21,0.17
47514,PGC047514,84,3,285,10,,,,14.06,14.51,,0.37,,
47534,PGC047534,69,3,263,5,15.77,15.22,14.94,,,0.16,,14.87,0.25
47577,UGC08516,54,4,90,5,13.64,13.19,12.95,,,0.28,,12.90,0.14
47585,UGC08517,72,3,186,5,15.82,15.50,15.30,,,0.24,,15.28,0.19
47586,PGC047586,52,4,298,7,15.88,15.37,15.07,,,0.12,,15.04,0.12
47592,PGC047592,57,4,107,5,16.18,15.71,15.39,,,0.10,,15.34,0.15
47599,ESO509-045,60,5,255,5,,,,13.71,14.26,,0.44,,
47612,NGC5207,61,4,520,6,13.43,12.72,12.32,,,0.35,,12.25,0.13
47628,PGC047628,65,4,221,5,15.38,14.90,14.61,,,0.22,,14.56,0.21
47630,PGC047630,72,3,359,19,15.42,14.74,14.29,,,0.17,,14.22,0.30
47634,UGC08524,80,3,283,19,14.65,14.23,13.99,14.23,14.68,0.33,0.34,13.98,0.43
47680,PGC047680,83,3,295,6,14.73,14.18,13.82,,,0.31,,13.74,0.51
47686,UGC08527,81,3,398,14,14.65,14.06,13.72,,,0.24,,13.66,0.48
47691,PGC047691,77,3,222,5,15.91,15.48,15.23,,,0.18,,15.18,0.29
47708,PGC047708,80,3,436,20,15.46,14.86,14.51,,,0.20,,14.48,0.45
47719,UGC08532,54,6,242,5,14.77,14.29,14.00,,,0.24,,13.94,0.13
47723,UGC08536,86,2,377,5,15.07,14.25,13.80,,,0.16,,13.76,0.55
47734,PGC047734,83,3,272,5,15.96,15.45,15.14,,,0.17,,15.08,0.50
47736,UGC08533,70,3,236,11,15.12,14.66,14.38,,,0.27,,14.32,0.25
47740,UGC08539,65,4,403,7,13.83,13.16,12.77,,,0.24,,12.72,0.18
47750,UGC08534,72,3,190,7,14.83,14.44,14.23,,,0.28,,14.19,0.27
47765,PGC047765,79,3,308,16,15.18,14.52,14.19,,,0.13,,14.14,0.41
47784,UGC08543,87,2,407,5,14.73,14.06,13.66,,,0.33,,13.59,0.74
47788,NGC5229,87,2,113,5,13.66,13.28,13.07,,,0.67,,13.04,0.42
47809,UGC08554,82,3,296,5,14.98,14.47,14.13,,,0.25,,14.11,0.48
47811,PGC047811,71,3,115,6,15.92,15.37,15.03,,,0.11,,14.96,0.26
47833,PGC047833,78,3,204,5,15.92,15.62,15.42,,,0.21,,15.42,0.27
47847,ESO270-17,90,1,138,5,,,,11.34,11.85,,3.45,,
47854,UGC08571,79,3,217,5,14.16,13.85,13.71,,,0.28,,13.69,0.41
47855,IC0900,53,4,343,5,13.47,12.94,12.64,,,0.32,,12.59,0.11
47904,UGC08577,86,2,173,10,15.58,15.19,15.02,,,0.37,,14.99,0.40
47906,IC4297,64,4,350,5,14.81,14.22,13.90,,,0.18,,13.87,0.21
47935,IC4302,87,2,373,6,15.53,14.75,14.35,,,0.27,,14.30,0.72
47938,UGC08578,80,3,83,5,14.85,14.55,14.43,,,0.18,,14.41,0.35
47939,UGC08572,81,3,503,15,14.46,13.70,13.24,,,0.25,,13.16,0.38
47943,PGC047943,67,4,342,6,15.00,14.37,14.02,,,0.19,,13.98,0.23
47947,UGC08575,87,2,114,5,14.71,14.36,14.12,14.95,15.35,0.68,0.54,14.08,0.33
47948,ESO509-074,83,3,343,5,,,,11.98,12.42,,0.35,,
47966,PGC047966,69,3,437,5,15.34,14.68,14.29,,,0.17,,14.23,0.24
47971,NGC5240,51,4,239,5,13.30,12.72,12.42,,,0.42,,12.39,0.10
47974,PGC047974,72,3,321,5,14.72,14.17,13.85,,,0.28,,13.79,0.30
47985,IC0902,86,2,245,5,13.81,13.15,12.78,,,0.50,,12.76,0.68
48004,PGC048004,77,3,430,5,15.19,14.53,14.15,,,0.16,,14.08,0.34
48011,NGC5243,77,3,394,18,13.58,12.96,12.65,,,0.33,,12.63,0.26
48024,UGC08591,84,3,359,18,15.43,14.71,14.31,,,0.23,,14.25,0.58
48026,PGC048026,84,3,266,14,15.90,15.23,14.87,,,0.17,,14.79,0.57
48044,UGC08598,87,2,404,5,14.39,13.67,13.28,,,0.23,,13.23,0.64
48049,UGC08596,55,4,226,5,14.70,14.19,13.90,,,0.20,,13.84,0.14
48069,PGC048069,78,3,305,22,15.67,15.39,15.13,,,0.13,,15.13,0.37
48072,UGC08605,53,4,59,5,16.45,16.19,16.24,,,0.28,,16.24,0.06
48077,PGC048077,53,4,202,18,15.18,14.90,14.75,,,0.14,,14.74,0.13
48084,UGC08608,89,1,191,5,15.55,15.05,14.82,,,0.33,,14.79,0.62
48090,PGC048090,82,3,303,5,16.37,15.84,15.45,,,0.15,,15.40,0.49
48093,NGC5219,56,4,219,15,,,,12.24,12.75,,0.30,,
48122,UGC08614,60,4,151,5,13.51,13.12,12.84,13.58,14.04,0.86,0.89,12.78,0.09
48146,UGC08617,48,6,131,5,14.45,14.10,13.90,,,0.22,,13.86,0.09
48175,ESO324-044,65,4,239,12,,,,13.10,13.68,,0.38,,
48183,UGC08624,76,3,402,6,14.88,14.35,14.04,,,0.19,,14.00,0.35
48184,UGC08623,90,1,245,6,16.28,15.71,15.39,,,0.30,,15.33,0.76
48190,PGC048190,63,4,368,5,15.79,15.16,14.77,,,0.14,,14.71,0.20
48202,UGC08626,64,4,389,29,14.35,13.69,13.34,,,0.23,,13.28,0.18
48206,UGC08630,85,2,207,5,13.92,13.55,13.37,,,0.47,,13.35,0.54
48209,PGC048209,75,3,197,23,15.82,15.48,15.28,,,0.21,,15.25,0.25
48212,UGC08629,75,3,112,5,15.64,15.29,15.13,16.11,16.87,0.30,0.27,15.08,0.14
48228,PGC048228,53,4,265,5,15.80,15.38,15.11,,,0.17,,15.07,0.13
48246,UGC08631,58,4,196,5,15.99,15.65,15.47,,,0.23,,15.44,0.11
48251,UGC08633,89,1,323,5,15.42,14.78,14.32,,,0.28,,14.24,0.91
48262,UGC08634,90,1,305,8,15.52,14.99,14.59,,,0.31,,14.54,0.89
48275,PGC048275,73,3,308,14,14.97,14.53,14.25,,,0.17,,14.20,0.32
48285,UGC08640,75,3,557,7,14.71,13.98,13.60,,,0.23,,13.54,0.31
48288,PGC048288,70,3,268,5,15.55,15.13,14.89,,,0.12,,14.84,0.25
48291,UGC08642,89,1,102,6,15.55,15.25,15.17,,,0.38,,15.15,0.43
48307,NGC5254,67,4,327,5,,,,11.46,12.08,,0.74,,
48318,UGC08647,82,3,43,5,15.64,15.48,15.33,,,0.47,,15.31,0.23
48333,NGC5263,80,3,359,5,13.73,13.14,12.80,,,0.33,,12.77,0.41
48334,NGC5253,71,3,79,7,,,,10.39,10.25,,0.71,,
48347,PGC048347,69,3,329,5,15.75,15.34,15.05,,,0.13,,15.04,0.25
48358,UGC08650,83,3,510,5,14.14,13.35,12.91,,,0.24,,12.84,0.42
48365,UGC08652,81,3,400,5,15.15,14.50,14.11,,,0.23,,14.07,0.48
48375,PGC048375,66,4,326,18,15.28,14.79,14.49,,,0.14,,14.46,0.23
48392,UGC08658,55,4,219,5,13.24,12.79,12.55,,,0.56,,12.52,0.14
48394,PGC048394,59,4,405,5,,,,12.87,13.40,,0.30,,
48430,PGC048430,60,4,329,5,15.32,14.75,14.38,,,0.14,,14.32,0.17
48441,UGC08662,88,2,174,5,15.20,14.77,14.56,,,0.32,,14.54,0.65
48453,UGC08660,87,2,269,7,16.21,15.73,15.43,,,0.26,,15.39,0.58
48470,PGC048470,70,3,247,7,15.46,15.07,14.80,,,0.20,,14.75,0.24
48497,UGC08676,83,3,161,15,15.81,15.55,15.37,,,0.31,,15.34,0.25
48504,UGC08668,57,4,209,5,15.13,14.91,14.73,,,0.34,,14.72,0.11
48513,UGC08674,83,3,195,5,15.48,15.06,14.82,,,0.25,,14.79,0.41
48534,UGC08684,82,3,196,5,14.01,13.38,13.02,,,0.47,,12.98,0.51
48540,PGC048540,63,4,434,5,14.91,14.24,13.84,,,0.17,,13.77,0.15
48550,PGC048550,88,2,329,12,15.90,15.26,14.86,,,0.19,,14.80,0.82
48584,PGC048584,80,5,288,5,15.36,14.75,14.40,,,0.21,,14.34,0.45
48595,PGC048595,69,3,401,8,14.92,14.14,13.74,,,0.11,,13.68,0.21
48630,UGC08686,78,3,432,5,14.34,13.75,13.39,,,0.30,,13.33,0.38
48644,PGC048644,64,4,208,8,15.69,15.39,15.14,,,0.17,,15.12,0.18
48674,PGC048674,84,3,513,22,15.05,14.20,13.72,,,0.16,,13.65,0.46
48679,PGC048679,64,4,291,6,15.97,15.52,15.24,,,0.17,,15.21,0.19
48684,UGC08692,74,3,386,5,15.45,14.77,14.37,,,0.21,,14.32,0.33
48690,UGC08693,76,3,237,5,14.16,13.65,13.40,,,0.30,,13.37,0.36
48693,UGC08690,49,6,216,5,14.64,14.26,13.95,,,0.23,,13.91,0.11
48703,PGC048703,78,3,270,5,15.58,15.14,14.86,,,0.23,,14.83,0.38
48738,ESO325-011,65,4,57,20,,,,13.95,14.48,,1.03,,
48749,NGC5289,78,3,380,7,13.20,12.51,12.12,,,0.26,,12.10,0.29
48756,UGC08698,79,3,249,7,14.44,13.91,13.62,,,0.29,,13.59,0.42
48759,PGC048759,68,14,319,66,15.05,14.65,14.43,,,0.15,,14.41,0.25
48767,NGC5290,87,2,442,6,12.44,11.65,11.19,,,0.59,,11.17,0.46
48777,UGC08702,65,4,403,16,14.35,13.76,13.42,,,0.27,,13.36,0.22
48794,PGC048794,74,3,313,5,14.99,14.46,14.15,,,0.20,,14.10,0.34
48795,UGC08701,81,3,541,60,14.33,13.73,13.36,,,0.35,,13.31,0.45
48803,PGC048803,51,4,307,11,15.07,14.53,14.19,,,0.13,,14.13,0.12
48806,UGC08703,58,4,353,5,14.44,13.89,13.58,,,0.23,,13.53,0.15
48815,NGC5297,78,3,409,20,12.10,11.55,11.23,,,0.92,,11.20,0.40
48816,NGC5301,83,3,296,5,12.36,11.76,11.38,,,0.83,,11.35,0.54
48830,ESO445-026,88,2,395,5,,,,13.81,14.56,,0.35,,
48831,UGC08705,65,4,383,6,13.99,13.39,13.05,,,0.26,,12.98,0.18
48836,UGC08706,87,2,324,5,16.20,15.87,15.67,,,0.19,,15.67,0.50
48849,PGC048849,65,4,309,5,15.15,14.68,14.42,,,0.16,,14.38,0.22
48862,UGC08713,85,3,271,5,14.62,14.11,13.87,,,0.40,,13.83,0.58
48886,PGC048886,76,7,222,15,15.67,15.36,15.16,,,0.11,,15.14,0.35
48897,UGC08721,50,4,128,10,15.22,14.78,14.62,,,0.28,,14.61,0.09
48917,NGC5303,67,4,205,15,13.10,12.70,12.52,,,0.20,,12.50,0.23
48918,UGC08720,70,3,264,5,14.99,14.64,14.40,,,0.22,,14.37,0.26
48921,PGC048921,70,3,255,13,15.34,14.72,14.38,,,0.19,,14.33,0.27
48925,UGC08726,85,2,151,12,14.53,14.24,14.05,,,0.57,,14.04,0.34
48931,UGC08723,81,3,437,6,15.83,15.26,14.89,,,0.21,,14.86,0.47
48942,PGC048942,66,4,227,13,15.54,15.12,14.89,,,0.16,,14.85,0.22
48943,PGC048943,60,4,212,10,15.35,15.03,14.83,,,0.20,,14.79,0.16
48946,UGC08731,71,3,151,6,15.03,14.74,14.59,,,0.30,,14.57,0.19
48953,UGC08737,90,1,336,6,,,,12.04,12.51,,0.37,,
48959,NGC5300,51,4,200,5,12.07,11.58,11.26,11.63,12.27,0.85,0.75,11.22,0.12
48989,UGC08733,56,4,169,5,13.61,13.29,13.11,,,0.58,,13.08,0.11
49004,PGC049004,83,3,229,5,15.99,15.47,15.15,,,0.27,,15.10,0.43
49041,UGC08739,89,1,437,6,13.97,13.27,12.87,,,0.42,,12.83,0.87
49055,PGC049055,63,4,528,12,14.54,13.85,13.48,,,0.23,,13.41,0.18
49069,NGC5313,61,4,453,51,12.39,11.72,11.36,,,0.35,,11.34,0.00
49112,NGC5320,64,4,283,5,12.63,12.14,11.83,,,0.60,,11.81,0.21
49114,UGC08746,76,3,318,9,15.06,14.55,14.24,,,0.24,,14.20,0.36
49122,UGC08752,74,3,278,7,15.15,14.71,14.45,,,0.24,,14.43,0.31
49129,ESO383-091,89,1,136,10,,,,13.96,14.70,,0.58,,
49137,UGC08748,64,4,330,15,14.56,14.09,13.80,,,0.17,,13.77,0.20
49145,UGC08753,80,3,364,5,15.29,14.77,14.41,,,0.27,,14.37,0.44
49155,PGC049155,85,2,211,7,15.95,15.58,15.36,,,0.19,,15.32,0.44
49158,UGC08760,79,3,29,6,14.21,13.98,13.82,,,0.73,,13.79,0.17
49159,UGC08755,88,2,426,13,15.79,15.04,14.60,,,0.23,,14.53,0.83
49161,PGC049161,75,3,677,22,14.71,14.11,13.71,,,0.28,,13.65,0.34
49167,PGC049173,65,4,358,8,14.72,14.11,13.78,,,0.21,,13.71,0.22
49171,UGC08762,50,4,146,5,15.03,14.65,14.40,,,0.50,,14.38,0.08
49179,PGC049179,64,4,315,12,14.85,14.24,13.88,,,0.14,,13.84,0.20
49204,IC0944,78,3,616,16,13.72,12.90,12.43,,,0.30,,12.36,0.13
49222,PGC049222,65,4,209,8,15.20,14.82,14.60,,,0.19,,14.56,0.22
49251,PGC049251,67,4,330,6,15.18,14.68,14.39,,,0.18,,14.35,0.25
49265,IC0949,76,3,386,6,14.57,13.87,13.47,,,0.27,,13.40,0.35
49267,ESO384-005,87,3,124,10,,,,15.38,15.68,,0.79,,
49275,NGC5337,65,4,341,30,13.30,12.62,12.21,,,0.32,,12.18,0.10
49294,UGC08793,84,3,166,27,15.21,14.71,14.48,,,0.41,,14.44,0.43
49295,PGC049295,70,3,212,13,15.57,15.14,14.89,,,0.19,,14.85,0.25
49299,UGC08798,70,3,199,9,15.06,14.73,14.51,,,0.40,,14.50,0.17
49301,UGC08795,78,3,186,5,14.61,14.12,13.87,,,0.38,,13.84,0.31
49303,UGC08787,81,3,301,5,14.30,13.75,13.44,,,0.34,,13.38,0.45
49315,UGC08794,76,3,349,49,14.63,13.88,13.45,,,0.24,,13.39,0.34
49320,UGC08797,76,3,553,53,15.25,14.59,14.21,,,0.20,,14.17,0.36
49322,NGC5346,67,4,206,9,14.01,13.48,13.16,,,0.44,,13.13,0.24
49333,UGC08802,68,4,374,5,15.63,15.16,14.87,,,0.25,,14.85,0.23
49335,UGC08796,89,1,217,5,16.25,15.80,15.57,,,0.33,,15.53,0.54
49337,UGC08806,77,3,282,5,14.34,13.78,13.48,,,0.22,,13.44,0.38
49357,PGC049357,65,4,325,5,15.71,15.13,14.79,,,0.17,,14.74,0.22
49359,NGC5351,59,4,412,5,12.47,11.90,11.56,,,0.58,,11.52,0.16
49368,PGC049368,79,3,397,6,15.37,14.91,14.53,,,0.19,,14.51,0.43
49373,IC0952,75,3,307,5,14.25,13.66,13.34,,,0.31,,13.28,0.35
49391,UGC08816,69,3,230,5,15.11,14.79,14.62,,,0.28,,14.58,0.23
49411,NGC5348,88,2,178,5,13.51,12.99,12.67,13.06,13.66,0.86,0.57,12.62,0.55
49426,NGC5452,53,4,174,15,,,,13.59,14.33,,0.41,,
49428,UGC08828,74,3,569,5,14.65,13.77,13.32,,,0.29,,13.25,0.27
49433,PGC049433,76,3,337,5,15.76,15.23,14.89,,,0.18,,14.84,0.36
49448,UGC8837,79,3,89,5,13.31,12.89,12.66,13.41,14.10,1.32,1.35,12.63,0.18
49464,NGC5362,68,4,243,8,13.03,12.48,12.19,,,0.44,,12.17,0.24
49468,NGC5356,83,3,272,8,13.00,12.25,11.81,11.81,12.40,0.77,0.60,11.76,0.53
49476,PGC049476,69,4,188,5,15.16,14.64,14.37,,,0.15,,14.34,0.27
49477,PGC049477,88,2,338,6,15.71,15.16,14.84,,,0.18,,14.79,0.80
49484,PGC049484,76,3,477,20,15.03,14.56,14.23,,,0.19,,14.21,0.37
52811,IC1055,73,3,382,11,,,,11.88,12.50,,0.50,,
49486,PGC049486,81,3,212,5,16.30,15.82,15.59,,,0.10,,15.53,0.41
49510,PGC049510,70,3,200,10,15.40,15.07,14.86,,,0.17,,14.83,0.26
49512,UGC08859,53,4,167,10,15.06,14.64,14.41,,,0.40,,14.39,0.09
49515,PGC049515,57,4,234,12,15.07,14.79,14.64,,,0.16,,14.62,0.15
49519,UGC08851,72,3,158,8,15.61,15.26,15.10,,,0.14,,15.08,0.19
49540,IC0959,53,4,454,13,13.57,12.84,12.45,,,0.29,,12.38,0.06
49553,UGC08855,78,3,354,57,15.23,14.67,14.33,,,0.19,,14.29,0.40
49555,NGC5364,52,4,269,5,10.78,10.26,9.85,10.17,10.73,1.54,1.30,9.80,0.12
49563,NGC5377,70,3,360,5,11.73,11.00,10.59,,,0.63,,10.55,0.07
49579,UGC08861,64,4,199,5,15.40,15.04,14.82,,,0.35,,14.78,0.15
49589,UGC08862,90,1,411,101,15.64,15.20,14.95,,,0.23,,14.91,0.94
49607,PGC049607,71,3,245,10,15.42,14.95,14.70,,,0.24,,14.66,0.26
49627,PGC049627,71,3,325,12,14.75,14.07,13.68,,,0.13,,13.62,0.23
49631,UGC08873,82,3,478,5,14.60,13.96,13.57,,,0.27,,13.52,0.46
49638,ESO445-083,88,2,283,20,,,,13.97,14.47,,0.37,,
49645,UGC08871,64,4,349,72,15.43,14.87,14.53,,,0.18,,14.49,0.22
49657,UGC08879,89,2,457,5,15.23,14.52,14.10,13.63,13.99,0.34,0.28,14.04,0.91
49676,IC4351,88,2,481,7,,,,10.48,11.03,,0.90,,
49683,UGC08881,88,2,407,5,15.02,14.53,14.21,,,0.29,,14.16,0.79
49692,UGC08887,64,4,405,5,14.83,14.26,13.96,,,0.20,,13.91,0.21
49694,UGC08889,71,3,409,5,14.68,14.05,13.69,,,0.20,,13.62,0.27
49703,PGC049703,50,4,288,18,,,,13.46,13.95,,0.30,,
49712,NGC5402,82,3,265,11,14.18,13.62,13.33,,,0.23,,13.30,0.48
49721,IC0967,74,3,277,7,14.37,13.70,13.36,,,0.17,,13.31,0.29
49724,NGC5387,87,2,355,5,14.37,13.72,13.34,,,0.34,,13.27,0.72
49728,ESO445-085,88,2,250,18,,,,15.05,15.66,,0.42,,
49732,PGC049732,78,3,161,8,15.14,14.89,14.80,15.45,15.86,0.18,0.19,14.78,0.23
49734,PGC049734,80,3,101,9,14.84,14.35,14.13,,,0.15,,14.09,0.41
49748,UGC08896,88,2,282,6,14.71,14.18,13.86,,,0.29,,13.81,0.82
49752,UGC08897,86,2,256,9,15.97,15.49,15.21,,,0.18,,15.17,0.60
49758,UGC08895,89,1,347,7,15.81,15.24,14.88,,,0.29,,14.81,0.84
49763,UGC08899,78,3,182,5,15.35,14.99,14.77,,,0.29,,14.73,0.26
49767,PGC049767,75,3,233,6,15.73,15.46,15.37,,,0.20,,15.36,0.24
49768,UGC08904,52,4,249,5,15.41,15.04,14.78,,,0.13,,14.77,0.13
49769,UGC08902,72,3,685,6,13.59,12.94,12.56,,,0.28,,12.50,0.26
49788,ESO325-042,83,3,376,17,,,,12.24,12.79,,0.35,,
49790,PGC049790,74,3,243,5,15.22,14.83,14.57,,,0.20,,14.54,0.31
49791,UGC08906,77,3,231,5,14.83,14.42,14.19,,,0.33,,14.14,0.35
49799,NGC5399,82,3,382,6,14.11,13.28,12.83,,,0.28,,12.80,0.38
49806,UGC08911,46,6,256,5,14.93,14.54,14.30,,,0.20,,14.29,0.10
49820,NGC5403,89,3,493,7,13.28,12.53,12.07,11.42,11.93,0.78,0.47,12.04,0.83
49836,ESO221-022,90,1,301,16,,,,12.13,12.72,,0.62,,
49838,UGC08918,87,2,297,5,14.58,13.96,13.58,,,0.26,,13.52,0.73
49855,ESO384-027,79,3,241,17,,,,14.26,14.81,,0.30,,
49856,PGC049856,88,2,175,5,15.89,15.53,15.37,,,0.25,,15.34,0.50
49859,UGC08964,74,3,182,16,,,,15.03,15.52,,0.35,,
49876,PGC049876,78,3,338,9,15.37,14.73,14.36,,,0.17,,14.31,0.40
49881,NGC5430,55,4,319,9,12.41,11.76,11.39,11.27,11.73,0.38,0.31,11.35,0.03
49882,UGC08924,83,3,234,5,14.68,14.24,14.00,14.30,14.67,0.34,0.31,13.94,0.40
49887,PGC049887,76,3,209,5,15.59,15.20,14.98,,,0.19,,14.94,0.28
49889,NGC5425,79,3,228,9,13.81,13.36,13.10,13.36,14.01,0.43,0.38,13.07,0.37
49897,PGC049897,76,3,266,5,15.43,15.09,14.91,,,0.12,,14.90,0.36
49913,UGC08927,71,3,282,5,15.23,14.66,14.22,,,0.31,,14.16,0.29
49917,PGC049917,59,5,225,6,15.45,15.06,14.83,,,0.15,,14.81,0.16
49923,NGC5398,59,4,91,14,,,,12.41,13.15,,0.72,,
49939,ESO510-043,64,4,204,15,,,,13.77,14.29,,0.28,,
49952,NGC5409,54,4,339,5,13.78,13.13,12.77,,,0.31,,12.70,0.11
49980,PGC049980,54,4,369,14,14.62,14.17,13.89,,,0.16,,13.87,0.12
49991,NGC5416,55,4,333,6,13.59,13.00,12.69,,,0.25,,12.63,0.09
49993,NGC5443,74,3,358,9,12.54,11.83,11.44,11.55,12.14,0.59,0.64,11.41,0.29
49995,NGC5417,67,4,572,19,13.08,12.29,11.88,11.90,12.55,0.25,0.28,11.82,0.00
49997,NGC5418,68,4,330,17,13.78,13.11,12.75,,,0.26,,12.69,0.08
50004,PGC050004,68,6,406,18,14.96,14.15,13.73,,,0.23,,13.65,0.21
50006,UGC08948,64,4,346,6,14.35,13.84,13.54,,,0.23,,13.49,0.21
50009,PGC050009,89,1,474,6,15.61,14.73,14.24,,,0.20,,14.17,0.88
50012,NGC5433,79,3,377,6,13.71,13.05,12.71,12.22,12.60,0.25,0.21,12.67,0.27
50014,PGC050014,65,4,220,13,15.20,14.71,14.47,,,0.19,,14.44,0.22
50016,PGC050016,80,3,182,5,16.41,16.10,15.89,,,0.15,,15.86,0.27
50017,UGC08953,89,1,430,5,14.94,14.14,13.69,,,0.19,,13.60,0.68
50021,UGC08950,90,1,190,9,16.13,15.77,15.65,,,0.30,,15.62,0.51
50024,UGC08957,57,4,145,5,16.10,15.68,15.40,,,0.28,,15.36,0.09
50030,UGC08951,81,3,241,5,15.73,15.26,15.01,,,0.27,,14.97,0.38
50031,NGC5448,71,3,392,12,12.10,11.43,11.08,11.14,11.78,0.66,0.67,11.05,0.28
50042,NGC5440,73,3,614,5,12.49,11.69,11.25,11.37,12.03,0.46,0.41,11.21,0.23
50045,UGC08961,81,3,415,5,14.10,13.36,12.94,,,0.25,,12.89,0.37
50066,ESO446-001,52,4,334,18,,,,12.99,13.50,,0.26,,
50069,UGC08988,87,2,189,11,14.97,14.36,14.03,,,0.30,,14.00,0.73
50070,PGC050070,79,3,259,8,15.87,15.38,15.12,,,0.18,,15.09,0.38
50073,NGC5408,62,4,82,13,,,,12.51,13.21,,0.74,,
50074,ESO510-051,86,2,196,20,,,,15.78,16.40,,0.22,,
50087,UGC08967,85,2,365,5,14.33,13.75,13.43,,,0.37,,13.37,0.62
50089,UGC08966,61,4,254,5,15.28,14.82,14.56,,,0.27,,14.52,0.18
50092,IC4358,83,3,208,16,14.86,14.60,14.50,,,0.19,,14.43,0.41
50098,PGC050098,80,3,182,5,16.17,15.87,15.70,,,0.21,,15.68,0.25
50115,UGC08978,77,3,274,5,15.61,15.03,14.71,,,0.14,,14.66,0.38
50117,UGC08977,70,3,269,5,14.91,14.34,14.01,,,0.25,,13.96,0.26
50120,IC0971,52,4,188,11,13.26,12.87,12.68,13.13,13.72,0.46,0.41,12.60,0.11
50121,NGC5420,69,3,419,12,,,,12.45,13.02,,0.37,,
50126,UGC08983,89,1,343,5,16.14,15.41,14.98,,,0.32,,14.91,0.78
50130,UGC08979,88,2,366,5,15.67,14.95,14.54,,,0.25,,14.47,0.79
50136,PGC050136,60,4,329,19,15.40,14.86,14.54,,,0.11,,14.49,0.15
50156,PGC050156,85,2,416,18,,,,13.92,14.54,,0.32,,
50166,ESO384-043,88,2,232,15,,,,15.18,15.65,,0.49,,
50167,UGC08998,82,3,312,19,16.18,15.63,15.31,,,0.22,,15.27,0.47
50168,PGC050168,73,3,330,14,15.24,14.63,14.28,,,0.18,,14.24,0.30
50169,UGC08991,71,6,65,15,14.66,13.86,13.44,,,0.19,,13.38,0.28
50176,PGC050176,72,3,150,6,15.44,15.03,14.79,,,0.17,,14.76,0.29
50187,PGC050187,55,4,344,9,15.21,14.61,14.24,,,0.16,,14.19,0.13
50190,UGC08996,89,1,413,5,15.34,14.66,14.26,,,0.31,,14.21,0.92
50194,UGC08995,70,3,154,5,13.95,13.53,13.39,14.04,14.70,0.55,0.58,13.35,0.15
50198,PGC050198,59,4,195,7,15.08,14.59,14.34,,,0.11,,14.31,0.17
50222,UGC09009,79,3,257,9,15.65,15.18,14.94,,,0.21,,14.91,0.36
50246,IC4362,76,3,180,13,,,,12.62,13.18,,0.38,,
50252,PGC050252,72,3,188,20,15.51,14.82,14.48,,,0.12,,14.42,0.30
50262,NGC5477,53,4,43,15,13.81,13.55,13.46,,,0.48,,13.44,0.07
50294,PGC050294,60,4,192,5,14.99,14.62,14.39,,,0.28,,14.35,0.15
50297,PGC050297,53,4,176,10,14.36,13.73,13.37,,,0.13,,13.30,0.10
50305,UGC09019,64,4,400,5,15.26,14.63,14.26,,,0.21,,14.19,0.22
50317,NGC5470,90,2,247,5,13.67,12.87,12.43,12.28,12.84,0.60,0.47,12.38,0.98
50318,UGC09021,85,2,240,5,16.00,15.52,15.27,,,0.31,,15.22,0.41
50322,ESO446-008,60,5,329,16,,,,13.96,14.27,,0.22,,
50328,PGC050328,66,4,425,12,15.22,14.60,14.23,,,0.18,,14.16,0.23
50341,UGC09023,71,3,225,5,15.55,15.18,14.93,,,0.25,,14.89,0.21
50345,NGC5472,80,3,233,51,,,,13.01,13.52,,0.20,,
50351,UGC09025,51,4,475,19,14.94,14.30,13.91,,,0.25,,13.85,0.11
50354,UGC09027,82,3,247,6,15.70,15.24,14.96,,,0.25,,14.92,0.39
50356,NGC5464,63,5,200,20,,,,13.14,13.72,,0.29,,
50382,PGC050382,53,4,186,5,15.26,15.01,14.79,,,0.18,,14.78,0.11
50383,NGC5486,54,4,162,18,13.65,13.32,13.15,,,0.39,,13.12,0.13
50398,UGC09030,86,2,392,18,15.55,14.71,14.24,,,0.25,,14.16,0.61
50404,ESO325-055,84,3,244,14,,,,14.48,14.75,,0.44,,
50420,ESO446-017,54,4,302,17,,,,12.01,12.66,,0.41,,
50450,PGC050450,81,3,323,5,15.66,15.04,14.71,,,0.20,,14.66,0.46
50455,UGC09037,56,4,288,5,13.97,13.60,13.37,,,0.30,,13.33,0.15
50462,PGC050462,86,2,234,7,15.65,15.06,14.76,,,0.22,,14.70,0.65
50463,PGC050463,77,3,187,11,15.81,15.39,15.06,,,0.21,,15.02,0.31
50464,UGC09041,56,4,281,19,14.29,13.61,13.26,,,0.18,,13.21,0.09
50474,ESO446-018,90,1,420,13,,,,12.61,13.12,,0.42,,
50485,UGC09048,82,3,507,8,14.72,14.12,13.73,13.63,14.18,0.33,0.28,13.68,0.51
50488,PGC050488,75,3,172,13,15.29,14.89,14.70,,,0.17,,14.67,0.34
50495,UGC09044,64,4,289,6,14.23,13.64,13.31,,,0.28,,13.26,0.18
50509,UGC09056,79,3,170,13,14.23,13.85,13.66,,,0.25,,13.61,0.40
50521,PGC50521,79,3,209,19,16.68,16.36,16.19,,,0.15,,16.19,0.31
50544,UGC09054,63,4,284,43,15.24,14.56,14.18,,,0.16,,14.12,0.19
50550,PGC050550,74,3,212,70,15.25,14.64,14.25,,,0.19,,14.20,0.33
50567,PGC050567,50,4,226,5,15.06,14.52,14.22,,,0.12,,14.17,0.11
50580,IC0984,80,3,404,5,13.84,13.12,12.71,,,0.44,,12.64,0.38
50581,UGC09071,82,3,190,9,14.32,13.89,13.65,13.99,14.82,0.45,0.46,13.62,0.34
50582,UGC09066,88,2,299,19,15.87,15.40,15.13,,,0.30,,15.11,0.77
50590,UGC09063,66,4,170,5,16.01,15.60,15.33,,,0.29,,15.28,0.16
50596,UGC09064,88,2,292,5,15.48,14.71,14.26,,,0.22,,14.21,0.81
50597,PGC050597,63,4,162,5,15.40,15.07,14.88,,,0.23,,14.85,0.13
50599,PGC050599,52,4,196,8,14.56,14.10,13.88,,,0.17,,13.85,0.13
50609,PGC050609,61,4,224,5,15.74,15.34,15.13,,,0.13,,15.11,0.16
50611,UGC09080,90,1,211,12,15.12,14.76,14.55,,,0.30,,14.54,0.75
50613,NGC5492,85,2,346,5,13.41,12.80,12.43,,,0.30,,12.36,0.54
50618,ESO221-030,84,3,247,15,,,,12.99,13.55,,0.31,,
50621,UGC09067,65,4,393,5,14.14,13.59,13.27,,,0.23,,13.23,0.16
50627,UGC09077,79,3,348,11,14.54,13.81,13.43,,,0.24,,13.41,0.41
50630,NGC5491,63,4,464,9,13.45,12.78,12.40,,,0.27,,12.34,0.13
50635,IC4382,87,2,336,16,15.07,14.43,14.08,,,0.10,,14.03,0.72
50648,PGC050648,83,3,214,10,16.24,15.84,15.61,,,0.15,,15.58,0.44
50671,IC0985,57,4,303,18,14.74,14.22,13.90,,,0.19,,13.80,0.15
50675,ESO446-023,88,2,466,19,,,,13.29,13.87,,0.28,,
50676,NGC5496,86,2,239,8,12.85,12.46,12.21,12.54,13.02,0.97,0.81,12.11,0.43
50696,PGC050696,63,4,342,12,14.51,13.99,13.67,,,0.19,,13.60,0.17
50697,PGC050697,58,4,320,19,15.65,15.09,14.73,,,0.23,,14.67,0.16
50713,IC4383,71,3,196,5,15.56,15.37,15.22,,,0.26,,15.22,0.16
50717,PGC050717,58,4,338,12,15.69,15.21,14.87,,,0.13,,14.84,0.17
50720,PGC050720,80,3,430,17,15.35,14.61,14.17,,,0.16,,14.06,0.42
50722,UGC09091,89,2,196,6,16.42,16.05,15.81,,,0.20,,15.79,0.55
50728,NGC5520,63,4,273,13,13.04,12.53,12.27,12.30,12.82,0.26,0.23,12.24,0.18
50752,UGC09093,77,3,328,12,15.95,15.45,15.18,,,0.19,,15.15,0.36
50764,PGC050764,54,4,291,9,14.85,14.25,13.91,,,0.18,,13.86,0.13
50771,PGC050771,73,3,103,5,15.65,14.94,14.56,,,0.10,,14.49,0.28
50779,ESO097-013,75,3,260,13,,,,7.13,7.36,,1.61,,
50782,NGC5506,79,3,290,5,12.55,11.76,11.35,9.94,9.54,0.63,0.24,11.24,0.00
50784,UGC09101,60,4,371,5,13.85,13.30,12.99,13.27,13.78,0.35,0.33,12.95,0.18
50795,PGC050795,74,3,348,14,14.89,14.46,14.21,,,0.23,,14.17,0.33
50798,ESO271-022,85,2,364,18,,,,12.06,12.69,,0.63,,
50807,NGC5510,51,4,122,10,13.46,13.13,12.95,,,0.25,,12.80,0.11
50848,UGC09110,72,3,332,11,13.66,13.21,12.95,,,0.29,,12.92,0.29
50853,UGC09113,90,3,283,8,14.63,13.98,13.64,13.35,13.78,0.44,0.27,13.59,0.90
50865,NGC5519,60,4,363,6,14.07,13.46,13.11,13.15,13.55,0.27,0.28,13.05,0.17
50866,PGC050866,75,3,292,17,14.93,14.23,13.86,,,0.11,,13.81,0.33
50882,PGC050882,72,3,232,6,15.28,14.87,14.69,,,0.08,,14.66,0.30
50889,NGC5522,80,3,419,11,13.66,12.97,12.59,12.37,12.87,0.32,0.26,12.53,0.38
50895,NGC5523,83,3,257,7,12.53,12.05,11.77,12.13,12.71,0.90,0.61,11.74,0.48
50897,UGC09117,65,4,354,5,13.86,13.32,13.00,13.17,13.68,0.24,0.25,12.94,0.22
50910,UGC09125,69,3,240,17,14.65,14.33,14.14,14.69,15.22,0.22,0.25,14.13,0.22
50915,UGC09121,73,3,337,5,14.39,13.80,13.47,,,0.25,,13.42,0.31
50930,PGC050930,77,3,296,5,15.83,15.31,15.00,,,0.19,,14.95,0.37
50939,ESO579-009,64,4,227,18,,,,14.57,15.03,,0.25,,
50942,NGC5529,88,2,570,18,12.63,11.85,11.38,,,1.07,,11.35,0.72
50954,UGC09129,85,2,266,19,15.69,15.24,14.99,,,0.25,,14.98,0.61
50967,ESO385-005,73,3,302,18,,,,13.50,14.01,,0.27,,
50972,UGC09132,82,3,296,5,16.04,15.52,15.22,,,0.22,,15.17,0.43
50973,NGC5533,55,4,426,7,12.20,11.46,11.09,11.13,11.73,0.48,0.44,11.05,0.10
50976,PGC050976,80,3,386,5,15.39,14.85,14.50,,,0.24,,14.46,0.44
50980,PGC050980,75,3,266,6,15.05,14.55,14.28,,,0.17,,14.24,0.35
50994,UGC09134,54,4,296,7,15.01,14.53,14.25,,,0.24,,14.21,0.13
50995,UGC09135,69,3,462,16,14.67,13.99,13.61,,,0.24,,13.55,0.22
51002,UGC09138,89,1,299,5,14.94,14.37,14.04,13.80,14.25,0.38,0.30,13.99,0.82
51015,IC4390,73,3,246,11,,,,11.91,12.51,,0.43,,
51036,IC0996,87,2,265,8,14.55,14.03,13.75,,,0.30,,13.73,0.73
51043,PGC051043,65,4,324,9,14.89,14.37,14.02,,,0.19,,13.95,0.22
51047,NGC5537,68,4,354,13,14.83,14.22,13.86,,,0.20,,13.79,0.23
51048,PGC051048,52,4,264,7,14.73,14.26,14.00,,,0.19,,13.96,0.12
51059,IC0991,52,4,326,17,,,,12.36,12.94,,0.32,,
51061,IC4393,90,1,315,12,,,,12.65,13.14,,0.44,,
51064,ESO446-045,73,5,187,15,,,,13.95,14.73,,0.38,,
51065,PGC051065,53,4,270,5,15.29,14.86,14.59,,,0.19,,14.56,0.13
51073,IC4397,49,6,226,5,13.45,12.96,12.70,,,0.26,,12.66,0.09
51086,PGC051086,76,3,145,5,15.83,15.53,15.36,,,0.18,,15.34,0.24
51091,IC4403,75,3,313,6,14.20,13.47,13.07,,,0.19,,13.03,0.33
51100,IC4399,56,4,397,5,14.98,14.36,14.00,,,0.20,,13.95,0.15
51103,PGC051103,85,2,178,5,15.34,14.96,14.75,,,0.21,,14.73,0.56
51106,NGC5530,67,4,251,13,,,,10.48,11.02,,0.99,,
51113,UGC09159,78,3,304,5,14.92,14.46,14.16,,,0.30,,14.12,0.38
51128,UGC09163,81,3,260,8,15.65,15.21,14.95,,,0.28,,14.90,0.36
51130,UGC09162,53,4,313,6,15.10,14.55,14.22,,,0.23,,14.17,0.13
51143,ESO385-008,88,2,271,17,,,,14.02,14.48,,0.40,,
51144,PGC051144,70,3,177,5,15.66,15.31,15.12,,,0.20,,15.10,0.20
51155,NGC5559,78,3,374,8,14.12,13.40,12.98,,,0.30,,12.93,0.36
51163,PGC051163,54,4,174,15,15.48,15.09,14.89,,,0.15,,14.88,0.13
51166,PGC051166,78,3,106,19,15.96,15.63,15.43,,,0.20,,15.37,0.27
51171,PGC051171,52,7,249,7,15.82,15.39,15.14,,,0.12,,15.12,0.12
51173,IC4401,69,3,456,19,,,,13.00,13.63,,0.28,,
51207,UGC09169,88,2,133,5,13.57,13.14,12.92,13.75,14.30,1.15,0.92,12.87,0.35
51222,PGC051222,90,1,178,13,15.71,15.28,15.06,,,0.19,,15.03,0.85
51230,PGC051230,54,4,244,8,15.69,15.24,14.96,,,0.15,,14.93,0.14
51232,PGC051232,80,3,280,5,16.23,15.68,15.35,,,0.14,,15.28,0.40
51249,PGC051249,71,3,221,5,14.85,14.40,14.13,,,0.16,,14.08,0.28
51250,ESO511-033,87,2,491,18,,,,12.60,13.11,,0.27,,
51253,UGC09182,85,3,322,5,13.73,13.17,12.81,12.99,13.50,0.74,0.47,12.75,0.56
51254,PGC051254,88,2,269,5,15.41,14.73,14.39,,,0.23,,14.34,0.80
51264,UGC09186,76,3,230,5,15.30,14.73,14.39,,,0.19,,14.33,0.36
51265,ESO446-051,88,2,313,20,,,,14.68,15.35,,0.28,,
51266,UGC09185,72,3,451,8,14.69,13.99,13.62,,,0.24,,13.56,0.28
51286,NGC5577,78,3,236,5,12.87,12.28,11.95,12.17,12.69,0.80,0.74,11.88,0.38
51288,IC4402,84,3,352,10,,,,10.41,11.09,,0.76,,
51289,ESO385-012,51,4,144,20,,,,13.89,14.50,,0.40,,
51290,ESO446-053,62,4,148,5,,,,14.10,14.66,,0.53,,
51302,UGC09195,73,3,585,19,14.87,14.19,13.79,,,0.21,,13.73,0.24
51303,NGC5665A,73,3,386,7,14.91,14.38,14.03,,,0.17,,13.97,0.30
51321,PGC051321,53,4,182,6,15.51,15.02,14.78,,,0.10,,14.74,0.13
51327,UGC09199,84,3,425,7,15.01,14.23,13.81,,,0.23,,13.72,0.52
51344,NGC5584,47,6,186,11,11.93,11.50,11.27,,,0.86,,11.20,0.09
51345,PGC051345,63,4,188,7,15.89,15.64,15.43,,,0.10,,15.44,0.18
51349,ESO385-015,71,3,437,18,,,,12.03,12.63,,0.33,,
51396,NGC5608,59,5,124,8,13.49,13.21,13.04,13.89,14.46,0.59,0.52,13.03,0.10
51400,UGC09215,61,5,211,5,12.83,12.48,12.27,12.77,13.24,0.65,0.62,12.22,0.16
51401,PGC051401,69,3,97,8,14.28,13.92,13.76,,,0.18,,13.72,0.25
51404,IC4407,58,4,194,11,,,,14.40,15.23,,0.35,,
51406,PGC051406,64,4,368,18,,,,13.06,13.46,,0.23,,
51416,PGC051416,71,3,236,7,15.77,15.46,15.24,,,0.15,,15.21,0.25
51418,PGC051418,52,4,273,9,15.39,14.98,14.76,,,0.19,,14.73,0.12
51419,UGC09222,75,3,308,15,14.64,13.89,13.48,,,0.19,,13.44,0.27
51423,NGC5599,73,3,444,5,14.09,13.38,12.97,,,0.27,,12.90,0.24
51425,PGC51425,76,3,196,19,15.78,15.53,15.39,,,0.11,,15.39,0.36
51426,UGC09224,89,1,319,20,16.64,15.94,15.54,,,0.22,,15.49,0.81
51428,NGC5592,64,5,402,18,,,,11.86,12.32,,0.25,,
51438,PGC051438,59,4,350,7,15.37,14.72,14.35,,,0.15,,14.29,0.16
51444,PGC051444,54,5,364,12,14.92,14.47,14.16,,,0.14,,14.14,0.13
51445,NGC5595,62,4,298,15,,,,11.54,11.96,,0.39,,
51448,NGC5616,83,3,569,17,13.74,13.06,12.61,12.21,12.73,0.47,0.35,12.57,0.44
51449,UGC09225,66,4,112,5,15.27,14.89,14.69,,,0.33,,14.65,0.13
51450,NGC5610,69,3,393,6,13.38,12.77,12.41,12.11,12.29,0.31,0.25,12.36,0.05
51464,UGC09233,72,3,420,19,14.45,13.82,13.49,,,0.27,,13.43,0.26
51470,UGC09235,66,4,379,18,14.62,13.90,13.52,,,0.20,,13.47,0.15
51471,NGC5604,61,4,311,8,13.27,12.61,12.25,11.99,12.52,0.26,0.26,12.12,0.17
51474,PGC051474,66,4,256,13,15.68,15.37,15.08,,,0.09,,15.07,0.23
51477,UGC09238,72,3,196,6,15.35,14.85,14.59,,,0.28,,14.55,0.26
51481,PGC051481,53,4,354,19,15.12,14.51,14.17,,,0.19,,14.12,0.12
51483,UGC09236,75,3,274,5,14.87,14.32,14.02,,,0.29,,13.97,0.33
51486,PGC051486,47,6,266,5,15.21,14.77,14.49,,,0.17,,14.47,0.10
51498,UGC09239,88,2,402,11,14.86,14.07,13.60,,,0.29,,13.55,0.80
51503,UGC09242,90,1,183,7,13.73,13.38,13.19,13.74,14.39,1.29,1.26,13.17,0.41
51509,UGC09245,53,4,125,16,14.24,13.80,13.54,,,0.51,,13.51,0.10
51511,UGC09243,69,3,174,5,14.94,14.47,14.25,,,0.33,,14.22,0.22
51520,IC4420,58,5,174,5,15.21,14.88,14.68,,,0.16,,14.65,0.13
51523,PGC051523,61,4,121,12,,,,13.98,14.61,,0.29,,
51526,ESO511-040,63,4,234,13,,,,14.54,14.43,,0.36,,
51537,UGC09244,57,4,407,6,14.04,13.45,13.11,,,0.27,,13.05,0.13
51541,NGC5622,59,4,317,13,13.72,13.17,12.84,,,0.33,,12.79,0.16
51549,IC4423,64,4,403,5,14.81,14.09,13.71,13.77,14.38,0.20,0.22,13.65,0.20
51557,UGC09246,74,4,327,5,14.86,14.35,13.97,,,0.30,,13.91,0.33
51568,NGC5624,54,4,93,18,13.90,13.47,13.24,,,0.29,,13.21,0.14
51569,PGC051569,50,4,185,18,15.70,15.09,14.79,,,0.13,,14.72,0.11
51573,PGC051573,53,4,238,18,15.21,14.66,14.37,,,0.19,,14.23,0.12
51587,UGC09249,89,2,140,5,14.54,14.22,14.03,14.84,15.05,0.53,0.68,14.00,0.40
51589,UGC09253,82,3,278,5,14.27,13.76,13.55,,,0.39,,13.52,0.50
51591,IC4427,72,3,400,15,15.09,14.45,14.07,,,0.15,,14.01,0.27
51595,UGC09269,86,2,223,13,15.70,15.28,15.04,,,0.27,,15.02,0.50
51600,IC1012,52,4,209,5,14.28,13.94,13.75,,,0.23,,13.72,0.12
51601,UGC09262,89,1,524,9,14.94,14.27,13.88,,,0.21,,13.84,0.69
51603,NGC5618,53,4,276,19,13.76,13.13,12.79,,,0.36,,12.68,0.12
51604,UGC09252,82,3,81,5,15.82,15.45,15.27,,,0.28,,15.22,0.25
51605,PGC051605,51,4,123,5,14.30,13.58,13.18,,,0.25,,13.10,0.12
51610,NGC5619,65,4,457,41,12.92,12.15,11.74,11.60,12.04,0.47,0.50,11.66,0.11
51613,ESO001-006,78,3,305,16,,,,12.07,12.69,,0.53,,
51620,NGC5633,53,4,272,12,12.74,12.18,11.86,,,0.26,,11.83,0.08
51621,UGC09266,50,4,155,6,14.85,14.50,14.31,,,0.23,,14.29,0.11
51624,IC4424,72,3,370,7,14.58,13.85,13.42,,,0.14,,13.34,0.22
51626,ESO385-025,52,4,277,16,,,,12.93,13.54,,0.32,,
51633,PGC051633,72,3,296,5,15.26,14.72,14.44,,,0.19,,14.39,0.29
51635,NGC5630,71,3,228,7,13.26,12.94,12.78,,,0.41,,12.77,0.29
51638,UGC09264,82,3,265,7,15.72,15.26,15.00,,,0.23,,14.94,0.42
51657,PGC051657,59,4,337,10,14.93,14.33,13.97,,,0.17,,13.91,0.16
51664,UGC09273,68,4,80,5,14.79,14.43,14.25,15.06,15.59,0.29,0.31,14.22,0.13
51665,UGC09279,73,3,160,5,16.03,15.72,15.57,,,0.24,,15.56,0.17
51670,PGC051670,61,4,210,5,15.35,14.94,14.69,,,0.22,,14.66,0.16
51683,PGC051683,70,3,333,18,14.89,14.36,14.05,,,0.17,,13.99,0.27
51685,IC1014,54,4,193,5,13.00,12.59,12.36,12.77,13.45,0.56,0.66,12.32,0.11
51688,PGC051688,64,4,241,29,15.49,15.01,14.52,,,0.20,,14.44,0.21
51700,PGC051700,65,4,185,18,15.30,14.75,14.42,,,0.15,,14.40,0.22
51706,NGC5635,72,3,744,9,12.77,11.98,11.54,11.47,12.16,0.44,0.40,11.48,0.14
51710,PGC051710,71,3,182,11,15.28,14.81,14.61,,,0.19,,14.57,0.27
51713,UGC09291,61,4,250,19,13.41,12.91,12.60,,,0.51,,12.57,0.19
51717,PGC051717,48,6,183,5,15.13,14.62,14.29,,,0.17,,14.23,0.10
51719,PGC051719,79,3,170,5,15.06,14.60,14.38,,,0.19,,14.32,0.39
51725,IC4442,55,4,232,6,14.47,13.77,13.37,,,0.13,,13.32,0.09
51730,NGC5639,55,4,241,5,13.88,13.33,13.01,,,0.34,,12.96,0.14
51732,UGC09286,65,4,472,18,14.49,13.75,13.29,,,0.24,,13.20,0.14
51739,PGC051739,51,4,296,5,15.22,14.74,14.45,,,0.22,,14.39,0.12
51741,UGC09285,85,2,147,5,14.77,14.21,13.91,,,0.41,,13.86,0.58
51745,UGC09303,85,4,213,5,15.69,15.27,15.06,,,0.19,,15.05,0.51
51747,UGC09302,86,2,175,13,15.42,14.92,14.65,,,0.31,,14.62,0.55
51750,PGC051750,72,3,197,9,15.55,15.17,14.94,,,0.14,,14.90,0.28
51752,UGC09292,82,3,560,44,14.58,13.79,13.37,,,0.27,,13.30,0.46
51758,NGC5641,58,4,521,5,12.78,12.04,11.63,11.69,12.35,0.40,0.39,11.57,0.06
51767,UGC09355,88,2,189,16,,,,13.00,13.44,,0.23,,
51768,ESO511-044,75,3,419,20,,,,13.04,13.52,,0.28,,
51776,ESO385-031,89,1,128,13,,,,16.39,17.03,,0.38,,
51777,PGC51777,74,3,276,18,15.27,14.84,14.57,,,0.25,,14.55,0.32
51780,UGC09299,68,4,187,5,14.04,13.72,13.57,14.31,14.86,0.46,0.39,13.50,0.13
51782,UGC09305,80,3,135,5,16.12,15.81,15.71,,,0.18,,15.67,0.24
51784,UGC09309,64,4,345,6,14.88,14.39,14.06,,,0.17,,13.99,0.21
51790,PGC051790,63,4,322,5,15.45,14.76,14.39,,,0.18,,14.32,0.18
53469,NGC5832,54,4,153,9,,,,12.25,13.01,,0.75,,
51793,PGC051793,77,3,224,5,15.39,15.05,14.87,,,0.18,,14.84,0.27
51808,IC1022,77,3,201,5,14.59,14.12,13.81,,,0.25,,13.75,0.37
51809,UGC09310,81,3,132,5,14.33,13.88,13.62,14.15,14.81,0.50,0.53,13.56,0.24
51820,ESO385-032,54,4,264,17,,,,12.02,12.64,,0.55,,
51831,NGC5656,50,4,358,5,12.65,12.04,11.70,,,0.27,,11.67,0.01
51846,NGC5645,57,4,179,5,12.37,11.94,11.71,12.17,12.82,0.57,0.49,11.66,0.15
51850,NGC5657,70,3,325,5,13.74,13.14,12.80,,,0.26,,12.76,0.26
51851,ESO511-046,54,4,195,14,,,,13.42,13.97,,0.33,,
51854,PGC051854,56,4,362,8,14.93,14.47,14.18,,,0.15,,14.15,0.14
51865,NGC5650,53,4,407,5,13.24,12.78,12.51,,,0.35,,12.46,0.11
51875,NGC5659,79,3,340,5,14.05,13.32,12.92,12.89,13.46,0.34,0.35,12.84,0.42
51877,PGC051877,69,3,85,5,14.47,14.31,14.25,,,0.13,,14.25,0.21
51878,UGC09338,71,3,338,5,14.93,14.35,14.02,,,0.24,,13.95,0.29
51883,UGC09339,64,4,356,8,14.55,13.86,13.47,,,0.18,,13.41,0.17
51890,ESO447-017,72,3,543,16,,,,12.19,12.79,,0.38,,
51900,ESO579-025,52,4,285,16,14.92,14.23,13.87,13.86,14.36,0.22,0.23,13.71,0.13
51901,NGC5673,83,3,256,12,13.63,13.22,13.00,13.32,13.84,0.60,0.53,12.97,0.40
51909,UGC09345,88,2,200,7,15.38,14.94,14.74,15.34,15.96,0.31,0.29,14.69,0.47
51912,PGC051912,72,3,181,5,15.28,14.85,14.63,15.32,15.84,0.20,0.21,14.58,0.18
51921,NGC5661,72,3,248,5,13.88,13.43,13.20,13.37,13.87,0.35,0.26,13.15,0.29
51932,NGC5678,59,4,382,9,11.70,11.07,10.70,10.65,11.15,0.60,0.56,10.67,0.10
51939,IC4450,58,5,401,5,14.63,14.05,13.69,,,0.19,,13.65,0.15
51948,ESO447-019,84,3,333,12,,,,12.55,13.07,,0.30,,
51953,NGC5665,53,5,169,8,12.40,11.88,11.63,11.72,12.16,0.44,0.36,11.58,0.11
51955,IC1029,83,3,444,10,12.84,12.06,11.62,11.48,12.12,0.41,0.36,11.58,0.51
51958,UGC09351,90,1,203,13,16.34,15.96,15.73,,,0.26,,15.69,0.52
51972,ESO222-009,83,3,348,18,,,,13.26,13.87,,0.32,,
51973,NGC5669,51,4,188,5,12.00,11.62,11.39,11.95,12.52,0.85,0.76,11.34,0.10
51978,NGC5676,64,4,444,8,11.53,10.88,10.52,10.36,10.85,0.68,0.61,10.46,0.12
51982,PGC051982,53,4,196,10,,,,14.12,14.59,,0.30,,
51984,UGC09356,66,4,229,5,13.81,13.42,13.20,13.58,14.18,0.30,0.30,13.16,0.21
51997,PGC051997,83,3,235,5,15.70,15.31,15.09,,,0.25,,15.05,0.39
52005,IC1028,71,3,386,17,14.01,13.34,12.93,,,0.22,,12.89,0.23
52006,UGC09359,87,2,205,13,15.81,15.39,15.16,,,0.28,,15.09,0.45
52012,PGC052012,71,5,231,5,15.10,14.71,14.51,,,0.26,,14.48,0.25
52308,PGC052308,84,3,233,18,16.24,15.69,15.40,,,0.25,,15.35,0.45
52016,UGC09364,66,5,169,5,14.61,14.17,13.94,14.48,15.22,0.34,0.36,13.89,0.16
52030,UGC09377,87,2,130,15,16.63,16.38,16.19,,,0.23,,16.17,0.33
52033,NGC5664,68,4,471,18,,,,12.55,12.84,,0.17,,
52044,UGC09375,87,2,467,20,15.52,14.77,14.33,,,0.22,,14.26,0.65
52057,NGC5612,67,4,447,20,,,,11.00,11.56,,0.27,,
52069,UGC09374,86,9,524,18,14.84,13.97,13.52,,,0.21,,13.44,0.31
52090,ESO447-023,64,4,302,12,,,,12.78,13.23,,0.30,,
52093,PGC052093,60,4,228,5,15.15,14.73,14.48,,,0.22,,14.44,0.17
52103,ESO512-005,90,1,268,13,,,,15.62,16.11,,0.27,,
52104,PGC052104,66,4,317,19,15.77,15.18,14.84,,,0.17,,14.78,0.24
52107,NGC5682,80,3,216,18,14.13,13.65,13.40,,,0.52,,13.34,0.42
52109,PGC052109,54,4,370,15,14.65,14.08,13.75,,,0.23,,13.70,0.13
52121,PGC052121,89,1,424,18,,,,13.35,13.95,,0.26,,
52139,PGC052139,58,4,259,19,15.20,14.63,14.31,,,0.16,,14.25,0.16
52142,UGC09405,61,5,82,5,14.40,13.95,13.76,14.54,15.09,0.68,0.57,13.74,0.08
52151,PGC052151,72,3,223,20,15.27,14.62,14.26,,,0.14,,14.19,0.29
52153,UGC09390,90,1,217,5,17.09,16.75,16.52,,,0.20,,16.49,0.46
52159,UGC09389,78,3,226,5,13.86,13.52,13.35,13.92,14.08,0.50,0.46,13.31,0.25
52167,UGC09394,80,3,177,5,14.35,13.98,13.80,14.49,15.04,0.53,0.47,13.76,0.21
52178,UGC09392,86,3,85,8,16.51,16.11,15.83,,,0.36,,15.77,0.31
52190,UGC09401,71,3,502,11,13.71,12.92,12.46,12.35,13.02,0.25,0.30,12.37,0.18
52193,PGC052193,82,5,125,5,15.51,15.25,15.13,,,0.14,,15.10,0.32
52212,PGC052212,54,4,109,5,15.77,15.35,15.14,,,0.31,,15.10,0.10
52217,UGC09409,82,3,352,17,15.00,14.25,13.86,,,0.18,,13.82,0.50
52218,PGC052218,72,3,271,5,14.95,14.37,14.06,,,0.22,,13.99,0.29
52235,NGC5696,48,6,337,10,13.38,12.85,12.56,,,0.29,,12.52,0.08
52239,PGC052239,81,3,292,5,15.15,14.48,14.14,,,0.24,,14.07,0.48
52247,UGC09422,89,1,299,10,14.63,14.08,13.75,13.80,14.31,0.46,0.43,13.70,0.74
52248,UGC09410,72,3,311,6,15.24,14.74,14.45,,,0.23,,14.39,0.30
52251,NGC5698,59,4,294,9,13.34,12.72,12.40,,,0.47,,12.37,0.15
52258,IC4469,89,1,308,5,15.10,14.49,14.14,13.81,14.32,0.38,0.39,14.08,0.79
52266,NGC5707,84,3,405,7,12.91,12.15,11.69,11.82,12.40,0.36,0.32,11.66,0.53
52273,NGC5690,81,3,298,5,12.29,11.74,11.37,11.17,11.65,0.75,0.60,11.30,0.48
52279,UGC09424,57,4,222,6,15.30,14.87,14.61,,,0.25,,14.57,0.15
52280,PGC052280,71,3,219,5,15.37,15.00,14.78,,,0.17,,14.73,0.28
52307,NGC5714,88,2,328,13,13.58,12.94,12.59,12.31,12.85,0.60,0.48,12.56,0.79
52315,NGC5708,72,3,233,9,13.42,12.96,12.71,12.93,13.45,0.39,0.42,12.69,0.30
52320,IC1036,56,4,296,30,15.29,14.71,14.35,,,0.13,,14.28,0.14
52324,IC4468,78,3,269,8,,,,12.28,12.81,,0.38,,
52328,NGC5720,52,4,409,17,13.72,13.12,12.78,12.93,13.59,0.32,0.30,12.74,0.12
52333,PGC052333,74,3,314,12,15.53,14.97,14.59,,,0.17,,14.52,0.33
52339,PGC052339,88,2,199,20,16.32,15.84,15.59,,,0.19,,15.54,0.70
52343,NGC5709,75,3,344,5,13.90,13.24,12.86,12.92,13.50,0.38,0.38,12.82,0.35
52344,UGC09448,88,2,245,12,14.88,14.24,13.87,13.76,14.26,0.36,0.34,13.83,0.73
52350,PGC052350,54,4,273,17,15.20,14.58,14.25,,,0.15,,14.21,0.12
52361,UGC09437,64,4,413,8,15.48,14.92,14.60,,,0.17,,14.52,0.21
52376,NGC5711,62,4,395,14,14.54,13.85,13.41,,,0.19,,13.34,0.13
52380,UGC09443,75,3,494,5,14.86,14.14,13.71,,,0.17,,13.63,0.33
52381,NGC5688,63,4,438,13,,,,10.80,11.38,,0.90,,
52383,UGC09449,84,3,212,5,15.36,14.87,14.55,,,0.26,,14.48,0.50
52390,UGC09450,90,1,183,10,16.42,16.14,15.98,,,0.22,,15.94,0.49
52395,NGC5705,56,5,173,7,0.78,0.67,0.91,,,0.72,,0.86,0.00
52396,NGC5730,86,2,258,9,14.02,13.50,13.23,13.24,13.75,0.44,0.37,13.20,0.57
52409,NGC5731,81,3,212,18,13.99,13.65,13.50,13.81,14.48,0.26,0.30,13.48,0.40
52410,IC4472,86,2,363,15,,,,11.41,11.93,,0.47,,
52411,ESO512-012,90,1,475,17,,,,11.48,11.94,,0.45,,
52417,IC4483,76,3,411,17,14.62,13.98,13.58,,,0.28,,13.51,0.34
52419,IC4485,50,4,355,18,15.33,14.61,14.23,,,0.12,,14.17,0.08
52424,NGC5727,62,4,182,5,13.71,13.41,13.23,,,0.49,,13.21,0.17
52444,PGC052444,59,4,349,8,14.67,14.33,14.08,,,0.18,,14.04,0.17
52446,ESO386-006,81,3,282,12,,,,13.27,13.88,,0.31,,
52449,PGC052449,87,2,398,5,16.13,15.39,14.97,,,0.19,,14.90,0.73
52455,NGC5719,76,4,375,8,12.26,11.39,10.91,10.59,11.15,0.52,0.33,10.84,0.24
52456,NGC5725,52,4,134,5,14.12,13.71,13.50,,,0.23,,13.43,0.13
52460,PGC052460,52,4,173,20,,,,13.43,13.94,,0.27,,
52473,ESO386-007,88,2,276,15,,,,13.75,14.34,,0.24,,
52476,UGC09476,55,4,222,16,13.26,12.76,12.46,,,0.43,,12.42,0.13
52488,UGC09471,65,4,226,5,14.48,14.06,13.82,,,0.28,,13.76,0.22
52497,ESO272-024,69,3,279,11,,,,12.85,13.38,,0.22,,
52500,UGC09472,70,3,143,11,15.69,15.26,14.90,,,0.30,,14.80,0.17
52504,UGC09475,86,2,336,5,15.82,15.21,14.88,,,0.24,,14.81,0.64
52507,NGC5729,80,3,274,8,,,,11.70,12.17,,0.48,,
52511,PGC052511,70,3,215,7,15.80,15.41,15.17,,,0.23,,15.14,0.23
52514,ESO580-009,58,5,209,17,,,,14.95,15.49,,0.38,,
52519,PGC052519,62,4,377,5,14.86,14.24,13.86,,,0.16,,13.79,0.17
52521,NGC5728,50,4,393,19,,,,10.50,11.07,,0.54,,
52532,UGC09479,76,3,362,5,14.79,14.18,13.81,,,0.28,,13.74,0.37
52552,ESO512-016,85,2,162,13,,,,14.73,15.35,,0.38,,
52564,IC1048,85,3,304,5,13.26,12.55,12.14,11.98,12.47,0.53,0.42,12.07,0.62
52565,UGC09487,78,3,498,19,15.36,14.63,14.22,,,0.18,,14.14,0.35
52567,PGC052567,64,4,304,5,16.16,15.59,15.22,,,0.09,,15.15,0.21
52570,PGC52570,72,3,175,20,15.55,15.10,14.89,,,0.11,,14.86,0.30
52574,UGC09485,82,3,159,5,15.30,14.99,14.80,,,0.42,,14.74,0.23
52582,NGC5737,50,4,363,13,14.18,13.51,13.13,,,0.18,,13.05,0.04
52587,PGC052587,75,3,136,5,15.80,15.45,15.29,,,0.18,,15.27,0.26
52602,UGC09490,88,2,416,5,15.25,14.68,14.25,,,0.31,,14.17,0.81
52605,PGC052605,67,4,315,5,14.56,14.03,13.76,,,0.16,,13.70,0.25
52607,NGC5751,60,4,223,17,13.63,13.09,12.79,,,0.33,,12.76,0.15
52620,ESO386-016,90,1,363,20,,,,14.42,15.02,,0.20,,
52624,PGC052624,77,3,298,5,15.23,14.70,14.38,,,0.19,,14.30,0.38
52630,IC1050,65,4,309,17,14.70,14.06,13.69,,,0.13,,13.62,0.19
52632,IC1052,77,3,436,5,14.78,14.20,13.85,,,0.22,,13.77,0.36
52635,PGC052635,84,3,349,5,15.32,14.56,14.13,,,0.18,,14.05,0.57
52641,NGC5740,60,4,327,5,12.29,11.67,11.32,11.37,11.96,0.47,0.41,11.25,0.16
52663,UGC09502,89,1,214,12,16.19,15.70,15.43,,,0.22,,15.40,0.71
52665,NGC5746,86,2,629,5,11.16,10.27,9.76,,,1.26,,9.69,0.24
52670,PGC052670,72,3,327,5,15.45,14.91,14.60,,,0.22,,14.51,0.29
52710,ESO580-019,90,1,190,17,,,,16.23,16.91,,0.22,,
52712,UGC09510,78,3,400,5,15.09,14.48,14.13,,,0.25,,14.08,0.40
52713,IC1056,50,4,218,15,13.82,13.39,13.13,13.44,14.03,0.33,0.32,13.08,0.11
52717,ESO022-003,53,4,189,10,,,,13.47,13.89,,0.59,,
52724,PGC052724,64,4,238,17,15.95,15.43,15.14,,,0.16,,15.10,0.21
52730,ESO580-022,54,4,145,14,,,,13.32,13.96,,0.51,,
52766,UGC09517,56,4,302,6,14.59,14.06,13.73,,,0.20,,13.68,0.15
52774,ESO447-036,86,2,513,17,,,,12.20,12.85,,0.41,,
52781,UGC09521,53,4,520,19,13.97,13.20,12.78,,,0.23,,12.70,0.00
52783,PGC052783,56,4,259,20,15.03,14.46,14.14,,,0.14,,14.10,0.12
52795,UGC09527,83,3,155,13,15.82,15.50,15.30,,,0.25,,15.24,0.36
52802,PGC052802,61,4,144,17,,,,14.92,15.49,,0.43,,
52805,PGC052805,61,4,254,5,14.87,14.28,13.96,,,0.10,,13.88,0.17
52822,PGC052822,83,3,317,19,15.79,15.18,14.81,,,0.20,,14.74,0.54
52823,ESO580-028,88,2,351,17,,,,13.76,14.19,,0.24,,
52824,ESO580-029,86,2,328,12,,,,12.10,12.63,,0.40,,
52825,NGC5756,70,4,291,17,,,,11.51,12.04,,0.52,,
52832,UGC09530,48,6,222,16,14.74,14.23,13.91,,,0.18,,13.86,0.10
52833,NGC5760,68,4,438,5,13.77,13.08,12.70,12.72,13.33,0.24,0.26,12.60,0.20
52866,PGC052866,76,3,243,5,15.95,15.54,15.26,,,0.16,,15.23,0.33
52872,UGC09533,82,3,429,7,14.81,14.20,13.85,,,0.25,,13.80,0.50
52874,IC4509,79,3,181,5,14.76,14.34,14.12,,,0.19,,14.09,0.42
52877,UGC09537,83,3,613,8,13.85,13.06,12.67,12.48,13.05,0.42,0.44,12.61,0.54
52888,PGC052888,72,3,425,5,15.43,14.81,14.42,,,0.21,,14.33,0.30
52890,PGC052890,56,4,212,18,15.70,15.36,15.11,,,0.19,,15.08,0.13
52906,ESO580-037,54,4,301,13,,,,13.32,13.90,,0.32,,
52908,UGC09542,78,3,316,18,14.36,13.76,13.42,,,0.33,,13.38,0.41
52914,ESO386-026,89,1,269,18,,,,15.07,15.46,,0.25,,
52915,IC1058,78,3,582,20,14.37,13.56,13.15,,,0.22,,13.08,0.09
52921,UGC09541,89,1,465,5,15.38,14.63,14.20,13.90,14.50,0.26,0.27,14.14,0.90
52949,UGC09546,88,2,197,6,16.41,16.00,15.75,,,0.33,,15.69,0.42
52952,UGC09556,87,2,210,7,15.10,14.72,14.55,,,0.23,,14.54,0.54
52965,PGC052965,54,4,363,20,15.13,14.48,14.11,,,0.13,,14.05,0.09
52978,UGC09548,62,4,285,34,15.08,14.46,14.10,,,0.15,,14.03,0.19
52979,UGC09547,86,2,533,7,15.36,14.65,14.22,,,0.21,,14.14,0.63
52984,UGC09550,78,3,510,17,14.87,14.15,13.74,,,0.26,,13.66,0.37
52989,PGC052989,69,3,193,8,15.38,15.10,14.93,,,0.19,,14.89,0.22
52991,ESO580-041,83,3,229,14,,,,13.22,13.79,,0.43,,
53014,UGC09560,84,3,96,8,14.47,14.35,14.40,,,0.17,,14.39,0.42
53025,PGC053025,72,3,283,8,16.27,15.87,15.59,,,0.18,,15.55,0.26
53028,UGC09558,53,4,387,5,14.68,14.12,13.77,,,0.26,,13.72,0.12
53035,ESO580-045,60,4,201,17,,,,13.32,13.90,,0.46,,
53043,NGC5777,87,2,414,13,13.23,12.47,12.04,11.66,12.24,0.53,0.39,12.01,0.73
53056,PGC053056,70,3,302,15,15.16,14.70,14.39,,,0.16,,14.33,0.28
53063,PGC053063,60,4,292,5,15.17,14.72,14.42,,,0.21,,14.35,0.18
53067,NGC5772,56,4,494,13,13.05,12.36,11.98,,,0.34,,11.93,0.05
53075,IC1060,59,4,349,16,13.84,13.15,12.77,12.73,13.26,0.26,0.23,12.59,0.15
53081,PGC053081,64,4,355,11,15.12,14.55,14.17,,,0.18,,14.08,0.21
53093,PGC053093,55,4,292,11,,,,12.50,13.06,,0.25,,
53118,PGC053118,53,4,236,20,16.19,15.72,15.43,,,0.11,,15.39,0.12
53128,PGC053128,78,3,443,9,15.08,14.26,13.82,,,0.18,,13.71,0.36
53135,PGC053135,50,4,246,5,14.91,14.42,14.09,,,0.15,,14.02,0.11
53143,PGC053143,67,4,228,8,15.19,14.85,14.63,,,0.20,,14.59,0.23
53176,IC1066,57,4,201,10,13.59,13.01,12.67,,,0.29,,12.58,0.15
53183,ESO580-049,85,2,259,12,,,,13.90,14.27,,0.35,,
53212,PGC053212,64,4,303,17,,,,14.36,14.78,,0.17,,
53216,PGC053216,84,3,383,13,,,,13.70,14.32,,0.26,,
53217,NGC5783,57,4,242,19,13.05,12.60,12.35,12.69,13.24,0.54,0.54,12.29,0.15
53226,UGC09583,83,3,350,19,15.20,14.53,14.14,,,0.18,,14.08,0.53
53240,UGC09650,87,2,175,20,,,,12.02,12.70,,0.28,,
53243,PGC053243,76,3,222,5,15.42,14.90,14.58,,,0.21,,14.52,0.36
53245,IC1070,72,3,184,51,15.27,14.60,14.26,,,0.15,,14.17,0.30
53247,NGC5775,87,3,399,5,11.81,11.06,10.63,9.98,10.41,0.91,0.75,10.55,0.66
53248,UGC09580,82,3,200,65,15.69,15.24,14.95,,,0.18,,14.90,0.42
53252,PGC053252,83,3,355,6,15.20,14.62,14.28,,,0.20,,14.21,0.53
53282,PGC053282,69,3,213,16,15.59,15.23,15.04,15.41,15.90,0.14,0.17,15.02,0.23
53291,IC4517,89,3,438,18,14.92,13.98,13.44,13.23,13.86,0.20,0.21,13.36,0.73
53301,PGC053301,82,3,386,18,15.45,14.79,14.39,14.24,14.72,0.21,0.24,14.31,0.51
53303,PGC053303,66,4,273,13,,,,12.79,13.41,,0.38,,
53314,IC1075,63,4,289,5,14.54,14.04,13.76,14.04,14.64,0.25,0.25,13.70,0.19
53317,UGC09597,54,4,128,5,15.59,15.28,15.09,,,0.30,,15.06,0.08
53318,PGC053318,77,3,330,17,15.56,15.01,14.56,14.44,14.88,0.16,0.16,14.48,0.38
53320,IC1076,62,4,293,6,13.99,13.51,13.26,,,0.17,,13.21,0.18
53332,UGC09598,73,3,368,13,14.21,13.56,13.19,13.27,13.86,0.33,0.33,13.14,0.32
53335,UGC09605,88,2,226,20,15.69,15.16,14.88,15.17,15.86,0.23,0.26,14.83,0.57
53336,ESO580-052,53,4,237,14,,,,13.08,13.52,,0.39,,
53376,UGC09606,90,1,367,7,15.64,14.82,14.36,13.60,14.05,0.27,0.27,14.27,0.98
53412,ESO513-009,56,4,270,18,,,,13.70,14.21,,0.29,,
53417,NGC5781,69,5,236,13,,,,12.42,12.88,,0.23,,
53421,UGC09613,64,4,152,44,15.20,14.62,14.28,14.41,14.99,0.20,0.23,14.21,0.17
53425,PGC053425,53,4,215,18,15.48,15.02,14.73,15.10,15.66,0.16,0.20,14.70,0.12
53436,UGC09620,61,4,242,5,14.34,13.84,13.58,,,0.20,,13.52,0.18
53439,PGC053439,88,2,219,7,15.88,15.35,15.05,15.13,15.67,0.23,0.29,14.99,0.54
53460,PGC053460,72,3,376,5,16.24,15.75,15.41,,,0.14,,15.36,0.29
53462,PGC053462,68,4,373,18,14.65,13.97,13.58,13.56,14.09,0.17,0.19,13.50,0.20
53463,NGC5798,54,4,179,5,13.33,12.96,12.76,,,0.33,,12.73,0.14
53470,UGC09625,76,3,456,5,14.01,13.27,12.86,,,0.28,,12.78,0.27
53490,PGC053490,77,3,257,5,15.36,14.85,14.54,,,0.21,,14.45,0.36
53497,ESO327-036,86,2,564,19,,,,12.65,13.29,,0.27,,
53499,NGC5792,81,4,422,10,11.61,10.87,10.42,10.12,10.66,1.15,0.81,10.31,0.43
53510,UGC09637,87,2,139,12,15.84,15.56,15.31,16.21,16.86,0.46,0.55,15.29,0.32
53528,UGC09634,64,7,363,18,15.40,14.66,14.27,14.23,14.77,0.14,0.19,14.17,0.21
53546,ESO581-010,53,4,223,12,,,,14.56,14.91,,0.37,,
53558,IC4521,55,4,334,5,14.98,14.34,13.96,13.85,14.31,0.14,0.16,13.87,0.13
53560,PGC053560,62,4,307,5,15.55,15.02,14.70,14.84,15.39,0.14,0.19,14.66,0.17
53562,ESO581-011,81,3,235,16,,,,14.45,14.90,,0.32,,
53563,UGC09646,89,2,272,12,16.47,15.99,15.70,15.94,16.55,0.23,0.26,15.65,0.54
53578,NGC5806,60,4,321,8,11.89,11.17,10.79,10.76,11.35,0.59,0.57,10.70,0.11
53582,PGC053582,49,6,149,17,15.75,15.43,15.26,15.98,16.39,0.20,0.22,15.24,0.07
53585,PGC053585,83,3,501,7,15.26,14.49,14.08,13.89,14.47,0.21,0.22,14.00,0.54
53594,ESO386-044,54,4,293,19,,,,13.72,14.26,,0.23,,
53600,NGC5815,63,4,175,10,,,,13.32,13.86,,0.25,,
53608,ESO386-045,87,2,168,20,,,,16.61,-100.00,,0.29,,
53622,UGC09657,82,3,200,16,15.06,14.66,14.45,15.20,15.92,0.33,0.30,14.41,0.25
53628,ESO386-046,78,3,157,17,,,,16.15,16.96,,0.38,,
53634,PGC053634,82,3,199,15,,,,14.46,14.85,,0.52,,
53641,UGC9660,69,3,79,11,13.98,13.67,13.52,14.25,14.88,0.23,0.26,13.48,0.14
53645,PGC053645,51,4,341,19,,,,13.95,14.51,,0.19,,
53651,UGC09656,78,3,239,5,15.10,14.62,14.33,14.78,15.38,0.28,0.26,14.27,0.29
53656,PGC053656,54,4,184,6,15.47,15.11,14.87,,,0.21,,14.83,0.11
53657,UGC09665,83,3,290,7,13.96,13.31,12.96,12.55,13.04,0.34,0.30,12.91,0.54
53674,NGC5830,49,6,337,18,14.44,13.80,13.43,13.34,13.88,0.15,0.17,13.36,0.08
53675,UGC09659,70,3,356,6,15.34,14.85,14.57,,,0.21,,14.51,0.28
53680,ESO328-007,81,3,266,20,,,,14.55,14.94,,0.26,,
53694,PGC053694,64,4,164,17,15.77,15.31,15.09,15.79,16.43,0.19,0.20,15.06,0.13
53697,PGC053697,78,3,180,11,,,,14.78,15.42,,0.68,,
53698,PGC053698,66,4,415,5,15.27,14.68,14.32,14.32,14.82,0.23,0.27,14.24,0.22
53708,UGC09672,52,4,154,5,15.97,15.54,15.38,,,0.28,,15.32,0.08
53711,NGC5810,55,5,170,15,,,,13.17,13.71,,0.28,,
53713,PGC053713,65,4,260,9,15.31,14.83,14.57,,,0.19,,14.51,0.22
53728,PGC053728,89,1,424,9,15.80,15.26,14.88,14.09,14.44,0.18,0.20,14.79,0.91
53730,PGC053730,69,4,266,17,15.75,15.30,15.03,15.11,15.67,0.15,0.20,14.96,0.25
53733,UGC09675,75,6,377,5,14.85,14.12,13.71,13.64,14.17,0.22,0.23,13.63,0.31
53737,UGC09676,61,4,157,5,15.33,14.90,14.64,,,0.29,,14.59,0.14
53746,UGC09677,87,2,646,20,14.97,14.12,13.63,13.21,13.85,0.29,0.28,13.50,0.67
53747,PGC053747,70,3,425,15,15.83,15.36,15.02,15.13,15.58,0.18,0.20,14.99,0.27
53752,IC4530,81,3,562,19,14.79,13.97,13.54,13.33,13.93,0.19,0.24,13.44,0.40
53764,PGC053764,86,2,190,20,15.40,14.80,14.49,14.77,15.64,0.40,0.37,14.28,0.38
53779,PGC053779,54,4,145,20,,,,12.86,13.50,,0.42,,
53796,PGC053796,86,2,216,10,,,,14.53,14.97,,0.45,,
53800,PGC053800,62,4,427,17,15.62,14.95,14.54,14.65,15.21,0.23,0.28,14.47,0.19
53802,UGC09682,82,3,190,12,14.71,14.25,13.98,14.42,15.19,0.51,0.60,13.87,0.26
53803,IC4533,53,4,414,20,14.51,13.81,13.42,13.51,14.13,0.19,0.20,13.35,0.09
53817,NGC5837,56,4,335,17,14.00,13.44,13.10,13.02,13.49,0.19,0.19,13.03,0.13
53841,PGC053841,70,3,424,13,14.50,13.90,13.52,,,0.26,,13.42,0.26
53842,UGC09704,87,2,324,19,16.01,15.39,15.02,,,0.24,,14.98,0.74
53844,UGC09702,85,2,238,18,15.15,14.59,14.29,14.39,14.96,0.22,0.21,14.25,0.55
53852,UGC09695,58,4,519,19,14.96,14.23,13.83,13.88,14.46,0.17,0.19,13.75,0.14
53853,PGC053853,65,4,347,19,15.13,14.58,14.27,,,0.20,,14.24,0.20
53861,UGC09703,78,3,214,9,14.52,13.85,13.51,13.46,13.99,0.23,0.26,13.47,0.40
53872,PGC053872,54,4,329,14,15.29,14.66,14.27,14.45,15.02,0.17,0.19,14.18,0.14
53876,UGC09701,58,4,276,10,15.00,14.61,14.34,14.61,15.09,0.21,0.23,14.32,0.16
53885,PGC053885,88,2,464,20,15.25,14.46,14.00,13.54,13.84,0.15,0.19,13.94,0.67
53890,PGC053890,64,4,379,8,15.31,14.70,14.35,,,0.15,,14.26,0.21
53891,UGC09699,74,3,318,5,15.03,14.50,13.82,,,0.32,,13.73,0.32
53910,PGC053910,80,3,452,18,15.70,15.11,14.72,14.47,14.98,0.14,0.18,14.63,0.45
53923,PGC053923,71,3,480,19,,,,12.65,13.31,,0.27,,
53928,NGC5847,46,6,254,9,14.93,14.37,14.04,,,0.15,,13.97,0.09
53938,PGC053938,65,4,235,19,15.16,14.64,14.39,14.56,15.05,0.13,0.15,14.34,0.22
53958,PGC053958,49,6,199,7,14.57,14.19,13.99,14.37,14.79,0.23,0.24,13.94,0.11
53959,UGC09712,80,3,317,8,14.81,14.27,13.96,14.01,14.50,0.37,0.30,13.89,0.41
53965,NGC5851,72,3,345,12,14.50,13.84,13.48,,,0.22,,13.40,0.30
53976,UGC09718,58,4,401,12,14.72,14.15,13.81,13.79,14.19,0.21,0.19,13.73,0.16
53979,NGC5850,47,6,195,5,11.48,10.77,10.38,10.39,11.09,0.89,0.90,10.28,0.09
53996,NGC5843,60,4,465,20,,,,11.45,12.01,,0.37,,
53999,UGC09750,79,3,456,15,,,,12.96,13.44,,0.27,,
54001,NGC5859,75,3,449,5,12.93,12.22,11.82,11.63,12.21,0.47,0.46,11.74,0.30
54018,NGC5874,52,4,295,13,12.98,12.41,12.08,12.34,12.98,0.57,0.57,12.04,0.13
54040,PGC054040,89,2,259,7,17.09,16.45,16.09,,,0.15,,16.01,0.57
54058,PGC054058,76,3,320,10,15.50,14.88,14.52,14.50,15.07,0.19,0.20,14.44,0.36
54084,UGC09739,75,3,135,5,15.45,15.13,14.95,,,0.26,,14.88,0.18
54095,NGC5875,67,4,376,10,12.91,12.30,11.99,11.93,12.43,0.46,0.42,11.95,0.22
54096,PGC054096,83,3,256,7,16.11,15.59,15.27,15.32,15.90,0.14,0.17,15.22,0.45
54097,NGC5861,55,4,321,7,,,,10.91,11.31,,0.62,,
54106,ESO223-012,88,5,356,16,,,,9.99,10.59,,0.84,,
54117,NGC5879,72,3,269,17,11.79,11.27,11.04,11.11,11.69,0.50,0.43,11.02,0.30
54122,PGC054122,81,3,452,19,14.92,14.24,13.79,13.78,14.35,0.13,0.20,13.70,0.44
54134,UGC09746,80,3,189,6,14.43,13.84,13.52,13.70,14.26,0.39,0.37,13.43,0.37
54154,UGC09759,80,3,301,11,14.29,13.57,13.17,12.95,13.48,0.42,0.30,13.14,0.45
54158,PGC054158,62,4,266,6,15.83,15.31,14.97,15.22,15.85,0.14,0.18,14.90,0.17
54171,UGC09751,87,3,127,5,15.96,15.41,15.12,,,0.35,,15.04,0.48
54179,PGC054179,58,4,198,5,15.07,14.69,14.50,,,0.16,,14.44,0.16
54187,PGC054187,65,4,225,6,15.70,15.04,14.63,,,0.11,,14.55,0.22
54216,IC4522,80,3,318,7,,,,11.55,12.18,,0.62,,
54234,NGC5894,86,2,442,10,12.90,12.13,11.68,11.46,12.03,0.70,0.59,11.65,0.63
54250,NGC5833,70,3,407,14,,,,10.62,11.23,,0.51,,
54262,UGC09760,89,1,137,5,14.84,14.47,14.28,14.81,15.36,0.66,0.82,14.20,0.46
54267,NGC5866B,55,4,133,10,13.67,13.22,12.95,13.64,14.31,0.69,0.67,12.92,0.08
54270,PGC054270,77,3,255,7,15.79,15.41,15.18,,,0.18,,15.12,0.35
54282,UGC09765,59,4,559,16,14.66,13.91,13.51,13.55,14.19,0.29,0.29,13.40,0.16
54314,UGC09776,74,4,79,9,15.33,14.94,14.71,,,0.50,,14.69,0.16
54348,ESO581-025,83,3,333,14,,,,11.40,11.86,,0.51,,
54350,UGC09784,72,5,175,16,,,,15.39,16.03,,0.34,,
54364,NGC5878,73,3,444,10,,,,10.74,11.35,,0.64,,
54377,UGC09780,87,2,308,11,14.57,14.07,13.80,13.90,14.44,0.50,0.38,13.76,0.59
54385,PGC054385,88,2,416,10,15.52,14.68,14.21,13.66,14.27,0.23,0.23,14.08,0.83
54386,PGC054386,59,4,176,18,15.73,15.39,15.21,15.69,16.28,0.13,0.17,15.17,0.14
54392,ESO274-01,90,1,156,7,,,,10.54,11.21,,2.89,,
54393,UGC09777,57,4,289,5,14.15,13.58,13.24,13.22,13.75,0.21,0.19,13.15,0.15
54400,PGC054400,70,3,438,14,15.86,15.22,14.83,14.93,15.54,0.18,0.19,14.74,0.27
54401,PGC054401,50,4,297,20,15.19,14.60,14.24,,,0.11,,14.15,0.05
54407,UGC09791,57,4,407,18,14.60,13.99,13.65,13.80,14.44,0.21,0.20,13.62,0.15
54409,ESO513-028,80,3,170,20,,,,14.98,15.57,,0.28,,
54417,PGC054417,68,4,468,19,15.01,14.21,13.79,13.65,14.21,0.15,0.19,13.67,0.11
54424,UGC09782,89,1,455,5,16.27,15.48,15.00,,,0.24,,14.87,0.91
54428,NGC5899,72,3,472,14,12.25,11.51,11.11,10.96,11.48,0.61,0.49,11.04,0.17
54431,NGC5900,86,2,412,16,13.70,12.88,12.45,11.64,12.04,0.39,0.27,12.40,0.45
54440,PGC054440,72,3,324,19,15.59,15.06,14.71,14.54,15.06,0.26,0.25,14.62,0.30
54458,UGC09787,50,4,126,6,15.38,14.84,14.56,,,0.28,,14.48,0.11
54465,UGC09793,89,1,642,5,15.40,14.50,13.97,13.25,13.85,0.32,0.29,13.86,0.80
54470,NGC5907,89,1,469,8,10.82,10.10,9.66,9.14,9.68,2.01,1.45,9.64,0.92
54479,PGC054479,57,5,318,7,15.61,14.88,14.45,,,0.10,,14.36,0.15
54491,NGC5891,51,4,212,14,,,,13.45,13.98,,0.19,,
54496,PGC054496,87,2,114,19,14.85,14.55,14.39,,,0.18,,14.34,0.60
54536,PGC054536,72,4,142,20,15.59,14.87,14.46,,,0.14,,14.38,0.30
54565,ESO582-001,72,3,420,18,,,,12.68,13.19,,0.25,,
54595,ESO387-020,83,3,398,14,,,,13.45,14.04,,0.26,,
54600,PGC054600,72,3,341,19,15.46,14.73,14.31,14.28,14.86,0.18,0.19,14.23,0.29
54610,PGC054610,50,4,220,11,15.23,14.76,14.49,,,0.10,,14.42,0.11
54611,PGC054611,89,1,536,18,,,,12.58,13.05,,0.32,,
54612,UGC09807,72,4,432,9,14.65,14.03,13.64,13.53,13.98,0.22,0.22,13.56,0.30
54615,PGC054615,59,4,296,5,14.37,13.67,13.29,,,0.19,,13.20,0.16
54633,PGC054633,59,4,168,9,15.06,14.70,14.45,,,0.09,,14.39,0.17
54654,NGC5914,77,5,96,18,14.17,13.30,12.87,12.85,13.59,0.14,0.18,12.80,0.38
54662,ESO274-010,87,2,403,16,,,,13.23,13.76,,0.20,,
54663,PGC054663,58,4,366,8,15.25,14.68,14.34,,,0.21,,14.26,0.17
54674,UGC09812,90,1,192,6,15.47,15.15,14.95,,,0.27,,14.89,0.63
54675,PGC054675,56,5,182,11,15.66,15.44,15.30,15.90,16.25,0.18,0.23,15.25,0.08
54681,PGC054681,54,4,293,15,16.01,15.39,15.04,15.09,15.51,0.10,0.14,14.96,0.13
54683,UGC09815,80,3,195,10,15.13,14.74,14.52,,,0.44,,14.48,0.30
54690,NGC5918,71,3,386,12,13.37,12.76,12.44,12.52,13.03,0.50,0.41,12.39,0.29
54691,UGC09814,67,4,183,5,14.68,14.41,14.28,14.89,15.41,0.25,0.27,14.22,0.17
54729,PGC054729,80,3,278,14,15.40,14.81,14.50,,,0.17,,14.41,0.45
54745,PGC054745,52,8,182,8,15.18,14.87,14.63,15.12,15.52,0.13,0.15,14.58,0.11
54754,ESO582-004,72,5,202,10,,,,13.99,14.56,,0.36,,
54755,ESO387-026,66,4,455,15,,,,11.54,12.19,,0.60,,
54761,NGC5913,67,5,345,14,13.42,12.45,11.95,11.56,12.18,0.47,0.44,11.57,0.16
54772,PGC054772,84,3,386,7,15.56,14.90,14.52,,,0.18,,14.43,0.57
54785,PGC054785,56,4,55,17,15.69,15.15,14.74,,,0.18,,14.67,0.13
54798,ESO582-007,75,3,295,17,,,,14.36,14.90,,0.27,,
54810,PGC054810,84,5,315,6,15.68,15.02,14.65,14.45,14.91,0.15,0.19,14.56,0.55
54815,UGC09826,53,5,199,17,14.62,14.11,13.79,13.69,13.87,0.17,0.16,13.75,0.11
54828,PGC054828,76,3,450,100,15.25,14.62,14.26,,,0.18,,14.15,0.36
54877,ESO328-046,71,4,334,12,,,,12.30,12.89,,0.37,,
54885,UGC09828,90,1,438,5,15.55,14.73,14.24,13.60,14.13,0.30,0.28,14.09,0.98
54909,UGC09830,84,3,158,5,15.10,14.60,14.23,14.74,15.33,0.34,0.33,14.15,0.35
54944,PGC054944,55,7,174,16,,,,12.50,13.05,,0.33,,
54959,PGC054959,60,5,505,16,15.62,15.01,14.61,14.48,14.96,0.11,0.16,14.55,0.15
54969,ESO514-014,89,1,189,20,,,,15.79,16.96,,0.27,,
54971,PGC054971,61,4,298,5,15.29,14.77,14.44,14.73,15.32,0.19,0.20,14.38,0.18
54981,PGC054981,70,3,425,12,15.48,14.94,14.59,,,0.14,,14.53,0.28
54995,PGC054995,63,5,183,19,15.11,14.69,14.47,14.76,15.29,0.16,0.18,14.44,0.20
54999,ESO328-049,86,2,334,20,,,,13.86,14.31,,0.23,,
55012,PGC055012,59,4,376,19,15.10,14.40,13.98,13.69,14.09,0.13,0.15,13.89,0.11
55022,NGC5939,53,4,410,13,,,,12.46,12.92,,0.22,,
55037,UGC09855,71,3,168,12,14.24,14.04,13.94,14.74,15.45,0.37,0.39,13.91,0.14
55040,UGC09842,78,3,404,17,14.60,14.01,13.63,13.38,13.82,0.27,0.24,13.59,0.39
55047,UGC09849,81,3,227,15,14.92,14.48,14.25,14.77,15.35,0.38,0.39,14.22,0.26
55054,PGC055054,65,4,387,5,15.32,14.64,14.24,,,0.13,,14.14,0.21
55057,UGC09841,88,2,407,5,14.10,13.29,12.81,12.19,12.74,0.45,0.42,12.67,0.81
55065,UGC09853,87,2,473,12,14.29,13.59,13.19,12.77,13.26,0.46,0.32,13.15,0.70
55069,UGC09844,69,3,449,7,14.57,13.85,13.43,13.42,13.90,0.26,0.27,13.34,0.26
55078,UGC09845,88,2,169,5,15.08,14.63,14.40,14.73,15.06,0.32,0.38,14.34,0.43
55079,PGC055079,72,3,350,18,15.81,15.18,14.75,14.51,14.91,0.16,0.19,14.66,0.30
55081,ESO582-012,58,4,274,15,,,,11.33,11.88,,0.67,,
55097,UGC09856,90,1,196,8,14.69,14.28,14.07,14.56,14.96,0.50,0.54,14.03,0.50
55104,UGC09858,79,3,354,12,12.81,12.33,11.89,12.18,12.79,0.76,0.51,11.85,0.40
55112,PGC055112,86,2,226,18,15.95,15.37,15.08,15.18,15.73,0.23,0.22,15.04,0.54
55118,PGC055118,56,4,191,6,16.00,15.62,15.37,,,0.20,,15.33,0.12
55132,UGC09860,78,3,316,19,15.67,15.11,14.77,14.98,15.63,0.24,0.28,14.72,0.34
55161,PGC055161,82,3,227,5,15.47,15.00,14.71,15.01,15.55,0.19,0.22,14.67,0.38
55165,NGC5949,64,4,177,15,12.42,11.83,11.52,11.73,12.34,0.50,0.48,11.48,0.21
55179,ESO449-011,79,4,425,17,,,,12.59,13.12,,0.28,,
55198,PGC055198,72,3,398,14,15.51,14.72,14.27,14.20,14.78,0.14,0.19,14.16,0.30
55200,PGC055200,79,3,173,17,15.06,14.14,13.68,13.56,14.17,0.19,0.26,13.54,0.41
55213,PGC055213,55,4,354,11,14.62,13.99,13.62,13.56,14.08,0.17,0.19,13.52,0.14
55217,IC4549,80,3,423,15,15.11,14.41,13.99,13.74,14.28,0.16,0.19,13.91,0.39
55219,PGC055219,53,4,310,20,14.50,13.93,13.60,13.64,14.17,0.17,0.18,13.56,0.08
55222,PGC055222,73,3,390,18,15.64,14.99,14.61,14.72,15.37,0.17,0.20,14.53,0.31
55224,PGC055224,83,3,222,17,15.13,14.52,14.18,14.26,14.86,0.36,0.39,13.91,0.40
55227,PGC055227,83,6,136,5,15.20,15.02,14.93,,,0.22,,14.85,0.30
55234,PGC055234,61,4,277,19,15.95,15.42,15.12,15.31,15.77,0.16,0.19,15.06,0.18
55241,ESO514-020,90,1,278,20,,,,15.16,15.90,,0.37,,
55247,UGC09873,82,3,280,17,15.07,14.45,14.13,14.23,14.73,0.34,0.36,14.07,0.41
55251,ESO582-013,66,4,494,13,,,,12.64,13.00,,0.33,,
55252,IC4541,80,3,547,18,,,,11.59,12.21,,0.42,,
55254,IC1124,70,3,361,13,14.19,13.52,13.14,12.95,13.46,0.19,0.22,13.02,0.23
55256,ESO329-007,77,3,472,17,,,,11.60,12.10,,0.30,,
55281,NGC5937,56,4,333,18,12.82,12.10,11.74,11.30,11.67,0.35,0.28,11.43,0.00
55296,UGC09882,85,2,326,19,15.20,14.58,14.21,14.24,14.82,0.25,0.22,14.16,0.62
55305,NGC5950,63,4,208,17,13.78,13.27,12.99,13.23,13.82,0.38,0.40,12.94,0.20
55328,ESO514-022,87,2,278,13,,,,14.23,14.62,,0.29,,
55345,ESO388-002,78,3,175,15,,,,15.16,15.64,,0.28,,
55346,ESO582-018,74,3,246,18,,,,15.14,15.57,,0.24,,
55349,PGC055349,59,4,356,18,14.79,14.03,13.60,13.52,14.02,0.33,0.32,13.23,0.17
55355,UGC09890,72,3,247,19,15.22,14.68,14.34,14.76,15.48,0.32,0.30,14.28,0.26
55367,UGC09887,70,3,455,19,14.69,14.20,13.86,13.93,14.54,0.28,0.28,13.77,0.27
55378,UGC09950,62,4,363,19,,,,13.23,13.82,,0.28,,
55380,PGC055380,50,4,258,7,15.67,15.18,14.88,15.08,15.58,0.14,0.17,14.79,0.11
55381,UGC09893,71,3,63,7,14.71,14.53,14.40,,,0.33,,14.38,0.15
55385,PGC055385,78,3,194,18,15.61,15.23,15.00,15.39,16.01,0.14,0.17,14.97,0.32
55388,IC1125,57,4,197,15,13.79,13.26,12.96,12.97,13.39,0.28,0.33,12.70,0.15
55391,UGC09889,71,3,442,22,15.22,14.54,14.12,,,0.18,,14.00,0.28
55406,ESO449-013,84,5,386,19,,,,13.43,14.09,,0.21,,
55435,NGC5951,81,3,260,5,13.14,12.59,12.31,12.50,13.06,0.73,0.65,12.23,0.41
55454,PGC055454,64,4,301,17,14.47,13.92,13.64,13.58,14.11,0.19,0.21,13.56,0.21
55459,NGC5965,88,2,593,18,12.49,11.70,11.24,11.12,11.70,0.92,0.69,11.20,0.81
55475,UGC09901,83,3,222,5,15.00,14.50,14.18,14.48,15.18,0.30,0.34,14.11,0.34
55478,UGC09902,85,2,103,5,16.73,16.40,16.34,,,0.31,,16.26,0.26
55492,UGC09905,90,1,276,7,16.19,15.52,15.17,14.87,15.44,0.18,0.24,15.06,0.79
55495,UGC09907,88,2,434,5,15.39,14.70,14.31,,,0.27,,14.23,0.82
55507,UGC09916,80,3,340,5,15.84,15.25,14.82,14.86,15.32,0.25,0.30,14.71,0.36
55510,NGC5955,49,6,306,5,14.77,14.07,13.68,,,0.12,,13.57,0.05
55511,PGC055511,64,4,84,5,15.97,15.49,15.25,,,0.25,,15.17,0.14
55514,PGC055514,70,3,341,5,15.84,15.22,14.84,,,0.14,,14.75,0.28
55515,NGC5961,72,3,235,5,13.78,13.29,13.05,13.13,13.61,0.19,0.22,13.00,0.29
55517,UGC09920,85,2,475,6,14.96,14.18,13.74,13.30,13.82,0.27,0.34,13.66,0.62
55518,UGC09917,58,4,180,14,14.64,14.17,13.90,14.29,14.73,0.26,0.27,13.78,0.14
55530,PGC055530,50,4,258,17,15.66,15.13,14.80,15.03,15.40,0.19,0.19,14.72,0.11
55532,UGC09919,88,2,253,5,14.83,14.26,13.96,13.90,14.43,0.33,0.35,13.88,0.66
55533,UGC09921,74,3,348,5,15.60,14.96,14.57,14.62,15.14,0.21,0.25,14.48,0.31
55540,UGC09944,78,3,389,12,,,,12.71,12.42,,0.25,,
55541,ESO450-002,72,4,400,18,,,,13.62,14.19,,0.20,,
55577,PGC055577,84,3,474,5,16.12,15.40,14.99,,,0.15,,14.89,0.55
55587,UGC09925,61,4,170,6,15.02,14.46,14.17,14.72,15.46,0.31,0.32,14.08,0.14
55588,NGC5962,52,4,337,5,11.75,11.15,10.82,10.76,11.30,0.44,0.38,10.72,0.04
55594,ESO582-021,75,3,423,18,,,,12.65,13.15,,0.23,,
55597,PGC055597,66,4,213,32,14.94,14.54,14.35,,,0.20,,14.28,0.23
55603,PGC055603,61,6,358,5,15.27,14.64,14.25,14.19,14.85,0.15,0.19,14.17,0.19
55607,UGC09936,59,4,189,9,14.67,14.34,14.17,,,0.49,,14.13,0.11
55618,PGC055618,56,4,427,18,15.12,14.37,13.96,13.94,14.54,0.15,0.18,13.84,0.10
55626,PGC055626,63,4,304,19,15.85,15.38,15.07,15.11,15.47,0.17,0.24,15.00,0.20
55636,PGC055636,59,4,378,19,,,,13.24,13.90,,0.32,,
55641,PGC055641,80,3,328,5,15.61,15.00,14.63,,,0.15,,14.53,0.45
55647,NGC5981,87,2,449,17,13.43,12.59,12.18,11.76,12.37,0.58,0.52,12.13,0.71
55650,PGC055650,52,4,343,6,15.17,14.62,14.27,,,0.15,,14.19,0.12
55656,PGC055656,53,4,264,8,14.99,14.40,14.09,,,0.24,,13.99,0.13
55660,UGC09941,49,6,144,5,14.99,14.46,14.15,,,0.51,,14.07,0.08
55665,NGC5970,55,4,308,5,11.90,11.31,10.99,11.16,11.72,0.45,0.43,10.91,0.11
55679,PGC055679,66,10,165,17,,,,12.22,12.52,,0.11,,
55680,PGC055680,53,4,238,7,15.74,15.38,15.16,15.59,16.21,0.20,0.24,15.14,0.10
55689,ESO515-003,54,4,375,16,,,,12.43,13.04,,0.40,,
55706,UGC09949,90,2,231,5,16.15,15.69,15.40,15.72,15.94,0.23,0.31,15.31,0.51
55708,UGC09954,70,4,469,19,14.59,13.82,13.36,13.04,13.56,0.14,0.19,13.25,0.15
55710,UGC09951,63,4,131,5,15.23,14.82,14.64,15.45,16.04,0.35,0.33,14.57,0.10
55721,PGC055721,46,6,196,18,16.03,15.60,15.29,,,0.15,,15.21,0.09
55724,PGC055724,69,3,518,17,15.25,14.64,14.25,14.21,14.68,0.18,0.20,14.16,0.26
55725,NGC5985,61,4,534,20,11.54,10.88,10.52,10.65,11.27,1.01,0.91,10.48,0.15
55726,PGC055726,72,3,365,20,16.10,15.49,15.12,15.10,15.57,0.13,0.17,15.03,0.31
55730,UGC09956,79,3,487,20,15.23,14.46,14.04,13.97,14.53,0.19,0.24,13.93,0.41
55732,PGC055732,87,2,255,20,16.50,16.05,15.74,,,0.19,,15.69,0.49
55739,NGC5975,77,3,358,18,13.98,13.12,12.67,12.32,12.78,0.23,0.22,12.55,0.23
55740,NGC5987,81,3,562,10,12.06,11.31,10.83,10.86,11.49,0.79,0.70,10.79,0.35
55744,UGC09962,81,4,142,18,15.54,15.30,15.18,15.89,16.56,0.25,0.30,15.11,0.20
55776,PGC055776,68,4,358,17,15.02,14.38,14.03,14.04,14.61,0.18,0.20,13.91,0.26
55793,IC1133,74,3,241,5,14.46,14.00,13.75,14.12,14.69,0.32,0.33,13.69,0.28
55800,NGC5980,73,3,407,5,13.10,12.45,12.09,11.80,12.30,0.31,0.29,12.02,0.22
55803,PGC055803,83,3,417,18,15.64,14.80,14.37,14.05,14.60,0.17,0.21,14.26,0.52
55810,PGC055810,51,4,338,19,15.58,14.90,14.50,14.59,15.11,0.14,0.17,14.38,0.12
55820,IC4574,63,4,251,16,15.65,15.17,14.90,15.20,15.73,0.16,0.19,14.85,0.19
55821,UGC09977,89,2,249,5,,,,12.93,13.49,,0.65,,
55824,UGC09978,61,4,268,5,15.05,14.73,14.50,14.89,15.31,0.28,0.31,14.43,0.14
55828,IC4575,56,4,323,5,15.10,14.35,13.97,14.07,14.70,0.13,0.17,13.85,0.14
55833,UGC09979,78,3,110,5,15.36,14.91,14.70,,,0.51,,14.53,0.20
55839,PGC055839,80,3,290,19,16.29,15.77,15.44,15.57,16.19,0.13,0.17,15.37,0.38
55851,PGC055851,70,3,254,15,15.85,15.32,15.00,,,0.19,,14.95,0.27
55853,NGC5984,81,3,223,5,13.04,12.46,12.12,12.33,12.86,0.59,0.59,12.04,0.43
55854,PGC055854,89,1,488,9,15.84,15.05,14.59,,,0.20,,14.48,0.74
55858,PGC055858,52,4,113,14,16.02,15.83,15.69,,,0.11,,15.61,0.09
55865,UGC09989,74,3,336,10,15.17,14.33,13.86,,,0.18,,13.78,0.32
55866,PGC055866,66,4,319,8,15.59,14.97,14.61,,,0.19,,14.52,0.23
55867,UGC09991,81,3,204,5,14.76,14.30,14.05,14.59,15.18,0.42,0.46,13.98,0.25
55869,PGC055869,79,3,347,5,15.73,15.12,14.77,,,0.19,,14.68,0.41
55873,UGC09990,74,3,288,5,15.41,14.90,14.62,,,0.31,,14.52,0.29
55881,UGC09994,88,2,379,15,15.98,15.32,14.92,,,0.19,,14.85,0.82
55883,PGC055883,48,6,280,6,14.77,14.28,13.96,,,0.14,,13.91,0.10
55887,UGC10054,64,4,192,9,,,,13.59,14.10,,0.62,,
55897,ESO388-008,55,4,419,20,,,,14.61,15.13,,0.18,,
55899,ESO329-016,70,3,369,18,,,,12.46,12.95,,0.45,,
55904,IC1145,76,3,378,19,,,,13.45,14.02,,0.30,,
55905,UGC10004,90,1,202,15,16.50,16.02,15.74,,,0.26,,15.71,0.60
55909,ESO450-011,88,2,183,13,,,,14.64,15.15,,0.34,,
55919,UGC09996,90,2,736,8,15.04,14.15,13.64,13.06,13.75,0.31,0.35,13.53,0.79
55920,ESO515-005,68,4,294,15,,,,14.27,14.91,,0.19,,
55921,NGC5988,51,4,480,17,14.32,13.70,13.30,,,0.29,,13.20,0.11
55923,UGC10006,80,3,330,14,15.57,15.06,14.74,,,0.22,,14.69,0.42
55925,UGC10022,86,2,203,17,15.98,15.66,15.56,,,0.28,,15.55,0.31
55927,UGC10010,64,4,188,17,14.63,14.29,14.09,,,0.29,,14.07,0.18
55930,UGC10000,86,2,204,5,16.17,15.73,15.48,,,0.30,,15.36,0.33
55931,PGC055931,61,4,300,15,15.67,15.18,14.83,,,0.15,,14.75,0.19
55955,UGC10011,72,3,423,19,15.29,14.58,14.19,,,0.27,,14.09,0.30
55958,PGC055958,52,4,257,17,15.15,14.51,14.16,,,0.17,,14.06,0.11
55962,UGC10017,62,5,121,16,16.04,15.62,15.37,,,0.27,,15.29,0.12
55963,UGC10019,72,3,416,7,15.07,14.51,14.15,,,0.17,,14.08,0.30
55965,UGC10009,68,4,119,5,16.46,15.85,15.49,15.94,16.28,0.32,0.41,15.29,0.12
55967,IC4582,85,2,284,11,14.36,13.72,13.36,12.96,13.47,0.25,0.26,13.30,0.62
55968,UGC10015,75,3,187,13,15.90,15.53,15.28,,,0.25,,15.21,0.21
55976,PGC055976,84,3,312,7,15.04,14.29,13.90,,,0.22,,13.70,0.56
55980,PGC055980,83,3,424,7,15.38,14.62,14.20,,,0.28,,14.10,0.54
55981,PGC055981,53,4,310,17,15.43,14.93,14.64,,,0.14,,14.59,0.13
55987,PGC055987,82,3,236,5,15.27,14.70,14.37,,,0.22,,14.20,0.48
55988,PGC055988,62,4,359,7,14.92,14.33,13.96,,,0.21,,13.88,0.19
55989,UGC10023,57,4,125,5,14.97,14.61,14.40,15.16,15.77,0.32,0.36,14.35,0.09
55996,UGC10026,69,3,224,5,15.02,14.56,14.31,,,0.24,,14.21,0.25
56001,UGC10025,89,1,107,5,16.53,16.05,15.83,,,0.36,,15.68,0.40
56003,PGC056003,51,4,267,20,15.47,14.79,14.42,,,0.10,,14.32,0.11
56005,UGC10027,90,1,173,5,16.23,15.86,15.67,,,0.27,,15.48,0.53
56008,NGC6011,74,3,538,17,,,,12.60,13.24,,0.39,,
56011,PGC056011,67,4,501,18,14.72,13.95,13.53,,,0.21,,13.46,0.11
56033,ESO450-014,89,1,106,17,,,,15.18,15.62,,0.39,,
56038,PGC056038,52,4,352,18,15.47,14.81,14.44,,,0.15,,14.34,0.12
56048,PGC056048,56,4,437,19,15.52,14.88,14.53,,,0.17,,14.47,0.13
56058,PGC056058,74,3,529,6,15.40,14.59,14.14,,,0.17,,13.99,0.31
56068,PGC056068,53,4,387,19,,,,14.13,14.66,,0.18,,
56077,IC4555,81,3,238,15,,,,12.75,13.30,,0.51,,
56078,NGC5967,52,4,301,15,,,,11.20,11.78,,0.65,,
56079,UGC10057,66,4,422,16,,,,13.37,13.91,,0.23,,
56088,UGC10039,80,3,504,10,15.46,14.69,14.25,,,0.17,,14.13,0.39
56093,ESO388-011,88,2,211,18,,,,15.93,16.28,,0.38,,
56094,UGC10043,90,1,319,8,14.54,13.82,13.42,12.62,13.08,0.59,0.38,13.32,0.93
56097,UGC10040,73,3,385,15,15.06,14.37,13.98,,,0.18,,13.89,0.30
56108,UGC10042,84,3,330,6,14.51,13.83,13.41,,,0.32,,13.34,0.58
56111,UGC10041,58,5,185,5,13.52,13.08,12.77,13.53,14.11,0.89,0.71,12.65,0.09
56124,PGC056124,51,4,276,7,15.63,15.23,14.95,15.37,15.77,0.21,0.19,14.91,0.12
56129,PGC056129,51,4,345,18,14.69,14.02,13.67,,,0.14,,13.58,0.04
56137,ESO329-022,58,4,283,16,,,,12.74,13.34,,0.45,,
56154,PGC056154,85,2,426,16,,,,13.60,14.19,,0.29,,
56157,ESO515-010,72,3,377,20,,,,12.90,13.41,,0.20,,
56186,UGC10059,52,4,286,16,15.26,14.71,14.39,,,0.26,,14.28,0.12
56193,PGC056193,84,3,200,5,16.09,15.78,15.64,,,0.24,,15.57,0.28
56195,PGC056195,65,4,233,6,15.31,14.80,14.52,,,0.18,,14.43,0.22
56197,UGC10071,52,4,264,17,15.20,14.83,14.59,,,0.17,,14.58,0.12
56205,UGC10062,64,4,267,18,14.62,14.20,13.94,,,0.31,,13.86,0.21
56207,UGC10070,61,4,482,18,13.42,12.68,12.27,,,0.19,,12.23,0.00
56219,NGC6015,65,4,295,8,11.34,10.82,10.58,10.71,11.28,1.05,0.90,10.56,0.23
56220,PGC56220,86,3,289,19,15.76,15.12,14.77,,,0.20,,14.72,0.67
56227,PGC056227,65,4,311,7,15.48,14.94,14.62,,,0.14,,14.54,0.22
56231,UGC10066,86,2,528,18,15.35,14.62,14.19,,,0.16,,14.07,0.64
56232,UGC10125,80,3,131,10,,,,15.86,16.40,,0.36,,
56241,PGC056241,74,3,235,6,15.13,14.68,14.44,,,0.16,,14.37,0.33
56248,PGC056248,57,4,209,13,15.21,14.76,14.47,,,0.26,,14.37,0.15
56267,UGC10073,58,4,274,8,14.30,13.77,13.45,,,0.29,,13.37,0.16
56269,ESO100-001,77,3,402,17,,,,13.12,13.64,,0.23,,
56278,ESO330-001,87,2,347,17,,,,12.43,12.81,,0.27,,
56284,UGC10074,54,4,316,5,14.75,14.17,13.82,,,0.23,,13.74,0.14
56285,PGC056285,82,3,292,20,16.22,15.64,15.29,,,0.13,,15.20,0.51
56287,NGC6013,60,4,311,16,13.88,13.23,12.89,,,0.33,,12.84,0.16
56300,UGC10077,63,4,312,20,14.93,14.36,14.04,,,0.25,,13.95,0.20
56315,ESO136-006,80,3,398,18,,,,12.43,12.83,,0.34,,
56330,PGC056330,57,4,161,5,15.83,15.54,15.32,,,0.17,,15.27,0.13
56341,ESO136-008,81,5,381,14,,,,11.72,12.28,,0.32,,
56343,ESO330-005,85,5,422,18,,,,13.13,13.70,,0.30,,
56366,UGC10089,81,3,255,16,15.09,14.69,14.46,,,0.26,,14.38,0.43
56370,PGC056370,69,3,404,9,15.87,15.21,14.81,,,0.12,,14.70,0.27
56386,UGC10095,56,4,103,8,15.16,14.83,14.68,,,0.35,,14.66,0.08
56399,PGC056399,71,3,290,19,15.16,14.63,14.35,,,0.11,,14.32,0.22
56400,UGC10094,88,2,471,20,15.65,14.87,14.41,,,0.19,,14.28,0.71
56410,NGC6016,70,3,312,5,14.55,13.95,13.63,,,0.24,,13.55,0.28
56436,ESO389-004,85,3,286,20,,,,13.87,14.41,,0.30,,
56476,UGC10109,65,4,332,17,14.06,13.41,13.05,,,0.19,,13.00,0.20
56487,PGC056487,59,4,290,17,15.28,14.70,14.38,14.41,14.90,0.12,0.15,14.30,0.16
56500,ESO583-008,90,1,500,13,,,,13.15,13.74,,0.28,,
56526,UGC10111,90,1,457,6,16.09,15.45,15.06,15.26,15.84,0.28,0.61,14.97,0.47
56528,ESO583-009,51,4,91,12,,,,15.03,15.41,,0.20,,
56537,IC1151,72,3,224,5,13.16,12.70,12.46,12.83,13.43,0.50,0.46,12.39,0.27
56562,UGC10181,88,3,433,20,,,,13.27,13.78,,0.16,,
56563,PGC056563,74,3,365,93,15.44,14.68,14.29,,,0.18,,14.20,0.34
56570,UGC10123,81,3,412,9,14.25,13.44,12.98,,,0.26,,12.94,0.39
56583,PGC056583,73,3,220,12,15.77,15.44,15.24,,,0.18,,15.19,0.26
56604,ESO009-001,73,3,217,15,,,,13.60,14.26,,0.49,,
56611,UGC10121,56,4,341,16,14.18,13.64,13.32,13.31,13.77,0.19,0.19,13.23,0.12
56617,PGC056617,79,3,571,20,15.07,14.26,13.77,13.28,13.80,0.17,0.18,13.66,0.17
56638,PGC056638,80,3,288,9,15.77,15.26,14.95,,,0.13,,14.86,0.44
56653,PGC056653,76,3,355,19,15.94,15.32,14.95,14.88,15.38,0.15,0.18,14.87,0.36
56667,PGC056667,56,4,380,5,15.52,14.93,14.60,14.66,15.23,0.15,0.18,14.53,0.15
56670,ESO389-006,58,4,345,16,,,,12.92,13.54,,0.29,,
56679,UGC10136,74,3,342,16,15.25,14.72,14.41,14.52,15.09,0.18,0.21,14.37,0.33
56689,UGC10131,89,1,425,20,16.40,15.59,15.12,,,0.19,,15.00,0.91
56697,UGC10130,55,4,316,5,14.30,13.68,13.41,,,0.21,,13.33,0.13
56701,ESO451-005,55,4,312,15,,,,13.01,13.63,,0.24,,
56705,PGC056705,57,4,193,19,16.22,15.86,15.62,15.94,16.51,0.14,0.18,15.58,0.13
56718,PGC056718,48,6,294,19,15.35,14.73,14.35,14.29,14.88,0.10,0.15,14.27,0.08
56723,IC1158,56,4,233,5,13.27,12.67,12.35,12.48,13.12,0.64,0.62,12.15,0.14
56744,UGC10137,58,4,236,5,14.71,14.22,13.92,,,0.32,,13.83,0.16
56753,PGC056753,72,3,369,14,15.61,14.98,14.59,,,0.17,,14.47,0.28
56835,ESO584-003,50,4,209,16,,,,13.39,13.92,,0.23,,
56836,UGC10212,90,1,287,17,,,,13.70,14.25,,0.26,,
56852,ESO584-004,54,4,340,18,,,,12.71,13.14,,0.21,,
56870,PGC056870,75,3,133,11,15.18,14.90,14.80,,,0.17,,14.75,0.30
56876,PGC056876,62,4,348,20,15.36,14.89,14.56,,,0.13,,14.48,0.18
56891,ESO136-016,89,1,521,12,,,,11.75,12.32,,0.60,,
56917,UGC10194,90,1,127,17,,,,15.62,16.33,,0.51,,
56930,PGC056930,53,4,142,5,15.56,15.03,14.65,,,0.11,,14.57,0.13
56948,PGC056948,57,4,273,18,15.65,15.16,14.85,14.96,15.50,0.16,0.18,14.77,0.15
56949,PGC056949,69,3,483,18,15.05,14.23,13.78,,,0.17,,13.65,0.14
56959,UGC10175,72,3,110,5,15.45,15.07,14.87,,,0.31,,14.82,0.17
56965,PGC056965,53,5,246,13,15.91,15.59,15.38,15.82,16.32,0.11,0.14,15.35,0.12
56992,PGC056992,66,4,262,30,16.14,15.62,15.29,15.41,15.90,0.13,0.16,15.20,0.21
56994,UGC10172,78,3,272,19,15.19,14.44,14.01,,,0.29,,13.92,0.39
56997,PGC056997,74,3,385,18,15.62,14.94,14.54,14.37,14.87,0.17,0.19,14.45,0.33
57012,PGC057012,55,4,309,17,15.70,15.06,14.66,,,0.09,,14.56,0.12
57018,UGC10176,89,1,316,7,15.20,14.44,13.96,13.54,13.92,0.28,0.26,13.85,0.92
57029,PGC057029,61,4,314,6,14.97,14.40,14.06,,,0.16,,13.93,0.18
57037,IC1173,62,4,408,12,15.01,14.38,13.99,14.01,14.62,0.18,0.20,13.89,0.19
57042,PGC057042,87,3,370,19,16.16,15.47,15.09,15.04,15.56,0.18,0.19,14.99,0.72
57051,PGC057051,54,4,140,5,15.69,15.36,15.14,,,0.18,,15.07,0.12
57061,UGC10190,85,2,301,5,16.54,16.00,15.66,15.75,16.40,0.18,0.20,15.58,0.44
57083,UGC10184,79,3,570,7,15.25,14.37,13.89,,,0.21,,13.69,0.40
57091,PGC057091,64,4,429,10,14.82,14.23,13.85,,,0.21,,13.72,0.20
57093,PGC057093,90,1,609,6,14.92,14.20,13.86,13.75,14.28,0.13,0.19,13.77,0.81
57110,NGC6060,67,4,443,6,13.00,12.26,11.85,,,0.49,,11.70,0.22
57120,PGC057120,74,3,130,5,15.70,15.31,15.13,,,0.20,,15.04,0.19
57122,PGC057122,61,4,405,19,15.40,14.56,14.14,14.10,14.76,0.12,0.16,14.03,0.15
57140,ESO451-008,86,3,471,14,,,,12.34,13.02,,0.32,,
57178,UGC10207,63,4,399,5,14.63,13.99,13.60,13.32,13.77,0.22,0.22,13.53,0.20
57181,PGC057181,85,2,189,5,15.99,15.62,15.43,,,0.20,,15.35,0.40
57193,PGC057193,68,4,355,20,15.59,14.89,14.50,14.67,15.35,0.16,0.19,14.40,0.25
57199,UGC10211,75,3,347,19,14.16,13.40,12.99,,,0.22,,12.85,0.23
57205,NGC6063,60,4,269,5,13.57,13.01,12.70,12.87,13.46,0.40,0.42,12.62,0.18
57208,PGC057208,88,2,346,19,15.59,14.73,14.26,,,0.17,,14.15,0.74
57216,UGC10213,50,4,242,5,14.58,14.04,13.73,,,0.22,,13.63,0.11
57218,UGC10215,58,4,229,18,15.41,14.91,14.62,,,0.18,,14.56,0.16
57241,PGC057241,63,4,364,5,,,,13.39,13.90,,0.18,,
57246,IC1196,63,4,305,5,14.28,13.68,13.37,,,0.19,,13.26,0.17
57249,UGC10220,62,6,170,9,15.49,15.08,14.78,,,0.28,,14.69,0.15
57250,PGC057250,76,3,431,20,15.25,14.44,13.99,13.91,14.55,0.14,0.17,13.88,0.29
57251,PGC057251,81,3,456,13,15.92,15.22,14.78,,,0.18,,14.62,0.48
57261,IC1197,88,2,204,5,13.84,13.29,12.97,13.12,13.70,0.67,0.55,12.89,0.61
57268,ESO451-009,85,2,186,20,,,,14.52,15.12,,0.27,,
57271,ESO516-008,89,1,337,19,,,,14.21,14.78,,0.20,,
57273,IC1198,63,4,438,19,14.64,14.00,13.62,,,0.12,,13.51,0.06
57274,PGC057274,57,4,333,10,15.68,15.03,14.66,,,0.14,,14.54,0.16
57275,PGC057275,85,2,252,5,15.84,15.15,14.75,,,0.22,,14.64,0.60
57278,PGC057278,70,5,443,19,15.00,14.29,13.87,13.82,14.33,0.20,0.20,13.76,0.24
57280,UGC10224,63,4,369,19,15.02,14.34,13.93,,,0.21,,13.74,0.19
57284,UGC10227,89,1,602,17,14.65,13.90,13.45,12.86,13.49,0.44,0.35,13.37,0.87
57286,PGC057286,74,3,233,20,16.09,15.72,15.48,,,0.18,,15.42,0.28
57287,UGC10226,67,4,358,17,14.85,14.38,14.11,,,0.21,,14.07,0.24
57293,PGC057293,66,4,323,11,15.53,14.91,14.55,,,0.13,,14.42,0.23
57312,ESO451-011,85,2,292,17,,,,13.30,13.80,,0.36,,
57329,PGC057329,84,3,654,19,15.48,14.68,14.24,,,0.18,,14.14,0.44
57332,UGC10232,90,2,223,16,15.19,14.66,14.39,14.58,15.06,0.47,0.40,14.31,0.62
57337,UGC10233,88,2,451,19,15.54,14.79,14.34,,,0.29,,14.16,0.81
57340,PGC057340,90,1,507,20,15.81,15.01,14.53,,,0.20,,14.43,0.85
57345,NGC6070,64,4,375,5,,,,10.96,11.49,,0.72,,
57349,UGC10236,87,2,514,20,15.28,14.48,14.02,13.76,14.30,0.21,0.25,13.85,0.74
57353,NGC6073,64,4,328,5,13.91,13.28,12.94,,,0.30,,12.84,0.20
57356,PGC057356,78,3,189,5,15.17,14.89,14.76,,,0.19,,14.72,0.30
57365,UGC10238,67,4,514,5,14.45,13.74,13.31,,,0.27,,13.20,0.17
57369,UGC10246,88,2,473,5,15.36,14.55,14.08,,,0.23,,13.98,0.73
57370,PGC057370,81,3,358,19,16.04,15.52,15.19,,,0.17,,15.12,0.46
57373,IC1199,72,5,414,9,13.87,13.21,12.82,,,0.30,,12.72,0.18
57377,UGC10248,88,2,416,20,16.15,15.26,14.76,,,0.22,,14.66,0.80
57390,PGC057390,65,4,333,6,14.66,14.18,13.90,13.92,14.37,0.15,0.17,13.83,0.22
57396,PGC057396,65,4,207,19,15.96,15.49,15.16,,,0.14,,15.08,0.21
57399,ESO451-015,85,2,168,20,,,,14.48,15.00,,0.25,,
57407,UGC10257,81,3,301,12,14.17,13.62,13.28,13.36,13.89,0.35,0.34,13.24,0.45
57417,UGC10249,73,3,473,19,14.96,14.15,13.69,,,0.20,,13.58,0.22
57430,UGC10256,82,3,453,20,14.86,14.03,13.59,,,0.28,,13.41,0.45
57445,PGC057445,55,4,383,41,15.24,14.58,14.18,,,0.17,,14.09,0.13
57463,PGC057463,79,3,292,10,15.84,15.31,14.99,,,0.16,,14.93,0.40
57478,UGC10274,88,2,203,18,15.68,15.33,15.13,,,0.28,,15.11,0.52
57498,PGC057498,74,3,409,17,15.67,14.94,14.46,,,0.12,,14.32,0.31
57499,UGC10276,86,3,381,5,15.35,14.63,14.24,,,0.31,,14.17,0.65
57505,UGC10264,56,4,419,6,14.30,13.60,13.22,,,0.28,,12.98,0.13
57508,UGC10282,52,4,222,19,14.56,14.10,13.83,,,0.25,,13.79,0.12
57513,PGC057513,70,3,361,7,15.88,15.31,14.96,,,0.11,,14.85,0.28
57522,UGC10281,62,4,99,5,16.08,15.72,15.55,,,0.52,,15.45,0.08
57529,UGC10286,82,3,304,20,15.75,15.14,14.74,,,0.24,,14.68,0.50
57538,PGC057538,70,3,432,16,15.44,14.68,14.29,,,0.13,,14.23,0.23
57543,PGC057543,82,3,233,8,15.69,15.07,14.75,,,0.20,,14.54,0.48
57544,ESO100-013,81,3,221,20,,,,13.16,13.66,,0.24,,
57547,UGC10298,78,3,383,13,,,,13.58,14.13,,0.22,,
57557,PGC057557,69,4,294,19,15.59,14.94,14.57,,,0.15,,14.47,0.25
57575,NGC6084,83,6,630,19,14.27,13.43,12.95,12.84,13.46,0.22,0.24,12.83,0.22
57582,UGC10288,89,1,360,5,13.68,12.86,12.38,,,1.02,,12.14,0.89
57585,PGC057585,53,4,362,15,15.34,14.66,14.30,,,0.17,,14.22,0.12
57586,PGC057586,75,3,225,5,15.02,14.39,14.09,,,0.16,,13.99,0.34
57589,IC1210,79,3,284,8,13.94,13.44,13.10,,,0.19,,13.07,0.42
57601,UGC10296,73,3,335,16,15.10,14.59,14.30,,,0.25,,14.28,0.30
57608,UGC10295,64,4,241,5,15.35,14.91,14.69,,,0.23,,14.64,0.19
57623,IC1206,57,4,413,5,14.34,13.60,13.18,,,0.18,,13.06,0.09
57627,UGC10297,88,2,223,12,14.60,14.05,13.75,13.94,14.51,0.33,0.31,13.65,0.67
57641,UGC10301,88,3,300,7,15.80,15.15,14.76,,,0.17,,14.69,0.81
57654,UGC10303,67,4,276,12,15.10,14.62,14.34,,,0.20,,14.28,0.24
57658,UGC10305,76,3,274,10,15.69,15.23,14.96,,,0.19,,14.92,0.34
57665,IC4596,78,3,577,18,,,,12.63,13.29,,0.33,,
57694,UGC10306,73,3,552,8,14.21,13.44,13.00,12.95,13.57,0.40,0.35,12.78,0.31
57722,UGC10334,65,4,160,13,,,,14.56,15.22,,0.40,,
57752,PGC057752,56,4,294,17,15.32,14.74,14.38,,,0.23,,14.27,0.15
57766,UGC10320,78,3,508,19,14.96,14.08,13.58,,,0.23,,13.40,0.27
57768,UGC10322,80,3,327,14,14.34,13.64,13.27,,,0.26,,13.11,0.42
57772,IC4598,78,3,274,14,,,,13.24,13.70,,0.39,,
57788,UGC10327,89,1,246,13,15.61,14.95,14.57,,,0.32,,14.41,0.78
57799,NGC6106,60,4,227,7,12.61,12.10,11.83,12.02,12.42,0.42,-0.02,11.71,0.18
57818,PGC057818,72,3,139,5,,,,15.41,15.94,,0.27,,
57823,UGC10340,82,3,409,18,15.44,14.68,14.28,,,0.19,,14.23,0.48
57827,UGC10337,78,3,538,6,14.56,13.78,13.33,,,0.29,,13.17,0.32
57833,PGC057833,55,4,248,18,15.63,15.22,14.92,,,0.14,,14.86,0.14
57843,PGC057843,75,3,288,8,,,,14.59,15.25,,0.26,,
57856,UGC10339,49,6,135,19,,,,13.35,13.85,,0.19,,
57876,IC4595,87,2,434,17,,,,11.16,11.60,,0.49,,
57912,PGC057912,69,3,274,19,15.51,14.95,14.64,,,0.18,,14.56,0.26
57918,PGC057918,68,4,389,7,15.36,14.70,14.27,,,0.16,,14.15,0.26
57922,PGC057922,56,5,304,5,15.37,14.72,14.36,,,0.14,,14.26,0.14
57924,NGC6118,70,3,338,12,11.99,11.25,10.82,,,1.24,,10.55,0.26
57926,UGC10369,90,1,142,10,,,,15.31,16.01,,0.34,,
57941,UGC10355,88,2,384,19,16.14,15.50,15.09,,,0.19,,14.99,0.82
57959,UGC10362,64,4,466,18,14.32,13.66,13.29,,,0.25,,13.25,0.20
57968,PGC057968,69,3,288,11,15.36,14.96,14.70,,,0.12,,14.67,0.27
57992,PGC057992,76,3,497,16,15.70,15.07,14.71,,,0.18,,14.65,0.36
58002,NGC6132,76,3,334,5,14.23,13.67,13.36,,,0.31,,13.23,0.37
58031,UGC10372,53,4,439,9,14.93,14.30,13.93,,,0.23,,13.87,0.12
58050,PGC058050,58,4,424,7,15.55,14.90,14.46,,,0.13,,14.34,0.15
58052,UGC10383,68,4,165,16,,,,14.88,15.43,,0.34,,
58053,PGC058053,56,4,372,19,14.72,14.09,13.73,,,0.22,,13.69,0.14
58055,UGC10373,84,3,333,5,15.50,14.84,14.45,,,0.24,,14.31,0.57
58059,UGC10375,89,1,471,18,15.56,14.71,14.21,,,0.23,,14.06,0.66
58083,ESO452-002,87,3,494,19,,,,12.89,13.49,,0.23,,
58104,UGC10380,86,2,510,19,14.85,14.00,13.54,,,0.28,,13.42,0.62
58115,NGC6155,52,4,193,18,12.91,12.39,12.12,,,0.31,,12.09,0.07
58129,ESO100-023,64,5,320,15,,,,11.63,12.08,,0.47,,
58141,UGC10384,82,3,354,5,14.62,13.96,13.58,,,0.20,,13.47,0.50
58147,PGC058147,49,6,120,6,16.08,15.69,15.43,,,0.10,,15.33,0.10
58161,UGC10388,76,3,416,5,14.16,13.42,13.01,13.10,13.70,0.24,0.31,12.89,0.35
58170,UGC10387,63,4,205,5,15.38,14.90,14.61,,,0.26,,14.50,0.19
58178,UGC10386,86,2,535,6,,,,13.24,13.80,,0.28,,
58182,PGC058182,74,3,286,16,15.66,15.17,14.86,,,0.16,,14.77,0.33
58222,PGC058222,77,3,206,5,15.44,14.63,14.21,,,0.09,,14.12,0.31
58226,ESO452-003,73,4,411,18,,,,12.87,13.47,,0.19,,
58239,UGC10447,85,2,548,18,,,,12.76,13.33,,0.29,,
58286,PGC058286,77,3,240,5,15.36,14.95,14.70,,,0.22,,14.60,0.34
58305,UGC10425,84,3,430,20,,,,12.97,13.46,,0.31,,
58322,PGC058322,74,3,377,18,15.41,14.79,14.41,,,0.17,,14.28,0.32
58327,UGC10406,90,1,604,13,,,,12.96,13.46,,0.29,,
58330,PGC058330,82,3,224,5,16.15,15.63,15.30,,,0.21,,15.19,0.39
58336,UGC10413,73,3,240,7,14.36,13.84,13.53,,,0.39,,13.45,0.27
58347,PGC058347,88,2,215,5,15.94,15.36,15.06,,,0.24,,14.94,0.72
58371,PGC058371,81,3,495,15,15.08,14.29,13.83,,,0.19,,13.71,0.40
58372,PGC058372,55,5,307,11,15.23,14.62,14.28,,,0.15,,14.20,0.13
58380,PGC058380,76,3,513,7,15.37,14.65,14.24,,,0.19,,14.15,0.36
58388,PGC058388,52,4,359,17,15.50,14.85,14.44,,,0.14,,14.36,0.11
58390,NGC6177,50,4,382,13,13.73,13.07,12.67,12.73,13.27,0.33,0.35,12.61,0.10
58411,PGC058411,77,3,436,9,,,,12.92,13.06,,0.18,,
58416,PGC058416,82,3,210,19,15.13,14.71,14.44,14.56,15.11,0.19,0.20,14.40,0.45
58423,NGC6168,84,3,257,18,14.03,13.41,13.06,12.91,13.36,0.38,0.34,12.95,0.57
58440,NGC6189,64,4,404,9,,,,12.66,13.22,,0.38,,
58451,ESO452-006,83,3,343,18,,,,13.23,13.74,,0.23,,
58459,ESO452-007,73,3,527,17,,,,11.08,11.73,,0.87,,
58470,NGC6181,63,4,362,8,12.10,11.48,11.15,10.97,11.45,0.37,0.35,11.04,0.13
58471,UGC10452,89,1,245,13,,,,14.69,15.15,,0.19,,
58474,ESO452-008,86,2,286,18,,,,13.66,14.21,,0.38,,
58481,PGC058481,68,4,315,20,14.87,14.27,13.94,,,0.18,,13.91,0.26
58483,PGC058483,71,3,408,19,14.97,14.35,13.98,,,0.27,,13.85,0.22
58501,UGC10445,51,4,133,5,13.30,12.95,12.76,13.41,13.95,0.51,0.52,12.71,0.08
58503,UGC10454,75,3,358,18,14.52,13.89,13.54,,,0.15,,13.51,0.32
58514,UGC10450,89,1,389,19,16.33,15.52,15.05,,,0.22,,14.99,0.87
58523,NGC6186,51,5,246,20,13.11,12.40,12.01,11.91,12.40,0.28,0.33,11.92,0.07
58524,UGC10460,87,2,293,19,,,,15.05,15.57,,0.26,,
58538,UGC10453,88,2,263,11,15.67,15.06,14.70,,,0.34,,14.57,0.60
58545,UGC10459,90,1,461,20,15.50,14.73,14.29,13.78,14.29,0.30,0.34,14.24,0.97
58574,PGC058574,50,4,373,12,14.03,13.20,12.72,,,0.41,,12.18,0.08
58582,ESO517-011,81,3,233,14,,,,14.58,15.27,,0.23,,
58596,NGC6195,53,4,493,13,13.72,13.03,12.64,,,0.28,,12.59,0.07
58622,PGC058622,53,4,254,16,15.34,14.73,14.39,,,0.17,,14.26,0.13
58633,UGC10477,89,2,102,10,14.67,14.32,13.98,,,0.49,,13.96,0.61
58642,ESO101-003,89,2,367,14,,,,13.27,13.93,,0.25,,
58646,UGC10475,79,3,376,7,,,,14.11,14.53,,0.20,,
58661,PGC058661,80,4,159,11,,,,14.11,14.91,,0.59,,
58700,UGC10498,90,1,360,19,16.89,16.34,15.97,,,0.16,,15.92,0.83
58704,UGC10495,79,3,492,19,,,,13.91,14.45,,0.22,,
58705,PGC058705,75,3,294,20,14.93,14.41,14.12,,,0.20,,14.03,0.35
58707,PGC058707,55,4,335,18,14.49,13.95,13.63,,,0.19,,13.53,0.12
58728,UGC10504,67,4,472,19,14.45,13.73,13.34,,,0.18,,13.27,0.17
58770,PGC058770,55,4,295,12,14.81,14.37,14.08,,,0.18,,14.04,0.13
58776,UGC10505,74,7,456,19,14.76,13.91,13.44,,,0.25,,13.24,0.24
58781,PGC058781,85,2,212,15,15.78,15.39,15.22,,,0.22,,15.11,0.41
58792,ESO517-013,89,2,302,16,,,,15.16,15.73,,0.19,,
58798,PGC058798,64,4,278,6,,,,11.41,12.06,,0.71,,
58808,PGC058808,58,4,296,16,15.60,14.99,14.60,,,0.15,,14.45,0.15
58823,UGC10513,54,4,238,17,15.47,14.90,14.57,,,0.30,,14.40,0.13
58827,NGC6207,64,4,215,14,11.91,11.45,11.21,,,0.48,,11.18,0.19
58858,UGC10562,80,3,333,15,14.72,13.94,13.52,,,0.20,,13.43,0.41
58864,NGC6237,68,4,148,12,,,,13.89,14.28,,0.52,,
58888,UGC10529,52,4,152,8,14.78,14.40,14.09,,,0.35,,14.03,0.10
58891,NGC6236,54,4,178,14,,,,12.89,13.46,,0.62,,
58906,UGC10542,88,2,407,18,,,,12.87,13.38,,0.34,,
58907,PGC058907,45,6,212,14,15.74,15.16,14.85,,,0.15,,14.75,0.09
58909,PGC058909,75,3,278,15,15.59,15.10,14.80,,,0.19,,14.75,0.34
58937,UGC10535,82,3,565,20,,,,13.09,13.70,,0.27,,
58960,UGC10561,89,1,510,18,14.26,13.44,13.03,12.46,13.00,0.46,0.37,12.93,0.90
58965,UGC10559,87,2,242,20,,,,13.51,13.85,,0.23,,
58967,UGC10545,70,3,376,20,14.70,14.07,13.71,,,0.27,,13.65,0.25
58970,UGC10547,62,4,493,20,14.21,13.51,13.14,,,0.24,,13.08,0.08
58973,IC1231,64,4,381,16,,,,12.64,13.24,,0.39,,
58974,ESO453-004,89,2,393,13,,,,13.56,14.12,,0.39,,
58975,UGC10550,86,3,336,15,15.23,14.66,14.37,,,0.22,,14.33,0.64
58981,UGC10553,66,4,558,17,14.41,13.79,13.43,,,0.22,,13.38,0.18
58985,ESO179-013,77,3,163,13,,,,11.11,11.54,,1.28,,
58987,ESO586-002,80,3,214,7,,,,14.27,14.85,,0.30,,
58989,UGC10549,50,4,115,10,15.06,14.87,14.75,,,0.29,,14.68,0.07
59007,NGC6228,60,4,434,10,14.67,14.14,13.78,,,0.24,,13.62,0.18
59023,NGC6247,72,3,271,20,13.74,13.15,12.91,,,0.22,,12.85,0.20
59025,UGC10554,76,4,189,16,,,,14.30,14.94,,0.35,,
59026,PGC059026,56,4,313,17,15.27,14.69,14.31,,,0.18,,14.21,0.15
59039,PGC059039,68,4,350,15,14.20,13.88,13.62,,,0.23,,13.61,0.19
59043,UGC10587,72,3,352,16,,,,13.04,13.56,,0.19,,
59077,NGC6246,64,4,338,15,,,,13.14,13.73,,0.26,,
59081,UGC10569,86,2,577,19,,,,12.73,13.32,,0.47,,
59083,NGC6239,71,5,237,8,12.60,12.20,12.01,12.25,12.66,0.45,0.34,11.98,0.28
59118,UGC10582,80,3,366,20,15.68,15.07,14.71,,,0.22,,14.60,0.42
59132,UGC10588,78,3,148,8,15.83,15.60,15.46,,,0.35,,15.38,0.18
59137,PGC059137,65,4,214,16,,,,14.02,14.48,,0.18,,
59173,UGC10594,79,3,426,12,14.78,14.16,13.77,,,0.22,,13.69,0.41
59175,NGC6221,54,4,279,13,,,,9.29,9.76,,0.88,,
59188,UGC10632,85,2,249,12,15.43,15.00,14.77,,,0.35,,14.70,0.44
59223,UGC10598,63,4,324,19,15.33,14.71,14.34,,,0.18,,14.19,0.20
59228,UGC10596,58,4,310,19,,,,14.48,14.95,,0.20,,
59235,UGC10614,54,4,207,16,,,,14.78,15.40,,0.36,,
59237,UGC10600,86,2,438,19,15.27,14.46,14.03,,,0.18,,13.97,0.38
59244,NGC6255,69,4,174,10,12.94,12.65,12.51,13.27,13.97,0.97,0.83,12.48,0.14
59250,UGC10603,85,2,444,20,15.64,14.84,14.40,,,0.27,,14.26,0.62
59255,UGC10616,90,1,168,17,,,,16.72,17.51,,0.26,,
59269,UGC10619,83,3,222,18,,,,15.50,16.22,,0.36,,
59276,UGC10615,71,3,386,19,15.16,14.61,14.26,,,0.22,,14.22,0.29
59280,IC1237,63,5,573,13,,,,12.80,13.39,,0.27,,
59301,UGC10620,71,3,453,17,16.04,15.41,15.00,,,0.17,,14.93,0.29
59305,UGC10627,86,2,409,10,14.81,14.11,13.68,,,0.29,,13.60,0.66
59310,UGC10625,88,2,137,7,15.79,15.51,15.31,,,0.45,,15.28,0.35
59333,UGC10641,90,1,528,19,,,,15.24,15.87,,0.28,,
59376,UGC10639,64,4,419,19,14.65,13.99,13.58,,,0.18,,13.49,0.15
59408,UGC10650,89,2,126,12,14.71,14.35,14.09,,,0.41,,13.97,0.71
59451,UGC10659,52,4,390,19,,,,13.80,14.43,,0.22,,
59460,UGC10664,88,2,470,18,14.89,14.20,13.76,,,0.29,,13.69,0.78
59498,NGC6292,62,4,266,11,13.95,13.47,13.20,,,0.30,,13.15,0.20
59508,UGC10680,64,4,520,20,,,,13.41,14.05,,0.23,,
59516,UGC10687,53,4,191,17,14.81,14.51,14.17,14.68,15.27,0.28,0.29,14.14,0.11
59522,UGC10681,84,3,491,19,15.12,14.37,13.93,13.72,14.34,0.28,0.27,13.83,0.53
59527,UGC10674,81,3,457,18,,,,13.60,14.07,,0.35,,
59551,UGC10713,84,3,228,9,13.87,13.27,12.93,12.84,13.35,0.36,0.34,12.85,0.54
59557,UGC10685,76,3,410,14,14.79,14.20,13.85,,,0.24,,13.68,0.35
59582,UGC10692,84,3,530,13,14.67,13.83,13.41,12.93,13.54,0.29,0.28,13.28,0.53
59595,PGC059595,59,4,284,20,15.37,14.86,14.55,,,0.12,,14.42,0.16
59634,UGC10710,82,3,512,20,14.36,13.62,13.19,12.97,13.51,0.32,0.29,13.11,0.47
59635,ESO138-014,90,1,223,13,,,,12.89,13.50,,0.79,,
59650,UGC10714,90,1,494,11,15.13,14.34,13.86,13.35,13.92,0.27,0.33,13.75,0.97
59657,UGC10716,88,2,389,16,15.86,15.15,14.74,,,0.29,,14.63,0.78
59662,NGC6310,79,3,437,20,13.53,12.79,12.37,12.36,12.99,0.39,0.40,12.31,0.37
59668,UGC10736,81,3,137,17,,,,13.89,14.45,,0.78,,
59676,UGC10721,65,4,264,8,13.51,13.02,12.75,,,0.26,,12.69,0.19
59681,NGC6301,53,4,484,13,13.39,12.81,12.46,12.58,13.23,0.45,0.43,12.40,0.12
59688,IC1242,56,4,277,16,,,,13.59,14.06,,0.19,,
59703,PGC059703,62,4,419,19,15.21,14.48,14.06,,,0.23,,13.85,0.16
59706,UGC10729,83,3,298,8,15.23,14.81,14.54,,,0.19,,14.49,0.50
59716,UGC10732,52,4,181,17,15.00,14.60,14.34,,,0.22,,14.29,0.12
59732,UGC10735,89,1,426,18,15.79,14.93,14.44,,,0.23,,14.33,0.85
59735,IC1251,61,4,208,9,14.10,13.73,13.53,,,0.34,,13.45,0.16
59737,ESO138-016,71,3,246,12,,,,13.33,13.84,,0.28,,
59739,NGC6313,75,3,500,18,,,,12.77,13.39,,0.22,,
59769,UGC10738,90,1,585,18,,,,12.64,13.21,,0.40,,
59782,UGC10743,81,4,215,12,,,,12.78,13.24,,0.27,,
59783,IC1254,79,4,246,15,13.89,13.24,12.87,,,0.58,,12.78,0.42
59817,UGC10749,55,4,285,19,14.57,13.97,13.63,,,0.22,,13.53,0.13
59834,UGC10753,81,3,251,19,15.13,14.72,14.48,,,0.22,,14.45,0.46
59884,IC4633,53,4,318,13,,,,10.90,11.47,,0.85,,
59959,IC4635,85,2,330,30,,,,11.47,12.03,,0.57,,
59961,NGC6330,70,3,429,20,14.63,13.87,13.46,,,0.22,,13.35,0.22
59987,UGC10779,72,3,422,13,,,,12.68,13.09,,0.42,,
59995,UGC10780,90,1,353,18,,,,13.92,14.44,,0.27,,
60001,NGC6300,52,4,291,13,,,,9.12,9.62,,1.16,,
60003,NGC6339,55,4,211,17,12.77,12.29,12.04,12.45,12.95,0.70,0.67,11.99,0.14
60044,UGC10817,88,2,224,20,16.42,15.88,15.54,,,0.24,,15.49,0.62
60045,NGC6361,82,3,464,9,13.32,12.46,12.03,11.45,11.90,0.45,0.36,11.97,0.39
60052,UGC10806,70,3,153,9,,,,13.53,14.12,,0.48,,
60053,UGC10797,73,3,402,17,14.76,14.19,13.80,,,0.25,,13.61,0.32
60058,UGC10801,69,3,207,14,15.58,15.11,14.88,,,0.36,,14.81,0.19
60078,PGC060078,48,6,202,16,,,,14.39,14.98,,0.20,,
60086,NGC6347,60,4,360,17,,,,12.81,13.43,,0.33,,
60113,UGC10820,90,1,521,18,15.50,14.76,14.26,,,0.31,,14.19,0.96
60124,IC4660,85,2,116,17,,,,13.75,14.33,,0.30,,
60167,PGC060167,80,3,298,17,,,,14.65,15.11,,0.19,,
60180,IC1255,59,4,503,16,,,,12.56,12.83,,0.19,,
60203,IC1256,54,4,319,8,13.85,13.24,12.89,,,0.31,,12.80,0.14
60207,UGC10838,86,2,368,17,,,,13.37,13.90,,0.21,,
60208,IC4646,54,4,250,13,,,,11.34,11.93,,0.65,,
60216,ESO138-024,86,2,249,15,,,,12.92,13.44,,0.61,,
60220,NGC6373,51,4,199,14,14.17,13.79,13.51,,,0.41,,13.46,0.11
60232,UGC10834,53,4,263,8,,,,14.30,14.95,,0.29,,
60234,IC4644,85,2,381,20,,,,12.48,12.85,,0.28,,
60238,UGC10837,64,4,396,17,14.25,13.67,13.32,,,0.28,,13.21,0.21
60241,UGC10854,71,3,167,14,15.29,14.97,14.78,,,0.27,,14.73,0.21
60271,UGC10858,88,2,201,13,16.16,15.85,15.71,,,0.19,,15.68,0.45
60277,UGC10887,88,2,145,8,15.25,14.96,14.87,,,0.29,,14.81,0.46
60286,UGC10852,88,2,140,11,,,,15.48,15.97,,0.32,,
60291,NGC6395,74,3,199,12,13.24,12.80,12.54,13.03,13.62,0.57,0.54,12.47,0.27
60315,NGC6368,81,3,408,19,,,,11.44,12.01,,0.56,,
60317,UGC10872,90,1,115,13,16.41,15.97,15.75,,,0.33,,15.70,0.46
60321,NGC6381,53,4,244,12,13.44,13.05,12.85,,,0.34,,12.81,0.13
60330,NGC6372,50,4,259,8,13.34,12.73,12.43,12.52,13.01,0.40,0.39,12.34,0.11
60352,PGC060352,75,4,182,20,,,,14.72,15.26,,0.19,,
60356,NGC6390,79,3,257,16,14.32,13.79,13.47,,,0.37,,13.42,0.41
60369,UGC10892,90,1,172,20,,,,15.19,15.97,,0.50,,
60370,UGC10874,90,1,238,8,16.03,15.77,15.61,,,0.25,,15.56,0.48
60376,PGC060376,80,3,374,18,15.77,15.04,14.60,,,0.23,,14.38,0.44
60434,PGC060434,69,3,301,19,15.16,14.50,14.11,14.20,14.77,0.20,0.21,14.04,0.26
60443,UGC10895,85,2,298,15,15.52,14.99,14.68,14.74,15.29,0.24,0.23,14.63,0.52
60459,NGC6384,51,4,362,11,11.03,10.34,9.89,9.86,10.45,1.13,1.18,9.68,0.11
60475,UGC10894,63,4,215,18,15.39,14.94,14.70,,,0.22,,14.62,0.19
60498,UGC10899,62,4,228,18,,,,13.64,14.33,,0.42,,
60512,PGC060512,87,2,185,17,15.81,15.29,15.00,,,0.20,,14.91,0.73
60514,UGC10909,54,4,267,8,14.87,14.36,14.03,,,0.25,,13.91,0.14
60546,PGC060546,70,3,339,17,,,,14.51,15.02,,0.17,,
60568,IC1265,72,3,253,17,,,,13.32,14.02,,0.27,,
60573,NGC6434,73,5,315,14,,,,12.29,12.82,,0.33,,
60584,UGC10931,87,2,260,13,16.34,15.81,15.52,,,0.22,,15.42,0.53
60627,UGC10928,70,3,401,13,14.44,13.66,13.23,,,0.30,,13.08,0.26
60648,ESO009-010,53,4,294,20,,,,11.32,11.90,,0.54,,
60695,NGC6436,52,4,256,17,14.09,13.53,13.21,,,0.30,,13.12,0.12
60722,UGC10943,78,3,417,13,,,,12.81,13.34,,0.35,,
60766,NGC6433,81,3,603,19,,,,12.20,12.77,,0.38,,
60773,NGC6471,86,2,322,18,15.34,14.75,14.39,,,0.24,,14.30,0.68
60805,UGC10966,83,3,342,12,,,,12.39,12.87,,0.25,,
60831,UGC10972,82,3,383,13,13.94,13.29,12.93,,,0.47,,12.81,0.51
60838,UGC10984,65,4,393,20,14.40,13.73,13.35,,,0.27,,13.27,0.22
60864,UGC10981,66,4,475,16,,,,13.49,14.04,,0.24,,
60873,PGC060873,51,4,268,20,15.18,14.49,14.12,,,0.19,,13.94,0.11
60894,PGC060894,60,4,300,13,,,,14.04,14.68,,0.18,,
60896,NGC6478,73,3,503,16,13.29,12.63,12.24,,,0.36,,12.15,0.20
60920,UGC11000,55,4,145,7,,,,13.75,14.36,,0.23,,
60921,NGC6503,78,3,238,12,,,,9.70,10.28,,0.93,,
60925,NGC6460,58,5,278,10,,,,12.66,13.29,,0.33,,
60957,UGC11001,69,3,298,14,13.96,13.41,13.09,,,0.34,,12.93,0.25
60972,NGC6467,53,4,269,12,,,,12.83,13.46,,0.36,,
60975,UGC11003,86,2,277,14,15.02,14.20,13.76,,,0.28,,13.59,0.67
61008,NGC6484,51,4,360,8,12.82,12.16,11.82,,,0.27,,11.69,0.08
61017,UGC11016,75,3,275,8,,,,14.70,15.29,,0.27,,
61036,UGC11021,90,1,380,19,,,,13.20,13.80,,0.23,,
61052,UGC11027,54,4,162,8,14.06,13.56,13.30,,,0.43,,13.17,0.13
61058,UGC11036,90,1,233,13,15.63,15.11,14.75,,,0.43,,14.66,0.73
61082,UGC11030,82,3,172,8,,,,14.06,14.55,,0.45,,
61092,UGC11041,72,6,364,11,,,,12.13,12.48,,0.16,,
61120,UGC11050,86,2,285,14,,,,14.19,14.70,,0.29,,
61155,UGC11058,48,6,266,8,,,,12.76,13.36,,0.36,,
61161,UGC11055,53,4,216,20,,,,12.75,13.28,,0.26,,
61164,UGC11060,82,3,440,16,,,,12.19,12.66,,0.23,,
61165,UGC11057,69,3,278,12,,,,11.94,12.47,,0.48,,
61168,PGC061168,50,4,194,19,,,,13.38,13.95,,0.24,,
61169,UGC11059,88,2,140,15,,,,14.95,15.38,,0.29,,
61175,PGC061175,52,4,103,20,,,,13.92,14.39,,0.18,,
61207,UGC11076,66,4,463,18,,,,13.10,13.66,,0.25,,
61210,UGC11073,60,4,331,9,14.48,13.78,13.38,,,0.26,,13.07,0.17
61214,UGC11074,62,5,195,8,,,,13.46,14.17,,0.56,,
61220,NGC6532,70,4,332,13,,,,13.46,14.04,,0.38,,
61223,ESO139-046,88,2,178,15,,,,14.48,15.07,,0.41,,
61254,PGC061254,69,3,239,20,15.23,14.50,14.00,,,0.19,,13.93,0.19
61264,ESO139-049,81,3,272,10,,,,12.69,13.24,,0.41,,
61269,UGC11091,53,4,273,17,,,,14.52,15.15,,0.25,,
61276,UGC11099,76,3,258,15,,,,13.60,14.12,,0.29,,
61300,UGC11093,87,2,306,13,,,,11.45,11.90,,0.72,,
61315,NGC6492,60,4,519,16,,,,11.37,11.99,,0.46,,
61326,UGC11101,78,3,257,17,15.24,14.74,14.46,,,0.29,,14.39,0.36
61327,UGC11100,72,3,325,19,,,,13.90,14.39,,0.25,,
61353,PGC061353,75,3,194,8,,,,13.35,13.93,,0.24,,
61372,UGC11108,90,1,286,19,,,,14.88,15.20,,0.19,,
61381,NGC6560,53,4,331,14,13.81,13.38,13.13,,,0.24,,13.07,0.13
61399,NGC6549,81,3,445,20,,,,12.41,12.89,,0.33,,
61402,UGC11118,58,4,285,14,,,,13.75,14.30,,0.25,,
61420,UGC11120,86,2,143,16,,,,15.10,15.86,,0.46,,
61444,PGC061444,75,3,231,19,15.15,14.68,14.40,14.48,14.99,0.14,0.16,14.34,0.35
61449,UGC11126,90,1,256,17,,,,15.32,15.84,,0.27,,
61469,UGC11132,89,1,318,12,,,,13.01,13.57,,0.32,,
61487,UGC11131,78,3,185,12,,,,13.12,13.69,,0.59,,
61491,IC1277,46,6,221,11,,,,13.96,14.41,,0.27,,
61495,UGC11134,84,3,265,19,,,,14.79,15.59,,0.43,,
61512,NGC6570,57,4,232,6,,,,12.11,12.62,,0.41,,
61515,UGC11140,83,3,246,8,,,,14.55,15.11,,0.70,,
61524,PGC061524,59,4,302,19,16.13,14.90,14.12,12.84,13.13,0.16,0.14,13.19,0.05
61526,UGC11142,84,3,355,18,,,,13.25,13.76,,0.26,,
61542,ESO140-006,78,3,201,15,,,,13.48,14.05,,0.53,,
61546,UGC11151,83,3,592,19,,,,12.73,13.38,,0.37,,
61553,NGC6585,81,3,285,12,,,,12.47,12.94,,0.39,,
61558,UGC11152,55,4,141,8,,,,13.39,13.62,,0.69,,
61583,UGC11162,57,4,204,8,,,,14.29,14.69,,0.31,,
61600,NGC6586,65,4,257,14,,,,12.69,13.18,,0.27,,
61613,NGC6617,51,4,242,17,,,,14.55,15.11,,0.27,,
61614,UGC11173,79,3,420,19,,,,13.40,13.96,,0.27,,
61637,UGC11182,86,2,248,20,,,,14.41,14.92,,0.25,,
61647,IC4694,75,8,292,15,,,,12.79,13.43,,0.59,,
61658,PGC061658,68,4,131,10,14.33,13.78,13.51,,,0.24,,13.27,0.26
61666,IC1286,77,3,335,16,,,,13.43,13.97,,0.28,,
61690,UGC11188,87,2,293,18,,,,13.70,14.22,,0.28,,
61698,UGC11194,59,4,357,12,,,,12.44,12.94,,0.43,,
61712,ESO182-010,51,4,182,13,,,,12.97,13.44,,0.38,,
61722,UGC11198,81,3,431,20,,,,12.98,13.69,,0.26,,
61742,NGC6643,65,4,326,15,,,,10.41,10.89,,0.71,,
61755,ESO182-011,83,4,470,19,,,,13.02,13.59,,0.26,,
61777,UGC11210,90,1,211,15,16.35,15.70,15.29,,,0.40,,15.02,0.64
61782,NGC6636,85,3,522,13,,,,12.97,13.47,,0.34,,
61799,ESO335-010,88,2,363,19,,,,13.11,13.58,,0.25,,
61816,UGC11225,87,2,244,15,,,,14.02,14.58,,0.33,,
61824,UGC11230,90,1,402,18,15.22,14.52,14.09,13.65,14.19,0.46,0.38,14.00,0.89
61836,NGC6651,61,4,360,11,,,,12.58,13.07,,0.26,,
61861,UGC11231,90,1,164,18,,,,15.47,16.03,,0.30,,
61869,UGC11235,83,3,210,20,,,,15.78,16.33,,0.33,,
61892,UGC11237,55,4,282,8,,,,13.75,14.14,,0.38,,
61907,UGC11243,88,2,212,16,16.03,15.19,14.82,,,0.47,,14.61,0.59
61908,UGC11248,88,2,171,17,,,,15.78,16.26,,0.23,,
61912,UGC11242,70,3,561,18,,,,13.02,13.57,,0.31,,
61913,NGC6640,53,4,433,18,,,,12.78,13.35,,0.23,,
61936,UGC11255,88,2,432,17,,,,13.55,14.13,,0.26,,
61942,UGC11254,90,1,237,10,,,,14.62,15.23,,0.27,,
61970,UGC11262,73,3,312,17,15.01,14.48,14.20,,,0.33,,14.13,0.29
61994,UGC11264,74,3,259,20,,,,14.05,14.63,,0.28,,
62017,UGC11295,85,2,173,12,,,,14.99,15.70,,0.63,,
62037,UGC11275,90,1,389,18,,,,13.86,14.41,,0.45,,
62059,NGC6662,76,3,468,20,,,,12.55,13.11,,0.28,,
62066,IC4721,73,3,310,13,,,,11.01,11.58,,1.18,,
62077,NGC6689,80,3,204,15,,,,11.89,12.52,,0.99,,
62097,UGC11289,54,4,283,6,,,,12.71,13.28,,0.31,,
62104,UGC11291,81,3,179,16,,,,14.50,15.07,,0.48,,
62119,ESO281-014,54,4,309,16,,,,12.84,13.42,,0.19,,
62123,UGC11293,72,3,253,8,,,,13.24,13.84,,0.30,,
62143,UGC11297,85,2,352,16,15.35,14.52,14.06,,,0.30,,13.64,0.63
62162,UGC11307,80,3,218,8,,,,13.82,14.22,,0.43,,
62164,UGC11301,90,1,485,15,,,,12.15,12.65,,0.43,,
62178,NGC6674,59,4,431,16,,,,11.21,11.81,,0.61,,
62185,UGC11311,88,2,527,18,,,,13.15,13.74,,0.25,,
62204,UGC11334,87,2,264,14,,,,15.13,15.75,,0.20,,
62205,UGC11313,90,1,580,18,,,,12.46,13.06,,0.39,,
62207,NGC6654A,78,3,188,5,,,,13.17,13.75,,0.62,,
62229,UGC11315,63,4,631,17,,,,11.33,12.00,,0.37,,
62230,UGC11316,76,3,234,12,,,,15.16,15.79,,0.24,,
62231,UGC11320,88,2,456,18,,,,12.40,12.94,,0.34,,
62247,UGC11329,72,3,199,14,,,,14.33,14.92,,0.34,,
62248,UGC11328,88,2,291,16,,,,14.77,15.34,,0.29,,
62249,UGC11323,64,4,252,14,,,,13.73,14.36,,0.38,,
62296,NGC6695,60,4,421,9,13.87,13.16,12.76,,,0.27,,12.63,0.09
62301,UGC11341,78,3,347,18,,,,13.87,14.39,,0.25,,
62336,UGC11346,54,15,205,14,,,,13.87,14.33,,0.32,,
62338,UGC11344,71,3,394,5,,,,12.20,12.82,,0.32,,
62376,NGC6700,51,4,399,17,,,,12.14,12.77,,0.41,,
62380,UGC11350,51,4,319,5,,,,12.71,13.25,,0.38,,
62381,IC4758,51,4,233,16,,,,12.93,13.43,,0.35,,
62428,IC4769,49,6,315,13,,,,12.14,12.23,,0.24,,
62429,UGC11355,70,3,417,16,,,,12.43,13.05,,0.39,,
62432,UGC11357,87,3,181,16,,,,15.41,15.98,,0.35,,
62463,ESO231-003,89,1,405,16,,,,12.91,13.28,,0.24,,
62501,UGC11373,63,4,500,20,,,,13.32,13.86,,0.21,,
62504,UGC11369,52,4,125,12,,,,12.19,12.66,,0.31,,
62509,UGC11371,77,3,358,17,,,,12.76,13.27,,0.44,,
62514,ESO523-012,84,3,508,17,,,,12.79,13.41,,0.28,,
62518,UGC11377,88,2,362,17,,,,13.92,14.43,,0.32,,
62522,UGC11372,87,2,199,9,,,,13.89,14.45,,0.36,,
62528,IC4785,61,4,413,16,,,,11.50,12.14,,0.49,,
62548,UGC11375,66,4,314,12,,,,13.28,14.11,,0.39,,
62550,ESO396-007,76,3,448,18,,,,12.08,12.44,,0.27,,
62563,NGC6707,72,3,298,20,,,,11.95,12.38,,0.48,,
62585,ESO281-038,81,3,381,16,,,,12.45,12.44,,0.22,,
62593,UGC11379,70,3,251,17,,,,13.06,13.50,,0.26,,
62595,UGC11380,70,3,285,11,,,,12.23,12.79,,0.34,,
62636,PGC062636,59,4,203,19,,,,14.28,14.71,,0.16,,
62645,ESO458-010,70,6,365,16,,,,13.56,14.05,,0.23,,
62651,UGC11385,50,4,256,15,14.72,13.63,13.07,,,0.35,,12.17,0.10
62666,UGC11400,61,4,115,10,15.52,14.97,14.57,,,0.39,,14.37,0.14
62671,NGC6750,54,4,243,16,,,,12.63,13.18,,0.26,,
62678,PGC062678,63,4,423,19,,,,12.98,13.37,,0.15,,
62706,IC4810,88,2,283,17,,,,12.79,13.35,,0.62,,
62717,UGC11394,87,2,377,14,,,,12.86,13.52,,0.52,,
62718,PGC062718,72,3,400,19,,,,13.86,14.44,,0.18,,
62725,UGC11397,60,4,417,12,,,,12.46,12.73,,0.24,,
62748,UGC11399,87,5,466,17,,,,12.87,13.34,,0.25,,
62773,ESO592-010,81,3,424,9,,,,12.51,13.09,,0.27,,
62781,UGC11404,54,4,405,8,,,,11.11,11.65,,0.39,,
62782,IC4819,89,1,189,10,,,,13.68,14.29,,0.60,,
62806,NGC6764,60,4,261,17,,,,11.36,11.96,,0.71,,
62824,IC4820,54,4,106,17,,,,14.47,15.29,,0.50,,
62830,IC4821,75,3,229,10,,,,12.74,13.28,,0.36,,
62836,NGC6744,49,6,315,13,,,,8.15,8.74,,2.66,,
62838,UGC11408,73,5,508,20,,,,12.54,13.19,,0.30,,
62845,UGC11411A,86,2,411,16,,,,13.44,13.95,,0.37,,
62860,UGC11409,80,3,446,20,15.31,14.42,13.92,13.63,14.19,0.21,0.23,13.60,0.41
62861,ESO282-018,72,3,352,15,,,,12.80,13.33,,0.33,,
62871,NGC6754,65,4,378,18,,,,11.47,11.98,,0.43,,
62882,ESO593-003,88,2,401,19,,,,14.01,14.69,,0.31,,
62889,ESO459-006,77,3,453,13,,,,12.46,13.03,,0.39,,
62944,UGC11417,57,5,200,11,,,,14.07,14.79,,0.38,,
62961,PGC062961,81,3,449,18,,,,13.08,13.55,,0.31,,
62982,UGC11422,90,1,295,16,,,,13.69,14.15,,0.34,,
62985,UGC11427,82,3,274,13,,,,13.70,14.24,,0.22,,
63004,PGC063004,67,4,227,18,,,,14.22,14.69,,0.21,,
63017,ESO459-009,88,2,494,16,,,,13.32,13.82,,0.22,,
63040,UGC11426,52,4,277,6,,,,12.58,13.10,,0.21,,
63046,ESO593-010,73,3,286,18,,,,14.12,14.68,,0.26,,
63096,NGC6792,59,4,518,15,,,,11.42,12.05,,0.51,,
63103,ESO459-014,83,3,283,19,,,,14.29,14.87,,0.24,,
63121,NGC6796,81,3,391,11,,,,11.53,12.02,,0.36,,
63128,PGC063128,74,3,290,19,15.25,14.61,14.27,14.25,14.83,0.14,0.17,14.15,0.33
63165,UGC11433,86,2,283,18,,,,13.59,14.17,,0.27,,
63173,ESO397-018,90,1,353,14,,,,13.19,13.89,,0.34,,
63195,PGC063195,75,3,310,15,,,,13.38,13.94,,0.21,,
63212,IC1301,51,4,231,9,,,,13.46,14.07,,0.35,,
63229,NGC6801,64,4,288,16,,,,12.62,13.15,,0.41,,
63264,ESO142-013,78,3,296,20,,,,13.00,13.51,,0.24,,
63286,UGC11455,89,1,608,15,,,,11.62,12.17,,0.51,,
63302,IC4859,60,4,311,16,,,,13.00,13.55,,0.26,,
63307,IC1302,52,4,325,20,13.79,13.15,12.75,,,0.25,,12.52,0.09
63308,UGC11450,77,3,618,18,,,,12.56,13.21,,0.27,,
63311,UGC11453,53,4,300,13,,,,11.95,12.47,,0.43,,
63328,IC1303,49,6,276,16,13.56,12.95,12.61,,,0.36,,12.42,0.09
63347,PGC063347,67,4,348,19,,,,13.03,13.65,,0.24,,
63348,UGC11456,74,3,513,19,14.11,13.14,12.59,,,0.29,,12.23,0.00
63374,UGC11457,70,5,160,18,,,,15.03,15.60,,0.34,,
63395,IC4871,90,1,249,17,,,,12.92,13.54,,0.72,,
63407,ESO105-009,81,3,328,18,,,,13.07,13.60,,0.22,,
63424,UGC11459,65,4,359,18,,,,11.86,12.41,,0.48,,
63432,IC4870,61,4,71,13,,,,13.45,14.02,,0.49,,
63464,ESO460-018,74,3,516,18,,,,9.90,10.41,,0.29,,
63471,UGC11461,89,1,280,6,,,,12.84,13.29,,0.43,,
63477,PGC063477,47,6,230,19,,,,12.84,13.40,,0.19,,
63525,ESO398-020,87,2,351,16,,,,13.46,14.09,,0.31,,
63540,PGC063540,86,2,462,20,,,,12.50,13.06,,0.45,,
63556,PGC063556,75,3,143,13,,,,12.96,13.47,,0.33,,
63592,ESO460-031,90,2,480,15,,,,12.54,13.16,,0.46,,
63601,UGC11471,82,3,417,20,,,,13.07,13.56,,0.20,,
63610,PGC063610,79,3,346,20,,,,13.33,13.80,,0.23,,
63622,ESO398-029,90,1,361,13,,,,13.46,13.99,,0.37,,
63629,UGC11473,53,4,285,10,,,,12.77,13.44,,0.44,,
63630,PGC063630,51,4,227,18,,,,13.20,13.74,,0.27,,
63635,PGC063635,66,9,554,20,,,,12.87,13.37,,0.30,,
63655,UGC11475,62,4,211,19,,,,14.10,14.63,,0.31,,
63664,UGC11477,81,3,265,10,,,,13.15,13.62,,0.34,,
63682,ESO594-017,62,4,174,11,,,,13.07,13.71,,0.72,,
63683,UGC11484,65,4,173,15,,,,14.43,15.19,,0.30,,
63697,PGC063697,79,3,403,14,,,,13.14,13.67,,0.18,,
63704,UGC11482,66,4,267,13,,,,13.33,14.01,,0.43,,
63706,UGC11487,51,4,261,17,,,,13.16,13.32,,0.17,,
63712,UGC11486,62,4,370,18,,,,13.23,13.72,,0.22,,
63751,ESO461-006,90,1,366,18,,,,13.37,13.96,,0.36,,
63766,UGC11492,60,4,294,19,,,,12.50,13.02,,0.43,,
63776,ESO526-011,90,1,283,14,,,,14.48,15.10,,0.35,,
63786,PGC063786,86,2,458,20,,,,12.81,13.40,,0.31,,
63797,IC4901,48,6,215,15,,,,11.31,11.92,,0.58,,
63800,NGC6835,87,2,160,8,,,,11.33,11.77,,0.35,,
63819,ESO142-053,80,6,259,17,,,,13.45,13.92,,0.19,,
63840,ESO339-008,78,3,381,20,,,,12.72,13.29,,0.20,,
63861,UGC11498,74,3,482,19,,,,11.23,11.88,,0.56,,
63900,ESO461-025,68,4,335,20,,,,12.88,13.36,,0.23,,
63950,ESO461-029,83,3,461,18,,,,12.99,13.66,,0.34,,
64016,UGC11505,72,3,480,14,,,,13.04,13.76,,0.38,,
64026,UGC11510,75,3,384,14,,,,12.46,13.06,,0.47,,
64058,ESO339-031,82,3,389,18,,,,12.50,13.03,,0.22,,
64060,ESO595-010,67,4,221,12,,,,13.21,13.83,,0.34,,
64065,UGC11512,72,3,405,14,,,,12.38,12.92,,0.27,,
64083,PGC064083,67,4,312,18,,,,13.96,14.57,,0.25,,
64121,PGC064121,84,3,318,19,,,,14.27,14.68,,0.19,,
64137,PGC064137,62,4,270,17,,,,13.26,13.78,,0.37,,
64147,ESO461-044,85,2,481,20,,,,12.97,13.46,,0.32,,
64162,UGC11517,78,3,346,18,,,,13.11,13.77,,0.23,,
64169,UGC11519,65,4,225,14,15.20,14.66,14.40,,,0.26,,14.18,0.20
64181,IC4951,86,2,112,13,,,,13.95,14.71,,0.68,,
64188,ESO284-021,55,4,223,17,,,,13.26,13.87,,0.34,,
64219,NGC6861F,87,2,147,20,,,,15.21,15.88,,0.42,,
64227,ESO339-036,71,8,299,19,,,,13.56,14.04,,0.36,,
64237,UGC11522,61,4,266,8,,,,12.87,13.20,,0.17,,
64240,NGC6875A,85,2,307,20,,,,12.42,13.01,,0.63,,
64276,UGC11528,54,4,403,17,,,,12.63,13.27,,0.35,,
64282,PGC064282,59,4,281,18,,,,13.41,13.88,,0.21,,
64312,UGC11526,59,6,551,12,13.87,12.91,12.29,,,0.39,,11.88,0.09
64318,UGC11527,79,3,451,10,,,,12.38,12.93,,0.30,,
64352,UGC11531,87,2,267,14,16.64,15.75,15.27,,,0.42,,14.68,0.57
64358,ESO399-026,63,4,291,19,,,,13.66,14.19,,0.19,,
64373,PGC064373,71,3,451,15,13.98,13.27,12.85,12.68,13.27,0.30,0.31,12.67,0.24
64377,PGC064377,74,3,315,11,,,,13.51,14.10,,0.29,,
64385,PGC064385,64,4,332,20,,,,12.88,13.40,,0.27,,
64410,ESO400-005,62,4,346,12,,,,12.96,13.64,,0.40,,
64425,UGC11534,80,3,285,16,,,,14.51,15.21,,0.35,,
64427,NGC6887,73,3,395,15,,,,11.28,11.88,,0.72,,
64429,ESO340-009,89,1,168,12,,,,14.61,15.16,,0.40,,
64432,IC4964,69,3,212,9,,,,14.02,14.60,,0.39,,
64434,PGC064434,51,4,198,19,14.80,14.15,13.82,,,0.25,,13.55,0.11
64448,ESO462-007,87,2,337,17,,,,13.93,14.50,,0.26,,
64451,PGC064451,73,3,304,19,,,,14.27,14.75,,0.23,,
64458,UGC11537,78,3,499,8,13.45,12.65,12.16,11.93,12.48,0.63,0.55,11.90,0.40
64485,NGC6911,50,4,349,15,,,,11.21,11.73,,0.46,,
64488,ESO340-017,71,3,209,13,,,,13.30,14.00,,0.41,,
64494,PGC064494,64,4,106,20,14.92,14.19,13.75,,,0.21,,13.46,0.22
64506,ESO527-019,51,4,234,8,,,,12.87,13.45,,0.30,,
64511,ESO596-019,83,3,135,18,,,,14.81,15.44,,0.36,,
64513,NGC6897,51,4,233,19,14.34,13.58,13.14,,,0.20,,13.00,0.11
64534,PGC064534,86,2,426,18,,,,12.68,13.23,,0.32,,
64540,UGC11545,88,2,187,10,,,,13.08,13.60,,0.26,,
64549,ESO462-010,53,4,189,17,,,,14.82,15.70,,0.37,,
64552,NGC6901,72,3,371,9,14.09,13.40,13.02,,,0.29,,12.80,0.27
64553,UGC11541,59,4,182,11,14.91,14.34,13.95,,,0.50,,13.71,0.14
64563,UGC11543,58,4,392,19,,,,13.07,13.68,,0.24,,
64569,UGC11544,78,3,221,18,15.68,15.04,14.65,,,0.24,,14.39,0.39
64577,PGC064577,63,9,264,18,,,,13.52,14.14,,0.18,,
64579,ESO462-014,85,4,288,16,,,,13.35,13.88,,0.15,,
64592,PGC064592,51,4,242,20,,,,13.98,14.45,,0.18,,
64600,NGC6916,54,4,340,19,13.63,12.62,12.07,11.60,12.14,0.46,0.44,11.37,0.10
64601,NGC6906,62,4,436,7,13.17,12.43,12.03,,,0.36,,11.82,0.06
64605,ESO462-016,50,4,205,11,,,,12.89,13.52,,0.50,,
64613,IC4999,56,4,226,16,,,,12.99,13.47,,0.40,,
64626,PGC064626,55,4,258,18,,,,13.65,14.11,,0.25,,
64627,PGC064627,84,5,265,10,15.01,14.36,13.89,,,0.26,,13.65,0.57
64629,UGC11549,69,3,245,11,14.76,14.29,13.78,,,0.27,,13.53,0.25
64637,UGC11552,88,2,466,7,14.10,13.23,12.78,,,0.40,,12.54,0.70
64638,UGC11551,85,2,397,7,14.16,13.33,12.88,,,0.39,,12.64,0.56
64647,ESO596-032,65,4,153,17,,,,15.13,15.55,,0.39,,
64649,UGC11553,83,3,181,17,,,,15.22,15.85,,-0.02,,
64660,ESO400-016,56,9,411,20,,,,13.50,14.16,,0.27,,
64679,PGC064679,52,4,153,19,15.23,14.48,14.09,,,0.24,,13.84,0.13
64690,ESO400-021,77,3,259,12,,,,14.88,15.33,,0.26,,
64697,PGC064697,71,3,328,18,,,,14.08,14.82,,0.23,,
64724,ESO400-025,76,3,158,16,,,,13.95,14.31,,0.68,,
64742,UGC11565,86,2,224,18,14.68,14.21,13.99,,,0.32,,13.84,0.65
64759,UGC11568,80,3,435,7,,,,11.86,12.37,,0.40,,
64781,UGC11571,78,3,324,9,,,,13.03,13.64,,0.53,,
64783,PGC064783,51,5,377,18,,,,14.39,14.98,,0.21,,
64798,UGC11573,76,3,289,20,15.81,15.28,14.98,,,0.24,,14.85,0.31
64812,PGC064812,82,3,297,13,,,,13.55,14.06,,0.21,,
64821,UGC11575,77,3,256,16,,,,13.64,14.20,,0.37,,
64825,ESO528-011,69,3,199,20,,,,14.81,15.57,,0.39,,
64856,UGC11582,53,4,216,17,,,,13.69,14.30,,0.42,,
64857,UGC11580,88,2,259,12,15.94,15.09,14.61,,,0.28,,14.40,0.78
64862,UGC11579,87,2,407,19,15.30,14.38,13.86,13.42,13.95,0.35,0.39,13.50,0.73
64870,ESO400-037,56,4,222,18,,,,13.99,14.81,,0.62,,
64874,PGC064874,64,4,400,20,15.58,14.92,14.53,,,0.15,,14.39,0.20
64884,NGC6923,61,4,411,9,,,,11.19,11.72,,0.45,,
64891,UGC11584,90,1,437,18,,,,12.85,13.40,,0.44,,
64942,PGC064942,69,3,275,17,,,,14.10,14.78,,0.27,,
64947,ESO528-017,90,1,281,20,,,,14.60,15.04,,0.33,,
64948,PGC064948,64,4,485,20,,,,13.81,14.35,,0.18,,
64963,NGC6931,82,3,149,13,,,,12.48,12.94,,0.19,,
64980,NGC6925,76,3,506,12,,,,10.46,11.07,,0.61,,
64991,UGC11594,85,2,495,20,,,,13.26,13.82,,0.26,,
65003,ESO340-042,53,4,132,14,,,,13.55,14.16,,0.49,,
65007,UGC11595,88,2,328,11,,,,13.02,13.59,,0.38,,
65022,PGC065022,90,1,512,13,14.55,13.72,13.22,12.45,12.94,0.57,0.44,13.11,0.96
65052,UGC11603,90,1,351,10,,,,13.35,13.83,,0.27,,
65054,NGC6941,52,4,367,18,13.32,12.62,12.22,12.29,12.91,0.39,0.37,12.10,0.11
65059,PGC065059,53,4,188,19,15.41,15.00,14.75,,,0.26,,14.63,0.12
65060,UGC11599,50,4,377,6,,,,11.47,12.05,,0.56,,
65081,PGC065081,75,3,276,17,15.79,15.03,14.62,,,0.10,,14.44,0.35
65108,NGC6944A,47,6,204,20,,,,13.71,14.38,,0.25,,
65131,PGC065131,79,3,380,18,13.32,12.57,12.12,12.01,12.55,0.42,0.44,12.01,0.40
65150,UGC11613,87,2,211,11,,,,14.19,14.80,,0.34,,
65157,UGC11610,54,4,327,15,,,,12.79,13.67,,0.40,,
65158,PGC065158,86,2,233,17,,,,14.69,15.09,,0.46,,
65169,UGC11611,64,4,257,17,14.63,14.29,14.24,,,0.29,,14.11,0.20
65178,UGC11612,89,1,417,15,15.42,14.60,14.15,,,0.35,,13.99,0.91
65189,UGC11616,52,4,222,14,,,,13.91,14.49,,0.30,,
65192,ESO463-017,78,3,358,18,,,,13.87,14.41,,0.24,,
65198,UGC11614,85,2,556,19,,,,12.83,13.45,,0.28,,
65203,UGC11615,72,3,234,17,,,,15.03,15.96,,0.31,,
65211,PGC065211,58,4,284,6,,,,12.57,13.11,,0.34,,
65214,PGC065214,55,4,276,19,,,,14.45,14.86,,0.18,,
65216,ESO401-004,54,4,191,13,,,,15.17,15.70,,0.26,,
65249,IC5039,77,3,241,12,,,,12.21,12.75,,0.43,,
65255,UGC11635,73,3,488,11,,,,11.68,12.23,,0.39,,
65258,IC5007,52,4,241,9,,,,12.42,13.01,,0.41,,
65264,UGC11617,54,4,234,17,14.87,14.27,13.89,,,0.30,,13.67,0.14
65293,UGC11623,56,4,299,19,,,,12.90,13.55,,0.28,,
65297,UGC11622,78,4,208,10,,,,14.63,15.36,,0.29,,
65299,ESO285-048,69,3,235,7,,,,13.10,13.67,,0.51,,
65346,UGC11624,76,3,191,15,,,,16.10,16.71,,0.22,,
65383,PGC065383,48,6,222,18,15.58,14.93,14.57,,,0.09,,14.40,0.09
65405,PGC065405,64,4,379,18,15.28,14.53,14.10,,,0.12,,13.95,0.17
65425,NGC6969,77,3,414,19,,,,12.71,13.39,,0.25,,
65466,UGC11638,52,4,403,18,13.16,12.53,12.12,12.24,12.80,0.45,0.44,11.97,0.11
65501,ESO597-041,48,6,68,16,,,,12.49,13.33,,0.63,,
65506,PGC065506,89,1,473,12,14.61,13.82,13.39,12.79,13.37,0.47,0.39,13.26,0.91
65508,PGC065508,69,3,383,20,,,,14.00,14.40,,0.16,,
65510,PGC065510,78,3,317,18,15.03,14.25,13.79,,,0.19,,13.65,0.37
65529,PGC065529,84,3,473,19,,,,13.21,13.79,,0.38,,
65536,ESO529-009,83,3,290,20,,,,13.46,13.94,,0.20,,
65555,PGC065555,82,3,323,11,14.28,13.78,13.51,,,0.24,,13.41,0.50
65603,IC5052,88,2,173,7,,,,11.18,11.79,,1.58,,
65642,UGC11648,86,2,283,12,,,,12.95,13.42,,0.37,,
65646,UGC11644,77,3,356,18,14.48,13.87,13.47,,,0.32,,13.31,0.39
65657,UGC11645,88,2,269,16,15.30,14.46,13.98,,,0.25,,13.82,0.82
65683,UGC11647,89,1,466,16,,,,13.12,13.61,,0.27,,
65748,UGC11650,80,3,440,19,,,,13.81,14.36,,0.25,,
65769,PGC065769,84,3,248,13,,,,14.65,15.20,,0.24,,
65775,UGC11651,79,3,254,6,13.75,12.89,12.45,,,0.84,,11.98,0.42
65781,UGC11652,68,4,211,13,,,,14.59,15.12,,0.29,,
65796,UGC11655,80,3,253,18,16.09,15.41,14.99,,,0.25,,14.61,0.37
65804,PGC065804,64,4,291,12,,,,14.32,14.76,,0.19,,
65832,PGC065832,70,3,224,20,15.00,14.56,14.33,,,0.19,,14.19,0.27
65834,UGC11656,87,2,267,15,,,,14.25,14.75,,0.28,,
65880,UGC11660,86,4,175,17,,,,15.42,15.52,,0.45,,
65887,NGC7003,53,4,263,16,13.68,13.16,12.87,,,0.27,,12.74,0.10
65908,PGC065908,77,3,453,19,15.71,14.89,14.62,,,0.17,,14.45,0.37
65915,IC5071,83,3,376,7,,,,11.85,12.44,,0.57,,
65960,IC5078,79,3,254,9,,,,12.12,12.74,,0.71,,
65968,UGC11667,90,1,466,20,16.28,15.32,14.27,,,0.60,,14.14,0.94
65982,PGC065982,56,4,286,19,14.82,14.22,13.89,,,0.19,,13.74,0.12
65994,ESO464-019,50,4,196,18,,,,13.89,14.51,,0.25,,
66029,PGC066029,80,3,311,15,15.09,14.54,14.25,,,0.19,,14.13,0.44
66085,UGC11675,76,3,352,19,14.70,13.91,13.48,,,0.14,,13.32,0.26
66087,UGC11676,53,4,231,15,14.69,14.20,14.02,,,0.15,,13.84,0.13
66094,UGC11677,86,2,338,6,14.85,14.05,13.63,,,0.28,,13.47,0.68
66115,ESO342-005,78,3,650,20,,,,13.55,14.13,,0.22,,
66125,PGC066125,50,4,394,20,15.38,14.67,14.20,,,0.17,,13.99,0.08
66151,NGC7025,60,5,611,19,12.60,11.73,11.24,11.19,11.81,0.36,0.36,11.09,0.00
66178,UGC11683,81,3,320,19,14.93,14.18,13.77,,,0.29,,13.59,0.47
66225,UGC11689,55,4,175,8,,,,11.94,12.44,,0.30,,
66239,ESO342-013,83,3,184,12,,,,13.07,13.67,,0.36,,
66242,PGC066242,62,4,187,12,14.12,13.66,13.41,13.94,14.54,0.43,0.43,13.29,0.14
66280,UGC11688,72,3,396,19,14.96,14.21,13.77,,,0.24,,13.58,0.30
66363,PGC066363,59,4,276,13,14.89,14.34,14.06,,,0.19,,13.94,0.17
66373,PGC066373,71,3,231,20,,,,15.67,16.18,,0.16,,
66376,ESO107-015,87,2,272,10,,,,12.99,13.47,,0.43,,
66396,UGC11706,90,1,369,20,,,,13.43,13.97,,0.30,,
66398,UGC11707,65,4,182,9,,,,13.20,13.89,,0.90,,
66407,NGC7046,51,4,271,7,13.28,12.67,12.33,,,0.38,,12.21,0.11
66434,UGC11711,88,2,400,18,16.17,15.49,15.22,,,0.26,,15.01,0.81
66443,PGC066443,75,3,362,18,15.14,14.46,14.06,,,0.17,,13.90,0.32
66445,ESO107-016,90,2,170,10,,,,14.81,15.47,,0.63,,
66461,NGC7047,62,4,419,19,13.77,13.04,12.65,,,0.33,,12.52,0.05
66465,PGC066465,64,4,274,16,14.79,14.19,13.86,,,0.26,,13.72,0.21
66468,PGC066468,72,3,316,19,15.19,14.54,14.15,,,0.20,,13.98,0.27
66478,UGC11738,64,4,281,16,,,,13.68,14.28,,0.24,,
66484,ESO402-021,77,3,271,20,,,,13.10,13.56,,0.24,,
66497,UGC11713,80,5,238,16,15.51,15.10,14.96,,,0.29,,14.82,0.30
66506,PGC066506,79,3,238,17,,,,14.35,14.81,,0.18,,
66512,UGC11714,50,4,376,19,15.18,14.57,14.20,,,0.22,,14.08,0.11
66514,UGC11715,83,3,205,15,15.52,15.07,14.81,,,0.22,,14.71,0.47
66546,UGC11719,84,3,485,20,15.00,14.18,13.71,,,0.22,,13.53,0.45
66547,PGC066547,69,3,349,19,15.00,14.33,13.95,,,0.23,,13.79,0.25
66548,PGC066548,77,3,149,11,,,,13.53,14.08,,0.27,,
66554,UGC11721,86,2,369,17,14.73,14.19,13.86,,,0.29,,13.74,0.68
66579,UGC11723,89,1,426,12,14.54,13.71,13.23,12.38,12.80,0.46,0.36,13.13,0.89
66581,PGC066581,56,4,190,13,15.54,15.14,14.89,,,0.17,,14.82,0.15
66585,UGC11726,78,3,474,17,,,,12.76,13.30,,0.28,,
66588,ESO402-024,59,4,505,20,,,,13.50,14.10,,0.21,,
66590,UGC11724,81,3,285,11,14.77,14.33,14.05,14.25,14.76,0.38,0.35,13.93,0.34
66612,UGC11729,88,2,169,17,,,,15.99,16.80,,0.40,,
66617,ESO287-009,88,2,231,13,,,,13.69,14.23,,0.36,,
66618,UGC11732,86,3,281,18,,,,13.95,14.48,,0.17,,
66622,IC5104,81,3,369,14,14.32,13.56,13.13,,,0.30,,12.92,0.40
66624,PGC066624,62,4,382,20,15.46,14.84,14.40,,,0.20,,14.25,0.20
66646,UGC11746,89,1,412,19,,,,13.50,14.14,,0.25,,
66669,ESO287-013,81,3,367,16,,,,11.67,12.19,,0.48,,
66675,PGC066675,58,4,240,15,14.90,14.40,14.11,,,0.15,,14.01,0.16
66702,UGC11739,52,4,157,19,15.86,15.37,15.15,,,0.24,,14.98,0.09
66709,PGC066709,78,3,407,19,,,,13.72,14.31,,0.21,,
66727,ESO402-028,62,4,416,17,,,,13.43,14.07,,0.21,,
66738,PGC066738,90,1,199,10,14.98,14.60,14.41,,,0.34,,14.31,0.74
66740,IC5105B,72,5,203,20,,,,12.62,13.14,,0.28,,
66752,UGC11740,76,3,368,17,14.51,13.86,13.51,,,0.28,,13.42,0.36
66771,UGC11745,69,3,258,20,,,,14.15,14.71,,0.34,,
66778,PGC066778,67,5,279,17,,,,14.18,14.64,,0.18,,
66784,NGC7059,68,4,260,13,,,,11.70,12.36,,0.75,,
66789,IC1381,52,4,363,20,14.79,14.12,13.74,,,0.21,,13.63,0.12
66791,UGC11748,79,3,222,14,,,,12.38,12.98,,0.31,,
66798,PGC066798,49,6,125,15,15.24,14.80,14.54,,,0.29,,14.40,0.09
66803,PGC066803,62,4,393,19,,,,13.67,14.31,,0.17,,
66829,UGC11752,86,2,543,18,15.86,14.99,14.51,,,0.20,,14.26,0.62
66836,NGC7064,86,2,153,13,,,,12.97,13.62,,0.88,,
66840,UGC11750,76,3,524,19,14.90,14.17,13.74,,,0.23,,13.61,0.32
66849,UGC11754,51,4,166,8,14.14,13.63,13.39,,,0.40,,13.15,0.12
66872,ESO403-003,90,1,396,19,,,,13.66,14.10,,0.27,,
66880,UGC11758,89,1,612,19,,,,12.84,13.45,,0.33,,
66882,IC5115,50,4,338,19,15.57,14.93,14.56,,,0.20,,14.40,0.11
66889,PGC066889,48,6,276,18,15.18,14.61,14.24,,,0.14,,14.17,0.11
66903,PGC066903,58,4,281,13,15.25,14.71,14.38,,,0.19,,14.29,0.17
66948,PGC066948,84,3,451,20,15.62,14.79,14.26,13.49,13.84,0.19,0.17,14.14,0.36
66958,UGC11765,57,4,253,8,14.79,14.32,14.04,14.37,14.94,0.20,0.20,13.97,0.15
66965,UGC11767,54,4,79,12,,,,13.53,13.95,,0.29,,
66969,IC5119,78,3,438,19,,,,12.81,13.36,,0.20,,
66983,UGC11769,62,4,427,18,14.33,13.60,13.12,,,0.21,,12.88,0.09
66986,UGC11768,87,2,426,18,15.54,14.65,14.12,,,0.24,,13.94,0.67
66993,UGC11779,80,3,187,12,,,,14.71,15.34,,0.33,,
67003,PGC067003,62,4,375,20,15.20,14.46,14.04,,,0.10,,13.86,0.16
67023,NGC7083,57,4,383,13,,,,10.74,11.28,,0.57,,
67033,PGC067033,71,3,314,18,14.70,14.11,13.79,,,0.15,,13.70,0.25
67045,NGC7090,87,2,198,13,,,,10.56,11.10,,1.40,,
67046,UGC11778,88,2,502,20,16.10,15.35,14.89,,,0.19,,14.76,0.78
67071,UGC11783,64,4,323,19,,,,14.31,15.03,,0.23,,
67078,ESO287-043,88,2,178,17,,,,13.97,14.57,,0.40,,
67087,PGC067087,55,4,224,16,,,,14.01,14.46,,0.22,,
67093,IC5120,78,3,284,10,,,,12.93,13.54,,0.33,,
67109,UGC11785,88,2,324,13,15.08,14.35,13.92,,,0.33,,13.76,0.81
67120,NGC7102,52,4,167,8,13.60,13.13,12.86,,,0.32,,12.77,0.12
67129,PGC067129,78,3,310,19,15.69,15.09,14.72,,,0.21,,14.58,0.40
67153,PGC067153,80,3,365,11,15.31,14.48,14.01,,,0.24,,13.79,0.43
67158,ESO531-022,89,1,365,12,,,,12.29,12.80,,0.45,,
67162,ESO011-005,87,2,229,15,,,,14.54,15.21,,0.32,,
67163,UGC11789,64,4,273,19,14.72,14.19,13.82,,,0.25,,13.73,0.21
67182,UGC11791,78,3,447,20,16.35,15.71,15.32,,,0.22,,15.19,0.40
67201,UGC11792,88,2,343,16,15.10,14.21,13.73,,,0.30,,13.47,0.79
67205,NGC7112,77,3,348,13,14.73,13.94,13.47,,,0.29,,13.27,0.29
67213,ESO466-001,89,1,497,19,,,,12.70,13.27,,0.27,,
67218,NGC7116,69,3,239,16,13.83,13.29,12.97,,,0.26,,12.77,0.25
67233,ESO531-024,90,1,199,17,,,,15.68,16.35,,0.24,,
67239,UGC11798,86,2,209,19,,,,11.84,12.34,,0.38,,
67242,PGC067242,67,4,326,13,14.91,14.30,13.94,,,0.19,,13.80,0.24
67246,UGC11799,53,4,332,11,,,,12.46,13.06,,0.39,,
67248,NGC7115,78,3,231,12,,,,12.50,13.01,,0.42,,
67258,ESO403-017,64,4,124,13,,,,14.97,15.29,,0.33,,
67282,PGC067282,90,1,194,12,15.30,14.88,14.69,15.21,15.77,0.41,0.44,14.63,0.46
67287,NGC7121,59,4,353,18,14.00,13.52,13.24,,,0.22,,13.20,0.14
67299,ESO466-005,57,4,247,19,,,,14.67,15.32,,0.19,,
67306,PGC067306,59,4,415,19,14.77,14.12,13.75,,,0.16,,13.61,0.04
67310,ESO403-023,88,2,204,15,,,,14.71,15.21,,0.27,,
67311,PGC067311,77,3,249,17,14.86,14.26,13.95,,,0.20,,13.81,0.37
67317,PGC067317,71,3,292,18,15.48,14.92,14.62,,,0.15,,14.49,0.29
67324,PGC067324,73,3,383,19,15.43,14.69,14.29,,,0.13,,14.15,0.20
67332,UGC11809,66,4,549,20,14.51,13.78,13.36,,,0.27,,13.21,0.18
67335,ESO403-024,68,4,143,20,,,,14.70,15.17,,0.30,,
67339,IC1401,72,3,350,16,14.07,13.49,13.15,13.24,13.78,0.39,0.35,12.98,0.30
67342,PGC067342,79,3,378,20,15.33,14.44,13.95,,,0.14,,13.81,0.23
67347,UGC11818,52,4,283,16,14.63,13.42,12.67,,,0.48,,11.30,0.10
67351,UGC11811,80,3,247,18,16.08,15.52,15.23,,,0.28,,15.04,0.33
67355,UGC11813,80,3,92,5,16.58,16.18,15.96,,,0.23,,15.77,0.19
67373,ESO403-031,66,4,136,11,,,,15.47,16.05,,0.37,,
67391,UGC11814,54,4,292,14,14.16,13.68,13.39,,,0.20,,13.31,0.14
67394,PGC067394,59,4,251,20,14.77,14.16,13.82,,,0.17,,13.64,0.13
67406,NGC7138,64,4,514,18,14.32,13.49,13.02,,,0.23,,12.85,0.10
67419,UGC11821,87,2,618,13,14.02,13.10,12.59,12.16,12.80,0.36,0.35,12.37,0.47
67438,ESO466-009,85,3,258,20,,,,15.63,16.32,,0.19,,
67441,UGC11824,86,2,344,19,,,,14.10,14.49,,0.24,,
67443,PGC067443,64,7,260,6,15.75,15.26,14.98,,,0.21,,14.80,0.19
67458,UGC11825,87,6,605,16,14.73,13.85,13.32,,,0.26,,13.15,0.26
67495,UGC11833,90,1,380,5,,,,14.07,14.59,,0.26,,
67497,PGC067497,54,4,214,17,15.59,15.04,14.77,,,0.12,,14.65,0.13
67499,PGC067499,72,3,337,19,15.63,15.06,14.72,14.65,15.12,0.17,0.19,14.60,0.31
67506,UGC11832,89,1,356,9,15.90,15.20,14.80,14.50,15.03,0.21,0.20,14.61,0.86
67511,UGC11836,89,2,303,16,15.96,15.13,14.71,13.77,14.20,0.47,0.52,14.04,0.71
67529,UGC11837,52,4,325,11,,,,12.92,13.44,,0.31,,
67532,NGC7140,65,4,291,13,,,,11.38,11.98,,0.71,,
67550,UGC11838,89,1,246,5,14.83,14.34,14.09,14.16,14.65,0.47,0.47,13.95,0.61
67552,ESO404-003,64,4,213,15,,,,13.29,13.74,,0.35,,
67556,UGC11839,85,2,453,19,,,,12.93,13.38,,0.21,,
67561,PGC067561,88,2,318,17,,,,14.01,14.53,,0.27,,
67562,UGC11841,90,2,491,11,,,,13.33,13.98,,0.53,,
67569,PGC067569,76,3,329,17,15.13,14.54,14.21,14.06,14.54,0.23,0.23,14.08,0.35
67577,PGC067577,83,4,544,5,14.98,14.18,13.73,,,0.20,,13.53,0.29
67578,UGC11842,85,2,312,8,15.21,14.56,14.08,,,0.19,,13.95,0.60
67584,PGC067584,59,4,241,18,15.90,15.42,15.14,15.46,16.42,0.21,0.23,14.99,0.13
67598,PGC067598,89,2,524,19,15.60,14.68,14.17,13.65,14.21,0.18,0.23,14.00,0.77
67601,NGC7152,59,4,323,19,,,,13.29,13.84,,0.27,,
67605,ESO145-025,63,4,118,15,,,,13.95,14.93,,0.84,,
67619,IC5145,58,4,517,8,13.66,12.85,12.40,12.29,12.81,0.39,0.37,12.20,0.13
67621,UGC11845,86,2,319,7,15.64,14.98,14.60,14.54,14.98,0.24,0.22,14.44,0.62
67624,NGC7153,86,2,596,19,,,,12.56,13.13,,0.37,,
67626,UGC11846,57,4,369,18,14.52,13.92,13.57,13.54,14.01,0.21,0.24,13.44,0.15
67634,NGC7151,70,3,239,15,,,,12.68,13.40,,0.66,,
67638,UGC11847,72,5,182,5,16.61,16.22,15.90,,,0.22,,15.72,0.20
67646,PGC067646,74,3,330,17,15.00,14.16,13.71,,,0.13,,13.56,0.20
67648,UGC11849,60,4,329,13,13.84,13.23,12.88,13.17,13.76,0.41,0.40,12.76,0.18
67650,UGC11848,71,3,202,5,15.85,15.40,15.16,15.49,16.11,0.30,0.42,15.02,0.14
67655,PGC067655,73,5,342,5,15.69,15.12,14.76,14.79,15.22,0.16,0.19,14.65,0.30
67661,PGC067661,71,3,278,7,15.85,15.42,15.03,,,0.15,,14.94,0.29
67668,PGC067668,75,3,298,19,15.65,15.04,14.64,14.65,15.11,0.16,0.17,14.52,0.34
67670,PGC067670,51,4,189,9,15.10,14.35,13.97,,,0.08,,13.85,0.08
67671,UGC11861,49,6,236,7,13.37,12.36,11.74,11.07,11.65,1.11,1.13,10.71,0.11
67672,UGC11853,57,4,220,10,14.95,14.39,14.15,14.19,14.90,0.30,0.35,13.92,0.13
67675,UGC11855,90,3,456,7,14.63,13.71,13.17,12.57,13.10,0.36,0.32,12.95,0.91
67678,UGC11854,70,3,501,6,15.37,14.60,14.18,14.18,14.82,0.16,0.20,14.04,0.28
67688,ESO404-011,75,6,282,18,,,,13.83,14.37,,0.24,,
67694,UGC11857,55,4,332,7,15.02,14.42,14.06,14.09,14.65,0.22,0.22,13.90,0.15
67709,PGC067709,63,4,212,5,15.57,14.91,14.51,14.50,15.08,0.17,0.20,14.29,0.20
67717,PGC067717,74,3,273,5,14.78,14.22,13.90,13.72,14.26,0.22,0.25,13.74,0.33
67727,UGC11862,89,1,349,12,,,,13.50,14.09,,0.36,,
67728,UGC11864,52,4,139,11,,,,13.11,13.56,,0.48,,
67731,ESO532-005,89,1,320,20,,,,14.35,14.87,,0.22,,
67732,PGC067732,59,4,211,6,16.13,15.51,15.19,,,0.09,,15.06,0.17
67733,UGC11860,70,3,166,9,15.85,15.56,15.33,16.18,17.01,0.28,0.26,15.22,0.12
67737,UGC11859,90,1,310,5,15.24,14.55,14.13,13.66,14.15,0.38,0.41,14.03,0.68
67743,ESO532-006,53,7,332,20,,,,13.11,13.54,,0.17,,
67756,UGC11863,53,4,179,18,15.33,14.81,14.56,14.92,15.38,0.31,0.35,14.42,0.10
67759,UGC11866,52,4,89,5,14.82,14.48,14.27,14.79,15.38,0.32,0.29,14.15,0.06
67766,UGC11867,67,4,263,13,14.70,14.13,13.82,13.91,14.54,0.29,0.31,13.56,0.22
67770,IC5149,72,5,376,20,,,,13.07,13.67,,0.22,,
67778,ESO466-028,76,3,311,13,,,,13.92,14.52,,0.40,,
67782,ESO288-025,90,1,362,17,,,,12.05,12.64,,0.44,,
67793,PGC067793,73,3,316,5,15.05,14.44,14.10,14.11,14.65,0.20,0.25,13.97,0.32
67795,NGC7162,70,3,285,20,,,,12.46,13.04,,0.47,,
67797,UGC11869,73,3,347,19,15.64,14.53,13.94,13.47,14.07,0.16,0.19,13.35,0.28
67811,IC1417,83,3,415,18,,,,12.67,13.29,,0.25,,
67814,UGC11870,82,3,308,14,15.48,14.79,14.44,14.01,14.51,0.18,0.23,14.31,0.49
67820,PGC067820,59,4,331,19,15.42,14.78,14.43,14.43,14.98,0.08,0.13,14.31,0.16
67823,NGC7177,52,4,289,5,11.70,11.01,10.59,10.68,11.30,0.31,0.30,10.46,0.06
67831,UGC11873,78,3,356,17,15.27,14.61,14.23,14.08,14.65,0.23,0.26,14.07,0.39
67832,UGC11874,76,3,218,20,,,,11.40,11.89,,0.35,,
67835,ESO404-017,78,3,187,16,,,,15.00,15.69,,0.45,,
67839,NGC7171,58,4,345,18,,,,11.87,12.50,,0.50,,
67846,ESO466-036,65,5,266,20,,,,13.44,14.03,,0.19,,
67851,ESO601-004,77,3,330,13,,,,13.47,14.10,,0.35,,
67855,ESO601-005,86,2,318,20,,,,13.42,14.00,,0.34,,
67857,PGC067857,57,4,322,7,14.69,14.07,13.70,13.79,14.37,0.19,0.21,13.58,0.15
67865,UGC11875,78,3,257,5,15.84,15.42,15.21,15.68,16.24,0.29,0.31,15.14,0.22
67867,PGC067867,66,4,262,18,15.64,15.10,14.80,,,0.21,,14.70,0.22
67891,UGC11877,56,4,295,5,15.72,15.11,14.74,14.88,15.52,0.20,0.25,14.58,0.14
67893,ESO601-007,83,5,131,17,,,,14.67,15.12,,0.46,,
67899,UGC11876,90,1,233,17,15.86,15.39,15.05,15.28,15.74,0.21,0.27,14.96,0.59
67903,UGC11879,80,3,312,8,15.83,15.20,14.82,14.62,15.10,0.21,0.24,14.72,0.38
67904,NGC7184,81,3,524,11,,,,10.33,10.94,,0.96,,
67907,ESO404-023,54,4,250,10,,,,12.98,13.78,,0.40,,
67908,IC5152,62,4,77,18,,,,10.78,11.32,,1.05,,
67911,PGC067911,81,3,252,5,,,,14.18,14.77,,0.20,,
67917,UGC11886,76,3,248,17,13.44,13.62,13.34,13.62,13.96,0.46,0.31,12.87,0.35
67918,UGC11881,82,3,193,5,15.61,15.19,14.95,,,0.26,,14.84,0.36
67920,ESO532-014,75,3,110,11,,,,14.78,15.14,,0.38,,
67931,IC1423,61,4,330,19,14.51,13.89,13.54,13.63,14.09,0.22,0.24,13.45,0.18
67934,NGC7189,50,4,377,5,13.96,13.31,12.91,12.76,13.19,0.19,0.19,12.79,0.03
67943,NGC7188,65,4,152,18,,,,13.20,13.76,,0.39,,
67954,ESO404-027,74,3,266,10,,,,12.81,13.52,,0.49,,
67956,ESO601-012,78,3,392,16,,,,13.10,13.69,,0.25,,
67965,UGC11894,83,3,485,18,,,,12.30,12.84,,0.27,,
67977,UGC11895,50,4,334,15,,,,12.32,12.92,,0.28,,
67979,IC1428,59,4,380,20,15.42,14.76,14.37,14.44,15.01,0.15,0.18,14.28,0.17
67992,PGC067992,53,4,196,19,15.58,15.13,14.88,15.07,15.61,0.15,0.18,14.79,0.13
67993,ESO532-017,76,3,288,18,,,,14.29,14.85,,0.28,,
67994,UGC11896,57,4,298,7,14.78,14.25,13.95,14.10,14.66,0.19,0.19,13.86,0.16
67995,NGC7179,70,3,379,15,,,,12.03,12.70,,0.40,,
68000,UGC11900,71,3,414,19,15.86,14.96,14.44,14.17,14.73,0.30,0.27,13.85,0.29
68005,PGC068005,55,4,247,11,14.57,13.88,13.44,13.38,13.92,0.18,0.21,13.29,0.14
68009,UGC11901,82,3,390,20,15.31,14.55,14.12,13.71,14.21,0.19,0.24,14.01,0.49
68012,UGC11906,77,3,359,17,15.73,14.63,14.02,13.25,13.83,0.29,0.30,13.30,0.38
68029,UGC11909,79,3,208,8,,,,11.84,12.34,,0.65,,
68030,PGC068030,90,1,175,17,,,,14.73,15.38,,0.25,,
68037,PGC068037,89,1,271,19,16.59,16.10,15.73,15.71,16.20,0.16,0.20,15.64,0.66
68040,NGC7201,73,3,457,20,,,,12.00,12.56,,0.24,,
68043,ESO467-005,72,4,256,18,,,,14.51,15.04,,0.20,,
68044,UGC11918,85,2,322,13,,,,13.37,13.90,,0.29,,
68045,PGC068045,54,4,394,19,14.76,14.08,13.67,13.61,14.06,0.18,0.20,13.56,0.10
68080,PGC068080,77,4,272,18,,,,13.21,13.80,,0.15,,
68081,UGC11912,76,3,572,20,,,,12.23,12.88,,0.48,,
68085,PGC068085,51,4,148,8,14.82,14.39,14.14,14.54,15.11,0.19,0.21,14.02,0.11
68102,PGC068102,74,3,360,18,15.93,15.37,14.96,,,0.14,,14.84,0.33
68107,PGC068107,90,1,196,15,,,,15.29,15.45,,0.49,,
68113,ESO532-021,56,4,317,17,,,,13.51,14.07,,0.23,,
68114,ESO404-031,67,4,237,17,,,,14.04,14.42,,0.36,,
68115,UGC11916,73,3,139,5,14.96,14.60,14.40,15.17,15.69,0.24,0.28,14.30,0.16
68122,ESO404-032,78,3,289,18,,,,13.12,13.46,,0.18,,
68128,NGC7205,62,4,317,15,,,,10.34,10.84,,0.79,,
68134,UGC11923,52,4,179,11,14.43,13.67,13.13,,,0.55,,12.44,0.12
68135,PGC068135,63,5,253,20,15.63,14.88,14.49,,,0.13,,14.34,0.20
68138,ESO048-017,58,4,158,15,,,,14.37,14.93,,0.54,,
68151,UGC11925,77,3,184,16,15.78,15.04,14.66,14.70,15.27,0.26,0.27,14.25,0.33
68162,UGC11924,53,4,221,5,13.90,13.45,13.21,,,0.41,,13.08,0.13
68163,UGC11921,73,3,144,5,14.21,13.80,13.57,14.22,14.96,0.43,0.46,13.47,0.17
68177,PGC068177,53,4,259,12,14.09,13.55,13.25,13.54,14.14,0.33,0.38,13.14,0.13
68181,PGC068181,79,3,398,19,15.35,14.54,14.08,13.41,13.85,0.20,0.20,13.94,0.38
68190,IC5172,73,3,356,20,15.53,14.89,14.48,14.30,14.74,0.19,0.24,14.33,0.32
68199,NGC7218,65,4,263,17,,,,11.65,12.11,,0.48,,
68201,ESO601-025,74,3,143,10,,,,14.45,14.93,,0.54,,
68203,PGC068203,58,4,338,19,,,,13.88,14.40,,0.24,,
68206,PGC068206,64,4,316,6,15.34,14.94,14.67,,,0.14,,14.60,0.21
68223,IC5171,85,2,355,16,,,,11.84,12.51,,0.49,,
68235,NGC7221,52,4,363,14,,,,11.83,12.35,,0.37,,
68244,IC5177,65,4,412,7,14.35,13.65,13.21,,,0.23,,13.06,0.19
68246,UGC11941,86,2,277,18,16.16,15.56,15.20,,,0.18,,15.08,0.64
68248,UGC11946,53,4,354,15,,,,12.80,13.34,,0.29,,
68253,ESO288-049,51,4,140,15,,,,13.22,13.92,,0.75,,
68254,NGC7228,50,4,416,18,,,,12.15,12.79,,0.34,,
68258,PGC068258,53,4,410,19,14.70,13.96,13.54,,,0.22,,13.41,0.09
68259,UGC11943,75,3,486,20,15.41,14.57,14.09,,,0.16,,13.92,0.25
68265,UGC11944,76,3,147,5,14.88,14.58,14.38,,,0.52,,14.30,0.18
68275,UGC11948,52,4,355,7,14.57,13.85,13.46,,,0.18,,13.34,0.10
68285,NGC7231,81,3,193,6,,,,12.16,12.72,,0.39,,
68300,ESO532-032,90,1,129,13,,,,17.42,18.71,,0.26,,
68305,ESO146-014,90,2,120,13,,,,15.01,15.53,,0.74,,
68316,PGC068316,72,3,242,18,,,,13.98,14.49,,0.19,,
68325,PGC068325,54,4,508,7,15.51,14.85,14.47,,,0.17,,14.35,0.12
68327,UGC11952,88,2,343,5,15.51,14.87,14.50,,,0.24,,14.38,0.83
68336,ESO404-043,85,2,236,14,,,,14.79,15.35,,0.28,,
68341,UGC11953,75,3,388,7,14.90,14.18,13.76,,,0.20,,13.63,0.32
68345,ESO533-004,89,1,318,10,,,,12.44,13.03,,0.40,,
68348,PGC068348,49,6,212,19,15.37,14.82,14.50,,,0.15,,14.39,0.11
68349,ESO404-045,89,1,316,13,,,,13.66,14.17,,0.31,,
68357,PGC068357,57,4,367,19,15.14,14.46,14.10,,,0.19,,14.01,0.14
68364,UGC11957,69,3,330,7,15.11,14.61,14.28,,,0.25,,14.11,0.27
68374,ESO467-027,65,4,97,18,,,,11.99,12.43,,0.28,,
68381,UGC11961,90,1,426,18,14.87,13.96,13.35,,,0.33,,12.98,0.72
68389,IC5176,87,2,360,13,,,,11.18,11.69,,0.55,,
68391,ESO467-030,73,3,304,18,,,,13.22,13.84,,0.20,,
68392,PGC068392,55,4,404,14,15.11,14.50,14.11,,,0.17,,13.95,0.13
68413,IC1441,73,3,325,17,,,,13.26,13.86,,0.20,,
68420,UGC11964,90,1,144,15,15.18,14.70,14.43,15.07,15.52,0.53,0.47,14.34,0.42
68429,UGC11967,87,2,263,9,,,,14.25,14.80,,0.28,,
68439,UGC11966,61,4,145,12,15.15,14.72,14.47,,,0.28,,14.36,0.17
68442,NGC7241,86,3,379,8,12.65,11.98,11.59,11.16,11.61,0.79,0.50,11.50,0.66
68446,PGC068446,85,2,297,5,16.18,15.46,15.02,,,0.18,,14.88,0.62
68450,ESO237-049,89,1,205,9,,,,14.37,15.18,,0.55,,
68455,IC5179,68,4,396,11,,,,10.87,11.23,,0.36,,
68460,PGC068460,73,3,281,5,15.03,14.55,14.15,,,0.28,,13.99,0.31
68467,UGC11971,64,4,244,6,16.00,15.61,15.36,,,0.20,,15.30,0.18
68471,PGC068471,54,4,287,45,,,,13.40,14.07,,0.18,,
68474,UGC11970,62,4,426,13,14.83,14.13,13.71,,,0.19,,13.56,0.17
68478,ESO289-010,90,1,227,9,,,,14.13,14.68,,0.49,,
68482,UGC11973,77,3,494,14,13.09,12.22,11.73,11.39,11.93,0.60,0.49,11.37,0.34
68491,PGC068491,52,4,242,6,15.27,14.84,14.57,,,0.23,,14.47,0.12
68495,PGC068495,54,4,399,12,15.27,14.56,14.15,,,0.18,,14.01,0.13
68502,PGC068502,81,3,351,5,15.89,15.40,15.10,,,0.20,,15.02,0.42
68508,UGC11976,85,3,242,5,16.02,15.54,15.28,,,0.17,,15.13,0.54
68511,NGC7247,54,4,251,18,,,,12.11,12.65,,0.24,,
68512,NGC7246,60,4,320,11,,,,12.46,13.09,,0.40,,
68517,ESO237-052,65,4,187,15,,,,14.29,14.92,,0.37,,
68535,NGC7250,73,4,142,11,12.97,12.49,12.25,12.52,13.01,0.43,0.39,11.99,0.31
68548,IC5186,47,6,322,10,,,,11.96,12.49,,0.21,,
68552,UGC11982,86,2,267,12,15.38,14.74,14.41,,,0.37,,14.22,0.57
68555,PGC068555,79,3,269,10,15.61,15.14,14.84,,,0.17,,14.71,0.37
68557,UGC11983,88,2,273,12,,,,13.76,14.29,,0.27,,
68560,PGC068560,48,6,204,19,15.02,14.33,13.92,,,0.11,,13.80,0.08
68567,PGC068567,55,4,269,19,15.60,15.09,14.56,,,0.17,,14.43,0.14
68571,UGC11986,86,2,231,18,15.58,14.96,14.64,,,0.32,,14.33,0.59
68574,IC5199,90,1,438,18,,,,12.80,13.39,,0.28,,
68576,ESO533-013,86,2,222,13,,,,14.88,15.52,,0.34,,
68579,PGC068579,53,4,234,19,15.42,14.79,14.45,,,0.18,,14.35,0.12
68588,UGC11988,57,4,213,5,,,,15.54,16.10,,0.29,,
68589,UGC11987,71,3,315,13,15.24,14.59,14.18,,,0.24,,14.04,0.29
68593,PGC068593,70,3,380,12,,,,13.56,14.01,,0.29,,
68594,PGC068594,68,4,397,20,15.48,14.74,14.33,,,0.17,,14.22,0.24
68596,UGC11991,63,5,385,16,,,,12.94,13.53,,0.39,,
68613,UGC11992,46,6,158,5,15.07,14.56,14.34,,,0.27,,14.24,0.08
68617,UGC11994,88,2,419,5,,,,12.47,12.95,,0.34,,
68618,IC5201,64,4,182,13,,,,11.28,9.61,,2.56,,
68637,ESO533-017,90,1,244,18,,,,15.45,16.08,,0.28,,
68640,UGC11996,85,2,418,19,15.79,14.82,14.31,,,0.26,,14.13,0.62
68644,ESO405-013,55,4,135,18,,,,14.62,15.17,,0.24,,
68645,UGC11999,89,2,172,13,,,,14.26,14.98,,0.37,,
68658,NGC7264,90,1,527,20,,,,12.12,12.62,,0.41,,
68661,ESO345-002,74,3,202,10,,,,13.30,13.86,,0.25,,
68666,UGC12000,62,4,302,5,15.32,14.70,14.33,,,0.20,,14.18,0.19
68669,ESO602-011,89,1,175,17,,,,15.82,16.32,,0.24,,
68685,PGC068685,73,3,303,24,15.18,14.57,14.22,,,0.14,,14.09,0.28
68689,UGC12009,69,3,188,11,13.78,13.24,12.94,,,0.23,,12.73,0.26
68691,NGC7257,51,4,343,13,13.51,12.81,12.42,12.49,13.09,0.37,0.33,12.28,0.10
68704,ESO602-015,85,3,158,16,,,,15.43,16.13,,0.36,,
68713,UGC12012,57,4,299,7,,,,13.34,13.94,,0.25,,
68715,UGC12013,79,3,56,17,,,,13.06,13.68,,0.18,,
68727,UGC12010,84,3,199,5,14.99,14.23,13.80,,,0.34,,13.57,0.58
68742,UGC12018,81,3,469,8,14.31,13.65,13.25,13.06,13.59,0.36,0.35,13.10,0.47
68761,UGC12022,81,3,409,11,,,,13.09,13.47,,0.25,,
68772,UGC12021,69,3,255,5,14.92,14.33,14.00,,,0.28,,13.81,0.25
68774,NGC7275,87,3,283,19,14.51,13.73,13.31,,,0.18,,13.14,0.38
68778,PGC068778,52,4,255,19,14.97,14.42,14.11,,,0.16,,14.01,0.11
68779,PGC068779,76,3,366,5,15.06,14.44,13.99,,,0.18,,13.87,0.36
68787,PGC068787,60,4,299,7,15.56,14.70,14.20,,,0.15,,14.07,0.18
68790,PGC068790,69,3,435,20,15.04,14.26,13.85,,,0.18,,13.68,0.25
68814,UGC12031,89,1,381,19,15.01,14.10,13.56,,,0.31,,13.32,0.68
68832,ESO533-026,74,3,366,15,,,,13.62,14.23,,0.21,,
68841,NGC7269,54,4,329,19,,,,12.89,13.43,,0.22,,
68843,NGC7282,73,3,339,16,13.66,12.97,12.54,,,0.55,,12.25,0.32
68852,PGC068852,63,4,202,19,16.12,15.75,15.54,,,0.10,,15.40,0.18
68861,NGC7277,71,3,243,13,,,,13.17,13.65,,0.26,,
68871,PGC068871,75,3,231,18,15.15,14.40,13.96,13.84,14.40,0.21,0.20,13.67,0.34
68872,PGC068872,87,2,415,17,15.14,14.30,13.84,,,0.27,,13.71,0.68
68875,ESO533-028,64,4,219,7,,,,13.11,13.66,,0.24,,
68884,UGC12038,78,3,419,18,14.63,13.93,13.53,,,0.25,,13.41,0.38
68894,PGC068894,85,2,343,5,15.22,14.52,14.12,,,0.25,,13.96,0.61
68902,ESO467-063,89,1,144,13,,,,17.22,17.67,,0.21,,
68919,UGC12044,78,3,447,19,14.11,13.26,12.81,12.69,13.31,0.37,0.45,12.61,0.40
68942,NGC7290,57,4,247,5,13.64,13.15,12.87,,,0.27,,12.76,0.15
68943,PGC068943,53,4,270,9,14.80,14.23,13.88,,,0.16,,13.78,0.13
68946,NGC7283,71,3,361,5,15.10,14.39,14.01,,,0.14,,13.86,0.26
68954,PGC068954,52,4,175,5,15.61,15.33,15.11,,,0.15,,15.07,0.12
68961,UGC12049,75,3,113,5,16.49,16.12,15.92,,,0.30,,15.81,0.16
68963,PGC068963,54,4,394,20,14.53,13.89,13.51,,,0.18,,13.35,0.09
68968,UGC12050,65,4,359,19,14.61,13.99,13.62,,,0.21,,13.49,0.17
68977,UGC12054,86,2,197,5,14.86,14.35,14.10,,,0.30,,13.91,0.59
68985,PGC068985,81,3,315,7,15.86,15.07,14.62,,,0.19,,14.33,0.48
68991,UGC12056,49,6,349,18,13.90,13.15,12.65,,,0.35,,12.44,0.08
68996,IC1447,57,4,305,20,13.43,12.84,12.50,,,0.36,,12.40,0.13
69016,UGC12061,85,2,471,19,14.78,13.83,13.31,12.01,12.65,0.26,0.74,13.07,0.59
69017,UGC12070,76,4,117,10,,,,16.43,16.64,,0.33,,
69040,NGC7300,67,4,450,11,,,,12.03,12.59,,0.37,,
69047,UGC12063,74,3,407,5,14.78,14.02,13.60,13.47,14.15,0.22,0.28,13.39,0.33
69072,PGC069072,70,3,209,6,15.25,14.97,14.83,,,0.16,,14.78,0.25
69077,UGC12067,55,4,319,5,14.92,14.39,14.11,,,0.15,,14.02,0.14
69084,PGC069084,63,4,219,19,,,,14.96,15.63,,0.34,,
69089,UGC12068,56,4,437,18,14.72,14.05,13.63,,,0.21,,13.50,0.13
69092,PGC069092,70,3,342,20,15.93,15.26,14.87,,,0.15,,14.77,0.28
69095,UGC12071,54,4,395,16,14.75,14.03,13.46,,,0.20,,13.29,0.10
69099,PGC069099,73,3,253,33,15.35,14.61,14.17,,,0.10,,14.06,0.25
69101,UGC12073,72,4,418,16,,,,12.81,13.41,,0.44,,
69108,UGC12072,86,2,323,5,16.18,15.54,15.15,,,0.20,,15.05,0.62
69114,PGC069114,77,3,132,13,,,,14.86,15.68,,0.42,,
69126,UGC12074,50,4,155,15,14.20,13.52,13.19,,,0.16,,12.93,0.09
69132,NGC7306,63,4,323,9,,,,12.40,12.92,,0.27,,
69135,UGC12077,49,6,211,18,,,,15.26,15.95,,0.19,,
69148,UGC12078,84,3,444,20,15.54,14.71,14.24,,,0.19,,14.07,0.52
69160,PGC069160,73,3,397,19,15.41,14.73,14.33,,,0.18,,14.23,0.31
69161,NGC7307,81,3,228,13,,,,12.59,13.19,,0.81,,
69172,NGC7311,62,4,486,6,12.84,11.99,11.55,11.46,12.06,0.24,0.29,11.31,0.00
69193,ESO533-048,74,3,291,17,,,,14.10,14.63,,0.28,,
69195,PGC069195,71,3,198,5,15.64,15.25,15.01,,,0.26,,14.91,0.20
69198,NGC7312,52,4,518,17,14.20,13.38,12.94,,,0.28,,12.69,0.01
69212,UGC12090,65,4,129,5,15.11,14.76,14.60,15.39,15.98,0.28,0.27,14.48,0.12
69215,UGC12093,62,4,378,9,14.76,14.11,13.73,,,0.26,,13.62,0.19
69224,PGC069224,67,4,91,9,14.63,14.31,14.17,,,0.52,,14.10,0.12
69230,PGC069230,61,5,282,18,,,,13.96,14.52,,0.20,,
69253,NGC7314,69,3,300,13,,,,10.52,10.96,,0.76,,
69270,NGC7320,64,4,161,5,13.13,12.62,12.34,12.65,13.29,0.47,0.54,12.21,0.20
69271,ESO534-001,76,3,123,10,,,,15.69,16.31,,0.34,,
69284,PGC069284,86,2,288,10,16.02,15.44,15.08,,,0.16,,14.98,0.67
69287,NGC7321,55,4,420,5,13.34,12.70,12.35,,,0.29,,12.26,0.06
69299,UGC12104,87,2,497,11,15.48,14.72,14.23,,,0.25,,14.05,0.73
69313,ESO602-031,64,4,478,17,,,,12.81,12.97,,0.19,,
69316,UGC12110,79,3,540,18,15.05,14.30,13.85,,,0.25,,13.71,0.38
69325,PGC069325,67,4,360,19,15.74,14.95,14.47,,,0.09,,14.34,0.22
69327,NGC7331,76,3,497,5,9.88,9.07,8.63,8.35,8.91,1.22,1.18,8.47,0.21
69336,UGC12112,88,2,495,18,16.09,15.39,14.98,,,0.26,,14.88,0.83
69347,UGC12114,46,6,116,17,15.51,15.15,14.84,,,0.31,,14.76,0.07
69349,NGC7328,71,3,309,5,13.50,12.74,12.29,,,0.37,,12.14,0.26
69351,UGC12119,63,4,208,5,15.41,15.06,14.87,,,0.22,,14.80,0.17
69361,UGC12125,86,2,355,17,,,,13.12,13.71,,0.25,,
69364,NGC7339,82,3,328,5,12.61,11.82,11.37,10.94,11.42,0.58,0.45,11.30,0.36
69367,UGC12123,89,1,188,11,15.46,15.11,14.93,,,0.24,,14.86,0.69
69372,PGC069372,64,4,407,19,15.71,15.08,14.72,,,0.16,,14.63,0.21
69376,UGC12141,83,3,223,10,,,,13.97,14.63,,0.33,,
69383,UGC12135,76,3,281,11,,,,13.35,13.90,,0.33,,
69394,UGC12128,65,4,557,20,16.29,15.54,15.21,,,0.28,,15.11,0.22
69402,UGC12132,56,4,309,9,14.97,14.23,13.85,13.90,14.51,0.20,0.23,13.71,0.15
69404,PGC069404,69,5,231,16,13.27,12.77,12.35,12.43,13.02,0.72,0.75,12.28,0.24
69417,PGC069417,71,3,446,20,15.35,14.66,14.24,,,0.19,,14.14,0.26
69428,UGC12133,90,1,453,7,15.36,14.45,13.95,13.39,13.94,0.34,0.36,13.72,0.97
69429,UGC12134,72,3,385,5,14.26,13.68,13.33,,,0.36,,13.23,0.30
69433,NGC7344,58,4,409,20,14.03,13.31,12.90,,,0.25,,12.80,0.09
69443,NGC7347,82,3,255,5,14.06,13.43,13.12,,,0.35,,13.02,0.51
69448,PGC069448,51,4,208,12,13.28,12.75,12.45,12.81,13.26,0.50,0.46,12.36,0.12
69450,UGC12139,78,3,414,19,15.19,14.18,13.61,,,0.24,,13.36,0.27
69452,PGC069452,52,4,166,19,15.84,15.40,15.12,,,0.16,,14.97,0.12
69456,UGC12143,71,3,390,5,14.68,14.04,13.66,,,0.24,,13.49,0.27
69460,UGC12140,73,3,371,5,14.68,14.03,13.64,,,0.20,,13.48,0.29
69463,NGC7348,59,4,287,5,14.42,14.04,13.80,,,0.24,,13.72,0.17
69469,UGC12145,86,3,207,5,15.92,15.49,15.21,15.75,16.52,0.19,0.23,15.07,0.37
69473,UGC12146,85,2,376,5,15.63,15.01,14.61,,,0.21,,14.52,0.63
69475,ESO289-048,82,3,205,15,,,,14.35,14.76,,0.40,,
69485,PGC069485,74,3,231,5,15.31,14.85,14.61,,,0.17,,14.52,0.33
69488,NGC7349,73,3,203,20,,,,14.25,15.06,,0.30,,
69502,UGC12155,70,3,412,20,14.97,14.19,13.73,,,0.25,,13.57,0.23
69521,IC5240,50,4,287,13,,,,11.14,11.76,,0.51,,
69529,PGC069529,53,4,355,5,15.00,14.36,13.97,,,0.16,,13.87,0.12
69530,NGC7356,67,4,515,19,14.20,13.44,13.02,,,0.29,,12.88,0.08
69531,PGC069531,58,4,298,19,14.08,13.40,13.01,,,0.19,,12.90,0.13
69539,NGC7361,82,3,211,13,,,,12.19,12.72,,0.80,,
69544,NGC7357,57,4,373,10,14.23,13.59,13.19,,,0.24,,13.05,0.14
69553,UGC12163,50,4,261,7,14.73,14.22,13.96,,,0.19,,13.86,0.11
69559,UGC12164,57,4,505,13,14.49,13.79,13.49,,,0.27,,13.36,0.13
69561,UGC12165,86,2,313,14,15.47,14.68,14.27,13.82,14.30,0.27,0.30,14.09,0.66
69568,PGC069568,72,3,282,14,,,,14.63,15.20,,0.20,,
69579,ESO147-006,75,3,369,20,,,,12.96,13.48,,0.18,,
69588,PGC069588,73,3,541,13,15.91,15.21,14.78,,,0.09,,14.65,0.28
69594,UGC12169,72,3,446,20,15.39,14.72,14.33,,,0.21,,14.21,0.29
69597,UGC12168,88,2,371,5,15.99,15.10,14.57,,,0.20,,14.35,0.80
69605,UGC12173,53,4,354,7,,,,12.27,12.83,,0.47,,
69608,UGC12172,61,4,366,5,14.68,13.97,13.57,,,0.28,,13.32,0.17
69612,PGC069612,55,4,356,20,15.45,14.67,14.26,,,0.14,,14.10,0.11
69616,PGC069616,63,7,246,5,15.23,14.78,14.49,,,0.20,,14.37,0.20
69650,UGC12178,59,4,218,5,12.75,12.35,12.07,12.52,13.00,0.76,0.67,11.90,0.15
69653,ESO534-024,53,4,246,13,,,,12.79,13.31,,0.49,,
69661,NGC7368,87,2,358,9,,,,11.46,11.94,,0.38,,
69674,ESO468-026,65,4,264,19,,,,13.63,14.14,,0.20,,
69678,ESO603-012,84,3,258,10,,,,13.89,14.59,,0.46,,
69691,PGC069691,89,1,179,8,,,,14.44,15.17,,0.57,,
69693,PGC069693,72,3,125,19,15.35,14.62,14.23,,,0.21,,14.11,0.30
69699,PGC069699,52,4,251,14,15.39,14.90,14.56,,,0.17,,14.47,0.13
69705,UGC12183,77,3,233,8,14.96,14.44,14.17,,,0.30,,14.02,0.36
69707,IC5249,90,1,217,13,,,,13.97,14.47,,0.93,,
69709,PGC069709,79,3,224,19,15.64,15.04,14.69,14.65,15.17,0.14,0.18,14.58,0.42
69718,UGC12185,62,4,413,5,14.19,13.46,13.08,13.19,13.85,0.24,0.25,12.96,0.18
69724,NGC7379,47,6,356,18,,,,12.09,12.67,,0.27,,
69979,UGC12246,56,4,190,18,,,,15.13,15.59,,0.27,,
69731,PGC069731,62,7,263,16,15.63,15.24,15.03,,,0.11,,14.97,0.20
69732,PGC069732,69,3,280,18,,,,13.43,13.87,,0.16,,
69734,NGC7378,58,4,223,19,,,,12.40,12.74,,0.29,,
69739,UGC12190,90,1,570,7,14.77,13.88,13.37,12.83,13.46,0.37,0.44,13.23,0.97
69759,ESO346-001,90,1,253,14,,,,13.33,13.93,,0.30,,
69765,UGC12191,62,4,322,16,14.48,13.96,13.67,,,0.20,,13.59,0.20
69769,ESO468-028,86,2,206,17,,,,16.01,16.37,,0.26,,
69770,PGC069770,60,4,352,8,14.68,14.12,13.59,,,0.22,,13.46,0.17
69771,UGC12194,63,4,365,10,15.10,14.40,14.02,,,0.18,,13.89,0.19
69774,UGC12197,87,2,339,12,16.17,15.32,14.84,,,0.26,,14.52,0.71
69780,UGC12196,71,3,240,20,14.41,13.51,13.04,,,0.19,,12.86,0.12
69783,UGC12199,54,4,344,13,,,,12.49,13.00,,0.31,,
69786,UGC12201,84,3,393,18,,,,13.01,13.50,,0.26,,
69787,UGC12198,71,3,418,7,15.36,14.65,14.23,,,0.20,,14.09,0.27
69794,UGC12200,57,4,495,14,14.33,13.68,13.29,,,0.18,,13.16,0.06
69797,UGC12204,89,1,371,18,,,,13.91,14.43,,0.26,,
69803,UGC12202,53,4,418,19,14.27,13.47,13.05,,,0.24,,12.92,0.03
69804,PGC069804,51,7,230,8,15.39,14.87,14.53,,,0.18,,14.40,0.12
69816,UGC12205,76,3,142,5,15.29,14.99,14.82,,,0.31,,14.72,0.22
69851,PGC069851,62,4,322,13,15.10,14.43,14.02,13.96,14.49,0.11,0.17,13.87,0.18
69852,ESO534-028,86,2,230,10,,,,15.49,15.67,,0.26,,
69854,PGC069854,60,4,349,7,15.04,14.47,14.12,,,0.17,,13.97,0.17
69857,PGC069857,53,4,232,19,15.12,14.52,14.20,,,0.20,,14.06,0.13
69863,PGC069863,74,3,385,8,15.25,14.65,14.26,,,0.19,,14.16,0.33
69866,UGC12218,58,4,280,5,14.59,14.06,13.75,13.81,14.29,0.21,0.22,13.60,0.16
69874,NGC7393,71,3,309,13,13.14,12.51,12.17,12.09,12.55,0.38,0.37,12.10,0.29
69881,PGC069881,66,4,451,15,,,,13.22,13.84,,0.20,,
69887,NGC7392,63,4,406,16,,,,11.18,11.76,,0.40,,
69892,UGC12222,51,4,450,5,14.10,13.41,13.02,,,0.29,,12.88,0.08
69908,UGC12226,64,4,396,11,15.05,14.50,14.16,,,0.25,,14.02,0.21
69912,PGC069912,56,4,183,20,15.36,14.55,14.09,,,0.18,,13.94,0.14
69916,UGC12229,71,3,314,18,15.16,14.34,13.88,13.72,14.34,0.25,0.26,13.69,0.26
69922,NGC7407,65,4,457,5,13.72,13.08,12.70,12.69,13.24,0.34,0.29,12.57,0.20
69947,NGC7406,54,7,142,16,13.72,13.10,12.78,,,0.19,,12.71,0.11
69965,UGC12237,81,3,464,14,14.94,14.14,13.66,13.32,13.60,0.32,0.35,13.48,0.46
69967,NGC7400,80,3,469,18,,,,12.47,13.01,,0.37,,
69971,UGC12240,84,3,502,20,15.60,14.80,14.33,,,0.21,,14.13,0.54
69980,UGC12243,83,3,540,18,15.09,14.24,13.74,,,0.24,,13.54,0.36
69992,PGC069992,72,3,242,8,15.38,14.59,14.16,,,0.21,,14.01,0.30
69994,NGC7410,78,3,577,20,,,,9.80,10.46,,0.93,,
69998,ESO346-014,90,1,204,13,,,,14.21,14.95,,0.72,,
70000,PGC070000,66,4,165,5,15.16,14.83,14.63,15.03,15.73,0.21,0.20,14.56,0.18
70009,UGC12249,90,1,289,5,16.27,15.65,15.27,,,0.22,,15.15,0.90
70012,PGC070012,76,3,265,16,15.37,14.66,14.24,14.24,14.82,0.21,0.23,14.11,0.37
70020,UGC12250,55,4,389,5,13.73,13.05,12.68,12.79,13.39,0.33,0.32,12.58,0.11
70022,PGC070022,72,3,362,19,15.72,15.06,14.65,,,0.14,,14.54,0.30
70025,NGC7416,80,3,361,16,12.84,12.12,11.69,11.60,12.18,0.58,0.47,11.60,0.42
70026,UGC12252,87,2,296,9,16.13,15.53,15.19,15.29,15.90,0.28,0.39,15.08,0.42
70035,PGC070035,57,4,268,7,14.55,13.95,13.59,13.71,14.28,0.17,0.19,13.48,0.16
70061,PGC070061,79,3,256,18,,,,13.67,14.19,,0.19,,
70063,UGC12259,75,3,235,5,15.36,14.85,14.54,,,0.39,,14.40,0.27
70065,UGC12260,83,3,252,19,,,,14.45,14.92,,0.30,,
70070,IC5269B,82,3,218,16,,,,12.63,13.17,,0.89,,
70079,ESO534-032,69,3,415,19,,,,13.66,14.18,,0.34,,
70082,PGC070082,60,4,199,5,15.90,15.37,15.10,,,0.12,,15.02,0.17
70089,NGC7412A,90,1,108,14,,,,14.76,15.38,,0.77,,
70100,PGC070100,69,3,295,19,15.51,14.96,14.80,,,0.13,,14.65,0.24
70102,ESO603-031,61,4,168,18,14.50,13.99,13.73,,,0.22,,13.67,0.19
70107,PGC070107,76,6,192,11,15.33,14.62,14.25,,,0.11,,14.14,0.36
70108,UGC12264,90,1,308,7,16.68,15.96,15.53,,,0.25,,15.36,0.82
70128,IC5271,74,3,343,13,,,,10.83,11.41,,0.45,,
70158,UGC12279,89,1,301,7,16.08,15.32,14.86,,,0.26,,14.72,0.91
70164,PGC070164,80,3,340,19,15.18,14.34,13.91,,,0.19,,13.80,0.34
70172,PGC070172,76,3,123,5,16.29,16.11,16.01,,,0.15,,15.91,0.15
70175,UGC12281,90,1,256,5,14.24,13.65,13.32,,,0.90,,13.18,0.68
70179,UGC12287,65,4,556,18,,,,11.52,12.12,,0.48,,
70184,IC5273,53,4,192,14,,,,11.18,11.84,,0.60,,
70191,PGC070191,73,3,308,9,15.22,14.62,14.28,,,0.22,,14.18,0.31
70192,UGC12290,88,2,446,17,15.39,14.49,14.03,,,0.38,,13.74,0.78
70202,UGC12291,52,4,306,5,14.99,14.32,13.99,,,0.24,,13.85,0.12
70213,NGC7448,64,4,281,5,11.89,11.45,11.22,11.35,11.79,0.42,0.40,11.13,0.21
70215,PGC070215,64,4,241,16,15.13,14.75,14.51,14.84,15.44,0.21,0.22,14.45,0.19
70220,PGC070220,74,3,246,105,15.12,14.22,13.73,13.47,13.99,0.14,0.17,13.57,0.31
70228,UGC12296,72,3,402,5,15.17,14.50,14.10,,,0.28,,13.96,0.30
70230,PGC070230,69,3,226,11,15.23,14.79,14.51,,,0.19,,14.35,0.26
70245,NGC7451,65,4,348,12,14.25,13.64,13.31,,,0.26,,13.18,0.17
70246,NGC7455,52,4,344,20,14.54,13.89,13.53,,,0.13,,13.41,0.03
70260,PGC070260,53,4,277,18,15.91,15.19,14.80,,,0.12,,14.55,0.13
70263,PGC070263,67,4,432,17,15.39,14.56,14.08,,,0.10,,13.87,0.14
70265,UGC12304,88,2,254,16,14.29,13.53,13.11,12.66,13.14,0.38,0.35,12.99,0.81
70266,UGC12307,84,3,208,5,15.58,14.89,14.52,,,0.52,,14.09,0.35
70269,PGC070269,58,4,190,7,15.68,15.29,15.06,,,0.18,,14.99,0.16
70271,UGC12308,85,2,223,5,14.18,13.84,13.63,14.29,14.90,0.53,0.56,13.52,0.28
70272,PGC070272,51,4,305,10,15.33,14.81,14.49,,,0.16,,14.40,0.12
70275,UGC12311,87,3,98,5,14.64,14.18,13.91,14.58,15.19,0.33,0.39,13.81,0.34
70276,PGC070276,55,4,348,19,15.71,14.81,14.62,,,0.09,,14.45,0.10
70285,UGC12313,85,2,132,5,15.17,14.71,14.55,,,0.57,,14.43,0.29
70287,NGC7460,53,4,191,5,13.21,12.58,12.26,,,0.35,,12.11,0.08
70289,PGC070289,63,4,175,20,15.17,14.54,14.22,,,0.24,,14.09,0.20
70296,PGC070296,76,3,249,18,15.26,14.62,14.20,,,0.16,,13.98,0.35
70297,UGC12318,75,3,397,20,15.55,14.70,14.15,,,0.21,,13.84,0.32
70299,NGC7466,72,3,408,5,14.16,13.46,13.07,,,0.28,,12.96,0.27
70301,UGC12320,88,2,319,5,15.88,15.12,14.70,,,0.28,,14.55,0.81
70304,NGC7456,77,3,221,15,,,,11.77,12.29,,0.96,,
70306,ESO406-042,61,4,118,8,,,,14.58,14.80,,0.47,,
70307,UGC12321,87,2,166,5,15.73,15.48,15.41,,,0.20,,15.29,0.40
70309,PGC070309,63,4,148,11,15.54,15.02,14.73,14.75,15.25,0.14,0.18,14.55,0.20
70321,UGC12327,90,1,390,7,16.69,15.96,15.53,,,0.28,,15.34,0.80
70323,IC5282,62,4,348,5,14.74,13.95,13.51,,,0.33,,13.01,0.17
70324,NGC7462,86,2,179,13,,,,11.75,12.31,,0.80,,
70330,UGC12331,58,4,245,5,14.91,14.29,13.94,,,0.25,,13.80,0.17
70337,PGC070337,58,4,338,5,15.74,15.18,14.82,14.74,15.22,0.11,0.15,14.72,0.16
70355,PGC070355,45,6,359,19,15.36,14.68,14.44,,,0.12,,14.25,0.02
70356,ESO604-001,90,1,226,12,,,,15.05,15.42,,0.22,,
70360,PGC070360,58,4,397,20,14.96,14.32,13.92,,,0.11,,13.80,0.08
70366,PGC070366,53,4,198,6,14.30,13.76,13.46,,,0.20,,13.35,0.13
70367,PGC070367,61,4,341,6,15.29,14.58,14.16,,,0.17,,14.02,0.18
70371,ESO469-008,70,3,147,18,,,,15.61,16.39,,0.50,,
70375,PGC070375,85,2,248,6,15.94,15.37,15.03,,,0.19,,14.82,0.59
70376,PGC070376,54,4,250,19,15.52,15.07,14.59,,,0.15,,14.42,0.12
70392,PGC070392,56,4,201,13,15.39,14.81,14.44,,,0.22,,14.02,0.15
70399,PGC070399,80,3,374,19,14.68,13.81,13.34,12.89,13.39,0.27,0.25,13.24,0.33
70400,PGC070400,74,3,226,6,15.35,14.79,14.50,,,0.17,,14.40,0.33
70404,UGC12340,77,3,106,5,15.37,15.02,14.82,,,0.27,,14.71,0.19
70410,PGC070410,78,3,300,8,15.14,14.52,14.17,,,0.25,,14.08,0.38
70413,IC1467,70,3,255,17,14.53,13.85,13.49,,,0.20,,13.39,0.26
70416,PGC070416,53,4,228,5,,,,13.58,14.12,,0.22,,
70420,UGC12344,86,3,143,5,15.12,14.62,14.35,15.19,16.14,0.45,0.46,14.11,0.30
70433,UGC12350,81,3,192,5,14.20,13.65,13.33,,,0.70,,13.14,0.35
70434,PGC070434,63,4,357,5,15.04,14.17,13.69,,,0.18,,13.33,0.19
70435,UGC12348,73,3,402,20,14.27,13.52,13.09,,,0.26,,12.99,0.20
70447,UGC12351,76,3,105,5,15.12,14.63,14.42,,,0.39,,14.18,0.22
70451,PGC070451,56,4,207,5,15.05,14.52,14.26,,,0.25,,14.11,0.15
70460,UGC12355,80,3,278,12,16.23,15.44,14.98,,,0.30,,14.57,0.41
70461,UGC12357,80,3,316,5,15.10,14.28,13.78,,,0.25,,13.60,0.34
70466,PGC070466,57,4,225,18,14.62,14.00,13.69,,,0.24,,13.58,0.15
70467,UGC12354,68,4,237,6,14.99,14.40,14.06,,,0.26,,13.67,0.25
70474,ESO604-002,58,4,160,18,,,,15.45,15.66,,0.18,,
70481,UGC12362,77,3,342,5,14.58,13.95,13.59,,,0.25,,13.44,0.39
70482,UGC12361,81,3,157,5,15.87,15.39,15.18,,,0.35,,15.04,0.27
70487,UGC12363,63,4,251,11,14.12,13.68,13.43,,,0.29,,13.37,0.20
70492,IC5284,88,4,239,8,14.44,13.91,13.60,,,0.19,,13.40,0.78
70493,PGC070493,74,3,479,7,15.35,14.54,14.06,,,0.21,,13.74,0.26
70497,IC5285,49,6,352,5,13.86,12.89,12.36,,,0.23,,11.94,0.00
70498,UGC12367,82,3,273,6,16.06,15.45,15.10,,,0.29,,14.91,0.42
70507,UGC12370,78,3,247,5,14.99,14.53,14.13,,,0.35,,14.03,0.32
70509,ESO469-012,66,4,367,18,,,,13.87,14.43,,0.25,,
70510,UGC12369,53,6,157,5,15.76,15.31,15.05,,,0.34,,14.95,0.09
70511,UGC12375,79,3,214,5,,,,15.01,15.45,,0.27,,
70512,PGC070512,82,3,481,19,14.43,13.57,13.07,,,0.14,,12.98,0.15
70516,UGC12374,63,4,507,8,14.93,14.07,13.55,,,0.27,,13.16,0.18
70524,PGC070524,72,3,332,20,14.70,14.10,13.76,,,0.28,,13.67,0.30
70525,PGC070525,82,3,332,5,15.39,14.57,14.10,,,0.24,,13.68,0.50
70531,PGC070531,74,3,273,15,15.37,14.63,14.22,,,0.20,,13.96,0.30
70532,NGC7489,58,4,359,5,13.87,13.23,12.86,,,0.40,,12.47,0.16
70535,UGC12380,48,6,217,5,14.98,14.49,14.21,,,0.24,,14.09,0.10
70537,UGC12383,63,4,473,20,14.91,13.90,13.38,,,0.21,,12.92,0.07
70541,UGC12382,90,2,263,5,15.94,15.22,14.85,,,0.21,,14.73,0.92
70544,UGC12386,56,4,290,15,15.94,15.19,14.85,,,0.16,,14.55,0.15
70546,NGC7491,53,4,244,18,14.28,13.83,13.56,,,0.17,,13.48,0.13
70558,UGC12388,75,3,254,5,14.87,14.34,14.07,,,0.44,,13.90,0.30
70565,ESO469-015,88,2,207,8,,,,13.44,14.04,,0.23,,
70569,NGC7497,79,3,267,5,12.60,11.91,11.53,,,1.01,,11.22,0.42
70579,PGC070579,82,3,241,5,15.52,14.92,14.62,,,0.22,,14.48,0.44
70582,ESO407-007,87,2,260,17,,,,12.24,12.80,,0.29,,
70585,UGC12395,81,3,370,11,15.36,14.63,14.19,,,0.25,,13.87,0.48
70588,NGC7496,52,6,152,13,,,,10.96,11.41,,0.72,,
70594,PGC070594,51,4,348,19,14.98,14.35,13.94,13.77,14.26,0.14,0.16,13.82,0.09
70602,PGC070602,71,3,247,15,15.53,15.07,14.68,,,0.16,,14.57,0.29
70615,UGC12398,85,2,427,20,15.58,14.86,14.45,,,0.19,,14.34,0.62
70637,UGC12403,75,3,197,5,15.74,15.39,15.21,,,0.24,,15.10,0.21
70646,UGC12405,66,4,481,10,15.65,14.90,14.48,,,0.15,,14.28,0.22
70657,PGC070657,88,2,126,10,,,,15.67,16.50,,0.48,,
70664,UGC12410,90,1,425,10,15.55,14.67,14.15,,,0.33,,13.99,0.95
70666,UGC12407,63,4,371,5,14.27,13.55,13.16,,,0.15,,13.07,0.12
70668,UGC12421,73,3,337,13,,,,13.15,13.82,,0.37,,
70675,UGC12411,90,1,582,19,,,,13.03,13.68,,0.30,,
70691,NGC7511,60,4,289,5,14.44,13.71,13.33,,,0.19,,13.21,0.14
70693,PGC070693,72,3,246,5,15.03,14.39,14.04,,,0.19,,13.90,0.30
70697,ESO407-009,73,3,192,16,,,,13.63,14.22,,0.58,,
70702,IC1474,66,4,255,5,14.29,13.55,13.16,13.04,13.54,0.23,0.25,12.97,0.23
70708,UGC12423,89,1,486,5,14.12,13.31,12.84,12.67,13.44,0.77,0.73,12.64,0.79
70712,NGC7518,50,5,66,5,13.81,13.03,12.61,12.50,13.04,0.21,0.21,12.41,0.11
70714,NGC7513,54,4,223,16,,,,11.06,11.74,,0.69,,
70716,PGC070716,64,4,234,19,,,,14.75,15.36,,0.19,,
70720,UGC12427,80,3,189,5,15.46,15.07,14.91,,,0.22,,14.74,0.34
70723,UGC12426,86,2,237,8,15.61,15.12,14.81,,,0.33,,14.65,0.51
70726,NGC7523,81,3,302,9,15.16,14.27,13.79,,,0.19,,13.64,0.43
70734,UGC12430,90,2,236,5,14.52,14.09,13.88,14.28,14.87,0.55,0.56,13.70,0.45
70735,UGC12429,55,4,193,5,15.02,14.38,14.08,,,0.33,,13.77,0.14
70746,UGC12432,87,2,315,5,15.76,15.04,14.64,,,0.25,,14.45,0.74
70756,UGC12434,79,3,172,5,14.85,14.35,14.09,,,0.14,,14.00,0.42
70765,NGC7536,67,4,326,5,13.70,13.12,12.81,,,0.36,,12.70,0.24
70771,UGC12440,67,4,570,20,15.02,14.21,13.78,,,0.17,,13.61,0.17
70773,PGC070773,72,3,182,13,15.55,15.12,14.89,,,0.29,,14.83,0.20
70774,UGC12441,86,2,265,5,16.18,15.50,15.12,,,0.19,,14.96,0.64
70785,NGC7543,47,6,330,19,13.61,12.82,12.35,,,0.23,,12.14,0.00
70786,NGC7537,78,3,319,5,13.55,12.94,12.62,,,0.32,,12.50,0.40
70789,PGC070789,68,4,256,19,15.74,15.10,14.74,,,0.16,,14.58,0.25
70790,PGC070790,75,3,344,11,15.24,14.44,14.01,,,0.21,,13.79,0.33
70793,PGC070793,86,2,289,5,15.76,15.18,14.83,,,0.20,,14.68,0.65
70794,UGC12448,87,3,428,12,16.00,15.23,14.75,,,0.26,,14.63,0.74
70795,NGC7541,75,3,416,5,12.07,11.38,11.01,,,0.60,,10.89,0.26
70797,PGC070797,51,4,327,11,14.80,14.12,13.72,,,0.18,,13.62,0.08
70799,PGC070799,73,3,190,5,15.62,15.17,14.88,,,0.19,,14.78,0.27
70800,NGC7531,65,4,324,13,,,,10.99,11.61,,0.41,,
70803,UGC12451,85,2,166,5,15.29,14.80,14.49,14.79,16.00,0.46,0.58,14.34,0.27
70808,ESO604-006,88,2,502,18,,,,13.09,13.68,,0.52,,
70812,PGC070812,71,3,194,7,15.15,14.71,14.49,14.85,15.40,0.17,0.22,14.43,0.24
70818,UGC12452,90,2,293,5,15.22,14.57,14.18,13.81,14.41,0.43,0.48,14.07,0.62
70823,UGC12458,90,1,396,19,16.13,15.25,14.74,,,0.20,,14.58,0.93
70832,NGC7549,66,4,235,9,13.62,12.90,12.50,,,0.42,,12.24,0.18
70840,NGC7545,49,6,158,12,,,,12.86,13.34,,0.31,,
70843,NGC7564,55,4,279,18,15.07,14.49,14.16,,,0.14,,14.03,0.13
70847,IC5296,59,4,294,6,15.15,14.44,14.02,,,0.17,,13.80,0.16
70848,UGC12459,76,3,282,10,15.54,14.88,14.43,,,0.23,,14.22,0.37
70851,PGC070851,51,4,234,18,14.48,13.95,13.63,,,0.18,,13.54,0.11
70856,PGC070856,49,6,204,17,14.98,14.29,13.89,13.72,14.17,0.11,0.14,13.79,0.10
70866,UGC12462,81,3,586,19,14.93,14.13,13.69,,,0.26,,13.59,0.43
70871,PGC070871,71,3,372,12,15.84,15.25,14.88,,,0.19,,14.76,0.29
70876,UGC12466,48,6,290,13,14.30,13.70,13.36,,,0.22,,13.27,0.08
70879,PGC070879,54,4,215,7,15.91,15.36,15.03,,,0.20,,14.89,0.14
70880,NGC7562A,82,3,202,5,15.29,14.63,14.20,14.51,15.31,0.51,0.55,14.01,0.29
70885,NGC7567,82,3,112,7,14.63,14.23,14.02,,,0.26,,13.91,0.37
70892,NGC7568,53,4,349,7,14.44,13.89,13.56,,,0.24,,13.42,0.12
70894,UGC12471,79,3,139,5,15.41,14.95,14.68,,,0.24,,14.55,0.25
70897,PGC070897,86,2,144,18,15.28,14.63,14.31,,,0.18,,14.20,0.67
70901,NGC7566,64,4,463,20,13.79,13.06,12.64,,,0.26,,12.56,0.12
70902,PGC070902,74,3,363,9,14.88,14.23,13.85,,,0.20,,13.73,0.31
70910,PGC070910,81,3,622,19,14.72,13.79,13.28,,,0.12,,13.12,0.00
70911,PGC070911,48,6,141,5,15.54,15.10,14.77,15.24,15.71,0.18,0.22,14.64,0.07
70912,NGC7570,54,4,174,5,13.41,12.76,12.42,,,0.30,,12.31,0.12
70925,UGC12475,89,1,221,7,15.22,14.67,14.36,,,0.28,,14.24,0.79
70927,PGC070927,51,4,180,13,15.06,14.38,14.03,14.44,15.13,0.26,0.28,13.85,0.12
70953,UGC12479,70,3,293,13,14.63,13.98,13.61,,,0.20,,13.53,0.28
70958,PGC070958,66,4,378,18,16.05,15.49,15.16,,,0.12,,15.06,0.23
70966,ESO407-014,54,4,225,16,,,,13.05,13.56,,0.27,,
70967,PGC070967,69,9,325,37,15.65,14.93,14.48,,,0.16,,14.30,0.26
70974,NGC7604,57,6,186,20,14.82,14.17,13.82,14.09,14.68,0.19,0.18,13.63,0.14
70981,NGC7593,56,4,232,5,13.90,13.38,13.07,13.29,13.79,0.22,0.24,13.00,0.15
70991,IC1478,59,4,489,5,14.15,13.44,13.04,,,0.29,,12.93,0.13
70995,NGC7589,59,7,351,13,14.64,13.96,13.57,,,0.26,,13.48,0.16
70996,NGC7591,61,4,375,5,13.39,12.66,12.24,11.96,12.37,0.30,0.30,12.05,0.16
70998,PGC070998,86,2,127,23,15.34,14.53,14.11,14.13,14.66,0.16,0.10,13.91,0.67
71002,PGC071002,81,3,379,5,15.64,14.95,14.52,,,0.21,,14.30,0.48
71003,UGC12504,66,4,197,12,,,,14.16,14.78,,0.40,,
71010,PGC071010,49,6,297,5,15.62,14.89,14.46,,,0.09,,14.30,0.10
71017,UGC12488,75,3,188,5,16.12,15.61,15.31,,,0.29,,15.09,0.23
71018,UGC12489,88,2,506,5,15.67,14.82,14.32,,,0.31,,14.13,0.82
71030,UGC12495,57,4,176,5,14.52,14.17,14.07,,,0.32,,14.01,0.14
71034,UGC12494,75,3,208,5,14.88,14.45,14.20,14.58,15.13,0.36,0.43,14.03,0.21
71044,ESO535-015,54,9,331,19,,,,12.92,13.40,,0.23,,
71046,UGC12499,64,4,180,5,15.87,15.40,15.10,,,0.30,,14.96,0.18
71049,UGC12501,81,3,258,13,15.22,14.53,14.15,14.11,14.56,0.18,0.19,14.05,0.47
71051,IC5309,62,4,274,5,14.21,13.47,13.07,13.06,13.55,0.33,0.29,12.92,0.18
71052,UGC12497,83,3,159,5,15.24,14.69,14.42,14.82,15.45,0.31,0.39,14.22,0.29
71053,UGC12502,72,3,528,20,15.18,14.38,13.96,,,0.18,,13.79,0.23
71055,NGC7608,80,3,280,5,14.46,13.70,13.28,13.19,13.75,0.33,0.38,13.15,0.45
71059,PGC071059,53,4,175,11,15.36,15.01,14.81,,,0.14,,14.74,0.13
71066,NGC7599,76,5,283,20,,,,10.80,11.30,,0.72,,
71078,UGC12506,90,3,451,5,14.69,14.03,13.72,13.09,13.62,0.53,0.38,13.61,0.94
71080,PGC071080,80,3,317,5,15.57,14.83,14.42,,,0.14,,14.32,0.45
71084,UGC12508,59,4,263,13,14.59,14.07,13.75,,,0.19,,13.67,0.17
71087,NGC7610,46,6,243,5,13.25,12.91,12.65,13.12,13.58,0.51,0.49,12.59,0.09
71093,UGC12513,86,2,193,6,16.39,16.11,15.91,,,0.20,,15.86,0.35
71094,UGC12514,55,4,237,8,15.37,14.90,14.65,,,0.23,,14.53,0.14
71097,NGC7615,66,4,226,19,14.97,14.25,13.88,14.07,14.74,0.22,0.26,13.75,0.23
71100,PGC071100,78,3,494,20,15.12,14.33,13.89,,,0.19,,13.74,0.31
71102,UGC12519,77,3,305,5,14.04,13.48,13.32,,,0.31,,13.25,0.37
71108,PGC071108,81,3,170,11,15.81,15.03,14.61,,,0.16,,14.51,0.44
71110,UGC12518,89,1,365,20,14.94,13.95,13.37,12.94,13.56,0.29,0.28,13.17,0.49
71119,PGC071119,69,3,255,8,15.38,14.75,14.42,,,0.16,,14.28,0.27
71124,UGC12528,75,3,390,7,,,,14.20,14.70,,0.20,,
71126,NGC7624,53,4,267,8,13.59,12.85,12.46,,,0.29,,12.22,0.04
71144,PGC071144,66,4,262,10,15.46,15.16,14.90,,,0.16,,14.87,0.22
71149,UGC12533,90,1,504,5,15.10,14.29,13.78,,,0.31,,13.59,0.75
71155,UGC12535,87,2,181,15,15.35,14.71,14.38,14.28,14.89,0.29,0.28,14.24,0.63
71156,PGC071156,80,3,129,6,15.57,14.93,14.60,,,0.17,,14.42,0.42
71159,PGC071159,68,4,143,5,14.95,14.45,14.19,14.60,15.08,0.33,0.30,14.04,0.17
71162,PGC071162,62,6,193,5,15.05,14.67,14.42,,,0.22,,14.35,0.17
71165,UGC12537,57,4,432,5,14.59,13.76,13.30,,,0.19,,13.06,0.11
71166,UGC12538,71,3,278,10,14.55,13.99,13.66,13.70,14.22,0.24,0.24,13.54,0.29
71171,PGC071171,74,3,199,14,15.21,14.46,14.02,13.82,14.36,0.17,0.18,13.78,0.34
71176,NGC7630,70,4,554,10,14.64,13.98,13.58,,,0.19,,13.48,0.19
71177,PGC071177,81,3,445,19,15.79,15.04,14.60,,,0.16,,14.47,0.47
71181,NGC7631,72,3,356,5,13.51,12.77,12.36,12.39,13.00,0.37,0.35,12.22,0.26
71183,PGC071183,56,4,432,74,15.15,14.54,14.14,,,0.15,,14.05,0.14
71184,UGC12543,80,3,284,8,15.48,14.95,14.64,,,0.30,,14.49,0.38
71191,PGC071191,87,2,197,5,16.09,15.64,15.40,,,0.18,,15.25,0.58
71193,UGC12546,74,3,331,6,14.93,14.29,13.95,,,0.28,,13.79,0.34
71197,PGC071197,86,2,169,16,,,,14.62,15.05,,0.25,,
71201,PGC071201,48,6,113,18,14.88,14.32,14.01,14.44,15.07,0.21,0.25,13.94,0.10
71204,UGC12547,58,4,182,6,14.64,14.23,13.98,,,0.28,,13.87,0.16
71206,PGC071206,68,4,285,19,14.74,14.21,13.91,14.03,14.57,0.21,0.21,13.84,0.25
71208,UGC12549,77,3,132,5,15.72,15.40,15.23,,,0.34,,15.18,0.17
71220,NGC7640,82,3,233,7,,,,10.72,11.54,,1.78,,
71221,UGC12552,83,3,460,5,14.94,14.19,13.78,,,0.21,,13.66,0.51
71223,UGC12551,73,3,381,14,15.40,14.76,14.39,,,0.21,,14.30,0.31
71229,ESO536-003,89,1,90,17,,,,15.51,16.08,,0.19,,
71231,UGC12558,52,4,266,18,,,,13.54,14.02,,0.23,,
71234,UGC12557,80,3,533,9,14.52,13.60,13.08,,,0.22,,12.78,0.28
71235,UGC12559,62,4,168,18,,,,16.04,16.64,,0.24,,
71238,PGC071238,61,4,370,12,,,,12.99,13.53,,0.22,,
72163,PGC072163,82,4,139,15,,,,15.82,16.49,,0.25,,
71240,PGC071240,65,4,159,7,15.04,14.63,14.41,,,0.17,,14.31,0.22
71241,NGC7641,90,1,592,7,14.19,13.31,12.81,,,0.32,,12.67,0.41
71244,UGC12555,82,3,230,5,15.81,15.35,15.08,,,0.34,,14.97,0.31
71250,PGC071250,81,3,291,19,15.55,15.01,14.68,,,0.19,,14.61,0.48
71260,UGC12562,86,2,157,5,15.62,15.18,14.98,15.53,16.32,0.31,0.36,14.89,0.30
71261,NGC7643,65,4,320,20,13.65,12.88,12.47,,,0.27,,12.33,0.00
71262,UGC12561,77,3,185,7,15.31,14.86,14.62,15.18,15.72,0.42,0.45,14.54,0.18
71263,UGC12564,76,3,488,18,15.11,14.41,14.00,,,0.21,,13.87,0.34
71266,PGC071266,60,4,246,18,15.30,14.88,14.62,,,0.13,,14.57,0.18
71278,PGC071278,59,4,351,20,15.46,14.87,14.55,,,0.19,,14.48,0.16
71279,PGC071279,78,3,207,9,16.10,15.59,15.32,,,0.18,,15.22,0.32
71288,UGC12571,64,4,278,5,14.39,13.74,13.38,,,0.34,,13.23,0.22
71292,PGC071292,85,2,508,20,15.21,14.31,13.80,,,0.18,,13.66,0.28
71309,ESO291-024,83,3,152,15,,,,14.38,15.00,,0.43,,
71318,PGC071318,80,3,335,18,,,,14.07,14.72,,0.24,,
71333,UGC12577,90,1,546,18,15.52,14.62,14.12,,,0.26,,13.97,0.85
71351,PGC071351,61,4,282,14,15.42,15.03,14.77,,,0.12,,14.70,0.19
71354,UGC12583,88,2,266,10,15.79,15.23,14.94,,,0.34,,14.85,0.66
71359,UGC12581,45,6,342,15,14.46,13.75,13.36,,,0.27,,13.27,0.07
71360,UGC12580,86,3,176,20,15.05,14.15,13.65,13.36,13.90,0.20,0.24,13.53,0.60
71363,UGC12585,47,6,90,5,14.42,14.05,13.82,14.35,15.12,0.30,0.28,13.70,0.06
71368,UGC12588,46,6,75,5,,,,12.83,13.51,,0.44,,
71382,PGC071382,60,4,302,20,14.77,14.07,13.67,,,0.15,,13.52,0.12
71389,PGC071389,83,3,277,16,15.05,14.20,13.75,,,0.18,,13.65,0.44
71404,PGC071404,57,4,334,19,15.49,14.77,14.37,,,0.12,,14.16,0.12
71406,PGC071406,73,3,320,7,14.72,14.17,13.81,,,0.15,,13.71,0.29
71420,UGC12596,69,3,523,10,14.59,13.89,13.53,,,0.24,,13.41,0.19
71421,PGC071421,69,3,465,15,15.73,15.02,14.59,,,0.15,,14.28,0.24
71426,UGC12597,77,3,162,6,16.07,15.60,15.37,,,0.23,,15.24,0.23
71429,PGC071429,50,4,169,7,15.00,14.45,14.14,,,0.12,,13.92,0.10
71430,IC5321,52,5,197,13,,,,13.75,14.20,,0.28,,
71445,PGC071445,72,3,326,5,15.64,14.89,14.46,,,0.19,,14.25,0.31
71446,PGC071446,65,5,186,6,15.35,14.85,14.55,,,0.22,,14.34,0.21
71447,PGC071447,76,3,251,17,,,,14.21,14.78,,0.24,,
71448,PGC071448,62,4,147,8,15.05,14.65,14.44,,,0.27,,14.31,0.17
71449,PGC071449,63,4,158,8,15.15,14.86,14.70,,,0.12,,14.62,0.19
71450,NGC7664,59,4,326,6,12.95,12.34,11.99,,,0.29,,11.87,0.15
71461,PGC071461,86,2,253,10,15.72,15.17,14.87,,,0.25,,14.75,0.61
71464,ESO347-017,79,3,61,16,,,,14.13,14.71,,0.51,,
71488,UGC12604,62,4,416,5,15.14,14.41,13.99,,,0.14,,13.88,0.17
71490,UGC12603,89,4,454,7,15.79,14.88,14.28,,,0.20,,14.05,0.82
71501,ESO240-004,86,2,112,15,,,,15.51,16.39,,0.43,,
71508,PGC071508,65,4,433,19,15.23,14.52,14.11,,,0.23,,13.91,0.20
71511,UGC12609,60,4,205,5,15.25,14.58,14.17,,,0.32,,13.87,0.18
71513,PGC071513,76,3,376,18,14.82,13.99,13.54,,,0.17,,13.28,0.23
71515,PGC071515,65,4,430,5,15.02,14.25,13.80,,,0.12,,13.60,0.17
71517,NGC7677,51,4,265,5,13.57,12.96,12.63,,,0.21,,12.55,0.09
71529,PGC071529,57,4,173,10,15.28,14.60,14.26,14.25,14.71,0.13,0.17,14.07,0.15
71539,PGC071539,78,3,166,5,15.58,15.04,14.76,,,0.26,,14.66,0.35
71546,UGC12619,52,4,176,5,14.89,14.55,14.29,,,0.35,,14.21,0.11
71556,PGC071556,54,4,200,17,14.34,13.85,13.58,,,0.22,,13.52,0.13
71560,PGC071560,51,4,265,19,14.99,14.38,14.03,,,0.19,,13.92,0.10
71567,PGC071567,47,6,120,6,15.01,14.55,14.27,,,0.19,,14.12,0.09
71568,UGC12624,80,3,170,5,15.37,14.91,14.68,,,0.36,,14.57,0.31
71569,UGC12625,86,2,529,19,14.55,13.62,13.10,,,0.25,,12.88,0.30
71573,UGC12626,79,3,439,5,15.17,14.31,13.84,13.24,13.58,0.17,0.18,13.69,0.38
71577,PGC071577,53,4,302,19,15.56,14.97,14.62,,,0.18,,14.53,0.13
71580,IC1491,57,4,242,20,,,,14.57,15.20,,0.21,,
71587,UGC12629,85,2,428,20,14.69,13.79,13.30,,,0.16,,13.10,0.19
71589,PGC071589,58,5,328,19,14.66,13.83,13.36,,,0.16,,13.15,0.07
71590,PGC071590,69,3,375,14,15.39,14.72,14.32,14.20,14.71,0.15,0.16,14.13,0.26
71594,UGC12630,72,3,433,7,14.53,13.88,13.50,,,0.23,,13.40,0.29
71597,UGC12631,76,3,441,5,14.77,14.03,13.60,13.40,14.05,0.22,0.23,13.45,0.35
71602,UGC12634,80,3,280,17,,,,14.80,15.40,,0.26,,
71608,PGC071608,64,4,361,18,15.43,14.85,14.53,,,0.15,,14.44,0.20
71615,PGC071615,47,6,148,19,15.13,14.57,14.21,,,0.20,,14.05,0.10
71616,PGC071616,73,3,465,14,,,,13.77,14.34,,0.24,,
71627,ESO470-015,53,4,256,16,,,,13.67,14.34,,0.24,,
71631,IC1495,52,4,304,18,,,,12.60,12.85,,0.22,,
71636,UGC12641,79,3,173,5,15.22,14.71,14.42,,,0.29,,14.24,0.32
71637,UGC12640,86,2,201,5,15.02,14.61,14.39,,,0.26,,14.28,0.58
71657,UGC12644,51,15,177,8,14.86,14.32,14.02,,,0.37,,13.85,0.12
71658,UGC12643,57,4,210,12,15.87,15.44,15.21,,,0.24,,15.11,0.13
71659,UGC12645,65,4,244,7,14.55,13.92,13.53,,,0.30,,13.35,0.21
71669,PGC071669,69,3,401,18,15.52,14.85,14.45,,,0.18,,14.33,0.25
71677,IC1498,79,3,478,20,13.56,12.78,12.35,12.30,12.89,0.39,0.44,12.25,0.38
71688,UGC12650,87,2,293,5,15.02,14.30,13.89,,,0.28,,13.70,0.72
71689,UGC12651,60,4,258,5,15.47,14.96,14.64,,,0.27,,14.47,0.16
71703,UGC12653,77,3,256,5,14.37,13.81,13.40,,,0.41,,13.28,0.38
71709,UGC12658,59,4,142,5,15.73,15.16,14.85,,,0.22,,14.65,0.16
71716,NGC7690,69,3,252,7,,,,11.88,12.40,,0.25,,
71723,PGC071723,64,4,168,5,15.38,14.87,14.60,,,0.15,,14.49,0.21
71728,NGC7694,64,4,138,8,13.54,13.04,12.79,,,0.40,,12.71,0.21
71729,NGC7689,54,4,239,13,,,,11.47,12.01,,0.65,,
71731,IC5329,87,2,331,5,14.98,14.34,13.96,,,0.34,,13.81,0.69
71733,PGC071733,52,4,127,10,14.95,14.60,14.42,,,0.15,,14.35,0.12
71737,UGC12661,87,2,290,12,14.50,13.81,13.43,,,0.24,,13.35,0.65
71740,IC5331,74,3,379,5,14.49,13.79,13.37,,,0.23,,13.22,0.31
71746,UGC12664,58,4,219,5,15.21,14.77,14.51,,,0.31,,14.40,0.14
71750,UGC12666,70,3,273,5,14.25,13.65,13.33,,,0.38,,13.20,0.28
71751,PGC071751,46,6,194,9,14.53,13.97,13.65,,,0.16,,13.55,0.08
71753,UGC12667,53,4,210,5,13.61,13.04,12.74,,,0.34,,12.59,0.12
71754,PGC071754,72,3,240,20,15.30,14.54,14.10,,,0.19,,13.83,0.29
71770,UGC12670,67,4,404,9,15.14,14.56,14.21,,,0.21,,14.11,0.24
71780,UGC12673,86,2,171,7,16.32,15.85,15.60,,,0.30,,15.48,0.40
71784,IC5334,78,3,329,8,13.46,12.73,12.33,12.48,13.10,0.24,0.33,12.25,0.40
71785,UGC12675,87,2,131,18,15.40,14.78,14.46,,,0.29,,14.32,0.70
71786,IC1501,64,4,287,19,14.19,13.65,13.35,,,0.32,,13.27,0.21
71795,UGC12678,87,2,505,14,15.20,14.33,13.84,13.68,14.29,0.26,0.30,13.70,0.73
71796,UGC12677,56,4,195,5,15.09,14.54,14.24,,,0.20,,14.14,0.14
71800,IC5333,88,2,235,12,,,,12.97,13.46,,0.30,,
71802,UGC12680,88,2,383,5,15.69,14.97,14.58,,,0.30,,14.45,0.83
71804,UGC12681,66,7,130,5,14.72,14.38,14.21,,,0.29,,14.08,0.14
71831,UGC12689,86,2,506,5,14.21,13.28,12.77,,,0.36,,12.60,0.37
71838,UGC12692,85,4,226,5,14.93,14.18,13.77,,,0.24,,13.64,0.62
71839,UGC12693,89,1,220,5,15.30,14.99,14.82,,,0.35,,14.70,0.52
71854,UGC12697,76,3,182,5,,,,16.04,16.44,,0.32,,
71866,NGC7713,65,4,178,13,,,,11.27,11.86,,0.96,,
71880,UGC12701,86,2,359,13,15.90,15.19,14.78,14.31,14.81,0.20,0.22,14.59,0.66
71881,ESO347-029,67,4,199,14,,,,13.49,13.78,,1.07,,
71886,ESO536-009,73,6,309,20,,,,14.64,15.17,,0.17,,
71889,ESO605-015,88,2,102,8,,,,16.23,17.01,,0.45,,
71890,UGC12705,54,4,168,5,15.06,14.52,14.26,,,0.34,,14.10,0.10
71895,UGC12707,57,4,184,5,14.19,13.79,13.56,,,0.37,,13.44,0.13
71915,PGC071915,47,6,217,18,14.91,14.32,14.00,13.99,14.56,0.15,0.18,13.80,0.10
71919,PGC071919,54,4,267,20,15.73,14.99,14.60,,,0.09,,14.45,0.13
71934,ESO408-012,63,4,198,11,,,,14.79,15.61,,0.38,,
71940,PGC071940,49,6,301,5,15.48,14.91,14.59,,,0.10,,14.49,0.10
71944,PGC071944,86,2,151,12,15.74,15.31,15.09,,,0.18,,14.98,0.53
71948,ESO240-011,90,1,551,14,,,,10.98,11.60,,0.66,,
71955,ESO536-011,79,3,189,20,,,,13.51,14.02,,0.17,,
71962,PGC071962,54,4,240,5,15.63,14.97,14.62,,,0.19,,14.42,0.14
71969,UGC12714,86,2,292,5,15.22,14.58,14.23,,,0.27,,14.07,0.62
71972,PGC071972,60,4,294,20,14.99,14.25,13.84,,,0.22,,13.65,0.13
71982,IC1503,65,4,288,5,14.12,13.73,13.53,,,0.24,,13.41,0.22
72001,NGC7721,73,3,302,7,12.00,11.44,11.11,11.12,11.63,0.82,0.64,11.05,0.32
72004,PGC072004,75,3,263,17,15.25,14.66,14.38,14.13,14.55,0.11,0.13,14.25,0.34
72006,PGC072006,73,3,140,9,14.77,14.43,14.27,,,0.43,,14.22,0.18
72009,NGC7723,52,4,314,7,,,,10.68,11.34,,0.58,,
72012,ESO536-014,59,4,463,18,,,,13.30,13.90,,0.21,,
72015,NGC7724,50,4,220,10,,,,12.79,13.45,,0.39,,
72020,UGC12720,81,3,312,8,15.04,14.37,14.02,,,0.21,,13.86,0.48
72024,UGC12721,72,3,395,5,14.57,13.81,13.38,13.27,13.86,0.25,0.26,13.20,0.30
72030,UGC12722,61,4,363,5,14.70,14.02,13.65,,,0.20,,13.45,0.17
72042,UGC12724,70,3,234,5,16.03,15.30,14.91,,,0.24,,14.54,0.26
72046,PGC072046,54,4,78,8,15.86,15.53,15.37,,,0.09,,15.31,0.11
72075,PGC072075,76,4,142,6,15.87,15.55,15.40,,,0.09,,15.33,0.28
72083,NGC7729,77,3,538,9,14.02,13.07,12.53,12.27,12.89,0.34,0.36,12.23,0.26
72084,PGC072084,56,4,480,18,14.74,14.02,13.60,,,0.19,,13.47,0.09
72086,UGC12731,89,1,513,7,15.25,14.36,13.83,,,0.31,,13.69,0.83
72092,ESO536-017,75,3,307,13,,,,14.25,14.88,,0.33,,
72106,PGC072106,58,4,486,18,14.95,14.22,13.81,,,0.18,,13.71,0.12
72117,IC1504,80,3,429,5,,,,12.41,12.89,,0.35,,
72118,UGC12735,54,4,471,19,14.76,13.95,13.52,,,0.20,,13.43,0.09
72131,NGC7732,79,3,212,5,14.06,13.59,13.34,,,0.41,,13.25,0.36
72145,UGC12742,51,4,212,13,14.44,13.94,13.66,,,0.36,,13.44,0.11
72148,UGC12741,76,3,381,5,14.48,13.73,13.31,,,0.16,,13.13,0.30
72157,PGC072157,63,7,329,18,,,,13.74,14.49,,0.16,,
72169,PGC072169,82,3,377,18,15.33,14.63,14.23,13.73,14.17,0.15,0.23,14.08,0.50
72172,PGC072172,71,3,233,15,15.75,15.32,15.10,,,0.19,,14.94,0.25
72178,ESO292-014,89,1,247,10,,,,12.89,13.50,,0.52,,
72188,UGC12746,87,2,452,9,14.77,13.99,13.55,12.96,13.40,0.33,0.36,13.40,0.74
72190,PGC072190,65,4,249,14,15.70,15.14,14.83,,,0.14,,14.77,0.23
72193,UGC12747,59,4,143,8,14.34,14.07,13.92,,,0.20,,13.80,0.17
72201,PGC072201,76,3,414,20,15.70,14.98,14.57,,,0.16,,14.44,0.36
72204,UGC12750,64,4,646,20,,,,12.08,12.69,,0.32,,
72205,UGC12748,72,3,263,5,15.21,14.65,13.99,,,0.32,,13.85,0.30
72209,UGC12749,72,3,521,6,14.98,14.09,13.60,,,0.28,,13.29,0.27
72218,UGC12752,54,4,248,7,15.04,14.52,14.15,,,0.22,,14.04,0.14
72227,PGC072227,75,3,438,13,,,,13.01,13.61,,0.30,,
72228,UGCA442,87,2,87,13,,,,14.16,14.73,,0.89,,
72233,UGC12755,58,4,487,7,14.23,13.42,12.97,12.95,13.52,0.23,0.26,12.74,0.11
72237,NGC7741,53,4,182,6,11.60,11.13,10.86,11.27,11.76,1.11,1.00,10.73,0.12
72240,UGC12756,53,4,298,5,15.14,14.39,13.92,,,0.23,,13.80,0.13
72252,PGC072252,57,4,155,8,13.40,13.15,13.02,13.68,14.07,0.37,0.35,12.98,0.12
72269,PGC072269,57,4,347,8,15.06,14.37,13.93,,,0.13,,13.69,0.13
72274,UGC12762,55,4,213,5,14.93,14.34,14.01,,,0.29,,13.80,0.14
72275,PGC072275,84,3,191,7,15.42,14.96,14.70,,,0.28,,14.60,0.44
72280,UGC12761,85,2,302,7,15.90,15.31,14.97,,,0.27,,14.75,0.51
72298,PGC072298,63,4,260,18,15.00,14.55,14.27,,,0.17,,14.20,0.20
72301,UGC12766,79,3,338,16,16.05,15.45,15.07,,,0.14,,14.97,0.41
72306,PGC072306,77,3,367,10,15.46,14.65,14.20,,,0.17,,13.98,0.35
72328,NGC7747,72,3,531,19,14.09,13.22,12.77,12.64,13.22,0.27,0.27,12.59,0.17
72329,UGC12771,73,3,83,5,15.96,15.56,15.28,,,0.37,,15.18,0.16
72335,PGC072335,54,6,175,5,15.99,15.61,15.37,,,0.24,,15.30,0.10
72342,ESO537-007,49,6,367,20,,,,14.00,14.63,,0.16,,
72345,IC1508,77,3,298,5,13.63,13.06,12.77,,,0.39,,12.66,0.38
72350,ESO606-007,68,4,131,15,15.07,14.84,14.72,,,0.26,,14.69,0.13
72354,UGC12775,68,4,394,5,15.18,14.49,14.06,,,0.22,,13.85,0.25
72367,NGC7750,60,4,218,5,13.17,12.62,12.32,12.47,13.03,0.38,0.34,12.23,0.18
72372,PGC072372,80,3,503,13,14.78,13.88,13.36,13.13,13.70,0.23,0.24,13.21,0.37
72387,NGC7753,53,4,374,5,12.48,11.79,11.41,11.30,11.90,0.59,0.57,11.23,0.11
72392,IC1509,86,2,328,14,,,,13.93,14.38,,0.29,,
72398,PGC072398,47,6,233,20,15.21,14.62,14.28,,,0.17,,14.19,0.10
72411,PGC072411,63,4,379,12,14.75,14.10,13.73,13.56,14.09,0.19,0.21,13.59,0.19
72438,PGC072438,78,3,398,13,15.34,14.56,14.12,13.67,14.11,0.15,0.20,13.99,0.38
72439,PGC072439,61,4,402,18,15.89,15.24,14.84,,,0.11,,14.67,0.18
72443,ESO149-001,81,3,187,13,,,,13.14,13.66,,0.81,,
72444,NGC7755,53,4,282,13,,,,11.18,11.80,,0.63,,
72460,UGC12787,79,3,269,6,15.53,14.38,13.75,,,0.25,,13.37,0.41
72470,PGC072470,70,3,347,17,14.93,14.32,13.88,,,0.19,,13.79,0.28
72489,PGC072489,51,4,214,19,15.57,15.07,14.75,,,0.17,,14.69,0.12
72494,UGC12791,79,3,85,5,15.06,14.65,14.49,15.24,16.14,0.49,0.41,14.39,0.18
72501,PGC072501,53,4,143,12,15.04,14.64,14.44,,,0.14,,14.28,0.13
72506,UGC12792,63,4,416,5,14.44,13.75,13.34,,,0.23,,13.21,0.14
72510,UGC12795,67,4,404,20,,,,13.97,14.48,,0.23,,
72528,PGC072528,64,4,214,20,15.66,15.21,14.92,,,0.14,,14.84,0.22
72535,UGC12798,85,2,352,6,14.67,13.80,13.30,,,0.29,,13.17,0.56
72542,PGC072542,50,4,193,5,15.35,14.85,14.55,,,0.21,,14.45,0.11
72545,PGC072545,75,3,420,16,15.08,14.29,13.85,,,0.19,,13.71,0.31
72549,UGC12799,83,3,218,5,15.39,15.03,14.83,,,0.37,,14.76,0.30
72567,PGC072567,74,3,437,20,15.24,14.48,13.93,,,0.18,,13.70,0.28
72583,UGC12802,90,1,319,5,16.35,15.63,15.23,,,0.29,,15.14,0.85
72591,PGC072591,48,6,281,5,15.27,14.79,14.46,,,0.18,,14.40,0.10
72599,UGC12807,89,1,396,8,16.46,15.92,15.53,,,0.25,,15.40,0.78
72604,PGC072604,65,4,489,5,15.26,14.47,14.02,,,0.20,,13.85,0.21
72617,PGC072617,59,4,85,52,16.32,15.90,15.68,,,0.09,,15.52,0.14
72618,UGC12810,72,3,413,6,13.90,13.30,12.98,13.04,13.56,0.37,0.35,12.93,0.30
72631,UGC12812,77,3,220,5,15.45,15.06,14.89,,,0.20,,14.77,0.25
72632,UGC12814,87,2,347,19,,,,14.00,14.52,,0.29,,
72651,PGC072651,54,4,244,20,15.88,15.27,14.93,,,0.16,,14.81,0.14
72659,UGC12816,63,4,252,5,14.22,13.79,13.54,,,0.34,,13.46,0.19
72661,UGC12817,78,3,451,18,15.19,14.44,13.98,,,0.22,,13.86,0.37
72670,PGC072670,62,4,178,18,15.80,15.21,14.91,,,0.15,,14.75,0.19
72675,ESO149-003,86,2,47,16,,,,15.29,15.64,,0.44,,
72676,ESO472-002,74,3,158,16,,,,15.65,16.15,,0.30,,
72680,UGC12818,59,4,243,8,14.43,13.86,13.55,,,0.31,,13.36,0.17
72685,PGC072685,52,4,345,19,14.64,13.92,13.40,,,0.18,,13.23,0.06
72687,ESO472-004,74,3,262,15,,,,13.13,13.73,,0.31,,
72734,PGC072734,90,1,300,20,,,,15.05,15.62,,0.21,,
72749,UGC12828,90,1,202,5,15.99,15.39,14.91,,,0.39,,14.77,0.74
72751,PGC072751,51,4,268,20,15.10,14.36,13.96,14.07,14.65,0.13,0.19,13.87,0.10
72759,UGC12830,87,2,354,5,15.49,14.62,14.11,,,0.19,,13.95,0.74
72773,IC1513,74,3,375,5,14.59,13.90,13.51,,,0.21,,13.37,0.31
72782,PGC072782,53,4,228,20,15.24,14.47,14.09,,,0.20,,13.98,0.11
72784,PGC072784,64,4,344,20,15.23,14.56,14.21,14.36,14.89,0.22,0.24,14.12,0.21
72788,NGC7782,61,4,566,5,12.72,11.97,11.55,,,0.45,,11.45,0.08
72790,UGC12836,72,3,335,17,15.36,14.40,13.83,,,0.31,,13.16,0.28
72835,PGC072835,64,4,214,13,,,,14.68,15.14,,0.37,,
72838,PGC072838,49,6,156,5,15.45,14.95,14.67,,,0.17,,14.53,0.10
72860,ESO472-010,70,3,242,14,,,,13.88,14.24,,0.38,,
72863,PGC072863,76,3,395,8,15.11,14.41,13.98,,,0.21,,13.89,0.36
72879,PGC072879,72,3,396,20,15.30,14.53,14.10,,,0.15,,13.99,0.20
72882,UGC12843,63,4,146,5,13.90,13.55,13.22,12.83,13.32,0.95,0.63,13.15,0.15
72888,UGC12844,73,3,350,5,15.15,14.53,14.17,,,0.25,,14.05,0.32
72892,UGC12845,50,4,227,5,14.01,13.41,13.03,,,0.56,,12.93,0.11
72926,UGC12850,66,4,298,9,15.06,14.46,14.12,,,0.18,,14.01,0.24
72930,NGC7787,81,3,340,5,14.66,13.90,13.47,13.35,13.94,0.36,0.30,13.38,0.47
72968,PGC072968,79,3,326,5,15.66,15.08,14.76,14.90,15.26,0.19,0.25,14.68,0.36
72973,UGC12854,60,4,338,8,14.54,14.09,13.80,,,0.16,,13.73,0.16
72977,UGC12856,72,4,163,6,13.90,13.66,13.50,14.38,14.88,0.54,0.44,13.44,0.15
72979,PGC072979,66,4,303,100,15.56,15.12,14.79,,,0.10,,14.71,0.24
72981,PGC072981,64,4,526,20,14.21,13.46,13.01,,,0.27,,12.92,0.18
72983,UGC12857,86,2,240,5,13.95,13.35,13.02,13.00,13.53,0.40,0.29,12.97,0.66
72985,PGC072985,52,4,470,17,14.48,14.02,13.76,,,0.24,,13.68,0.12
72995,UGC12859,77,3,348,5,14.47,13.76,13.30,,,0.37,,13.19,0.38
72996,UGC12860,81,3,328,5,14.60,13.92,13.53,,,0.35,,13.37,0.48
73004,PGC073004,52,4,341,19,15.49,14.85,14.51,,,0.15,,14.40,0.12
73009,PGC073009,49,6,201,5,15.07,14.58,14.24,,,0.19,,14.13,0.11
73021,UGC12863,80,3,407,7,15.60,14.96,14.55,,,0.19,,14.42,0.45
73023,UGC12864,63,4,261,8,14.02,13.53,13.25,,,0.45,,13.16,0.20
73049,NGC7793,57,4,162,13,,,,9.20,9.76,,2.00,,
73053,UGC12866,82,3,330,5,16.02,15.48,15.14,,,0.19,,15.04,0.48
73079,PGC073079,53,4,229,20,15.55,15.03,14.73,14.89,15.38,0.14,0.16,14.59,0.13
73102,UGC12871,50,4,241,5,14.74,14.10,13.73,,,0.24,,13.56,0.11
73103,NGC7794,51,4,272,5,13.43,12.80,12.42,,,0.31,,12.25,0.08
73118,PGC073118,47,6,157,8,16.45,15.23,15.04,,,0.15,,14.85,0.09
73123,PGC073123,74,3,368,11,14.80,14.20,13.86,,,0.24,,13.78,0.33
73139,IC1522,75,3,400,5,14.66,13.95,13.56,,,0.22,,13.50,0.32
73145,PGC073145,68,4,253,5,16.07,15.64,15.37,,,0.12,,15.29,0.23
73148,PGC073148,75,3,212,18,15.74,15.28,15.03,,,0.18,,14.96,0.33
73150,IC1525,46,6,312,8,,,,11.72,12.34,,0.37,,
73154,UGC12881,85,2,324,5,14.42,13.64,13.22,,,0.30,,13.14,0.62
73156,NGC7799,88,2,221,5,15.80,15.38,15.14,,,0.24,,15.06,0.58
73176,PGC073176,87,2,414,17,15.30,14.55,14.12,,,0.31,,14.03,0.74
73195,UGC12888,55,4,348,16,,,,13.69,14.36,,0.28,,
73199,PGC073199,70,3,307,7,15.81,15.22,14.87,,,0.17,,14.79,0.27
73236,PGC073236,87,2,188,15,16.41,15.93,15.71,,,0.14,,15.57,0.62
73244,PGC073244,76,3,206,5,15.94,15.40,15.15,,,0.21,,14.88,0.31
73275,PGC073275,85,2,302,5,16.14,15.48,15.10,,,0.14,,15.00,0.61
73288,PGC073288,72,3,172,13,15.56,15.07,14.79,15.12,15.80,0.24,0.24,14.71,0.23
73548,PGC073548,68,7,51,6,,,,16.29,16.85,,0.17,,
73570,PGC073570,50,4,147,20,,,,15.58,16.26,,0.18,,
73583,PGC073583,81,3,176,9,15.97,15.57,15.52,15.89,16.53,0.17,0.17,15.44,0.31
73692,PGC073692,79,3,295,20,,,,14.30,14.82,,0.16,,
73705,PGC073705,78,3,265,12,16.37,15.97,15.71,,,0.18,,15.62,0.25
73882,PGC073882,84,3,205,5,17.28,16.97,16.71,,,0.16,,16.68,0.27
73995,PGC073995,62,4,322,5,15.91,15.30,14.93,,,0.14,,14.84,0.20
74006,PGC074006,67,4,272,5,15.84,15.23,14.89,,,0.12,,14.76,0.24
74022,PGC074022,75,3,327,6,16.11,15.54,15.21,,,0.14,,15.12,0.34
74051,PGC074051,75,3,367,15,16.10,15.49,15.10,,,0.13,,14.99,0.35
74057,PGC074057,87,2,191,12,16.26,15.85,15.57,,,0.15,,15.49,0.48
74063,PGC074063,76,3,179,8,16.15,15.74,15.54,,,0.14,,15.46,0.28
74070,PGC074070,67,4,189,5,15.97,15.53,15.31,,,0.18,,15.20,0.18
74076,PGC074076,57,4,150,7,,,,15.76,16.38,,0.19,,
74235,PGC074235,53,4,143,19,16.44,15.78,15.45,15.59,16.00,0.14,0.17,15.15,0.11
74256,PGC074256,54,4,190,18,16.08,15.44,14.98,15.02,15.66,0.15,0.19,14.57,0.13
74257,PGC074257,61,4,373,19,15.31,14.44,13.96,14.00,14.69,0.14,0.17,13.69,0.15
74270,PGC074270,55,4,197,19,15.98,15.36,14.96,15.03,15.56,0.14,0.15,14.66,0.15
74278,PGC074278,54,4,221,23,16.77,16.02,15.55,15.36,15.78,0.10,0.13,15.21,0.14
75270,PGC075270,68,4,264,19,,,,14.49,15.05,,0.15,,
75281,PGC075281,76,3,230,18,,,,15.66,16.24,,0.16,,
75289,PGC075289,87,2,352,16,,,,14.64,15.02,,0.20,,
75291,PGC075291,62,4,232,24,,,,14.70,15.15,,0.16,,
75300,PGC075300,51,4,248,15,,,,14.99,15.60,,0.20,,
75309,PGC075309,63,4,283,19,,,,14.90,15.26,,0.17,,
75315,PGC075315,55,4,194,20,,,,15.42,15.91,,0.14,,
75328,PGC075328,56,4,275,17,,,,14.61,15.03,,0.16,,
75330,PGC075330,73,3,247,19,,,,15.27,15.76,,0.16,,
75336,PGC075336,81,3,223,22,,,,15.88,16.38,,0.12,,
75339,PGC075339,79,3,329,9,,,,14.65,15.19,,0.15,,
75345,PGC075345,78,3,261,17,,,,15.52,16.08,,0.19,,
75619,PGC075619,70,3,168,17,,,,14.62,15.31,,0.25,,
76259,PGC076259,54,4,274,20,,,,14.35,15.06,,0.21,,
76261,PGC076261,59,4,299,18,,,,13.91,14.59,,0.24,,
76301,PGC076301,48,6,320,20,,,,14.70,15.27,,0.18,,
77295,PGC077295,84,4,410,18,,,,12.70,13.24,,0.38,,
78430,PGC078430,64,4,306,20,,,,14.38,15.04,,0.25,,
78533,PGC078533,80,3,387,16,,,,12.24,12.88,,0.20,,
79913,PGC079913,87,2,426,20,,,,13.08,13.65,,0.36,,
80764,PGC080764,57,5,321,19,,,,14.21,14.73,,0.17,,
82340,PGC082340,71,3,241,6,16.14,15.68,15.44,,,0.20,,15.41,0.22
82548,PGC082548,80,3,137,5,16.28,16.05,15.97,,,0.22,,15.97,0.22
82832,PGC082832,71,3,264,20,,,,14.98,15.50,,0.18,,
82885,PGC082885,74,3,340,20,,,,14.63,15.27,,0.17,,
82924,PGC082924,54,4,227,20,,,,13.87,14.33,,0.15,,
83327,PGC083327,77,3,154,25,16.24,15.82,15.61,,,0.22,,15.56,0.26
83354,PGC083354,47,6,163,5,16.10,15.71,15.40,,,0.18,,15.36,0.08
83420,PGC083420,70,3,378,19,15.50,14.73,14.32,,,0.15,,14.25,0.22
83427,PGC083427,81,3,209,18,16.66,16.47,16.34,16.70,17.40,0.13,0.18,16.34,0.22
83436,PGC083436,58,4,241,17,16.15,15.78,15.51,15.79,16.48,0.13,0.13,15.48,0.13
83474,ESO019-006,89,1,359,18,,,,12.80,13.49,,0.42,,
83545,PGC083545,52,4,153,23,16.61,16.21,16.01,,,0.18,,15.99,0.09
83548,PGC083548,77,3,140,5,17.07,16.73,16.60,,,0.17,,16.58,0.18
83568,PGC083568,80,3,114,5,15.66,15.23,15.01,,,0.19,,14.99,0.34
83575,PGC083575,68,4,165,9,15.69,15.45,15.30,15.88,16.61,0.18,0.20,15.29,0.16
83580,PGC083580,88,2,236,6,16.68,16.34,16.15,16.69,17.42,0.22,0.19,16.15,0.41
83761,PGC083761,52,4,126,18,15.94,15.65,15.41,15.93,16.33,0.17,0.19,15.42,0.10
84011,PGC084011,87,2,418,9,15.63,14.90,14.51,,,0.17,,14.46,0.74
84220,PGC084220,57,4,318,7,15.56,15.11,14.80,,,0.14,,14.76,0.16
84262,PGC84262,88,2,319,19,16.47,15.99,15.68,,,0.13,,15.64,0.81
84309,PGC084309,73,3,247,19,16.54,16.15,15.90,,,0.11,,15.88,0.29
84490,PGC084490,80,5,107,16,15.27,14.57,14.19,13.60,13.97,0.14,0.13,14.12,0.45
84496,PGC084496,59,4,44,6,16.26,15.82,15.55,,,0.11,,15.52,0.12
84619,PGC084619,59,4,111,19,16.40,15.88,15.59,,,0.12,,15.54,0.17
85295,PGC085295,64,4,228,10,16.30,15.84,15.61,,,0.16,,15.48,0.18
85302,PGC085302,68,4,199,6,15.96,15.64,15.48,,,0.21,,15.39,0.17
85332,PGC085332,72,3,154,5,15.91,15.65,15.50,,,0.15,,15.35,0.19
85357,PGC085357,74,4,367,19,15.95,15.19,14.79,,,0.12,,14.66,0.33
85406,PGC085406,72,4,246,7,16.07,15.66,15.44,,,0.13,,15.34,0.26
85429,PGC085429,89,2,107,6,16.64,16.55,15.67,,,0.39,,15.62,0.45
85483,PGC085483,80,3,130,12,16.04,15.72,15.59,,,0.14,,15.44,0.27
85500,PGC085500,85,2,173,9,16.22,15.87,15.69,,,0.11,,15.62,0.43
85512,PGC085512,63,4,234,13,16.25,15.75,15.48,15.82,16.40,0.16,0.18,15.40,0.17
85519,PGC085519,76,3,314,13,16.58,15.78,15.35,15.41,16.02,0.12,0.16,15.21,0.36
85534,PGC085534,53,4,372,26,16.67,16.20,15.97,,,0.06,,15.88,0.13
85551,PGC085551,81,3,338,13,16.34,15.54,15.07,14.56,14.87,0.14,0.15,14.93,0.46
85605,PGC085605,77,6,206,9,16.93,16.48,16.19,16.43,16.99,0.07,0.13,16.08,0.26
85607,PGC085607,90,3,388,6,16.25,15.37,14.88,14.78,15.34,0.13,0.16,14.69,0.98
85610,PGC085610,63,7,171,13,16.42,15.98,15.70,,,0.08,,15.59,0.20
85636,PGC085636,68,4,207,5,15.55,15.12,14.89,,,0.25,,14.81,0.18
85641,PGC085641,87,2,247,8,16.18,15.66,15.30,,,0.10,,15.15,0.71
85643,PGC085643,48,6,88,15,16.21,15.82,15.55,15.80,16.09,0.09,0.13,15.47,0.09
85694,PGC085694,66,5,356,18,15.71,14.91,14.44,,,0.14,,14.22,0.20
85753,PGC085753,85,3,85,8,16.48,15.85,15.40,,,0.28,,15.11,0.37
85775,PGC085775,78,3,289,15,15.60,14.90,14.48,,,0.12,,14.36,0.39
85811,PGC085811,64,4,203,5,16.01,15.57,15.29,,,0.12,,15.21,0.19
85886,PGC085886,60,4,283,5,15.68,15.02,14.66,,,0.12,,14.55,0.18
85903,PGC085903,63,4,265,16,15.91,15.46,15.13,,,0.14,,15.03,0.20
85905,PGC085905,87,2,275,5,16.11,15.55,15.23,,,0.17,,15.15,0.69
85920,PGC085920,77,3,305,14,16.62,16.00,15.62,,,0.12,,15.47,0.36
85936,PGC085936,87,2,354,17,16.30,15.35,14.83,,,0.19,,13.89,0.73
85943,PGC085943,88,2,389,18,,,,14.40,14.77,,0.19,,
85958,PGC085958,52,6,329,20,15.65,14.95,14.58,14.29,14.68,0.09,0.13,14.37,0.09
86045,PGC086045,89,1,405,20,,,,13.64,14.15,,0.20,,
86060,ESO429-006,54,4,97,20,,,,13.10,13.64,,0.33,,
86063,PGC086063,69,3,401,20,,,,12.66,12.51,,0.14,,
86069,PGC086069,88,2,454,17,,,,11.60,12.02,,0.58,,
86077,PGC086077,68,4,262,18,,,,13.02,13.50,,0.28,,
86086,PGC086086,73,7,424,16,,,,12.27,12.81,,0.29,,
86087,PGC086087,80,3,375,17,,,,13.42,13.79,,0.22,,
86266,PGC086266,65,4,233,8,,,,13.79,14.29,,0.17,,
86277,PGC086277,69,3,497,13,,,,12.85,13.41,,0.33,,
86282,PGC086282,80,3,228,10,,,,13.28,13.85,,0.24,,
86285,PGC086285,72,4,538,7,,,,10.28,10.81,,0.45,,
86287,PGC086287,71,3,324,10,,,,12.47,12.99,,0.24,,
86291,PGC086291,45,6,120,10,,,,11.02,11.56,,0.41,,
86292,PGC086292,78,3,569,18,15.29,13.89,13.03,12.07,12.68,0.56,0.59,11.96,0.32
86296,PGC086296,70,6,337,10,15.81,14.46,13.78,,,0.33,,12.82,0.26
86367,PGC086367,86,2,235,6,17.04,16.53,16.22,,,0.11,,16.19,0.53
86383,PGC086383,75,5,213,5,16.40,16.12,15.94,,,0.14,,15.94,0.25
86440,PGC086440,82,3,271,9,16.15,15.68,15.42,,,0.16,,15.38,0.44
86484,PGC086484,65,4,211,11,15.70,15.18,14.93,,,0.21,,14.77,0.20
86495,PGC086495,50,4,36,5,15.20,14.67,14.35,14.68,15.24,0.16,0.18,14.25,0.06
86515,PGC086515,83,4,198,5,16.64,16.23,16.06,,,0.17,,16.00,0.29
86518,PGC086518,62,4,169,5,15.44,14.94,14.68,,,0.22,,14.57,0.20
86554,PGC086554,84,3,232,14,16.38,15.91,15.64,,,0.23,,15.60,0.39
86620,PGC086620,51,4,150,5,15.83,15.45,15.22,,,0.25,,15.19,0.09
86621,PGC086621,75,3,306,21,15.37,14.84,14.52,,,0.19,,14.46,0.35
86633,PGC086633,90,2,285,5,15.84,15.06,14.64,,,0.19,,14.58,0.98
86638,PGC086638,71,4,198,5,16.34,15.96,15.79,,,0.24,,15.76,0.17
86644,PGC086644,71,3,19,5,15.93,15.67,15.54,,,0.32,,15.47,0.12
86647,PGC086647,89,1,205,10,16.72,16.34,16.11,,,0.22,,16.08,0.53
86651,PGC086651,89,1,377,5,15.88,15.10,14.69,,,0.19,,14.61,0.92
86687,PGC086687,86,2,227,5,15.49,14.95,14.65,,,0.22,,14.62,0.60
86688,PGC086688,83,3,154,5,15.52,15.11,14.89,,,0.20,,14.85,0.41
86786,PGC086786,51,4,165,5,15.99,15.34,15.01,,,0.09,,14.82,0.12
86788,PGC086788,51,4,36,5,16.08,15.78,15.59,,,0.20,,15.55,0.06
86790,PGC086790,80,3,135,37,16.19,15.66,15.36,,,0.19,,15.29,0.34
86799,PGC086799,66,4,287,12,16.66,16.19,15.92,,,0.15,,15.75,0.17
86801,PGC086801,79,3,167,9,,,,16.39,16.91,,0.19,,
86840,PGC086840,90,1,207,18,16.52,16.06,15.75,,,0.32,,15.66,0.53
86922,PGC086922,88,3,286,19,16.14,15.58,15.24,,,0.22,,15.20,0.82
86944,PGC086944,89,1,385,20,16.05,15.47,15.08,,,0.20,,15.04,0.89
87026,PGC087026,71,5,121,5,16.70,16.41,16.28,,,0.09,,16.25,0.16
87126,PGC087126,67,4,129,5,17.07,16.70,16.54,,,0.22,,16.52,0.10
87143,PGC087143,61,4,116,5,16.42,16.02,15.78,,,0.30,,15.62,0.08
87144,PGC087144,85,2,77,5,17.36,16.94,16.80,,,0.24,,16.59,0.29
87155,PGC087155,63,4,342,7,16.19,15.48,15.05,,,0.15,,14.94,0.20
87171,PGC087171,75,3,77,30,16.35,15.71,15.45,16.15,16.65,0.31,0.38,15.41,0.14
87178,PGC087178,64,4,236,6,16.08,15.56,15.27,,,0.19,,15.09,0.17
87179,PGC087179,64,4,205,6,16.23,15.77,15.53,,,0.20,,15.45,0.17
87182,PGC087182,55,4,142,9,16.88,16.53,16.32,,,0.23,,16.30,0.08
87184,PGC087184,83,3,105,5,16.97,16.62,16.30,,,0.35,,16.20,0.23
87188,PGC087188,52,4,155,5,16.26,15.91,15.64,,,0.15,,15.59,0.08
87189,PGC087189,62,4,118,5,16.78,16.44,16.34,,,0.24,,16.28,0.08
87204,PGC087204,69,3,110,5,16.15,15.73,15.41,,,0.32,,15.32,0.13
87206,PGC087206,69,4,98,11,17.56,17.21,16.93,,,0.22,,16.86,0.11
87208,PGC087208,54,4,124,5,17.08,16.69,16.41,,,0.19,,16.30,0.08
87227,PGC087227,61,4,164,5,17.00,16.66,16.45,,,0.21,,16.39,0.08
87253,PGC087253,72,3,162,7,17.55,17.17,16.81,,,0.18,,16.75,0.15
87257,PGC087257,81,3,86,5,16.99,16.84,16.78,,,0.24,,16.75,0.21
87263,PGC087263,52,4,197,6,16.17,15.73,15.32,,,0.21,,15.24,0.11
87268,PGC087268,90,1,277,5,16.93,16.26,15.89,,,0.18,,15.78,0.86
87302,PGC087302,62,4,138,8,16.73,16.45,16.40,,,0.20,,16.36,0.09
87305,PGC087305,58,5,181,5,16.58,16.14,15.96,,,0.21,,15.88,0.09
87310,PGC087310,76,5,28,5,17.16,16.87,16.86,,,0.18,,16.80,0.18
87316,PGC087316,74,3,118,5,16.52,16.40,15.95,,,0.35,,15.90,0.14
87832,PGC087832,51,4,77,17,,,,14.45,14.95,,0.16,,
88943,PGC088943,77,3,417,20,,,,13.35,13.82,,0.18,,
89014,PGC089014,86,2,376,13,,,,12.98,13.40,,0.24,,
89513,PGC089513,88,2,318,18,16.01,15.52,15.22,,,0.20,,15.14,0.78
89515,PGC089515,90,1,286,8,16.33,15.82,15.51,,,0.22,,15.44,0.77
89516,PGC089516,87,2,392,18,16.25,15.50,14.97,,,0.21,,14.86,0.72
89517,PGC089517,89,1,359,19,16.43,15.67,15.25,,,0.22,,15.15,0.92
89518,PGC089518,90,1,369,20,16.69,15.80,15.28,,,0.22,,15.09,0.98
89519,PGC089519,52,4,185,17,16.75,16.41,16.20,,,0.14,,16.18,0.09
89520,PGC089520,89,1,144,7,17.21,17.01,16.90,,,0.29,,16.84,0.39
89524,PGC089524,90,1,225,7,16.70,16.12,15.82,,,0.24,,15.63,0.68
89526,PGC089526,90,1,209,18,,,,15.95,16.06,,0.27,,
89527,PGC089527,50,4,176,10,16.06,15.29,14.78,,,0.21,,14.26,0.11
89531,PGC089531,52,4,301,15,15.78,15.10,14.69,,,0.20,,14.29,0.13
89560,PGC089560,67,4,185,10,16.75,16.23,16.01,,,0.16,,15.75,0.18
89565,PGC089565,66,6,124,5,16.56,16.31,16.12,,,0.12,,16.10,0.15
89642,PGC089642,80,3,129,5,16.73,16.36,16.18,,,0.20,,16.15,0.22
89681,PGC089681,87,2,86,5,15.86,15.50,15.31,,,0.23,,15.25,0.41
89685,PGC089685,85,2,247,5,16.44,16.00,15.78,,,0.16,,15.73,0.45
89694,PGC089694,87,2,258,36,16.49,16.41,16.24,,,0.19,,16.26,0.42
89704,PGC089704,56,5,189,8,16.04,15.60,15.38,,,0.21,,15.33,0.11
89733,PGC089733,60,4,161,5,16.37,16.08,15.94,,,0.18,,15.92,0.12
89826,PGC089826,89,1,349,19,,,,14.08,14.72,,0.19,,
89942,PGC089942,74,3,325,16,,,,11.64,12.21,,0.62,,
89947,PGC089947,76,3,222,17,,,,13.48,13.84,,0.17,,
89985,PGC089985,59,4,283,13,,,,10.89,11.21,,0.23,,
90015,PGC090015,83,3,107,20,,,,13.24,13.58,,0.15,,
90026,PGC090026,87,2,352,18,,,,13.53,13.93,,0.27,,
90034,PGC090034,76,3,286,15,15.32,14.00,13.30,,,0.22,,12.51,0.08
90039,PGC090039,81,3,299,13,,,,14.03,14.45,,0.13,,
90188,PGC090188,89,1,406,16,,,,11.54,12.05,,0.74,,
90253,PGC090253,85,2,412,20,15.96,15.21,14.83,,,0.15,,14.73,0.63
90374,PGC090374,65,4,276,14,,,,13.46,13.88,,0.16,,
90392,PGC090392,77,3,265,7,,,,12.59,13.00,,0.25,,
90402,PGC090402,50,4,269,7,16.10,14.15,13.12,,,0.60,,11.30,0.09
90415,PGC090415,86,2,375,5,,,,13.14,13.36,,0.15,,
90426,PGC090426,71,3,190,15,,,,13.94,14.25,,0.13,,
90431,PGC090431,58,4,191,20,16.16,15.24,14.69,13.70,14.04,0.09,0.10,14.47,0.16
90449,PGC090449,86,2,114,17,16.75,16.18,14.93,,,0.49,,14.87,0.34
90453,PGC090453,88,2,175,5,16.78,16.27,16.04,,,0.25,,15.96,0.44
90468,PGC090468,88,2,233,11,16.58,16.01,15.67,,,0.21,,15.56,0.64
90470,PGC090470,87,2,310,8,16.58,16.04,15.70,,,0.25,,15.63,0.56
90472,PGC090472,90,1,187,7,16.98,16.48,16.20,,,0.21,,16.00,0.51
90474,PGC090474,90,1,162,7,17.86,17.35,16.97,17.43,18.39,0.20,0.21,16.82,0.40
90484,PGC090484,89,1,270,20,16.16,15.44,15.03,,,0.27,,14.97,0.93
90485,PGC090485,87,2,312,20,16.90,16.42,16.02,16.12,16.66,0.19,0.20,15.87,0.52
90491,PGC090491,87,2,372,46,16.73,15.88,15.39,,,0.17,,15.30,0.74
90492,PGC090492,90,1,242,7,16.51,15.77,15.39,,,0.16,,15.22,0.97
90497,PGC090497,90,1,156,14,,,,16.46,16.80,,0.44,,
90501,PGC090501,89,2,285,20,17.19,16.54,16.12,15.72,16.22,0.14,0.24,16.05,0.66
90502,PGC090502,87,2,241,20,17.18,16.69,16.34,,,0.17,,16.24,0.51
90503,PGC090503,89,1,200,15,16.94,16.51,16.21,,,0.17,,16.18,0.48
90504,PGC090504,89,1,174,19,16.43,15.99,15.77,,,0.24,,15.73,0.55
90507,PGC090507,90,1,202,8,17.47,17.12,16.83,,,0.21,,16.76,0.45
90508,PGC090508,90,1,247,5,17.15,16.55,16.19,,,0.23,,16.08,0.63
90510,PGC090510,86,2,388,5,16.32,15.64,15.22,,,0.21,,15.12,0.62
90515,PGC090515,90,1,301,5,17.29,16.70,16.31,,,0.17,,16.17,0.72
90524,PGC090524,90,1,138,11,16.90,16.63,16.60,17.09,17.54,0.18,0.33,16.52,0.42
90533,PGC090533,89,1,460,16,16.50,15.83,15.40,,,0.24,,15.29,0.78
90540,PGC090540,89,1,116,15,16.65,16.32,16.13,,,0.32,,16.06,0.39
90541,PGC090541,90,1,146,5,16.92,16.49,16.23,,,0.27,,16.17,0.44
90542,PGC090542,90,1,273,20,16.93,16.37,15.88,,,0.26,,15.80,0.72
90544,PGC090544,88,2,116,11,16.16,15.64,15.32,,,0.28,,15.15,0.50
90551,PGC090551,90,1,191,16,16.35,15.92,15.70,,,0.30,,15.65,0.53
90553,PGC090553,90,1,148,5,15.83,15.50,15.30,,,0.40,,15.25,0.44
90557,PGC090557,89,1,217,17,16.23,15.77,15.48,,,0.27,,15.43,0.55
90562,PGC090562,90,1,184,5,15.86,15.37,15.09,,,0.45,,14.97,0.47
90564,PGC090564,90,1,197,18,16.74,16.19,15.88,16.21,16.63,0.27,0.36,15.80,0.43
90569,PGC090569,89,1,90,5,17.31,17.09,16.84,,,0.31,,16.72,0.39
90572,PGC090572,89,1,176,20,16.99,16.68,16.52,,,0.21,,16.46,0.43
90574,PGC090574,85,2,286,6,16.34,15.86,15.51,,,0.19,,15.43,0.51
90575,PGC090575,90,1,160,7,17.21,16.71,16.42,16.56,17.13,0.16,0.16,16.34,0.56
90578,PGC090578,90,1,183,16,,,,17.17,17.52,,0.20,,
90583,PGC090583,89,1,278,17,16.34,15.70,15.37,,,0.20,,15.30,0.87
90587,PGC090587,87,2,158,5,16.52,15.94,15.61,,,0.20,,15.49,0.52
90588,PGC090588,89,1,301,9,16.63,15.93,15.50,,,0.24,,15.34,0.82
90591,PGC090591,88,2,352,19,,,,15.20,15.61,,0.19,,
90592,PGC090592,90,1,226,17,,,,15.90,16.52,,0.21,,
90595,PGC090595,88,2,321,20,,,,15.09,15.48,,0.25,,
90598,PGC090598,90,1,209,17,,,,15.99,16.50,,0.25,,
90602,PGC090602,89,1,254,20,15.93,15.25,14.89,,,0.30,,14.83,0.90
90604,PGC090604,90,1,259,17,,,,16.17,16.81,,0.19,,
90607,PGC090607,90,1,175,5,17.48,16.69,16.33,,,0.27,,16.00,0.47
90608,PGC090608,90,1,191,16,16.02,15.57,15.32,,,0.32,,15.28,0.57
90609,PGC090609,90,1,162,6,,,,16.16,16.50,,0.30,,
90623,PGC090623,90,1,360,7,16.70,15.96,15.50,,,0.22,,15.24,0.94
90624,PGC090624,89,3,70,18,17.21,16.78,16.58,,,0.29,,16.54,0.39
90625,PGC090625,88,2,528,19,16.20,15.25,14.67,,,0.25,,14.33,0.80
90626,PGC090626,85,2,159,15,,,,15.26,15.96,,0.38,,
90627,PGC090627,90,1,124,17,,,,16.33,17.17,,0.14,,
90628,PGC090628,90,1,253,17,,,,15.99,16.44,,0.25,,
90630,PGC090630,89,1,251,5,16.23,15.62,15.26,,,0.24,,15.17,0.76
90632,PGC090632,89,1,188,16,,,,16.18,16.78,,0.18,,
90637,PGC090637,89,1,218,5,,,,16.10,16.61,,0.27,,
90638,PGC090638,90,1,396,12,,,,14.78,15.22,,0.20,,
90640,PGC090640,90,1,223,7,17.01,16.52,16.21,16.30,17.06,0.19,0.30,15.97,0.46
90644,PGC090644,89,1,215,10,16.71,16.04,15.71,,,0.27,,15.47,0.59
90645,PGC090645,88,2,196,15,16.92,16.39,16.10,,,0.25,,15.93,0.46
90648,PGC090648,87,2,361,16,16.71,15.84,15.47,,,0.24,,15.08,0.71
90649,PGC090649,89,1,118,7,16.62,16.14,15.88,,,0.22,,15.74,0.47
90653,PGC090653,85,2,244,5,,,,15.10,15.78,,0.21,,
90661,PGC090661,89,2,183,19,17.19,16.89,16.80,-100.00,18.15,0.13,-0.02,16.72,0.41
90668,PGC090668,88,2,210,18,,,,15.69,16.31,,0.20,,
90672,PGC090672,90,2,276,9,,,,14.57,15.05,,0.40,,
90673,PGC090673,90,2,312,20,,,,15.14,15.59,,0.23,,
90677,PGC090677,88,2,199,20,,,,17.78,18.61,,0.21,,
90679,PGC090679,90,1,182,18,16.93,16.59,16.39,,,0.23,,16.21,0.46
90680,PGC090680,90,1,563,20,,,,13.90,14.41,,0.24,,
90682,PGC090682,89,1,392,20,,,,14.43,14.97,,0.18,,
90683,PGC090683,90,1,216,14,,,,15.61,16.21,,0.38,,
90684,PGC090684,88,2,452,19,,,,14.15,14.68,,0.31,,
90685,PGC090685,90,1,240,18,,,,15.55,16.13,,0.25,,
90686,PGC090686,90,1,174,16,,,,15.60,16.15,,0.23,,
90687,PGC090687,87,2,438,19,,,,14.00,14.53,,0.22,,
90689,PGC090689,88,2,202,16,,,,16.23,16.82,,-0.02,,
90694,PGC090694,89,1,131,16,,,,15.10,15.97,,0.37,,
90695,PGC090695,88,2,269,18,17.40,16.30,15.75,,,0.22,,14.97,0.79
90697,PGC090697,89,1,210,16,,,,14.64,15.17,,0.30,,
90699,PGC090699,88,2,240,18,,,,14.70,15.26,,0.25,,
90701,PGC090701,88,2,195,18,,,,16.27,16.82,,0.25,,
90703,PGC090703,90,1,233,16,,,,15.10,15.64,,0.30,,
90711,PGC090711,90,1,219,18,,,,15.70,16.04,,0.28,,
90717,PGC090717,89,1,316,20,,,,15.30,15.89,,0.19,,
90722,PGC090722,89,1,342,20,,,,15.12,15.55,,0.17,,
90725,PGC090725,87,2,376,18,,,,14.29,15.06,,0.27,,
90726,PGC090726,89,1,356,19,16.58,15.77,15.29,,,0.20,,15.10,0.89
90737,PGC090737,90,1,235,16,,,,15.77,16.44,,0.26,,
90748,PGC090748,88,2,436,19,,,,13.45,13.95,,0.27,,
90751,PGC090751,89,1,188,16,,,,16.78,17.34,,0.19,,
90757,PGC090757,90,1,240,16,16.45,15.84,15.50,,,0.28,,15.34,0.75
90760,PGC090760,87,2,375,18,,,,14.08,14.60,,0.18,,
90761,PGC090761,89,1,337,18,,,,13.90,14.36,,0.19,,
90766,PGC090766,89,1,208,15,,,,16.54,17.16,,0.17,,
90769,PGC090769,89,1,190,18,,,,16.21,16.66,,0.25,,
90771,PGC090771,90,1,161,15,,,,16.28,16.87,,0.27,,
90775,PGC090775,88,2,239,18,,,,16.18,16.40,,0.18,,
90776,PGC090776,90,1,170,16,16.62,16.32,16.21,,,0.20,,16.11,0.47
90778,PGC090778,90,1,431,18,,,,13.97,14.42,,0.20,,
90783,PGC090783,87,2,188,5,16.60,16.19,15.96,,,0.21,,15.89,0.42
90787,PGC090787,89,1,245,5,16.95,16.59,16.37,,,0.16,,16.32,0.49
90789,PGC090789,89,1,356,5,16.22,15.46,14.99,,,0.25,,14.88,0.88
90795,PGC090795,84,3,205,18,16.98,16.51,16.30,,,0.15,,16.25,0.34
90796,PGC090796,87,2,348,20,16.08,15.34,14.90,,,0.22,,14.78,0.75
90800,PGC090800,90,1,509,20,16.33,15.44,14.88,,,0.22,,14.73,0.94
90801,PGC090801,90,1,140,11,16.60,16.16,15.97,,,0.23,,15.88,0.58
90803,PGC090803,90,1,215,17,16.31,15.82,15.51,,,0.22,,15.40,0.72
90806,PGC090806,88,2,204,18,16.79,16.34,16.05,,,0.23,,15.97,0.41
90807,PGC090807,90,1,150,5,17.34,17.02,16.87,,,0.24,,16.83,0.41
90808,PGC090808,89,1,162,16,16.12,15.60,15.06,,,0.44,,14.97,0.52
90811,PGC090811,89,1,190,17,16.64,16.11,15.85,,,0.24,,15.77,0.54
90815,PGC090815,89,1,163,5,16.50,16.08,15.82,16.67,17.44,0.22,0.27,15.79,0.40
90817,PGC090817,89,1,191,18,16.76,16.38,16.19,,,0.19,,16.12,0.45
90831,PGC090831,90,1,386,19,16.65,16.07,15.72,,,0.19,,15.63,0.94
90833,PGC090833,87,2,349,18,16.59,15.99,15.62,,,0.19,,15.53,0.68
90836,PGC090836,90,1,148,19,,,,16.45,17.14,,0.29,,
90844,PGC090844,88,2,227,18,15.94,15.16,14.68,13.07,13.81,0.30,0.81,14.58,0.77
90846,PGC090846,85,2,535,20,15.64,14.82,14.38,,,0.21,,14.27,0.62
90848,PGC090848,88,2,237,5,16.80,16.32,16.05,,,0.19,,15.98,0.57
90854,PGC090854,88,2,279,15,17.28,16.74,16.36,,,0.21,,16.29,0.43
90861,PGC090861,87,2,254,19,16.60,16.06,15.71,,,0.26,,15.65,0.53
90872,PGC090872,89,1,346,18,,,,14.00,14.64,,0.24,,
90874,PGC090874,86,2,470,20,16.35,15.76,15.35,,,0.20,,15.28,0.65
90884,PGC090884,90,1,318,19,16.89,16.32,15.63,,,0.23,,15.56,0.89
90895,PGC090895,89,1,275,14,16.49,15.79,15.44,,,0.26,,15.38,0.82
90900,PGC090900,88,2,196,5,17.16,16.68,16.41,,,0.16,,16.35,0.47
90903,PGC090903,89,1,222,19,16.91,16.45,16.18,,,0.18,,16.14,0.70
90904,PGC090904,88,2,359,13,16.82,16.20,15.82,,,0.16,,15.77,0.71
97067,PGC097067,59,4,266,18,,,,13.20,13.68,,0.20,,
90909,PGC090909,87,2,307,5,16.61,15.99,15.62,,,0.16,,15.57,0.66
90911,PGC090911,89,1,140,16,,,,17.17,17.42,,0.26,,
90916,PGC090916,89,1,242,19,17.34,16.74,16.40,,,0.14,,16.33,0.73
90923,PGC090923,88,2,219,19,17.01,16.49,16.14,,,0.20,,16.09,0.60
90927,PGC090927,89,1,224,20,,,,15.83,16.39,,0.25,,
90930,PGC090930,90,1,175,18,17.90,17.52,17.34,,,0.19,,17.31,0.41
90931,PGC090931,89,1,185,6,16.68,16.26,16.03,,,0.24,,15.97,0.50
90935,PGC090935,89,1,375,5,16.77,16.10,15.69,,,0.15,,15.64,0.87
90938,PGC090938,87,2,160,5,17.20,16.85,16.66,,,0.18,,16.62,0.34
90944,PGC090944,90,1,237,10,16.97,16.39,16.05,,,0.27,,15.98,0.60
90949,PGC090949,90,1,212,18,16.49,16.10,15.81,,,0.21,,15.79,0.74
90959,PGC090959,90,1,290,18,,,,14.52,15.20,,0.24,,
90968,PGC090968,88,2,217,5,16.52,16.02,15.75,,,0.21,,15.70,0.60
90970,PGC090970,88,2,200,19,16.46,16.00,15.80,,,0.19,,15.78,0.56
90971,PGC090971,90,1,154,6,17.11,16.80,16.60,,,0.27,,16.59,0.41
90972,PGC090972,90,1,383,19,16.38,15.75,15.39,,,0.23,,15.35,0.90
90973,PGC090973,88,2,112,16,16.59,16.26,16.11,,,0.20,,16.07,0.41
90975,PGC090975,88,2,79,16,17.82,17.68,17.51,,,0.14,,17.48,0.35
90978,PGC090978,87,2,219,5,17.01,16.67,16.49,,,0.16,,16.47,0.37
90979,PGC090979,89,2,102,15,,,,16.75,17.84,,0.35,,
90994,PGC090994,88,2,351,13,16.30,15.62,15.21,,,0.20,,15.16,0.79
91002,PGC091002,88,2,195,5,16.81,16.39,16.19,16.71,17.85,0.14,0.17,16.15,0.40
91005,PGC091005,87,2,275,11,16.53,15.97,15.66,,,0.18,,15.61,0.64
91009,PGC091009,89,1,244,19,17.27,16.74,16.40,,,0.14,,16.34,0.75
91012,PGC091012,88,2,145,5,16.72,16.36,16.17,16.86,17.65,0.22,0.23,16.12,0.35
91014,PGC091014,87,2,294,14,,,,14.27,14.76,,0.30,,
91015,PGC091015,89,1,309,19,16.13,15.43,15.02,,,0.21,,14.93,0.92
91017,PGC091017,88,2,178,16,,,,16.41,17.20,,0.22,,
91020,PGC091020,90,1,223,7,16.73,16.31,16.14,,,0.21,,16.12,0.56
91028,PGC091028,90,1,232,5,16.64,16.07,15.76,,,0.23,,15.69,0.65
91037,PGC091037,87,2,251,7,16.08,15.60,15.31,,,0.22,,15.26,0.61
91048,PGC091048,90,1,293,15,,,,14.49,15.10,,0.00,,
91059,PGC091059,88,2,305,14,,,,14.09,14.53,,0.20,,
91086,PGC091086,87,2,274,19,16.79,16.21,15.88,,,0.16,,15.83,0.65
91087,PGC091087,90,1,235,5,17.42,16.85,16.54,,,0.18,,16.44,0.56
91091,PGC091091,90,1,187,5,16.63,16.23,16.06,,,0.26,,16.02,0.47
91093,PGC091093,87,2,355,6,16.30,15.71,15.37,,,0.18,,15.32,0.69
91096,PGC091096,87,2,321,20,16.48,15.90,15.54,,,0.19,,15.50,0.68
91105,PGC091105,90,1,194,17,16.82,16.36,16.11,,,0.28,,16.09,0.52
91110,PGC091110,90,1,199,5,16.86,16.35,16.05,,,0.23,,16.01,0.61
91112,PGC091112,88,2,122,5,16.92,16.67,16.54,17.45,18.13,0.17,0.28,16.51,0.64
91130,PGC091130,89,1,206,20,17.13,16.57,16.31,,,0.17,,16.24,0.59
91133,PGC091133,90,1,446,7,16.48,15.77,15.35,,,0.23,,15.28,0.95
91134,PGC091134,89,1,332,5,16.39,15.68,15.25,,,0.25,,15.19,0.84
91139,PGC091139,89,1,196,15,,,,15.99,16.56,,0.24,,
91141,PGC091141,90,1,374,5,16.62,15.99,15.59,,,0.23,,15.50,0.86
91142,PGC091142,90,1,140,5,16.93,16.54,16.36,,,0.21,,16.31,0.47
91143,PGC091143,90,1,451,20,16.18,15.39,14.94,,,0.18,,14.88,0.97
91149,PGC091149,89,1,158,14,,,,16.67,17.34,,0.21,,
91151,PGC091151,90,1,264,16,,,,14.30,14.88,,0.22,,
91158,PGC091158,90,1,162,18,16.73,16.32,16.16,,,0.20,,16.14,0.54
91162,PGC091162,89,1,245,7,16.55,16.02,15.73,,,0.26,,15.69,0.56
91164,PGC091164,88,2,197,18,16.56,16.16,15.96,,,0.23,,15.92,0.57
91165,PGC091165,90,1,139,5,16.86,16.49,16.29,,,0.20,,16.26,0.44
91175,PGC091175,88,2,173,20,16.80,16.32,16.05,,,0.22,,16.01,0.53
91176,PGC091176,90,1,194,16,,,,16.18,17.01,,0.27,,
91181,PGC091181,88,2,128,20,16.31,15.82,15.60,16.43,16.93,0.21,0.27,15.57,0.36
91187,PGC091187,89,1,374,5,16.30,15.48,14.99,,,0.20,,14.90,0.89
91191,PGC091191,89,1,66,5,4.44,4.50,4.71,,,0.08,,4.68,0.00
91195,PGC091195,88,2,114,19,16.95,16.54,16.37,,,0.26,,16.34,0.37
91196,PGC091196,90,2,310,8,16.46,15.81,15.46,,,0.21,,15.41,0.88
91206,PGC091206,90,1,412,10,16.63,16.05,15.71,,,0.20,,15.66,0.86
91210,PGC091210,90,1,310,5,16.68,16.11,15.80,,,0.24,,15.77,0.70
91215,PGC091215,84,3,91,15,16.17,15.69,15.48,,,0.37,,15.44,0.29
91219,PGC091219,89,2,108,20,17.20,16.74,16.53,,,0.23,,16.48,0.40
91221,PGC091221,90,1,150,18,16.74,16.45,16.32,,,0.22,,16.31,0.44
91228,PGC091228,88,2,84,5,16.68,16.38,16.14,,,0.31,,16.12,0.35
91229,PGC091229,89,1,130,17,,,,15.70,16.32,,0.25,,
91242,PGC091242,89,1,153,20,16.55,16.19,16.00,,,0.26,,15.95,0.41
91251,PGC091251,90,1,248,5,16.78,16.20,15.91,15.86,16.42,0.20,0.19,15.87,0.67
91252,PGC091252,88,2,241,15,16.60,16.07,15.78,15.24,15.71,0.15,0.16,15.75,0.73
91258,PGC091258,87,2,124,17,,,,16.20,16.56,,0.26,,
91262,PGC091262,90,1,127,5,16.84,16.58,16.47,,,0.22,,16.45,0.41
91265,PGC091265,90,1,182,17,16.72,16.30,16.05,,,0.18,,16.03,0.67
91266,PGC091266,88,2,235,19,16.96,16.42,16.11,,,0.21,,16.06,0.58
91271,PGC091271,90,1,160,5,16.83,16.46,16.29,,,0.23,,16.28,0.45
91277,PGC091277,90,1,306,35,16.38,15.81,15.45,,,0.19,,15.39,0.90
91289,PGC091289,89,1,309,11,16.35,15.76,15.44,,,0.22,,15.40,0.80
91295,PGC091295,90,1,167,16,,,,16.17,16.41,,0.38,,
91299,PGC091299,89,1,102,5,16.37,15.99,15.83,,,0.32,,15.77,0.40
91307,PGC091307,90,1,290,5,16.59,16.10,15.80,,,0.24,,15.77,0.64
91315,PGC091315,90,1,286,5,16.04,15.47,15.14,,,0.20,,15.09,0.92
91321,PGC091321,90,1,208,5,16.49,16.14,15.96,,,0.20,,15.93,0.53
91333,PGC091333,88,2,201,7,16.56,16.16,15.94,,,0.20,,15.91,0.50
91337,PGC091337,89,1,129,5,17.33,16.92,16.76,,,0.19,,16.69,0.39
91346,PGC091346,90,1,331,7,16.31,15.63,15.25,,,0.22,,15.19,0.95
91349,PGC091349,88,2,257,17,16.46,15.81,15.45,,,0.18,,15.40,0.78
91350,PGC091350,86,2,300,20,,,,14.89,15.34,,0.22,,
91351,PGC091351,89,1,246,5,16.63,16.15,15.89,,,0.28,,15.84,0.56
91353,PGC091353,89,2,295,20,,,,14.69,15.27,,0.23,,
91358,PGC091358,89,1,345,13,,,,13.57,13.91,,0.20,,
91359,PGC091359,90,1,284,15,16.13,15.42,15.01,,,0.23,,14.97,0.95
91371,PGC091371,89,1,304,18,16.92,16.39,16.00,,,0.17,,15.85,0.68
91372,PGC091372,87,3,440,11,17.14,16.70,16.51,,,0.28,,16.45,0.31
91381,PGC091381,89,1,189,20,,,,15.39,15.85,,0.24,,
91382,PGC091382,89,1,254,5,16.40,15.95,15.71,,,0.17,,15.65,0.67
91386,PGC091386,90,1,124,16,,,,16.95,17.60,,0.22,,
91391,PGC091391,87,2,282,8,16.65,15.93,15.53,,,0.17,,15.48,0.65
91401,PGC091401,89,1,289,18,16.89,16.44,16.14,,,0.18,,16.09,0.65
91413,PGC091413,89,1,161,9,,,,16.18,16.68,,0.36,,
91414,PGC091414,87,2,251,17,16.04,15.49,15.18,,,0.20,,15.14,0.69
91416,PGC091416,90,1,234,11,17.06,16.58,16.34,,,0.20,,16.28,0.54
91420,PGC091420,89,2,250,18,16.71,16.29,16.06,16.47,17.08,0.20,0.24,16.04,0.47
91426,PGC091426,89,1,107,14,17.33,17.00,16.75,,,0.26,,16.73,0.40
91431,PGC091431,90,1,251,5,16.82,16.58,16.40,,,0.19,,16.40,0.47
91432,PGC091432,87,2,106,5,17.51,17.15,16.98,,,0.16,,16.90,0.31
91438,PGC091438,89,1,186,20,16.92,16.43,16.08,,,0.23,,16.04,0.57
91442,PGC091442,87,2,360,17,,,,13.47,14.02,,0.28,,
91443,PGC091443,84,3,327,8,16.73,16.32,16.05,,,0.16,,16.00,0.42
91449,PGC091449,90,1,215,17,16.56,16.38,16.32,,,0.19,,16.34,0.50
91455,PGC091455,90,1,337,19,16.92,16.32,15.94,,,0.17,,15.86,0.87
135115,PGC135115,80,3,228,18,,,,14.73,15.27,,0.17,,
91462,PGC091462,89,1,226,15,16.39,15.96,15.74,,,0.21,,15.72,0.49
91472,PGC091472,90,1,244,48,16.66,16.32,16.12,,,0.20,,16.09,0.51
91473,PGC091473,86,2,296,20,16.83,16.25,15.88,15.97,16.69,0.17,0.18,15.70,0.60
91487,PGC091487,90,1,235,6,17.29,16.66,16.28,,,0.18,,16.17,0.73
91488,PGC091488,89,1,231,18,16.87,16.36,16.07,,,0.23,,16.04,0.58
91489,PGC091489,89,1,423,17,16.29,15.54,15.09,,,0.21,,14.95,0.91
91491,PGC091491,90,1,163,16,17.15,16.76,16.56,,,0.20,,16.54,0.47
91492,PGC091492,84,3,435,10,16.45,15.58,15.12,,,0.12,,14.97,0.57
91495,PGC091495,88,2,133,17,17.46,17.00,16.74,,,0.24,,16.62,0.37
91500,PGC091500,87,2,215,15,16.32,16.01,15.52,,,0.33,,15.41,0.35
91505,PGC091505,90,2,154,17,17.33,16.94,16.77,,,0.18,,16.66,0.48
91510,PGC091510,89,1,278,5,16.51,15.88,15.50,,,0.22,,15.40,0.81
91513,PGC091513,89,1,375,8,16.55,15.75,15.29,14.95,15.47,0.15,0.23,15.17,0.82
91514,PGC091514,90,1,419,20,17.22,16.47,15.94,,,0.15,,15.81,0.98
91516,PGC091516,89,1,274,5,16.70,16.17,15.86,,,0.18,,15.78,0.70
91517,PGC091517,89,1,350,18,16.27,15.67,15.30,,,0.20,,15.20,0.90
91519,PGC091519,90,1,250,5,16.77,16.28,16.00,,,0.20,,15.92,0.64
91520,PGC091520,89,1,170,5,16.40,15.98,15.78,,,0.21,,15.65,0.57
91522,PGC091522,89,1,367,11,16.25,15.72,15.37,,,0.25,,15.29,0.80
91528,PGC091528,90,1,141,16,16.89,16.49,16.23,,,0.27,,16.19,0.44
91533,PGC091533,89,1,156,18,16.57,16.00,15.67,,,0.19,,15.64,0.77
91554,PGC091554,88,2,185,16,16.50,16.14,15.97,,,0.26,,15.93,0.39
91573,PGC091573,90,1,200,14,16.80,16.28,16.07,,,0.18,,16.00,0.67
91580,PGC091580,90,1,507,20,,,,14.00,14.56,,0.23,,
91582,PGC091582,87,2,275,20,,,,15.31,15.89,,0.18,,
91586,PGC091586,87,2,231,17,,,,15.43,16.11,,0.30,,
91594,PGC091594,90,1,230,18,,,,16.31,16.94,,0.21,,
91606,PGC091606,88,2,517,17,15.37,14.30,13.68,,,0.27,,13.34,0.69
91610,PGC091610,90,1,215,18,16.38,15.85,15.55,,,0.20,,15.48,0.75
91621,PGC091621,89,1,329,20,,,,14.20,14.54,,0.20,,
91630,PGC091630,88,2,175,16,,,,16.02,16.83,,0.29,,
91643,PGC091643,90,1,235,20,,,,15.68,16.05,,0.22,,
91648,PGC091648,90,1,191,17,,,,16.68,17.25,,0.17,,
91654,PGC091654,90,1,185,17,,,,17.06,17.44,,0.23,,
91656,PGC091656,84,3,206,12,,,,14.12,14.62,,0.28,,
91661,PGC091661,88,2,292,16,,,,15.22,15.84,,0.22,,
91662,PGC091662,88,2,442,20,16.19,15.39,14.93,,,0.23,,14.76,0.81
91666,PGC091666,86,2,204,16,,,,15.49,16.30,,0.36,,
91678,PGC091678,90,1,247,17,15.88,15.24,14.88,,,0.38,,14.78,0.75
91705,PGC091705,89,1,212,19,16.53,16.02,15.71,,,0.19,,15.56,0.73
91708,PGC091708,90,1,123,17,17.42,17.10,16.99,,,0.19,,16.91,0.40
91714,PGC091714,89,1,291,15,15.63,14.97,14.62,,,0.20,,14.54,0.90
91718,PGC091718,89,1,271,20,16.25,15.47,15.02,,,0.21,,14.80,0.90
91720,PGC091720,90,1,288,19,16.91,16.20,15.79,,,0.24,,15.65,0.78
91723,PGC091723,86,2,305,19,16.39,15.91,15.62,,,0.20,,15.54,0.57
91724,PGC091724,88,2,159,20,17.66,17.29,17.10,,,0.18,,17.04,0.38
91729,PGC091729,88,2,183,6,17.40,17.14,16.90,,,0.23,,16.82,0.36
91730,PGC091730,89,1,155,5,17.33,16.91,16.68,,,0.23,,16.57,0.41
91731,PGC091731,89,1,147,5,16.51,15.93,15.57,,,0.19,,15.44,0.68
91732,PGC091732,87,2,160,6,17.10,16.70,16.42,,,0.20,,16.24,0.34
91734,PGC091734,88,2,270,7,17.16,16.64,16.25,,,0.14,,16.13,0.66
91738,PGC091738,86,2,119,12,16.39,15.90,15.67,,,0.24,,15.48,0.42
91742,PGC091742,90,1,277,13,,,,13.88,14.38,,0.36,,
91747,PGC091747,90,1,230,20,16.50,15.99,15.62,15.83,16.47,0.24,0.33,15.49,0.54
91749,PGC091749,90,1,249,18,16.72,16.13,15.75,,,0.23,,15.59,0.82
91750,PGC091750,89,1,220,7,16.73,16.25,15.95,,,0.17,,15.80,0.60
91755,PGC091755,89,2,115,16,,,,15.04,15.82,,0.33,,
91759,PGC091759,87,2,298,5,17.53,16.83,16.47,,,0.17,,16.24,0.50
91766,PGC091766,88,2,344,5,16.60,15.76,15.26,,,0.19,,15.04,0.81
91767,PGC091767,87,2,462,19,16.18,15.35,14.87,,,0.19,,14.73,0.74
91768,PGC091768,90,1,167,19,17.93,17.40,17.06,,,0.15,,16.89,0.49
91769,PGC091769,87,2,257,5,17.04,16.39,15.96,,,0.17,,15.86,0.53
91771,PGC091771,88,2,398,8,15.90,14.98,14.43,,,0.24,,14.32,0.82
91772,PGC091772,90,1,323,5,17.18,16.36,15.92,,,0.17,,15.67,0.87
91775,PGC091775,89,1,277,17,16.27,15.81,15.50,,,0.25,,15.43,0.58
91776,PGC091776,90,1,209,18,17.41,16.81,16.48,,,0.20,,16.16,0.62
91777,PGC091777,88,2,211,13,,,,14.85,15.31,,0.24,,
91778,PGC091778,90,2,228,5,16.17,15.69,15.43,,,0.24,,15.34,0.67
91783,PGC091783,90,1,250,19,17.40,16.80,16.48,16.83,17.50,0.18,0.19,16.39,0.52
91785,PGC091785,89,1,218,5,17.64,16.76,16.20,,,0.16,,15.83,0.59
91787,PGC091787,88,2,186,19,17.17,16.59,16.25,,,0.19,,16.11,0.56
91789,PGC091789,88,2,265,5,16.90,16.24,15.81,,,0.22,,15.56,0.67
91792,PGC091792,88,2,541,5,16.30,15.53,15.00,,,0.28,,14.81,0.81
91798,PGC091798,88,2,327,19,16.85,16.12,15.68,,,0.23,,15.55,0.73
91799,PGC091799,90,1,366,19,16.24,15.45,15.01,,,0.25,,14.91,0.98
91800,PGC091800,88,2,125,16,16.78,16.31,16.14,,,0.30,,16.07,0.38
91802,PGC091802,87,2,292,5,16.34,15.78,15.44,,,0.23,,15.36,0.64
91809,PGC091809,88,2,210,42,17.00,16.09,15.59,,,0.23,,15.28,0.70
91811,PGC091811,88,2,282,17,17.05,16.44,16.08,,,0.20,,15.92,0.47
91812,PGC091812,85,2,318,18,16.66,15.88,15.43,14.97,15.46,0.19,0.19,15.03,0.60
91814,PGC091814,86,2,246,7,15.94,15.29,14.89,14.88,15.48,0.26,0.24,14.69,0.57
91817,PGC091817,88,2,309,5,16.40,15.70,15.28,,,0.23,,15.17,0.71
91819,PGC091819,85,2,221,14,16.60,16.02,15.67,,,0.23,,15.49,0.46
91820,PGC091820,88,2,203,18,17.03,16.42,16.11,,,0.23,,15.91,0.51
91822,PGC091822,88,2,361,5,16.46,15.69,15.24,14.69,15.26,0.27,0.23,15.10,0.76
91823,PGC091823,88,2,198,18,17.08,16.71,16.46,,,0.21,,16.37,0.40
91824,PGC091824,89,1,251,5,16.74,16.03,15.70,,,0.24,,15.51,0.60
91826,PGC091826,86,2,229,5,16.08,15.60,15.29,,,0.24,,15.21,0.51
91829,PGC091829,90,1,134,9,16.89,16.39,16.11,,,0.28,,15.96,0.46
91831,PGC091831,89,2,184,6,16.83,16.38,16.14,,,0.20,,16.10,0.52
91836,PGC091836,86,2,177,5,16.33,15.92,15.71,,,0.24,,15.65,0.38
91839,PGC091839,90,1,383,19,15.95,15.15,14.70,14.02,14.50,0.24,0.24,14.60,0.97
91878,PGC091878,89,1,169,17,,,,16.91,17.45,,0.25,,
92177,PGC092177,90,1,92,15,,,,17.82,18.20,,0.33,,
92253,PGC092253,87,2,467,16,,,,16.55,16.98,,0.19,,
92270,PGC092270,89,1,144,17,,,,15.87,16.34,,0.24,,
92378,PGC092378,90,2,179,17,,,,16.84,17.21,,0.27,,
92391,PGC092391,89,1,171,20,,,,17.10,17.81,,0.20,,
92481,PGC092481,89,1,398,20,,,,13.54,14.18,,0.24,,
92835,PGC092835,90,1,113,5,16.89,16.45,16.27,,,0.32,,16.13,0.41
92838,PGC092838,85,2,181,5,17.22,16.80,16.52,,,0.23,,16.41,0.30
92849,PGC092849,88,2,326,20,16.95,16.18,15.74,,,0.20,,15.59,0.77
92852,PGC092852,87,2,178,5,16.11,15.65,15.37,,,0.22,,15.22,0.51
92856,PGC092856,86,2,184,13,16.74,16.48,16.03,,,0.17,,15.93,0.46
92865,PGC092865,87,2,180,8,17.08,16.77,16.46,16.99,17.54,0.27,0.38,16.31,0.34
92870,PGC092870,85,2,413,17,,,,13.03,13.57,,0.23,,
92874,PGC092874,87,2,217,18,,,,15.66,16.31,,0.20,,
92888,PGC092888,86,2,204,5,17.23,16.96,16.82,,,0.15,,16.78,0.33
92894,PGC092894,90,1,176,18,17.97,17.60,17.41,,,0.19,,17.35,0.40
92896,PGC092896,87,2,188,19,17.41,17.04,16.85,,,0.14,,16.80,0.39
92903,PGC092903,86,2,240,54,16.74,16.14,15.78,,,0.14,,15.72,0.57
92905,PGC092905,85,2,179,19,16.73,16.33,16.11,,,0.19,,16.07,0.42
92910,PGC092910,86,2,84,9,16.48,16.07,15.85,,,0.29,,15.81,0.32
92915,PGC092915,88,2,54,5,16.96,16.56,16.39,,,0.35,,16.34,0.35
92918,PGC092918,90,1,220,5,16.41,15.82,15.50,,,0.16,,15.42,0.75
92931,PGC092931,88,2,417,20,16.31,15.54,15.09,,,0.23,,15.02,0.81
92945,PGC092945,90,2,157,6,17.06,16.72,16.51,17.12,17.68,0.20,0.22,16.49,0.41
92957,PGC092957,87,2,303,5,16.62,15.81,15.37,,,0.18,,15.29,0.66
92980,PGC092980,87,2,148,5,17.76,17.34,17.23,,,0.18,,17.19,0.31
92988,PGC092988,84,3,268,10,16.42,15.92,15.54,,,0.20,,15.47,0.48
93019,PGC093019,86,2,108,11,17.39,17.16,17.12,,,0.17,,16.92,0.28
93021,PGC093021,89,1,177,20,17.43,16.92,16.66,,,0.20,,16.45,0.48
93025,PGC093025,83,3,205,19,16.55,16.05,15.79,,,0.20,,15.67,0.37
93029,PGC093029,85,2,324,18,16.11,15.44,15.02,,,0.18,,14.92,0.62
93030,PGC093030,86,2,161,5,17.04,16.59,16.37,,,0.23,,16.30,0.31
93031,PGC093031,89,3,140,5,16.82,16.28,15.93,16.22,16.56,0.29,0.29,15.75,0.42
93038,PGC093038,87,2,266,20,17.07,16.78,16.57,,,0.19,,16.53,0.40
93043,PGC093043,90,1,213,19,17.75,17.32,17.09,,,0.16,,17.07,0.50
93047,PGC093047,87,2,251,46,16.02,15.28,14.85,14.27,14.78,0.18,0.20,14.79,0.71
93051,PGC093051,90,1,165,18,17.24,16.79,16.61,,,0.18,,16.52,0.47
93069,PGC093069,90,1,187,19,17.68,17.27,17.02,,,0.17,,16.99,0.47
93071,PGC093071,86,2,186,11,16.14,15.80,15.60,,,0.27,,15.56,0.38
93612,PGC093612,85,2,301,8,15.98,15.31,14.94,,,0.23,,14.89,0.57
93647,PGC093647,86,2,212,5,16.69,16.37,16.16,,,0.15,,16.14,0.44
93666,PGC093666,56,4,86,6,16.62,16.27,16.17,16.52,17.16,0.16,0.19,16.16,0.06
93726,PGC093726,58,6,170,5,15.78,15.49,15.29,,,0.25,,15.28,0.11
93841,PGC093841,55,4,48,6,15.93,15.54,15.26,,,0.19,,15.16,0.09
93845,PGC093845,79,3,164,5,16.34,15.99,15.64,,,0.24,,15.60,0.26
93846,PGC093846,80,3,279,5,15.84,15.18,14.76,,,0.18,,14.62,0.45
93851,PGC093851,70,3,208,5,15.67,15.22,14.96,,,0.15,,14.84,0.26
93854,PGC093854,58,4,135,9,16.02,15.59,15.33,15.90,16.45,0.17,0.21,15.28,0.10
96513,PGC096513,68,4,315,19,,,,13.24,13.78,,0.26,,
96538,PGC096538,86,5,382,18,,,,13.29,13.82,,0.19,,
96553,PGC096553,83,3,216,17,,,,13.38,13.80,,0.18,,
97017,PGC097017,88,2,410,17,,,,13.42,13.78,,0.21,,
97023,PGC097023,46,11,226,18,,,,13.12,13.64,,0.20,,
97032,PGC097032,69,3,286,20,,,,13.07,13.62,,0.32,,
97039,PGC097039,52,4,290,15,,,,13.24,13.78,,0.27,,
97062,PGC097062,79,3,238,20,,,,13.75,14.31,,0.19,,
97070,PGC097070,71,3,503,20,16.60,14.96,14.16,,,0.21,,12.88,0.15
97078,PGC097078,78,5,338,17,,,,13.00,13.54,,0.23,,
97081,PGC097081,52,4,209,12,,,,13.34,13.80,,0.27,,
97101,PGC097101,89,2,452,16,,,,12.63,13.16,,0.35,,
97104,PGC097104,89,1,301,17,,,,13.93,14.26,,0.17,,
97116,PGC097116,86,2,347,20,,,,13.55,14.01,,0.20,,
97136,PGC097136,85,2,286,7,,,,13.45,13.91,,0.19,,
97157,PGC097157,86,2,416,20,,,,13.17,13.57,,0.20,,
97166,PGC097166,67,4,305,17,,,,13.81,14.24,,0.17,,
97187,PGC097187,88,2,344,10,15.91,15.11,14.66,,,0.18,,14.48,0.81
97234,PGC097234,69,3,160,5,16.13,15.70,15.30,,,0.21,,15.25,0.19
97243,PGC097243,90,1,262,10,17.13,15.74,14.93,,,0.75,,13.49,0.75
97507,PGC097507,49,6,241,5,,,,14.23,14.67,,0.11,,
100135,PGC100135,84,3,239,18,16.29,15.57,15.16,15.06,15.70,0.13,0.16,15.03,0.53
100713,PGC100713,51,4,75,19,,,,14.38,15.11,,0.20,,
100760,PGC100760,88,2,262,18,,,,14.63,14.95,,0.11,,
100768,PGC100768,81,3,295,8,,,,13.32,13.74,,0.18,,
100776,PGC100776,50,4,306,38,15.59,14.92,14.52,,,0.09,,14.44,0.11
100777,PGC100777,80,3,411,11,15.60,14.66,14.18,,,0.15,,14.08,0.44
104341,PGC104341,49,6,168,20,,,,14.76,15.09,,0.12,,
130942,PGC130942,83,3,445,20,,,,14.97,15.54,,0.18,,
131863,PGC131863,61,5,252,18,,,,14.40,14.88,,0.15,,
131894,PGC131894,72,3,185,17,,,,15.72,16.24,,0.16,,
131983,PGC131983,76,3,157,17,,,,15.37,15.93,,0.18,,
132259,PGC132259,69,5,349,20,,,,14.03,14.68,,0.16,,
132326,PGC132326,73,3,303,20,,,,14.47,15.02,,0.18,,
132924,PGC132924,53,4,170,18,,,,15.23,15.72,,0.20,,
133022,PGC133022,57,4,171,20,,,,14.44,15.07,,0.19,,
133092,PGC133092,54,4,490,20,,,,14.03,14.50,,0.17,,
133270,PGC133270,52,4,278,20,,,,14.61,15.30,,0.18,,
133293,PGC133293,77,3,279,20,,,,14.46,15.03,,0.17,,
133360,PGC133360,77,3,242,18,,,,15.59,16.10,,0.17,,
133519,PGC133519,54,4,207,17,,,,14.65,15.21,,0.16,,
134276,PGC134276,51,4,249,20,,,,14.18,14.65,,0.17,,
134402,PGC134402,66,4,309,20,,,,14.49,15.08,,0.17,,
134416,PGC134416,61,4,132,17,,,,14.14,14.81,,0.20,,
134460,PGC134460,61,4,123,17,,,,14.85,15.49,,0.19,,
134516,PGC134516,73,3,323,20,,,,14.42,14.93,,0.20,,
134829,PGC134829,76,3,188,20,,,,15.08,15.53,,0.17,,
134842,PGC134842,51,4,333,20,,,,14.02,14.62,,0.18,,
135254,PGC135254,49,6,286,18,,,,14.14,14.66,,0.15,,
135639,PGC135639,74,3,54,5,16.89,16.51,16.30,,,0.24,,16.27,0.14
135671,PGC135671,51,4,120,18,,,,13.94,14.48,,0.22,,
135768,PGC135768,72,3,75,5,16.62,16.70,16.70,,,0.33,,16.65,0.15
135787,PGC135787,75,8,119,5,16.60,16.45,16.14,,,0.35,,16.08,0.14
135791,PGC135791,67,4,92,5,15.71,15.37,15.21,,,0.43,,15.18,0.10
135826,PGC135826,67,4,46,5,16.71,16.45,16.32,,,0.27,,16.28,0.10
135839,PGC135839,54,4,179,5,16.31,16.08,15.94,,,0.24,,15.92,0.08
135888,PGC135888,70,3,300,11,16.00,15.54,15.27,,,0.19,,15.20,0.24
135894,PGC135894,54,4,183,50,16.75,16.39,16.43,,,0.17,,16.43,0.07
136075,PGC136075,88,2,191,10,,,,14.52,15.03,,0.31,,
137994,PGC137994,83,3,280,19,16.46,15.01,14.11,12.80,13.32,0.34,0.29,12.50,0.45
138032,PGC138032,73,3,400,17,15.95,14.97,14.44,13.76,14.22,0.12,0.16,13.88,0.27
138277,PGC138277,52,4,200,17,15.26,14.59,14.27,14.18,14.63,0.08,0.12,14.15,0.12
138503,PGC138503,82,3,244,5,15.74,15.38,15.16,,,0.15,,15.03,0.45
138562,PGC138562,79,3,218,17,16.93,16.00,15.49,15.62,16.24,0.13,0.16,15.16,0.40
138730,PGC138730,79,3,273,14,14.53,13.82,13.40,,,0.20,,13.32,0.31
139277,PGC139277,73,3,270,5,15.64,15.13,14.87,,,0.14,,14.81,0.29
139334,PGC139334,48,6,230,19,16.01,15.43,15.13,15.32,15.94,0.16,0.19,15.07,0.10
139338,PGC139338,74,3,251,18,16.50,16.11,15.84,,,0.09,,15.78,0.31
139387,PGC139387,80,3,222,19,16.93,16.50,16.22,,,0.12,,16.18,0.41
139672,PGC139672,86,2,108,5,16.26,16.13,16.14,,,0.22,,16.12,0.29
140414,PGC140414,74,3,186,14,15.23,14.88,14.65,,,0.10,,14.61,0.33
140526,PGC140526,81,3,280,15,17.01,16.08,15.53,,,0.08,,15.41,0.45
140742,PGC140742,53,4,322,17,16.43,15.37,14.78,,,0.15,,14.03,0.12
140994,PGC140994,84,3,263,17,,,,13.97,14.36,,0.15,,
141018,PGC141018,81,3,230,20,16.05,15.26,14.80,,,0.12,,14.66,0.47
141060,PGC141060,53,4,89,5,16.76,16.28,16.02,,,0.21,,15.78,0.06
142502,PGC142502,76,3,338,19,,,,14.35,14.85,,0.16,,
142788,PGC142788,73,3,184,19,,,,15.70,16.33,,0.24,,
142789,PGC142789,73,3,73,9,,,,15.98,17.11,,0.20,,
142790,PGC142790,81,4,116,19,,,,16.79,17.46,,0.22,,
142791,PGC142791,62,4,360,19,,,,14.92,15.52,,0.17,,
142792,PGC142792,87,2,225,20,16.25,15.50,15.09,14.63,15.12,0.17,0.20,14.89,0.71
142794,PGC142794,71,3,144,20,16.66,16.04,15.70,15.67,16.16,0.14,0.18,15.35,0.24
142795,PGC142795,52,6,188,20,16.54,15.87,15.50,15.72,16.32,0.15,0.18,15.19,0.11
142797,PGC142797,88,2,238,18,,,,15.56,16.11,,0.15,,
142799,PGC142799,59,4,309,20,,,,13.55,14.15,,0.22,,
142801,PGC142801,57,4,211,20,15.67,15.02,14.60,14.70,15.23,0.21,0.20,14.33,0.15
142808,PGC142808,84,3,215,20,,,,16.99,17.65,,0.15,,
142810,PGC142810,66,4,254,18,,,,15.38,15.97,,0.19,,
142811,PGC142811,85,2,296,19,,,,15.53,16.04,,0.20,,
142813,PGC142813,88,2,244,19,17.15,16.43,16.12,,,0.15,,15.89,0.73
142815,PGC142815,85,2,292,26,,,,15.07,15.43,,0.14,,
142816,PGC142816,62,4,389,17,,,,13.74,14.32,,0.19,,
142818,PGC142818,90,1,393,17,,,,14.27,14.76,,0.18,,
142819,PGC142819,82,3,234,18,,,,15.68,16.13,,0.17,,
142820,PGC142820,84,3,190,13,16.27,15.70,15.39,15.75,16.14,0.20,0.25,15.30,0.38
142822,PGC142822,86,2,217,20,17.80,17.34,17.06,,,0.14,,17.04,0.44
142823,PGC142823,89,1,449,19,16.42,15.64,15.17,,,0.15,,15.11,0.89
142824,PGC142824,84,3,188,16,16.29,15.75,15.48,16.14,16.84,0.19,0.20,15.43,0.33
142825,PGC142825,80,3,201,17,16.28,15.84,15.58,15.89,16.38,0.12,0.18,15.54,0.31
142827,PGC142827,72,3,193,18,16.30,15.94,15.71,,,0.18,,15.69,0.26
142828,PGC142828,88,3,427,19,16.66,15.75,15.26,,,0.13,,15.17,0.80
142829,PGC142829,79,3,364,19,17.18,16.52,16.12,,,0.10,,16.05,0.41
142830,PGC142830,81,3,272,19,16.98,16.41,16.09,,,0.13,,16.02,0.44
142831,PGC142831,77,3,340,12,16.02,15.38,14.98,14.74,15.25,0.10,0.14,14.90,0.38
142832,PGC142832,82,3,312,18,16.03,15.59,15.25,15.28,15.69,0.18,0.18,15.18,0.47
142833,PGC142833,89,1,403,19,16.33,15.50,15.02,14.30,14.75,0.15,0.17,14.91,0.79
142834,PGC142834,80,3,229,18,16.93,16.48,16.14,16.13,16.84,0.11,0.13,16.08,0.41
142836,PGC142836,76,3,348,19,16.02,15.40,15.05,,,0.12,,14.98,0.36
142838,PGC142838,89,1,189,19,18.00,17.59,17.33,17.12,17.50,0.13,0.27,17.27,0.38
142839,PGC142839,87,2,236,18,16.89,16.48,16.22,16.55,17.13,0.13,0.14,16.17,0.44
142840,PGC142840,71,3,612,39,15.69,14.95,14.51,14.09,14.47,0.12,0.14,14.41,0.08
142841,PGC142841,78,3,449,20,16.03,15.35,14.93,14.54,15.02,0.13,0.16,14.84,0.36
142843,PGC142843,56,4,211,18,16.59,16.15,15.86,,,0.10,,15.81,0.15
142844,PGC142844,90,1,271,19,17.68,17.16,16.84,17.12,17.72,0.16,0.16,16.77,0.47
142846,PGC142846,89,1,178,19,17.56,17.16,16.97,17.40,18.00,0.16,0.18,16.92,0.39
142849,PGC142849,85,2,259,5,16.05,15.51,15.21,,,0.13,,15.15,0.59
142850,PGC142850,62,4,192,18,15.87,15.11,14.68,,,0.17,,14.60,0.20
142851,PGC142851,65,4,167,18,16.43,16.14,15.98,,,0.17,,15.94,0.14
142852,PGC142852,63,4,373,20,15.96,15.36,15.02,,,0.16,,14.93,0.19
142853,PGC142853,86,2,294,19,17.15,16.57,16.27,,,0.14,,16.20,0.59
142854,PGC142854,77,3,131,18,16.73,16.37,16.23,,,0.16,,16.18,0.20
143014,PGC143014,86,2,563,20,,,,12.62,13.10,,0.31,,
143035,PGC143035,70,3,374,11,15.16,14.19,13.64,,,0.26,,13.04,0.23
143041,PGC143041,85,2,440,17,,,,13.28,13.82,,0.28,,
143061,PGC143061,80,3,343,19,,,,14.25,14.76,,0.23,,
143099,PGC143099,78,3,170,16,,,,15.03,15.56,,0.13,,
143682,PGC143682,82,3,266,19,16.11,15.33,14.95,14.81,15.38,0.09,0.13,14.88,0.51
146216,PGC146216,54,4,163,20,,,,14.69,15.07,,0.16,,
146460,PGC146460,75,3,367,17,,,,13.53,14.14,,0.22,,
146778,PGC146778,82,3,284,18,16.20,15.44,15.01,,,0.15,,14.86,0.51
147057,PGC147057,82,3,211,20,16.36,15.54,15.11,15.07,15.66,0.14,0.17,14.88,0.40
147258,PGC147258,80,3,415,15,,,,13.57,14.16,,0.31,,
147332,PGC147332,58,5,285,20,16.00,15.37,14.87,15.06,15.63,0.13,0.15,14.62,0.16
147737,PGC147737,82,3,440,19,,,,13.07,13.57,,0.24,,
147965,PGC147965,59,5,315,18,,,,13.69,14.23,,0.18,,
148061,PGC148061,89,1,501,16,,,,12.82,13.40,,0.29,,
148081,PGC148081,87,6,118,8,,,,12.96,13.54,,0.32,,
148184,PGC148184,86,2,444,18,,,,13.26,13.70,,0.17,,
151574,PGC151574,55,4,299,19,14.95,14.15,13.70,,,0.23,,13.39,0.13
153570,PGC153570,55,4,435,20,,,,13.77,14.23,,0.22,,
155002,PGC155002,69,4,315,20,,,,14.62,15.11,,0.18,,
155138,PGC155138,86,2,231,15,,,,14.74,15.30,,0.18,,
155511,PGC155511,74,4,209,20,,,,15.56,16.29,,0.18,,
156695,PGC156695,56,4,448,17,15.20,14.47,14.05,14.14,14.86,0.13,0.17,13.96,0.15
156999,PGC156999,58,4,214,17,,,,15.38,15.96,,0.18,,
157639,PGC157639,65,4,209,19,,,,14.98,15.59,,0.17,,
157753,PGC157753,79,3,295,20,,,,13.93,14.44,,0.19,,
159774,PGC159774,86,2,269,11,15.93,15.77,15.67,,,0.13,,15.65,0.45
163443,PGC163443,50,4,186,18,16.05,15.25,14.79,,,0.15,,14.54,0.11
165127,PGC165127,86,3,414,20,15.72,14.96,14.52,,,0.10,,14.42,0.54
165232,PGC165232,74,3,371,6,16.07,15.58,15.27,,,0.11,,15.23,0.32
165310,PGC165310,80,3,282,5,15.77,14.81,14.31,,,0.12,,14.18,0.42
165319,PGC165319,76,4,197,18,,,,14.02,14.43,,0.15,,
165356,PGC165356,66,4,264,15,,,,12.40,12.81,,0.45,,
165366,PGC165366,86,2,235,10,,,,12.29,12.76,,0.70,,
165376,PGC165376,57,4,284,17,15.79,14.90,14.41,,,0.14,,13.65,0.14
165397,PGC165397,56,4,329,20,15.77,14.94,14.53,,,0.11,,14.09,0.13
165638,PGC165638,47,6,72,20,,,,13.91,14.34,,0.17,,
165686,PGC165686,71,3,244,6,15.18,14.40,14.00,,,0.11,,13.88,0.28
165788,PGC165788,70,3,348,11,15.68,14.49,13.89,,,0.33,,13.01,0.25
165827,PGC165827,78,4,321,20,,,,13.89,14.32,,0.15,,
165843,PGC165843,80,3,528,19,,,,12.30,12.81,,0.24,,
165902,PGC165902,65,4,32,10,15.82,15.06,14.58,,,0.08,,14.34,0.14
165921,PGC165921,58,4,293,8,,,,12.82,13.35,,0.17,,
166094,PGC166094,65,4,86,5,16.95,16.46,16.19,,,0.27,,16.13,0.11
166105,PGC166105,84,3,94,5,16.64,16.33,16.16,,,0.36,,16.13,0.25
166109,PGC166109,84,3,110,8,16.54,16.10,15.92,,,0.39,,15.89,0.26
166122,PGC166122,86,6,87,7,16.92,16.59,16.43,,,0.37,,16.36,0.29
166150,PGC166150,57,4,75,5,16.62,16.26,16.10,,,0.21,,16.03,0.07
166411,PGC166411,63,4,115,11,14.36,13.52,13.05,,,0.73,,12.44,0.19
166431,PGC166431,72,3,307,20,,,,12.94,13.27,,0.18,,
166445,PGC166445,83,3,93,7,,,,12.79,13.12,,0.21,,
166470,PGC166470,74,3,350,15,,,,11.76,12.31,,0.54,,
166472,PGC166472,71,3,234,8,,,,13.82,14.28,,0.21,,
166473,PGC166473,77,3,347,14,,,,13.35,13.80,,0.18,,
166484,PGC166484,62,4,328,19,17.71,15.87,14.91,,,0.25,,12.54,0.10
166553,PGC166553,56,4,351,19,,,,13.12,13.64,,0.21,,
166559,PGC166559,89,1,282,7,,,,14.09,14.64,,0.20,,
166617,PGC166617,89,1,501,19,,,,13.27,13.72,,0.22,,
166628,PGC166628,45,6,83,7,,,,13.73,14.22,,0.18,,
166660,PGC166660,73,3,341,20,,,,13.69,14.14,,0.18,,
166705,PGC166705,69,3,293,17,,,,13.90,14.39,,0.19,,
166717,PGC166717,87,2,360,19,,,,14.09,14.48,,0.16,,
166736,PGC166736,53,4,275,18,,,,15.19,15.62,,0.15,,
166755,PGC166755,51,4,275,15,,,,12.24,12.85,,0.59,,
166758,PGC166758,62,4,396,10,15.41,13.98,13.28,,,0.37,,12.06,0.13
166769,PGC166769,76,3,373,9,,,,12.21,12.66,,0.22,,
166785,PGC166785,87,2,316,14,,,,13.99,14.45,,0.24,,
168835,PGC168835,78,3,353,17,,,,12.82,13.39,,0.37,,
168922,PGC168922,86,2,587,20,,,,13.15,13.64,,0.23,,
169661,PGC169661,61,4,165,17,16.85,16.45,16.24,16.58,16.94,0.07,0.10,16.17,0.12
169662,PGC169662,88,2,371,5,15.80,15.17,14.81,14.83,15.38,0.10,0.19,14.70,0.76
169737,PGC169737,86,2,124,7,17.75,17.54,17.46,17.67,18.15,0.12,0.19,17.47,0.36
169788,PGC169788,62,4,171,5,16.26,15.90,15.69,,,0.14,,15.63,0.15
169789,PGC169789,81,3,179,5,16.65,16.35,16.16,,,0.17,,16.10,0.23
169896,PGC169896,88,3,314,5,15.46,14.78,14.36,14.21,14.81,0.36,0.19,14.32,0.79
169942,PGC169942,84,3,196,17,16.51,15.82,15.43,,,0.18,,15.19,0.51
880334,PGC880334,56,4,147,20,,,,14.33,14.93,,0.14,,
169954,PGC169954,63,4,70,6,15.86,15.55,15.38,,,0.10,,15.33,0.16
169957,PGC169957,64,4,32,5,17.98,17.34,17.37,,,0.16,,17.19,0.11
169959,PGC169959,65,4,138,5,16.60,16.15,15.88,,,0.20,,15.68,0.13
169964,PGC169964,80,3,245,6,15.89,15.38,15.14,,,0.22,,14.94,0.39
169989,PGC169989,81,3,338,19,14.94,14.12,13.65,13.71,14.37,0.16,0.21,13.55,0.47
170023,PGC170023,52,4,290,19,14.94,14.28,13.91,14.02,14.67,0.18,0.20,13.86,0.13
170032,PGC170032,52,4,210,19,14.29,13.77,13.50,,,0.19,,13.44,0.11
170044,PGC170044,73,3,359,20,15.08,14.49,14.16,,,0.14,,14.02,0.30
170057,PGC170057,65,4,291,18,14.50,13.90,13.56,,,0.20,,13.40,0.22
170060,PGC170060,75,3,349,20,,,,13.66,14.20,,0.18,,
170067,PGC170067,52,4,178,17,,,,14.95,15.54,,0.20,,
170102,PGC170102,82,3,268,18,,,,14.28,14.86,,0.19,,
170118,PGC170118,49,6,221,18,,,,14.20,14.88,,0.18,,
170133,PGC170133,52,4,206,17,15.32,14.79,14.49,14.81,15.44,0.15,0.18,14.40,0.12
170138,PGC170138,77,3,193,19,14.66,13.86,13.41,13.51,14.18,0.12,0.17,13.31,0.38
170155,PGC170155,76,3,398,20,14.95,14.20,13.79,13.71,14.33,0.17,0.19,13.70,0.35
170309,PGC170309,64,5,307,17,15.13,14.72,14.47,,,0.25,,14.41,0.19
170332,PGC170332,67,6,348,19,,,,13.93,14.39,,0.18,,
170345,PGC170345,58,4,208,18,15.11,14.69,14.42,14.57,15.11,0.17,0.19,14.24,0.16
170380,PGC170380,62,4,332,18,,,,14.15,14.76,,0.15,,
170401,PGC170401,71,4,102,20,15.00,14.32,13.92,13.84,14.34,0.14,0.16,13.82,0.27
170423,PGC170423,57,5,282,18,,,,14.17,14.66,,0.19,,
170435,PGC170435,46,6,90,17,,,,14.71,15.31,,0.16,,
176674,PGC176674,72,3,115,10,,,,14.89,15.43,,0.10,,
184619,PGC184619,57,8,118,18,,,,13.70,14.35,,0.20,,
184993,PGC184993,64,4,258,10,,,,14.53,15.17,,0.17,,
185134,PGC185134,86,2,418,18,,,,13.43,13.80,,0.18,,
187068,PGC187068,82,3,284,20,,,,13.65,14.18,,0.00,,
187823,PGC187823,74,3,359,20,,,,14.94,15.42,,0.15,,
194349,PGC194349,65,5,294,52,16.30,15.79,15.47,,,0.09,,15.31,0.21
197699,PGC197699,74,3,186,32,15.59,14.92,14.53,14.37,14.86,0.19,0.19,14.38,0.32
200155,PGC200155,80,3,134,20,16.58,15.74,15.30,15.08,15.63,0.11,0.15,15.20,0.42
200158,PGC200158,73,3,261,9,15.85,15.15,14.78,14.77,15.21,0.18,0.20,14.62,0.29
201203,PGC201203,90,1,425,14,,,,13.34,13.84,,0.36,,
212512,PGC212512,57,4,60,12,16.30,16.00,15.81,,,0.16,,15.80,0.08
212675,PGC212675,89,1,264,19,17.73,17.19,16.88,,,0.11,,16.79,0.69
212688,PGC212688,67,4,182,6,16.65,16.36,16.19,,,0.13,,16.15,0.15
891367,PGC891367,89,1,353,20,,,,14.46,14.89,,0.17,,
212696,PGC212696,83,3,175,18,17.26,16.74,16.45,,,0.17,,16.39,0.34
212828,PGC212828,84,3,177,20,17.37,16.74,16.39,,,0.13,,16.21,0.50
212849,PGC212849,76,3,151,5,16.59,16.08,15.68,,,0.10,,15.52,0.28
212860,PGC212860,78,3,139,10,16.79,16.45,16.24,,,0.14,,16.15,0.23
212999,PGC212999,70,3,247,14,15.75,15.11,14.72,,,0.15,,14.53,0.28
213027,PGC213027,89,1,256,17,,,,14.50,15.08,,0.17,,
213063,PGC213063,65,5,439,20,,,,14.47,15.12,,0.19,,
213532,PGC213532,81,3,150,5,16.82,16.50,16.30,,,0.17,,16.25,0.22
213590,PGC213590,76,3,90,5,16.81,16.58,16.39,,,0.23,,16.34,0.16
213593,PGC213593,58,4,81,7,16.47,16.13,15.85,,,0.23,,15.80,0.10
213663,PGC213663,78,3,161,7,16.21,15.89,15.77,,,0.28,,15.71,0.18
213670,PGC213670,66,4,192,5,16.98,16.75,16.62,,,0.13,,16.60,0.13
213686,PGC213686,79,3,245,6,15.80,15.32,15.04,,,0.20,,15.00,0.36
213770,PGC213770,70,3,17,5,16.42,16.08,15.79,,,0.20,,15.76,0.13
213804,PGC213804,83,5,452,6,16.29,15.57,15.12,,,0.11,,15.00,0.54
213850,PGC213850,79,3,190,9,16.31,15.83,15.55,,,0.12,,15.51,0.36
213995,PGC213995,77,6,38,5,17.63,17.43,17.44,18.09,18.80,0.14,0.14,17.41,0.38
214114,PGC214114,71,4,120,40,16.47,16.24,16.19,,,0.12,,16.20,0.14
214116,PGC214116,79,3,91,7,16.39,15.90,15.57,,,0.13,,15.54,0.28
214272,PGC214272,74,3,140,5,16.29,15.98,15.76,,,0.19,,15.73,0.21
214284,PGC214284,76,3,255,8,16.05,15.59,15.29,,,0.20,,15.23,0.30
214765,PGC214765,64,4,150,19,16.73,16.25,15.97,,,0.19,,15.80,0.15
214808,PGC214808,52,4,420,12,16.77,16.39,16.17,,,0.12,,16.09,0.10
214810,PGC214810,59,4,226,19,16.15,15.60,15.29,,,0.12,,15.11,0.17
214823,PGC214823,68,4,305,20,15.86,15.09,14.69,,,0.17,,14.46,0.24
214873,PGC214873,87,2,349,12,,,,14.33,14.93,,0.21,,
214939,PGC214939,89,2,173,18,16.80,16.22,15.90,,,0.19,,15.76,0.75
227641,PGC227641,87,4,87,17,,,,13.28,13.93,,0.19,,
467487,PGC467487,88,2,490,20,,,,12.80,13.38,,0.20,,
677803,PGC677803,70,3,153,20,,,,14.73,15.28,,0.17,,
687389,PGC687389,66,7,171,20,,,,14.77,15.33,,0.17,,
728536,PGC728536,75,3,99,16,,,,15.02,15.67,,0.21,,
732726,PGC732726,61,4,124,18,,,,16.34,17.14,,0.20,,
742765,PGC742765,79,3,177,17,,,,15.24,15.87,,0.26,,
803071,PGC803071,52,4,232,20,,,,14.71,15.38,,0.19,,
828420,PGC828420,85,2,248,17,,,,15.45,16.24,,0.21,,
843793,PGC843793,52,4,85,18,,,,14.48,14.76,,0.15,,
879902,PGC879902,82,3,343,17,,,,13.23,13.70,,0.25,,
906205,PGC906205,79,3,297,10,,,,13.95,14.37,,0.18,,
913773,PGC913773,79,3,201,18,,,,14.34,14.88,,0.35,,
922844,PGC922844,73,8,265,18,,,,14.82,15.45,,0.25,,
926418,PGC926418,74,3,388,14,,,,12.97,13.57,,0.33,,
941793,PGC941793,52,4,250,18,,,,14.51,15.06,,0.21,,
943944,PGC943944,89,1,296,17,,,,13.69,14.24,,0.28,,
951794,PGC951794,90,1,280,9,,,,13.76,14.30,,0.27,,
971141,PGC971141,77,3,96,16,,,,16.62,17.65,,0.38,,
975198,PGC975198,81,3,364,17,,,,13.54,14.10,,0.25,,
982735,PGC982735,53,5,219,18,,,,14.96,15.56,,0.17,,
992009,PGC992009,89,1,424,19,,,,13.15,13.67,,0.27,,
1015682,PGC1015682,83,3,397,18,,,,13.56,14.12,,0.19,,
1016275,PGC1016275,87,2,242,20,,,,14.94,15.51,,0.27,,
1028254,PGC1028254,69,4,271,16,15.37,14.71,14.30,,,0.31,,13.64,0.25
1035502,PGC1035502,87,2,238,18,16.01,15.54,15.25,,,0.19,,15.18,0.66
1045062,PGC1045062,82,3,217,17,,,,13.19,13.56,,0.21,,
1053505,PGC1053505,55,4,292,17,15.49,14.88,14.34,14.33,14.92,0.18,0.20,14.17,0.14
1056132,PGC1056132,83,6,189,18,15.40,14.66,14.22,14.35,14.92,0.08,0.13,14.14,0.53
1058339,PGC1058339,75,3,373,18,,,,13.72,14.24,,0.18,,
1058498,PGC1058498,54,4,284,17,,,,14.47,15.13,,0.23,,
1059326,PGC1059326,83,3,199,20,,,,15.16,15.83,,0.27,,
1063395,PGC1063394,75,4,318,17,,,,14.36,14.92,,0.21,,
1073987,PGC1073987,58,4,228,20,15.44,14.57,14.12,14.09,14.73,0.17,0.20,14.02,0.17
1076468,PGC1076468,89,3,192,15,14.71,13.85,13.39,,,0.13,,13.15,0.75
1078188,PGC1078188,87,2,161,20,15.54,15.12,14.91,,,0.24,,14.83,0.56
1103224,PGC1103224,78,3,314,20,,,,14.38,14.96,,0.17,,
1106338,PGC1106338,73,3,360,20,,,,13.90,14.43,,0.18,,
1116432,PGC1116432,66,6,383,20,16.13,15.22,14.83,14.73,15.53,0.08,0.11,14.71,0.21
1129847,PGC1129847,52,4,233,20,15.91,15.08,14.59,14.78,15.49,0.17,0.17,14.36,0.12
1150986,PGC1150986,56,5,129,5,16.71,16.48,16.27,,,0.20,,16.24,0.07
1151160,PGC1151160,82,3,104,5,17.42,17.09,16.96,,,0.15,,16.89,0.22
1151996,PGC1151996,59,5,247,5,15.62,15.35,14.93,,,0.15,,14.91,0.17
1153558,PGC1153558,78,3,188,5,16.88,16.44,16.14,,,0.14,,15.93,0.25
1153672,PGC1153672,77,3,160,9,17.05,16.71,16.52,,,0.22,,16.48,0.17
1153756,PGC1153756,46,6,145,9,16.58,16.19,15.94,,,0.13,,15.92,0.07
1153797,PGC1153797,88,2,244,17,16.51,16.09,15.86,,,0.15,,15.83,0.59
1154022,PGC1154022,87,2,80,5,16.09,15.80,15.67,,,0.28,,15.62,0.31
1154025,PGC1154025,61,4,267,6,16.00,15.52,15.23,,,0.11,,15.19,0.18
1154069,PGC1154069,48,6,154,5,17.72,17.39,17.09,,,0.11,,17.02,0.05
1154760,PGC1154760,90,1,422,5,17.16,16.44,16.03,,,0.15,,15.96,0.88
1156115,PGC1156115,84,3,185,22,17.05,16.57,16.32,,,0.15,,16.10,0.37
1156203,PGC1156203,89,1,270,8,16.12,15.32,14.88,,,0.15,,14.79,0.91
1156494,PGC1156494,89,1,276,5,16.60,15.91,15.42,,,0.23,,15.28,0.77
1157623,PGC1157623,76,3,247,8,16.41,15.87,15.55,,,0.17,,15.49,0.30
1159724,PGC1159724,87,2,264,10,16.14,15.70,15.45,,,0.19,,15.38,0.56
1166532,PGC1166532,83,3,214,18,15.74,15.20,14.92,,,0.16,,14.87,0.52
1167440,PGC1167440,57,4,145,6,16.39,16.06,15.87,,,0.15,,15.79,0.11
1168774,PGC1168774,82,3,400,47,16.06,15.45,15.05,,,0.13,,14.96,0.50
1169851,PGC1169851,86,3,92,12,16.93,16.50,16.30,,,0.14,,16.22,0.33
1173723,PGC1173723,86,2,208,7,16.34,15.84,15.49,,,0.25,,15.42,0.49
1174982,PGC1174982,81,3,296,9,16.39,16.00,15.65,,,0.20,,15.61,0.33
1175116,PGC1175116,66,4,22,12,17.00,16.75,16.53,,,0.10,,16.57,0.10
1177602,PGC1177602,87,2,133,5,16.21,15.77,15.52,,,0.26,,15.44,0.48
1177883,PGC1177883,74,3,85,36,17.74,17.62,17.54,,,0.08,,17.54,0.14
1179309,PGC1179309,52,6,132,8,16.77,16.54,16.43,,,0.10,,16.40,0.07
1179805,PGC1179805,69,3,132,6,16.88,16.46,16.34,,,0.22,,16.18,0.12
1180028,PGC1180028,63,4,251,5,15.99,15.49,15.16,,,0.12,,15.06,0.20
1180309,PGC1180309,81,3,230,10,16.75,16.26,15.97,,,0.19,,15.82,0.31
1180802,PGC1180802,63,4,76,6,15.60,15.18,15.02,,,0.22,,14.93,0.14
1180903,PGC1180903,79,5,121,5,16.70,16.36,16.20,,,0.19,,16.16,0.20
1181973,PGC1181973,71,3,301,19,15.91,15.14,14.71,14.41,14.93,0.10,0.13,14.60,0.29
1186594,PGC1186594,74,7,186,6,16.57,16.19,15.76,,,0.15,,15.68,0.26
1187191,PGC1187191,83,3,27,5,17.16,16.74,16.57,,,0.23,,16.53,0.23
1189082,PGC1189082,82,3,225,7,16.93,16.57,16.36,,,0.10,,16.30,0.29
1189777,PGC1189777,77,3,124,8,16.54,16.08,15.84,,,0.25,,15.78,0.21
1189808,PGC1189808,78,3,193,5,16.63,16.24,16.02,,,0.15,,15.94,0.26
1192438,PGC1192438,65,4,173,18,15.89,15.35,15.05,,,0.18,,14.99,0.21
1194141,PGC1194141,50,4,183,50,15.83,15.36,15.09,,,0.19,,15.01,0.10
1195498,PGC1195498,87,2,257,25,,,,15.68,16.41,,0.17,,
1198892,PGC1198892,70,4,39,5,17.07,16.83,16.78,,,0.14,,16.76,0.12
1201224,PGC1201224,63,4,98,5,17.11,16.83,16.75,,,0.19,,16.70,0.09
1203824,PGC1203824,87,2,95,5,16.77,16.70,16.46,,,0.19,,16.39,0.32
1207426,PGC1207426,71,10,171,9,16.80,16.39,16.20,,,0.21,,16.15,0.14
1207979,PGC1207979,86,2,189,5,16.51,16.03,15.76,,,0.15,,15.69,0.51
1209805,PGC1209805,78,3,201,13,16.42,16.04,15.69,,,0.12,,15.65,0.34
1209934,PGC1209934,82,3,181,51,16.53,16.14,15.86,,,0.18,,15.67,0.33
1210567,PGC1210567,84,3,193,17,16.53,15.64,15.15,,,0.10,,15.08,0.58
1212686,PGC1212686,84,3,265,6,17.01,16.44,16.15,,,0.14,,16.07,0.38
1214107,PGC1214107,79,5,116,50,16.90,16.48,16.25,,,0.11,,16.16,0.26
1214222,PGC1214222,74,3,86,5,17.32,16.95,16.78,,,0.18,,16.72,0.14
1214845,PGC1214845,69,3,22,5,17.01,16.74,16.65,,,0.10,,16.57,0.11
1215798,PGC1215798,86,2,141,6,15.93,15.74,15.64,,,0.23,,15.56,0.34
1216689,PGC1216689,79,3,56,10,16.40,16.00,15.72,,,0.12,,15.65,0.25
1217663,PGC1217663,59,4,271,20,16.00,15.45,15.09,,,0.07,,15.00,0.17
1218575,PGC1218575,73,3,295,6,,,,15.56,16.46,,0.22,,
1219017,PGC1219017,84,3,80,5,17.02,16.91,16.83,,,0.15,,16.78,0.24
1219195,PGC1219195,85,2,89,5,16.71,16.30,16.11,,,0.23,,16.05,0.30
1224445,PGC1224445,60,4,108,5,17.05,16.60,16.41,,,0.21,,16.30,0.08
1225072,PGC1225072,77,3,295,18,15.91,15.31,14.94,,,0.13,,14.85,0.39
1225419,PGC1225419,77,3,121,5,17.26,16.99,16.80,,,0.18,,16.76,0.16
1226308,PGC1226308,84,3,167,5,17.02,16.88,16.71,,,0.21,,16.70,0.26
1226418,PGC1226418,71,3,192,5,16.13,15.81,15.61,,,0.13,,15.58,0.20
1227842,PGC1227842,82,3,201,5,16.43,16.24,15.96,,,0.32,,15.85,0.26
1229057,PGC1229057,74,3,87,19,16.97,16.62,16.54,,,0.09,,16.51,0.18
1229213,PGC1229213,76,3,36,5,17.20,16.92,16.75,,,0.13,,16.70,0.15
1229474,PGC1229474,84,3,288,59,15.44,14.71,14.31,,,0.13,,14.25,0.57
1230424,PGC1230424,64,4,90,8,16.53,16.14,15.94,,,0.12,,15.82,0.15
1230543,PGC1230543,75,3,320,6,15.61,14.85,14.43,,,0.09,,14.35,0.32
1231335,PGC1231335,75,3,255,5,16.09,15.55,15.31,,,0.12,,15.19,0.32
1232309,PGC1232309,85,2,151,5,17.30,16.99,16.80,,,0.14,,16.76,0.27
1233048,PGC1233048,54,4,144,22,16.24,15.86,15.60,,,0.15,,15.55,0.10
1234571,PGC1234571,69,3,131,7,17.65,17.38,16.92,,,0.11,,16.85,0.12
1234821,PGC1234821,86,2,113,5,16.66,16.32,16.13,,,0.18,,16.05,0.29
1235665,PGC1235665,69,7,139,5,16.45,16.15,16.06,,,0.10,,16.02,0.13
1235956,PGC1235956,62,4,334,19,15.44,14.68,14.26,,,0.10,,14.12,0.15
1236745,PGC1236745,81,3,75,5,16.12,15.54,15.20,,,0.39,,15.14,0.26
1237318,PGC1237318,84,3,267,6,16.27,15.69,15.35,,,0.20,,15.19,0.50
1238059,PGC1238059,67,8,321,5,,,,15.31,15.84,,0.21,,
1238390,PGC1238390,59,4,149,18,16.69,16.32,16.09,16.42,17.40,0.18,0.27,16.05,0.08
1239316,PGC1239316,89,1,252,7,16.56,16.08,15.76,,,0.15,,15.72,0.78
1239768,PGC1239768,86,2,249,5,16.34,15.91,15.68,,,0.18,,15.64,0.46
1240416,PGC1240416,83,3,315,7,,,,14.98,15.58,,0.18,,
1241148,PGC1241148,54,4,221,17,16.34,15.89,15.60,,,0.13,,15.46,0.13
1241357,PGC1241357,87,2,241,5,16.81,16.34,16.06,,,0.12,,15.91,0.54
1243291,PGC1243291,69,7,260,5,16.61,16.10,15.78,,,0.09,,15.72,0.23
1243344,PGC1243344,75,3,177,5,16.33,15.92,15.66,,,0.13,,15.61,0.27
1243996,PGC1243996,69,3,129,8,16.58,16.26,16.11,,,0.16,,16.08,0.15
1245927,PGC1245927,78,3,84,5,16.85,16.57,16.39,,,0.18,,16.33,0.17
1246742,PGC1246742,74,3,272,11,15.96,15.54,15.28,,,0.20,,15.21,0.27
1248150,PGC1248150,88,2,295,5,16.21,15.60,15.26,,,0.17,,15.17,0.67
1249917,PGC1249917,71,3,180,5,16.28,15.98,15.86,,,0.21,,15.85,0.17
1251141,PGC1251141,78,3,228,15,17.16,16.80,16.56,,,0.12,,16.52,0.23
1251257,PGC1251257,83,3,138,5,16.94,16.62,16.49,,,0.22,,16.46,0.23
1251547,PGC1251547,70,3,46,5,16.84,16.49,16.30,,,0.14,,16.25,0.12
1252289,PGC1252289,87,2,315,5,16.25,15.81,15.50,,,0.17,,15.45,0.65
1252692,PGC1252692,74,3,191,11,16.63,16.34,16.15,,,0.14,,16.12,0.19
1254184,PGC1254184,72,3,174,8,17.01,16.67,16.51,,,0.12,,16.47,0.17
1256141,PGC1256141,75,3,249,5,16.26,15.85,15.59,,,0.16,,15.54,0.26
1256390,PGC1256390,69,4,136,6,16.02,15.52,15.30,,,0.16,,15.26,0.21
1257834,PGC1257834,88,2,165,7,16.72,16.25,16.04,,,0.20,,15.94,0.47
1258163,PGC1258163,88,2,401,7,16.31,15.75,15.39,,,0.19,,15.32,0.80
1258287,PGC1258287,79,3,340,5,16.25,15.53,15.11,,,0.09,,15.04,0.42
1260237,PGC1260237,88,2,105,8,16.45,16.19,16.06,,,0.19,,16.03,0.41
1260360,PGC1260360,75,3,174,5,16.60,16.28,16.09,,,0.24,,16.05,0.16
1260470,PGC1260470,82,3,251,18,16.32,15.86,15.58,,,0.17,,15.52,0.39
1263061,PGC1263061,63,4,122,7,16.58,16.23,16.07,,,0.15,,16.04,0.12
1263188,PGC1263188,85,2,309,18,17.02,16.55,16.25,,,0.11,,16.19,0.46
1263785,PGC1263785,78,3,124,5,17.19,16.88,16.74,,,0.14,,16.66,0.17
1264496,PGC1264496,71,3,270,17,16.53,16.02,15.66,,,0.18,,15.55,0.23
1264576,PGC1264576,71,3,153,6,16.33,16.01,15.79,,,0.17,,15.76,0.19
1265112,PGC1265112,68,4,239,10,15.74,15.45,15.22,,,0.18,,15.18,0.22
1265471,PGC1265471,68,4,349,7,16.20,15.63,15.27,,,0.16,,15.14,0.24
1265517,PGC1265517,89,1,557,19,15.83,14.76,14.17,,,0.32,,13.80,0.85
1265545,PGC1265545,84,3,408,18,16.07,15.26,14.84,,,0.21,,14.75,0.58
1266773,PGC1266773,77,3,327,7,16.18,15.53,15.17,,,0.11,,15.09,0.38
1266917,PGC1266917,71,3,170,8,17.07,16.75,16.60,,,0.14,,16.51,0.15
1267311,PGC1267311,63,4,192,5,16.36,16.04,15.84,,,0.18,,15.82,0.13
1268307,PGC1268307,73,3,215,5,16.23,15.72,15.46,,,0.18,,15.41,0.26
1269701,PGC1269701,75,4,355,5,15.82,15.05,14.63,,,0.12,,14.51,0.34
1271557,PGC1271557,79,4,455,12,16.54,16.16,15.95,,,0.12,,15.88,0.38
1272741,PGC1272741,76,3,124,6,16.60,16.39,16.25,,,0.12,,16.23,0.17
1273842,PGC1273842,84,3,280,11,16.36,15.89,15.48,,,0.20,,15.39,0.47
1274644,PGC1274644,88,2,185,5,17.00,16.84,16.64,,,0.15,,16.63,0.40
1274667,PGC1274667,80,3,174,19,16.55,16.09,15.79,,,0.13,,15.74,0.39
1275487,PGC1275487,79,3,220,18,16.26,15.74,15.43,,,0.14,,15.36,0.35
1275613,PGC1275613,81,3,168,5,16.92,16.70,16.60,,,0.15,,16.57,0.23
1275824,PGC1275824,57,4,161,5,15.92,15.59,15.47,,,0.12,,15.40,0.12
1275825,PGC1275825,86,2,147,17,16.36,15.94,15.73,,,0.17,,15.62,0.49
1276206,PGC1276206,74,3,227,5,17.76,17.31,17.06,,,0.09,,17.00,0.17
1276281,PGC1276281,64,4,197,9,16.61,16.20,15.98,,,0.17,,15.94,0.15
1276691,PGC1276691,52,4,28,5,16.66,16.25,15.97,,,0.21,,15.93,0.06
1277136,PGC1277136,76,3,331,5,16.30,15.70,15.32,,,0.12,,15.25,0.34
1277243,PGC1277243,90,1,299,10,17.12,16.43,16.04,,,0.14,,15.94,0.84
1278060,PGC1278060,70,3,226,5,16.21,15.88,15.66,,,0.21,,15.63,0.19
1278605,PGC1278605,87,2,216,9,,,,15.52,16.08,,0.18,,
1279442,PGC1279442,63,4,226,5,16.13,15.73,15.47,,,0.13,,15.44,0.18
1279735,PGC1279735,75,3,201,6,16.33,15.97,15.80,,,0.20,,15.76,0.22
1280225,PGC1280225,87,3,224,5,17.16,16.75,16.46,,,0.15,,16.35,0.44
1280272,PGC1280272,80,3,233,9,,,,15.75,16.36,,0.22,,
1282104,PGC1282104,68,4,186,5,16.21,15.79,15.53,,,0.17,,15.50,0.19
1284003,PGC1284003,61,4,159,12,16.84,16.48,16.27,,,0.13,,16.25,0.11
1284806,PGC1284806,75,3,512,12,15.77,15.09,14.73,,,0.19,,14.66,0.35
1285039,PGC1285039,70,3,119,5,17.46,16.76,16.41,,,0.10,,16.34,0.16
1287252,PGC1287252,72,3,233,13,16.07,15.72,15.48,,,0.14,,15.43,0.26
1288290,PGC1288290,86,2,293,7,16.68,16.08,15.74,,,0.11,,15.66,0.62
1288951,PGC1288951,85,2,250,7,16.76,16.40,16.25,,,0.13,,16.16,0.39
1289906,PGC1289906,75,3,162,6,16.69,16.38,16.20,,,0.08,,16.16,0.25
1291126,PGC1291126,71,5,392,8,,,,14.86,15.45,,0.18,,
1291488,PGC1291488,84,3,390,5,15.62,14.98,14.60,,,0.20,,14.54,0.57
1291781,PGC1291781,85,2,308,17,16.56,16.24,16.02,,,0.15,,15.98,0.40
1292036,PGC1292036,69,3,125,5,16.51,16.16,15.94,,,0.20,,15.88,0.14
1294315,PGC1294315,80,3,178,45,16.42,15.89,15.56,,,0.13,,15.52,0.37
1295414,PGC1295414,70,3,266,6,15.97,15.52,15.24,,,0.20,,15.19,0.23
1295846,PGC1295846,87,3,133,12,16.21,15.90,15.67,,,0.10,,15.65,0.57
1296338,PGC1296338,76,3,371,20,16.38,15.62,15.18,,,0.10,,15.07,0.36
1296339,PGC1296339,88,2,317,10,17.18,16.52,16.16,,,0.13,,16.09,0.67
1296487,PGC1296487,59,4,172,5,15.95,15.70,15.46,,,0.27,,15.45,0.11
1296650,PGC1296650,78,3,363,9,16.31,15.73,15.35,,,0.14,,15.27,0.38
1299978,PGC1299978,76,3,147,17,16.84,16.53,16.34,,,0.10,,16.31,0.22
1304980,PGC1304980,68,4,92,13,16.39,15.91,15.62,,,0.20,,15.57,0.17
1306494,PGC1306494,64,4,193,5,16.29,15.97,15.74,,,0.12,,15.72,0.17
1306856,PGC1306856,81,3,164,24,16.80,16.30,16.09,,,0.09,,15.99,0.35
1307308,PGC1307308,79,3,135,5,16.63,16.34,16.22,,,0.15,,16.20,0.23
1308068,PGC1308068,69,3,234,18,15.83,15.38,15.03,,,0.18,,14.98,0.24
1309725,PGC1309725,71,3,178,5,16.13,15.80,15.56,,,0.09,,15.48,0.22
1310343,PGC1310343,79,3,551,18,,,,13.34,13.90,,0.27,,
1310470,PGC1310470,81,3,171,5,16.39,16.11,15.95,,,0.15,,15.93,0.30
1311034,PGC1311034,82,3,460,18,15.82,15.02,14.54,,,0.23,,14.32,0.51
1312030,PGC1312030,51,4,226,5,15.95,15.45,15.14,,,0.15,,15.11,0.12
1312111,PGC1312111,78,3,193,36,16.74,16.22,15.89,,,0.11,,15.84,0.29
1312326,PGC1312326,81,3,182,7,16.60,16.21,16.00,,,0.19,,15.95,0.29
1313089,PGC1313089,76,3,167,5,17.01,16.74,16.52,,,0.20,,16.47,0.17
1314481,PGC1314481,75,3,50,5,16.32,15.97,15.76,,,0.23,,15.71,0.15
1315049,PGC1315049,86,2,304,5,16.98,16.46,16.14,,,0.16,,16.09,0.46
1315808,PGC1315808,79,3,412,13,16.01,15.27,14.87,,,0.13,,14.80,0.43
1315823,PGC1315823,57,4,182,19,16.79,16.34,16.07,,,0.15,,15.95,0.11
1318682,PGC1318682,88,2,176,5,16.85,16.44,16.27,,,0.20,,16.23,0.45
1318722,PGC1318722,74,3,318,28,17.03,16.76,16.41,,,0.09,,16.35,0.22
1321762,PGC1321762,81,3,214,7,15.98,15.52,15.27,,,0.15,,15.23,0.42
1321831,PGC1321831,72,3,234,24,16.35,15.83,15.51,,,0.12,,15.29,0.27
1322354,PGC1322354,82,3,181,19,16.89,16.43,16.18,,,0.13,,16.10,0.40
1323063,PGC1323063,81,3,122,6,15.94,15.43,15.13,,,0.30,,15.06,0.31
1323472,PGC1323472,86,2,180,5,16.56,16.26,16.11,,,0.14,,16.09,0.41
1323757,PGC1323757,69,3,213,7,15.98,15.57,15.33,,,0.28,,15.29,0.19
1324268,PGC1324268,70,3,319,11,15.56,14.92,14.55,,,0.09,,14.49,0.27
1324774,PGC1324774,86,2,248,5,17.01,16.28,15.90,,,0.17,,15.65,0.58
1327399,PGC1327399,77,3,295,10,16.27,15.87,15.60,,,0.13,,15.58,0.33
1327562,PGC1327562,89,1,168,5,16.44,15.94,15.58,,,0.27,,15.42,0.57
1328261,PGC1328261,72,3,156,10,16.91,16.69,16.54,,,0.14,,16.52,0.16
1328284,PGC1328284,76,4,249,16,16.02,15.46,15.17,,,0.21,,15.07,0.31
1330919,PGC1330919,87,2,404,6,15.76,14.96,14.51,,,0.24,,14.37,0.74
1333641,PGC1333641,86,3,126,5,16.45,16.11,15.88,,,0.21,,15.84,0.36
1333718,PGC1333718,74,3,241,5,15.94,15.49,15.23,,,0.15,,15.16,0.28
1333972,PGC1333972,80,3,241,10,16.72,16.30,16.05,,,0.18,,16.01,0.29
1334828,PGC1334828,69,5,153,5,16.66,16.47,16.30,,,0.16,,16.29,0.13
1334899,PGC1334899,62,4,192,12,16.59,16.27,16.04,,,0.17,,16.01,0.13
1335617,PGC1335617,75,3,180,5,17.08,16.78,16.57,,,0.14,,16.54,0.17
1335660,PGC1335660,75,3,279,11,16.45,16.13,15.88,,,0.09,,15.85,0.31
1335893,PGC1335893,81,4,320,5,16.64,15.97,15.58,,,0.14,,15.52,0.44
1336594,PGC1336594,87,2,298,13,16.44,16.12,15.87,,,0.16,,15.90,0.61
1337106,PGC1337106,80,3,187,7,,,,16.37,16.98,,0.19,,
1338961,PGC1338961,79,3,205,9,15.97,15.49,15.15,,,0.24,,15.11,0.36
1340936,PGC1340936,83,3,284,16,,,,15.09,15.67,,0.18,,
1343342,PGC1343342,62,4,262,5,15.37,15.04,14.79,,,0.15,,14.77,0.19
1343641,PGC1343641,71,6,263,5,16.34,15.89,15.64,,,0.16,,15.60,0.24
1344624,PGC1344624,81,3,298,20,16.30,15.83,15.52,,,0.10,,15.48,0.47
1346079,PGC1346079,70,3,203,13,17.24,17.09,16.98,,,0.13,,17.01,0.13
1349982,PGC1349982,69,3,278,9,15.91,15.47,15.24,,,0.17,,15.20,0.21
1350104,PGC1350104,84,3,205,14,16.36,16.00,15.86,,,0.22,,15.83,0.36
1351876,PGC1351876,86,5,185,16,16.33,15.94,15.61,,,0.14,,15.46,0.48
1351991,PGC1351991,77,4,78,18,16.60,16.20,16.00,,,0.11,,15.92,0.18
1352141,PGC1352141,84,3,221,5,16.64,16.14,15.87,,,0.19,,15.71,0.40
1352335,PGC1352335,55,4,202,10,15.97,15.65,15.49,,,0.17,,15.48,0.12
1352430,PGC1352430,80,3,156,5,16.45,16.05,15.82,,,0.20,,15.78,0.27
1353034,PGC1353034,81,3,398,15,16.01,15.38,15.00,,,0.20,,14.94,0.46
1353487,PGC1353487,74,3,243,8,16.45,16.14,15.82,,,0.14,,15.81,0.25
1353524,PGC1353524,81,3,202,14,16.72,16.27,16.05,,,0.20,,16.01,0.28
1354636,PGC1354636,69,3,340,12,16.20,15.96,15.76,,,0.11,,15.78,0.23
1355432,PGC1355432,80,3,315,5,15.86,15.32,14.98,,,0.19,,14.94,0.43
1358004,PGC1358004,69,4,235,5,16.42,16.11,15.94,16.63,17.02,0.13,0.18,15.93,0.15
1358024,PGC1358024,74,3,216,5,16.52,16.13,15.86,,,0.19,,15.82,0.22
1360237,PGC1360237,63,4,100,5,15.99,15.66,15.50,,,0.18,,15.45,0.12
1360262,PGC1360262,82,3,486,20,15.93,15.26,14.86,,,0.14,,14.77,0.48
1362036,PGC1362036,67,4,214,5,16.29,15.87,15.55,,,0.18,,15.47,0.19
1362231,PGC1362231,75,3,203,28,15.81,15.20,14.75,,,0.14,,14.61,0.34
1363457,PGC1363457,86,2,337,5,16.26,15.65,15.27,,,0.13,,15.21,0.66
1363799,PGC1363799,87,2,392,12,16.94,16.30,15.94,,,0.18,,15.84,0.61
1364168,PGC1364168,78,3,160,7,16.34,15.97,15.83,,,0.18,,15.79,0.25
1364366,PGC1364366,83,3,231,6,16.25,15.84,15.59,,,0.13,,15.55,0.41
1382288,PGC1382288,89,1,265,5,16.76,16.28,15.94,,,0.16,,15.90,0.70
1365234,PGC1365234,81,6,116,5,17.05,16.74,16.55,17.34,17.97,0.14,0.19,16.51,0.21
1365339,PGC1365339,85,2,383,56,16.50,15.81,15.44,,,0.12,,15.36,0.61
1365712,PGC1365712,86,2,102,23,16.73,16.25,16.01,,,0.19,,15.88,0.36
1366075,PGC1366075,87,2,112,186,16.88,16.25,15.85,,,0.12,,15.73,0.45
1366523,PGC1366523,86,2,194,5,16.91,16.51,16.28,,,0.14,,16.21,0.40
1366557,PGC1366557,87,2,265,11,16.24,15.60,15.19,,,0.24,,15.11,0.66
1368612,PGC1368612,56,4,266,19,15.70,15.07,14.73,,,0.17,,14.65,0.15
1369352,PGC1369352,84,6,167,5,16.10,15.65,15.41,,,0.15,,15.38,0.49
1370136,PGC1370136,84,3,428,19,15.79,15.03,14.60,,,0.24,,14.49,0.57
1370549,PGC1370549,86,2,172,5,17.13,16.72,16.42,,,0.14,,16.39,0.40
1370614,PGC1370614,77,3,116,111,17.18,16.90,16.71,,,0.11,,16.70,0.18
1370630,PGC1370630,75,3,470,5,15.53,14.86,14.43,,,0.12,,14.34,0.30
1370908,PGC1370908,75,3,219,6,16.54,16.12,15.87,,,0.12,,15.83,0.29
1372255,PGC1372255,69,3,200,5,15.97,15.52,15.24,15.73,16.20,0.27,0.27,15.17,0.14
1372553,PGC1372553,87,2,197,6,16.64,16.34,16.09,,,0.16,,16.05,0.45
1372790,PGC1372790,78,3,421,18,,,,15.32,16.05,,0.16,,
1372854,PGC1372854,82,3,179,5,16.63,16.31,16.14,,,0.13,,16.09,0.28
1372878,PGC1372878,64,4,236,19,15.78,15.06,14.65,,,0.16,,14.51,0.21
1373119,PGC1373119,77,3,245,17,16.61,15.86,15.44,,,0.14,,15.21,0.37
1373441,PGC1373441,83,3,308,8,16.64,16.26,16.05,,,0.14,,16.05,0.36
1373837,PGC1373837,72,3,193,5,16.53,16.21,16.05,,,0.14,,15.97,0.19
1374536,PGC1374536,70,3,214,5,16.11,15.71,15.48,,,0.18,,15.44,0.21
1374673,PGC1374673,85,2,99,19,16.69,16.29,16.10,16.97,17.39,0.17,0.20,16.06,0.26
1375025,PGC1375025,62,11,176,5,16.22,15.88,15.65,,,0.21,,15.61,0.13
1375281,PGC1375281,78,3,213,5,16.66,16.34,16.12,,,0.19,,16.10,0.26
1375482,PGC1375482,76,3,110,5,16.31,15.97,15.80,,,0.13,,15.77,0.24
1375876,PGC1375876,72,3,225,5,16.71,16.36,16.08,,,0.16,,16.03,0.19
1376799,PGC1376799,89,1,434,19,16.50,15.66,15.16,,,0.18,,15.04,0.90
1378162,PGC1378162,68,4,163,19,17.36,17.03,16.87,,,0.11,,16.85,0.14
1378322,PGC1378322,73,3,233,9,16.19,15.85,15.55,,,0.11,,15.46,0.28
1378565,PGC1378565,78,3,366,5,15.97,15.48,15.21,,,0.10,,15.16,0.40
1378672,PGC1378672,89,1,243,19,16.13,15.59,15.30,,,0.20,,15.24,0.84
1380244,PGC1380244,71,3,304,17,16.10,15.52,15.17,,,0.14,,15.08,0.28
1381516,PGC1381516,86,2,196,20,16.86,16.36,16.13,,,0.15,,16.09,0.50
1381614,PGC1381614,64,4,243,9,16.71,16.42,16.20,,,0.15,,16.18,0.14
1382204,PGC1382204,83,4,96,20,17.02,16.59,16.38,16.82,17.54,0.17,0.21,16.33,0.23
1382354,PGC1382354,88,2,252,26,16.69,16.24,16.01,,,0.16,,15.94,0.56
1382398,PGC1382398,87,2,308,7,16.74,16.32,16.04,,,0.15,,15.99,0.55
1382940,PGC1382940,78,3,183,18,,,,15.94,16.38,,0.20,,
1385096,PGC1385096,88,2,244,5,16.86,16.10,15.68,,,0.15,,15.47,0.74
1385563,PGC1385563,56,7,339,5,15.13,14.44,14.03,,,0.18,,13.85,0.15
1386236,PGC1386236,73,3,318,5,16.35,15.86,15.56,,,0.15,,15.49,0.28
1386969,PGC1386969,58,4,254,17,15.73,15.16,14.86,,,0.17,,14.76,0.16
1388010,PGC1388010,86,2,292,14,16.67,16.18,15.84,,,0.17,,15.78,0.54
1389595,PGC1389595,79,3,18,9,16.96,16.39,16.01,,,0.10,,15.96,0.20
1390585,PGC1390585,85,2,325,16,16.75,16.14,15.77,,,0.17,,15.63,0.52
1391345,PGC1391345,84,3,187,5,16.50,16.09,15.77,,,0.30,,15.65,0.29
1391373,PGC1391373,88,2,129,10,16.52,16.24,16.07,,,0.26,,16.02,0.37
1392304,PGC1392304,76,3,297,5,16.31,15.93,15.72,,,0.13,,15.64,0.30
1393329,PGC1393329,90,1,396,17,,,,13.74,14.31,,0.24,,
1393848,PGC1393848,85,3,369,5,16.18,15.36,14.89,,,0.18,,14.77,0.62
1394635,PGC1394635,79,3,129,20,17.81,17.49,17.30,,,0.14,,17.27,0.18
1394706,PGC1394706,60,4,170,10,16.43,16.09,15.87,,,0.19,,15.86,0.12
1394711,PGC1394711,80,3,402,15,16.38,15.73,15.27,,,0.10,,15.13,0.45
1395663,PGC1395663,83,4,207,7,17.11,16.67,16.46,,,0.15,,16.38,0.29
1395674,PGC1395674,85,2,148,7,16.27,15.92,15.74,,,0.14,,15.65,0.42
1396570,PGC1396570,87,2,267,5,16.66,15.99,15.62,,,0.15,,15.45,0.63
1396787,PGC1396787,71,4,245,8,16.13,15.50,15.12,,,0.10,,15.07,0.29
1396998,PGC1396998,79,3,300,5,16.07,15.48,15.14,,,0.17,,15.07,0.40
1397433,PGC1397433,70,3,215,5,16.68,16.26,16.05,,,0.18,,16.00,0.18
1400872,PGC1400872,86,2,197,5,16.32,16.00,15.80,,,0.18,,15.77,0.43
1401797,PGC1401797,85,3,390,18,16.79,15.93,15.47,,,0.13,,15.26,0.62
1401917,PGC1401917,83,3,163,5,16.34,15.72,15.36,,,0.13,,15.16,0.48
1402435,PGC1402435,87,2,290,5,16.14,15.59,15.24,,,0.20,,15.12,0.69
1403688,PGC1403688,80,3,126,12,16.34,15.88,15.62,,,0.19,,15.47,0.34
1403946,PGC1403946,72,4,375,48,16.53,16.08,15.79,,,0.10,,15.73,0.27
1405267,PGC1405267,84,3,374,5,15.69,14.87,14.41,,,0.16,,14.25,0.56
1406215,PGC1406215,83,3,219,5,16.81,16.19,15.83,,,0.10,,15.74,0.47
1406396,PGC1406396,79,3,344,10,16.44,16.02,15.73,,,0.16,,15.72,0.35
1407161,PGC1407161,80,3,196,14,16.86,16.43,16.16,,,0.14,,16.04,0.31
1407580,PGC1407580,78,3,416,19,15.98,15.24,14.84,,,0.20,,14.74,0.41
1408607,PGC1408607,83,3,246,15,16.60,16.20,15.95,,,0.14,,15.89,0.40
1409128,PGC1409128,83,3,36,8,16.19,15.61,15.35,,,0.22,,15.16,0.30
1411171,PGC1411171,86,2,319,5,16.79,16.13,15.75,,,0.15,,15.60,0.61
1412214,PGC1412214,84,3,242,18,16.90,16.10,15.58,,,0.10,,15.46,0.54
1413040,PGC1413040,80,3,208,5,17.15,16.85,16.68,,,0.13,,16.63,0.24
1413658,PGC1413658,76,3,120,20,18.01,17.60,17.43,,,0.10,,17.40,0.17
1415034,PGC1415034,80,3,186,19,17.65,17.21,16.88,,,0.12,,16.81,0.19
1416088,PGC1416088,70,3,79,20,17.05,16.67,16.47,17.17,17.38,0.12,0.18,16.42,0.12
1417978,PGC1417978,52,4,193,5,,,,15.89,16.44,,0.19,,
1419126,PGC1419126,68,4,377,20,16.56,15.47,14.80,,,0.15,,13.81,0.14
1419134,PGC1419134,77,3,65,20,16.89,16.70,16.51,17.16,17.45,0.12,0.18,16.45,0.16
1419591,PGC1419591,82,3,141,9,16.91,16.66,16.50,,,0.16,,16.46,0.25
1419739,PGC1419739,88,2,182,6,16.48,16.10,15.89,,,0.16,,15.86,0.59
1424190,PGC1424190,85,2,345,11,16.47,15.84,15.46,,,0.12,,15.39,0.56
1424710,PGC1424710,82,3,306,12,16.04,15.29,14.85,,,0.25,,14.55,0.49
1425516,PGC1425516,82,3,281,7,16.26,15.81,15.50,,,0.15,,15.46,0.44
1425523,PGC1425523,72,3,157,10,16.62,16.25,16.03,,,0.17,,15.97,0.20
1426610,PGC1426610,86,3,262,19,16.76,15.88,15.39,,,0.16,,15.24,0.66
1426967,PGC1426967,54,4,205,19,16.36,15.88,15.64,,,0.10,,15.60,0.13
1428201,PGC1428201,80,3,175,5,17.10,16.81,16.63,,,0.09,,16.62,0.25
1428390,PGC1428390,59,4,338,15,16.06,15.61,15.26,,,0.18,,15.24,0.16
1429164,PGC1429164,56,4,178,7,16.28,15.88,15.69,,,0.19,,15.66,0.12
1429195,PGC1429195,88,2,215,5,16.21,15.79,15.55,,,0.14,,15.32,0.70
1429272,PGC1429272,88,2,160,5,16.83,16.48,16.30,,,0.14,,16.21,0.42
1429669,PGC1429669,66,4,206,19,16.36,15.94,15.73,,,0.11,,15.69,0.19
1430602,PGC1430602,49,6,90,5,16.29,15.84,15.55,,,0.15,,15.50,0.08
1430862,PGC1430862,81,3,83,5,16.52,16.07,15.81,,,0.24,,15.75,0.25
1433135,PGC1433135,65,4,136,5,16.88,16.45,16.22,,,0.10,,16.14,0.15
1434312,PGC1434312,83,3,210,17,16.84,16.32,16.05,,,0.09,,15.81,0.47
1435898,PGC1435898,75,3,289,18,16.39,15.80,15.46,,,0.18,,15.34,0.30
1436082,PGC1436082,82,3,240,7,16.95,16.55,16.31,,,0.14,,16.21,0.31
1437522,PGC1437522,66,4,299,14,16.27,15.70,15.34,,,0.14,,15.26,0.21
1439008,PGC1439008,65,4,166,6,17.15,16.76,16.52,,,0.13,,16.43,0.13
1439152,PGC1439152,83,4,182,19,17.48,17.16,17.00,,,0.11,,16.97,0.26
1441186,PGC1441186,56,4,155,20,16.39,15.98,15.71,,,0.14,,15.67,0.13
1441868,PGC1441868,64,4,96,5,16.25,15.90,15.74,,,0.12,,15.67,0.13
1442306,PGC1442306,75,4,135,9,16.38,16.17,16.06,,,0.19,,16.04,0.16
1442607,PGC1442607,61,4,267,19,15.87,15.11,14.88,,,0.20,,14.76,0.18
1442785,PGC1442785,88,2,241,5,17.09,16.60,16.31,,,0.17,,16.25,0.49
1445127,PGC1445127,83,3,218,17,16.49,15.84,15.46,,,0.16,,15.34,0.50
1445874,PGC1445874,82,3,251,5,16.82,16.38,16.11,,,0.15,,16.03,0.32
1445975,PGC1445975,80,3,452,5,15.56,14.86,14.46,,,0.19,,14.36,0.45
1446045,PGC1446045,75,3,227,19,16.09,15.39,15.03,,,0.19,,14.91,0.35
1446614,PGC1446614,63,4,206,5,16.08,15.70,15.48,,,0.20,,15.43,0.14
1447416,PGC1447416,76,3,239,20,16.09,15.64,15.38,,,0.19,,15.30,0.31
1448560,PGC1448560,83,5,104,5,16.23,15.79,15.57,,,0.20,,15.51,0.33
1448629,PGC1448629,69,3,185,9,15.96,15.53,15.32,,,0.18,,15.27,0.21
1449515,PGC1449515,84,3,256,10,16.67,16.14,14.69,,,0.50,,14.57,0.41
1451574,PGC1451574,87,2,335,7,16.84,16.14,15.71,,,0.18,,15.63,0.64
1452135,PGC1452135,74,3,139,19,16.64,16.11,15.90,,,0.17,,15.80,0.23
1452792,PGC1452792,87,2,280,13,16.91,16.49,16.27,,,0.13,,16.24,0.53
1453295,PGC1453295,89,1,196,18,17.61,17.24,16.96,,,0.15,,16.91,0.44
1454402,PGC1454402,66,4,160,5,16.64,16.26,16.00,,,0.13,,15.92,0.16
1454756,PGC1454756,74,3,203,8,15.91,15.43,15.14,,,0.19,,15.01,0.29
1455410,PGC1455410,57,5,210,5,15.22,14.86,14.70,,,0.15,,14.67,0.15
1456054,PGC1456054,79,3,145,29,16.54,16.25,16.08,,,0.11,,16.05,0.26
1456468,PGC1456468,75,3,64,5,16.19,15.89,15.79,,,0.25,,15.70,0.15
1456471,PGC1456471,66,4,258,19,16.31,15.69,15.35,,,0.11,,15.27,0.23
1456707,PGC1456707,73,3,327,8,16.02,15.46,15.11,,,0.11,,15.01,0.31
1456822,PGC1456822,64,4,77,5,16.70,16.43,16.39,,,0.11,,16.44,0.10
1458530,PGC1458530,74,3,231,12,16.82,16.51,16.29,,,0.11,,16.27,0.23
1458689,PGC1458689,75,3,176,8,16.44,16.04,15.87,,,0.14,,15.84,0.22
1460236,PGC1460236,80,3,412,7,16.17,15.47,15.04,,,0.13,,14.95,0.45
1463377,PGC1463377,64,4,25,5,17.35,17.07,16.91,,,0.16,,16.81,0.09
1463626,PGC1463626,80,3,367,7,16.03,15.29,14.84,,,0.16,,14.57,0.45
1463891,PGC1463891,89,1,267,5,16.37,15.53,15.07,,,0.12,,14.87,0.89
1464674,PGC1464674,85,3,328,9,16.44,15.76,15.35,,,0.13,,15.25,0.59
1464874,PGC1464874,83,3,180,6,16.29,15.86,15.65,,,0.23,,15.56,0.28
1465421,PGC1465421,81,3,189,5,16.69,16.39,16.19,,,0.14,,16.16,0.29
1465648,PGC1465648,85,2,346,20,16.62,15.94,15.51,,,0.21,,15.40,0.57
1466596,PGC1466596,86,2,222,11,16.46,15.98,15.67,,,0.14,,15.58,0.46
1467060,PGC1467060,87,2,304,5,17.01,16.43,16.12,,,0.15,,16.05,0.50
1467553,PGC1467553,73,3,195,6,15.98,15.59,15.38,,,0.21,,15.32,0.24
1468338,PGC1468338,74,3,317,5,16.25,15.50,15.07,,,0.10,,14.94,0.33
1468497,PGC1468497,88,2,148,6,16.75,16.38,16.18,,,0.15,,16.02,0.50
1469378,PGC1469378,80,3,175,5,17.04,16.61,16.40,,,0.19,,16.36,0.23
1469562,PGC1469562,60,4,280,19,,,,14.71,15.24,,0.17,,
1470737,PGC1470737,82,3,129,5,16.43,16.10,15.88,,,0.17,,15.82,0.29
1471076,PGC1471076,54,4,202,13,16.32,16.08,15.98,,,0.14,,15.95,0.09
1471393,PGC1471393,75,8,286,12,16.57,16.14,15.87,,,0.14,,15.80,0.28
1471871,PGC1471871,76,4,194,5,16.76,16.45,16.19,,,0.14,,16.14,0.21
1472104,PGC1472104,65,4,374,18,15.78,15.30,15.02,,,0.15,,14.97,0.22
1473528,PGC1473528,70,3,215,18,,,,15.40,15.88,,0.20,,
1473566,PGC1473566,86,2,153,5,17.18,16.92,16.75,,,0.16,,16.70,0.30
1476181,PGC1476181,80,3,406,16,16.14,15.53,15.18,,,0.20,,15.06,0.42
1476347,PGC1476347,52,4,204,18,16.50,16.01,15.77,16.13,16.70,0.12,0.17,15.72,0.10
1478182,PGC1478182,72,3,190,6,16.80,16.41,16.18,,,0.14,,16.15,0.20
1479252,PGC1479252,53,4,264,17,15.98,15.48,15.13,,,0.12,,15.01,0.13
1479518,PGC1479518,89,1,144,20,17.22,16.84,16.64,,,0.14,,16.58,0.54
1480186,PGC1480186,80,3,117,5,16.51,16.14,15.96,,,0.20,,15.90,0.22
1481074,PGC1481074,81,3,226,6,15.92,15.11,14.69,,,0.13,,14.50,0.48
1483652,PGC1483652,81,3,162,5,16.57,16.16,15.97,,,0.14,,15.92,0.24
1484119,PGC1484119,66,4,216,10,16.45,15.95,15.66,,,0.16,,15.48,0.20
1485129,PGC1485129,87,2,411,7,16.21,15.52,15.11,,,0.11,,15.04,0.74
1485914,PGC1485914,70,3,224,5,15.39,14.94,14.66,,,0.18,,14.61,0.24
1487317,PGC1487317,48,6,156,8,16.34,15.75,15.41,15.38,15.64,0.08,0.13,15.33,0.10
1489368,PGC1489368,90,1,168,19,17.93,17.50,17.33,,,0.13,,17.27,0.43
1490942,PGC1490942,87,2,448,20,16.08,15.30,14.81,14.28,14.82,0.17,0.18,14.71,0.64
1491140,PGC1491140,76,3,259,6,15.86,15.19,14.84,,,0.10,,14.77,0.37
1491236,PGC1491236,75,3,173,8,16.41,16.17,16.08,,,0.12,,16.05,0.22
1491772,PGC1491772,57,4,287,6,16.19,15.73,15.39,,,0.14,,15.31,0.14
1492056,PGC1492056,60,4,218,6,16.66,16.29,15.85,,,0.20,,15.77,0.12
1492081,PGC1492081,83,3,220,11,16.80,16.48,16.23,,,0.15,,16.20,0.32
1493757,PGC1493757,83,3,224,7,16.81,16.43,16.21,,,0.10,,16.16,0.38
1493824,PGC1493824,74,3,225,5,16.02,15.58,15.35,,,0.15,,15.31,0.28
1494279,PGC1494279,88,2,187,18,17.06,16.61,16.39,,,0.13,,16.36,0.57
1495086,PGC1495086,75,3,212,13,16.89,16.60,16.40,,,0.13,,16.37,0.22
1496977,PGC1496977,86,2,267,5,16.46,15.81,15.48,,,0.21,,15.29,0.57
1498127,PGC1498127,78,3,317,5,16.22,15.62,15.24,,,0.11,,15.17,0.38
1498361,PGC1498361,89,1,244,7,16.18,15.62,15.30,,,0.15,,15.25,0.90
1498419,PGC1498419,81,3,325,7,15.94,15.30,14.98,,,0.20,,14.78,0.45
1499930,PGC1499930,84,3,395,11,16.48,15.80,15.38,,,0.18,,15.30,0.53
1500765,PGC1500765,84,3,323,8,16.86,16.41,16.06,15.93,16.38,0.12,0.13,16.00,0.51
1505416,PGC1505416,63,4,305,49,15.87,15.28,14.93,,,0.11,,14.87,0.21
1506675,PGC1506675,77,3,227,6,16.74,16.31,15.97,,,0.18,,15.90,0.26
1506952,PGC1506952,85,2,129,7,16.72,16.34,16.17,,,0.15,,16.12,0.35
1508418,PGC1508418,81,4,266,18,,,,15.92,16.38,,0.11,,
1509244,PGC1509244,87,2,491,97,16.06,15.32,14.87,,,0.16,,14.76,0.73
1510007,PGC1510007,67,4,130,5,16.78,16.40,16.28,,,0.17,,16.20,0.12
1510328,PGC1510328,87,2,158,7,16.44,16.12,15.90,,,0.13,,15.85,0.48
1510638,PGC1510638,77,3,354,18,15.97,15.36,14.97,,,0.14,,14.90,0.38
1511191,PGC1511191,87,2,316,5,,,,14.70,15.31,,0.19,,
1513048,PGC1513048,87,2,255,6,16.68,16.13,15.84,,,0.14,,15.77,0.54
1515212,PGC1515212,84,3,290,5,16.13,15.76,15.51,,,0.17,,15.48,0.49
1517139,PGC1517139,87,4,292,31,17.30,16.82,16.52,,,0.12,,16.49,0.45
1520706,PGC1520706,59,4,164,8,15.71,15.30,15.04,,,0.23,,14.97,0.15
1522307,PGC1522307,61,9,36,13,16.59,16.25,16.06,,,0.20,,16.03,0.08
1522943,PGC1522943,59,4,203,16,16.43,16.11,15.79,,,0.21,,15.77,0.12
1524207,PGC1524207,86,2,124,8,16.40,15.85,15.58,,,0.21,,15.46,0.50
1527085,PGC1527085,75,3,249,7,16.39,15.97,15.72,,,0.20,,15.67,0.24
1527266,PGC1527266,79,3,218,51,16.23,15.85,15.61,,,0.12,,15.56,0.35
1528614,PGC1528614,84,3,123,5,15.51,15.25,15.14,,,0.20,,15.03,0.40
1528674,PGC1528674,88,2,139,5,17.40,17.09,16.94,,,0.14,,16.90,0.37
1529332,PGC1529332,52,4,222,5,15.74,15.23,14.95,,,0.18,,14.87,0.12
1531093,PGC1531093,74,3,235,5,16.52,15.93,15.53,,,0.09,,15.47,0.32
1531099,PGC1531099,52,4,161,5,15.95,15.60,15.34,15.90,16.65,0.15,0.18,15.30,0.09
1531907,PGC1531907,90,1,269,5,16.91,16.46,16.24,,,0.17,,16.20,0.61
1533359,PGC1533359,71,3,45,5,16.07,15.69,15.56,,,0.18,,15.50,0.14
1533780,PGC1533780,78,8,268,9,16.99,16.51,16.15,,,0.09,,15.99,0.34
1535230,PGC1535230,72,4,146,5,16.23,15.94,15.81,,,0.18,,15.78,0.19
1541737,PGC1541737,77,3,226,5,16.16,15.73,15.48,,,0.15,,15.45,0.31
1542387,PGC1542387,83,3,253,50,15.99,15.60,15.31,,,0.14,,15.27,0.50
1543329,PGC1543329,62,6,125,12,16.75,16.32,16.10,,,0.16,,16.04,0.12
1544125,PGC1544125,88,2,202,5,16.60,16.02,15.67,,,0.22,,15.62,0.62
1546068,PGC1546068,82,3,177,19,17.82,17.37,17.20,,,0.06,,17.18,0.25
1546699,PGC1546699,61,4,182,8,16.48,16.07,15.89,16.52,17.09,0.13,0.13,15.85,0.12
1547323,PGC1547323,59,4,49,5,17.04,16.79,16.68,,,0.11,,16.66,0.08
1547513,PGC1547513,88,2,156,5,16.44,16.03,15.80,,,0.23,,15.72,0.42
1549529,PGC1549529,83,3,285,19,16.47,15.77,15.35,,,0.13,,15.29,0.49
1549571,PGC1549571,73,3,331,10,16.22,15.57,15.21,,,0.12,,15.11,0.31
1551524,PGC1551524,71,3,230,16,16.26,15.91,15.67,,,0.16,,15.65,0.21
1553095,PGC1553095,85,2,154,40,16.24,15.96,15.80,,,0.18,,15.78,0.31
1555876,PGC1555876,82,3,238,5,16.63,16.21,15.91,,,0.18,,15.85,0.38
1558448,PGC1558448,86,2,256,34,16.43,15.98,15.70,,,0.15,,15.64,0.52
1558874,PGC1558874,80,3,20,5,16.79,15.81,15.34,,,0.09,,15.25,0.23
1562050,PGC1562050,73,3,358,10,15.67,15.11,14.76,,,0.18,,14.67,0.31
1562676,PGC1562676,77,3,357,8,15.87,15.21,14.85,,,0.10,,14.78,0.39
1562722,PGC1562722,85,2,148,5,16.14,15.85,15.65,16.15,16.58,0.14,0.17,15.62,0.33
1565412,PGC1565412,75,3,195,5,16.97,16.67,16.51,17.02,17.69,0.14,0.18,16.50,0.16
1565439,PGC1565439,78,3,243,12,16.27,15.84,15.58,,,0.15,,15.55,0.33
1566044,PGC1566044,71,3,129,5,16.44,16.13,15.99,,,0.13,,15.95,0.18
1567634,PGC1567634,69,3,359,12,15.74,14.99,14.54,,,0.20,,14.22,0.27
1572727,PGC1572727,72,3,202,5,16.56,16.16,15.93,,,0.19,,15.90,0.19
1572985,PGC1572985,88,3,329,7,16.28,15.50,15.08,,,0.18,,15.00,0.82
1573168,PGC1573168,86,2,291,106,16.32,15.75,15.41,,,0.16,,15.33,0.60
1573793,PGC1573793,80,3,91,15,16.40,16.09,15.89,,,0.18,,15.84,0.21
1573855,PGC1573855,64,4,197,13,16.11,15.62,14.85,,,0.25,,14.77,0.18
1575844,PGC1575844,61,4,131,7,16.20,15.77,15.60,,,0.19,,15.51,0.13
1577082,PGC1577082,85,2,242,57,16.64,15.96,15.55,,,0.14,,15.48,0.50
1579866,PGC1579866,76,3,163,5,16.27,15.82,15.54,,,0.16,,15.43,0.29
1580851,PGC1580851,89,1,138,5,17.10,16.80,16.56,,,0.22,,16.50,0.40
1582727,PGC1582727,60,5,187,7,16.48,16.10,15.86,,,0.21,,15.83,0.11
1583149,PGC1583149,80,3,280,24,16.25,15.61,15.24,,,0.14,,15.18,0.43
1586615,PGC1586615,75,3,33,7,17.59,17.42,17.30,,,0.11,,17.26,0.15
1590644,PGC1590644,70,3,204,5,16.38,16.07,15.79,,,0.14,,15.71,0.19
1592138,PGC1592138,86,2,266,5,16.83,16.27,15.92,,,0.16,,15.88,0.47
1595534,PGC1595534,74,3,346,5,15.79,15.10,14.70,,,0.14,,14.58,0.33
1598594,PGC1598594,89,1,412,15,,,,13.07,13.59,,0.33,,
1599237,PGC1599237,66,4,40,5,16.62,16.20,16.00,,,0.19,,15.93,0.11
1600590,PGC1600590,79,3,326,10,16.36,15.82,15.48,,,0.16,,15.39,0.38
1602173,PGC1602173,70,3,321,5,15.81,15.32,14.99,,,0.13,,14.92,0.28
1603547,PGC1603547,52,4,243,5,15.87,15.41,15.12,,,0.20,,15.07,0.11
1604583,PGC1604583,72,3,203,5,16.47,16.03,15.83,,,0.14,,15.78,0.23
1605910,PGC1605910,70,3,179,5,16.85,16.49,16.27,17.02,17.40,0.18,0.22,16.23,0.13
1612390,PGC1612390,86,4,305,49,16.32,15.78,15.47,,,0.13,,15.43,0.64
1613155,PGC1613155,87,2,131,5,17.71,17.42,17.19,,,0.12,,17.16,0.31
1614069,PGC1614069,76,5,140,7,17.38,17.05,16.83,,,0.12,,16.79,0.18
1615646,PGC1615646,47,6,308,5,15.54,15.02,14.65,,,0.12,,14.58,0.09
1616133,PGC1616133,87,2,283,5,16.34,15.66,15.28,,,0.18,,15.22,0.71
1617626,PGC1617626,78,3,212,5,16.43,16.02,15.78,,,0.15,,15.75,0.29
1618163,PGC1618163,74,3,485,5,15.38,14.60,14.14,,,0.21,,13.75,0.32
1620325,PGC1620325,57,4,172,10,16.21,15.90,15.69,,,0.13,,15.65,0.12
1621290,PGC1621290,84,3,230,5,16.11,15.71,15.44,,,0.16,,15.40,0.42
1624546,PGC1624546,71,3,210,5,16.55,16.09,15.83,,,0.15,,15.77,0.23
1625354,PGC1625354,79,3,189,5,16.45,16.09,15.85,,,0.16,,15.82,0.31
1626241,PGC1626241,67,4,291,5,15.64,15.10,14.78,,,0.20,,14.71,0.23
1626466,PGC1626466,76,3,145,12,16.20,15.90,15.73,,,0.11,,15.72,0.28
1627800,PGC1627800,80,4,256,8,16.55,16.10,15.83,,,0.15,,15.79,0.32
1627904,PGC1627904,72,5,282,5,15.59,14.99,14.63,14.85,15.44,0.20,0.17,14.55,0.29
1629210,PGC1629210,87,2,324,5,16.43,15.83,15.46,,,0.20,,15.38,0.64
1629838,PGC1629838,86,2,263,5,15.70,15.09,14.71,,,0.21,,14.64,0.65
1631975,PGC1631975,90,1,344,12,16.89,16.19,15.78,,,0.23,,15.64,0.82
1632187,PGC1632187,86,2,171,10,16.89,16.61,16.49,17.14,17.66,0.11,0.14,16.48,0.28
1633489,PGC1633489,78,3,129,5,17.10,16.79,16.63,,,0.16,,16.59,0.19
1633497,PGC1633497,75,3,286,5,15.58,14.83,14.38,,,0.19,,14.03,0.35
1633695,PGC1633695,79,5,255,5,16.02,15.41,15.11,,,0.14,,14.96,0.41
1633897,PGC1633897,65,4,200,7,16.50,16.09,15.85,,,0.15,,15.79,0.15
1634338,PGC1634338,84,3,293,6,17.23,16.82,16.53,,,0.11,,16.49,0.36
1634503,PGC1634503,57,4,139,5,16.37,16.08,15.92,16.61,16.92,0.22,0.26,15.91,0.07
1634527,PGC1634527,87,2,294,14,16.16,15.42,14.98,,,0.19,,14.85,0.73
1634766,PGC1634766,71,3,255,5,15.75,15.34,14.94,,,0.19,,14.87,0.27
1635828,PGC1635828,73,3,408,5,15.38,14.60,14.16,,,0.15,,13.98,0.30
1636363,PGC1636363,78,3,177,5,16.42,16.21,16.06,16.73,17.37,0.18,0.18,16.05,0.19
1636696,PGC1636696,63,4,217,5,15.58,15.14,14.90,,,0.15,,14.87,0.20
1638595,PGC1638595,80,3,156,5,17.07,16.61,16.37,,,0.18,,16.33,0.24
1638916,PGC1638916,52,4,62,17,17.45,17.29,16.96,,,0.09,,17.00,0.05
1640141,PGC1640141,76,3,160,7,16.10,15.76,15.60,,,0.17,,15.57,0.26
1640560,PGC1640560,53,4,247,5,16.10,15.77,15.49,,,0.16,,15.47,0.11
1641818,PGC1641818,79,3,266,56,16.64,16.32,16.11,16.66,17.28,0.11,0.14,16.09,0.21
1645554,PGC1645554,74,3,248,11,16.04,15.59,15.38,15.81,16.41,0.21,0.21,15.35,0.24
1646202,PGC1646202,77,3,59,5,15.77,15.47,15.31,,,0.18,,15.24,0.20
1646351,PGC1646351,89,1,191,5,17.19,16.69,16.43,,,0.17,,16.39,0.46
1646525,PGC1646525,83,3,249,90,16.85,16.11,15.71,,,0.11,,15.61,0.47
1647531,PGC1647531,67,4,200,8,15.68,15.27,15.03,15.45,16.16,0.16,0.19,15.00,0.18
1647688,PGC1647688,68,4,99,10,16.83,16.48,16.16,,,0.11,,16.12,0.15
1648312,PGC1648312,88,2,129,5,16.37,15.94,15.71,,,0.30,,15.56,0.39
1648997,PGC1648997,88,2,184,5,16.01,15.62,15.38,,,0.13,,15.33,0.61
1651298,PGC1651298,81,3,122,5,16.33,15.91,15.68,,,0.23,,15.56,0.25
1651666,PGC1651666,55,4,151,5,15.89,15.52,15.28,,,0.21,,15.24,0.11
1652054,PGC1652054,87,2,254,5,16.16,15.67,15.37,15.19,15.71,0.19,0.18,15.32,0.61
1653235,PGC1653235,68,4,188,5,17.15,16.80,16.59,,,0.14,,16.56,0.14
1654464,PGC1654464,81,3,212,9,16.78,16.36,16.12,,,0.19,,16.08,0.26
1659928,PGC1659928,83,3,325,5,15.87,15.36,15.03,,,0.19,,14.98,0.50
1660503,PGC1660503,61,4,425,5,15.49,14.75,14.31,,,0.15,,14.08,0.18
1661817,PGC1661817,82,3,150,10,16.80,16.23,15.82,,,0.11,,15.77,0.39
1662109,PGC1662109,52,4,197,19,15.66,14.98,14.62,14.87,15.46,0.19,0.19,14.49,0.12
1662132,PGC1662132,78,3,270,20,16.40,15.76,15.35,,,0.09,,15.29,0.40
1662274,PGC1662274,85,2,298,5,16.35,15.57,15.20,14.92,15.48,0.15,0.15,15.12,0.60
1663738,PGC1663738,89,1,289,24,17.18,16.69,16.32,,,0.16,,16.27,0.62
1663992,PGC1663992,66,4,255,15,15.99,15.63,15.35,,,0.13,,15.31,0.20
1664146,PGC1664146,86,2,188,20,16.25,15.60,15.18,,,0.16,,14.92,0.67
1665284,PGC1665284,75,3,258,5,15.70,15.34,15.16,,,0.19,,15.15,0.29
1668268,PGC1668268,70,4,191,5,15.99,15.50,15.21,,,0.24,,15.09,0.23
1668561,PGC1668561,78,3,184,6,17.03,16.76,16.59,,,0.17,,16.58,0.20
1668876,PGC1668876,74,3,178,6,16.08,15.13,14.57,,,0.16,,14.25,0.31
1669035,PGC1669035,72,3,280,5,,,,14.76,15.38,,0.20,,
1669105,PGC1669105,59,4,152,11,15.86,15.56,15.38,15.94,16.48,0.09,0.15,15.37,0.13
1669474,PGC1669474,67,4,303,7,15.28,14.61,14.27,14.37,14.97,0.11,0.16,14.20,0.24
1670546,PGC1670546,84,3,199,8,16.52,16.26,16.05,,,0.19,,16.04,0.32
1670646,PGC1670646,86,2,391,5,16.79,15.97,15.50,,,0.17,,15.34,0.61
1670777,PGC1670777,67,4,169,6,15.37,15.11,14.97,,,0.22,,14.97,0.19
1671627,PGC1671627,78,3,245,5,16.09,15.41,15.00,,,0.19,,14.68,0.39
1671830,PGC1671830,74,3,248,5,16.18,15.82,15.61,16.01,16.63,0.15,0.17,15.59,0.24
1672167,PGC1672167,71,4,265,13,16.28,15.96,15.72,,,0.15,,15.71,0.22
1672479,PGC1672479,64,4,234,12,16.36,15.95,15.69,,,0.11,,15.65,0.18
1672836,PGC1672836,83,3,687,5,16.09,15.21,14.67,,,0.21,,14.20,0.51
1673166,PGC1673166,72,3,244,5,15.81,15.18,14.85,14.89,15.48,0.13,0.16,14.69,0.27
1673342,PGC1673342,58,4,163,7,15.80,15.35,15.13,15.43,15.05,0.16,0.18,15.00,0.14
1675468,PGC1675468,81,3,138,15,17.38,17.09,16.99,,,0.10,,16.98,0.22
1676370,PGC1676370,85,2,180,8,16.79,16.50,16.33,,,0.16,,16.32,0.28
1678641,PGC1678641,87,2,269,5,16.52,16.10,15.78,,,0.19,,15.73,0.54
1679109,PGC1679109,76,3,322,11,15.41,14.99,14.71,,,0.17,,14.69,0.34
1679718,PGC1679718,81,3,448,5,15.71,15.04,14.62,,,0.17,,14.53,0.47
1680930,PGC1680930,80,3,399,8,15.81,15.24,14.89,,,0.18,,14.81,0.45
1682291,PGC1682291,60,4,170,7,17.07,16.68,16.43,,,0.18,,16.39,0.11
1682311,PGC1682311,90,1,180,10,17.06,16.66,16.41,16.95,17.84,0.17,0.18,16.38,0.42
1683891,PGC1683891,87,2,174,7,16.73,16.45,16.31,,,0.20,,16.30,0.34
1684911,PGC1684911,71,3,145,9,17.36,16.98,16.78,,,0.09,,16.74,0.17
1686494,PGC1686494,78,3,254,5,17.12,16.66,16.37,,,0.10,,16.34,0.28
1686533,PGC1686533,78,3,218,5,15.97,15.52,15.30,,,0.14,,15.27,0.36
1689673,PGC1689673,79,3,315,5,15.55,14.93,14.58,,,0.15,,14.54,0.43
1690486,PGC1690486,81,3,48,14,16.25,15.88,15.69,,,0.18,,15.66,0.23
1693174,PGC1693174,77,3,154,5,16.80,16.44,16.24,,,0.18,,16.16,0.19
1694421,PGC1694421,87,2,323,14,16.67,15.99,15.59,,,0.15,,15.50,0.71
1695996,PGC1695996,81,3,135,5,16.93,16.61,16.48,,,0.14,,16.43,0.23
1696613,PGC1696613,89,2,235,7,17.33,16.71,16.35,16.29,16.93,0.13,0.15,16.28,0.61
1697543,PGC1697543,87,3,201,7,17.23,16.89,16.77,,,0.08,,16.76,0.45
1698592,PGC1698592,80,3,362,5,16.85,16.09,15.64,,,0.13,,15.51,0.43
1698611,PGC1698611,82,3,273,54,16.42,15.95,15.65,,,0.12,,15.63,0.44
1699342,PGC1699342,59,4,316,18,15.64,15.15,14.82,,,0.09,,14.79,0.17
1700635,PGC1700635,85,2,101,7,16.27,15.95,15.80,,,0.16,,15.73,0.35
1700636,PGC1700636,81,3,227,6,16.25,15.88,15.64,,,0.22,,15.59,0.27
1700671,PGC1700671,72,3,21,5,16.30,15.89,15.74,,,0.21,,15.72,0.13
1701110,PGC1701110,66,4,277,14,,,,15.71,16.38,,0.19,,
1701855,PGC1701855,82,3,63,10,17.70,17.00,16.63,,,0.09,,16.54,0.24
1702096,PGC1702096,85,2,191,5,17.19,16.75,16.49,,,0.11,,16.44,0.38
1702677,PGC1702677,77,3,398,5,15.95,15.49,15.14,,,0.16,,15.11,0.38
1705975,PGC1705975,85,5,242,20,16.34,15.69,15.34,,,0.09,,15.26,0.62
1706574,PGC1706574,82,3,386,7,,,,14.43,15.02,,0.20,,
1706637,PGC1706637,82,3,204,8,16.55,16.23,16.08,,,0.11,,16.07,0.32
1707532,PGC1707532,74,3,119,16,16.73,16.37,16.14,16.62,17.20,0.12,0.17,16.09,0.15
1708438,PGC1708438,80,4,123,13,17.73,17.40,17.24,,,0.11,,17.21,0.20
1709453,PGC1709453,86,2,92,5,16.05,15.72,15.57,,,0.22,,15.54,0.34
1709891,PGC1709891,76,3,228,8,16.76,16.46,16.23,,,0.15,,16.22,0.20
1710134,PGC1710134,88,2,194,6,16.93,16.51,16.22,,,0.14,,16.20,0.56
1710844,PGC1710844,65,4,263,10,16.00,15.43,15.09,,,0.13,,14.91,0.21
1712509,PGC1712509,89,1,198,5,16.59,16.10,15.86,,,0.18,,15.81,0.53
1712782,PGC1712782,71,3,267,9,16.38,15.94,15.64,,,0.14,,15.60,0.23
1712979,PGC1712979,84,3,259,7,16.33,15.68,15.32,,,0.16,,15.20,0.52
1713203,PGC1713203,47,6,297,5,15.69,15.05,14.69,,,0.17,,14.58,0.09
1713379,PGC1713379,71,3,299,5,16.31,15.86,15.57,,,0.10,,15.55,0.27
1714044,PGC1714044,78,3,402,18,15.87,15.24,14.77,,,0.14,,14.66,0.40
1714462,PGC1714462,78,3,174,11,16.41,15.97,15.77,,,0.19,,15.70,0.29
1715761,PGC1715761,86,2,212,7,17.18,16.75,16.51,,,0.15,,16.49,0.36
1717357,PGC1717357,74,3,316,6,15.85,15.03,14.58,,,0.22,,14.34,0.33
1717815,PGC1717815,68,4,161,5,16.05,15.57,15.33,,,0.09,,15.29,0.23
1718269,PGC1718269,87,2,419,7,15.90,15.23,14.85,,,0.14,,14.76,0.74
1718798,PGC1718798,65,4,188,5,16.20,15.86,15.69,,,0.26,,15.67,0.13
1720474,PGC1720474,70,3,220,7,16.04,15.65,15.40,,,0.16,,15.32,0.23
1721388,PGC1721388,68,4,213,5,16.15,15.79,15.57,16.06,16.73,0.23,0.16,15.55,0.17
1721876,PGC1721876,84,3,256,10,17.18,16.57,16.20,,,0.13,,15.98,0.47
1722011,PGC1722011,64,4,229,11,16.08,15.74,15.53,,,0.21,,15.52,0.16
1722508,PGC1722508,83,3,324,15,16.73,15.95,15.52,,,0.18,,15.41,0.46
1722532,PGC1722532,77,3,271,17,16.26,15.83,15.57,,,0.13,,15.55,0.34
1722966,PGC1722966,69,3,352,5,15.63,15.12,14.78,,,0.14,,14.73,0.27
1724183,PGC1724183,86,2,188,12,16.44,16.14,15.96,16.54,17.16,0.15,0.18,15.96,0.37
1726421,PGC1726421,78,3,211,7,16.22,15.81,15.61,,,0.23,,15.59,0.26
1726960,PGC1726960,81,3,294,14,17.00,16.61,16.33,,,0.15,,16.30,0.30
1729964,PGC1729964,85,2,128,18,16.30,15.69,15.47,,,0.24,,15.39,0.49
1730556,PGC1730556,85,2,258,6,16.16,15.64,15.35,,,0.17,,15.27,0.49
1733796,PGC1733796,85,2,270,5,16.87,16.41,16.13,,,0.16,,16.09,0.41
1735087,PGC1735087,79,3,322,5,15.76,15.18,14.84,,,0.17,,14.78,0.40
1736432,PGC1736432,52,4,171,5,16.01,15.58,15.41,,,0.16,,15.38,0.09
1737674,PGC1737674,73,3,81,5,17.46,17.32,17.35,,,0.09,,17.31,0.15
1738223,PGC1738223,72,3,246,5,16.02,15.50,15.17,,,0.14,,15.00,0.27
1738851,PGC1738851,81,3,153,12,17.07,16.77,16.61,,,0.10,,16.58,0.25
1738874,PGC1738874,60,4,151,5,15.47,15.10,14.97,,,0.19,,14.94,0.12
1738903,PGC1738903,80,3,290,5,16.13,15.58,15.14,,,0.16,,15.03,0.43
1739538,PGC1739538,72,3,186,5,15.78,15.60,15.48,,,0.20,,15.48,0.19
1739846,PGC1739846,75,5,165,5,16.22,15.74,15.55,,,0.26,,15.51,0.17
1740300,PGC1740300,59,4,270,5,15.47,14.94,14.60,,,0.16,,14.56,0.17
1740490,PGC1740490,78,4,125,7,16.10,15.80,15.69,,,0.19,,15.67,0.24
1742649,PGC1742649,90,1,348,11,16.83,16.24,15.86,,,0.18,,15.74,0.80
1742752,PGC1742752,73,3,241,6,16.64,16.21,15.91,,,0.17,,15.75,0.21
1744765,PGC1744765,79,3,461,18,15.70,14.89,14.40,,,0.17,,14.16,0.38
1745706,PGC1745706,66,4,100,5,16.46,16.12,15.95,,,0.09,,15.89,0.14
1746411,PGC1746411,88,2,495,10,16.18,15.36,14.87,,,0.16,,14.79,0.81
1747031,PGC1747031,86,2,180,18,16.57,16.12,15.87,,,0.23,,15.77,0.41
1748393,PGC1748393,75,3,213,5,15.71,15.41,15.27,,,0.15,,15.26,0.26
1748738,PGC1748738,75,3,531,8,15.49,14.71,14.25,,,0.18,,14.10,0.34
1749529,PGC1749529,80,3,332,5,16.26,15.62,15.25,,,0.16,,15.08,0.40
1750220,PGC1750220,47,6,155,5,16.81,16.54,16.38,,,0.14,,16.35,0.06
1750703,PGC1750703,70,3,182,6,16.12,15.89,15.71,,,0.16,,15.70,0.19
1753152,PGC1753152,71,3,189,19,15.93,15.49,15.26,,,0.13,,15.19,0.27
1753226,PGC1753226,79,3,402,5,16.05,15.15,14.64,,,0.23,,14.41,0.42
1755085,PGC1755085,85,2,210,5,17.35,16.97,16.69,,,0.15,,16.68,0.32
1755705,PGC1755705,69,3,170,34,15.93,15.36,14.98,,,0.14,,14.90,0.25
1758561,PGC1758561,76,3,234,17,16.51,15.96,15.72,15.88,16.55,0.15,0.19,15.59,0.25
1759040,PGC1759040,79,3,233,5,16.10,15.74,15.52,,,0.18,,15.48,0.33
1759841,PGC1759841,89,2,108,19,17.30,16.64,16.31,,,0.15,,16.12,0.55
1760213,PGC1760213,88,2,383,5,16.65,16.09,15.72,,,0.13,,15.67,0.78
1760270,PGC1760270,82,3,89,6,17.21,16.96,16.85,,,0.16,,16.82,0.22
1763076,PGC1763076,72,4,264,20,16.05,15.33,14.95,,,0.11,,14.88,0.31
1763509,PGC1763509,52,4,240,20,15.96,15.37,15.06,,,0.07,,14.99,0.13
1763621,PGC1763621,81,3,88,11,15.53,14.95,14.64,,,0.29,,14.46,0.38
1763830,PGC1763830,54,4,139,7,16.99,16.74,16.62,,,0.12,,16.61,0.07
1763946,PGC1763946,66,4,199,15,15.71,15.21,14.84,,,0.12,,14.75,0.24
1764097,PGC1764097,88,2,263,7,17.29,16.82,16.46,,,0.16,,16.43,0.48
1766890,PGC1766890,86,2,178,5,17.65,17.36,17.24,17.81,17.87,0.12,0.14,17.25,0.30
1767894,PGC1767894,88,2,308,5,16.16,15.54,15.22,,,0.15,,15.14,0.78
1768882,PGC1768882,80,3,290,5,16.12,15.46,15.07,,,0.16,,14.84,0.43
1775717,PGC1775717,76,3,354,38,16.15,15.64,15.31,,,0.14,,15.19,0.34
1776149,PGC1776149,72,3,207,5,16.34,15.96,15.75,,,0.14,,15.70,0.23
1776183,PGC1776183,68,4,347,5,15.87,15.37,15.04,,,0.14,,14.91,0.26
1776198,PGC1776198,69,3,325,17,15.83,15.18,14.83,,,0.10,,14.71,0.27
1776406,PGC1776406,84,3,131,8,16.12,15.81,15.61,,,0.17,,15.59,0.37
1776658,PGC1776658,79,3,217,5,16.04,15.62,15.40,,,0.20,,15.32,0.27
1778403,PGC1778403,81,3,281,19,16.39,15.55,15.05,14.52,14.97,0.20,0.22,14.93,0.47
1778906,PGC1778906,81,3,256,19,,,,15.46,16.19,,0.18,,
1779207,PGC1779207,89,1,256,14,17.11,16.82,16.55,,,0.14,,16.55,0.49
1780986,PGC1780986,81,3,234,5,17.09,16.74,16.45,,,0.09,,16.44,0.31
1781021,PGC1781021,79,3,293,19,16.47,15.85,15.49,,,0.10,,15.40,0.42
1781344,PGC1781344,83,3,301,5,15.71,15.19,14.85,,,0.23,,14.80,0.51
1782334,PGC1782334,73,3,169,12,17.02,16.68,16.56,,,0.15,,16.54,0.16
1782560,PGC1782560,78,3,203,6,16.69,16.31,16.09,,,0.16,,16.04,0.25
1783858,PGC1783858,88,2,266,5,16.62,16.25,16.00,,,0.20,,15.99,0.55
1786767,PGC1786767,89,1,257,7,16.87,16.22,15.86,,,0.15,,15.76,0.78
1787175,PGC1787175,77,3,275,5,16.54,15.86,15.47,,,0.09,,15.37,0.36
1787183,PGC1787183,72,3,153,5,16.82,16.41,16.31,,,0.14,,16.29,0.16
1787484,PGC1787484,83,3,168,12,16.38,16.18,16.04,16.64,16.93,0.18,0.18,16.06,0.30
1789145,PGC1789145,60,4,174,20,15.84,15.32,15.03,14.97,15.55,0.10,0.14,14.89,0.17
1789379,PGC1789379,74,3,215,5,16.62,16.17,15.94,,,0.19,,15.91,0.23
1791908,PGC1791908,75,3,165,20,16.60,16.12,15.87,,,0.19,,15.80,0.26
1792022,PGC1792022,71,3,228,5,16.27,15.87,15.64,,,0.19,,15.60,0.23
1793779,PGC1793779,87,2,210,5,15.94,15.49,15.24,,,0.18,,15.16,0.65
1794228,PGC1794228,89,1,350,5,16.50,15.92,15.54,,,0.12,,15.46,0.89
1794291,PGC1794291,64,4,57,20,16.23,15.44,15.00,,,0.10,,14.92,0.19
1794380,PGC1794380,88,2,246,5,17.47,17.07,16.79,,,0.11,,16.76,0.46
1794972,PGC1794972,81,3,426,7,15.83,15.01,14.59,,,0.08,,14.54,0.44
1795044,PGC1795044,88,2,249,13,,,,16.64,17.39,,0.17,,
1795920,PGC1795920,84,3,297,15,16.38,15.88,15.58,,,0.18,,15.44,0.50
1796013,PGC1796013,57,4,169,11,16.23,15.72,15.34,,,0.20,,15.21,0.13
1797316,PGC1797316,64,4,219,9,16.02,15.74,15.51,,,0.15,,15.49,0.19
1797544,PGC1797544,88,2,368,5,16.43,15.85,15.46,,,0.16,,15.42,0.81
1798258,PGC1798258,76,3,181,5,16.55,16.15,15.93,,,0.17,,15.88,0.25
1798333,PGC1798333,89,1,195,12,16.28,15.65,15.28,15.12,15.66,0.16,0.17,15.13,0.78
1799182,PGC1799182,83,3,107,8,16.30,15.94,15.77,,,0.21,,15.69,0.28
1800124,PGC1800124,63,4,48,18,16.08,15.49,15.23,,,0.17,,15.04,0.15
1800162,PGC1800162,87,2,350,13,16.62,15.81,15.34,,,0.17,,15.17,0.73
1800577,PGC1800577,72,3,214,19,15.94,15.43,15.15,,,0.17,,14.95,0.29
1801205,PGC1801205,50,4,207,19,16.68,16.20,15.93,,,0.15,,15.86,0.10
1801805,PGC1801805,62,4,294,18,16.10,15.34,14.92,,,0.14,,14.73,0.19
1801925,PGC1801925,89,3,457,5,16.18,15.27,14.76,,,0.14,,14.67,0.89
1802210,PGC1802210,89,1,146,6,16.67,16.27,16.11,,,0.20,,16.06,0.45
1804303,PGC1804303,67,6,206,18,16.47,15.95,15.67,15.96,16.56,0.10,0.14,15.58,0.20
1805856,PGC1805856,78,3,54,5,16.51,16.16,16.14,,,0.16,,15.91,0.20
1806071,PGC1806071,86,2,301,7,16.30,15.68,15.22,,,0.18,,15.11,0.66
1806748,PGC1806748,62,4,391,18,16.09,15.46,15.05,,,0.15,,14.93,0.20
1808609,PGC1808609,63,4,91,7,16.36,16.01,15.78,,,0.17,,15.65,0.12
1809186,PGC1809186,72,3,273,8,15.92,15.28,14.92,15.02,15.55,0.23,0.20,14.78,0.28
1809211,PGC1809211,87,2,350,5,,,,16.11,16.60,,0.15,,
1809668,PGC1809668,64,4,231,16,17.30,16.89,16.60,,,0.13,,16.50,0.13
1810033,PGC1810033,53,4,162,5,16.02,15.63,15.37,,,0.25,,15.30,0.09
1810208,PGC1810208,75,3,154,20,17.47,17.07,16.89,,,0.14,,16.81,0.18
1810526,PGC1810526,90,2,390,20,,,,14.40,14.94,,0.24,,
1811357,PGC1811357,89,1,172,5,17.18,16.79,16.64,,,0.16,,16.62,0.43
1811565,PGC1811565,85,2,119,9,16.21,15.77,15.37,,,0.26,,15.24,0.36
1813242,PGC1813242,73,3,86,20,16.52,16.01,15.77,,,0.09,,15.66,0.25
1814509,PGC1814509,83,3,283,17,16.64,16.28,16.08,,,0.16,,16.07,0.38
1815965,PGC1815965,88,2,251,7,17.12,16.59,16.28,,,0.13,,16.16,0.59
1819065,PGC1819065,60,4,154,5,16.64,16.36,16.14,,,0.17,,16.10,0.10
1819988,PGC1819988,64,4,188,5,16.54,16.18,16.00,,,0.12,,15.96,0.15
1821272,PGC1821272,82,4,266,30,16.30,15.70,15.28,,,0.15,,15.15,0.49
1823041,PGC1823041,79,3,314,7,15.89,15.31,14.98,,,0.15,,14.92,0.41
1823684,PGC1823684,70,3,249,17,16.22,15.68,15.34,15.38,15.92,0.13,0.18,15.25,0.24
1825076,PGC1825032,80,3,117,6,16.33,15.66,15.30,,,0.10,,15.24,0.36
1825294,PGC1825294,82,3,223,7,16.18,15.71,15.48,,,0.15,,15.30,0.46
1825647,PGC1825647,71,3,321,11,16.26,15.67,15.31,,,0.12,,15.26,0.27
1826770,PGC1826770,54,7,211,8,16.17,15.75,15.49,,,0.13,,15.46,0.12
1829631,PGC1829631,78,3,175,7,17.04,16.77,16.56,,,0.18,,16.52,0.19
1829752,PGC1829752,64,4,149,5,16.30,15.86,15.64,,,0.21,,15.60,0.14
1830772,PGC1830772,68,4,191,5,15.81,15.37,15.15,,,0.27,,15.08,0.20
1831130,PGC1831130,63,4,194,19,16.30,15.71,15.40,15.51,16.01,0.14,0.16,15.19,0.18
1831385,PGC1831385,88,2,237,9,15.80,15.35,15.07,,,0.13,,14.91,0.81
1831799,PGC1831799,82,3,124,5,16.99,16.65,16.43,,,0.16,,16.40,0.27
1832164,PGC1832164,70,3,92,5,16.61,16.22,16.02,,,0.15,,16.00,0.15
1832344,PGC1832344,75,3,202,25,16.13,15.87,15.71,,,0.15,,15.70,0.26
1833846,PGC1833846,90,1,220,17,17.68,17.09,16.68,,,0.21,,16.62,0.63
1834191,PGC1834191,73,4,203,5,16.43,15.96,15.73,,,0.21,,15.69,0.22
1834439,PGC1834439,80,3,409,26,15.90,15.43,15.11,,,0.12,,15.09,0.45
1834820,PGC1834820,86,5,175,6,17.05,16.58,16.34,,,0.13,,16.29,0.44
1835223,PGC1835223,82,3,232,18,16.30,15.90,15.60,15.87,16.49,0.19,0.20,15.58,0.36
1835916,PGC1835916,70,3,336,11,15.62,15.11,14.76,,,0.16,,14.68,0.27
1836659,PGC1836659,75,3,353,9,15.87,15.29,14.94,,,0.14,,14.90,0.34
1836905,PGC1836905,77,3,213,13,16.47,15.98,15.69,,,0.19,,15.54,0.28
1836988,PGC1836988,86,2,198,5,16.62,16.24,16.00,16.49,17.01,0.19,0.19,15.98,0.36
1837824,PGC1837824,72,3,238,6,16.40,15.91,15.69,,,0.19,,15.51,0.23
1837976,PGC1837976,82,3,170,5,16.47,16.11,15.93,,,0.24,,15.91,0.24
1838642,PGC1838642,87,2,203,5,17.66,17.20,16.95,,,0.11,,16.93,0.37
1838759,PGC1838759,70,3,326,9,16.50,16.01,15.66,,,0.14,,15.61,0.24
1840001,PGC1840001,55,4,151,5,15.94,15.53,15.34,,,0.20,,15.31,0.11
1842977,PGC1842977,76,3,265,5,16.73,16.34,16.10,,,0.14,,16.08,0.26
1844733,PGC1844733,78,3,203,5,16.10,15.51,15.18,,,0.22,,14.94,0.33
1845056,PGC1845056,59,5,100,5,16.34,15.81,15.59,,,0.14,,15.55,0.12
1846853,PGC1846853,85,2,242,35,17.08,16.51,16.20,,,0.15,,16.11,0.43
1846998,PGC1846998,84,3,280,5,15.94,15.29,14.93,,,0.18,,14.87,0.57
1849525,PGC1849525,72,3,255,5,16.32,15.75,15.44,,,0.15,,15.33,0.27
1851613,PGC1851613,69,3,238,12,16.51,16.08,15.78,,,0.12,,15.66,0.20
1853288,PGC1853288,54,4,265,11,16.00,15.57,15.24,,,0.11,,15.23,0.14
1856187,PGC1856187,64,4,286,5,16.06,15.61,15.36,,,0.14,,15.33,0.18
1856846,PGC1856846,83,3,168,20,17.46,17.01,16.75,,,0.15,,16.69,0.29
1857314,PGC1857314,70,3,203,12,16.48,15.96,15.66,,,0.14,,15.57,0.23
1859243,PGC1859243,89,1,217,17,17.07,16.66,16.40,,,0.13,,16.38,0.58
1860497,PGC1860497,83,3,191,5,16.25,15.77,15.47,,,0.14,,15.42,0.45
1862749,PGC1862749,82,3,167,5,16.26,15.90,15.75,,,0.19,,15.72,0.28
1863351,PGC1863351,82,3,209,6,16.87,16.48,16.16,,,0.14,,16.11,0.34
1866344,PGC1866344,89,1,284,5,15.90,15.52,15.26,,,0.21,,15.25,0.80
1866678,PGC1866678,75,3,130,5,17.10,16.68,16.56,,,0.15,,16.53,0.28
1867944,PGC1867944,80,3,127,5,16.71,16.42,16.26,,,0.20,,16.20,0.21
1868107,PGC1868107,66,4,205,5,16.43,16.01,15.62,,,0.21,,15.59,0.16
1869094,PGC1869094,79,3,252,5,16.37,15.67,15.25,,,0.15,,15.00,0.38
1869192,PGC1869192,84,3,233,27,16.81,16.30,16.00,,,0.12,,15.93,0.47
1869613,PGC1869613,78,4,215,11,15.88,15.16,14.75,,,0.12,,14.62,0.38
1871091,PGC1871091,88,2,345,19,15.99,15.09,14.58,,,0.18,,14.48,0.78
1871606,PGC1871606,72,4,249,13,16.34,15.79,15.50,,,0.09,,15.38,0.30
1874639,PGC1874639,75,3,184,7,15.86,15.54,15.35,,,0.19,,15.15,0.27
1875149,PGC1875149,89,1,314,10,16.34,15.82,15.52,,,0.18,,15.44,0.75
1875500,PGC1875500,64,4,220,28,15.96,15.29,14.81,,,0.09,,14.63,0.21
1877049,PGC1877049,81,3,161,6,16.93,16.53,16.32,,,0.16,,16.14,0.26
1879657,PGC1879657,77,3,481,5,15.58,14.74,14.30,,,0.13,,14.18,0.37
1880431,PGC1880431,65,4,477,21,15.73,15.20,14.85,,,0.17,,14.82,0.22
1885347,PGC1885347,87,4,146,7,17.14,16.77,16.59,,,0.17,,16.57,0.34
1885372,PGC1885372,76,3,380,6,15.50,14.88,14.50,,,0.24,,14.44,0.37
1897176,PGC1897176,71,3,231,7,15.92,15.35,15.01,15.08,15.61,0.12,0.16,14.89,0.26
1897674,PGC1897674,71,3,176,5,17.09,16.75,16.52,,,0.13,,16.50,0.16
1900773,PGC1900773,90,1,220,5,15.74,15.11,14.77,,,0.15,,14.64,0.98
1902255,PGC1902255,54,4,63,15,16.61,16.30,16.12,16.79,17.36,0.10,0.13,16.12,0.06
1902722,PGC1902722,88,2,284,5,16.66,15.96,15.59,,,0.19,,15.39,0.74
1902752,PGC1902752,82,3,301,5,15.71,15.05,14.69,,,0.15,,14.58,0.50
1903418,PGC1903418,74,3,181,6,16.38,15.95,15.69,,,0.14,,15.60,0.23
1903452,PGC1903452,78,3,147,10,16.87,16.55,16.40,,,0.13,,16.38,0.22
1904373,PGC1904373,72,3,96,12,16.16,15.79,15.44,15.49,16.28,0.22,0.21,15.34,0.15
1904688,PGC1904688,84,3,277,9,,,,15.65,16.17,,0.19,,
1908403,PGC1908403,70,3,295,18,16.64,16.30,16.07,,,0.12,,16.01,0.23
1912053,PGC1912053,88,2,278,7,16.35,15.65,15.27,,,0.14,,15.13,0.81
1923061,PGC1923061,78,3,91,7,16.93,16.60,16.50,,,0.14,,16.38,0.19
1923117,PGC1923117,81,3,256,7,15.91,15.46,15.17,15.50,16.11,0.23,0.21,15.15,0.36
1925149,PGC1925149,82,3,192,6,16.45,16.18,16.03,,,0.13,,16.02,0.32
1925998,PGC1925998,83,3,214,17,16.13,15.68,15.41,,,0.18,,15.30,0.41
1926773,PGC1926773,50,4,61,5,15.87,15.51,15.35,,,0.17,,15.28,0.06
1928708,PGC1928708,74,3,263,5,15.74,15.20,14.87,,,0.14,,14.83,0.32
1930896,PGC1930896,77,3,194,8,16.55,16.16,15.94,,,0.15,,15.85,0.25
1931880,PGC1931880,78,3,212,11,16.77,16.23,15.88,,,0.12,,15.74,0.32
1939305,PGC1939305,78,3,300,5,15.97,15.51,15.22,,,0.18,,15.19,0.37
1941866,PGC1941866,85,2,354,5,16.65,16.16,15.76,,,0.13,,15.72,0.56
1946629,PGC1946629,77,3,153,6,16.11,15.77,15.65,,,0.21,,15.63,0.23
1948571,PGC1948571,52,5,93,5,16.32,15.93,15.69,16.17,16.84,0.16,0.19,15.58,0.06
1950028,PGC1950028,82,3,333,5,16.54,15.84,15.34,,,0.16,,15.21,0.48
1957022,PGC1957022,54,4,128,10,15.99,15.15,14.71,,,0.14,,14.54,0.14
1958193,PGC1958193,67,4,80,5,16.54,16.27,16.06,,,0.18,,16.04,0.10
1960307,PGC1960307,84,3,184,5,15.97,15.71,15.58,16.14,16.52,0.30,0.13,15.58,0.24
1960313,PGC1960313,74,4,155,6,16.16,15.82,15.67,,,0.25,,15.59,0.15
1962194,PGC1962194,53,4,193,5,15.44,14.72,14.31,,,0.12,,14.19,0.13
1964491,PGC1964491,89,1,197,5,16.67,16.09,15.74,,,0.21,,15.59,0.68
1966406,PGC1966406,72,3,226,7,16.96,16.46,16.18,,,0.14,,16.10,0.21
1973805,PGC1973805,76,3,221,6,16.02,15.69,15.50,,,0.20,,15.50,0.27
1973976,PGC1973976,78,3,179,13,16.58,16.41,16.23,16.81,17.25,0.13,0.19,16.25,0.19
1980194,PGC1980194,87,3,176,10,16.65,16.22,16.07,,,0.11,,16.05,0.52
1980913,PGC1980913,83,3,461,13,,,,14.23,14.79,,0.19,,
1987458,PGC1987458,79,5,284,5,15.85,15.04,14.58,,,0.15,,14.44,0.41
1988121,PGC1988121,74,3,323,17,15.88,15.25,14.84,,,0.14,,14.75,0.33
1990089,PGC1990089,67,4,156,6,16.53,16.33,16.21,,,0.15,,16.22,0.14
1996875,PGC1996875,79,3,284,10,16.25,15.66,15.32,,,0.13,,15.27,0.39
1999635,PGC1999635,84,3,401,5,16.17,15.35,14.85,,,0.14,,14.71,0.58
1999660,PGC1999660,86,2,355,5,15.52,14.83,14.44,,,0.22,,14.37,0.68
2005102,PGC2005102,79,3,162,8,16.56,16.13,15.84,,,0.11,,15.72,0.33
2008020,PGC2008020,75,3,247,9,16.87,16.37,16.09,,,0.13,,15.96,0.25
2012770,PGC2012770,87,2,300,6,15.98,15.36,15.04,,,0.10,,15.00,0.74
2014914,PGC2014914,70,16,189,5,,,,16.53,17.04,,0.15,,
2015034,PGC2015034,82,3,105,5,16.62,16.36,16.26,,,0.19,,16.25,0.22
2019495,PGC2019495,71,3,584,20,17.23,16.70,16.38,,,0.13,,16.25,0.26
2026777,PGC2026777,84,3,363,11,16.79,16.13,15.69,,,0.17,,15.49,0.50
2026905,PGC2026905,88,2,132,5,16.30,15.84,15.62,,,0.28,,15.58,0.44
2027564,PGC2027564,88,2,221,5,,,,15.33,15.74,,0.10,,
2028720,PGC2028720,87,4,276,14,,,,15.76,-100.00,,0.11,,
2029316,PGC2029316,66,4,212,5,16.25,15.55,15.12,15.17,15.71,0.15,0.17,14.82,0.20
2031794,PGC2031794,62,5,270,9,16.50,15.97,15.61,,,0.14,,15.57,0.18
2033243,PGC2033243,84,3,312,7,,,,15.31,15.83,,0.15,,
2034776,PGC2034776,86,2,212,7,16.67,16.34,16.11,,,0.21,,16.10,0.38
2035088,PGC2035088,52,4,228,5,16.34,15.85,15.61,,,0.12,,15.50,0.12
2036114,PGC2036114,64,4,111,7,16.46,16.10,15.97,,,0.18,,15.94,0.13
2036190,PGC2036190,83,3,247,12,17.61,17.36,17.18,,,0.12,,17.21,0.23
2037244,PGC2037244,79,3,184,5,16.53,16.09,15.84,,,0.16,,15.82,0.29
2039082,PGC2039082,79,3,260,12,16.18,15.61,15.29,,,0.11,,15.26,0.41
2041387,PGC2041387,70,3,290,19,15.26,14.55,14.16,,,0.18,,13.93,0.28
2041781,PGC2041781,88,2,356,6,,,,14.30,14.81,,0.18,,
2043261,PGC2043261,84,4,334,6,17.21,16.55,16.12,,,0.06,,16.06,0.47
2043826,PGC2043826,72,3,174,5,16.58,16.28,16.10,,,0.19,,16.10,0.17
2043902,PGC2043902,87,2,141,8,16.73,16.39,16.16,,,0.18,,16.13,0.37
2044571,PGC2044571,81,3,168,5,16.62,16.33,16.19,,,0.19,,16.18,0.22
2045810,PGC2045810,64,4,300,19,,,,15.35,16.03,,0.19,,
2047957,PGC2047957,85,2,217,13,,,,15.42,15.97,,0.17,,
2050148,PGC2050148,78,3,160,10,16.82,16.54,16.38,16.85,17.23,0.18,0.23,16.31,0.17
2050781,PGC2050781,74,3,159,12,16.06,15.62,15.42,,,0.15,,15.27,0.22
2053079,PGC2053079,82,3,77,7,16.84,16.65,16.52,,,0.14,,16.49,0.22
2053217,PGC2053217,87,2,153,8,16.75,16.47,16.24,,,0.13,,16.23,0.40
2054736,PGC2054736,55,4,214,15,,,,15.96,16.54,,0.19,,
2056688,PGC2056688,62,4,194,5,15.67,15.11,14.71,15.02,15.61,0.27,0.28,14.55,0.15
2057095,PGC2057095,86,2,356,20,,,,14.04,14.45,,0.15,,
2057435,PGC2057435,70,3,251,9,15.43,14.97,14.66,,,0.14,,14.64,0.27
2061156,PGC2061156,79,3,270,19,,,,15.55,16.11,,0.17,,
2062277,PGC2062277,89,1,190,5,16.82,16.48,16.31,16.97,17.56,0.20,0.27,16.13,0.42
2064608,PGC2064608,79,3,116,5,16.35,16.02,15.89,,,0.23,,15.86,0.21
2069008,PGC2069008,87,2,286,5,,,,14.91,15.51,,0.19,,
2069619,PGC2069619,73,3,194,5,16.60,16.22,15.94,,,0.16,,15.93,0.21
2070661,PGC2070661,75,3,330,8,,,,15.07,15.63,,0.19,,
2071660,PGC2071660,80,3,210,13,17.05,16.54,16.35,,,0.09,,16.31,0.31
2071747,PGC2071747,85,2,241,12,,,,15.62,16.07,,0.17,,
2071924,PGC2071924,75,3,276,5,15.96,15.38,15.06,,,0.20,,14.90,0.33
2074388,PGC2074388,81,3,195,5,,,,16.06,16.65,,0.24,,
2074451,PGC2074451,83,3,274,5,,,,15.29,15.74,,0.26,,
2075680,PGC2075680,89,1,151,9,,,,15.57,16.06,,0.19,,
2090075,PGC2090075,74,3,248,18,16.11,15.64,15.41,,,0.12,,15.40,0.31
2104051,PGC2104051,87,2,203,19,15.77,15.38,15.17,,,0.19,,15.16,0.66
2111203,PGC2111203,88,2,382,18,,,,13.72,14.20,,0.18,,
2135066,PGC2135066,83,3,187,19,16.20,15.63,15.32,,,0.13,,15.29,0.53
2142467,PGC2142467,84,3,268,19,16.35,15.87,15.58,15.69,16.36,0.13,0.17,15.56,0.50
2144996,PGC2144996,65,4,167,18,16.48,16.23,16.10,16.82,17.28,0.14,0.18,16.10,0.12
2164732,PGC2164732,79,3,254,18,16.14,15.71,15.46,15.60,16.21,0.16,0.20,15.43,0.34
2167999,PGC2167999,71,5,424,17,,,,13.09,13.66,,0.41,,
2171051,PGC2171051,61,4,161,18,,,,14.82,15.43,,0.20,,
2183839,PGC2183839,87,3,224,18,17.14,16.70,16.46,,,0.10,,16.44,0.57
2188844,PGC2188844,83,3,250,20,16.20,15.71,15.42,15.59,16.10,0.11,0.13,15.38,0.46
2192965,PGC2192965,84,3,264,18,16.31,15.84,15.60,,,0.24,,15.57,0.43
2194278,PGC2194278,79,3,167,19,16.53,16.13,15.88,16.17,16.79,0.14,0.19,15.84,0.28
2202343,PGC2202343,82,3,222,18,16.23,15.75,15.46,15.60,16.05,0.15,0.16,15.43,0.40
2205911,PGC2205911,71,3,181,19,15.64,15.20,14.96,15.19,15.76,0.11,0.17,14.92,0.25
2207978,PGC2207978,84,3,168,18,16.56,16.13,15.91,16.47,17.05,0.23,0.23,15.87,0.28
2231252,PGC2231252,85,3,232,18,16.22,15.82,15.58,,,0.16,,15.56,0.54
2235514,PGC2235514,64,4,142,19,15.82,15.38,15.12,15.60,16.02,0.18,0.19,15.09,0.18
2236462,PGC2236462,78,3,407,20,15.96,15.10,14.64,,,0.09,,14.54,0.25
2271763,PGC2271763,55,4,143,16,16.77,16.48,16.31,,,0.15,,16.29,0.08
2294259,PGC2294259,87,2,175,19,17.17,16.80,16.56,,,0.16,,16.54,0.50
2296364,PGC2296364,77,3,269,19,,,,14.21,14.66,,0.15,,
2310855,PGC2310855,70,5,179,19,16.27,15.96,15.80,,,0.17,,15.80,0.22
2312967,PGC2312967,87,2,357,19,16.01,15.34,14.92,,,0.17,,14.84,0.74
2351948,PGC2351948,84,3,354,15,,,,13.41,13.92,,0.23,,
2362165,PGC2362165,84,3,255,20,17.09,16.45,16.07,,,0.09,,16.02,0.58
2379571,PGC2379571,83,3,254,20,16.78,16.18,15.86,,,0.13,,15.82,0.51
2388090,PGC2388090,86,2,143,18,17.44,17.04,16.91,,,0.13,,16.88,0.34
2404995,PGC2404995,80,3,208,19,15.97,15.53,15.25,,,0.16,,15.23,0.44
2405029,PGC2405029,81,3,421,18,,,,13.83,14.42,,0.20,,
2410161,PGC2410161,72,4,462,20,,,,13.66,14.28,,0.28,,
2412511,PGC2412511,72,5,313,18,,,,13.75,14.25,,0.24,,
2429286,PGC2429286,68,4,165,19,16.92,16.59,16.39,17.28,17.73,0.14,0.16,16.37,0.11
2491615,PGC2491615,79,3,326,17,,,,13.60,14.19,,0.28,,
2510170,PGC2510170,88,2,217,18,16.74,16.26,15.99,,,0.18,,15.96,0.66
2516657,PGC2516657,88,2,236,19,17.46,16.90,16.57,,,0.13,,16.54,0.67
2527802,PGC2527802,77,3,370,17,,,,13.40,13.88,,0.25,,
2588034,PGC2588034,60,4,355,18,16.21,15.06,14.44,13.92,14.54,0.15,0.18,13.73,0.17
2605267,PGC2605267,74,3,204,20,16.04,15.64,15.41,,,0.13,,15.40,0.33
2607686,PGC2607686,86,2,558,17,15.71,14.46,13.74,,,0.32,,12.85,0.45
2609142,PGC2609142,83,3,241,19,16.32,16.00,15.84,,,0.19,,15.84,0.40
2648877,PGC2648877,65,4,187,19,16.29,15.89,15.64,,,0.11,,15.61,0.21
2663108,PGC2663108,77,7,433,15,,,,13.68,14.23,,0.15,,
2665101,PGC2665101,61,5,195,19,16.34,16.03,15.81,,,0.14,,15.80,0.15
2681954,PGC2681954,88,2,291,18,,,,13.67,14.22,,0.23,,
2690708,PGC2690708,72,3,213,18,16.14,15.80,15.57,16.23,16.70,0.15,0.16,15.53,0.19
2702271,PGC2702271,84,3,270,19,15.80,15.47,15.25,,,0.19,,15.23,0.58
2717343,PGC2717343,81,3,497,18,17.19,15.44,14.55,,,0.22,,13.19,0.34
2719024,PGC2719024,82,3,322,18,,,,13.58,14.06,,0.18,,
2737495,PGC2737495,57,4,274,16,,,,13.61,14.21,,0.25,,
2763301,PGC2763301,88,2,269,17,17.11,15.81,15.01,,,0.25,,13.91,0.82
2766176,PGC2766176,76,3,397,19,,,,13.99,14.44,,0.15,,
2793659,PGC2793659,86,2,361,15,16.89,16.08,15.65,,,0.18,,15.46,0.63
2806869,PGC2806869,58,4,85,6,16.41,16.07,15.83,,,0.22,,15.76,0.09
2806871,PGC2806871,60,4,180,5,15.76,15.40,15.14,,,0.28,,15.10,0.13
2806903,PGC2806903,52,4,116,5,16.19,15.91,15.82,,,0.21,,15.79,0.07
2806970,PGC2806970,75,3,129,5,17.53,17.12,17.06,,,0.22,,17.02,0.15
2807052,PGC2807052,62,4,211,5,16.20,15.57,15.21,,,0.23,,14.92,0.18
2807053,PGC138388,63,4,170,7,16.23,15.80,15.57,,,0.25,,15.49,0.14
2807195,PGC2807195,76,3,72,5,17.09,16.69,16.57,,,0.13,,16.51,0.17
2807200,PGC2807200,56,4,69,5,17.31,17.16,17.02,,,0.11,,16.98,0.06
2807206,PGC2807206,90,1,142,5,17.11,16.75,16.57,,,0.22,,16.52,0.42
2816192,PGC2816192,65,4,32,5,17.23,16.82,16.78,,,0.16,,16.68,0.10
2816200,PGC2816200,88,2,160,5,17.78,17.23,16.96,,,0.17,,16.79,0.39
2816236,PGC2816236,82,3,409,18,14.52,13.61,13.05,,,0.10,,12.93,0.06
2816251,PGC2816251,78,4,225,5,15.50,14.75,14.35,13.93,14.37,0.13,0.17,14.24,0.40
2816288,PGC2816288,84,4,296,15,15.50,14.63,14.18,,,0.13,,14.05,0.51
2817313,PGC2817313,80,3,244,10,15.72,15.18,14.90,,,0.15,,14.77,0.42
2817332,PGC2817332,56,4,334,16,15.01,14.18,13.71,13.32,13.81,0.17,0.17,13.44,0.14
2817380,PGC2817380,84,4,263,13,15.91,15.14,14.70,,,0.11,,14.58,0.56
2832069,PGC2832069,66,4,189,5,16.69,16.29,15.97,,,0.22,,15.94,0.16
3088989,PGC3088989,82,3,214,15,15.75,15.16,14.83,14.82,15.38,0.10,0.12,14.79,0.50
3089049,PGC3089049,62,4,280,5,,,,15.31,15.85,,0.15,,
3089114,PGC3089114,61,4,158,8,15.76,15.13,14.82,,,0.10,,14.55,0.19
3089631,PGC3089631,50,4,155,13,16.06,15.51,15.17,,,0.11,,15.09,0.11
3089725,PGC3089725,79,3,272,5,15.61,15.08,14.75,,,0.15,,14.64,0.41
3090367,PGC3090367,63,4,197,10,16.50,16.14,15.97,,,0.08,,15.94,0.16
3090461,PGC3090461,63,4,387,7,15.54,14.77,14.31,,,0.13,,14.09,0.20
3090945,PGC3090945,76,3,221,11,,,,14.74,15.24,,0.15,,
3091709,PGC3091709,82,3,679,86,15.32,14.45,13.99,,,0.10,,13.90,0.40
3091777,PGC3091777,50,4,74,22,16.15,15.71,15.53,,,0.07,,15.50,0.08
3091794,PGC3091794,53,4,258,5,15.75,15.13,14.87,,,0.08,,14.76,0.13
3096786,PGC3096786,88,2,223,6,16.56,16.27,16.07,,,0.18,,16.04,0.42
3097424,PGC3097424,82,3,79,18,16.72,16.24,16.01,,,0.19,,15.89,0.31
3098035,PGC3098035,52,4,124,19,16.91,16.34,16.07,,,0.14,,15.80,0.10
3098036,PGC3098036,88,2,203,19,17.08,16.40,16.06,16.02,16.75,0.16,0.20,15.78,0.53
3098045,PGC3098045,83,3,326,20,17.60,16.85,16.28,,,0.13,,15.98,0.50
3098052,PGC3098052,89,2,412,17,17.08,16.38,15.94,,,0.18,,15.73,0.80
3098503,PGC3098503,71,3,241,9,16.66,16.25,16.00,,,0.16,,15.98,0.19
3098518,PGC3098518,56,4,189,5,16.28,15.87,15.61,,,0.22,,15.58,0.11
3098573,PGC3098573,50,4,110,6,16.56,16.23,16.02,,,0.29,,15.99,0.05
3127569,PGC3127569,64,4,456,8,15.82,15.12,14.70,,,0.12,,14.53,0.21
3127679,PGC3127679,77,4,244,5,16.75,16.36,16.11,,,0.16,,16.03,0.25
3128241,PGC3128241,59,4,140,5,17.27,16.82,16.56,,,0.10,,16.38,0.11
3167118,7ZW173,75,6,324,5,14.56,14.03,13.72,,,0.26,,13.65,0.35
3289858,PGC3289858,74,7,65,5,17.21,16.93,16.81,,,0.20,,16.77,0.13
3303911,PGC3303911,90,1,131,5,16.92,16.58,16.45,,,0.37,,16.41,0.41
3305367,PGC3305367,85,3,77,5,17.54,17.18,16.90,,,0.27,,16.83,0.26
3357656,SDSSJ103048.14+044338.3,88,2,274,5,17.28,16.94,16.51,,,0.17,,16.45,0.44
3375163,2MASXJ23095397+1453052,77,3,349,8,16.25,15.52,14.98,,,0.16,,14.65,0.39
3375802,SDSSJ233221.04+133437.9,81,3,49,9,19.12,17.80,17.21,,,0.06,,17.03,0.20
3376145,2MASXJ23375077+1441052,80,3,305,5,16.68,15.95,15.52,,,0.07,,15.37,0.44
3378337,SDSSJ073946.44+300412.3,78,7,165,9,16.90,16.57,16.38,,,0.13,,16.30,0.23
3397566,SDSSJ074143.93+252512.4,67,4,194,7,16.98,16.55,16.32,,,0.15,,16.26,0.14
3440665,2MASXJ00194467+1551308,90,1,121,5,17.57,16.80,16.35,,,0.15,,16.23,0.61
3460719,SDSSJ094742.14+090939.7,83,4,160,19,15.95,15.49,15.18,,,0.11,,15.13,0.54
3461651,SDSSJ095417.50+071227.8,81,3,249,5,16.80,16.46,16.23,,,0.18,,16.21,0.28
3466489,SDSSJ103044.29+060737.0,55,4,21,5,16.03,15.64,15.38,,,0.26,,15.33,0.06
3495293,2MASXJ15591355+2739403,77,3,303,5,15.96,15.47,15.20,,,0.18,,15.13,0.34
3530253,SDSSJ092951.83+115535.7,66,4,114,5,16.46,16.21,16.06,,,0.26,,16.02,0.10
3530542,SDSSJ093218.53+355649.6,80,3,185,10,17.36,16.92,16.65,,,0.18,,16.63,0.23
3532094,SDSSJ095030.45+101719.8,74,3,200,6,17.48,17.24,17.06,,,0.09,,17.05,0.15
3537941,SDSSJ103909.18+103606.5,51,4,149,13,16.88,16.65,16.51,,,0.18,,16.51,0.06
3548559,SDSSJ121018.81+112105.4,83,3,203,6,17.44,17.26,17.14,,,0.09,,17.14,0.25
3553673,SDSSJ131057.31+115430.9,88,2,157,31,17.26,17.07,16.86,,,0.16,,16.85,0.35
3553841,2MASXJ13122140+1140233,78,4,175,24,16.03,15.22,14.85,,,0.06,,14.77,0.40
3558557,SDSSJ140527.49+121354.6,51,4,152,9,17.00,16.78,16.57,,,0.10,,16.54,0.06
3558725,SDSSJ140651.52+134821.3,89,1,152,6,16.81,16.53,16.36,,,0.22,,16.34,0.43
3568421,SDSSJ155156.48+094117.8,90,1,310,9,17.72,17.08,16.70,,,0.14,,16.60,0.63
3568614,SDSSJ155319.27+060007.1,88,2,317,5,17.71,17.38,17.15,,,0.11,,17.11,0.38
3594698,2MASXJ00224523+0606035,53,4,129,46,16.64,16.24,15.81,,,0.12,,15.78,0.10
3595320,2MASXJ00250180+1327128,65,4,382,13,15.60,14.94,14.55,,,0.12,,14.39,0.21
3612029,2MASXJ01125161+0849208,58,4,411,56,16.34,15.73,15.37,,,0.08,,15.21,0.17
3613184,2MASXJ01153671+1610052,50,4,273,12,16.01,15.35,15.01,,,0.13,,14.76,0.11
3614452,2MASXJ01183726+0330542,59,4,214,12,15.79,15.23,14.95,,,0.08,,14.87,0.17
3614979,2MASXJ01195377+1831228,70,3,227,5,16.25,15.80,15.54,,,0.15,,15.45,0.21
3617258,2MASXJ01252574+1724598,58,4,244,9,16.28,15.72,15.37,,,0.12,,15.13,0.16
3628256,2MASXJ01572826+1425512,88,2,248,20,16.63,15.88,15.52,,,0.19,,15.41,0.81
3632079,2MASXJ02091368+1855425,74,4,219,5,15.68,15.10,14.78,,,0.16,,14.50,0.31
3633872,2MASXJ02141236+1810270,72,3,115,12,17.74,16.95,16.54,,,0.06,,16.30,0.20
3634554,2MASXJ02161730+2214041,83,3,327,5,15.99,15.21,14.76,,,0.19,,14.56,0.54
3634753,2MASXJ02165481+1831259,84,3,367,5,16.17,15.50,15.07,,,0.15,,14.86,0.58
3635175,2MASXJ02181870+1911091,73,3,365,7,15.98,15.18,14.73,,,0.15,,14.40,0.32
3636094,2MASXJ02212535+1914117,57,4,380,6,15.87,15.03,14.53,,,0.11,,14.08,0.14
3636991,2MASXJ02241402+1703569,84,3,325,10,,,,13.98,14.48,,0.17,,
3637026,2MASXJ02241930+2849359,50,4,387,17,15.61,14.92,14.51,,,0.16,,14.33,0.10
3637571,2MASXJ02260178+2051373,69,5,442,10,16.86,16.34,15.98,,,0.09,,15.80,0.25
3638733,2MASXJ02292497+0745266,52,4,282,17,,,,14.84,15.53,,0.16,,
3640762,2MASXJ02360165+3149310,87,2,233,5,,,,15.66,16.20,,0.17,,
3641063,2MASXJ02370753+2057405,77,3,236,10,15.30,14.69,14.38,,,0.17,,14.13,0.38
3641201,2MASXJ02374317+0828262,80,3,82,38,,,,14.66,15.14,,0.10,,
3644652,2MASXJ02481176+0830227,58,4,275,11,,,,14.51,15.18,,0.13,,
3645638,2MASXJ02505085+2019533,83,3,205,5,15.71,15.21,14.92,,,0.14,,14.61,0.53
3645743,2MASXJ02510692+1403513,49,6,245,10,,,,14.94,15.53,,0.18,,
3646046,2MASXJ02515239+0603114,71,5,110,19,16.70,16.01,15.61,15.53,16.17,0.11,0.16,15.22,0.16
3646521,2MASXJ02530208+1511411,87,2,438,8,,,,14.73,15.18,,0.19,,
3646720,2MASXJ02533752+0603392,75,3,306,11,15.87,15.06,14.62,14.03,14.46,0.15,0.16,14.25,0.34
3647754,2MASXJ02561486+0523345,88,2,37,5,17.44,16.61,16.14,15.62,16.28,0.14,0.15,15.87,0.37
3648277,2MASXJ02572994+1957123,86,2,288,6,18.16,16.61,15.62,,,0.36,,13.36,0.67
3648634,2MASXJ02582121+2848571,69,3,137,6,16.20,15.57,15.19,,,0.08,,14.89,0.24
3650072,2MASXJ03014735+0551569,46,6,224,5,16.70,16.32,15.95,,,0.14,,15.81,0.08
3650221,2MASXJ03020856+0505095,82,3,361,5,16.12,15.40,14.95,,,0.19,,14.69,0.50
3725225,2MASXJ07550376+1350341,90,1,417,5,17.28,16.56,16.10,,,0.16,,16.00,0.84
3752756,2MASXJ10134803+2932478,58,4,308,5,15.97,15.51,15.18,,,0.14,,15.14,0.15
3763365,2MASXJ10571931+1716228,62,4,304,10,15.72,15.23,14.92,,,0.14,,14.87,0.19
3764259,2MASXJ11003319+1827552,87,2,275,5,15.74,15.24,14.92,,,0.20,,14.88,0.63
3765098,2MASXJ11033577+1551084,73,3,434,5,15.87,15.20,14.81,,,0.13,,14.75,0.31
3800752,2MASXJ13012967+1634220,76,3,162,5,15.90,15.59,15.43,,,0.16,,15.39,0.23
3813296,2MASXJ13460758+1758335,88,2,212,5,16.75,16.31,16.07,,,0.15,,16.04,0.54
3834782,2MASXJ14501877+2755059,71,3,369,32,15.89,15.35,15.05,,,0.13,,15.00,0.29
3843701,2MASXJ15174851+0830388,76,3,271,5,16.71,16.24,15.96,,,0.11,,15.90,0.29
3859893,2MASXJ16074251+1452137,87,2,269,5,16.85,16.38,16.09,,,0.19,,16.03,0.48
3951695,2MASXJ21514798+1551503,53,4,276,16,15.79,15.32,14.77,,,0.11,,14.56,0.13
3960875,2MASXJ22204653+3030389,73,3,154,5,15.81,15.28,14.98,,,0.16,,14.86,0.28
3961580,2MASXJ22231261+2438208,89,1,307,18,16.79,16.15,15.78,,,0.22,,15.67,0.73
3965132,2MASXJ22345029+0421439,49,6,244,5,16.06,15.56,15.20,,,0.18,,15.03,0.10
3969685,2MASXJ22494731+1203496,54,4,232,5,16.34,15.76,15.45,,,0.09,,15.31,0.14
3970122,2MASXJ22511581+2455124,83,3,278,16,17.02,16.48,16.11,,,0.13,,15.90,0.42
3970664,2MASXJ22525760+2125508,76,3,24,5,17.78,16.74,16.19,,,0.08,,15.94,0.18
3975944,2MASXJ23082151+0934081,84,3,369,6,16.20,15.58,15.18,,,0.14,,15.07,0.54
3976900,2MASXJ23105798+1013395,76,3,267,5,16.98,16.28,15.88,,,0.05,,15.77,0.33
3977434,2MASXJ23123262+2029335,84,3,381,5,16.14,15.40,14.98,,,0.20,,14.65,0.58
3977968,2MASXJ23140391+1950407,64,4,250,5,16.17,15.62,15.22,,,0.17,,14.97,0.20
3979989,2MASXJ23194510+2230081,51,4,268,5,15.78,15.31,14.98,,,0.14,,14.87,0.12
3981108,2MASXJ23225202+3111510,50,4,252,5,15.75,15.10,14.72,,,0.16,,14.45,0.12
3982612,2MASXJ23263640+3045074,50,4,239,5,15.63,14.78,14.30,,,0.12,,13.96,0.12
3983055,2MASXJ23274420+0923018,65,5,106,53,16.59,15.93,15.56,,,0.07,,15.47,0.19
3983813,2MASXJ23293482+3204149,69,3,172,7,15.98,15.47,15.17,,,0.19,,14.94,0.19
3985243,2MASXJ23333305+2918451,75,3,191,5,16.48,15.92,15.64,,,0.17,,15.44,0.28
3987653,2MASXJ23405794+0507492,77,3,379,5,16.22,15.60,15.21,,,0.17,,15.03,0.36
3988227,2MASXJ23424374+0935434,47,6,226,5,15.65,14.91,14.49,,,0.14,,14.23,0.10
3989642,2MASXJ23470053+2106153,56,4,257,5,16.12,15.29,14.86,,,0.18,,14.52,0.15
3991829,2MASXJ23540448+2626486,51,4,218,5,15.81,15.27,15.00,,,0.06,,14.91,0.12
3995147,SDSSJ112331.25-011539.8,76,4,255,20,17.74,17.35,17.03,,,0.09,,16.94,0.23
3996169,SDSSJ080826.28+260016.8,90,1,218,8,17.73,17.38,17.23,,,0.14,,17.19,0.41
3996292,SDSSJ081426.71+244404.6,78,3,116,13,17.45,17.29,16.58,,,0.25,,16.49,0.17
3996526,SDSSJ082712.78+265126.5,76,4,133,5,17.34,16.91,16.79,,,0.13,,16.70,0.18
3996618,SDSSJ083213.26+253643.3,87,2,129,5,17.49,17.15,16.99,,,0.16,,16.94,0.33
3996879,SDSSJ084428.56+312123.5,76,4,136,5,16.91,16.54,16.33,,,0.17,,16.26,0.17
3997745,SDSSJ092044.17+031324.2,75,3,93,19,18.01,17.65,17.52,,,0.12,,17.45,0.14
3997775,SDSSJ092148.93+334450.5,52,4,109,6,16.80,16.53,16.41,,,0.17,,16.41,0.07
3998175,SDSSJ093708.94+092750.5,66,4,193,5,17.04,16.71,16.42,,,0.18,,16.37,0.12
3998428,SDSSJ094719.94+122347.3,62,4,129,6,17.18,16.75,16.59,,,0.14,,16.55,0.10
3998656,SDSSJ095710.60+095248.6,83,3,177,5,17.48,17.18,17.06,,,0.12,,17.01,0.24
3999726,SDSSJ103656.76+135603.1,60,4,116,5,16.70,16.42,16.32,,,0.21,,16.27,0.08
4000181,SDSSJ110027.84+113715.1,56,4,132,5,16.27,15.93,15.77,,,0.19,,15.74,0.09
4000549,SDSSJ111445.01+123851.7,70,5,36,5,17.21,16.81,16.56,,,0.14,,16.53,0.13
4000616,SDSSJ111649.30+042140.7,58,4,172,5,16.64,16.28,16.19,,,0.19,,16.13,0.09
4000777,SDSSJ112223.18+130440.1,78,4,86,6,16.75,16.44,16.30,,,0.22,,16.26,0.17
4001104,SDSSJ113708.79+131504.9,83,3,35,5,17.23,17.14,17.02,,,0.19,,16.97,0.24
4001653,SDSSJ115748.11+120218.5,77,3,120,6,15.97,15.57,15.34,,,0.29,,15.30,0.20
4001803,SDSSJ120404.33+044847.2,86,2,113,5,16.45,16.15,15.96,,,0.27,,15.93,0.30
4001997,SDSSJ121038.11+130123.9,62,4,47,20,17.54,17.25,17.20,,,0.12,,17.14,0.08
4002181,SDSSJ121626.98+060307.6,63,5,73,5,17.69,17.58,17.68,18.35,18.56,0.09,0.16,17.67,0.16
4003158,SDSSJ130854.18+132725.4,83,3,199,20,17.68,17.41,17.27,,,0.13,,17.26,0.27
4003602,SDSSJ132820.23+124543.8,88,2,175,19,17.49,17.27,16.98,,,0.14,,16.96,0.38
4004146,SDSSJ012645.35+143729.3,85,2,186,5,17.27,16.88,16.62,,,0.17,,16.55,0.30
4004241,SDSSJ140440.70+120838.2,78,3,142,9,17.13,16.82,16.60,,,0.14,,16.57,0.20
4004242,SDSSJ140441.31+355319.0,80,3,147,5,17.46,17.12,17.04,,,0.09,,17.04,0.21
4005143,SDSSJ145309.08+045103.8,90,1,177,17,16.53,16.21,16.02,,,0.31,,15.98,0.45
4005728,SDSSJ013239.06+140450.0,75,3,194,11,16.90,16.43,16.22,,,0.19,,16.12,0.20
4006075,SDSSJ153917.23+033939.8,87,2,158,5,17.30,16.84,16.58,,,0.19,,16.47,0.33
4007659,SDSSJ015032.27+133942.2,89,1,187,6,17.13,16.53,16.20,,,0.23,,16.06,0.54
4008782,SDSSJ230517.64+141312.7,69,3,99,5,17.65,17.25,17.03,,,0.08,,16.74,0.13
4009030,SDSSJ002335.77+151407.1,89,2,198,5,16.91,16.50,16.28,,,0.23,,16.18,0.41
4010135,SDSSJ092549.88+030341.9,66,4,146,5,16.10,15.16,15.74,,,0.47,,15.69,0.11
4011019,SDSSJ112151.33+032417.4,85,2,85,5,16.55,16.32,16.13,,,0.29,,16.06,0.26
4011211,SDSSJ114815.00+104510.6,76,3,161,19,17.96,17.63,17.42,,,0.11,,17.37,0.16
4011235,SDSSJ115147.12+114913.9,81,4,146,18,17.90,17.33,17.20,,,0.16,,17.14,0.21
4011285,SDSSJ115624.26+113021.8,73,6,146,20,17.90,17.58,17.32,,,0.13,,17.29,0.15
4011678,SDSSJ124322.80+054555.2,65,4,35,6,17.34,17.03,16.83,,,0.19,,16.78,0.09
4011690,SDSSJ124428.87+041019.9,66,4,121,6,17.65,17.34,17.19,,,0.16,,17.16,0.10
4012202,SDSSJ135302.77+123311.7,75,3,174,6,16.66,16.38,16.17,,,0.26,,16.15,0.17
4012444,SDSSJ143048.23+034749.4,65,4,15,5,17.40,17.07,16.95,,,0.14,,16.90,0.09
4013145,SDSSJ155636.84+061138.6,50,4,77,8,16.45,16.10,15.87,,,0.24,,15.80,0.06
4014520,SDSSJ230720.14+130559.3,81,4,110,5,17.97,17.53,17.26,,,0.10,,17.07,0.20
4015419,SDSSJ092609.44+334304.1,86,2,42,5,16.95,16.86,16.84,,,0.32,,16.81,0.33
4015645,SDSSJ104646.72+030942.7,72,3,159,22,17.37,17.12,17.07,,,0.18,,17.03,0.12
4015887,SDSSJ121402.14+025933.3,82,3,67,5,16.98,16.65,16.48,,,0.23,,16.46,0.22
4015889,SDSSJ121413.79+085429.7,85,3,88,5,17.21,17.10,17.11,18.39,19.38,0.18,0.20,17.10,0.41
4015910,SDSSJ121910.28+094850.8,83,3,151,10,17.57,17.14,17.04,,,0.12,,17.02,0.25
4016071,SDSSJ132447.94+033153.2,82,3,269,21,17.36,17.04,16.87,,,0.13,,16.85,0.25
4016138,SDSSJ140545.12+134727.3,83,3,155,12,17.20,16.95,16.80,,,0.16,,16.78,0.25
4016276,SDSSJ151303.42+325505.7,76,3,101,5,17.00,16.77,16.59,,,0.26,,16.57,0.16
4017009,SDSSJ080003.01+254344.2,72,3,103,5,17.71,17.23,16.92,,,0.22,,16.85,0.14
4017582,SDSSJ103548.98+082859.9,84,3,64,5,16.92,16.61,16.37,,,0.41,,16.33,0.25
4017882,SDSSJ121201.19+102354.4,82,8,69,19,17.61,17.35,17.10,17.68,17.80,0.18,0.26,17.06,0.32
4019692,SDSSJ094700.75+020426.3,85,2,137,5,17.19,16.67,16.56,,,0.35,,16.35,0.26
4019931,SDSSJ094302.21+050144.1,85,2,89,6,17.59,17.46,17.22,,,0.23,,17.14,0.26
4082141,SDSSJ075041.98+144717.2,62,4,169,6,16.66,16.32,16.09,,,0.16,,16.05,0.13
4082558,SDSSJ075523.55+153332.1,51,4,258,7,16.54,16.16,15.87,,,0.16,,15.83,0.09
4084175,SDSSJ081540.72+270028.8,83,3,146,10,17.43,17.11,17.01,,,0.15,,16.98,0.25
4085865,SDSSJ083335.64+250847.1,77,5,35,5,17.91,17.57,17.45,,,0.14,,17.40,0.16
4085954,SDSSJ083511.66+243438.3,72,3,143,10,17.05,16.80,16.41,,,0.15,,16.36,0.18
4086236,SDSSJ083948.68+314052.1,74,3,20,5,16.18,15.82,15.69,,,0.27,,15.61,0.14
4086841,SDSSJ084825.88+262528.7,72,3,159,7,17.97,17.55,17.31,,,0.15,,17.25,0.13
4088225,SDSSJ091246.67+085619.9,85,2,73,5,17.31,17.05,16.92,,,0.20,,16.83,0.26
4089458,SDSSJ093224.75+270012.8,60,4,203,14,17.27,17.01,16.84,,,0.07,,16.85,0.11
4090121,SDSSJ094230.28+335057.9,87,2,138,7,17.40,17.21,17.12,,,0.18,,17.13,0.32
4090171,SDSSJ094308.23+290146.5,64,4,175,22,17.83,17.53,17.21,,,0.11,,17.19,0.10
4090391,SDSSJ094629.08+303952.7,83,3,98,5,15.67,15.26,15.12,,,0.40,,15.09,0.26
4090495,SDSSJ094757.93+325929.4,50,4,144,5,16.47,16.20,16.12,,,0.18,,16.12,0.05
4091248,SDSSJ100035.25+335615.1,73,3,151,5,17.25,16.90,16.87,,,0.14,,16.87,0.15
4092201,SDSSJ101420.80+355236.4,85,2,145,5,17.23,16.93,16.86,,,0.17,,16.85,0.26
4092783,SDSSJ102308.69+085847.5,78,4,169,5,16.38,16.02,15.87,,,0.09,,15.82,0.24
4092828,SDSSJ102345.50+332949.8,52,4,78,5,16.69,16.29,16.19,,,0.19,,16.16,0.06
4093813,SDSSJ103748.58+350933.7,45,6,41,5,17.22,16.95,16.82,,,0.10,,16.83,0.04
4095559,SDSSJ105543.63+023942.4,49,6,80,5,17.04,16.62,16.49,,,0.21,,16.43,0.05
4095638,SDSSJ105640.35+360827.9,73,4,54,5,17.12,16.91,16.91,,,0.20,,16.88,0.15
4095912,SDSSJ105958.87+294610.5,67,4,110,5,17.59,17.29,17.03,,,0.10,,17.00,0.11
4096173,SDSSJ110310.23+150826.2,89,1,209,13,17.34,16.88,16.61,,,0.18,,16.58,0.49
4098621,SDSSJ112959.93+151911.9,80,3,240,6,17.47,17.12,16.86,,,0.18,,16.83,0.22
4099312,SDSSJ113612.91+154359.3,78,4,136,7,17.75,17.47,17.37,,,0.13,,17.31,0.17
4099641,SDSSJ113916.46+332103.6,58,6,251,7,16.74,16.32,16.04,,,0.13,,16.01,0.14
4101120,SDSSJ115423.05+354431.3,81,6,159,7,17.43,17.24,17.01,,,0.10,,17.00,0.21
4101192,SDSSJ115516.50+331547.7,74,3,80,12,16.92,16.64,16.44,,,0.16,,16.41,0.15
4101522,SDSSJ115837.49+151332.1,46,6,146,19,17.21,16.83,16.59,,,0.19,,16.53,0.06
4103039,SDSSJ121113.57+140954.3,87,2,123,5,17.83,17.56,17.50,,,0.14,,17.46,0.31
4106176,SDSSJ124149.41+113530.0,65,4,78,7,17.26,17.04,16.89,,,0.09,,16.88,0.11
4106766,SDSSJ125355.92+340559.5,60,4,47,5,16.68,16.56,16.43,,,0.19,,16.41,0.08
4107015,SDSSJ125732.10+152139.2,49,6,122,6,16.76,16.35,16.12,,,0.16,,16.10,0.07
4108469,SDSSJ132433.77+285934.3,79,3,90,16,16.80,16.61,16.46,,,0.18,,16.44,0.19
4108864,SDSSJ133017.77+305733.6,64,4,155,5,16.45,16.21,16.02,,,0.19,,16.01,0.13
4109044,SDSSJ133233.97+333348.2,65,4,182,5,16.76,16.44,16.27,,,0.20,,16.27,0.12
4109257,SDSSJ133507.29+313118.2,83,3,57,5,16.92,16.71,16.53,,,0.17,,16.53,0.23
4112161,SDSSJ141319.33+140042.3,50,4,82,7,17.34,17.23,17.18,,,0.07,,17.17,0.05
4112990,SDSSJ142044.53+083735.8,70,3,84,5,16.21,15.85,15.73,,,0.25,,15.69,0.13
4116350,SDSSJ144213.99+333517.4,74,3,62,5,17.14,16.88,16.78,,,0.16,,16.77,0.14
4117123,SDSSJ144756.24+052421.4,74,3,151,5,17.32,16.80,16.66,,,0.14,,16.60,0.16
4117286,SDSSJ144916.24+314104.3,54,4,43,5,16.78,16.57,16.45,,,0.14,,16.43,0.05
4117578,SDSSJ145243.51+114019.9,82,3,118,6,16.79,16.45,16.31,,,0.22,,16.27,0.22
4119687,SDSSJ155949.26+040355.3,84,3,168,7,16.49,16.17,15.98,,,0.21,,15.86,0.31
4120126,SDSSJ160348.46+251015.7,74,3,185,7,16.71,16.16,15.95,,,0.27,,15.86,0.19
4121018,SDSSJ161116.37+242942.1,90,1,236,9,16.91,16.31,15.99,,,0.28,,15.87,0.60
4122830,SDSSJ162637.63+242107.4,78,5,122,12,17.78,17.45,17.28,,,0.14,,17.24,0.17
4125749,SDSSJ142821.40+050233.6,73,3,340,28,14.89,14.37,14.05,,,0.17,,13.99,0.29
4125890,SDSSJ132435.44+013432.9,88,2,242,33,15.57,15.21,14.89,,,0.19,,14.85,0.78
4126291,SDSSJ130439.35+324054.7,85,2,133,5,16.08,15.73,15.51,,,0.15,,15.49,0.34
4126669,PGC4126669,83,5,130,5,17.21,16.89,16.87,17.72,18.43,0.08,0.20,16.83,0.27
4126675,PGC4126675,84,4,138,11,16.76,16.40,16.18,16.70,17.78,0.28,0.30,16.11,0.27
4126677,PGC4126677,85,3,160,8,17.10,16.86,16.78,,,0.13,,16.75,0.30
4126688,PGC4126688,86,2,153,19,18.41,18.03,17.82,,,0.11,,17.77,0.29
4126700,PGC4126700,78,3,325,19,15.93,15.28,14.92,,,0.21,,14.78,0.39
4126721,PGC4126721,78,3,232,19,17.35,16.89,16.55,,,0.15,,16.46,0.28
4151216,SDSSJ080041.11+154929.7,84,3,159,7,18.27,17.62,17.22,,,0.08,,17.14,0.25
4160400,SDSSJ081747.80+115534.9,57,4,177,5,17.14,16.88,16.63,,,0.13,,16.61,0.09
4175692,SDSSJ084435.61+094210.1,67,4,96,5,18.34,17.93,17.85,,,0.11,,17.75,0.10
4203639,SDSSJ093137.68+292532.5,70,3,87,10,18.25,17.87,17.69,,,0.11,,17.66,0.12
4203980,SDSSJ093213.60+324255.6,83,3,129,5,18.34,18.06,17.95,,,0.12,,17.94,0.23
4214276,SDSSJ094932.83+171524.1,74,3,144,9,16.20,15.78,15.55,,,0.22,,15.50,0.22
4221641,SDSSJ100134.69+195759.5,90,1,171,5,16.94,16.54,16.27,,,0.19,,16.23,0.52
4232621,SDSSJ101928.52+292302.3,78,3,52,7,17.14,16.90,16.79,,,0.14,,16.74,0.17
4249938,SDSSJ104419.18+180938.7,76,3,149,8,17.24,16.87,16.70,,,0.17,,16.67,0.17
4255571,SDSSJ105307.57+274300.3,87,2,147,5,18.37,18.06,17.78,,,0.11,,17.77,0.31
4255651,SDSSJ105314.53+175028.2,63,4,33,5,17.20,16.83,16.60,,,0.15,,16.55,0.09
4257534,SDSSJ105556.97+135825.8,79,5,42,5,18.02,17.73,17.73,,,0.12,,17.73,0.20
4258561,SDSSJ105737.43+181124.3,60,4,225,9,16.41,16.06,15.89,,,0.17,,15.87,0.12
4261994,SDSSJ110234.52+321339.2,84,3,135,5,17.52,17.13,17.06,,,0.10,,17.02,0.25
4263842,SDSSJ110509.13+044919.5,87,2,160,9,17.34,17.12,16.95,,,0.23,,16.91,0.31
4272480,SDSSJ111702.67+100836.1,79,3,114,5,17.49,17.17,17.04,,,0.13,,17.01,0.18
4273378,SDSSJ111813.85+193047.7,62,4,164,7,16.36,16.04,15.80,,,0.21,,15.78,0.13
4276917,SDSSJ112250.52+235910.5,84,3,210,5,16.97,16.77,16.47,,,0.22,,16.46,0.28
4278803,SDSSJ112516.29+182901.9,78,3,146,7,17.20,16.97,16.78,,,0.18,,16.76,0.17
4284101,SDSSJ113215.14+325910.3,72,3,143,5,17.84,17.62,17.43,,,0.07,,17.45,0.14
4305197,SDSSJ115907.45+263626.7,71,7,180,5,16.61,16.28,16.10,,,0.22,,16.08,0.17
4305333,SDSSJ115918.60+281040.6,65,6,68,9,17.19,16.90,16.75,,,0.10,,16.72,0.11
4307923,SDSSJ120232.00+291437.9,54,4,126,5,16.11,15.86,15.65,,,0.31,,15.62,0.06
4310833,SDSSJ120606.44+212004.9,72,3,45,13,18.34,17.85,17.68,17.61,18.68,0.06,0.15,17.63,0.18
4313030,SDSSJ120846.20+232143.2,88,2,155,11,17.70,17.47,17.32,,,0.14,,17.30,0.34
4318323,SDSSJ121525.99+074627.1,61,4,185,14,16.22,15.84,15.65,,,0.17,,15.62,0.14
4319903,SDSSJ121727.85+071937.6,90,1,132,6,16.98,16.55,16.35,17.04,17.73,0.20,0.25,16.32,0.41
4321374,SDSSJ121920.09+062432.4,86,2,46,7,18.76,18.09,17.62,16.98,17.33,0.07,0.11,17.58,0.59
4324871,SDSSJ122405.09+081737.7,56,4,50,5,16.86,16.80,16.78,18.15,18.56,0.10,0.11,16.75,0.08
4341024,SDSSJ124626.32+340454.3,85,2,140,10,17.50,17.21,17.11,,,0.13,,17.10,0.26
4353581,SDSSJ130421.24+242549.3,88,2,187,8,17.05,16.75,16.61,17.18,17.43,0.14,0.17,16.61,0.36
4356860,SDSSJ130852.33+055949.0,90,2,110,5,17.50,17.16,16.94,,,0.19,,16.88,0.42
4363239,SDSSJ131719.24+251253.4,74,3,193,6,16.98,16.52,16.26,16.86,17.61,0.18,0.18,16.24,0.18
4365303,SDSSJ131952.91+134825.5,82,3,76,8,17.18,16.92,16.66,,,0.26,,16.62,0.22
4372314,SDSSJ132922.05+090338.8,78,3,140,19,17.46,17.13,16.96,,,0.14,,16.94,0.18
4374112,SDSSJ133145.24+093459.3,70,3,99,20,16.37,16.08,15.91,,,0.15,,15.89,0.19
4376804,SDSSJ133529.26+165313.7,81,3,216,5,16.16,15.77,15.52,,,0.24,,15.48,0.33
4381159,SDSSJ134108.07+062515.4,69,7,209,5,17.04,16.79,16.67,,,0.16,,16.67,0.13
4389006,SDSSJ135124.91+101037.5,73,3,240,19,16.97,16.57,16.36,,,0.11,,16.31,0.22
4392186,SDSSJ135512.39+292333.5,53,4,145,14,16.70,16.43,16.16,,,0.21,,16.15,0.08
4397628,SDSSJ140149.65+093913.6,86,2,167,5,16.82,16.51,16.36,,,0.18,,16.34,0.35
4398929,SDSSJ140318.77+084717.7,76,10,122,5,16.48,16.20,16.09,,,0.18,,16.08,0.22
4399923,SDSSJ140429.93+225601.8,83,4,79,14,18.23,17.89,17.75,,,0.09,,17.72,0.23
4407628,SDSSJ141432.03+171359.2,90,1,315,8,16.74,16.36,16.12,,,0.15,,16.11,0.65
4421430,SDSSJ143245.02+285259.4,72,3,125,26,16.94,16.60,16.13,,,0.29,,16.10,0.14
4428549,SDSSJ144206.71+284302.0,87,2,271,5,17.06,16.61,16.34,,,0.19,,16.32,0.46
4439876,SDSSJ145612.12+054357.1,88,2,160,5,17.39,17.10,16.94,,,0.15,,16.90,0.35
4448183,SDSSJ150651.25+125441.2,55,4,209,5,16.77,16.34,16.14,,,0.17,,16.08,0.08
4465042,SDSSJ152828.45+042926.6,60,7,107,8,16.58,16.32,16.11,,,0.17,,16.06,0.11
4467924,SDSSJ153244.24+054305.8,70,3,267,10,16.34,15.88,15.54,,,0.17,,15.47,0.24
4474867,SDSSJ154251.47+090912.7,85,2,118,7,17.41,17.04,16.78,,,0.25,,16.70,0.26
4478723,SDSSJ154845.45+103046.8,80,3,217,5,17.11,17.11,16.91,,,0.08,,16.93,0.22
4494797,SDSSJ161622.19+041407.7,89,1,106,5,16.72,16.61,16.58,,,0.21,,16.51,0.41
4505619,SDSSJ163731.65+262134.5,88,2,218,11,17.98,17.59,17.41,,,0.14,,17.36,0.36
4533072,SDSSJ092508.18+201135.9,72,4,159,5,16.30,16.03,15.86,,,0.10,,15.80,0.22
4534523,SDSSJ103734.02+122753.8,65,4,130,8,16.28,15.92,15.74,,,0.11,,15.70,0.17
4540685,SDSSJ143952.80+223742.6,72,4,112,5,16.82,16.68,16.58,,,0.17,,16.56,0.13
4540760,SDSSJ144246.94+003942.2,87,2,165,5,15.34,14.93,14.73,,,0.31,,14.65,0.46
4544488,SDSSJ152948.19+260516.3,82,3,64,5,16.83,16.57,16.40,,,0.19,,16.32,0.21
4544728,SDSSJ154839.50+255345.4,66,5,219,5,17.74,17.25,17.02,,,0.10,,16.93,0.13
4545608,SDSSJ135920.46+260730.0,52,4,174,5,16.00,15.70,15.45,,,0.23,,15.45,0.10
4546063,SDSSJ092429.59+241028.3,65,7,179,8,16.74,16.45,16.22,,,0.20,,16.18,0.12
4546473,SDSSJ124557.37+351017.0,82,4,128,5,17.39,17.09,16.97,,,0.20,,16.96,0.23
4546629,SDSSJ110811.08+283844.7,77,3,196,16,16.78,16.34,16.16,,,0.25,,16.13,0.20
4546911,SDSSJ102826.71+242437.7,71,3,188,5,16.03,15.69,15.54,,,0.21,,15.53,0.22
4547064,SDSSJ125344.01+324215.6,66,4,215,7,17.25,16.93,16.74,,,0.17,,16.73,0.11
4547308,SDSSJ110630.38+272340.3,74,4,106,5,17.45,17.11,16.98,,,0.11,,16.94,0.15
4548052,SDSSJ103706.11+210028.6,53,4,170,5,16.09,15.78,15.65,,,0.21,,15.64,0.09
4548055,SDSSJ162615.46+114423.6,71,3,195,5,16.09,15.67,15.43,,,0.25,,15.33,0.20
4548641,SDSSJ090222.90+125953.1,60,4,146,9,17.49,17.16,16.94,,,0.12,,16.90,0.09
4550089,SDSSJ152936.15+083517.7,77,3,249,5,16.84,16.48,16.22,,,0.25,,16.17,0.20
4550282,SDSSJ124420.88+060522.5,78,3,57,6,16.70,16.33,16.07,,,0.28,,16.03,0.18
4550909,SDSSJ153916.06+080615.9,58,4,190,8,16.99,16.61,16.41,,,0.17,,16.37,0.10
4552025,SDSSJ145213.53+282307.0,73,3,171,7,16.23,15.77,15.49,,,0.27,,15.46,0.23
4552658,SDSSJ161144.24+041533.6,76,3,182,6,16.96,16.49,16.29,,,0.20,,16.18,0.21
4555565,SDSSJ132344.79+144136.5,64,4,143,18,16.95,16.58,16.37,,,0.15,,16.34,0.13
4563662,SDSSJ103156.68+220549.4,78,3,88,5,16.91,16.56,16.20,,,0.25,,16.15,0.19
4567836,SDSSJ000214.77+142915.8,76,5,179,5,17.14,16.69,16.46,,,0.24,,16.34,0.16
4568096,SDSSJ160148.36+065018.4,78,3,110,5,17.60,17.19,16.99,,,0.20,,16.90,0.17
4572357,SDSSJ111612.82+264646.6,81,3,139,5,17.19,16.98,16.72,,,0.24,,16.71,0.20
4572526,SDSSJ085356.70+175656.8,69,5,137,6,17.23,16.91,16.56,,,0.21,,16.52,0.11
4572813,SDSSJ115429.43+250859.5,71,3,111,5,17.44,17.19,17.04,,,0.18,,17.03,0.12
4573085,SDSSJ115036.99+245532.8,79,3,111,6,17.55,17.28,17.15,,,0.17,,17.13,0.18
4573902,SDSSJ151923.26+102644.0,85,2,152,15,17.99,17.72,17.51,,,0.11,,17.47,0.26
4576589,SDSSJ134309.19+333324.5,75,3,119,5,17.18,17.01,16.79,,,0.21,,16.77,0.15
4577032,SDSSJ131125.99+303710.5,75,4,91,5,17.25,17.20,17.15,17.93,18.47,0.23,0.18,17.18,0.16
4577792,SDSSJ102727.68+231812.2,86,2,122,5,16.30,15.87,15.65,,,0.29,,15.62,0.36
4578811,SDSSJ000840.40+140033.3,83,6,139,15,18.02,17.52,17.27,,,0.13,,17.08,0.24
4609999,NGC0664:[ZM98]0009,75,4,71,5,15.62,15.33,15.13,,,0.30,,15.07,0.16
4666998,2MFGC06058,88,2,321,5,,,,15.83,16.33,,0.15,,
4668290,HIPASSJ0021+08,57,4,26,5,16.79,16.30,16.15,,,0.22,,15.92,0.07
4720565,AGC233571,52,4,104,5,16.21,16.01,15.87,,,0.25,,15.83,0.05
4720579,AGC233664,58,4,166,7,16.37,15.98,15.70,,,0.20,,15.65,0.13
4767109,WINGSJ231633.29+183956.9,71,3,86,5,17.32,17.00,16.81,,,0.13,,16.68,0.12
4780957,WINGSJ232320.61+164447.0,90,2,147,6,18.27,18.06,17.97,,,0.15,,17.95,0.43
5056910,[SDV2005]004,86,2,139,5,17.82,17.62,17.27,,,0.22,,17.24,0.29
5057047,HI_J010456.8+264942,77,9,192,17,17.01,16.61,16.31,,,0.19,,16.21,0.22
5057058,AGC122207,87,2,138,5,17.29,16.83,16.52,,,0.05,,16.32,0.38
5057062,AGC122217,82,3,70,5,17.62,17.21,16.80,,,0.19,,16.60,0.21
5057078,PGC5057078,56,4,137,9,17.63,17.13,16.71,,,0.13,,16.53,0.08
5057082,WSRT-CVN13,76,5,30,6,16.53,16.22,15.78,,,0.24,,15.75,0.16
5057112,AGESJ224110+243500,86,2,181,7,17.03,16.79,16.65,,,0.18,,16.59,0.30
5057273,[ISI96]0118-0004,51,4,89,5,17.19,17.07,16.96,,,0.24,,16.93,0.05
5057334,AGC102266,87,2,169,5,17.08,16.54,16.25,,,0.19,,16.17,0.45
5057338,AGC102274,88,2,121,23,17.57,17.23,17.05,,,0.19,,16.99,0.34
5057339,AGC102275,83,5,239,12,17.22,16.69,16.38,,,0.10,,16.28,0.44
5057344,ALFALFA2-113,73,3,183,14,17.57,17.23,17.04,,,0.10,,16.99,0.15
5057356,AGC113298,76,3,83,25,17.36,16.96,16.67,,,0.19,,16.55,0.17
5057374,AGC321205,71,3,99,17,17.68,17.18,17.03,,,0.24,,16.84,0.12
5057376,AGC321207,58,4,90,5,18.64,18.30,18.11,,,0.13,,17.96,0.07
5057381,AGC321226,79,3,111,25,17.75,17.32,17.01,,,0.23,,16.84,0.18
5057392,AGC332929,67,4,70,12,16.70,16.29,15.98,,,0.18,,15.85,0.13
5057394,AGC332914,75,3,154,10,16.88,16.47,16.15,15.60,16.30,0.17,0.15,16.04,0.16
5057397,AGC332940,54,4,133,7,16.41,16.04,15.87,,,0.22,,15.75,0.08
5057398,AGC333204,63,4,112,15,16.45,16.00,15.77,15.82,16.34,0.18,0.20,15.67,0.09
5057405,ALFALFA2-425,53,4,211,15,16.81,16.30,15.93,,,0.19,,15.74,0.09
5057412,AGC333216,54,4,104,5,17.21,16.92,16.71,,,0.19,,16.66,0.07
5057489,AGC321422,79,3,210,7,16.51,16.11,15.85,,,0.19,,15.74,0.29
5057497,AGC321482,74,3,196,5,17.50,17.09,16.88,,,0.16,,16.81,0.16
5057498,AGC321427,75,4,272,14,16.60,16.28,16.10,,,0.14,,15.98,0.22
5057535,AGC333557,75,6,79,9,17.95,17.52,17.35,,,0.13,,17.07,0.15
5057536,AGC333559,60,4,218,5,17.46,16.89,16.45,,,0.26,,16.16,0.10
5057540,AGC333569,74,3,120,9,18.10,17.88,17.62,,,0.12,,17.53,0.14
5057545,AGC333575,52,4,138,12,16.57,16.21,15.96,,,0.17,,15.89,0.08
5057558,AGC321493,66,4,108,5,17.24,16.78,16.46,,,0.15,,16.36,0.13
5057565,AGC102924,83,3,49,5,16.91,16.65,16.55,,,0.16,,16.48,0.23
5057566,AGC102806,84,3,145,5,16.85,16.42,16.18,,,0.27,,16.08,0.28
5057599,AGC243881,84,3,70,5,16.77,16.51,16.52,,,0.31,,16.47,0.25
5057600,AGC267943,72,3,279,5,17.46,17.21,16.96,,,0.13,,16.93,0.15
5057604,AGC321324,77,8,142,13,17.46,17.04,16.91,,,0.19,,16.82,0.16
5057605,AGC321326,90,1,165,16,17.38,16.97,16.81,,,0.10,,16.72,0.52
5057607,AGC321475,68,4,120,8,17.30,16.99,16.77,,,0.24,,16.65,0.11
5057609,AGC321430,80,3,186,7,17.07,16.71,16.54,,,0.21,,16.43,0.22
5057611,AGC321432,78,3,214,11,17.44,17.07,16.86,17.30,17.80,0.10,0.13,16.75,0.19
5057614,AGC174503,87,2,109,11,18.96,18.24,17.88,,,0.09,,17.82,0.31
5057622,AGC102735,76,5,146,5,18.30,18.06,17.98,,,0.11,,17.91,0.15
5057632,AGC251824,90,1,201,7,16.83,16.51,16.15,,,0.35,,16.09,0.49
5057636,AGC102623,72,3,174,13,17.98,17.79,17.59,,,0.12,,17.57,0.12
5057659,AGC102639,71,4,143,18,17.34,17.11,16.74,,,0.15,,16.67,0.14
5057674,AGC102648,88,2,121,12,17.73,17.36,17.16,,,0.18,,17.12,0.35
5057679,AGC102653,68,5,109,9,17.71,17.59,17.61,,,0.10,,17.59,0.11
5057695,AGC102801,72,3,121,7,17.59,17.17,17.09,,,0.14,,17.00,0.14
5057700,AGC102803,53,4,173,10,16.84,16.44,16.14,,,0.13,,16.07,0.10
5057704,AGC102805,84,3,150,6,16.55,16.11,15.91,,,0.25,,15.81,0.33
5057716,AGC102815,54,11,217,5,17.04,16.66,16.46,,,0.11,,16.38,0.08
5057717,AGC102816,66,5,111,5,16.44,16.04,15.76,16.30,16.82,0.19,0.24,15.67,0.11
5057721,AGC102820,88,2,105,17,17.47,17.07,16.99,,,0.21,,16.90,0.34
5057729,AGC102830,69,3,100,5,17.92,17.55,17.32,,,0.10,,17.23,0.12
5057740,AGC123129,73,3,141,5,17.41,16.87,16.32,,,0.13,,16.17,0.17
5058713,AGC333498,88,2,111,8,14.72,14.01,13.57,,,0.39,,13.45,0.82
5058785,AGC123138,73,3,100,5,16.92,16.48,16.20,,,0.28,,16.06,0.15
5058796,AGC749463,79,3,44,5,15.77,15.52,15.35,,,0.34,,15.33,0.18
5058810,AGC257921,71,3,42,5,16.88,16.48,16.24,,,0.18,,16.17,0.13
5058839,AGC122995,54,4,146,5,15.79,15.39,15.08,,,0.32,,14.95,0.10
5058854,AGC122875,81,3,217,5,18.33,17.93,17.50,,,0.13,,17.29,0.20
5058865,AGC122442,72,3,212,6,16.58,16.12,15.84,,,0.24,,15.64,0.18
5058873,AGC123024,68,4,107,5,,,,17.36,17.89,,0.16,,
5058875,AGC123027,66,4,82,9,17.75,17.32,17.12,,,0.10,,16.91,0.10
5058878,AGC122886,80,3,156,6,16.77,16.24,16.06,,,0.21,,15.85,0.27
5058883,AGC122887,85,5,364,5,17.68,17.23,16.91,,,0.09,,16.70,0.37
5058896,AGC123050,87,2,107,9,17.95,17.33,16.95,16.99,17.21,0.19,0.24,16.57,0.31
5058953,AGC174711,53,4,232,5,16.32,15.96,15.65,,,0.12,,15.62,0.11
5058954,AGC174713,68,4,238,5,16.40,16.07,15.79,,,0.20,,15.77,0.19
5058957,AGC171493,51,4,131,5,15.76,15.36,15.19,,,0.18,,15.16,0.10
5058958,AGC749257,89,1,143,5,17.96,17.71,17.58,,,0.16,,17.54,0.38
5058970,AGC188848,70,3,128,5,17.32,17.13,16.93,,,0.10,,16.90,0.12
5058992,AGC188761,89,1,274,5,17.22,16.76,16.47,,,0.16,,16.42,0.54
5059014,AGC188882,84,3,64,7,16.97,16.65,16.42,,,0.10,,16.39,0.26
5059020,AGC188884,76,6,46,5,17.86,17.62,17.49,,,0.13,,17.41,0.18
5059058,AGC205071,76,3,112,8,18.48,18.21,18.06,,,0.08,,18.01,0.15
5059083,AGC205139,80,3,212,12,17.71,17.36,17.10,,,0.10,,17.04,0.23
5059090,AGC205152,89,1,188,5,17.76,17.62,17.55,,,0.12,,17.57,0.39
5059102,AGC205161,74,3,108,5,17.67,17.23,17.09,,,0.10,,17.02,0.15
5059128,AGC749324,72,3,51,5,17.34,17.04,16.93,,,0.18,,16.90,0.13
5059129,AGC749325,89,1,134,7,17.80,17.61,17.54,,,0.15,,17.56,0.38
5059164,AGC749444,53,4,82,5,16.69,16.31,15.96,,,0.18,,15.93,0.08
5059175,AGC749226,87,2,72,8,18.36,18.14,18.01,,,0.13,,17.99,0.32
5059221,AGC732257,75,5,118,5,16.96,16.75,16.67,,,0.19,,16.65,0.15
5059226,AGC732313,67,4,186,5,17.06,16.64,16.44,17.02,17.94,0.18,0.23,16.43,0.11
5059227,AGC749458,85,3,82,5,18.36,18.40,18.55,,,0.08,,18.60,0.29
5059229,AGC226122,71,8,48,5,17.73,17.38,17.41,,,0.22,,17.34,0.15
5059237,AGC230034,54,4,168,5,16.54,16.26,15.95,,,0.25,,15.91,0.10
5059258,AGC233601,51,4,94,5,17.05,16.79,16.50,,,0.24,,16.43,0.05
5059264,AGC732795,89,1,156,17,18.09,17.64,17.48,,,0.18,,17.47,0.38
5059267,AGC249252,68,5,102,5,18.37,18.06,17.92,,,0.10,,17.89,0.11
5059330,AGC749489,83,4,118,5,18.27,18.20,17.92,,,0.15,,17.87,0.24
5059343,AGC749493,90,1,129,6,17.82,17.53,17.31,,,0.22,,17.25,0.41
5059362,AGC733612,84,4,157,6,17.88,17.56,17.43,,,0.12,,17.39,0.24
5059409,AGC257957,54,4,220,5,16.76,16.28,16.03,,,0.19,,15.95,0.08
5059412,AGC258348,82,5,64,5,18.68,18.50,18.16,,,0.16,,18.05,0.24
5059413,AGC258349,78,3,67,5,16.50,16.22,15.94,,,0.35,,15.85,0.17
5059446,AGC748678,79,3,170,5,17.16,16.75,16.36,,,0.40,,16.28,0.19
5059462,AGC748697,59,4,45,5,16.58,16.22,16.08,,,0.15,,15.99,0.07
5059467,AGC748703,55,4,199,10,17.15,16.62,16.30,,,0.09,,16.22,0.11
5059471,AGC748712,80,3,205,5,16.91,16.49,16.22,,,0.17,,16.10,0.27
5059483,AGC748735,73,3,163,8,17.05,16.69,16.51,,,0.18,,16.43,0.16
5059488,AGC333351,76,3,33,5,17.62,17.15,16.87,,,0.22,,16.74,0.16
5059495,AGC332263,90,1,216,5,17.35,16.77,16.45,,,0.23,,16.12,0.47
5059496,AGC333355,62,4,110,6,16.93,16.62,16.33,,,0.17,,16.25,0.11
5059533,AGC332332,75,3,162,5,17.41,17.08,16.84,,,0.13,,16.71,0.17
5059537,AGC333376,81,3,190,5,16.86,16.43,16.14,,,0.24,,15.98,0.25
5059540,AGC748757,79,3,127,5,17.18,16.95,16.78,,,0.23,,16.71,0.18
5059542,AGC748758,87,2,138,7,17.56,17.15,16.97,,,0.13,,16.90,0.33
5059547,AGC333379,90,1,180,5,17.41,17.05,16.65,,,0.17,,16.51,0.47
5059552,AGC333278,89,3,196,13,17.38,16.92,16.70,,,0.10,,16.59,0.56
5059559,AGC333282,86,2,122,9,17.83,17.46,17.31,,,0.11,,17.22,0.28
5059564,AGC332897,84,3,130,5,17.04,16.63,16.46,,,0.14,,16.18,0.27
5059569,AGC333543,65,4,171,5,17.00,16.56,16.26,,,0.18,,16.10,0.15
5059580,AGC333292,77,3,102,9,18.51,18.27,18.11,,,0.14,,18.03,0.18
5059583,AGC333293,74,6,83,13,17.05,16.73,16.52,,,0.16,,16.44,0.16
5059607,AGC333307,90,1,153,11,17.54,17.12,16.87,,,0.23,,16.79,0.42
5059608,AGC333425,89,1,189,5,16.87,16.36,15.96,,,0.19,,15.83,0.63
5059618,AGC333429,71,8,220,15,17.35,17.08,16.98,,,0.10,,16.93,0.14
5059631,AGC122997,71,6,142,5,17.45,17.16,16.98,,,0.10,,16.86,0.12
5059639,AGC102282,87,2,231,12,17.34,16.78,16.37,,,0.14,,16.29,0.48
5059643,AGC748646,83,3,228,7,17.00,16.43,16.20,,,0.17,,15.99,0.31
5059653,AGC113896,83,3,125,6,17.65,17.38,17.25,,,0.21,,17.18,0.23
5059664,AGC114059,64,4,202,7,16.68,16.23,15.91,,,0.20,,15.81,0.15
5059675,AGC122852,60,5,224,7,,,,14.75,15.43,,0.22,,
5059684,AGC188749,48,6,130,5,16.64,16.24,16.05,,,0.13,,16.03,0.06
5059687,AGC749395,76,3,134,5,16.83,16.51,16.18,,,0.11,,16.12,0.19
5059695,AGC208295,82,3,86,5,18.58,18.39,18.09,,,0.12,,18.04,0.26
5059701,AGC749190,88,2,109,5,18.10,17.99,17.73,,,0.13,,17.72,0.35
5059709,AGC749221,71,8,40,5,18.39,18.01,17.88,,,0.10,,17.85,0.13
5059711,AGC749230,72,3,121,9,17.86,17.64,17.45,,,0.20,,17.43,0.13
5059733,AGC258127,53,4,78,5,16.33,16.02,15.67,,,0.35,,15.61,0.07
5059757,AGC333290,88,2,136,13,17.60,17.09,16.84,,,0.17,,16.69,0.38
5059776,AGC729579,89,1,79,5,18.03,17.80,17.83,,,0.24,,17.81,0.48
5059819,AGC102251,52,4,191,39,16.56,16.22,16.00,,,0.16,,15.97,0.09
5059849,AGC113811,62,4,216,12,17.98,17.70,17.51,,,0.08,,17.50,0.09
5059860,AGC113910,71,3,80,12,17.31,16.93,16.72,,,0.17,,16.63,0.13
5059868,AGC114041,85,2,222,5,17.28,16.94,16.76,,,0.12,,16.66,0.29
5059876,AGC113922,81,4,97,5,16.96,16.46,15.94,,,0.22,,15.85,0.26
5059881,AGC113823,60,4,118,34,17.21,16.67,16.36,,,0.09,,16.19,0.12
5059882,AGC113807,61,5,70,5,17.44,17.16,16.99,,,0.14,,16.91,0.08
5059896,AGC113257,64,5,191,11,16.59,16.19,15.98,,,0.21,,15.89,0.13
5059901,AGC113825,71,3,105,8,18.53,18.24,18.07,,,0.13,,17.91,0.13
5059907,AGC113244,87,2,117,5,17.07,16.73,16.50,,,0.19,,16.32,0.34
5059910,AGC113828,73,4,87,12,17.62,17.16,16.95,,,0.18,,16.74,0.14
5059911,AGC114060,87,2,169,11,17.41,17.02,16.62,,,0.12,,16.52,0.42
5059914,AGC113953,53,4,147,9,17.42,17.13,16.65,,,0.13,,16.57,0.08
5059916,AGC748823,74,3,49,7,17.50,17.02,16.90,,,0.10,,16.86,0.15
5059917,AGC748824,60,4,164,5,16.89,16.41,16.21,,,0.22,,16.13,0.09
5059937,AGC122861,57,4,163,5,16.72,16.23,15.84,,,0.24,,15.64,0.10
5059941,AGC122964,73,5,143,5,17.14,16.66,16.40,,,0.17,,16.27,0.18
5059955,AGC748843,86,2,60,7,18.28,18.04,17.99,,,0.13,,17.85,0.29
5059972,AGC215280,77,3,87,5,17.69,17.52,17.29,,,0.21,,17.26,0.16
5059977,AGC321194,86,2,89,5,16.74,16.28,16.02,,,0.32,,15.75,0.28
5059984,AGC227970,75,3,37,5,17.02,16.84,16.78,,,0.21,,16.74,0.15
5059985,AGC248904,62,4,144,5,16.60,16.10,15.86,,,0.23,,15.81,0.12
5059993,AGC193895,89,1,413,7,17.07,16.28,15.82,,,0.10,,15.72,0.88
5060003,AGC215287,75,5,116,19,15.92,15.40,15.07,,,0.15,,15.04,0.33
5060005,AGC123143,77,3,212,6,17.07,16.78,16.53,,,0.12,,16.40,0.22
5060014,AGC123169,74,3,163,8,18.66,18.19,17.99,,,0.07,,17.66,0.14
5060015,AGC123170,72,3,42,5,17.30,16.63,16.31,,,0.23,,15.98,0.13
5060017,AGC123172,67,4,154,5,17.26,16.82,16.36,,,0.21,,16.10,0.14
5060021,AGC123176,84,6,186,5,,,,16.46,16.90,,0.11,,
5060047,AGC174479,79,3,172,5,17.05,16.60,16.34,,,0.13,,16.25,0.25
5060053,AGC174485,79,3,214,6,16.79,16.38,16.13,,,0.12,,16.08,0.26
5060066,AGC174595,85,2,201,5,,,,15.74,16.43,,0.24,,
5060072,AGC174672,73,3,143,6,,,,16.54,16.84,,0.23,,
5060073,AGC174601,70,3,167,5,16.23,15.70,15.24,,,0.31,,15.20,0.18
5060077,AGC174606,75,3,121,5,17.18,16.93,16.83,,,0.21,,16.81,0.15
5060092,AGC182490,56,4,106,6,17.14,16.93,16.86,,,0.17,,16.83,0.07
5060095,AGC182493,78,3,89,6,17.37,17.01,16.85,,,0.27,,16.77,0.17
5060105,AGC198347,68,4,119,7,17.79,17.45,17.16,,,0.13,,17.08,0.11
5060107,AGC193852,60,4,183,11,16.93,16.71,16.52,,,0.14,,16.49,0.09
5060108,AGC193787,89,1,104,5,17.62,17.43,17.45,,,0.13,,17.42,0.39
5060113,AGC193855,64,4,118,5,17.01,16.91,16.80,,,0.12,,16.77,0.09
5060119,AGC193859,85,2,153,6,17.47,17.21,17.01,,,0.09,,16.98,0.27
5060123,AGC193867,79,3,186,5,16.54,16.18,16.01,,,0.19,,15.97,0.24
5060137,AGC193890,54,4,131,5,17.27,16.97,16.80,,,0.10,,16.76,0.08
5060154,AGC193910,87,2,124,5,17.43,17.12,16.97,,,0.21,,16.93,0.31
5060159,AGC193915,80,3,194,6,16.92,16.67,16.56,,,0.14,,16.53,0.24
5060161,AGC193788,65,4,126,5,16.08,15.72,15.60,,,0.13,,15.56,0.15
5060175,AGC193820,58,6,108,9,16.91,16.67,16.60,,,0.08,,16.59,0.09
5060192,AGC215253,73,3,85,7,18.10,17.89,17.78,,,0.11,,17.76,0.14
5060214,AGC219196,62,4,128,8,19.08,18.72,18.58,,,0.06,,18.50,0.09
5060222,AGC731635,80,3,176,9,17.59,17.25,17.11,,,0.09,,17.09,0.20
5060249,AGC215623,78,3,143,7,17.48,17.20,17.01,,,0.17,,17.00,0.18
5060265,AGC222378,82,3,214,10,16.75,16.51,16.27,,,0.15,,16.25,0.30
5060295,AGC228010,89,1,163,13,17.81,17.52,17.39,,,0.15,,17.36,0.38
5060365,AGC248941,49,6,125,5,16.14,15.70,15.46,,,0.19,,15.42,0.09
5060369,AGC248960,60,4,175,6,17.32,17.02,16.78,,,0.13,,16.77,0.10
5060372,AGC243914,86,4,94,10,17.66,17.31,17.07,,,0.18,,17.01,0.28
5060393,AGC268148,76,3,142,5,16.54,16.15,15.96,,,0.26,,15.86,0.18
5060398,AGC268006,67,4,104,5,18.16,17.73,17.66,,,0.15,,17.57,0.11
5060405,AGC268028,75,3,183,5,17.34,16.90,16.85,,,0.19,,16.74,0.15
5060413,AGC321467,51,4,72,5,15.65,15.41,15.24,,,0.21,,15.09,0.06
5060418,AGC321203,55,4,56,5,17.28,16.90,16.69,,,0.17,,16.56,0.07
5060425,AGC321470,53,4,142,5,16.78,16.24,15.99,,,0.19,,15.85,0.09
5060703,2MASXJ22262353+3545518,77,3,139,10,,,,13.86,14.41,,0.17,,
5064505,SDSSJ104705.44+184026.5,88,2,183,6,16.52,16.13,15.98,,,0.34,,15.94,0.38
5064714,SDSSJ125259.05+222455.8,72,3,90,5,16.87,16.55,16.36,,,0.23,,16.30,0.13
5064943,SDSSJ130920.83+214256.0,79,3,117,5,17.64,17.45,17.39,,,0.14,,17.36,0.18
5064945,SDSSJ131403.28+231842.2,80,6,128,5,16.16,15.92,15.55,,,0.53,,15.53,0.19
5064974,SDSSJ113027.02+213934.7,89,1,151,17,17.98,17.60,17.49,,,0.16,,17.47,0.38
5064983,SDSSJ123102.35+180012.4,72,4,49,5,16.39,16.07,15.93,16.72,17.07,0.26,0.25,15.89,0.16
5064988,SDSSJ113931.77+191724.8,70,4,46,6,17.54,17.36,17.30,,,0.12,,17.28,0.12
5065000,SDSSJ115503.88+190459.8,54,4,132,5,17.27,17.03,16.96,,,0.14,,16.93,0.06
5065012,SDSSJ102328.12+161146.1,65,6,57,11,16.46,16.14,15.96,,,0.12,,15.90,0.12
5065014,SDSSJ215856.88+010107.0,85,3,112,5,17.07,16.70,16.46,,,0.34,,16.39,0.27
5065527,SDSSJ133605.53+320823.2,61,4,81,13,16.83,16.58,16.41,,,0.18,,16.39,0.08
5066219,[MK2011]NGC4793,61,4,308,5,12.07,11.54,11.26,,,0.38,,11.24,0.13
5066224,[MK2011]NGC4961,52,4,210,5,13.37,12.99,12.77,,,0.27,,12.75,0.12
5066368,[MK2011]NGC7241,87,2,384,5,12.61,11.95,11.56,,,0.65,,11.47,0.69
5066758,[MK2011]NGC2903,63,4,371,5,9.31,8.69,8.33,,,1.77,,8.28,0.08
5072365,EGISJ130350.1+233801,87,2,162,5,17.27,17.06,16.97,,,0.14,,16.97,0.33
5072537,EGISJ024706.5+051617,90,1,271,16,17.86,17.40,17.14,,,0.13,,17.04,0.47
5072711,PISCESB,68,4,35,5,17.14,16.79,16.60,,,0.18,,16.50,0.10
5075346,SDSSJ141452.37+251902.5,81,3,256,5,12.51,12.03,11.77,,,0.70,,11.74,0.48
5075710,SDSSJ100659.27+162103.8,75,4,170,29,17.65,17.23,17.06,,,0.18,,17.02,0.15
5075770,SDSSJ115632.80+222741.5,64,4,133,7,17.32,17.12,16.86,,,0.19,,16.83,0.09
5075773,SDSSJ135823.91+220313.6,53,4,223,11,16.06,15.62,15.36,,,0.20,,15.32,0.11
5075806,SDSSJ101204.94+170011.4,59,4,194,5,16.27,15.79,15.57,,,0.20,,15.52,0.11
5076000,SDSSJ110116.22+033740.7,80,3,299,5,12.08,11.49,11.17,,,1.15,,11.09,0.45
5076007,SDSSJ111641.95+192031.3,73,3,144,5,16.47,16.25,16.13,,,0.24,,16.12,0.13
5076144,SDSSJ130409.42+201503.0,61,7,173,5,16.95,16.53,16.31,,,0.20,,16.28,0.11
5076801,SDSSJ114303.24+182742.8,61,7,110,5,17.36,17.02,16.68,17.75,18.01,0.14,0.14,16.64,0.07
5076895,SDSSJ230915.75+195316.1,53,4,207,17,16.22,15.69,15.40,,,0.14,,15.14,0.13
5076996,SDSSJ120729.36+204117.8,86,4,145,5,18.00,17.75,17.56,,,0.16,,17.53,0.28
5076998,SDSSJ124111.01+205945.5,87,2,155,20,16.84,16.49,16.25,,,0.17,,16.20,0.39
5077211,SDSSJ132619.70+020602.6,52,4,144,5,12.27,11.87,11.69,,,0.43,,11.64,0.12
5077313,SDSSJ083226.88+293841.6,53,4,116,5,15.11,14.78,14.60,,,0.37,,14.54,0.08
5091394,SDSSJ151203.43+290642.5,69,4,266,41,17.73,17.34,17.14,,,0.09,,17.15,0.14
5092901,SDSSJ110403.73+223812.6,68,4,246,5,15.55,15.15,14.91,,,0.15,,14.88,0.25
5807269,AGC311171,76,3,146,29,16.76,16.42,15.97,,,0.21,,15.83,0.22
5807283,AGC322172,78,3,150,22,17.22,16.83,16.60,,,0.14,,16.47,0.20
5807299,AGC322298,64,6,47,17,18.70,18.31,18.12,,,0.09,,17.87,0.09
5807303,AGC322300,74,5,149,5,16.82,16.47,16.32,,,0.15,,16.12,0.17
5807307,AGC322309,81,3,146,7,17.46,17.13,16.91,,,0.21,,16.76,0.20
5807310,AGC322176,53,4,116,11,17.37,17.14,16.94,,,0.12,,16.87,0.07
5807322,AGC322200,88,2,110,5,16.69,15.78,15.98,,,0.10,,15.87,0.52
5807324,AGC322322,71,3,173,9,17.29,16.89,16.73,,,0.18,,16.62,0.14
5807330,AGC321382,61,5,103,5,17.14,16.67,16.41,,,0.11,,16.24,0.10
5807336,AGC322332,52,6,208,5,16.38,15.88,15.63,,,0.16,,15.48,0.11
5807354,AGC334276,54,4,195,5,16.78,16.31,16.03,,,0.14,,15.78,0.10
5807358,AGC334879,84,4,132,11,17.67,17.31,17.15,,,0.14,,17.08,0.27
5807362,AGC334880,52,4,92,5,17.31,16.89,16.77,,,0.11,,16.70,0.06
5807363,AGC334663,65,4,92,12,17.39,17.16,16.97,,,0.08,,16.90,0.10
5807366,AGC334282,52,4,176,5,16.58,16.00,15.70,,,0.27,,15.36,0.08
5807388,AGC334192,50,4,124,29,16.16,15.78,15.55,,,0.25,,15.41,0.08
5807393,AGC334904,81,5,114,10,17.11,16.75,16.52,17.04,17.75,0.10,0.18,16.42,0.20
5807403,AGC334917,90,2,85,13,18.25,17.95,17.61,,,0.17,,17.45,0.41
5807411,AGC334323,77,4,187,5,17.13,16.68,16.39,,,0.24,,16.29,0.20
5807447,AGC334507,58,4,218,5,17.16,16.83,16.60,,,0.13,,16.53,0.09
5807455,AGC334513,76,3,29,5,18.21,17.97,17.81,,,0.17,,17.71,0.19
5807466,AGC335024,59,4,87,26,16.97,16.72,16.57,,,0.11,,16.55,0.09
5807471,AGC103576,87,2,125,60,17.27,16.89,16.68,,,0.17,,16.63,0.32
5807472,AGC103581,65,4,141,6,18.10,17.70,17.48,,,0.09,,17.32,0.10
5807477,AGC103598,61,4,95,171,17.15,16.89,16.71,,,0.09,,16.66,0.09
5807479,AGC100024,53,4,168,5,16.55,16.08,15.75,,,0.27,,15.59,0.08
5807489,AGC103007,89,2,212,11,17.60,16.95,16.61,,,0.16,,16.30,0.55
5807496,AGC103752,85,2,191,13,17.47,17.11,16.88,,,0.16,,16.74,0.27
5807536,AGC103440,54,4,198,50,16.83,16.47,16.28,,,0.12,,16.25,0.09
5807540,AGC102618,77,3,143,5,16.70,16.35,16.18,,,0.21,,16.09,0.19
5807544,AGC103828,47,6,124,5,16.45,16.26,16.04,,,0.09,,16.05,0.07
5807549,AGC103832,83,3,23,11,18.00,17.74,17.43,,,0.17,,17.41,0.25
5807554,AGC103835,68,4,127,6,16.21,15.77,15.56,,,0.28,,15.50,0.14
5807561,AGC103391,86,2,203,7,16.41,16.12,15.84,,,0.27,,15.80,0.34
5807566,AGC103673,58,4,136,29,16.97,16.58,16.34,,,0.14,,16.24,0.09
5807576,AGC103675,87,2,89,89,18.11,17.67,17.48,,,0.13,,17.38,0.31
5807597,AGC114871,72,4,88,15,17.06,17.02,16.88,,,0.09,,16.86,0.13
5807598,AGC114872,57,4,243,107,17.27,16.99,16.73,,,0.09,,16.70,0.09
5807608,AGC114883,63,4,96,5,16.41,16.05,15.81,,,0.18,,15.73,0.13
5807618,AGC114895,76,4,91,10,17.39,17.03,16.57,,,0.09,,16.50,0.18
5807620,AGC114753,67,4,38,10,17.29,17.03,16.89,,,0.14,,16.86,0.10
5807621,AGC114896,57,4,174,5,17.16,16.71,16.43,,,0.10,,16.35,0.10
5807648,AGC114927,77,4,111,9,17.27,16.88,16.68,,,0.14,,16.62,0.18
5807658,AGC114030,87,2,158,7,17.35,17.13,16.93,,,0.07,,16.87,0.35
5807676,AGC124242,68,4,191,8,17.18,16.74,16.44,,,0.13,,16.35,0.16
5807680,AGC124122,88,2,134,5,,,,17.08,17.62,,0.10,,
5807681,AGC124244,78,3,53,12,17.74,17.39,17.25,,,0.15,,17.16,0.17
5807684,AGC124245,86,2,130,16,17.48,17.04,16.82,,,0.09,,16.74,0.32
5807689,AGC124248,82,4,78,8,18.06,18.03,18.09,,,0.12,,18.05,0.24
5807692,AGC124252,56,4,111,66,17.91,17.49,17.11,,,0.07,,16.96,0.08
5807710,AGC123873,48,6,169,5,16.50,15.88,15.65,,,0.17,,15.44,0.09
5807719,AGC124139,82,3,196,29,,,,16.65,17.59,,0.14,,
5807783,AGC174832,71,6,296,54,15.66,15.36,14.75,,,0.18,,14.69,0.29
5807786,AGC174730,46,6,106,5,16.57,16.19,16.02,,,0.12,,15.95,0.06
5807791,AGC174814,53,4,169,24,16.18,15.76,15.52,,,0.19,,15.45,0.11
5807807,AGC189139,77,4,76,16,17.63,17.29,17.10,,,0.16,,17.04,0.16
5807821,AGC189093,90,1,247,15,16.68,16.14,15.56,,,0.28,,15.48,0.64
5807905,AGC208763,84,3,149,6,17.08,16.71,16.38,,,0.24,,16.33,0.29
5807940,AGC219669,77,3,117,5,17.56,17.32,17.19,,,0.24,,17.18,0.16
5807952,AGC219532,79,4,66,5,17.92,17.65,17.56,,,0.23,,17.51,0.20
5807966,AGC219538,75,3,199,6,16.64,16.33,16.15,16.78,17.45,0.18,0.19,16.10,0.17
5807967,AGC219490,47,6,69,18,17.68,17.55,17.15,,,0.14,,17.14,0.04
5807969,AGC219491,81,3,133,8,18.84,18.70,18.54,,,0.09,,18.53,0.22
5807983,AGC219547,89,1,104,5,17.59,17.26,16.98,,,0.28,,16.90,0.39
5808041,AGC239035,90,1,165,12,17.22,16.95,16.82,17.53,17.75,0.20,0.19,16.82,0.41
5808075,AGC249513,50,4,126,5,16.97,16.70,16.53,,,0.13,,16.50,0.06
5808129,AGC258574,89,1,87,5,17.39,16.90,16.79,,,0.26,,16.65,0.38
5808663,AGC322468,63,6,92,5,16.58,16.19,15.92,,,0.18,,15.81,0.11
5808670,AGC322483,87,2,127,5,17.60,17.32,17.16,,,0.17,,17.09,0.32
5808672,AGC322447,86,2,47,5,17.50,17.26,16.98,,,0.25,,16.82,0.29
5808685,AGC335238,64,4,148,5,16.47,15.97,15.69,,,0.26,,15.40,0.11
5808692,AGC333840,63,4,128,5,16.53,16.15,15.92,,,0.24,,15.80,0.09
5808698,AGC331161,78,3,87,6,16.75,16.37,16.18,,,0.20,,16.14,0.18
5808707,AGC335182,50,4,106,5,16.37,15.90,15.61,,,0.23,,15.38,0.06
5808712,AGC104217,86,2,96,5,17.99,17.52,17.44,,,0.20,,17.40,0.28
5808714,AGC102892,80,4,24,5,18.70,18.39,18.23,,,0.13,,18.07,0.32
5808718,AGC103861,65,4,86,5,16.89,16.51,16.28,,,0.18,,16.22,0.12
5808733,AGC115281,59,4,48,5,17.20,16.89,16.53,,,0.15,,16.48,0.07
5808735,AGC114716,88,2,59,5,17.66,17.38,17.13,,,0.19,,17.07,0.34
5808751,AGC124624,62,4,39,18,17.19,16.76,16.55,,,0.14,,16.49,0.09
5808762,AGC132139,86,2,112,5,17.48,16.97,16.75,,,0.26,,16.53,0.29
5808763,AGC132121,55,4,37,5,16.89,16.45,16.31,,,0.21,,16.02,0.06
5808768,AGC198425,86,2,78,5,16.96,16.58,16.45,,,0.30,,16.42,0.28
5808770,AGC208773,83,4,70,5,17.75,17.54,17.34,,,0.16,,17.32,0.23
5808782,AGC229381,75,6,85,5,18.18,17.95,17.80,,,0.18,,17.75,0.16
5808794,AGC239146,50,4,89,5,17.84,17.71,17.68,,,0.13,,17.66,0.05
5912258,AGC335194,77,3,76,5,17.56,17.18,17.12,,,0.11,,16.95,0.16
5912271,VV255,70,3,140,5,13.91,13.66,13.50,,,0.55,,13.44,0.17
5950874,SDSSJ115012.33+065954.5,90,1,306,5,15.18,14.70,14.38,,,0.45,,14.35,0.76
5950879,SDSSJ095642.48+153811.2,71,3,263,19,14.29,13.89,13.71,,,0.19,,13.66,0.28
5951984,SDSSJ133332.70+011825.0,72,3,213,12,14.80,14.42,14.21,,,0.30,,14.17,0.27
5952398,SDSSJ161847.46+072435.7,58,4,233,5,12.62,12.11,11.83,,,0.43,,11.71,0.16
5952558,SDSSJ142513.25+134438.3,88,2,401,8,14.88,14.07,13.61,,,0.26,,13.56,0.77
5952607,SDSSJ111828.61+331730.4,90,2,337,11,16.42,15.84,15.50,,,0.21,,15.44,0.90
5952663,SDSSJ084326.69+042603.1,73,3,164,5,15.52,15.26,15.11,,,0.24,,15.07,0.23
5952898,SDSSJ091948.99+042904.9,85,2,159,5,16.18,15.87,15.73,,,0.15,,15.67,0.41
5952956,SDSSJ152611.24+085426.7,74,3,368,6,15.79,15.17,14.72,,,0.15,,14.63,0.33
5953001,SDSSJ154539.49+280521.0,84,3,288,5,14.33,13.69,13.32,,,0.22,,13.26,0.54
6656993,SDSSJ094745.36+023737.0,82,3,200,5,13.77,13.43,13.23,,,0.69,,13.14,0.36
6657028,SDSSJ013813.59+105825.6,72,7,74,5,17.70,17.43,17.33,,,0.16,,17.25,0.13
6719321,LAMOSTJ000049.23+050623.4,87,2,73,5,17.17,16.91,16.83,,,0.20,,16.78,0.31
6724069,LAMOSTJ005610.72+212734.0,52,4,113,5,16.44,16.21,16.08,,,0.17,,16.04,0.07
6724508,LAMOSTJ025227.63+331936.0,60,6,161,6,15.39,14.81,14.50,15.01,15.55,0.25,0.23,14.31,0.14
