galaxy,fold,r_kpc,gbar_SI,cliff_feature5,cliff_feature3,ordinary,power,cliff5,cliff3,RAR
NGC5005,0,0.49,2.9809241925449547e-09,0.22142014820782716,0.0037695595387104938,212.29940572220167,226.88697147803308,223.65241511099134,222.10319399293948,212.43020746336194
NGC5005,0,0.98,2.1942906735910555e-09,0.4398682675365765,0.4681491128621475,257.5937900649004,277.9816365728859,276.12698742854553,276.49246898580253,258.0054203912634
NGC5005,0,1.47,1.3840578748082209e-09,0.518838598301611,0.5453801315422794,250.55961053210467,275.05701106835505,274.3109845536229,274.74738169355953,251.873670828049
NGC5005,0,1.97,9.612378978837242e-10,0.513129143834011,0.5200663389393594,241.72625751043267,269.6233257606326,268.9176493799709,269.059302563307,244.46355129792016
NGC5005,0,2.46,7.764615793246271e-10,0.4891124946261596,0.4766243184233965,242.7743564917844,273.63107003525795,272.5375411256234,272.3138801778242,246.8479056069372
NGC5005,0,2.9499999999999997,6.630239004989951e-10,0.49240589759872866,0.46925445613334865,245.6692910805093,279.19432846779836,278.20352822143127,277.7362869529632,251.05389139810936
NGC5005,0,3.44,5.776929428670722e-10,0.5225894046912762,0.5174211686927721,247.62986734237052,283.57587964204964,283.3258095040606,283.22947608708205,254.3803343302367
NGC5005,0,3.93,4.907762353577079e-10,0.5458799199175056,0.563071088521932,243.95701469726177,282.04500322275214,282.50404516552,282.9600183682579,252.42569943507507
NGC5005,0,4.42,4.1901282766648645e-10,0.5532392007009562,0.5599327161519724,239.05623020536402,279.096893003902,279.9219613201222,280.12546012101933,249.38433164838506
NGC5005,0,4.92,3.682201787461555e-10,0.5489325134314087,0.5427719068313228,236.43491816988453,278.36835740492796,279.2413667897707,279.1015853619781,248.52361773486612
NGC5005,0,5.74,3.0791703142783297e-10,0.5445941505121844,0.5355720359933029,233.5329010653531,278.34812580769835,279.3412275350049,279.1099148907743,248.39700837637108
NGC5005,0,6.56,2.641874392771211e-10,0.5529749752880468,0.5551980861580845,231.25081658234203,278.70982186093033,280.1883654340007,280.2908001038589,248.7969973599244
NGC5005,0,7.37,2.261212850311338e-10,0.5584174980694075,0.5660454531904363,226.76693960981177,276.5726140749325,278.4777798675963,278.76219957193246,247.126424544175
NGC5005,0,8.19,1.976541254483007e-10,0.569596938734889,0.5576078889274011,223.49621119831093,275.5341186492012,278.0625584578062,277.6926140068366,246.53013884866527
NGC5005,0,9.01,1.7548261377226996e-10,0.5917000525589426,0.5789340549345338,220.8791464353301,275.018995952428,278.57993756648096,278.1638161999765,246.45779978166422
NGC5005,0,9.83,1.5409936224642162e-10,0.6240300639808865,0.6239992165312962,216.19838836124566,272.23464408438593,277.28500440581905,277.3265792993663,244.4813510812066
NGC5005,0,10.65,1.332554335890226e-10,0.6568682012902761,0.657706300450176,209.26304470689516,266.97822146098724,273.6356772713364,273.7139078540201,240.4447969691439
NGC5005,0,11.47,1.1470398555647355e-10,0.6825383461920265,0.6795565639476714,201.48663124386195,260.71224310896196,268.75981737964077,268.68562242863135,235.6085722401833
NGC2915,1,0.34,9.715385443586856e-11,0.3166165002221527,0.305732136162072,31.926017603202563,41.818783981400216,41.06202865744328,41.002861521508926,37.04947960664916
NGC2915,1,0.67,6.061465066169284e-11,0.4842476472315729,0.4873300235008403,35.399854519475085,48.48528082285331,48.98178040313059,49.00281371772688,43.65333274226413
NGC2915,1,1.0,3.899907777851439e-11,0.549490115070074,0.5478051464846487,34.68985154191352,49.76440545736362,51.148660736572495,51.12042083619815,45.679488913464134
NGC2915,1,1.34,2.6719828608779637e-11,0.5867831655934074,0.587035053117715,33.23873643807779,49.78979366094383,51.87496132290389,51.85714947730894,46.58248074756182
NGC2915,1,1.6799999999999997,1.8941249609580382e-11,0.6089210359886627,0.6126385410382098,31.335326709641947,48.9596711358235,51.58597621811136,51.59926974532439,46.6747244840776
NGC2915,1,2.01,1.4142271477585782e-11,0.6216539072968131,0.6222618186932382,29.616442223872873,48.05952608083623,51.089028152697736,51.06028613485191,46.588618345894
NGC2915,1,2.34,1.0983602079538756e-11,0.6320538919635923,0.6286857605491963,28.161487886828706,47.29039009994934,50.671243200825735,50.58802066778445,46.52777649541683
NGC2915,1,2.6699999999999995,8.754369286901699e-12,0.640956209904248,0.6417680828687984,26.856124068822737,46.55888713321388,50.25147372728592,50.21309009939557,46.430072194581236
NGC2915,1,3.01,7.007519830831787e-12,0.6398576238145869,0.6508207374874949,25.511775712403868,45.67962511410191,49.541663495875284,49.6259644038304,46.163964115884355
NGC2915,1,3.35,5.736485523404619e-12,0.6211931185327455,0.6307932114199506,24.351214548765324,44.92348326198432,48.71144371782797,48.77427356294904,45.94755463074318
NGC2915,1,3.68,4.9513242436713235e-12,0.5843662066319332,0.5848406700747019,23.711545710897887,44.73669686895419,48.202432459739626,48.146405265569115,46.16120350243624
NGC2915,1,4.02,4.429543487242694e-12,0.5410039003213725,0.5284291904716595,23.44054926830854,44.99509485085892,48.04411873307083,47.82073389583406,46.73731343985153
NGC2915,1,4.35,4.094814405524307e-12,0.5250588732044192,0.5010893902792496,23.444286084246624,45.55967132794205,48.52027601079004,48.14614189560912,47.5455129099924
NGC2915,1,4.68,3.80269475581235e-12,0.5446613212898194,0.5314846145051306,23.43386545152122,46.075168729781076,49.40259368937693,49.15748589045936,48.2951318416643
NGC2915,1,5.02,3.4831250229384404e-12,0.5858681989285017,0.5855773178319149,23.22799173411253,46.31409515379717,50.3112852288,50.2316208677284,48.79831417164239
NGC2915,1,5.35,3.1539118664119388e-12,0.6169134849227803,0.6256342658604201,22.817966605287157,46.22993417572759,50.76420634932474,50.80667513511564,48.99540509940278
NGC2915,1,5.6899999999999995,2.8264305640285922e-12,0.6189923759524043,0.6392231212451299,22.2766851214448,45.94614326408196,50.6102718190326,50.813669426542866,49.00856902724448
NGC2915,1,6.03,2.551280116859008e-12,0.5792273912054512,0.5988895141088643,21.78778097925532,45.70162061943052,49.89979766567157,50.09056344372382,49.03963202427345
NGC2915,1,6.36,2.3876989188210313e-12,0.4898569184800183,0.488117577144228,21.646795374835506,45.90790516212664,48.956482542086626,48.84845463728614,49.450698708815786
NGC2915,1,6.69,2.307179806207573e-12,0.3685997436703313,0.31426189910563274,21.823733640236725,46.54862734194546,48.03111770213883,47.24086339471501,50.24043945950901
NGC2915,1,7.02,2.2796825652845885e-12,0.3583978191609446,0.2236987985136711,22.221891233646158,47.49292465597726,48.87811002860219,47.0387119353988,51.295134837731844
NGC2915,1,7.36,2.2447370030771012e-12,0.41073639801015854,0.4427194599107553,22.578594951856502,48.38015690164703,50.529765825182146,50.8917066716713,52.299994941513305
NGC2915,1,7.7,2.12238256873327e-12,0.4487144798201074,0.5067033673402433,22.456003651585025,48.572334475297254,51.32425029656978,52.074240072791255,52.677450516836956
NGC2915,1,8.03,2.0498707922800196e-12,0.45346222890181165,0.4211305718743208,22.537009562051484,49.03403877699469,51.91602072005219,51.35413776117399,53.28439965128986
NGC2915,1,8.37,1.997191025931134e-12,0.4021651656048658,0.40743806689222706,22.711603862343143,49.63184141773688,51.82318484731867,51.80534649460672,54.01452614225424
NGC2915,1,8.7,1.940601547476332e-12,0.40225096843724284,0.3818193589261332,22.8245952866639,50.122289543789684,52.363867270872454,51.96939455304599,54.63801941927606
NGC2915,1,9.03,1.9050492179106023e-12,0.4073408187334412,0.40581919558674145,23.039457458889956,50.75322005244822,53.116844327893034,52.995878392996744,55.384231506574054
NGC2915,1,9.37,1.8449030172874238e-12,0.4480270483217884,0.4280314436097599,23.095737702009,51.155726726434644,54.189761381384976,53.782583906833715,55.925634018910316
NGC2915,1,9.7,1.8047138112732171e-12,0.497353487623689,0.4873534200902599,23.24156190964798,51.67249029717674,55.53582812161041,55.271891880687775,56.56141037949699
NGC2915,1,10.04,1.727839070046872e-12,0.5384103841533964,0.6118641526523537,23.136292918270204,51.82292064484782,56.4094822198925,57.50879452811632,56.86641048426371
UGC07524,2,0.35,1.1016719005591273e-11,0.3869351618995615,0.3925824784870668,10.907756414588658,18.92096344669432,18.9923237235906,19.00228356869346,18.65016659009738
UGC07524,2,0.69,7.496666936365073e-12,0.3381012279028915,0.3279475350271535,12.63379792461475,23.292989835528804,23.153382941241343,23.078229081208537,23.37891074213266
UGC07524,2,1.03,6.281965904504704e-12,0.3054468934963503,0.3392890534163825,14.129984076424149,26.821104935656574,26.465152289122912,26.66782302924343,27.141122807283278
UGC07524,2,1.38,5.32295767319987e-12,0.22359809555131446,0.2523100815866973,15.055366152970175,29.38579020132804,28.422111923882223,28.60483074257776,29.962121786344788
UGC07524,2,1.72,5.132812184712178e-12,0.1309741806340593,0.06337715467902323,16.50506285961977,32.41573144153847,30.641033488253196,30.116772161544482,33.10592427973043
UGC07524,2,2.07,5.146453795660019e-12,0.0,0.04817805467100389,18.13069634625212,35.592316870722534,32.591505128043075,32.94704193277699,36.34578753912119
UGC07524,2,2.41,5.065742790632299e-12,0.0,0.0,19.409098381944485,38.2050266935338,34.980314261775206,34.954718879607256,39.04165565578839
UGC07524,2,2.76,5.486481994846418e-12,0.0,0.0,21.61607272378588,41.97513257022076,38.45265505358376,38.42453401663293,42.7396474150041
UGC07524,2,3.1,5.644955586969363e-12,0.0,0.0,23.237338487873348,44.90656962615401,41.1461387972787,41.116056918395294,45.665274044154025
UGC07524,2,3.45,5.832051456939606e-12,0.0,0.0,24.916985170762533,47.88866498104788,43.888507747268086,43.856434048704145,48.62536634910838
UGC07524,2,3.79,6.013810661908974e-12,0.0,0.0,26.519769983919545,50.70722641544368,46.481760372084814,46.44780687500466,51.41505642360909
UGC07524,2,4.14,6.2558007271263e-12,0.0,0.0,28.2694198737788,53.69748626732105,49.23687975270431,49.200938048702504,54.348605544207764
UGC07524,2,4.48,6.298753670069986e-12,0.03762135126151637,0.09003996811898504,29.50812345778701,55.986526388629564,51.79048139193019,52.39456320932094,56.64758331204374
UGC07524,2,4.82,6.175113985555284e-12,0.25109771623093097,0.22280481488476403,30.30548795185453,57.68978026989886,56.168313494632976,55.737611832433885,58.42413092243133
UGC07524,2,5.17,6.045891279045202e-12,0.3793646822477365,0.3736820905946552,31.056371326991826,59.3285681530548,59.644597113963734,59.512084422775274,60.142084085111485
UGC07524,2,5.51,5.721951380174729e-12,0.40817871490884455,0.47934387776983894,31.190558667648133,60.138697472092254,60.92489135689456,62.00122295478821,61.11699720866066
UGC07524,2,5.86,5.388540228993618e-12,0.3577556878350821,0.39683263703084465,31.214734501513863,60.799767703882296,60.82838279857303,61.39184963892633,61.957797921473464
UGC07524,2,6.2,5.277949877391878e-12,0.19105299156055539,0.14333018532470332,31.77633081398795,62.11225470108824,59.59132498316249,58.849024619803515,63.35480220223056
UGC07524,2,6.55,5.286008381137646e-12,0.0,0.0,32.685854738709224,63.87348347708906,58.49864135121396,58.455847333443394,65.14676301397462
UGC07524,2,6.89,5.351311637443632e-12,0.0,0.0,33.7298962346462,65.77620212749657,60.24620617735486,60.202137712407584,67.05009577526539
UGC07524,2,7.25,5.423483477240659e-12,0.0,0.0,34.83240301787978,67.77182650821426,62.079664979609404,62.034260382067416,69.04239534681184
UGC07524,2,7.58,5.537721799921596e-12,0.0,0.0,35.98946929311406,69.7761558587415,63.92472730876596,63.877982391845016,71.01700703142538
UGC07524,2,7.94,5.670727437269169e-12,0.0,0.0,37.27390642259005,71.97712083050222,65.9519113882573,65.90369659007303,73.17799695999886
UGC07524,2,8.27,5.832362105594402e-12,0.0,0.0,38.57893790658317,74.1452977294916,67.951940106696,67.90228090047668,75.28573814732702
UGC07524,2,8.63,5.9984764893918486e-12,0.0,0.0,39.966963232149624,76.45167983113481,70.07963222914948,70.02843916045099,77.52794512745102
UGC07524,2,8.97,6.063377740683808e-12,0.0,0.0,40.96649484639856,78.22255893695895,71.70844349012762,71.65606958519167,79.28465550658949
UGC07524,2,9.3,6.108466825194022e-12,0.0,0.0,41.86806181327241,79.8450243527353,73.19970010659269,73.14624360632821,80.90166561856692
UGC07524,2,9.66,6.1020240724201705e-12,0.04133779221229158,0.06965885517157162,42.648208637643855,81.347165589886,75.30212771413849,75.75119641317445,82.42767463556086
UGC07524,2,9.99,6.078186825909406e-12,0.2256514020289793,0.1262092924515802,43.2857592055401,82.6172976234067,79.93931789329791,77.97638816470813,83.72970240935916
UGC07524,2,10.35,6.040890562098507e-12,0.3622981192972899,0.37936335284314254,43.92339809258842,83.92072994616433,84.00576440586318,84.3014888173077,85.07468028286893
UGC07524,2,10.690000000000001,5.846756308103827e-12,0.4507850478496545,0.5850495298498551,43.91588323146877,84.36745890970475,86.39508483837142,89.39184966404949,85.65548063847368
UGCA442,3,0.41999999999999993,2.7115368830546048e-12,0.0,0.0,5.9279929149755235,13.346622071271192,12.32270781836271,12.309373976668352,13.825632368887153
UGCA442,3,1.26,5.929813332813773e-12,0.0,0.0,15.183820336134119,29.39627993134139,27.140986033469407,27.11845505072224,29.80713314196369
UGCA442,3,2.11,7.350924501783396e-12,0.1089741542803235,0.058755751608499523,21.876985624166778,40.73743155653146,38.598918259825425,38.118611204259416,41.03030809562641
UGCA442,3,2.96,6.470264572550804e-12,0.42893627677807783,0.4128166911825675,24.309842656833467,46.32004432694777,47.5248366144064,47.288164028420525,46.84149272434167
UGCA442,3,3.79,5.12735064038547e-12,0.5817208812757703,0.5633386934844262,24.487327334766448,48.7052534047618,52.222183403227035,51.913298046034406,49.60102997846366
UGCA442,3,4.65,3.712548590851956e-12,0.6638607908763855,0.6704075410469016,23.080107235452786,48.82833778236095,53.90938271841885,53.950795555971965,50.17823534450647
UGCA442,3,5.48,2.5032873290370005e-12,0.7140631730049009,0.7140205477649229,20.574102653578844,47.07587940975232,53.18853396284733,53.12326386629359,48.85839446805431
UGCA442,3,6.33,1.7251118692589877e-12,0.7472100238881808,0.7273168514369469,18.356325885100212,45.35559751863551,52.184384234021394,51.801221337026256,47.46077413177315
UGC07577,4,0.19,4.4455816321280646e-13,0.0,0.0,1.6144194002798653,5.446116242060972,4.996988703038882,4.988182007201325,5.807026467373366
UGC07577,4,0.38,1.3166433416357339e-12,0.0,0.0,3.9291729409635305,10.380629044587346,9.491942163317008,9.480885712382754,10.927869634034606
UGC07577,4,0.57,2.246610543841448e-12,0.0,0.0,6.28603213482082,14.820219151282993,13.550562524800476,13.538556528913611,15.455278573332746
UGC07577,4,0.75,3.317924960169825e-12,0.0,0.0,8.762725032773766,19.076710734907998,17.455598123281778,17.443494718937608,19.728318749539604
UGC07577,4,0.94,3.5194725177864123e-12,0.0,0.0,10.103642907387414,21.73835740741774,19.894585453841717,19.881351030194576,22.449858502348544
UGC07577,4,1.13,3.4561749603683247e-12,0.0,0.0,10.977725174187956,23.704561902481483,21.692801893103894,21.678183928325975,24.49090220712184
UGC07577,4,1.3200000000000003,3.661145190322679e-12,0.2605481154162624,0.10088080817164298,12.211547813442817,26.068401823330806,25.543906100780532,24.473754317895235,26.896301720230547
UGC07577,4,1.5100000000000002,3.409260107583647e-12,0.4119124528293235,0.48652468803336163,12.603576873253083,27.289677265997174,27.878633968309742,28.440312601330785,28.2039846595926
UGC07577,4,1.69,2.9459038500912322e-12,0.49797246682414087,0.6221733241968093,12.394468524305509,27.63799424944115,28.970869171907744,29.99133568678456,28.659087281659836
DDO168,0,0.41,1.1275327208174567e-11,0.0,0.0,11.943504510820935,20.8349999138698,19.112926362588027,19.118514459844008,20.55222862508931
DDO168,0,0.82,1.6086287776373918e-11,0.0,0.06567726535873118,20.174840767649194,33.29792975095132,30.63133341313848,31.040985148671208,32.359449664745775
DDO168,0,1.24,1.3531930114006174e-11,0.3239949213938736,0.40894897632428545,22.75443143653561,38.56566275804755,37.95597134075097,38.69832291610998,37.75302978771669
DDO168,0,1.64,1.058944492479519e-11,0.3721721202548293,0.3617549647895122,23.149083135191336,40.793371340779025,40.66013464809136,40.5743336153047,40.344659452628186
DDO168,0,2.06,9.858199674073904e-12,0.39546259536024936,0.35489157601872,25.03269961470397,44.62984263110132,44.75719244718528,44.343321486315126,44.26948627856733
DDO168,0,2.4700000000000006,8.621881402459346e-12,0.4396267377458864,0.446624880061741,25.634495313931964,46.7270713524316,47.42807771562977,47.52608572135881,46.60446933707401
DDO168,0,2.89,7.524804119664498e-12,0.48504554613658124,0.49411232479323736,25.904295975764327,48.31524293416587,49.67917388256921,49.81097060336429,48.453688743393826
DDO168,0,3.3,6.529243699969914e-12,0.5102376884049556,0.5088888171999735,25.78479493810257,49.280017949295896,51.09636037751724,51.097507495379695,49.70027223522999
DDO168,0,3.71,5.8031822357444335e-12,0.5285266525441322,0.5248281292554839,25.774801648121368,50.28687236865569,52.47880448623742,52.447748035455895,50.94947273119661
DDO168,0,4.12,5.1215014424248374e-12,0.5437756029741034,0.5613503359962513,25.51658382307475,50.89988579029522,53.43469052306003,53.7079024165319,51.81827003939049
NGC5907,1,5.03,1.0304557880991823e-10,0.0,0.17445770185776066,126.46604781521403,164.7912537868089,155.46326216554618,158.81594754304817,145.76078580487524
NGC5907,1,7.550000000000001,9.232767312913274e-11,0.2757743285843584,0.24785291516032915,146.66101748590182,192.9877885508754,188.45566101157092,187.74840519624942,171.23085432263358
NGC5907,1,10.07,8.296047989097745e-11,0.40749302423293526,0.36409725862401954,160.5556657362175,213.35260596788214,212.37694604864728,211.02635138386887,189.9289560411143
NGC5907,1,12.58,7.055231371939914e-11,0.5008868523180058,0.5131027990551097,165.48979711752625,223.30774102079155,225.83466428005602,226.27067719218155,199.8993540535064
NGC5907,1,15.100000000000001,5.543046270247329e-11,0.550545932494324,0.5696234412943858,160.7081856969333,222.1093810376617,227.1676074395351,227.89588501087374,200.6996853682117
NGC5907,1,17.61,4.5208947000381315e-11,0.5705967407456773,0.5670745296943688,156.73541798202473,221.2742735827595,227.80162844685884,227.6135435087554,201.72029885935305
NGC5907,1,20.130000000000003,3.801319809883539e-11,0.6008440350007949,0.573478023588071,153.661250971089,221.05870426889857,229.52161251340425,228.27186690244605,203.16214775749083
NGC5907,1,22.65,3.227584538838831e-11,0.6247641058679467,0.6388483710217483,150.19248017127887,220.0822113556198,230.25832211243028,230.8324495598028,203.90368509877686
NGC5907,1,25.16,2.5859157011024243e-11,0.6232982296504345,0.6543031496100256,141.6895341936023,213.0718418015405,223.8088907801374,225.16693394434844,199.6928637582101
NGC5907,1,27.68,2.1993687329283417e-11,0.6286947111315191,0.5885693050223673,137.05893057367695,210.19356839922767,221.75108470608745,219.7576107057364,198.72767625959622
NGC5907,1,30.200000000000003,1.983083031000236e-11,0.6192839974753154,0.6232381985713464,135.9406033898629,211.1761107339294,222.80201940287563,222.8745372493885,200.8038772127942
NGC5907,1,32.71,1.6794769326726504e-11,0.6391536229855787,0.6413584549303821,130.19747635803083,206.57465980426642,219.66607333270994,219.639085347289,198.27961010894936
NGC5907,1,35.23,1.5007661660906526e-11,0.65225839721281,0.6528062241861008,127.72858744227933,205.6490954752466,219.8724234370743,219.75123607428904,198.67038063642914
NGC5907,1,37.75,1.2874254174100544e-11,0.6584436166477159,0.6609556795029932,122.46015086549583,201.23288539885095,216.2032930963054,216.1672870736721,196.14553662165088
NGC5907,1,40.260000000000005,1.1541231523241755e-11,0.665415327947686,0.6625841148998799,119.73971897411485,199.70807548112217,215.46044304737353,215.13867097341287,195.91365554216085
NGC5907,1,42.78,1.0089442899690067e-11,0.6602172910757758,0.6702213634516012,115.40623055104088,196.0982289062323,211.96061744508168,212.2895314342005,193.9094795712521
NGC5907,1,45.29,9.073506627460709e-12,0.645874130395145,0.6527256061527299,112.60664345410534,194.226229116715,209.71330493106942,209.86938514036703,193.2754851607001
NGC5907,1,47.81,8.187843245105584e-12,0.61278340921223,0.6147052683489177,109.90549440314619,192.3748858113233,206.49617726641583,206.3887625113877,192.61107519817259
NGC5907,1,50.330000000000005,7.655195948743595e-12,0.5751211185970379,0.5058413088699325,109.03524246774525,192.7204118694299,205.2355930168673,201.54814526526852,193.73523154837835
UGC01281,2,0.38,1.120426948209704e-12,0.0,0.0,3.624589631944559,9.42728940430969,8.582714029777197,8.576861260763101,10.252676772683825
UGC01281,2,0.54,1.7317644263027543e-12,0.0,0.0,5.371759488286869,12.842850285875894,11.701773077563061,11.693502039173124,13.73588082241841
UGC01281,2,0.69,1.8873218321960835e-12,0.0,0.0,6.339029894234606,14.910257245622553,13.58870149904262,13.579042765432542,15.892531430286247
UGC01281,2,0.8399999999999999,2.0531706413686904e-12,0.0,0.0,7.29503598346163,16.88899442110052,15.396001668461086,15.385003314821782,17.9406552157086
UGC01281,2,1.0,2.27572544912682e-12,0.0,0.0,8.379829950541957,19.03116689196238,17.3548333359044,17.342367424978903,20.13151657321193
UGC01281,2,1.15,2.3815937474681907e-12,0.0,0.0,9.193016371137386,20.70259733182921,18.882164482030745,18.868571602806735,21.85859307297872
UGC01281,2,1.3,3.4156866406028228e-12,0.0,0.0,11.705391919965772,24.686021869426703,22.550926309785027,22.534486905940454,25.669917438374835
UGC01281,2,1.46,3.6607199137129345e-12,0.0,0.0,12.842067590540085,26.75107185208162,24.44613625385392,24.42828998627638,27.733725061719877
UGC01281,2,1.61,4.145944041784108e-12,0.0,0.0,14.351587020256678,29.246746980518427,26.745208842506425,26.7256503711279,30.155855602079225
UGC01281,2,1.76,4.4518308896316894e-12,0.0,0.0,15.54894530185247,31.29591900886729,28.631141187823378,28.610192721893014,32.16697439535207
UGC01281,2,1.92,4.833475462394717e-12,0.0,0.0,16.92215411819665,33.579002948447894,30.73547205279635,30.712980146984126,34.38689018352546
UGC01281,2,2.07,5.010611130444144e-12,0.0,0.0,17.889812743570012,35.28048384891011,32.300321494990875,32.276686151907725,36.07086124288994
UGC01281,2,2.22,5.2300769133763854e-12,0.0,0.0,18.92804665040743,37.05556170795561,33.93499727182023,33.91017078251509,37.81244485727787
UGC01281,2,2.38,5.321648267725362e-12,0.0,0.0,19.769097096225714,38.58789227165776,35.342377416640055,35.31652434072045,39.345139606091855
UGC01281,2,2.5299999999999994,5.3274645553599375e-12,0.044823685952311294,0.02792591786468433,20.393690200647846,39.799660030360286,36.845518257242965,36.66940971930188,40.578678203821816
UGC01281,2,2.68,5.305220391481613e-12,0.16924362002303267,0.21681763368146983,20.945676164783986,40.90600012180286,39.03466253367484,39.46763029905673,41.71458118560269
UGC01281,2,2.76,5.2460795781209605e-12,0.22521659314931963,0.2789436969682242,21.137189974071767,41.358879861469646,40.01931571982283,40.53165254265249,42.19782708472807
UGC01281,2,3.07,5.023330879351216e-12,0.28201173815146857,0.2490338751644164,21.814253367924376,43.00119221198314,42.21188964960848,41.82863541966648,43.95951114415197
UGC01281,2,3.46,4.8775526657650926e-12,0.4225098589740976,0.3913745322170349,22.819929885957148,45.211465155409215,46.025251299747254,45.61719627539955,46.28034400585525
UGC01281,2,3.83,4.415255050146688e-12,0.4293551758987177,0.5396393863192945,22.842969377907067,46.042816277314245,46.991600737560496,48.357089837654854,47.34170203139886
UGC01281,2,4.23,3.8572927299731096e-12,0.38296692546447636,0.38402141028723413,22.43813494923319,46.30982588433706,46.73003571733628,46.706625171076396,47.901267505337614
UGC01281,2,4.62,3.867686648232327e-12,0.18631777798847024,0.10070140879176007,23.481287230473544,48.43977249622631,46.421226101783056,45.38132714871184,50.098497147188766
UGC01281,2,4.99,3.797868924572468e-12,0.0,0.26520516210365896,24.182184558058438,50.04638864174342,45.74331502851195,48.91867905326726,51.80146059350372
NGC6503,3,0.76,1.0732867432327779e-10,0.0,0.0,50.169520627568296,64.30784995835609,60.91369996001754,60.90449837784275,59.06665791263552
NGC6503,3,1.52,1.6296618660644035e-10,0.05745069643990262,0.0,87.42704873207147,107.8408214023733,103.28235330205116,102.69902321988187,98.17863931150715
NGC6503,3,2.28,1.4594257092816276e-10,0.4802128162397128,0.4801543475079989,101.32898499442298,126.201677595081,126.64820939528583,126.62945610433107,115.12342875510815
NGC6503,3,3.04,9.795494836236518e-11,0.6038570417985265,0.6225231908891135,95.85731375330732,123.99361445468745,127.03718654975326,127.36565481191255,114.15904103977411
NGC6503,3,3.79,6.512823077865244e-11,0.6438131906306112,0.6538168268238582,87.27292220385426,117.93590557937503,122.33938455860536,122.512170256445,109.90980941456485
NGC6503,3,4.55,4.585466829934832e-11,0.6518077855651029,0.6537355295779016,80.23664281361728,113.048470279566,118.15253251754038,118.15133159562475,106.62263717062405
NGC6503,3,5.31,3.4398760158067546e-11,0.646297421189349,0.6488892758034466,75.0747557438584,109.77069454680806,115.21415467228951,115.22329746096835,104.61633745732146
NGC6503,3,6.07,2.690461463806694e-11,0.6387999407956755,0.6380018987787783,70.9876837909225,107.35669932889756,113.032354367107,112.95713790537673,103.25451826620298
NGC6503,3,6.83,2.2024154320687935e-11,0.6364055416975064,0.629957947734359,68.12950682340214,106.05176108872257,112.0326266756948,111.81360793993083,102.76483548177929
NGC6503,3,7.59,1.839339853170106e-11,0.6357059396043858,0.6383363042263264,65.6337397989784,104.96552170070012,111.2604433455745,111.25981865626088,102.39496524452122
NGC6503,3,8.35,1.546517478041507e-11,0.6328323210841356,0.6392965470445015,63.124205737577405,103.70781151935955,110.23396229166428,110.32856401323141,101.81338704566349
NGC6503,3,9.11,1.3299840173508132e-11,0.6273693711955056,0.6240154018869686,61.144538595037254,102.91038022502576,109.57475394169184,109.41159398627816,101.58140577652966
NGC6503,3,9.860000000000001,1.1723711850057208e-11,0.6219093568595726,0.6173228647952622,59.72364397790878,102.62067463504484,109.39708130819506,109.1958620493924,101.74868900708162
NGC6503,3,10.64,1.0354496338079096e-11,0.619113063038012,0.6221286855421804,58.30564123650473,102.29107756747979,109.24045534380664,109.23875176384524,101.8600465240464
NGC6503,3,11.379999999999999,9.261080428984346e-12,0.6158376741633338,0.6190944415109872,57.026567492704665,101.97279086474084,109.05330930081111,109.0559454375877,101.92913864549774
NGC6503,3,12.12,8.37676256388137e-12,0.6127249799828539,0.6083311824572177,55.971208670172565,101.84568285923962,109.04858575860814,108.83658601757146,102.1430232396111
NGC6503,3,12.86,7.657103889267926e-12,0.6161239040991339,0.6077079008547512,55.12238837350937,101.90154993154542,109.39936912518705,109.06875093488858,102.49937019668263
NGC6503,3,13.7,6.926516156010047e-12,0.6300154001231346,0.6297062477013088,54.111924748617106,101.84224773853197,109.95551413241331,109.84921217319734,102.76883822787444
NGC6503,3,14.44,6.301791496878967e-12,0.6415298317354377,0.6478837311046007,52.989629645809,101.45267587052345,110.08433208480344,110.16966865207534,102.67876251532736
NGC6503,3,15.18,5.7363820511396705e-12,0.6425587951387525,0.6497617131764328,51.83584618774927,100.97078560539813,109.80740266711182,109.91660005717982,102.48499339944533
NGC6503,3,15.91,5.263677592110793e-12,0.6391295590619949,0.6337547182215906,50.83408403817266,100.61376620975292,109.51403135136664,109.24797417517473,102.38517191877686
NGC6503,3,16.65,4.887037068024572e-12,0.6391335257805421,0.6294515003626395,50.10778532324094,100.56760757889403,109.63306508201356,109.2339839054562,102.5604958753797
NGC6503,3,17.49,4.479363535530923e-12,0.6509154867226464,0.6501575895741015,49.1675233258703,100.32321987574701,109.92286596858447,109.787263882481,102.56629992635426
NGC6503,3,18.23,4.134534752546939e-12,0.6597232068027858,0.6677067336041035,48.226076452475375,99.92311110642358,109.94000271344457,110.07023254911124,102.38589067860738
NGC6503,3,18.97,3.805722544162588e-12,0.660565843539757,0.6652778751763789,47.19842423217114,99.37291414083671,109.5536110143875,109.58132234371398,102.05231280890843
NGC6503,3,19.71,3.5393647322095e-12,0.6550352888124763,0.6509769481494877,46.39607526504801,99.07558238246648,109.22245967045029,108.97691222801872,101.94365204335035
NGC6503,3,20.45,3.307865639362272e-12,0.6498554692650652,0.6459707537273739,45.687338508606516,98.86766564739766,108.98692236585767,108.74433532104085,101.90910171278385
NGC6503,3,21.29,3.075058638345367e-12,0.6518136331077404,0.6517969380364398,44.94587133430611,98.67874733228342,109.00549237587606,108.88049210406938,101.90362925540181
NGC6503,3,22.03,2.8796143707085876e-12,0.6577528557801,0.657469659891184,44.24352155965887,98.41722468575557,109.05258720366578,108.91679127142346,101.79993551077267
NGC6503,3,22.759999999999998,2.705157854905093e-12,0.6644452657130918,0.6635661396819853,43.58707319836926,98.18097495594786,109.14548355852945,108.9883651679844,101.71047450727988
NGC6503,3,23.5,2.5353149386087262e-12,0.6707640400922752,0.6754119521601117,42.8770760430326,97.85504515908164,109.13317956810438,109.15021749981322,101.52988161728206
UGC08490,4,0.34,3.709706231656466e-11,0.0,0.0,19.72806503436158,28.569214441763766,26.683309969200653,26.687236632546615,27.347171639061962
UGC08490,4,0.68,3.961972780813522e-11,0.15103513563903664,0.14256763647626797,28.832710590577502,41.39361681064435,39.63314876717361,39.5851814161296,39.52840458139628
UGC08490,4,1.02,3.481194594691037e-11,0.3368094720566231,0.33403576419764347,33.10087763186952,48.344832728981096,47.77636173922786,47.75973098461492,46.384439117627686
UGC08490,4,1.36,2.9032287737744427e-11,0.4316630934886982,0.43177591301554924,34.90481628658142,52.27118613989237,52.62774477424621,52.63471667250123,50.486881423923265
UGC08490,4,1.69,2.409982315382638e-11,0.47123350370087425,0.4882374172583205,35.450760217518614,54.52819799420165,55.42073824153816,55.61783421277112,53.0281619808135
UGC08490,4,2.03,1.993215519418311e-11,0.48639443898314205,0.4902614767385081,35.334619709287935,55.9153718987715,57.118940593693274,57.166323527477516,54.754313791748686
UGC08490,4,2.37,1.7341097522935937e-11,0.5050890155478623,0.48216117655162394,35.611292450569664,57.58028734139178,59.1498240865163,58.84918487937411,56.66715715407279
UGC08490,4,2.7,1.530539038922338e-11,0.5200219773370957,0.5264733088492434,35.70913748608331,58.89425505948262,60.792905153414104,60.876689271672426,58.21655370829577
UGC08490,4,3.0500000000000003,1.3133229381607446e-11,0.5149547220932085,0.5445749188648618,35.15693103784799,59.4472024420669,61.40830701688149,61.8260193194212,59.075292071158295
UGC08490,4,3.38,1.1675514317232263e-11,0.49466683601166156,0.4850961637163298,34.8956773827361,60.17520800190686,61.952666104021766,61.80109455094796,60.037126489274534
UGC08490,4,3.72,1.0862929703664425e-11,0.5117605075089111,0.4453296658966431,35.31183017063829,61.64237791315905,63.77810211686096,62.761648905674726,61.64840724668909
UGC08490,4,4.06,1.0085790467422781e-11,0.5587830879525155,0.5642348865097838,35.54620654866001,62.847307489380825,65.83752741248216,65.90936375461713,63.006199537048126
UGC08490,4,4.39,8.83564589037078e-12,0.6169824328208496,0.626811129634723,34.59606335986798,62.596847936079094,66.67050211273444,66.81628957906207,63.02102301063166
UGC08490,4,4.74,7.77562533711439e-12,0.6707339522911508,0.6561800445206959,33.72345845253716,62.42293708368236,67.56027355550307,67.28072893585046,63.09511318432465
UGC08490,4,5.08,6.710123788532639e-12,0.6720139401664535,0.7096209646649275,32.431900191015636,61.66228195360321,66.94075415295784,67.58457244643641,62.60117965619182
UGC08490,4,5.409999999999999,5.650381657492201e-12,0.6454835529739559,0.6680823514472636,30.712332213623892,60.28895404319333,65.18711099507813,65.55289889624245,61.507909653628374
UGC08490,4,5.75,5.214509972867089e-12,0.6083554422306535,0.5364398946178391,30.416969770179275,60.622221774133266,64.98078353285301,63.70103533901014,61.98440877818026
UGC08490,4,6.09,4.921542151234864e-12,0.5764743023178985,0.5753264807222538,30.41126764868574,61.28299991510276,65.18323268186437,65.12611400678203,62.75744192625637
UGC08490,4,6.42,4.505290479848726e-12,0.5947278085214228,0.6101007566164159,29.87474351354334,61.23454088173952,65.54621593920284,65.78361591225595,62.85332023078204
UGC08490,4,6.77,4.1705828024403805e-12,0.5617416677348473,0.6082378840068844,29.516712215285768,61.415514919541806,65.22250334694996,66.02366821924088,63.16330565097153
UGC08490,4,7.11,3.847914675808176e-12,0.5115731709537978,0.46313908306487805,29.055127774628698,61.41788955407339,64.40091062954944,63.5058332310306,63.292069283037954
UGC08490,4,7.44,3.823566799592966e-12,0.5674167028534836,0.3922608439781001,29.627573305959434,62.70639088926878,66.78368655689566,63.60104200414307,64.62991067770727
UGC08490,4,7.78,3.6331210266658658e-12,0.5965094220583618,0.6715630430752304,29.532825804517923,63.140861319771055,67.84849475780295,69.25136437998435,65.15814439239611
UGC08490,4,8.12,3.208251364214192e-12,0.6162746072286189,0.6640112119239405,28.35224682454637,62.14156621414147,67.28177807204847,68.15291963311569,64.31387705829854
UGC08490,4,8.46,3.0688163003076087e-12,0.6190681987729533,0.502014672345354,28.303875176378234,62.5936596594193,67.87388651045227,65.60099555554588,64.8470640847963
UGC08490,4,8.8,2.9577106603800434e-12,0.6233529979094815,0.6190502595377063,28.3396480218086,63.14234372488923,68.59389441435353,68.45311743334571,65.46935665081573
UGC08490,4,9.13,2.7207000584565836e-12,0.6492443683338718,0.6959136807762474,27.68541222376868,62.742979849741,68.76635544127372,69.64666432649051,65.17381100331549
UGC08490,4,9.47,2.500520107712607e-12,0.6294304109129011,0.6412382474080278,27.031206965283662,62.33129487036913,68.01656928836299,68.18972818378333,64.86141367258661
UGC08490,4,9.77,2.3979330352545316e-12,0.5493609584715111,0.5297118966597781,26.886921541894676,62.53752999987586,66.7119691430097,66.27225261381777,65.13201785319829
UGC08490,4,10.150000000000002,2.3204299001021596e-12,0.38742063085431744,0.37332003289855914,26.95830113341714,63.132150941007176,64.30305717571366,63.98617702553377,65.7949912580399
UGC07866,0,0.33000000000000007,5.168129656136736e-12,0.0,0.27417874542943826,7.254357311299189,14.447391666129457,13.201474981971893,14.138259996529026,14.702998002487783
UGC07866,0,0.6600000000000001,4.871863505821714e-12,0.0,0.0,9.96081321981293,20.048557834722423,18.316525372136425,18.323071432377223,20.44893373905509
UGC07866,0,1.0,5.711818404397773e-12,0.0,0.0,13.275854021493307,25.97389734440388,23.741699715728686,23.749894585522483,26.332285740550862
UGC07866,0,1.33,5.639626049576501e-12,0.08439716041041571,0.1661499114464233,15.213398699830357,29.83161737543446,27.826577265149947,28.399771752252107,30.258076254552396
UGC07866,0,1.67,5.240174190894265e-12,0.20586885786426154,0.1541469922187756,16.432603263025612,32.645502313042805,31.38463158506054,30.992158600199037,33.20556127856569
UGC07866,0,2.0,5.173541978512333e-12,0.25927422128106975,0.2624331492618071,17.86834211671581,35.57898334384359,34.67252974416573,34.71331634947435,36.20701230705942
UGC07866,0,2.32,4.739595708852205e-12,0.2981243792201518,0.45196518805019237,18.420012214979664,37.2591549883515,36.69649486612962,38.224667844947724,38.04260878524619
NGC2841,1,3.44,5.040319034290501e-10,0.5877842023278729,0.5987445621647053,231.30419386599976,269.1219466265585,270.52696563574267,270.886600891231,236.74937727610978
NGC2841,1,3.77,4.42115425800766e-10,0.5780562056449232,0.5779648557438591,226.78471575483212,265.8457282294657,267.2146050895103,267.29027850122037,233.33033331058604
NGC2841,1,4.13,3.923848197585502e-10,0.5679036958533497,0.5647059147539181,223.61781373584708,263.9971006889356,265.3006680893793,265.2900770725734,231.31153926292245
NGC2841,1,4.47,3.5438130418962025e-10,0.5597835608893923,0.5612805221407507,221.08762543389895,262.64834709686295,263.907698350951,264.02012791113526,229.86389575076575
NGC2841,1,4.8,3.2368836580368243e-10,0.5527513506208351,0.5545357681765211,218.95730364616747,261.6121485566407,262.83520187239026,262.953687424786,228.77816182632597
NGC2841,1,5.13,2.98475760744459e-10,0.5472052273983907,0.5437885678087775,217.36443621255066,261.0792523146866,262.2906339949085,262.25936147108234,228.19872739399625
NGC2841,1,5.48,2.76395160019571e-10,0.5429437797384447,0.5416565437186845,216.1875942786727,260.9949113684317,262.2248228412485,262.25089342203273,228.05876384095555
NGC2841,1,5.830000000000001,2.5663726234662025e-10,0.5281103632058324,0.5429845275567798,214.86684499940887,260.7104769854551,261.6397321063239,262.1418962525484,227.784896135597
NGC2841,1,6.16,2.40502115427739e-10,0.5086744059545931,0.509177543772713,213.80855532461743,260.59659847189573,261.0614632993463,261.1342206050483,227.69459933737696
NGC2841,1,6.509999999999999,2.2889725367073955e-10,0.4881356105313338,0.47084148197569825,214.43025294953136,262.266682417852,262.19696675981874,261.7342831453039,229.18076945182452
NGC2841,1,6.86,2.1853167797160818e-10,0.47837124516202073,0.4793059549763488,215.07727762364854,263.93032740747014,263.6333283235825,263.7160039801603,230.67571511920588
NGC2841,1,7.18,2.0925440436365482e-10,0.4736907348818801,0.48494354353823427,215.31525405785814,265.05295342343,264.6750639860371,265.07816686209327,231.7095085926602
NGC2841,1,7.51,2.006742087717194e-10,0.469761104481439,0.46398272354206715,215.64580828293415,266.27498868149934,265.8349652851848,265.70407064841874,232.8416511743689
NGC2841,1,7.85,1.9368625248426008e-10,0.475356203739652,0.456465403629847,216.60052211386747,268.1565035957935,267.94724627877247,267.39216901855406,234.55126099761034
NGC2841,1,8.21,1.8619539350733059e-10,0.4968527626826596,0.49562787849450707,217.1857452044217,269.6755393674346,270.23783151586764,270.24651464049145,235.96267235428536
NGC2841,1,8.57,1.7775297110850572e-10,0.5300436924675922,0.5308431872800583,216.80740826826008,270.1530697050435,271.9331346886194,272.00887664692004,236.49249882019123
NGC2841,1,8.9,1.7002958093043514e-10,0.554481427926712,0.5559135310781809,216.0889295637331,270.17625677673,272.9142863979575,273.01171364272693,236.63465589939196
NGC2841,1,9.24,1.6177556652291168e-10,0.5665244490804554,0.5750605864317707,214.7670851643706,269.56315823455003,272.85547782884794,273.2081341225713,236.25077027398154
NGC2841,1,9.6,1.5346539552974293e-10,0.5658219694745246,0.5708947309749278,213.21419776834747,268.7275930213896,272.1298934252944,272.3567587691235,235.69954244859022
NGC2841,1,9.93,1.4693397346329144e-10,0.5582556298383357,0.553945718501256,212.18320663992236,268.35754822058993,271.5991832488023,271.48043521495595,235.5389814917036
NGC2841,1,10.269999999999998,1.411299772303146e-10,0.5501561395084962,0.5472123615251149,211.48040339473536,268.33964843245764,271.3929848922985,271.32115719325844,235.68716022396816
NGC2841,1,10.6,1.3579124081546303e-10,0.5494175563290602,0.5483067760237944,210.74830172506725,268.25264362538,271.38274030263005,271.37601305593085,235.77817719150315
NGC2841,1,10.93,1.3085169590567503e-10,0.5579432675692344,0.5520063356304465,210.07531887396956,268.2130702196897,271.76763403607947,271.57564684414643,235.91402226647844
NGC2841,1,11.27,1.2591404359829182e-10,0.5667091900995447,0.5650269916506355,209.25426387531508,268.02071539252375,272.0208485358576,271.98680885243346,235.93187895638368
NGC2841,1,12.31,1.1104358792528164e-10,0.607609983434047,0.6070717160986266,205.3766388370401,265.8776073805328,271.8674929989341,271.86902502130715,234.72146522142907
NGC2841,1,14.35,8.483744413633292e-11,0.6465562876670522,0.6545924272994481,193.8184032025855,257.0205185926167,265.4449759950053,265.79525748215616,228.63846983950646
NGC2841,1,16.4,6.4808814575779e-11,0.6548989034298749,0.6652702041414373,181.09824245419944,246.40001426240576,255.97914684637962,256.4233670214549,221.26840918325667
NGC2841,1,18.48,5.127700089232727e-11,0.6426889212729114,0.6494044990017557,170.99663499613087,238.22999389204296,247.97821625531017,248.2459530216201,215.97466316539627
NGC2841,1,20.57,4.248978482295626e-11,0.6282551654469098,0.6142557788347941,164.22326576950053,233.3946264133349,243.11522239359644,242.4253952486347,213.3746528162162
NGC2841,1,22.51,3.72641873731974e-11,0.6364473128761821,0.6133322202721292,160.88251530231616,231.9584350245581,242.58379867261604,241.43876072395796,213.38430673431483
NGC2841,1,24.59,3.2026613436042736e-11,0.6580157820692699,0.6628451498739006,155.88705263747852,228.62941702960526,240.83523568101185,240.99128418342536,211.90558310357898
NGC2841,1,26.68,2.6767900323731477e-11,0.6784029662720857,0.6887832162341689,148.44833757910527,222.32000722334328,236.05501013819105,236.47377100150493,207.97904617674345
NGC2841,1,28.77,2.2630109488534994e-11,0.6791305205765416,0.6851474443008717,141.73872805270972,216.61088868164043,230.87393954194758,231.0631140114325,204.4753587427908
NGC2841,1,30.7,1.9703733636263114e-11,0.6621810518076954,0.6678384829378318,136.62139777501912,212.4049049955749,226.24304925353096,226.40195890996955,202.04482757115971
NGC2841,1,32.79,1.740130690271322e-11,0.6336997568611424,0.6327768330839126,132.68960897523212,209.57016720289076,222.4114294965726,222.23226853698526,200.74895037090826
NGC2841,1,34.88,1.579284263608337e-11,0.6036290956095212,0.5951461228580571,130.3748028569938,208.51282824020595,220.24424224629908,219.68332027074973,200.8460469701055
NGC2841,1,36.96,1.4582439958300112e-11,0.5897496196273664,0.5778288963849635,128.96039430770983,208.42036207163372,219.80895916402974,219.06612313528166,201.68260548848787
NGC2841,1,38.9,1.3601175405553549e-11,0.5958908970874369,0.58936611007263,127.77276529057357,208.42095528484037,220.42819175107886,219.93989527043775,202.50115209725053
NGC2841,1,40.99,1.2567390271347849e-11,0.6191259570793984,0.6147877077061364,126.07726607124697,207.85273201871993,221.38146957615405,220.98814544072061,202.8845924330405
NGC2841,1,43.08,1.1561700229303567e-11,0.6509933753125122,0.6458704375716742,123.97210412024151,206.71684691000422,222.24518244595365,221.79336967968501,202.76807086605226
NGC2841,1,45.16,1.0539636656866814e-11,0.6775724347914011,0.6821372534239377,121.18951819361277,204.67533508706063,221.9408063096654,221.99440558959057,201.86728708915743
NGC2841,1,47.1,9.564014983684835e-12,0.689619550027544,0.7003604679230228,117.89784043823704,201.84263557164465,220.02948307155668,220.4104845848508,200.22551841538723
NGC2841,1,49.19,8.630247143741683e-12,0.6833711321465038,0.6925575936374119,114.45250442869303,198.8251149064016,216.94389215781615,217.22975361749752,198.4441605439906
NGC2841,1,51.27,7.896862500470514e-12,0.6503776168822738,0.6588124290801435,111.77230815367463,196.66848656902803,213.27235601020539,213.50601637956268,197.33663771108775
NGC2841,1,53.36,7.370891075432371e-12,0.5960083903317532,0.5899080024786144,110.16488356096058,195.79528693166628,209.77017570349253,209.22898415501234,197.27288783620463
NGC2841,1,55.3,7.066155066118783e-12,0.5414931963000161,0.5181830545266732,109.8068466899947,196.37154701652867,207.71814644655194,206.29590004471015,198.35460184614683
NGC2841,1,57.379999999999995,6.8188115238361554e-12,0.5130196972427998,0.4882014418440934,109.87778292266368,197.53363918497365,207.6121781737754,206.1115873593055,199.95492303695724
NGC2841,1,59.470000000000006,6.592576097294664e-12,0.5369307091785035,0.521774548294823,109.98964937665725,198.7256464306502,210.25901608044953,209.22844551308376,201.5687411985556
NGC2841,1,61.56000000000001,6.3175076306076485e-12,0.5760172225885357,0.582062003119031,109.54623749814505,199.18447603085463,213.02878531877514,213.11412859745815,202.55085585623607
NGC2841,1,63.64,6.001256867721208e-12,0.6078609286817205,0.629388438892195,108.55790814123125,198.91181859386765,214.7219812289048,215.6651434448233,202.89703267768056
UGC07151,2,0.5,1.9899159383438574e-11,0.0,0.0,17.521756475878778,27.86717895617559,25.828582212448904,25.810972045652257,26.711050221256457
UGC07151,2,1.0,2.3869193412100522e-11,0.0,0.028823440537733672,27.139018957950565,42.099556539892816,39.10027720347107,39.277662745428565,40.01339985248881
UGC07151,2,1.5,2.2004985357926628e-11,0.17843654230605357,0.16129394522666657,31.914014946414994,50.05661647709611,48.03411167402065,47.841385887384995,47.755437164296524
UGC07151,2,2.0,2.0855698076173115e-11,0.2837176556554503,0.2629841879540861,35.87588605177579,56.6874776340822,55.53601583672316,55.26397826986192,54.216631229959916
UGC07151,2,2.49,1.8746324242288963e-11,0.39289370009679775,0.3688492131393758,37.95185502712614,60.86700461626191,61.011890915136334,60.65561854473329,58.50528833495361
UGC07151,2,3.0,1.6553670515152268e-11,0.40498185078952975,0.48517207093109355,39.14560894915291,63.904392134519526,64.2645204315015,65.35759567126377,61.78590192106518
UGC07151,2,3.49,1.3877586143104048e-11,0.3923308237599093,0.3857805917555081,38.65849583209363,64.75788580838982,65.00241251762705,64.85655542699361,63.13612916396511
UGC07151,2,4.0,1.3608511871711728e-11,0.36288940061842495,0.30385121861831493,40.98364551867,68.8529223947905,68.66585529426169,67.72200142664252,67.1909849982691
UGC07151,2,4.49,1.2573334413626633e-11,0.32121699187845,0.37948706379662045,41.73723517436199,70.95524799131591,70.12570013379043,70.99724205135334,69.50294435047647
UGC07151,2,5.01,1.1847950449881646e-11,0.3543617519524214,0.30610230720561143,42.79723881280193,73.41537271289288,73.1169610941765,72.26630521824066,72.11566546874394
UGC07151,2,5.5,1.146188684289996e-11,0.3801353515570105,0.2119173256242629,44.104680023779785,76.04170206380343,76.1927410447167,73.29658770925299,74.81288023707852
NGC0247,3,1.08,7.628227310976383e-12,0.0,0.0,15.944061590448026,29.494626948751126,27.25096514931767,27.230460361813396,29.671286376472164
NGC0247,3,1.61,9.194490406072268e-12,0.0,0.0,21.372338430784776,38.26481139254876,35.3804308406332,35.35579337509705,38.257712601499
NGC0247,3,2.15,9.452323674632615e-12,0.0,0.0,25.0416992234952,44.621416609102994,41.263113965568756,41.23471764540656,44.57159105613245
NGC0247,3,2.7,9.3353030005367e-12,0.0,0.0,27.88825648906722,49.80022478999946,46.049498341695234,46.01763862512365,49.765528122868666
NGC0247,3,3.22,9.431449243189394e-12,0.0,0.0,30.612050731697153,54.567865533846465,50.460452453582676,50.425693796711826,54.51100329686663
NGC0247,3,3.77,9.437992151364193e-12,0.02800270732383083,0.0025990735648437594,33.13490682045145,59.05797309500111,54.949898991796495,54.60620820679794,58.9950504629341
NGC0247,3,4.31,9.427194985380946e-12,0.1250919735519845,0.08596453383618329,35.408306228906234,63.12238071967594,60.01846757282425,59.45080376057334,63.057564825998774
NGC0247,3,4.85,9.240513838121604e-12,0.19664697991531876,0.22725710903418198,37.187261932011076,66.52237085623203,64.29579415204675,64.70540870195887,66.49886727541269
NGC0247,3,5.38,8.861707966498525e-12,0.22074361834185696,0.2608843956202248,38.355277342238054,69.110359734923,67.18375165509518,67.76859318188785,69.18287046561481
NGC0247,3,5.92,8.605880917971034e-12,0.18555299203103592,0.19400256176288247,39.64914185704402,71.80663967512886,69.2426051155969,69.32713901867581,71.95204627085917
NGC0247,3,6.46,8.471080509707935e-12,0.08014987959534499,0.096037637218519,41.092346002631686,74.6257042493155,70.235682542984,70.43898309744986,74.81591415099878
NGC0247,3,6.99,8.445178045442045e-12,0.008055435649691535,0.0,42.67939608288758,77.54936304621819,71.80705370371845,71.6259164180032,77.75489267372076
NGC0247,3,7.53,8.543047335714654e-12,0.000872265942159009,0.0,44.553227155841356,80.79138948936358,74.6922538207286,74.62407306649692,80.97464971379675
NGC0247,3,8.07,8.512611382073001e-12,0.01576685954264837,0.07687341401033435,46.04086174258687,83.54105061278887,77.49112064942767,78.51064433428145,83.74043958746242
NGC0247,3,8.62,8.449150917395813e-12,0.03389726486116967,0.034547810325308875,47.40623218523067,86.13104190209617,80.21813848951429,80.17152837907668,86.35797389642366
NGC0247,3,9.14,8.465625177961704e-12,0.04230847424684105,0.0,48.86274808072096,88.74712357515051,82.81210178134617,81.96922254805115,88.97522129409066
NGC0247,3,9.69,8.461998468222436e-12,0.08880363851841945,0.07149588360868106,50.30065407129414,91.36556677973084,86.16071480085965,85.75843364716845,91.6016915524932
NGC0247,3,10.23,8.397241664951524e-12,0.19699739311366532,0.17542738316329415,51.48508279103764,93.64266550248857,90.54920930902857,90.02547026155904,93.90849311451994
NGC0247,3,10.76,8.279747133910218e-12,0.3207660986048178,0.2940878838813626,52.43121780008547,95.5991917227539,95.21372108035277,94.53039252758046,95.91508947094457
NGC0247,3,11.3,8.05971728453661e-12,0.43368482761464133,0.428620724111815,53.01202552251706,97.1167060295638,99.46643059987885,99.26129033926121,97.52374602057283
NGC0247,3,11.84,7.713373038802725e-12,0.5307775729276908,0.5253759719306007,53.08517966438467,98.00816486281326,102.92723521677101,102.69995258614337,98.55977814492095
NGC0247,3,12.38,7.290078300549243e-12,0.6011143326823684,0.6013970208154642,52.771773705267854,98.41299258081258,105.34625450507464,105.26277672057235,99.14690936989984
NGC0247,3,12.91,6.778010056776525e-12,0.6492668612611493,0.653350598042629,51.962435470251,98.17959143726183,106.58814041948,106.60765875527406,99.14060930043084
NGC0247,3,13.48,6.207075872525804e-12,0.6833341499094694,0.6862977851188583,50.811702392263925,97.55219460460313,107.07691900948888,107.06277538523517,98.77729002577559
NGC0247,3,14.01,5.675286695569015e-12,0.7052098241605029,0.7046956058569249,49.53227129861904,96.67479206780207,106.95948738987315,106.84206656987264,98.15625905699726
NGC0247,3,14.539999999999997,5.18221270021778e-12,0.7235951202125267,0.7150266857243471,48.218655103600724,95.71586501012804,106.65738667714649,106.30076059306909,97.44580217738367
D631-7,4,0.45,8.675209672120727e-12,0.0,0.0,10.97542937656655,19.922922656101395,18.321640153002594,18.31660133071197,20.069466585236583
D631-7,4,0.9,1.0909014020748938e-11,0.0,0.0,17.405611164219426,30.36231270109042,27.974048150500654,27.96873030928644,30.361044255436557
D631-7,4,1.35,1.1867945008743392e-11,0.1961655302931249,0.1512715261747872,22.234630646808597,38.23674149263779,36.76916240984692,36.404017486129774,38.12811843631324
D631-7,4,1.8,1.0420489048276934e-11,0.3843489784460912,0.4094691387426685,24.057781485415482,42.29671553012386,42.47346233766524,42.71630490074096,42.3586104592931
D631-7,4,2.25,8.561608835254895e-12,0.4780694004616123,0.4775231457344401,24.380590640917625,44.35978145416532,45.65098691488684,45.630593825021094,44.70449273842579
D631-7,4,2.69,7.237429989004344e-12,0.5236949475761162,0.5219244645551862,24.510016319864008,45.9607961936353,47.94530211438856,47.905075803035984,46.556352626889186
D631-7,4,3.14,5.990463889767301e-12,0.5522879037393151,0.5577725165854092,24.091859621042122,46.77785990173683,49.29067298337361,49.33871956636603,47.645450410264125
D631-7,4,3.59,5.0366882766692035e-12,0.5788435917914794,0.5726629744415388,23.62082344034602,47.38934329882995,50.41996872651166,50.30788314835084,48.4995386278435
D631-7,4,4.04,4.279295435564272e-12,0.5979110022064745,0.598925555582703,23.09681471545373,47.81706442945737,51.27035489664519,51.25221756168797,49.14588754146794
D631-7,4,4.49,3.6160315774113514e-12,0.6171272965771883,0.6174832144740605,22.382807017887632,47.898996538172,51.773560772557474,51.741600218174284,49.43489605981208
D631-7,4,4.940000000000001,3.094118281920297e-12,0.6331669960065613,0.6321519053792535,21.717368625135045,47.948110138674394,52.19629092626454,52.13955525636589,49.665085659323395
D631-7,4,5.39,2.6453320912270787e-12,0.6453298811901519,0.6468186310737728,20.97537603953741,47.81041823614748,52.36519410616219,52.34194235309142,49.69246601305038
D631-7,4,5.84,2.27833304451475e-12,0.6560814105182867,0.6559535397701003,20.26237276332661,47.632226144068916,52.46485070250168,52.4128010325438,49.65947690844214
D631-7,4,6.29,1.9716970752655836e-12,0.664503144584395,0.6642844834713018,19.56233498332957,47.39959860560888,52.465405564212276,52.40793432576789,49.5551243901439
D631-7,4,6.74,1.7162609356663562e-12,0.6722850067147321,0.6722049948279305,18.892824034537558,47.14355353004741,52.424703405597725,52.36557719515379,49.41170771797288
D631-7,4,7.19,1.4993409040832548e-12,0.6792439237449355,0.6805772632061793,18.238533384019668,46.848211827291344,52.32312357573851,52.28281475860962,49.21540970026724
IC2574,0,0.85,1.7532253751149902e-12,0.0,0.0,6.781154031578991,16.572314376372,15.138227676176934,15.144777593378217,17.51064065658239
IC2574,0,1.14,2.0433980470546094e-12,0.0,0.0,8.478210306426705,20.101739070079123,18.356840521485587,18.36458412048571,21.136754952394114
IC2574,0,1.42,2.2027725175884207e-12,0.0,0.0,9.824360030047758,22.953401068363764,20.95876482821166,20.967493287270848,24.076386331534923
IC2574,0,1.71,2.4338072420433325e-12,0.0,0.0,11.332257056738522,25.96822416197769,23.709250999604244,23.718954066014767,27.149010247187555
IC2574,0,1.9899999999999998,2.7175058029282325e-12,0.0,0.0,12.917755222947989,28.979906198095527,26.457496897413208,26.46811178581553,30.18512486026234
IC2574,0,2.28,2.7256496037178452e-12,0.0,0.0,13.84770197541816,31.04837277334554,28.34590512679795,28.3572714317282,32.33631481943192
IC2574,0,2.55,2.821916827093635e-12,0.0,0.0,14.901070431348213,33.189288375050424,30.300332801238728,30.31240551338351,34.52500123513999
IC2574,0,2.84,2.79415882305808e-12,0.09065475266344317,0.12094557253565462,15.64804141098815,34.9188470822834,32.65461623042112,32.9338152209452,36.33648651197177
IC2574,0,3.13,2.7459666500652826e-12,0.2967369694410312,0.2055010143884743,16.285274022871093,36.46188049183452,36.06365927867574,35.187515670997854,37.96475836305502
IC2574,0,3.41,2.6696651185669767e-12,0.4320113615941955,0.4271014812087929,16.76026401940017,37.7284503009121,38.763043517147736,38.72605540251784,39.321269561907265
IC2574,0,3.7,2.4319933301878877e-12,0.44868074793560614,0.5511900148957611,16.66315846410878,38.189660483591744,39.470915814425766,40.665605992107245,39.927154316052764
IC2574,0,3.9799999999999995,2.211192258982499e-12,0.11384841893586281,0.3933166956987774,16.478969931400446,38.47242105865462,36.236442703969544,39.20525652798026,40.34962385143622
IC2574,0,4.26,2.2057086179798784e-12,0.0,0.0,17.02762755054268,39.77260331242213,36.316329688475214,36.33145046039809,41.71664059969415
IC2574,0,4.55,2.5520196722250846e-12,0.0,0.0,18.928795524279934,42.980646430915996,39.24055995462743,39.25648381353035,44.86356751662069
IC2574,0,4.84,2.8992681105867116e-12,0.0,0.0,20.808565544025377,46.1089227181171,42.09539739828428,42.112085791070015,47.91996332569737
IC2574,0,5.12,3.048273834827845e-12,0.0,0.0,21.945083731897675,48.16689116920213,43.97468008335461,43.991950555101624,49.97186425967749
IC2574,0,5.409999999999999,3.0171637213677374e-12,0.0,0.0,22.44260902836388,49.35472189511941,45.05898853079514,45.0767190836774,51.22248657172187
IC2574,0,5.68,3.1074971061283604e-12,0.0,0.0,23.337525575776024,51.037026488643484,46.595348039374336,46.61358125821128,52.91401877367196
IC2574,0,5.97,3.1420427328264737e-12,0.0,0.0,24.058496420183868,52.50397154698691,47.93486467219242,47.95358271056486,54.41386413947973
IC2574,0,6.26,3.2639019390567282e-12,0.0,0.0,25.10909098314792,54.4052881126706,49.671798040001526,49.69105372343598,56.3090040466633
IC2574,0,6.54,3.3794016414223415e-12,0.0,0.0,26.114640529787117,56.215895470443634,51.32621449744788,51.345978356853315,58.11144750841982
IC2574,0,6.83,3.300592070483874e-12,0.15175441411882634,0.2748618397224087,26.374336958490538,57.02683277597597,54.16974389854283,56.002885168430424,58.998997920621754
IC2574,0,7.1,3.2710661976953718e-12,0.17697021900086998,0.24501739483161167,26.770045760140196,57.980264111944685,55.4471071352614,56.487408798028625,60.00443334157852
IC2574,0,7.39,3.2164861623106624e-12,0.0051324229235500595,0.0,27.082474037650254,58.84295761682349,53.794232891170125,53.74376262287692,60.93334518901698
IC2574,0,7.68,3.273650834479317e-12,0.0,0.0,27.853005223853312,60.316849260703535,55.069138663976496,55.09047443237087,62.420852613661935
IC2574,0,7.959999999999999,3.288505667911044e-12,0.14896278356577797,0.010966365639836714,28.420460059611987,61.4933473551645,58.370273107084024,56.324373031490914,63.62822223929354
IC2574,0,8.25,3.271075861939885e-12,0.3542250689347723,0.426707852139818,28.85675917354546,62.499765742859246,62.69374120121278,63.98054923369582,64.68171013002996
IC2574,0,8.52,3.138933806355437e-12,0.41120412410935164,0.4987784118081887,28.726727102125643,62.70338509940719,63.92044164652926,65.52477192324558,64.98654580072166
IC2574,0,8.81,3.066395383704938e-12,0.34399823028363746,0.3624641959463918,28.872028851467988,63.29966437887139,63.36062494006625,63.70961631550109,65.65815017536319
IC2574,0,9.1,3.022737878202587e-12,0.0,0.04044593715344465,29.133738174151286,64.04712725316605,58.47262747521271,59.1176130514647,66.46664118259807
IC2574,0,9.38,3.0533701710687838e-12,0.0,0.0,29.728049885587854,65.22895770134822,59.55178052370226,59.575161323450686,67.66936540687784
IC2574,0,9.67,3.186439765683269e-12,0.0,0.0,30.834816360730933,67.1143704738868,61.274246723694226,61.29810974575125,69.5215215653408
IC2574,0,9.96,3.169692990958071e-12,0.0,0.0,31.211420986555545,68.00161355134361,62.08411007177558,62.10831281554093,70.45361348060933
IC2574,0,10.23,3.248665344111206e-12,0.0,0.0,32.023262638275945,69.44771112286419,63.40527307000077,63.42987474999378,71.88963692123328
ESO444-G084,1,0.26,6.929801980493937e-12,0.0,0.0,7.45628258584665,13.372669398417852,12.449096094548944,12.43718103406326,13.523494144822994
ESO444-G084,1,0.77,1.0217905631742538e-11,0.0030452304363144003,0.0,15.581224277957107,26.428829340885972,24.61703515643292,24.582971753473842,26.114217889100196
ESO444-G084,1,1.29,9.45373755880633e-12,0.2630695052805577,0.24426624935835298,19.39866748001006,33.265176756893894,32.79116343154508,32.62533202094157,33.02145751293353
ESO444-G084,1,1.81,8.154565229676605e-12,0.4689752497679609,0.3918672645375836,21.341009816782336,37.37653444770948,38.734832106675654,37.99006136344418,37.43153890460528
ESO444-G084,1,2.32,6.691193695399414e-12,0.5609424748499633,0.545077914161693,21.886235400360658,39.456325568637226,41.98700152615292,41.773488397545684,39.985213795033175
ESO444-G084,1,3.39,3.3661329191547007e-12,0.6790474484942466,0.6796024030920615,18.76466226714459,37.620432920624026,41.96173131200247,41.903294252551035,39.71832405668802
ESO444-G084,1,4.44,1.7896032128037684e-12,0.730603519666441,0.7192356087812156,15.658318875281598,34.86285400211201,40.09823112924333,39.88624496375179,38.17959362214756
UGCA444,2,0.12,5.359168684977833e-13,0.31039092477894753,0.6270358055342449,1.408687332235227,4.249541758466443,4.252420267405194,4.690988608329976,4.74327472926883
UGCA444,2,0.19,4.655976434945414e-13,0.0,0.0,1.6521803775617239,5.130591695195501,4.671538881645956,4.668687509823656,5.753366991959424
UGCA444,2,0.26,8.739633871487736e-13,0.0,0.0,2.647942597565136,7.234572734306661,6.585187045535052,6.5808120091732185,7.939658472927935
UGCA444,2,0.33000000000000007,1.344569865560563e-12,0.0,0.0,3.7001891843526056,9.287247334729205,8.457446123546402,8.451582603525344,10.031226014832036
UGCA444,2,0.4,1.7745859233139453e-12,0.0,0.0,4.680085469305022,11.137362806539585,10.148470902199685,10.141285986527807,11.900274285182313
UGCA444,2,0.47,2.2680524904425553e-12,0.0,0.0,5.735228853323989,13.03327807043063,11.885117467776992,11.876581875580225,13.788752552604729
UGCA444,2,0.55,2.9543710004952342e-12,0.0,0.0,7.080910958344273,15.328568866482533,13.993094323687032,13.982934363372918,16.038957881543947
UGCA444,2,0.62,3.67613878400594e-12,0.0,0.0,8.386235746745973,17.45618953649931,15.952479261980493,15.94083268839353,18.094095451318807
UGCA444,2,0.69,4.359578493838192e-12,0.0,0.0,9.63434221937336,19.462120537105836,17.80272818475767,17.789704028743884,20.022449258533612
UGCA444,2,0.76,4.909390450738496e-12,0.0,0.0,10.729904473013727,21.234631733960292,19.43837522357645,19.424150707417787,21.73029880764892
UGCA444,2,0.83,5.5720963441599425e-12,0.0,0.0,11.946030721540941,23.13665320094158,21.19731357372644,21.18181404073892,23.54147139527841
UGCA444,2,0.9,5.863768822941951e-12,0.0,0.0,12.761007013555004,24.503391267142323,22.457473325503244,22.441062648977013,24.8741767336651
UGCA444,2,0.9700000000000001,6.065796665139208e-12,0.0,0.0,13.474264358398198,25.72641601010944,23.58407296196458,23.56684790627985,26.075249515876575
UGCA444,2,1.04,6.182613828174115e-12,0.0,0.0,14.085685996784111,26.80819663098364,24.579155719035,24.561209720388806,27.147933601854188
UGCA444,2,1.11,6.224820248071672e-12,0.06741388735435754,0.03553237122506443,14.601590666773262,27.758547267173626,25.856923081153855,25.644856533013705,28.101547452037163
UGCA444,2,1.19,6.143998735765813e-12,0.23861079684024952,0.27114916031954395,15.020151463950024,28.616619321291733,27.776833061765437,27.97843688431804,28.987608284145306
UGCA444,2,1.26,5.962933582742482e-12,0.3316155233501909,0.33898007578852973,15.226164980059819,29.154734439297783,28.961930934797078,28.992763716681452,29.573211748634584
UGCA444,2,1.33,5.80299665756878e-12,0.38256798218835875,0.38100560482395857,15.43217904250725,29.68447473489365,29.874133414152222,29.838690687810352,30.14800617364753
UGCA444,2,1.4,5.591903320613989e-12,0.40455419659203523,0.4207316686310294,15.542437067590141,30.08399166143712,30.45379398036231,30.55619588744828,30.605423354022037
UGCA444,2,1.48,5.36943808682757e-12,0.3969026936817599,0.41911646897806315,15.659235294228132,30.519315418651562,30.842198015136944,30.994650505454388,31.105615607795837
UGCA444,2,1.55,5.195158420673313e-12,0.40719807513757755,0.3617065649226206,15.76305966492546,30.89471218580069,31.311587216020005,30.922344479241143,31.535309421014603
UGCA444,2,1.62,5.098346966849367e-12,0.4347643202610989,0.41496586229047355,15.964211537060011,31.38962450435511,32.04614754537775,31.85625696372877,32.06772271419483
UGCA444,2,1.69,4.891153813077433e-12,0.44785352452803356,0.4970044021137832,15.970712257128671,31.626473314050056,32.40943391871139,32.80553155865616,32.37012702111872
UGCA444,2,1.7500000000000002,4.724422863143032e-12,0.4730285308876899,0.46570330139503835,15.972344849770804,31.819114658039478,32.83367089928075,32.743988426402225,32.618029480938574
UGCA444,2,1.83,4.575889154436752e-12,0.47252808623396686,0.4626244587325731,16.074540428889406,32.19996856207422,33.231818231645974,33.118217211381044,33.055644467321365
UGCA444,2,1.9,4.4099978755299655e-12,0.48307100313099116,0.49653921651923943,16.079452727005357,32.41682964543358,33.56102723080367,33.65511734542063,33.333087834896745
UGCA444,2,1.97,4.255037922840186e-12,0.47797315089566655,0.49785521724705456,16.082742303475488,32.62614695119487,33.74288156683981,33.89621926602963,33.60165159920839
UGCA444,2,2.04,4.109874481082459e-12,0.4891033914351796,0.44728326908961286,16.08439150232299,32.82819258982273,34.06454046315952,33.65760407145912,33.86169607521173
UGCA444,2,2.11,4.023359139656374e-12,0.49761862682606084,0.4884845854212829,16.184932808016224,33.15693131289651,34.49186058396098,34.37948142335503,34.23289189994819
UGCA444,2,2.19,3.831531179385074e-12,0.5081464112880794,0.5326505225112443,16.091017680681357,33.249386652483,34.70371439666443,34.90832760787002,34.40210840812138
UGCA444,2,2.26,3.7136233275056686e-12,0.5840809898344679,0.4965776082486545,16.092681566476113,33.43718521491513,35.64585565152102,34.77309164732073,34.64374843080651
UGCA444,2,2.33,3.6042980586983e-12,0.650352056590715,0.6448943619311858,16.097690828190235,33.625433022340076,36.52629052987632,36.44114268623825,34.884194349938035
UGCA444,2,2.4,3.334570142730293e-12,0.7151621389040924,0.7335263491941707,15.714509219189763,33.28389357950673,36.86268247008539,37.02516698124596,34.64640737964776
UGCA444,2,2.48,3.032976078401328e-12,0.7542346866466151,0.7599063641108535,15.234759597709443,32.823295963704936,36.81516353744165,36.845237293328445,34.306104442246266
UGCA444,2,2.55,2.7592909913893404e-12,0.7673630242938443,0.7675965300716773,14.734795553383156,32.296539194096894,36.417524662957,36.39057444174122,33.89110013051583
UGCA444,2,2.62,2.529506781016243e-12,0.7788561953635947,0.757197978044058,14.300256990697756,31.847805863553162,36.08287353243755,35.82683510462552,33.542164695165326
NGC7814,3,0.63,4.3318913334281135e-09,0.529270133366251,0.5129897516170222,290.19125732867974,304.4426269106603,303.8989116392361,303.7611088150607,290.2344477734761
NGC7814,3,1.72,1.241723683115163e-09,0.5829560513432391,0.5892911596349442,256.7154331550793,279.8466847010363,280.5641547542948,280.6717554902192,258.3929539234875
NGC7814,3,2.79,5.933450214650999e-10,0.6046705649445123,0.6053841385717627,226.01175394213462,254.97870119814615,256.87409155797445,256.886515693422,231.82634437903053
NGC7814,3,3.91,3.529300701742454e-10,0.6162519390664888,0.6124261009447832,206.35166742723453,240.10936357008495,243.03612464738234,242.93506391539412,217.33326890617653
NGC7814,3,5.03,2.3523296382500395e-10,0.6281588524461402,0.6273656862343464,191.0769742014982,228.8000128817448,232.7568953136172,232.71560093569184,207.34344769953265
NGC7814,3,6.14,1.6622516184166273e-10,0.6369308715729016,0.6403427843531042,177.4630087652072,218.52867917710248,223.4192380810807,223.48726055442714,198.88379641013066
NGC7814,3,7.26,1.226729887765408e-10,0.642044196940956,0.642482813721139,165.7746257724625,209.77886493549653,215.47238641406983,215.44744715797813,192.06427577581155
NGC7814,3,8.37,9.51830770844248e-11,0.6442173327289535,0.6431967007926138,156.78982374503775,203.40201726480112,209.75372129753038,209.67471370497591,187.41446976922012
NGC7814,3,9.5,7.559089354572605e-11,0.6465118757890715,0.6462016159604606,148.8578749344488,197.85528434018542,204.8385203883433,204.77409321216894,183.5259580477333
NGC7814,3,10.65,6.131042287297419e-11,0.6515444981890466,0.6497033581247568,141.94406299666076,193.14564984042178,200.82706561826174,200.7014675915241,180.35751674257241
NGC7814,3,11.74,5.107871800052958e-11,0.6582243445526733,0.6570143466672166,136.02831403792374,189.133895663713,197.5216652759407,197.40973211932086,177.70865115654703
NGC7814,3,12.82,4.301136733486317e-11,0.6621498030383344,0.665924809324017,130.4400359168917,185.26382179444497,194.23555224339538,194.30009675838883,175.13290955044542
NGC7814,3,14.01,3.590747128680672e-11,0.6613902883617957,0.6641215747448236,124.59102283069997,181.1354433974082,190.53365058753997,190.55515885711335,172.35750714838863
NGC7814,3,15.09,3.111270129233716e-11,0.6606506554135664,0.6551071740002113,120.36182168777607,178.3898319748296,188.14274631811801,187.84243010593966,170.646697175036
NGC7814,3,16.18,2.7307119795190965e-11,0.6606497040481584,0.6588905683272449,116.76225640163004,176.21379845581902,186.32961362486245,186.1680676758936,169.38657362587236
NGC7814,3,17.36,2.3732553204044712e-11,0.6642719664166965,0.6664573211062048,112.75150943557252,173.6054355468413,184.23637593051365,184.22511115786935,167.7563382954861
NGC7814,3,18.44,2.1030938428894724e-11,0.6687186977555591,0.6672293904864167,109.3918726414353,171.4484111208453,182.58120055486756,182.41724755798379,166.42047987650503
NGC7814,3,19.53,1.8740729556323267e-11,0.6728419847312037,0.6677876628090492,106.27219259994591,169.47302030526643,181.08492407810573,180.7688542853733,165.20843285928967
NGC3109,4,0.26,6.06299946912126e-13,0.0,0.0,2.2054931421339763,6.927644986645019,6.347636296143702,6.337549785526751,7.365426413486041
NGC3109,4,0.52,9.772725754016093e-13,0.0,0.0,3.9599053018980146,11.17037890809785,10.219594484620366,10.206045241067178,11.809888471164363
NGC3109,4,0.77,1.8948415624954e-12,0.0,0.0,6.709761545688489,16.394780110581003,14.988552034732088,14.973964488564711,17.152991216829037
NGC3109,4,1.03,2.5065901805837234e-12,0.0,0.0,8.925561606980258,20.571178055360836,18.811484548890146,18.795854885818667,21.405116974618977
NGC3109,4,1.29,3.116847116175199e-12,0.0,0.0,11.138529974821633,24.555612806328057,22.465102185398216,22.44884802416297,25.43072249729019
NGC3109,4,1.55,3.5519526443407695e-12,0.0,0.0,13.033909620677905,27.991715310024542,25.618300942217545,25.601370658034206,28.901593331451217
NGC3109,4,1.81,3.875859229570359e-12,0.0,0.0,14.712909297620238,31.056422758707644,28.43159480292866,28.413973181792375,31.99844535766096
NGC3109,4,2.06,4.036381952436893e-12,0.0,0.0,16.0178790730858,33.54243566512042,30.71212497597565,30.693669772528587,34.52524347636141
NGC3109,4,2.32,3.953829657272924e-12,0.1660079393496437,0.2158203926158891,16.823960591965257,35.373604891131684,33.79736532938847,34.219286774779995,36.4287200651718
NGC3109,4,2.58,3.803143052341219e-12,0.25648688032574707,0.2784826952081965,17.400288790706895,36.866437302018944,36.07821827372828,36.266337617567885,38.00227736735051
NGC3109,4,2.84,3.658376523278635e-12,0.2504740781885038,0.278819831759952,17.905178022013637,38.22851854333584,37.358827904216206,37.61771947933156,39.44332520695373
NGC3109,4,3.1,3.5415246529174756e-12,0.2192159026582907,0.2033467582025856,18.40565402260946,39.55123756054005,38.33626288673563,38.14839730859293,40.83971155478161
NGC3109,4,3.35,3.4997098154965475e-12,0.3079548870953651,0.1634696257120953,19.020139326513885,40.96844589627644,40.67106183140722,39.100803191174656,42.31498664098496
NGC3109,4,3.61,3.4384749056056245e-12,0.4276010402302839,0.42818779940495544,19.570945301645498,42.303505324515086,43.400066684552094,43.37567897595576,43.712091899252435
NGC3109,4,3.87,3.1574849811256267e-12,0.4779812606403723,0.5579166710575253,19.417861622743118,42.69630589423916,44.46520220262529,45.443281723308665,44.20492885987868
NGC3109,4,4.13,2.9023352134705963e-12,0.4595968365509768,0.46597980454562793,19.23198377703143,43.01466822470331,44.61085206258627,44.65502117754478,44.618517933675946
NGC3109,4,4.38,2.8199430114475148e-12,0.3679958916662319,0.31378038470259356,19.52236794039084,43.920786127434695,44.40701349534698,43.70596274856796,45.58712162840595
NGC3109,4,4.64,2.7516535000839765e-12,0.2651244803067133,0.256080131595324,19.84865738532458,44.878780103623875,44.104751385264194,43.95883179569985,46.60617624077571
NGC3109,4,4.9,2.711775973200142e-12,0.18981187493523785,0.21764529341422603,20.248843176833585,45.92045950886621,44.20635409235834,44.50883086957369,47.702898080737725
NGC3109,4,5.16,2.6716843149128934e-12,0.0921141666403182,0.09671218089897918,20.624939999912726,46.916223532616044,43.9817452010319,44.00074818551388,48.75280836584727
NGC3109,4,5.42,2.6802422645328557e-12,0.1771224464397345,0.0,21.172002739467043,48.12910394064772,46.17397454504261,43.98194689081054,50.00976289617221
NGC3109,4,5.67,2.6883610243899853e-12,0.3492358554295204,0.3020716605220273,21.687555187249668,49.270552873642174,49.576417241659286,48.88674575515943,51.192513421523245
NGC3109,4,5.93,2.578589436317164e-12,0.4944570236635666,0.5381824835675555,21.72169537582184,49.77202766422557,52.209051334332,52.822645236162536,51.759171676686194
NGC3109,4,6.19,2.429203078366763e-12,0.5945372106701924,0.5826994913948585,21.54033774108475,49.967544657545425,53.99763328567894,53.76260560344161,52.026783972969604
NGC3109,4,6.449999999999999,2.2930663943417154e-12,0.6592231997568347,0.5845553033437932,21.363059237852617,50.15242064665003,55.28597836948055,54.035812790577495,52.28020914625396
UGC07559,0,0.36000000000000004,4.803811641825728e-12,0.0,0.0,7.304988021892986,14.740363339661451,13.466411717639145,13.47123890689698,15.042700697881326
UGC07559,0,0.7200000000000001,6.5685690017279665e-12,0.0,0.0,12.080277314697707,23.063844901162994,21.093183974726823,21.100236852514453,23.25503719794439
UGC07559,0,1.08,5.958645337289844e-12,0.19412916668451025,0.2286066774722996,14.091619850109499,27.365341934535735,26.218612014509468,26.452603091456172,27.69751893657358
UGC07559,0,1.45,5.395404694970852e-12,0.21809476432810415,0.25903908470382975,15.537147421582894,30.706507505127735,29.60752761669152,29.92574495213151,31.198483753237852
UGC07559,0,1.8,4.9926392479910824e-12,0.14078233365982415,0.18026348517117718,16.65239172011036,33.369814659049396,31.56642175978694,31.89263031083424,34.004748729199065
UGC07559,0,2.17,4.9003472675719115e-12,0.03545956111228139,0.0,18.114175388352624,36.420964470783055,33.56505998443129,33.28689236847209,37.140134250402056
UGC07559,0,2.5299999999999994,4.999035912242933e-12,0.0,0.0,19.755074031751946,39.578202147459535,36.16154217662041,36.17439443839493,40.32930985165663
NGC3741,1,0.23,1.03257568816829e-11,0.08262595170752585,0.02865893462494454,8.560519844028166,14.49907077351264,13.732374122842787,13.567146632243405,14.31754769736343
NGC3741,1,0.47,8.197771861452209e-12,0.3710092158722278,0.3813199673295713,10.903655350385943,19.08205778910941,19.316719382325267,19.34548006971552,19.10410142602414
NGC3741,1,0.7,6.008603879071919e-12,0.4647901389137571,0.4662549643249927,11.39229125329931,20.87037955810251,21.722669032839345,21.705775888003547,21.286958763355113
NGC3741,1,0.93,4.599901141031347e-12,0.5054913296885214,0.5093701479028886,11.489231915145588,21.92491555096289,23.175537504351006,23.168548528470946,22.7226837523596
NGC3741,1,1.17,3.5592149385489746e-12,0.5192868794138585,0.5300988183850935,11.335620847576017,22.52397286964467,24.019238907188942,24.053747426977743,23.70184718540429
NGC3741,1,1.4,2.902460450365171e-12,0.5234320441464678,0.5197272487882896,11.197535443123188,22.995134721755942,24.65271896803623,24.58809505418934,24.489764681293643
NGC3741,1,1.64,2.4643547705387375e-12,0.5230743092109565,0.520894593539351,11.167316150266366,23.559262605588504,25.341276748205672,25.28255360331424,25.330945342476003
NGC3741,1,1.87,2.1243455550457333e-12,0.4916482722020701,0.5278413680000714,11.071555897885355,23.944049181045315,25.607252598814934,25.823600172452394,25.966313297034592
NGC3741,1,2.1,1.86852454070319e-12,0.42338740043230383,0.4388543832363903,11.003588051176763,24.31955660175005,25.57671366218103,25.640737747954894,26.567922311886782
NGC3741,1,2.33,1.7754393748899127e-12,0.3023446067558956,0.2690724423007422,11.29811931252277,25.18916786435824,25.628549296544886,25.344795045668057,27.598037123805003
NGC3741,1,2.57,1.7321864421790967e-12,0.2328677931368088,0.12167915953227487,11.720311429309376,26.240991553636157,26.197286618506524,25.36153295597155,28.79070592502761
NGC3741,1,2.8,1.7263006267435743e-12,0.22844739500709485,0.1527413249251829,12.212722874117794,27.35942205957511,27.28171836680693,26.6688486458428,30.023600615443424
NGC3741,1,3.26,1.6170698341586552e-12,0.292786611176596,0.35594669495311065,12.754060137854141,28.894953126381008,29.363729532375572,29.83388852655658,31.826062017904405
NGC3741,1,3.73,1.4792298135219855e-12,0.31098610155138334,0.3012073260031802,13.04810714241725,30.020248392221376,30.70865414757356,30.562549881656384,33.23156055504009
NGC3741,1,4.21,1.43967886494242e-12,0.3229021526912164,0.27730132165854005,13.67568645443438,31.612698134954137,32.462038904369464,31.979761403886926,35.04749358484003
NGC3741,1,4.67,1.364017979538835e-12,0.3800457526582993,0.3643838092443949,14.019862695476016,32.714802768505926,34.18080848168914,33.956836683783195,36.37879614951202
NGC3741,1,5.14,1.285040865470721e-12,0.46450294292247907,0.45912939168288025,14.276288032958705,33.66299089219475,36.08564416963591,35.952508582927116,37.5574659535797
NGC3741,1,5.61,1.1716373190115715e-12,0.5268803918320012,0.5338764318467688,14.241420224120906,34.13181198014357,37.33741856485607,37.332486923829876,38.2754016695306
NGC3741,1,6.07,1.0637382845678952e-12,0.5681914181213684,0.5719184658205388,14.115199254704129,34.4141573624642,38.19244992603478,38.14808148490412,38.79704070438376
NGC3741,1,6.54,9.55408245490276e-13,0.5947966038318163,0.5942748162579857,13.885407808199222,34.510036640330064,38.69947488224555,38.60237101435531,39.13309584204946
NGC3741,1,7.000000000000001,8.635537903933227e-13,0.6163413958055669,0.6015102872607123,13.657430212159241,34.56675008212747,39.107171527877846,38.83691417122192,39.411698405644884
NGC6946,2,0.19,6.542344653053075e-09,0.6260411494477538,0.6116621088018334,195.84783846139328,205.93126901998352,206.80711638524545,206.65617634721917,195.85147102787582
NGC6946,2,0.56,1.264147411311977e-09,0.5866647508969688,0.5945848517336456,147.7978600318692,163.61134478335657,164.88806451813446,164.91577933329998,148.63870597120192
NGC6946,2,0.94,5.994390111202488e-10,0.5647018118698351,0.5713888279056818,131.8595839141016,151.38231697865157,152.84116656256666,152.8622687781906,134.97202899960993
NGC6946,2,1.22,4.294584359628094e-10,0.5387419595980439,0.5371133531312313,127.14982213908127,148.87439751886836,150.19929872536247,150.10193880555067,132.0793505973872
NGC6946,2,1.59,3.260642296793423e-10,0.4992059794072296,0.506930222387527,126.48103585122948,150.78044200724398,151.70172592804596,151.74759625185442,133.51073712958333
NGC6946,2,1.96,2.634695066252094e-10,0.4364461954858779,0.46074312802091194,126.23171637904635,152.76921244966763,152.77122002295522,153.1010702086704,135.26315732295828
NGC6946,2,2.34,2.3211124758237379e-10,0.3906837937686408,0.33637479702049655,129.45871569732182,158.16326307979136,157.3945553870169,156.37071803232746,140.11875236948893
NGC6946,2,2.71,2.2099294582430233e-10,0.387704667671392,0.39595987493074897,135.9405815788648,166.7086697073666,165.8489915518759,165.91620148598895,147.73965498002786
NGC6946,2,2.99,2.0286230322918934e-10,0.4047194962776536,0.44206818952514193,136.8080153719072,168.90050030562657,168.37694899965274,169.03134752619385,149.79524462382926
NGC6946,2,3.37,1.8663025227075294e-10,0.4409248378364337,0.4347860362668271,139.30966395049555,173.14478900087505,173.3937718455777,173.16523307352392,153.70234416309853
NGC6946,2,3.74,1.7113448606111309e-10,0.4322373236833862,0.4502427862183939,140.53349308972577,175.91748084344025,176.02420108890718,176.32221378577373,156.3459416700974
NGC6946,2,4.12,1.5828152732692094e-10,0.40518468640410693,0.40705885792518154,141.8531541066324,178.7433278492089,178.27350848333774,178.212896664105,159.0515393616619
NGC6946,2,4.4,1.5211118808067169e-10,0.3784196942417498,0.36296318921644755,143.7084118971468,181.70031744368043,180.61691053318975,180.16035790922314,161.79324311667742
NGC6946,2,4.77,1.4577680071571647e-10,0.319455983787064,0.33806503475472716,146.48011407696268,185.89045880695164,183.4090336475752,183.7347937241596,165.65273527783413
NGC6946,2,5.15,1.4034445385643663e-10,0.33696725143560396,0.25399978163531534,149.34012638939342,190.153580275008,188.02526392512024,185.97249841440484,169.57566726040443
NGC6946,2,5.52,1.3840847736333747e-10,0.437721086872567,0.3716846306477741,153.5416336047002,195.743916105932,196.12922581414682,194.30949651203235,174.60929099784673
NGC6946,2,5.889999999999999,1.300719624038406e-10,0.5103255178861853,0.5747740620038218,153.75341345804324,197.10673301029672,199.53545296382916,201.24874921381837,176.05270853892011
NGC6946,2,6.169999999999999,1.20567111461245e-10,0.5341318408545374,0.5828605499366851,151.50685486142203,195.5762069221593,198.7645706270166,200.0587050356448,174.98424619150668
NGC6946,2,6.55,1.1294405029867854e-10,0.5391670567349764,0.4901893300737619,151.08717523337316,196.22335883132692,199.66833402701943,198.11225162499653,175.8405738145143
NGC6946,2,6.92,1.0784457408435279e-10,0.5568695654587626,0.5309269974372486,151.7495701806104,197.94580433895604,202.03109770446628,201.11326197613832,177.59270512344807
NGC6946,2,7.3,9.998746522113815e-11,0.6105480742032716,0.6210839794670278,150.07539048758127,197.1895182870931,203.0808804490612,203.27880817418213,177.27306644233977
NGC6946,2,7.58,9.344872675309892e-11,0.6400001536575435,0.65138763883687,147.84157128494002,195.5449681818534,202.49415827031015,202.7261629196818,176.131727296131
NGC6946,2,7.95,8.51179532499452e-11,0.6459565699806941,0.6611856159910726,144.50052432430823,192.91895104025346,200.20270796573456,200.5676787237092,174.25354682350758
NGC6946,2,8.33,7.773273496290601e-11,0.624794822122288,0.6242467601599178,141.35128060969242,190.4768259895007,197.19052507080883,197.03161391372632,172.5446848411488
NGC6946,2,8.7,7.314947889576464e-11,0.6032348630981607,0.5821143631994603,140.13303150934829,190.0371582257693,196.15763649058005,195.31986772775667,172.49394912562394
NGC6946,2,9.08,6.893592624729378e-11,0.6080001177762129,0.6005531135897797,138.97638299365832,189.65747895730573,196.05751351014115,195.6653503086579,172.49947873854677
NGC6946,2,9.36,6.569474093215674e-11,0.6202637776230748,0.626961268699715,137.74584233289949,188.95309799749802,195.85750204182614,195.94434350640884,172.15010569042659
NGC6946,2,9.730000000000002,6.126194732904428e-11,0.6365710188409407,0.6397100356696308,135.621046596758,187.46013563642603,195.04222414415509,195.0073813679769,171.22147370461542
NGC6946,2,10.1,5.738842139850122e-11,0.642868094858591,0.6410444512979652,133.73592897946313,186.19673884305385,194.11394581943873,193.904597538972,170.4809586122471
NGC6946,2,10.48,5.365517106694825e-11,0.6492225569985939,0.6470752132539477,131.72302809304074,184.7876650874859,193.0445242910688,192.82224043071176,169.6255212676725
NGC6946,2,10.76,5.111127882461965e-11,0.6513442592562734,0.6542372598929199,130.2686108392962,183.76268444842793,192.17764621854408,192.13570367356897,169.00412812253126
NGC6946,2,11.13,4.78402670221947e-11,0.65168454834713,0.6539786029524621,128.179818497297,182.2037978224906,190.73430009752312,190.6714143172045,168.01115033454863
NGC6946,2,11.509999999999998,4.499830673270584e-11,0.6469229840271359,0.6457005944848816,126.41861275144574,180.99573160445993,189.45798336366715,189.26789290851306,167.3117553839142
NGC6946,2,11.88,4.247917013949524e-11,0.6393847253295265,0.6408178242442791,124.78762090047233,179.8882810326203,188.17300022715492,188.08008304371435,166.68327444347196
NGC6946,2,12.26,4.020497762569868e-11,0.633523128512157,0.631753779314348,123.32763976497725,178.9649449986793,187.13198431724337,186.92231624981966,166.20984121646714
NGC6946,2,12.54,3.8697245752584016e-11,0.6273254547820887,0.6280887422963981,122.3669311946655,178.39805764061938,186.40678062188013,186.29018160160942,165.9515790600978
NGC6946,2,12.91,3.6848061840413104e-11,0.6191379132368787,0.6202360385652724,121.15622092983917,177.69784679088355,185.49303780458655,185.38923925928015,165.64662730677918
NGC6946,2,13.289999999999997,3.519453176306328e-11,0.6134152404946179,0.6081597828434283,120.13660611986671,177.20846398410913,184.88010682441606,184.54209051887722,165.51840365811495
NGC6946,2,13.66,3.375290237153939e-11,0.6106125637742763,0.609482636054523,119.27685622114628,176.863749220051,184.51469678160444,184.32850980347104,165.49788887127283
NGC6946,2,14.03,3.234232545696875e-11,0.6315294314550496,0.6129950183798322,118.32860093823471,176.40610550039864,184.9248061374269,184.08184894273364,165.37963810480656
NGC6946,2,14.31,3.135181207138358e-11,0.6532872843219739,0.6433903634618663,117.65934140560195,176.10403201432402,185.51799869127203,184.9915797956589,165.32380688500052
NGC6946,2,14.690000000000001,2.966560617501279e-11,0.6760282060965817,0.6901633125548294,115.96122218224504,174.79869113954075,185.1726681792063,185.57597943363828,164.50320907860566
NGC6946,2,15.06,2.7988392381532512e-11,0.6815730857305342,0.6900141648786969,114.04512760306774,173.21469513673384,183.87664184505698,184.05897607818483,163.4396973525604
NGC6946,2,15.44,2.6553404910153463e-11,0.7394188783924008,0.664702247925512,112.47578414930034,172.01595980915783,185.0626428284566,181.94659701394775,162.6962909292123
NGC6946,2,15.72,2.566710261373752e-11,0.743628626223406,0.7626939346867787,111.58092744730168,171.4164210814307,184.70090391889238,185.3253860173534,162.38033521654262
NGC6946,2,16.09,2.2886254536689073e-11,0.7487110858446534,0.7771653443060882,106.59593824344341,166.30115494087264,179.76679583875767,180.77223086150806,158.367571795645
NGC6946,2,16.47,2.1821360514967587e-11,0.720482124345791,0.6696202391703131,105.30839273296313,165.3642050812955,177.77357029636696,175.6197075368974,157.82357121248668
NGC6946,2,16.84,2.086691476354437e-11,0.6699111573531017,0.6688801677841097,104.12989661955879,164.52339241365476,175.00131370009186,174.81740143269784,157.34833883327408
NGC6946,2,17.21,1.9967669007561502e-11,0.6700151837162683,0.6710324143618618,102.9744289617573,163.69548449768757,174.24265998401808,174.13928836977237,156.87900135740054
NGC6946,2,17.5,1.9295306219191907e-11,0.6697219721727132,0.6710093072041985,102.0751753366116,163.04473867512667,173.6298879505535,173.53751256104158,156.50624149384268
NGC6946,2,17.87,1.84941673579982e-11,0.6687025045605853,0.6681311004355365,100.98455139277493,162.26835110314408,172.87556898847603,172.7104526047224,156.0714210709547
NGC6946,2,18.24,1.7751496874313252e-11,0.6677243830710822,0.6668142855323996,99.95515104285523,161.55044716287995,172.18032251974773,172.0021488005098,155.68091339474265
NGC6946,2,18.62,1.7033372653207372e-11,0.6652723411299677,0.6682326766915417,98.92713571108789,160.83484243733145,171.42886267532282,171.40430181687884,155.2933954465653
NGC6946,2,18.9,1.652688754910964e-11,0.6618584906488517,0.6645647342771427,98.17518102860825,160.3063383945996,170.80868041883872,170.77456235913667,155.00389194655796
NGC6946,2,19.27,1.5920632996918667e-11,0.6643884483016048,0.6542263808381877,97.29629335180246,159.73196621156626,170.39343509689894,169.84938976330287,154.72165814218616
NGC6946,2,19.65,1.5353878384699033e-11,0.673006331901642,0.6731832770402738,96.48628788589599,159.2397383804884,170.30668976339805,170.17220465641395,154.50972264359862
NGC6946,2,20.02,1.472158889692601e-11,0.6862809915495477,0.6897823838770237,95.36404238495764,158.35992624478223,170.0106680517548,170.01004815266776,153.9624663059844
NGC6946,2,20.4,1.4127012887625076e-11,0.6986136197778834,0.6836945680784724,94.30083255199818,157.5493756240025,169.75215548044446,169.00611342120587,153.4740917305223
NGC3992,3,9.19,8.387935905315844e-11,0.014234125153384064,0.03837019371795846,154.2270600445979,202.717537904032,191.73882540155157,192.27237451360818,187.45177409609266
NGC3992,3,13.79,7.158105848940329e-11,0.41899849282641066,0.42576924528586896,174.52452463765658,233.3610729780622,233.206156138436,233.38834524512723,216.82593983428453
NGC3992,3,18.35,5.397171814300676e-11,0.5492799030520421,0.5291975143928052,174.8140879620404,241.45747449783843,247.12118936690595,246.18759142974773,226.4407548246981
NGC3992,3,22.94,4.101152020049972e-11,0.6258994750353429,0.6240921354053092,170.38247136956315,243.46416692956615,253.71770985510528,253.53097434467475,230.5457279190993
NGC3992,3,27.52,2.8439825303004407e-11,0.6649631569813615,0.6806629530533267,155.40427069421227,233.19994949876084,246.6091936692708,247.300135070563,223.82508621329185
NGC3992,3,32.11,2.0150881864338332e-11,0.6807299065065168,0.6847762174826617,141.30009501058376,222.8759737965413,238.20170793697673,238.27976300386652,216.6840356019174
NGC3992,3,36.7,1.5181690064506813e-11,0.6798554995245842,0.6786856690870591,131.11982630403384,216.05013901329332,232.28234167282153,232.0649750795628,212.24617584930004
NGC3992,3,41.44,1.175526792443113e-11,0.6746111641513866,0.6758278629794214,122.60308886810313,210.56996264979733,227.37363181700252,227.2748371758735,208.76103262261387
NGC3992,3,46.02,9.465509665910472e-12,0.6699451558015004,0.671973903792576,115.93660573779103,206.5361803167937,223.81586458016778,223.75254504847481,206.29584047615015
UGC04483,4,0.08,3.971959861754692e-12,0.0,0.0,3.1312856784394496,6.577841677771148,6.022437579895228,6.018773662187996,6.77327800193813
UGC04483,4,0.24,8.058035664238944e-12,0.0,0.0,7.724946601757194,14.207855599570536,13.05877387664055,13.054807784682867,14.345177125646687
UGC04483,4,0.4,8.304468572382403e-12,0.09897973094247124,0.09650336134184836,10.124211080375597,18.520778386088768,17.413065643519236,17.397979247086997,18.682408380256792
UGC04483,4,0.57,7.677201455896474e-12,0.2742599285975304,0.2629163235978209,11.620215144307785,21.558679204486804,21.12456517000607,21.059578273038632,21.799268026177973
UGC04483,4,0.73,6.8666941214734036e-12,0.35633303986065706,0.3703473787691294,12.436854505862806,23.5461824258099,23.557297479190943,23.630675695446072,23.88852762771296
UGC04483,4,0.89,5.979507247078134e-12,0.40150800525449304,0.40758998570180405,12.814538618303821,24.889798115255694,25.217364444971448,25.24518283028362,25.352743337503796
UGC04483,4,1.05,5.344031159239659e-12,0.4318079910873681,0.4217552357976009,13.158440257112542,26.10349512920516,26.68544357384588,26.601553139170115,26.672224000425906
UGC04483,4,1.21,4.789759299939139e-12,0.45545888730706346,0.4489538405536028,13.372875532210713,27.088846632345366,27.89985890238718,27.835687511617937,27.760547617169948
NGC3198,0,0.32,2.02769402659884e-10,0.32934764539130373,0.3343302173764007,44.74571711348473,55.04949959287825,54.0280929890206,54.06397595180193,49.24036653385259
NGC3198,0,0.64,1.373734844471747e-10,0.3828817980466742,0.38318302634905177,52.08548550220109,66.2655015164277,65.43208594835123,65.44410483757527,59.64177554109337
NGC3198,0,0.96,1.0528887489155916e-10,0.4104120450610617,0.4011954669532164,55.84729357811353,72.86863243533298,72.25102367188099,72.17010194269793,65.99530752325443
NGC3198,0,1.28,8.658368506808543e-11,0.45357216927576505,0.43493753694994935,58.47877820201103,77.82927910603196,77.71332377530565,77.51047841976113,70.87577986689652
NGC3198,0,1.61,7.138826260137559e-11,0.45115075045120606,0.5018139259643921,59.55272202007227,80.9085225022353,80.84159197887813,81.51551157518271,74.12773313864889
NGC3198,0,1.93,5.807580510662013e-11,0.4298215394544402,0.42110701367568376,58.81004973641835,81.77509120730645,81.51711776547396,81.41588415691697,75.45470308792541
NGC3198,0,2.24,5.480041891655295e-11,0.4267537904219947,0.35353995587021064,61.5447796323945,86.156895495883,85.86771940530905,84.84551341661785,79.66437621728954
NGC3198,0,2.57,4.982971227853446e-11,0.36933891620732046,0.46009459027061583,62.8616858666708,88.99656380913723,87.87770759311437,89.27925692127202,82.57943722465201
NGC3198,0,2.89,4.4369243485453535e-11,0.2228762515370656,0.31620716926388626,62.902108867668346,90.31735810147252,87.02401117925088,88.42071552461067,84.17544341278696
NGC3198,0,3.21,4.441037184410387e-11,0.0,0.0,66.32389049203914,95.21963374353781,88.55724107144634,88.5741290479415,88.74117704552013
NGC3198,0,3.54,4.68960180394105e-11,0.0,0.0,71.57228583746645,102.07283618520916,94.99593732531326,95.01370103109753,94.92995195428516
NGC3198,0,3.85,4.957559011692065e-11,0.0,0.0,76.74314334192991,108.7158400936742,101.24984976499964,101.26840363181459,100.89616844477555
NGC3198,0,4.17,5.186482905657963e-11,0.0,0.0,81.69204643048184,115.10532464629259,107.26265811327048,107.28199033302292,106.64661430515514
NGC3198,0,4.5,5.2362026801300225e-11,0.0,0.0,85.26872199112638,120.0092102007426,111.84617997241175,111.86626736130594,111.15093542689692
NGC3198,0,4.82,5.30259070741974e-11,0.0,0.0,88.80610958712244,124.80191712723447,116.33182451913859,116.35262030050367,115.53625111590218
NGC3198,0,5.15,5.291230036749807e-11,0.0011060994934338384,0.013800131892692222,91.69743944080446,128.8978053177196,120.16563387300131,120.4088775355007,119.337460327828
NGC3198,0,5.46,5.2919236127881045e-11,0.07042744051479773,0.05259429381079586,94.42312666926466,132.7272125040224,125.00131020764763,124.6939484201566,122.882248063834
NGC3198,0,5.78,5.258336724721164e-11,0.12894317558404175,0.12430556575198315,96.84191938411794,136.22962791410512,129.42896805610087,129.3618797355584,126.15444489058024
NGC3198,0,6.1000000000000005,5.210251680121514e-11,0.24736935130176751,0.19228784990936745,99.03062985763545,139.46005058192978,134.96690217523258,133.82081205492648,129.18974587619206
NGC3198,0,6.43,5.1274286137370434e-11,0.3973541382501582,0.3629865925615413,100.8626955320945,142.31045618424525,141.17491457991736,140.38824069098573,131.90850940475485
NGC3198,0,6.74,4.936189657005448e-11,0.4804067852600306,0.5201350482165168,101.32139014048316,143.60825257175492,144.55787175958142,145.61323101833008,133.3004463973756
NGC3198,0,7.059999999999999,4.6351767708815157e-11,0.562883883347286,0.5819192537704378,100.48720664840873,143.51348174428009,146.7168005158461,147.26721235832147,133.5300094763931
NGC3198,0,8.04,3.8184616204184636e-11,0.5889765541183692,0.5976822390495643,97.33017671822034,142.40155940299658,146.6598057768681,146.94416267768275,133.50050043673463
NGC3198,0,9.04,3.210025208145413e-11,0.5642347045265539,0.5715662410955162,94.62670315508197,141.60022104846985,145.45951397452478,145.71056129472004,133.68175369353682
NGC3198,0,10.04,2.8294028361118426e-11,0.5370694379654037,0.524368059851593,93.62450213485783,142.49039679129208,145.8043452040687,145.46658347013735,135.22269026250777
NGC3198,0,11.04,2.5703051621067553e-11,0.5384181706929582,0.507946570480489,93.57334476227724,144.3005320447755,147.87199474822728,146.98211726787028,137.48888287251825
NGC3198,0,12.05,2.34428353659386e-11,0.5572247796543495,0.5428246605237075,93.36279933678081,145.8397673563243,150.22044501580848,149.80361657374846,139.49247117146143
NGC3198,0,14.05,1.88335122787292e-11,0.6159421233239761,0.6306550625253996,90.36059760758558,145.67158826298189,152.4842864581012,153.0366152208527,140.6247595191862
NGC3198,0,16.07,1.448555560972449e-11,0.6310599159321371,0.6507606634719452,84.75216280426123,142.13629115485784,149.96376976266208,150.71234462140978,138.74292495683466
NGC3198,0,18.13,1.1684006061299553e-11,0.6267612521447896,0.6173276244934915,80.84814530958641,140.23554446164988,148.35904368228185,148.0684558460674,138.12732156283352
NGC3198,0,20.05,1.007455465142816e-11,0.619024067323784,0.6071869977272841,78.94877389801567,140.2560114415154,148.480110174453,148.09555536633886,138.9991896465753
NGC3198,0,22.12,8.594311089119231e-12,0.6128984125528674,0.6250072462240324,76.5902291418429,139.68492911801104,148.0539739450599,148.56350474605077,139.33655117772574
NGC3198,0,24.030000000000005,7.46045915985457e-12,0.6058678967514647,0.6126282998533896,74.3763628446565,138.92573176571773,147.3420077042615,147.65396726245416,139.37168557483108
NGC3198,0,26.100000000000005,6.615322737402857e-12,0.6032314360007809,0.5835269925613449,72.99129091884866,139.18485994269864,147.81929552123225,147.1143187756227,140.29947997975952
NGC3198,0,28.16,5.969789237162543e-12,0.6149681329706139,0.6082160161096041,72.02298174888347,139.81977306834733,149.21939043876995,149.00908211561324,141.5067194600668
NGC3198,0,30.08,5.327145752580456e-12,0.6244322804739082,0.6421735798337229,70.31718531056259,139.28500189439475,149.32637933250254,150.10270213920322,141.58555325832148
NGC3198,0,32.14,4.708749508107604e-12,0.6166192107272157,0.6293996044855669,68.33622794682188,138.39049526017303,148.37751412851145,148.95649292184117,141.33507820728778
NGC3198,0,34.06,4.302691271858128e-12,0.5922622302286202,0.5822060257788131,67.24619059842722,138.43198068073124,147.66518080284277,147.31774571372478,141.8530187640615
NGC3198,0,36.12,4.002669453104115e-12,0.5628800922289329,0.5523537844162976,66.79193214752812,139.33065329522339,147.60336518390574,147.23615167504838,143.15364452189834
NGC3198,0,38.19,3.7360835248395835e-12,0.5342813279177379,0.5507299626251958,66.35266799458783,140.18791465907833,147.50372737265783,148.23790180757908,144.395418362676
NGC3198,0,40.1,3.5207819735128494e-12,0.5598881700808678,0.5112491807055156,66.0035089976283,140.99830687459627,149.55491954499198,147.6064032889688,145.54010185792234
NGC3198,0,42.17,3.369849376611605e-12,0.5857368453583627,0.5986790068711775,66.21895423517348,142.62241491282063,152.48689717387686,153.1080016825501,147.4463241180722
NGC3198,0,44.08,3.078882991310876e-12,0.6060973661931213,0.7210832340026517,64.71316751635636,141.7695046351616,152.68537162025365,157.86441684541404,147.0308599636086
NGC0300,1,0.9100000000000001,1.7690922682239487e-11,0.11445290455817032,0.0815433191435599,22.288005742999978,35.12737878128762,33.45410502837113,33.226782447410386,33.61729446959305
NGC0300,1,1.36,1.6754948072724773e-11,0.13942349053042769,0.15382796147686245,26.51650429449553,42.08465701453085,40.27891345020949,40.37131961200819,40.400210657353206
NGC0300,1,1.8200000000000003,1.5735244149008945e-11,0.15666712744636374,0.1384306891258938,29.726769081082455,47.56568512637013,45.68860225746825,45.49690934365596,45.826369160176235
NGC0300,1,2.27,1.5326636053098204e-11,0.219538482628911,0.16892304023882826,32.76510949165285,52.60796669824281,51.18458450949586,50.63141955035274,50.761080839760304
NGC0300,1,2.72,1.45905179663705e-11,0.31417735850099054,0.3006318760400673,34.99412022040274,56.55188724756041,56.13841962952554,55.94238516629901,54.721938084916616
NGC0300,1,3.17,1.3384813083955933e-11,0.3958145480647289,0.4081049943596399,36.18354045695364,59.148778130782325,59.819025727613365,59.93943347167004,57.522537728829676
NGC0300,1,3.63,1.2007949689648563e-11,0.4302252054164048,0.4543973050286097,36.67439979058962,60.83691467332485,62.09346690867707,62.386773697040866,59.541821591982604
NGC0300,1,4.08,1.0859528512462096e-11,0.4533376867724792,0.4350240032395014,36.975226165636904,62.188531417671996,63.90688289760349,63.58680994211368,61.22680776571232
NGC0300,1,4.54,1.0090502173776593e-11,0.4820074274592296,0.46397395211122866,37.59755377680841,63.88481260237891,66.16952075483916,65.83448952340312,63.1713686962347
NGC0300,1,4.99,9.160515331587393e-12,0.49811739270122424,0.5259050828772293,37.556533386349706,64.69054305515486,67.37426694254793,67.76213452002037,64.3372584509206
NGC0300,1,5.45,8.248206376858741e-12,0.44525352867819173,0.5113897484080111,37.243739742405026,65.12122152424749,67.09085558298345,68.10452489796334,65.17254435312339
NGC0300,1,5.8999999999999995,7.668896619278094e-12,0.29788839230378517,0.28803299042477887,37.36523517924114,66.026083667548,65.75300887194513,65.53787871275394,66.36665615529651
NGC0300,1,6.36,7.71579637758307e-12,0.09640954964064936,0.0,38.912954783722085,68.70003007518625,65.32561311970254,63.89143461086439,69.02919519024562
NGC0300,1,6.81,7.817464908240682e-12,0.1278815631935311,0.0,40.53048482315503,71.41982270730746,68.38845798350914,66.42078193697897,71.70581152853691
NGC0300,1,7.26,7.757837725496726e-12,0.38343367459441385,0.332864577612253,41.68827533012129,73.54170516238754,74.7243374228503,73.7610339981687,73.87003627377928
NGC0300,1,7.71,7.368840023379356e-12,0.5521842952065804,0.5638381911812255,41.86990983988382,74.41813137038108,78.86165367984289,79.0081421781723,74.98098977587368
NGC0300,1,8.17,6.67203726579983e-12,0.6299806589120714,0.6556390689116929,41.01243287102096,73.96830326147652,80.11042300074213,80.54844483499612,74.9726852904885
NGC0300,1,8.62,5.9680999599703544e-12,0.6513861251942427,0.6638671287528666,39.84253380496777,73.0647374086225,79.77669687372706,79.94106496416292,74.5533381793419
NGC0300,1,9.07,5.424760283168792e-12,0.663911791476066,0.6415024896794073,38.96450756778533,72.49410465414307,79.59496421990117,79.02877841906165,74.39511140946999
NGC0300,1,9.53,4.98584082927343e-12,0.6788389566769034,0.6774196743897656,38.29049033376303,72.16569425011814,79.71218810507816,79.5782684828638,74.43269464100466
NGC0300,1,9.96,4.474479539805382e-12,0.6963834075486386,0.7093943754839369,37.08311475591014,71.07065938199084,79.08591752492417,79.25575681510401,73.77814707391603
NGC0300,1,10.45,3.981770293772968e-12,0.7142817212912873,0.7113548696478091,35.832038736304135,69.94093466066295,78.44112623623407,78.26472654231993,73.11096069320949
NGC0300,1,10.93,3.5593203188049875e-12,0.7037312402559341,0.7217011758385611,34.64725963189586,68.84406715847182,77.20737317807836,77.47487282175742,72.44408939362246
NGC0300,1,11.32,3.241470245346757e-12,0.693772706665205,0.6974699097897306,33.64879418344734,67.87239191244164,76.0867838269644,76.04539052782553,71.81674848218219
NGC0300,1,11.799999999999999,2.9985328227334308e-12,0.6810747091938429,0.5912320073430162,33.04233118289325,67.49609272566289,75.54350799053498,73.5583575483507,71.74617837880822
NGC0891,2,0.92,1.8619425726167362e-09,0.3082580235015586,0.46675728149751605,229.90707031320284,250.64787446487193,248.44654841154392,250.43369063518384,230.40625497842439
NGC0891,2,2.32,8.877641588127355e-10,0.5004792418704986,0.42069875474602825,252.09722713667438,283.5783861841297,284.39278181931354,282.6428945259163,255.09014477583628
NGC0891,2,3.24,7.028452114875456e-10,0.546032431170091,0.5354458697818107,265.080403425074,301.71791398082587,303.9104159742134,303.5145993297576,269.8866912502046
NGC0891,2,4.17,4.819620754104319e-10,0.5963046988638957,0.6138338852540032,249.0288901312456,289.52689383492145,293.55332593204577,293.91101142448855,257.2265642565854
NGC0891,2,5.1,3.4469916896668855e-10,0.6164893749973857,0.6232054805972101,232.90589387132303,276.6084624363506,281.7393380648781,281.79585275734604,244.9822122904622
NGC0891,2,6.03,2.6168761043359433e-10,0.6200747463638459,0.6143922405506501,220.66096313122537,267.1829233846598,272.8955211663712,272.55434600382483,236.57052144163998
NGC0891,2,6.96,2.095469222411026e-10,0.6154725487747468,0.6207250500882581,212.13900895403467,261.23344436957507,267.21158253166,267.2314472515085,231.6120768566736
NGC0891,2,7.889999999999999,1.6903444759703128e-10,0.6235631217650724,0.612823250683712,202.86231796467277,254.20188161999178,260.8465545600909,260.30162453083557,225.96211028662992
NGC0891,2,8.8,1.43984457212737e-10,0.6331680003276039,0.6307778680553673,197.73084187854965,251.20213645536586,258.5555757786178,258.29939937708946,223.90641979859464
NGC0891,2,9.730000000000002,1.1862669588994513e-10,0.6362971511975843,0.6497013685477107,188.7221648879643,243.98205239410328,251.7898022978115,252.13401275819407,218.37709274307466
NGC0891,2,10.64,1.0109050274641875e-10,0.6443996003267888,0.6338002240271831,182.18023786898513,239.11893283005904,247.55301273728406,246.96719467126442,214.90271191508995
NGC0891,2,11.58,8.772241100398268e-11,0.6362833898114739,0.6447111613586445,177.04547528813043,235.65165459135545,244.06696213596018,244.23283452487755,212.65544545963746
NGC0891,2,12.52,7.537947853267323e-11,0.6344486675677862,0.633873710753705,170.6490997046278,230.69333666020046,239.30527256642645,239.1097594538792,209.1866396530542
NGC0891,2,13.460000000000003,6.745157022133064e-11,0.6413603255742782,0.6251087845864892,167.37625046582926,228.94699036479886,238.1130508835037,237.2646078349452,208.39298731948853
NGC0891,2,14.4,5.977037745494473e-11,0.650969747993145,0.6555246068168773,162.96694259879823,225.87144852042726,235.69360682164344,235.71187017843232,206.49297897624194
NGC0891,2,15.33,5.271588880330632e-11,0.6695689116746911,0.6699524903197556,157.91272089353663,221.97300133498106,232.8293456942831,232.66878276801248,203.89921475976334
NGC0891,2,16.27,4.665650464832798e-11,0.6830548771189184,0.6821045618590108,153.04711555596202,218.1895456950224,229.86492934011645,229.64483111987047,201.39701412539293
NGC0891,2,17.11,4.171244910824395e-11,0.6936318288048602,0.697386414691206,148.3997339283329,214.3940488173286,226.7273906630346,226.71771692545383,198.80678838852143
CamB,3,0.16,2.124908088041714e-12,0.0,0.0,3.2389581658304882,7.663614058938762,7.080237587214701,7.072007590531949,7.9836428133089745
CamB,3,0.41,4.965352083982455e-12,0.0,0.0,7.925783872904939,15.859692447906312,14.638734535316882,14.62576299075802,16.16652094507641
CamB,3,0.57,5.720879452723729e-12,0.0,0.0,10.03099695942532,19.54909875037379,18.0479877797934,18.032802525822724,19.84388742178293
CamB,3,0.73,6.2130666738937905e-12,0.0,0.0,11.83013524859289,22.70839551595615,20.96838017012425,20.95127858731194,22.992892439191806
CamB,3,0.9,6.117615463818251e-12,0.24139624393980066,0.20508349666243544,13.034297065818317,25.090784558946115,24.567089400174922,24.32587794821509,25.417225345532653
CamB,3,1.06,5.728303637175385e-12,0.3774767422914427,0.4097577234906502,13.68803857387902,26.669803173675678,27.046536279202517,27.248376393189268,27.07090833433321
CamB,3,1.22,5.0153888545088644e-12,0.49122484165910435,0.4829100796259969,13.740656825639741,27.443608946341953,28.729173559781312,28.637813864434477,27.966384596220735
CamB,3,1.47,4.226051150235345e-12,0.5955282293917361,0.5870072833689572,13.845266339077773,28.566604233465515,30.859871451425366,30.755410413426773,29.252949459438454
CamB,3,1.79,2.8769094791518544e-12,0.6675398244264522,0.7129449417638756,12.60563961090432,28.045809893819115,31.1654061734575,31.542395150909098,29.010447657267783
NGC4068,4,0.20999999999999996,3.740661778699993e-12,0.0,0.0,4.923332204919753,10.465385688591235,9.579671358817858,9.573574619372886,10.792160037947264
NGC4068,4,0.64,7.875351922949434e-12,0.0,0.0,12.470970291039908,23.031271890644746,21.165101199073888,21.158481714282978,23.270224838045944
NGC4068,4,1.06,8.859264840122395e-12,0.0,0.0,17.02264521159975,30.785652966060212,28.315830302856956,28.30827067689927,30.99166218441084
NGC4068,4,1.48,9.39595635843427e-12,0.0,0.0,20.71460354435971,37.077882130765616,34.1189621206381,34.11061264228684,37.256468360234635
NGC4068,4,1.91,9.909299443586989e-12,0.04092696376713964,0.14376870255625984,24.166481953317074,42.85810754542659,39.80800120697821,40.716564324565546,42.99102578070016
NGC4068,4,2.33,9.041157356770865e-12,0.10830170663956919,0.43008661414996574,25.49560060088799,45.94442375816338,43.300405041019474,46.687795994264164,46.22221872400022
NGC2976,0,0.11,2.147275541600048e-11,0.0,0.0,8.53720094644609,13.503295074919098,12.455526797774848,12.458553825445815,12.963427846669635
NGC2976,0,0.17,2.3313479925589702e-11,0.0,0.0,11.058679848878889,17.287987733868757,15.959868837052168,15.963649396628327,16.53941884628378
NGC2976,0,0.24,2.654955770213843e-11,0.0,0.0,14.021986307224807,21.526976816600992,19.90053564727546,19.905058319407505,20.483092346108187
NGC2976,0,0.31,2.881376343538648e-11,0.0,0.0,16.601835741869028,25.204656062358563,23.32129407381605,23.3264545912671,23.90107847811181
NGC2976,0,0.38,3.035079778831763e-11,0.0,0.0,18.864796579873317,28.440683599221185,26.330866473540496,26.336593672079697,26.91199140681178
NGC2976,0,0.45,3.180690200205839e-11,0.0,0.0,21.015620381040385,31.48619611448825,29.166022830692743,29.172268159801536,29.73660260127098
NGC2976,0,0.52,3.3528956070296585e-11,0.0,0.0,23.194603898320835,34.510239949177304,31.98672774591241,31.993456265012014,32.522654547663606
NGC2976,0,0.59,3.5402992520749426e-11,0.0,0.0,25.38757767097917,37.50645923077009,34.78606069799055,34.79324353594417,35.2686519470899
NGC2976,0,0.6600000000000001,3.716851976685984e-11,0.0,0.0,27.512805200488003,40.39223857379174,37.484244628472034,37.491855837289556,37.90817726659009
NGC2976,0,0.73,3.882909517566713e-11,0.0,0.0,29.574358826524033,43.1776326353082,40.09021600666037,40.09823351555757,40.45185237344695
NGC2976,0,0.8,4.037181355149581e-11,0.0,0.0,31.56889608459567,45.86336581365699,42.60410841920507,42.61251303352073,42.9019765733406
NGC2976,0,0.87,4.1933661312129435e-11,0.0,0.0,33.551836015336036,48.51310005125738,45.08656006483063,45.09533589744071,45.31316586345158
NGC2976,0,0.94,4.395348972486932e-11,0.0,0.0,35.70556259184275,51.32695971706473,47.72951802162001,47.738653881371036,47.85391854143361
NGC2976,0,1.01,4.7062561545695046e-11,0.0,0.0,38.2977923645737,54.59490386966143,50.81201563007492,50.82150499149113,50.76760253426657
NGC2976,0,1.08,5.057098498094209e-11,0.0,0.0,41.05233428198694,58.01744115917473,54.046884131658906,54.05671618875926,53.80439021153364
NGC2976,0,1.14,5.3544138363466703e-11,0.0,0.0,43.39939400498583,60.92063583266484,56.79320756416501,56.80332350396944,56.37757547254918
NGC2976,0,1.21,5.781260055314193e-11,0.0,0.0,46.46000053809729,64.63628827637568,60.31742790828651,60.327867865454934,59.65023646525019
NGC2976,0,1.29,6.263212581601618e-11,0.0,0.0,49.930820642164484,68.8318389744236,64.30058297087565,64.31137955389799,63.34307337065328
NGC2976,0,1.35,6.622575208254636e-11,0.0,0.0,52.52373558687539,71.95358485321671,67.26683326119276,67.27788869783161,66.08904569778815
NGC2976,0,1.42,6.965624310061448e-11,0.0,0.0,55.2458256341599,75.25992327458029,70.40552328906642,70.41687049113276,69.00859484577869
NGC2976,0,1.4899999999999998,7.27370313061548e-11,0.0,0.0,57.82906795029642,78.40630023182553,73.3918164800735,73.40344684704729,71.79117029635414
NGC2976,0,1.5599999999999998,7.551103411639995e-11,0.0,0.0,60.28965251185314,81.41135697155659,76.24336863315685,76.25527447214132,74.45250418578404
NGC2976,0,1.63,7.688501431702112e-11,0.0,0.0,62.1856136899846,83.80870195235924,78.50777954756659,78.51995201998305,76.60083219590099
NGC2976,0,1.74,7.678480715780508e-11,0.36391043658306765,0.35853307710915666,64.20776393863906,86.54611422756136,85.29546560317085,85.24201995039631,79.10609565354765
NGC2976,0,1.93,6.631690282170634e-11,0.5670442415262186,0.6066233075455413,62.84432193921739,86.07880104533082,87.70682246561285,88.31668112950285,79.0592988060046
NGC2976,0,2.1,5.7712404075120845e-11,0.62661106060432,0.6089544602889422,61.15324439471711,85.09493782574583,87.75612126146254,87.50018003369641,78.53557546083222
NGC2976,0,2.27,5.1451587088317724e-11,0.6686483801085413,0.5821303762570489,60.03266027755225,84.66728392472017,88.13775830257448,86.77119033666541,78.46861682595917
D564-8,1,0.51,2.0503139670475505e-12,0.0,0.0,5.680290485529768,12.35822428187091,11.564224625800598,11.54461919883193,13.429291484199451
D564-8,1,1.02,2.0940104744668915e-12,0.23067849892497228,0.22424492712386992,8.11829415579406,17.599712464711814,17.51374314079882,17.45265791419912,19.101923089497685
D564-8,1,1.53,1.7265018667311038e-12,0.41068569865083315,0.40797091713652595,9.028269490882515,20.2250802721967,21.22548581829681,21.168513559285568,22.194391379853553
D564-8,1,2.04,1.3557395059979322e-12,0.49655084933126103,0.4989351346033266,9.238011149592753,21.579487271026657,23.324738682235342,23.292050161506907,24.00448375285418
D564-8,1,2.56,1.0516955429304885e-12,0.549681345176309,0.5481992793811755,9.114655780664458,22.267482945254805,24.581935977831296,24.515082013736258,25.11901479004715
D564-8,1,3.07,8.320764163354391e-13,0.5847445628273317,0.5772230385866753,8.878223358307674,22.62206210303578,25.37006425258088,25.250319065066467,25.844234389908223
UGC08837,2,0.52,3.0624834542480778e-12,0.020498265945771126,0.004496331348765669,7.009932239330134,15.076482969202544,13.83798972510315,13.77111283225748,15.751064782299872
UGC08837,2,1.05,3.5777771251560525e-12,0.0,0.0,10.766550050968045,22.519108904756898,20.576327107582543,20.56131239617389,23.36961287197208
UGC08837,2,1.57,4.511463046452623e-12,0.0,0.0,14.78372246763311,29.687095271564868,27.161495997730725,27.141621661916734,30.49528489157697
UGC08837,2,2.09,6.860779375340929e-12,0.0,0.0,21.03464285411093,39.34860406484399,36.10483886604572,36.07853598623472,39.656562940303054
UGC08837,2,2.63,7.559267409238743e-12,0.0,0.05063140167303825,24.76811761115487,45.60335944370704,41.8756927058966,42.32798477421601,45.753856772512975
UGC08837,2,3.15,6.999557024372353e-12,0.14201560562651547,0.24537348492161995,26.08349765656439,48.63282375916497,46.1254782227726,47.239899881416434,48.96801597597813
UGC08837,2,3.68,6.745323667834206e-12,0.25789567951324305,0.1505626891264905,27.675825190949592,51.91705833230489,50.62467049929912,49.298624045443134,52.36446417200377
UGC08837,2,4.2,6.63418809501687e-12,0.33431098032542844,0.06902077524794199,29.322014767065376,55.15635706566791,54.80321014889005,51.37526503581285,55.674381267082495
DDO154,3,0.49,5.936290849604431e-12,0.08286864710801344,0.0,9.473945851650198,18.338129607754244,17.2716350509227,16.917210513661395,18.593811834273925
DDO154,3,0.99,5.2868191057195954e-12,0.22575259419981444,0.2548822510943308,12.70837715839438,25.132562722502033,24.536383621410444,24.696299336742523,25.571732961013186
DDO154,3,1.48,4.4234042487768284e-12,0.2890755124652244,0.27678347372091605,14.21295711665943,29.07024533792513,28.89149781298149,28.770499343709794,29.730744544179707
DDO154,3,1.97,4.014095030530957e-12,0.29832255166610816,0.3144664729022979,15.620761825211982,32.550697376425745,32.461287567381106,32.5684853574551,33.38005787316808
DDO154,3,2.4700000000000006,3.5421468342912323e-12,0.2722380862642448,0.30212426893706523,16.430736441194593,35.08129452079497,34.785017439562864,35.03003738577208,36.096091742786584
DDO154,3,2.96,3.3326685205945295e-12,0.3058706917924296,0.20900799925263405,17.446856450375236,37.69953516058187,37.747178520445175,36.732183938334515,38.85178591808274
DDO154,3,3.46,3.2294314104035377e-12,0.41621844498835425,0.359428142352663,18.56848001318363,40.373176121096115,41.687247342028385,40.99276133387586,41.64080868093642
DDO154,3,3.9499999999999997,2.8794081953829544e-12,0.5262225482045261,0.5429051192312938,18.733780985161538,41.672838952193445,44.463788149280965,44.62467539761054,43.105257401276404
DDO154,3,4.44,2.424179183602526e-12,0.5994017162593529,0.6089298739833655,18.224227006926796,41.97207114828686,45.884155807106026,45.95628951126912,43.594052154594266
DDO154,3,4.940000000000001,2.036055342130117e-12,0.6347742355422294,0.6359697494559368,17.61706417085435,42.05235230214911,46.61323393537676,46.570591588677864,43.84969573575732
DDO154,3,5.43,1.7098521627259026e-12,0.6542340803824626,0.6544398424046836,16.92600514002049,41.89952416180282,46.87959440481865,46.82030403710084,43.85229426301897
DDO154,3,5.92,1.4463258562851105e-12,0.6702831021173221,0.6645213983727316,16.25433480644471,41.68516555981354,47.02671445915751,46.879328442913085,43.773398482212265
NGC2683,4,2.89,2.967905115948821e-10,0.3633839496583083,0.2104035940126646,162.6856325248176,191.21952749161844,189.42915752978323,186.97535986635845,173.9307822960424
NGC2683,4,5.77,1.6596486764385096e-10,0.5584730087436339,0.585898117442384,171.89817311420154,211.41284373899597,214.2644604222988,215.0814050161208,193.565895628812
NGC2683,4,8.66,8.148029571610762e-11,0.6258134539250895,0.6119450132201525,147.55723780960392,194.40041381388312,200.4105472309635,200.0378684761093,181.1568251723035
NGC2683,4,11.54,5.368640659072601e-11,0.6548008177174119,0.6541124010989707,138.2643910050596,191.05232658123305,199.1319811946257,199.1606165133385,180.48498635344833
NGC2683,4,14.43,3.260023023389912e-11,0.6734126674842308,0.6837642693040789,120.48105776428093,177.54369290835004,187.2771194237923,187.70033498914444,170.75443879219728
NGC2683,4,17.31,2.2224672526946495e-11,0.6834787262684319,0.6808158371557604,108.95357671962861,169.60539028348512,180.54505917584802,180.44592490780266,165.42850811325377
NGC2683,4,20.2,1.5930724214095592e-11,0.6811781083153192,0.6847763962563288,99.64802993536803,163.29758905553925,174.83202423311963,174.96588310781348,161.1916073204778
NGC2683,4,23.08,1.1904086623922914e-11,0.6809272129733857,0.6829441372724622,92.07489114845589,158.2596711676025,170.3646130831679,170.41697303694454,157.79398456945552
NGC2683,4,28.85,7.449900094313185e-12,0.675089905989664,0.6750380744675906,81.43730735971076,151.91070879773886,164.7301227597917,164.6646721673185,153.7456460664547
NGC2683,4,31.74,6.115518173863095e-12,0.6719363174900507,0.6730417343532396,77.39187425046637,149.69021487263876,162.77742700880788,162.74879623912702,152.3771124444083
NGC2683,4,34.62,5.117909376269315e-12,0.6690136165174188,0.6712978769387223,73.94096259854884,147.89246377782518,161.21585197798146,161.22717075622992,151.29207954968257
NGC5055,0,0.7200000000000001,9.138068212750214e-10,0.24219304648850803,0.30896413166379727,142.4848595465497,159.3099323756017,156.21598842935992,156.84576531078804,144.26226493091363
NGC5055,0,1.43,6.53709303737989e-10,0.3558922332485687,0.34606006058162625,169.83829618198598,193.16286691278816,190.54765522745058,190.42803638497216,173.64751275687578
NGC5055,0,2.16,5.202092096276339e-10,0.4091736473790694,0.3547604290420446,186.20492622377097,214.53090214205253,212.40364333253456,211.50854980396014,192.1457304022619
NGC5055,0,2.87,4.4530779688594955e-10,0.4716423756686096,0.4828511846251875,198.58496770903884,230.96006700140413,229.88943710758414,230.1378927040274,206.48506022625432
NGC5055,0,3.59,3.3751291891306564e-10,0.5014235065114115,0.5311320500574523,193.36047191709062,228.99783240286013,228.7224618873293,229.4247059596132,204.3808923263586
NGC5055,0,4.3,2.79363376936385e-10,0.497917561384975,0.49480301860784637,192.52814937042322,231.08612243401754,230.87410993142962,230.8244836582036,206.24609209083138
NGC5055,0,5.03,2.418339917028842e-10,0.467356295275916,0.4670649858458879,193.73939416133211,235.06455098225055,234.18685054473573,234.20733693906718,209.93392305770087
NGC5055,0,5.75,2.1615240589106383e-10,0.47724698710868396,0.44170288213459824,195.83451279077443,239.69735423850616,239.15073419757118,238.21959256738566,214.26255905075988
NGC5055,0,6.46,1.9809304192387544e-10,0.5077235481156136,0.5018945576039373,198.71293692158042,244.93601730926036,245.33758610837992,245.19975590154544,219.14723553533736
NGC5055,0,7.18,1.7372875462226204e-10,0.5413182657600006,0.5566849914579772,196.18841020814662,244.48482350736546,246.08364772871494,246.59851037226935,219.12740490902505
NGC5055,0,7.91,1.5365129689622226e-10,0.5705563552611486,0.5645640556547517,193.6562997942489,243.91258762530308,246.66495032792633,246.5058471897445,219.0580686209449
NGC5055,0,8.62,1.3715118618540053e-10,0.5844091271232266,0.5783396355842552,190.99794278996828,243.0321385177499,246.48096816358435,246.31312936773068,218.74657749507193
NGC5055,0,11.49,8.813676691635875e-11,0.6114412983082537,0.6113321797820571,176.77215023866174,234.83192374231666,240.2398663021027,240.2810438987845,213.7386118571507
NGC5055,0,14.3,6.211980891911859e-11,0.6362143150589129,0.6253178840070507,165.56111666088748,228.44584357613732,235.7472685620903,235.34762226887236,210.289281072625
NGC5055,0,17.19,4.5197093428425434e-11,0.6602564453921487,0.6607946079032626,154.83475966332625,221.81388688219116,231.02345692504153,231.10240004472928,206.5827776292864
NGC5055,0,20.07,3.247815938452968e-11,0.677228149705556,0.6848084126263756,141.82234538322936,211.896392596312,222.68112568446372,223.08855525891306,199.9513359773692
NGC5055,0,22.96,2.4135862268378293e-11,0.6812071604378697,0.6862337780120992,130.7653329441714,203.4302437888762,215.11772799022577,215.41607487984461,194.33859871982622
NGC5055,0,25.85,1.866144087572437e-11,0.6732845270120246,0.6750501432134243,122.00514149002082,196.95199094851745,208.89288994912545,209.0409223019285,190.2023859598036
NGC5055,0,28.74,1.5105328423565954e-11,0.660106663910177,0.6597957837496269,115.74006998442674,192.8617252976987,204.72829956612009,204.77875149171007,187.9249094638543
NGC5055,0,31.620000000000005,1.2611436644547252e-11,0.6567832828133392,0.6455694714810285,110.92731133494581,190.09328509208143,202.30014888141181,201.81870322893963,186.63874067132434
NGC5055,0,34.51,1.081303702267886e-11,0.6538842667009549,0.6597595463207652,107.30540480329964,188.45588143470803,200.98530437237446,201.34758905645052,186.22165589030138
NGC5055,0,37.4,9.129381580187989e-12,0.649603389933916,0.6579173008843714,102.64357115767163,185.3291288773411,198.0567780377959,198.54569904128425,184.41262420582268
NGC5055,0,40.29,8.01115717647929e-12,0.6389521203132404,0.6352690826259242,99.79792983824865,184.17167502052064,196.75509622746924,196.6403473541491,184.23538555600643
NGC5055,0,43.169999999999995,7.1096869162319675e-12,0.6305634150945616,0.621400481818737,97.31763252360797,183.2804769650534,195.79929723997776,195.4047208462409,184.22213596149948
NGC5055,0,45.92,6.4555776140779905e-12,0.6374018726019114,0.629435950170577,95.64092455638435,183.14990380916586,196.3538007632036,196.0153784916579,184.79414949613317
NGC5055,0,48.81,5.772377041013697e-12,0.6540793508964523,0.6541048329615493,93.24102128355308,182.08479331239616,196.48686550842572,196.56461016500396,184.5220002474989
NGC5055,0,51.7,5.161075821068043e-12,0.6754513530781554,0.6743820069204178,90.73830530707525,180.75369148101836,196.6007983759108,196.62165301537604,183.961182348961
NGC5055,0,54.59,4.58165026598975e-12,0.6933654143336165,0.6976696071628303,87.85020660191984,178.79223534100885,195.88364564765052,196.19715450525604,182.78354695054492
NGC0055,1,1.23,1.4871949333159745e-11,0.0,0.0,23.75810388057094,38.29742331286231,35.67233787453304,35.65195216523914,37.01722286896166
NGC0055,1,1.84,1.5502566270236225e-11,0.001917202214544262,0.02129395039169438,29.667843703242063,47.56385616618044,44.32489145453789,44.46525396459082,45.863890945886766
NGC0055,1,2.46,1.5007373068369916e-11,0.09163603595183166,0.11680010377300348,33.75166218129117,54.341917391071405,51.531841066496355,51.75963691686571,52.49787935276157
NGC0055,1,3.07,1.4523827904665948e-11,0.11885429246091257,0.11860204252004812,37.09240623092549,59.979098585476606,57.18987031657115,57.15247155740136,58.0536533485765
NGC0055,1,3.68,1.4201870695952272e-11,0.16199431307772474,0.12065639365813212,40.157989242490714,65.12926294723361,62.649656176700596,62.08803328470314,63.120502833382865
NGC0055,1,4.3,1.3876554164265025e-11,0.22954935249371677,0.2185665318112633,42.909190157820504,69.80591760589093,68.10030723028675,67.90074320033577,67.74409544027357
NGC0055,1,4.91,1.3174778657514318e-11,0.2987065065437329,0.3086837573795393,44.67737850411548,73.18863550966049,72.48510473474563,72.59117687787202,71.24215175549958
NGC0055,1,5.52,1.2432294829548545e-11,0.3507869375582342,0.35277211796682906,46.01722883877298,75.97575174101326,76.14931918927499,76.1276122358906,74.20679961038662
NGC0055,1,6.14,1.1675223814846132e-11,0.37682064849456376,0.38377707236680986,47.03185037822773,78.31821300895386,79.01287907261653,79.07595712077696,76.77791161718719
NGC0055,1,6.75,1.097627291406434e-11,0.39173143256937915,0.39335686714912893,47.81394827871883,80.2993364033692,81.35075469291412,81.31616364507737,79.00753372575566
NGC0055,1,7.37,1.0371158811523906e-11,0.3913791176031788,0.3983918786270446,48.56491789347533,82.20478578677776,83.33929375184441,83.40443289935529,81.15448551622875
NGC0055,1,7.98,9.827192916741643e-12,0.4057848053253435,0.3858271005529921,49.19165782935151,83.89562183397992,85.40114210191486,84.93588314315993,83.08916809554752
NGC0055,1,8.59,9.41442441075605e-12,0.44592842199672605,0.42150204713355005,49.953824177934564,85.71215238468179,88.12939870406144,87.54862496498022,85.10529643007268
NGC0055,1,9.21,8.862542760602793e-12,0.4976430604159834,0.5025515040930387,50.18619381861908,86.85251445989873,90.49913624722564,90.52153309890348,86.54875157852608
NGC0055,1,9.82,8.23653098912543e-12,0.554855002282365,0.5498667363903057,49.957786179933954,87.36974297577795,92.43990869504256,92.2363160830237,87.44600590694212
NGC0055,1,10.43,7.617667512860698e-12,0.5923632264484892,0.5968499830069026,49.514048006601115,87.57899803220143,93.67778814995616,93.68580474176,88.06607628065673
NGC0055,1,11.05,6.9225254044979555e-12,0.5994108217668631,0.6236847333812862,48.58348793571742,87.14686039263954,93.57478936798216,94.04972116799559,88.13530207193185
NGC0055,1,11.660000000000002,6.3326221184365235e-12,0.5802965594423445,0.5887202082758176,47.732736669920776,86.7599774675304,92.88679681270025,92.98055318681602,88.213657529492
NGC0055,1,12.28,5.9467776105694195e-12,0.5302625839685909,0.5233105560735843,47.469570779605746,87.09836806771696,92.18725074480105,91.91717400033757,88.89194507823336
NGC0055,1,12.89,5.668211224990763e-12,0.4569471681131823,0.46308217906991606,47.48153430545395,87.75343484989357,91.25132778186254,91.28524405229726,89.818231656184
NGC0055,1,13.5,5.4772341154158925e-12,0.36197046944500405,0.3827147934814768,47.766432774491335,88.74018317701665,90.15367465510757,90.51496478198011,91.0147568326224
NGC2403,2,0.16,5.455690907558645e-11,0.0,0.0,16.411948391339767,22.98010653866162,21.562078366080772,21.5492459765892,21.08101560129583
NGC2403,2,0.26,7.77917221542333e-11,0.0,0.0,24.98208257932072,33.66176693493437,31.73174463891659,31.714033588572974,30.491978163000116
NGC2403,2,0.36000000000000004,9.963387481990201e-11,0.0,0.0,33.2682558905633,43.72740756363309,41.35532449560045,41.33335748233877,39.31472119369799
NGC2403,2,0.46,1.1353684869639782e-10,0.0,0.0,40.14418139656107,52.11136112818659,49.36959691012845,49.34408871070932,46.69219516606533
NGC2403,2,0.56,1.1807293513552422e-10,0.025640550137772736,0.06508583259873778,45.169414984035384,58.42083828723573,55.54161101744487,55.77220781069689,52.29563354221411
NGC2403,2,0.6600000000000001,1.1250300487720324e-10,0.21935055201758955,0.23749437155588857,47.86623862389858,62.188778116464114,60.530848845492145,60.63928178029946,55.734335248703054
NGC2403,2,0.76,1.0744036394372351e-10,0.299044167492085,0.3084334093509819,50.19561783661996,65.49976819757589,64.4230404743371,64.46703151162642,58.77071646033337
NGC2403,2,0.86,1.0036853237364863e-10,0.3140333033388985,0.34020381570013,51.60874344527291,67.78559580257516,66.80286772236605,67.00775561418581,60.9327533005752
NGC2403,2,0.96,9.516139403858676e-11,0.30279137310693505,0.30446653283512953,53.09349159737002,70.09936139608479,68.96945573643305,68.94363288928606,63.10699387436289
NGC2403,2,1.06,9.150138845109208e-11,0.2645930619597624,0.2643308285664854,54.70689261875509,72.51003237075594,70.95234867559664,70.90679649054505,65.35165097225745
NGC2403,2,1.16,8.885051667688636e-11,0.19529045264242315,0.22428419079845027,56.394174787827154,74.96585079880404,72.64244021373459,72.89115866989472,67.62417202205077
NGC2403,2,1.27,8.68451963996294e-11,0.1380473144525142,0.07003877416239548,58.337798210079896,77.72749082312305,74.72072148307149,74.00430886126315,70.163851477643
NGC2403,2,1.36,8.719193123539652e-11,0.095384096566894,0.050753830315355214,60.48990122326205,80.5625715997279,77.00724739743201,76.51402291423362,72.7142207870395
NGC2403,2,1.47,8.597764086011229e-11,0.03232262176340287,0.09265417070673694,62.449174534176194,83.28963608252123,78.94598561117162,79.52904559186857,75.20785888354372
NGC2403,2,1.57,8.577448674987754e-11,0.0,0.0,64.4620574446705,85.99479879324792,81.16889507205188,81.124447467048,77.65618007630017
NGC2403,2,1.67,8.64469977272633e-11,0.0,0.0,66.7434213986667,88.96807290439705,83.98398420538848,83.93806641454394,80.32189610370446
NGC2403,2,1.77,8.664317174905566e-11,0.033782786423933384,0.04382310009064476,68.79059674112443,91.67598288149999,86.91942858961224,86.98427774461615,82.7609058732977
NGC2403,2,1.87,8.604536161136537e-11,0.09548359676262402,0.12211219772474044,70.46278556798617,93.97007013583648,89.81291281005383,90.08199007888648,84.84989549581682
NGC2403,2,1.97,8.536877748430329e-11,0.11480795208168075,0.13021267952426352,72.03738126833873,96.14663314115856,92.12471678223726,92.26313353674321,86.83630835991175
NGC2403,2,2.08,8.468595891912604e-11,0.19679521361382007,0.09534640583204923,73.72463733379772,98.47861767238749,95.42082498574344,94.05217833040037,88.96457185960388
NGC2403,2,2.18,8.441301446808463e-11,0.346361132236072,0.28415930601451544,75.35433199226172,100.68845723425711,99.68675967846667,98.72002231153252,90.97003366301396
NGC2403,2,2.28,8.176568659214517e-11,0.4652128152064598,0.49874967228003575,75.84522430581902,101.67385249928088,102.5153485131908,102.98983286654712,91.95221557239758
NGC2403,2,2.37,7.793122673700804e-11,0.5282634606199627,0.5545986780820933,75.49274236640235,101.70279420340538,103.61571049105615,103.9901245131121,92.12048302836244
NGC2403,2,2.4700000000000006,7.400752420452907e-11,0.55253439381662,0.5496050167939932,75.10376122405589,101.7249840284369,104.09864600677352,103.9752118515495,92.29807634093015
NGC2403,2,2.57,7.058866335796976e-11,0.5530308299642696,0.5513253737049261,74.81855451691112,101.84573522777225,104.27601214525743,104.17264337286215,92.55610649292342
NGC2403,2,2.68,6.693554095645433e-11,0.5535403011348851,0.5564833931397818,74.39967842672439,101.8522321296055,104.34303420270746,104.32112746410176,92.73337897185105
NGC2403,2,2.78,6.395552609814275e-11,0.5502912265677515,0.5531176629983434,74.0690387408936,101.90029230858914,104.37841433527015,104.35454604026789,92.92779899586334
NGC2403,2,2.8800000000000003,6.122972764554055e-11,0.5357748763020783,0.5428637994104881,73.76539635899749,101.96699640985375,104.22641049479523,104.27967011325626,93.13594188219224
NGC2403,2,2.9799999999999995,5.888466388653074e-11,0.5170673316968396,0.5137973504815957,73.58418851900184,102.15613061077316,104.11606097740426,103.982853095809,93.4435604789152
NGC2403,2,3.08,5.7024977548091604e-11,0.4866736505091297,0.4900494035912417,73.61786060461142,102.56883399865626,104.01266132182576,103.999525811257,93.93409895674574
NGC2403,2,3.1900000000000004,5.515730817110746e-11,0.4450831049450106,0.44869235208461494,73.68382217284876,103.04518435002794,103.76997120833472,103.76137208389176,94.4898317301818
NGC2403,2,3.29,5.398658138808647e-11,0.4134674669446454,0.3926378736312936,74.03142947424425,103.78254195227915,103.95812059225403,103.51860877540231,95.24437709751794
NGC2403,2,3.39,5.302640221143636e-11,0.4056647494326696,0.38312056789571175,74.47683331076851,104.61981319123018,104.66421656376659,104.19086274836364,96.0794053687279
NGC2403,2,3.49,5.204565529177284e-11,0.4094087519130401,0.42797896543943637,74.86524093329294,105.38944546603307,105.50927444465812,105.77360812436368,96.85654821872176
NGC2403,2,3.59,5.080901759098595e-11,0.42695928097549224,0.42376899169042453,75.02273555396391,105.90248314830691,106.35624079992584,106.22229866005561,97.4198423605557
NGC2403,2,3.69,4.9947037956591535e-11,0.45503322402408575,0.4278295591219028,75.41249763799102,106.66253176180794,107.65762385230907,107.0685019091718,98.18530680975176
NGC2403,2,3.79,4.879938134019389e-11,0.48342565232368856,0.4915360390287611,75.54435816128164,107.13663434033236,108.69967317839578,108.77906738317984,98.71286638073907
NGC2403,2,3.9,4.732689402593194e-11,0.5087257289060746,0.5256235737170116,75.46778054242752,107.41026030857073,109.50151555642823,109.75884552587873,99.08657540061326
NGC2403,2,3.99,4.611433141950077e-11,0.5194251979338762,0.5309718314124255,75.34937922770166,107.56819693603138,109.90093066084232,110.053273373038,99.33645133092496
NGC2403,2,4.47,4.0677568897344806e-11,0.5386696254733201,0.537461913195706,74.90426189476804,108.54262173472999,111.42217792206985,111.31296905461265,100.75708520233889
NGC2403,2,4.97,3.575758430477938e-11,0.5630335691345707,0.5590607254870839,74.05212961151084,109.01572124039068,112.58283828772998,112.40883069382276,101.75417426144891
NGC2403,2,5.47,3.152281783055891e-11,0.5851489772538888,0.5860063947240305,72.94263568037557,109.09954050266657,113.32865916493687,113.2599074917946,102.39629964244384
NGC2403,2,5.959999999999999,2.7703380073879085e-11,0.5953834873715884,0.6057125328857046,71.37806700941123,108.55606020443633,113.17753177616083,113.33220321961244,102.47732794276985
NGC2403,2,6.46,2.4421705038773477e-11,0.5966815591610872,0.5987214568315474,69.77173496481223,107.90124413600589,112.70140402418386,112.66053845188173,102.44650990344796
NGC2403,2,6.96,2.1961286829676533e-11,0.5905493094763973,0.5868371598874353,68.67659972654441,107.74745182879934,112.53993251440636,112.35903668933639,102.803624585989
NGC2403,2,7.45,1.9943452549500388e-11,0.580378650841529,0.5846719594219258,67.71011962771887,107.6550323137542,112.32456532391934,112.34053910740053,103.17800107627156
NGC2403,2,7.95,1.821070295830337e-11,0.5696890429444159,0.5717476938514311,66.83780704062634,107.63416744118851,112.15693127597787,112.11807620799199,103.59890981301899
NGC2403,2,8.45,1.6848342092229505e-11,0.5579992855836539,0.5534045476973404,66.27995624621369,107.92636988635647,112.26642872970191,112.05973352268045,104.2615869668059
NGC2403,2,8.94,1.5740852706085206e-11,0.552393462905063,0.5467408954399089,65.89586443776273,108.36018598762219,112.66002425451207,112.42424900672987,105.01766865141592
NGC2403,2,9.44,1.4740712577223297e-11,0.5455902212245534,0.5540612508856979,65.52703373417722,108.79233398111079,113.01475289389165,113.14369989116378,105.76479764401367
NGC2403,2,9.94,1.3800676351018065e-11,0.5394420058312618,0.5394574065349795,65.0606878229857,109.07487966110439,113.22792494198545,113.13670217993744,106.37131057791926
NGC2403,2,10.43,1.3106164005960287e-11,0.5375909885436371,0.5245389676014693,64.94642137947248,109.72528208203867,113.91683054531205,113.47832257327048,107.2680209699065
NGC2403,2,10.93,1.2429218339048556e-11,0.5451409122949871,0.5414209782665698,64.74515310044451,110.2614905645577,114.74271299226945,114.54887474640836,108.06374948774695
NGC2403,2,11.43,1.1765658566908395e-11,0.5577902469482228,0.5651195916915731,64.41789192452669,110.62131855555573,115.53461163946953,115.64260129997241,108.69884846575455
NGC2403,2,11.919999999999998,1.110911340951533e-11,0.5667835386351648,0.5690168673755833,63.922404131884775,110.73957128510229,115.98542557794086,115.95294316261655,109.11150581460475
NGC2403,2,12.42,1.0542668084409153e-11,0.5816902724546801,0.5678267128764592,63.564017336854974,111.01200968999639,116.76558547438941,116.27670580676907,109.65120337281685
NGC2403,2,12.92,9.994635945179262e-12,0.6028885830656088,0.599739978794788,63.12334710707283,111.16202498647569,117.612518316011,117.42425433241166,110.07673008790152
NGC2403,2,13.42,9.39171788787296e-12,0.6222280758862389,0.6329253099870713,62.3625765182934,110.90008578766648,117.99809890928432,118.21584552896658,110.14009571153514
NGC2403,2,13.91,8.80302896616751e-12,0.6319881397256317,0.6366584123849982,61.46882380524293,110.43745911584473,117.8996216337452,117.94061451254352,110.015143470686
NGC2403,2,14.409999999999998,8.290029694632736e-12,0.6344031264895954,0.6291166280898666,60.71350508741856,110.1323235459908,117.74478789624415,117.48903286720916,110.02056944392959
NGC2403,2,14.91,7.825007983689471e-12,0.6375264604655211,0.6351185283485804,60.00072374563493,109.85671239827002,117.63934578853262,117.46913671885649,110.04184041013404
NGC2403,2,15.4,7.385839958109225e-12,0.6459024761813106,0.6462671934934366,59.24280040646289,109.4915840118344,117.59806462017772,117.51138503227618,109.97164949774142
NGC2403,2,15.9,6.958082867519927e-12,0.6595922416053184,0.6557917932292631,58.427678800376796,109.04516692183769,117.637869209786,117.42347831902727,109.82697305108593
NGC2403,2,16.4,6.552024581933859e-12,0.6701584048067813,0.6735385819507256,57.58176273786692,108.53824269902569,117.52078859745025,117.52746615914079,109.62063522952555
NGC2403,2,16.89,6.145031855396661e-12,0.67932414017352,0.6814549129517284,56.59162526381443,107.81619015799197,117.13570283012407,117.10440972472486,109.21308841571921
NGC2403,2,17.39,5.779759251255395e-12,0.686201364326212,0.6841869020818714,55.69034880479741,107.19520455207572,116.78408866157369,116.62402343245661,108.88903427256933
NGC2403,2,17.89,5.425650914127403e-12,0.6901877798462398,0.6917336709354902,54.72759541584118,106.47378105040525,116.23529087465317,116.1871327560523,108.4679567899419
NGC2403,2,18.38,5.104664127898812e-12,0.6866535175991525,0.6949611757754647,53.80611210633975,105.77385432316557,115.46848622915148,115.63320263249356,108.05280729476355
NGC2403,2,18.88,4.799131870324601e-12,0.6661214710827416,0.6769520825795222,52.8758801345188,105.05161745391194,114.14676517143754,114.38957222240516,107.61352512473027
NGC2403,2,19.38,4.5669922944648796e-12,0.6354569451736398,0.6245768003671026,52.25974645939263,104.72021619991085,112.9196077371893,112.49377488835471,107.51237432890376
NGC2403,2,19.869999999999997,4.405597486471889e-12,0.6036096202026168,0.5904052269329194,51.97285974429346,104.79758492612062,112.08093780852087,111.58877046399843,107.76446318894223
NGC2403,2,20.37,4.250515272393881e-12,0.57906074891254,0.5864216774507246,51.68822012799435,104.87642884974186,111.46819081386042,111.60128383202594,108.01726980765423
NGC2403,2,20.87,4.10918600806619e-12,0.5519877373384041,0.5782413326357488,51.44159163556275,104.99520959311405,110.81948814313989,111.5247647554339,108.30149017330753
NGC7793,3,0.11,1.093494762047197e-10,0.2203915758804969,0.18916681598454244,19.265485978817146,24.649672986051073,23.962232864755617,23.867485484897763,22.630103285172904
NGC7793,3,0.14,1.036416378981698e-10,0.1668668818907243,0.17443817767441522,21.159549853434974,27.216262613945737,26.277568183401605,26.29742386774949,25.020416809276963
NGC7793,3,0.17,9.964704313346088e-11,0.1181221158348397,0.12591055172270468,22.86293288272526,29.52279183488844,28.328475053773268,28.350347034418785,27.168785585146505
NGC7793,3,0.20999999999999996,9.796639678070655e-11,0.08424998416304934,0.051887903422222166,25.19552936534575,32.59060569458483,31.140376699589428,31.015662501715546,30.005582646826486
NGC7793,3,0.24,9.746478973390047e-11,0.07657086631210759,0.06715953579267284,26.866108761783867,34.769530490073706,33.190198160346526,33.147349233733095,32.016088172406576
NGC7793,3,0.28,9.581531216602025e-11,0.08045967746246399,0.09262252416094686,28.77211236596994,37.30068530052031,35.61707252233438,35.66320399314451,34.36263548639276
NGC7793,3,0.32,9.461277905415434e-11,0.07892295562268553,0.07199509240252938,30.565053574302798,39.676047275989454,37.87357193586708,37.83532425972256,36.56347975467949
NGC7793,3,0.35,9.405342431041506e-11,0.08024401920984514,0.06813217161690033,31.871066816157878,41.39640419464807,39.51982729782317,39.45512183497431,38.155073728391415
NGC7793,3,0.38999999999999996,9.322758507119614e-11,0.0795617861818442,0.094993122190838,33.494985445585726,43.54492155316004,41.56397496941701,41.634817182360166,40.14510353371706
NGC7793,3,0.41999999999999993,9.239511523316405e-11,0.07064231428895958,0.08889446664103777,34.60385021930363,45.02788716855476,42.92916359144088,43.017059056794366,41.52258417040013
NGC7793,3,0.46,9.1818949462668e-11,0.032656496882958935,0.03722559655527911,36.101092781244176,47.00636681537317,44.60778124807562,44.624323887132434,43.35457673418505
NGC7793,3,0.49,9.171596528967278e-11,0.013238225159243206,0.0,37.23880905721879,48.493358423732836,45.911994972593156,45.83225394640571,44.72744532730053
NGC7793,3,0.53,9.205525903303077e-11,0.07590172340332002,0.01592747683068088,38.800516749136214,50.50787125048016,48.18278138915183,47.82837291547307,46.58073009547112
NGC7793,3,0.56,9.174882571691949e-11,0.1452644313393729,0.14784269349507492,39.81709243528462,51.848955878586494,49.8873421511348,49.89429214289969,47.821975768180536
NGC7793,3,0.6,8.977635684567445e-11,0.20860511719010044,0.24039795159404276,40.76917156381768,53.207957444715476,51.60562900223729,51.81110860683331,49.10530634720582
NGC7793,3,0.63,8.8396264940954e-11,0.2012786851614537,0.21232142450415953,41.45362408764764,54.18829446382481,52.50281142018273,52.56839172678165,50.03197772100157
NGC7793,3,0.6600000000000001,8.748066073251174e-11,0.19043517911035307,0.16296187268555654,42.208825498940385,55.23537886919584,53.4391246287109,53.238882793240315,51.013878809929366
NGC7793,3,0.7,8.667192447127112e-11,0.16707296241849995,0.15379690344520655,43.26767037870193,56.675977933964674,54.66402450208392,54.55981277665917,52.35830015444724
NGC7793,3,0.87,8.172934141415893e-11,0.25494915747471975,0.26311568954728504,46.84075629193021,61.73767943722347,60.23357408501841,60.288215920177855,57.132043310829104
NGC7793,3,1.05,7.534789779794416e-11,0.2844944366926372,0.3095961164114348,49.40893492072057,65.6951913732136,64.35397377492689,64.57040813021656,60.943342292455924
NGC7793,3,1.22,7.030864824421323e-11,0.2619934365860616,0.2863053787157453,51.44694160006016,68.92781879650893,67.30015835586713,67.52105377428563,64.07993760334013
NGC7793,3,1.4,6.703907867226922e-11,0.19897347915487654,0.19583084960511402,53.81499558673214,72.48541923829158,70.12948057639407,70.08112934763206,67.48947271717512
NGC7793,3,1.57,6.583484596665826e-11,0.07231714240470458,0.1077317767864654,56.4745801223878,76.22345336226374,72.44837330787031,72.78349310906523,71.01129087646733
NGC7793,3,1.7500000000000002,6.522818606709137e-11,0.0,0.0,59.34880074609764,80.18680863049474,75.47219731235766,75.45501122229317,74.72600352487163
NGC7793,3,1.92,6.694072258817575e-11,0.0,0.0,62.97542179295031,84.83795946062152,79.87566591825035,79.8578309279536,78.99435538963742
NGC7793,3,2.1,6.848223125507285e-11,0.01575373908164038,0.0,66.61528203047706,89.51239525511915,84.47430805101811,84.28217985163481,83.28617108096496
NGC7793,3,2.27,6.88502732001932e-11,0.26548805762865263,0.2527453182629442,69.44500845993181,93.25885538682654,91.10077156514544,90.91072557097384,86.75724582307203
NGC7793,3,2.45,6.50835949292067e-11,0.3937517911495706,0.4605463069387014,70.144573917018,94.79695630942727,94.41591951572549,95.38677950171187,88.3475385232072
NGC7793,3,2.62,6.104016573932948e-11,0.4276871583368992,0.4452426312690191,70.24796865390486,95.63632766692665,95.79978322180943,96.04307711030769,89.31731824511748
NGC7793,3,2.79,5.856390822995095e-11,0.41833844895356587,0.3866717098145204,71.00556703526844,97.13373534681878,97.18047787760905,96.6596820970747,90.84101621649502
NGC7793,3,2.97,5.6399602778614794e-11,0.42397120703858165,0.4023612595411297,71.89381336387714,98.78443955657256,98.94769751695065,98.57058715220246,92.5020715713784
NGC7793,3,3.16,5.385797002675844e-11,0.46452090237847177,0.4704658118045134,72.46758758231158,100.1192062977263,100.99856491768719,101.06795090088997,93.89938300598646
NGC7793,3,3.3300000000000005,5.107943523120455e-11,0.4921872683914193,0.5073822806361101,72.44700442392357,100.73021180033194,102.14701383420332,102.38168562311513,94.64523152188531
NGC7793,3,3.51,4.833465072396302e-11,0.5236299149741531,0.5066075321982741,72.35326322979496,101.27964619401098,103.33326443681773,102.98874139335304,95.34523772297813
NGC7793,3,3.68,4.608729312061824e-11,0.5471101046894341,0.5448099710492021,72.341878604305,101.86110855322434,104.42598293141643,104.34553718657855,96.0539339386914
NGC7793,3,3.85,4.3305629593687424e-11,0.5731020812341109,0.5804326383428287,71.7261988397545,101.78490315646378,104.9354041892571,105.038359143665,96.19539733189825
NGC7793,3,4.03,4.0643724825092414e-11,0.5951170162149741,0.5957444138307965,71.09262444163951,101.70349307522407,105.38586190447424,105.35713963657045,96.33840032453261
NGC7793,3,4.2,3.8121042180059125e-11,0.5973497009103924,0.6080699642490583,70.28818037195158,101.38892477196006,105.21297921717999,105.38702990585477,96.26441422156091
NGC7793,3,4.38,3.5717225651451876e-11,0.5988542531861872,0.6014854683948585,69.47862045262558,101.08178774493057,105.03678791416593,105.04630918447769,96.20208133779731
NGC7793,3,4.73,3.1996591444639496e-11,0.5898738827732898,0.582026141877802,68.33728191843747,100.8979325916612,104.8502122096549,104.6397301435894,96.41806816026688
NGC7793,3,5.25,2.7821951309338904e-11,0.6063481445023073,0.6055415402860187,67.13495736201818,101.05257617927764,105.61354664222239,105.54473877989652,97.06968798089524
NGC7793,3,5.78,2.359212414737458e-11,0.6219992994855934,0.631278165076787,64.86683590248563,99.96262002112996,105.13324925796128,105.28710509320955,96.6161044160031
NGC7793,3,6.3,2.0361131853857583e-11,0.6410271744649497,0.6306024654858738,62.91388519238023,99.08134714863141,104.93730612430747,104.63526751043065,96.29152474981105
NGC7793,3,6.82,1.7786280114180217e-11,0.6560671375506019,0.6540457475537363,61.18007763970228,98.34747189105605,104.8000359690056,104.68759571124193,96.05785521598247
NGC7793,3,7.35,1.5238294353028366e-11,0.6744724504971591,0.6775606646728881,58.78778827273569,96.8093620030755,103.94229325820925,103.94950552991237,95.09200616818467
NGC7793,3,7.87,1.3170181541345884e-11,0.6896422959236408,0.6841522348748083,56.55337390465753,95.3346902547485,103.06116322833012,102.85208416807858,94.13645372992303
UGC08286,4,0.47,7.959029856946419e-12,0.0,0.0,10.743709787591996,19.803805724171394,18.20052320168903,18.194906903704776,20.002802103514266
UGC08286,4,0.95,1.0064975228566188e-11,0.0,0.0,17.17684633452835,30.380284926928013,27.971492989542124,27.965361192392717,30.459133724566193
UGC08286,4,1.42,1.0267864864618184e-11,0.0,0.0,21.210920536365226,37.38632822999235,34.42777184676512,34.42047574043478,37.45906066577094
UGC08286,4,1.9,1.1515575329294449e-11,0.0,0.0,25.98333504383146,44.91090226108013,41.39795883865891,41.39088026119221,44.828492584898925
UGC08286,4,2.37,1.1921899896853906e-11,0.2086253370321248,0.26783147781172323,29.527194245305466,50.739027888098654,48.925651828654054,49.564464601658166,50.58718631928874
UGC08286,4,2.84,1.032740106118784e-11,0.3169057643861416,0.3817531630992825,30.08361098671501,52.972570282883154,52.36468851138835,53.152761372935714,53.06562650070926
UGC08286,4,3.3,9.621948346489412e-12,0.3292255000137677,0.3136815632516227,31.301399329742434,55.79589344538466,55.3351299703426,55.11911754790168,56.02200004995334
UGC08286,4,3.78,9.05875701558019e-12,0.2615027149195528,0.28087783336675803,32.50539724415008,58.55643391514581,57.17024561972332,57.415324321662254,58.906860509694894
UGC08286,4,4.25,8.700442379668341e-12,0.37586255022943205,0.19670758465753202,33.77850351925022,61.284248490604234,61.4996782030412,58.92176894765503,61.729410349491545
UGC08286,4,4.73,8.558209866044925e-12,0.4938890012810013,0.5019628033883846,35.34250344839766,64.30919179136063,66.44166494966271,66.55436798569106,64.809729387427
UGC08286,4,5.2,7.241297272233711e-12,0.5976123970984459,0.6176869047726872,34.08671368730051,63.91266308314059,67.95391487467896,68.28246615783193,64.73980491061322
UGC08286,4,5.67,6.370675629861699e-12,0.6355362557778493,0.6514562592505602,33.38562789584764,64.08604884775552,68.96552315292391,69.22654634742575,65.16001499782577
UGC08286,4,6.15,5.3129733522917334e-12,0.5394983985026892,0.6397175571744452,31.752772319909322,63.06023570939006,66.33528255984751,68.11329418374626,64.44441223588554
UGC08286,4,6.62,4.806617121577433e-12,0.4783262826757621,0.18960639733939705,31.33459110950708,63.43029617654521,65.72729712261786,60.91471325099095,64.99710080591404
UGC08286,4,7.1,5.0964298833253574e-12,0.4224126256638467,0.337151366289862,33.41469287603883,66.8877260177873,68.24355840086659,66.70305305102515,68.4330309575961
UGC08286,4,7.57,4.558489566913469e-12,0.48234916707344955,0.5711118995066905,32.63124882685307,66.73291687820209,69.2688748361942,70.91569996180466,68.47623357534464
UGC08286,4,8.04,4.30558811332346e-12,0.5283440139406552,0.36041803102704584,32.6828211756574,67.58223904970379,71.08450556208375,67.89360446199716,69.44951782813958
NGC0024,0,0.20999999999999996,2.6903306122898903e-11,0.0,0.0,13.203459773862303,20.233524047844913,18.70749414229563,18.7117275012434,19.241751492006287
NGC0024,0,0.32,3.3837194300947124e-11,0.0,0.0,18.278789620759905,27.163660957791073,25.1800454371205,25.185325710077105,25.589691063377092
NGC0024,0,0.43,3.366409229104079e-11,0.0,0.0,21.13454754661192,31.428613213586814,29.131806818701712,29.137926433784166,29.613675714242525
NGC0024,0,0.54,3.549171846627891e-11,0.0,0.0,24.31843744980339,35.91532230744954,33.31131797475406,33.318190393576735,33.7690459647113
NGC0024,0,0.64,3.538249154493053e-11,0.0,0.0,26.433791820319687,39.055017644023536,36.22205170435913,36.22953254080227,36.725673027658075
NGC0024,0,0.74,3.5593855567074075e-11,0.0,0.0,28.508781103372346,42.088293168546144,39.03805229167831,39.04609824425262,39.56854741703722
NGC0024,0,0.85,3.6819738347892726e-11,0.0,0.0,31.075997972711992,45.67863766214083,42.385272357259865,42.39390685108628,42.885633808267826
NGC0024,0,0.96,3.845121330455243e-11,0.0,0.0,33.74938888335609,49.33427279002771,45.801204961414264,45.81039591354576,46.23776335003707
NGC0024,0,1.07,3.967880530824103e-11,0.0,0.0,36.194822834212076,52.698752022843635,48.94339683533431,48.953110953623344,49.32965051748432
NGC0024,0,1.17,4.046445053501037e-11,0.0,0.0,38.221262407199475,55.51194335741087,51.56846053071306,51.57862535678811,51.92286639912234
NGC0024,0,1.28,4.138637444770809e-11,0.0,0.0,40.430484785616905,58.554996649219476,54.4103776261462,54.42101768209476,54.72078899440696
NGC0024,0,1.38,4.218791174395583e-11,0.0,0.0,42.38467234744183,61.23849983723729,56.91739737137827,56.92845226677025,57.18570956183981
NGC0024,0,1.48,4.329304718562634e-11,0.0,0.0,44.46468373889552,64.03790297749443,59.53834496367615,59.549802964903904,59.7397652303863
NGC0024,0,1.59,4.3606551335347826e-11,0.0,0.0,46.254043607018836,66.5555312108431,61.88462810120113,61.89650699265156,62.07106448014032
NGC0024,0,1.7,4.3714499145696765e-11,0.10930787770844257,0.1152807939895283,47.88643283853999,68.88335955840252,65.15335330292372,65.2285345740149,64.23590033952792
NGC0024,0,1.8,4.303711776013238e-11,0.2241855095735818,0.22630920140264504,48.89147216028578,70.46506687183114,67.90465949360323,67.94299551647333,65.75066643276433
NGC0024,0,1.91,4.224666392612161e-11,0.3162566083129906,0.31747637335546486,49.898577635038855,72.08230319384295,70.55856045283537,70.58886161600672,67.30821419929292
NGC0024,0,2.02,4.082978331417594e-11,0.3725110008074096,0.3846897908116904,50.44748209772219,73.18647858151738,72.35745333344578,72.53125638662532,68.43050232224392
NGC0024,0,2.13,3.946678987554328e-11,0.3971280072514732,0.41096298343653115,50.930856069773654,74.20424256807634,73.70007566762202,73.90234398650497,69.47496548944174
NGC0024,0,2.23,3.81365220775551e-11,0.40223498894250936,0.4047716763309097,51.22692016898928,74.96096655566082,74.53438356828363,74.58628001120115,70.27892193337975
NGC0024,0,2.34,3.703377542868871e-11,0.41356717641201063,0.3974556768828103,51.71091180785734,75.95342372999482,75.69144465564973,75.48461034122097,71.29274994879633
NGC0024,0,2.44,3.5959735474545194e-11,0.42721582983366946,0.43188508034389456,52.032947735064944,76.71625430150992,76.66021828369392,76.745487534571,72.0937493755357
NGC0024,0,2.54,3.480186181708824e-11,0.44745845440186566,0.45207205410135404,52.22679436840825,77.32908885009094,77.5858845301463,77.67261937855102,72.7655169306171
NGC0024,0,2.65,3.3590220568651375e-11,0.4624095515068843,0.46124805953791076,52.40885087463758,77.95820131757215,78.4629108149305,78.46468647137007,73.46282587868457
NGC0024,0,2.76,3.241504589939688e-11,0.44637149572314977,0.47195115042987945,52.54158067664123,78.52238616462638,78.8103548852242,79.22070470778318,74.1017887723634
NGC0024,0,7.069999999999999,9.422941430258603e-12,0.6501797718866784,0.6490251945784454,45.33965648303922,81.43639600607044,86.99099548189939,86.99640147207035,80.9287894085556
NGC0024,0,8.49,6.590369556688671e-12,0.6731270766693087,0.674661355179925,41.55124125703106,79.28469253015128,85.77525069921906,85.84284668271575,79.93151394118307
NGC0024,0,9.91,4.707613388053272e-12,0.690944568433635,0.6899698267428788,37.94132509546814,76.8398823119314,84.0838205201859,84.09524616682764,78.4755415711369
NGC0024,0,11.27,3.5170410584086483e-12,0.7043452957678967,0.6977842626132065,34.97244129310963,74.7238040607594,82.5524983005625,82.43368871160659,77.1337147090035
NGC7331,1,2.6699999999999995,7.706664732051115e-10,0.16896767783231242,0.32763094646013097,251.97887713060393,286.73967172778947,279.00418315420956,282.0565640823728,254.78290116389783
NGC7331,1,3.21,7.059622527122097e-10,0.34170688078810596,0.31736902468069134,264.4347516496272,302.2219408244615,297.4544478054916,297.0140334154455,267.912014950229
NGC7331,1,3.74,6.584788644934971e-10,0.43853260195062155,0.42616057173918387,275.6652313586173,316.1726339435578,313.46687918839916,313.2542142388033,279.78434026603253
NGC7331,1,4.27,5.773935546583211e-10,0.4827983765116615,0.5174943265805969,275.8196327856304,318.53732770966604,317.03473637440436,318.066405128792,281.0086142437581
NGC7331,1,4.81,5.037812640293836e-10,0.5247552535139847,0.5073462905675713,273.4442633700696,318.1606812198348,317.97860105539155,317.5735871577717,279.8866010006684
NGC7331,1,5.35,4.564796853212028e-10,0.5469661964895455,0.541038608052763,274.5129842648613,321.1985315741338,321.83144766003596,321.7445794307201,282.06002935950823
NGC7331,1,5.88,3.9983243194266027e-10,0.5678387658955598,0.5799743718396118,269.34129562694244,317.61669862744037,319.1431082078793,319.62163034892023,278.36055111620794
NGC7331,1,6.41,3.555280348030531e-10,0.5989940301339337,0.5886684358166169,265.180273078523,314.96621277412305,317.7654318271954,317.5085952433253,275.66018725108796
NGC7331,1,7.48,2.7957164199617977e-10,0.6256499600059955,0.6377358622494614,254.02275984643583,306.4368806906068,310.74112976183403,311.2537228238984,267.7747570243839
NGC7331,1,8.55,2.1579499419626472e-10,0.6341316151999992,0.6423669520176963,238.60471041033537,293.06775247604395,298.30928515881624,298.6820952152876,256.15725922342807
NGC7331,1,9.62,1.771770472724687e-10,0.6336161428575704,0.626201092084753,229.33299272019283,285.8312811822436,291.6012527584199,291.3697171840954,250.22614032727455
NGC7331,1,10.66,1.4914401500910412e-10,0.624596252597678,0.6293673084427789,221.49136014752358,279.79531136293394,285.70563406534245,285.9377997248161,245.51770323847504
NGC7331,1,11.74,1.2636870893526125e-10,0.6213732995622037,0.6204474757488183,213.95827869002872,273.96329196109264,280.2219644010661,280.2170261888546,241.14462084397383
NGC7331,1,12.83,1.10035609476747e-10,0.621880987932763,0.6143384762136573,208.71575223255192,270.4134187780574,277.1298190509309,276.84012514187765,238.77983447192057
NGC7331,1,13.91,9.650058861033408e-11,0.6246401131049628,0.6269156222039328,203.51846518190925,266.74256817356945,273.9921236715793,274.1030595668949,236.36669660643884
NGC7331,1,15.0,8.467416785015706e-11,0.6269214682034873,0.632519925742653,197.96862685789384,262.5707945117043,270.32803602186766,270.5759064060713,233.5901663629178
NGC7331,1,16.08,7.518044892309715e-11,0.6177839420630729,0.6230559392714646,193.13934407572162,259.0362777325565,266.77539939087467,267.00277629156824,231.36040874199097
NGC7331,1,17.07,6.831222428048433e-11,0.6015545392406678,0.6020068690514181,189.68860661621193,256.76218800404985,264.1040580552188,264.1117068445432,230.11842096793174
NGC7331,1,18.15,6.261583947724989e-11,0.588541460600513,0.577221250202204,187.26460162027416,255.6580333599671,262.73229201652407,262.2073881360577,229.886615359531
NGC7331,1,19.24,5.7996670137383737e-11,0.5980844393113157,0.5820854319582276,185.5578518414136,255.27828103199727,263.0807361759631,262.3249250013372,230.24428181114106
NGC7331,1,20.32,5.35322620951306e-11,0.6198880524024606,0.6227366164357463,183.2082060662131,254.11086480839293,263.22784699590346,263.328525454722,229.95076422248937
NGC7331,1,21.41,4.8658889422626965e-11,0.6388617640991942,0.6486210017664362,179.29356494308433,251.15919291584697,261.49877257126565,261.92628184161316,228.21481653431755
NGC7331,1,22.49,4.439382691254532e-11,0.6532550467625651,0.6467400356071746,175.52189236673584,248.27870856522145,259.62974428891863,259.26138914858467,226.52540110425554
NGC7331,1,23.48,4.1078625071517095e-11,0.6598622520247417,0.6584914284298166,172.5171474085982,246.0817616438445,258.03809858097486,257.9122391700242,225.32783227269
NGC7331,1,24.570000000000004,3.7410253764616885e-11,0.6649956065344346,0.6715254768350569,168.4120560411279,242.70898389672612,255.22371977346896,255.4832094327296,223.2317427160007
NGC7331,1,25.650000000000002,3.428464675684249e-11,0.6695628189270922,0.6666215577575669,164.72852014754457,239.73132872257227,252.76473656617168,252.54145473834342,221.43788290293102
NGC7331,1,26.74,3.158339932601343e-11,0.6727796302400021,0.6692016479935878,161.43043229205577,237.1382668896022,250.61634765099376,250.351574426303,219.94733632107656
NGC7331,1,27.82,2.909623746657587e-11,0.6796773064588875,0.6801408480309826,158.04190346234128,234.3760185848182,248.47645738530494,248.40880697951405,218.30225888624963
NGC7331,1,28.91,2.67582402439175e-11,0.6867210324213843,0.6888741572228437,154.49986090608624,231.39282946211404,246.11932855205058,246.13081812114504,216.4707457920355
NGC7331,1,29.89,2.4829488790924693e-11,0.6878325225301065,0.6915536954913426,151.32898499626566,228.67855517056367,243.6907594521124,243.77685233497806,214.78555922018518
NGC7331,1,30.98,2.2915311356034172e-11,0.6822773244297289,0.6851638597947963,148.00584289142103,225.84247760609657,240.8101359310804,240.84558895532902,213.0441560691603
NGC7331,1,32.06,2.131297041049152e-11,0.6736648204334436,0.6707876318706141,145.20414790907319,223.55063255630722,238.30360176402183,238.0334607169242,211.72209890472757
NGC7331,1,33.15,1.996005297617616e-11,0.6688237312981556,0.663228221330646,142.88869958817597,221.7890471372989,236.51715965516186,236.09930925912772,210.81916033025635
NGC7331,1,34.23,1.873430286210913e-11,0.6779158469003665,0.6696663757832622,140.6687054038673,220.09250503806504,235.5138864677124,234.94784612303457,209.95041345672738
NGC7331,1,35.32,1.7553674763598523e-11,0.6928174017744911,0.696065736734441,138.31511551526106,218.21118440193675,234.63304608411227,234.66354964579412,208.9228126323824
NGC7331,1,36.31,1.6391213284869633e-11,0.7048592827938402,0.727298372970652,135.51705269079608,215.69202540706527,232.9368897696315,233.99082939559523,207.31876141471966
