name,ra_deg,dec_deg,distance_mpc,method,status,inside_nominal_11mpc,exposure
UGC12894,0.09375,39.495555555555555,8.47,TF,pending_calibration_or_membership,True,distance_and_position_viewed; no_velocity_requested; not_certified_fresh
WLM,0.49208333333333343,-15.46111111111111,0.97,TRGB,indicator_candidate,True,distance_and_position_viewed; no_velocity_requested; not_certified_fresh
And XVIII,0.5604166666666667,45.08888888888889,1.36,TRGB,indicator_candidate,True,distance_and_position_viewed; no_velocity_requested; not_certified_fresh
ESO409-015,1.3824999999999998,-28.098055555555554,7.7,TF,pending_calibration_or_membership,True,distance_and_position_viewed; no_velocity_requested; not_certified_fresh
AGC748778,1.6433333333333333,15.510833333333334,5.4,h',excluded_redshift_distance,True,distance_and_position_viewed; no_velocity_requested; not_certified_fresh
And XX,1.8779166666666667,35.132222222222225,0.8,TRGB,indicator_candidate,True,distance_and_position_viewed; no_velocity_requested; not_certified_fresh
UGC00064,1.9333333333333333,40.87555555555556,9.6,TF,pending_calibration_or_membership,True,distance_and_position_viewed; no_velocity_requested; not_certified_fresh
ESO349-031,2.0554166666666664,-34.57833333333333,3.21,TRGB,indicator_candidate,True,distance_and_position_viewed; no_velocity_requested; not_certified_fresh
NGC0024,2.485,-24.96333333333333,9.9,TF,pending_calibration_or_membership,True,distance_and_position_viewed; no_velocity_requested; not_certified_fresh
NGC0045,3.51625,-23.182222222222222,9.2,TF,pending_calibration_or_membership,True,distance_and_position_viewed; no_velocity_requested; not_certified_fresh
NGC0055,3.7854166666666664,-39.22027777777778,2.13,TRGB,indicator_candidate,True,distance_and_position_viewed; no_velocity_requested; not_certified_fresh
NGC0059,3.8545833333333333,-21.44388888888889,5.3,SBF,indicator_candidate,True,distance_and_position_viewed; no_velocity_requested; not_certified_fresh
ESO410-005,3.880833333333334,-32.18,1.92,TRGB,indicator_candidate,True,distance_and_position_viewed; no_velocity_requested; not_certified_fresh
And XIX,4.88375,35.04361111111111,0.93,TRGB,indicator_candidate,True,distance_and_position_viewed; no_velocity_requested; not_certified_fresh
IC0010,5.102083333333333,59.291666666666664,0.66,Cep,indicator_candidate,True,distance_and_position_viewed; no_velocity_requested; not_certified_fresh
And XXVI,5.94,47.91611111111111,0.76,HB,indicator_candidate,True,distance_and_position_viewed; no_velocity_requested; not_certified_fresh
Sc22,5.965416666666667,-24.705,4.21,TRGB,indicator_candidate,True,distance_and_position_viewed; no_velocity_requested; not_certified_fresh
Cetus,6.545833333333333,-11.044444444444444,0.78,TRGB,indicator_candidate,True,distance_and_position_viewed; no_velocity_requested; not_certified_fresh
ESO294-010,6.63875,-41.855555555555554,1.92,TRGB,indicator_candidate,True,distance_and_position_viewed; no_velocity_requested; not_certified_fresh
UGC00288,7.266666666666667,43.431666666666665,6.73,BS,pending_calibration_or_membership,True,distance_and_position_viewed; no_velocity_requested; not_certified_fresh
And XXV,7.537083333333333,46.85194444444445,0.81,HB,indicator_candidate,True,distance_and_position_viewed; no_velocity_requested; not_certified_fresh
ESO473-024,7.84375,-22.765833333333333,9.9,TF,pending_calibration_or_membership,True,distance_and_position_viewed; no_velocity_requested; not_certified_fresh
NGC0147,8.298333333333334,48.507777777777775,0.76,TRGB,indicator_candidate,True,distance_and_position_viewed; no_velocity_requested; not_certified_fresh
And III,8.890833333333333,36.49777777777778,0.75,TRGB,indicator_candidate,True,distance_and_position_viewed; no_velocity_requested; not_certified_fresh
And XXX,9.145416666666666,49.64666666666667,0.68,TRGB,indicator_candidate,True,distance_and_position_viewed; no_velocity_requested; not_certified_fresh
And XVII,9.279166666666667,44.32222222222222,0.74,HB,indicator_candidate,True,distance_and_position_viewed; no_velocity_requested; not_certified_fresh
And XXVII,9.362916666666667,45.386944444444445,0.83,HB,indicator_candidate,True,distance_and_position_viewed; no_velocity_requested; not_certified_fresh
NGC0185,9.741666666666665,48.336111111111116,0.61,TRGB,indicator_candidate,True,distance_and_position_viewed; no_velocity_requested; not_certified_fresh
NGC0205,10.09375,41.686388888888885,0.82,TRGB,indicator_candidate,True,distance_and_position_viewed; no_velocity_requested; not_certified_fresh
And IV,10.625416666666666,40.575833333333335,6.31,TRGB,indicator_candidate,True,distance_and_position_viewed; no_velocity_requested; not_certified_fresh
MESSIER032,10.675416666666667,40.86638888888889,0.49,TRGB,indicator_candidate,True,distance_and_position_viewed; no_velocity_requested; not_certified_fresh
MESSIER031,10.685416666666667,41.26916666666666,0.77,Cep,indicator_candidate,True,distance_and_position_viewed; no_velocity_requested; not_certified_fresh
DDO226,10.765833333333333,-22.25027777777778,4.92,TRGB,indicator_candidate,True,distance_and_position_viewed; no_velocity_requested; not_certified_fresh
And I,11.416666666666666,38.03722222222222,0.73,TRGB,indicator_candidate,True,distance_and_position_viewed; no_velocity_requested; not_certified_fresh
And XI,11.583333333333334,33.80138888888889,0.73,RR,indicator_candidate,True,distance_and_position_viewed; no_velocity_requested; not_certified_fresh
NGC0247,11.784583333333334,-20.76,3.65,TRGB,indicator_candidate,True,distance_and_position_viewed; no_velocity_requested; not_certified_fresh
And XII,11.862499999999999,34.374722222222225,0.83,TRGB,indicator_candidate,True,distance_and_position_viewed; no_velocity_requested; not_certified_fresh
NGC0253,11.892916666666666,-25.292222222222225,3.94,TRGB,indicator_candidate,True,distance_and_position_viewed; no_velocity_requested; not_certified_fresh
KDG002,12.337916666666667,-18.074444444444445,3.4,TRGB,indicator_candidate,True,distance_and_position_viewed; no_velocity_requested; not_certified_fresh
DDO006,12.455416666666666,-21.016111111111112,3.34,TRGB,indicator_candidate,True,distance_and_position_viewed; no_velocity_requested; not_certified_fresh
ESO540-032,12.602500000000001,-19.90694444444444,3.42,TRGB,indicator_candidate,True,distance_and_position_viewed; no_velocity_requested; not_certified_fresh
Bol520,12.676666666666668,32.91638888888889,0.63,TRGB,indicator_candidate,True,distance_and_position_viewed; no_velocity_requested; not_certified_fresh
And XIV,12.895833333333332,29.696944444444444,0.73,TRGB,indicator_candidate,True,distance_and_position_viewed; no_velocity_requested; not_certified_fresh
And XIII,12.9625,33.004444444444445,0.84,RR,indicator_candidate,True,distance_and_position_viewed; no_velocity_requested; not_certified_fresh
SMC,13.158333333333333,-72.80027777777778,0.06,Cep,indicator_candidate,True,distance_and_position_viewed; no_velocity_requested; not_certified_fresh
And IX,13.22,43.2,0.79,TRGB,indicator_candidate,True,distance_and_position_viewed; no_velocity_requested; not_certified_fresh
NGC0300,13.722916666666666,-37.6825,2.15,Cep,indicator_candidate,True,distance_and_position_viewed; no_velocity_requested; not_certified_fresh
And XVI,14.874166666666667,32.376666666666665,0.52,TRGB,indicator_candidate,True,distance_and_position_viewed; no_velocity_requested; not_certified_fresh
Sculptor,15.039166666666667,-33.70916666666667,0.09,TRGB,indicator_candidate,True,distance_and_position_viewed; no_velocity_requested; not_certified_fresh
LGS 3,15.979166666666666,21.884999999999998,0.65,TRGB,indicator_candidate,True,distance_and_position_viewed; no_velocity_requested; not_certified_fresh
IC1613,16.199166666666667,2.1333333333333333,0.73,Cep,indicator_candidate,True,distance_and_position_viewed; no_velocity_requested; not_certified_fresh
And X,16.640416666666667,44.80444444444444,0.63,HB,indicator_candidate,True,distance_and_position_viewed; no_velocity_requested; not_certified_fresh
UGC00685,16.842916666666667,16.683888888888887,4.51,TRGB,indicator_candidate,True,distance_and_position_viewed; no_velocity_requested; not_certified_fresh
KKH5,16.885416666666668,51.44027777777777,4.27,TRGB,indicator_candidate,True,distance_and_position_viewed; no_velocity_requested; not_certified_fresh
AM0106-382,17.09166666666667,-38.20916666666667,8.2,TF,pending_calibration_or_membership,True,distance_and_position_viewed; no_velocity_requested; not_certified_fresh
NGC0404,17.362083333333334,35.7175,3.05,TRGB,indicator_candidate,True,distance_and_position_viewed; no_velocity_requested; not_certified_fresh
And V,17.571250000000003,47.628055555555555,0.81,TRGB,indicator_candidate,True,distance_and_position_viewed; no_velocity_requested; not_certified_fresh
And XV,18.577916666666667,38.1175,0.76,TRGB,indicator_candidate,True,distance_and_position_viewed; no_velocity_requested; not_certified_fresh
And II,19.124166666666667,33.41916666666666,0.65,TRGB,indicator_candidate,True,distance_and_position_viewed; no_velocity_requested; not_certified_fresh
And XXIV,19.625,46.36611111111111,0.6,HB,indicator_candidate,True,distance_and_position_viewed; no_velocity_requested; not_certified_fresh
And XXII,21.916666666666664,28.090277777777775,0.79,TRGB,indicator_candidate,True,distance_and_position_viewed; no_velocity_requested; not_certified_fresh
UGC01056,22.19666666666667,16.688055555555557,7.3,mem,pending_calibration_or_membership,True,distance_and_position_viewed; no_velocity_requested; not_certified_fresh
And XXIII,22.340833333333332,38.71888888888889,0.73,TRGB,indicator_candidate,True,distance_and_position_viewed; no_velocity_requested; not_certified_fresh
UGC01104,23.176249999999996,18.315833333333334,7.55,BS,pending_calibration_or_membership,True,distance_and_position_viewed; no_velocity_requested; not_certified_fresh
MESSIER033,23.46166666666667,30.660277777777775,0.85,Cep,indicator_candidate,True,distance_and_position_viewed; no_velocity_requested; not_certified_fresh
KKH6,23.715,52.09166666666667,3.73,TRGB,indicator_candidate,True,distance_and_position_viewed; no_velocity_requested; not_certified_fresh
NGC0625,23.770833333333336,-41.436388888888885,3.89,TRGB,indicator_candidate,True,distance_and_position_viewed; no_velocity_requested; not_certified_fresh
NGC0628,24.172083333333337,15.786666666666667,7.31,BS,pending_calibration_or_membership,True,distance_and_position_viewed; no_velocity_requested; not_certified_fresh
UGC01171,24.923333333333332,15.903055555555556,7.38,BS,pending_calibration_or_membership,True,distance_and_position_viewed; no_velocity_requested; not_certified_fresh
DDO013,25.039999999999996,15.904722222222222,9.04,BS,pending_calibration_or_membership,True,distance_and_position_viewed; no_velocity_requested; not_certified_fresh
AGC112521,25.282916666666665,27.323888888888888,6.52,h,excluded_redshift_distance,True,distance_and_position_viewed; no_velocity_requested; not_certified_fresh
KK13,25.569999999999997,26.36777777777778,7.2,mem,pending_calibration_or_membership,True,distance_and_position_viewed; no_velocity_requested; not_certified_fresh
KDG010,25.922500000000003,15.689722222222223,7.87,BS,pending_calibration_or_membership,True,distance_and_position_viewed; no_velocity_requested; not_certified_fresh
KK14,26.17791666666667,27.28777777777778,7.2,mem,pending_calibration_or_membership,True,distance_and_position_viewed; no_velocity_requested; not_certified_fresh
ESO245-005,26.264999999999997,-43.59805555555556,4.43,TRGB,indicator_candidate,True,distance_and_position_viewed; no_velocity_requested; not_certified_fresh
KK15,26.673333333333332,26.80138888888889,7.2,mem,pending_calibration_or_membership,True,distance_and_position_viewed; no_velocity_requested; not_certified_fresh
IC1727,26.875416666666663,27.33111111111111,7.2,BS,pending_calibration_or_membership,True,distance_and_position_viewed; no_velocity_requested; not_certified_fresh
NGC0672,26.971666666666664,27.433611111111112,7.2,BS,pending_calibration_or_membership,True,distance_and_position_viewed; no_velocity_requested; not_certified_fresh
UGC01281,27.38458333333333,32.5925,4.94,TRGB,indicator_candidate,True,distance_and_position_viewed; no_velocity_requested; not_certified_fresh
Phoenix,27.77625,-44.44472222222222,0.44,HB,indicator_candidate,True,distance_and_position_viewed; no_velocity_requested; not_certified_fresh
KK16,28.83583333333333,27.954166666666666,5.47,TRGB,indicator_candidate,True,distance_and_position_viewed; no_velocity_requested; not_certified_fresh
KK17,30.041249999999998,28.8325,4.9,TRGB,indicator_candidate,True,distance_and_position_viewed; no_velocity_requested; not_certified_fresh
NGC0784,30.319999999999997,28.84361111111111,4.97,TRGB,indicator_candidate,True,distance_and_position_viewed; no_velocity_requested; not_certified_fresh
UGC1561,31.02083333333334,24.20777777777778,7.2,TF,pending_calibration_or_membership,True,distance_and_position_viewed; no_velocity_requested; not_certified_fresh
Cas1,31.532916666666672,69.01,3.3,mem,pending_calibration_or_membership,True,distance_and_position_viewed; no_velocity_requested; not_certified_fresh
UGC01703,33.2325,32.814166666666665,4.19,SBF,indicator_candidate,True,distance_and_position_viewed; no_velocity_requested; not_certified_fresh
NGC0855,33.51541666666667,27.877222222222223,9.73,SBF,indicator_candidate,True,distance_and_position_viewed; no_velocity_requested; not_certified_fresh
Segue 2,34.81666666666666,20.17527777777778,0.03,TRGB,indicator_candidate,True,distance_and_position_viewed; no_velocity_requested; not_certified_fresh
NGC0891,35.63666666666667,42.34666666666667,9.77,SBF,indicator_candidate,True,distance_and_position_viewed; no_velocity_requested; not_certified_fresh
KKH11,36.145833333333336,56.01166666666666,3.0,mem,pending_calibration_or_membership,True,distance_and_position_viewed; no_velocity_requested; not_certified_fresh
[KK2000] 03,36.17791666666667,-73.51277777777777,4.1,mem,pending_calibration_or_membership,True,distance_and_position_viewed; no_velocity_requested; not_certified_fresh
DDO019,36.25083333333333,36.03777777777778,9.3,mem,pending_calibration_or_membership,True,distance_and_position_viewed; no_velocity_requested; not_certified_fresh
d0226+3325,36.720000000000006,33.426944444444445,9.3,mem,pending_calibration_or_membership,True,distance_and_position_viewed; no_velocity_requested; not_certified_fresh
NGC0925,36.81666666666666,33.57805555555556,9.29,Cep,indicator_candidate,True,distance_and_position_viewed; no_velocity_requested; not_certified_fresh
Halogas,36.833333333333336,33.958333333333336,9.3,mem,pending_calibration_or_membership,True,distance_and_position_viewed; no_velocity_requested; not_certified_fresh
KKH12,36.8625,57.48777777777778,3.0,mem,pending_calibration_or_membership,True,distance_and_position_viewed; no_velocity_requested; not_certified_fresh
DDO022,38.225,38.68055555555555,9.3,mem,pending_calibration_or_membership,True,distance_and_position_viewed; no_velocity_requested; not_certified_fresh
DDO025,38.32583333333333,33.49111111111111,9.3,mem,pending_calibration_or_membership,True,distance_and_position_viewed; no_velocity_requested; not_certified_fresh
DDO024,38.42916666666667,40.528055555555554,9.8,mem,pending_calibration_or_membership,True,distance_and_position_viewed; no_velocity_requested; not_certified_fresh
MB1,38.89833333333333,59.37972222222222,3.0,mem,pending_calibration_or_membership,True,distance_and_position_viewed; no_velocity_requested; not_certified_fresh
Maffei1,39.147916666666674,59.655,3.01,FP,pending_calibration_or_membership,True,distance_and_position_viewed; no_velocity_requested; not_certified_fresh
ESO115-021,39.4375,-61.34111111111111,4.99,TRGB,indicator_candidate,True,distance_and_position_viewed; no_velocity_requested; not_certified_fresh
Fornax,39.977916666666665,-34.52583333333333,0.14,TRGB,indicator_candidate,True,distance_and_position_viewed; no_velocity_requested; not_certified_fresh
Maffei2,40.47708333333334,59.60305555555556,2.8,TF,pending_calibration_or_membership,True,distance_and_position_viewed; no_velocity_requested; not_certified_fresh
UGC02172,40.545,43.35527777777778,9.3,TF,pending_calibration_or_membership,True,distance_and_position_viewed; no_velocity_requested; not_certified_fresh
AGC122226,41.662083333333335,27.726388888888888,8.56,TF,pending_calibration_or_membership,True,distance_and_position_viewed; no_velocity_requested; not_certified_fresh
Dw2,43.53541666666666,59.00527777777778,3.0,mem,pending_calibration_or_membership,True,distance_and_position_viewed; no_velocity_requested; not_certified_fresh
MB3,43.931666666666665,58.861666666666665,3.0,mem,pending_calibration_or_membership,True,distance_and_position_viewed; no_velocity_requested; not_certified_fresh
ESO154-023,44.21,-54.573055555555555,5.55,TRGB,indicator_candidate,True,distance_and_position_viewed; no_velocity_requested; not_certified_fresh
Dw1,44.23375,58.91166666666666,2.8,TF,pending_calibration_or_membership,True,distance_and_position_viewed; no_velocity_requested; not_certified_fresh
ESO199-007,44.51708333333333,-49.3825,6.56,h,excluded_redshift_distance,True,distance_and_position_viewed; no_velocity_requested; not_certified_fresh
NGC1156,44.92666666666666,25.2375,7.8,BS,pending_calibration_or_membership,True,distance_and_position_viewed; no_velocity_requested; not_certified_fresh
LV J0300+2546,45.16375,25.78222222222222,7.8,mem,pending_calibration_or_membership,True,distance_and_position_viewed; no_velocity_requested; not_certified_fresh
KKH18,45.77458333333333,33.69444444444444,4.43,TRGB,indicator_candidate,True,distance_and_position_viewed; no_velocity_requested; not_certified_fresh
ESO300-014,47.4075,-41.03055555555555,9.8,TF,pending_calibration_or_membership,True,distance_and_position_viewed; no_velocity_requested; not_certified_fresh
ESO300-016,47.543749999999996,-40.003055555555555,8.8,TF,pending_calibration_or_membership,True,distance_and_position_viewed; no_velocity_requested; not_certified_fresh
NGC1291,49.3275,-41.10805555555556,8.8,mem,pending_calibration_or_membership,True,distance_and_position_viewed; no_velocity_requested; not_certified_fresh
NGC1313,49.564166666666665,-66.4975,4.07,TRGB,indicator_candidate,True,distance_and_position_viewed; no_velocity_requested; not_certified_fresh
NGC1311,50.03083333333334,-52.184999999999995,5.2,TRGB,indicator_candidate,True,distance_and_position_viewed; no_velocity_requested; not_certified_fresh
UGC02684,50.09875,17.295,6.49,BS,pending_calibration_or_membership,True,distance_and_position_viewed; no_velocity_requested; not_certified_fresh
KK27,50.2625,-66.31972222222223,3.98,TRGB,indicator_candidate,True,distance_and_position_viewed; no_velocity_requested; not_certified_fresh
UGC02716,51.029999999999994,17.754166666666666,6.4,h,excluded_redshift_distance,True,distance_and_position_viewed; no_velocity_requested; not_certified_fresh
UGC02773,53.029583333333335,47.79361111111111,5.4,h,excluded_redshift_distance,True,distance_and_position_viewed; no_velocity_requested; not_certified_fresh
IC1959,53.299166666666665,-50.410555555555554,6.05,TRGB,indicator_candidate,True,distance_and_position_viewed; no_velocity_requested; not_certified_fresh
PGC013294,53.986666666666665,-45.19138888888889,7.98,h,excluded_redshift_distance,True,distance_and_position_viewed; no_velocity_requested; not_certified_fresh
NGC1400,54.87833333333333,-18.688055555555557,24.5,SBF,indicator_candidate,False,distance_and_position_viewed; no_velocity_requested; not_certified_fresh
KKH22,56.23583333333333,72.06444444444445,3.5,mem,pending_calibration_or_membership,True,distance_and_position_viewed; no_velocity_requested; not_certified_fresh
KK35,56.302499999999995,67.86388888888888,3.16,TRGB,indicator_candidate,True,distance_and_position_viewed; no_velocity_requested; not_certified_fresh
IC0342,56.70375,68.09583333333333,3.28,Cep,indicator_candidate,True,distance_and_position_viewed; no_velocity_requested; not_certified_fresh
UGC02905,59.252500000000005,16.524444444444445,5.83,BS,pending_calibration_or_membership,True,distance_and_position_viewed; no_velocity_requested; not_certified_fresh
UGCA086,59.95625,67.12527777777777,2.96,TRGB,indicator_candidate,True,distance_and_position_viewed; no_velocity_requested; not_certified_fresh
IC2038,62.225416666666675,-55.992222222222225,19.2,TF,pending_calibration_or_membership,False,distance_and_position_viewed; no_velocity_requested; not_certified_fresh
NGC1533,62.46583333333334,-56.11833333333333,19.4,SBF,indicator_candidate,False,distance_and_position_viewed; no_velocity_requested; not_certified_fresh
ESO483-013,63.17125,-23.15888888888889,7.4,TF,pending_calibration_or_membership,True,distance_and_position_viewed; no_velocity_requested; not_certified_fresh
CamA,66.315,72.80583333333333,3.93,TRGB,indicator_candidate,True,distance_and_position_viewed; no_velocity_requested; not_certified_fresh
NGC1592,67.42,-27.40861111111111,9.1,TF,pending_calibration_or_membership,True,distance_and_position_viewed; no_velocity_requested; not_certified_fresh
NGC1569,67.70458333333333,64.84805555555555,3.06,TRGB,indicator_candidate,True,distance_and_position_viewed; no_velocity_requested; not_certified_fresh
UGCA092,68.00125,63.61388888888889,3.01,TRGB,indicator_candidate,True,distance_and_position_viewed; no_velocity_requested; not_certified_fresh
NGC1560,68.20791666666666,71.88111111111111,3.45,TRGB,indicator_candidate,True,distance_and_position_viewed; no_velocity_requested; not_certified_fresh
NGC1637,70.3675,-2.8580555555555556,9.29,SN,indicator_candidate,True,distance_and_position_viewed; no_velocity_requested; not_certified_fresh
CamB,73.27874999999999,67.09916666666666,3.34,TRGB,indicator_candidate,True,distance_and_position_viewed; no_velocity_requested; not_certified_fresh
NGC1705,73.55708333333334,-53.36138888888889,5.11,TRGB,indicator_candidate,True,distance_and_position_viewed; no_velocity_requested; not_certified_fresh
HIPASS J0457-42,74.24458333333334,-42.803888888888885,7.2,TF,pending_calibration_or_membership,True,distance_and_position_viewed; no_velocity_requested; not_certified_fresh
NGC1744,74.9925,-26.026666666666667,10.0,TF,pending_calibration_or_membership,True,distance_and_position_viewed; no_velocity_requested; not_certified_fresh
ESO486-021,75.83208333333333,-25.423055555555557,10.0,mem,pending_calibration_or_membership,True,distance_and_position_viewed; no_velocity_requested; not_certified_fresh
NGC1800,76.60708333333334,-31.954166666666666,8.0,TF,pending_calibration_or_membership,True,distance_and_position_viewed; no_velocity_requested; not_certified_fresh
UGCA105,78.56291666666667,62.58083333333334,3.15,TRGB,indicator_candidate,True,distance_and_position_viewed; no_velocity_requested; not_certified_fresh
LMC,80.89416666666668,-69.75611111111111,0.05,Cep,indicator_candidate,True,distance_and_position_viewed; no_velocity_requested; not_certified_fresh
UGC03303,81.24791666666668,4.505,7.14,BS,pending_calibration_or_membership,True,distance_and_position_viewed; no_velocity_requested; not_certified_fresh
ESO553-046,81.77375,-20.678055555555556,5.07,h,excluded_redshift_distance,True,distance_and_position_viewed; no_velocity_requested; not_certified_fresh
KK49,85.42291666666667,6.681666666666667,5.15,h,excluded_redshift_distance,True,distance_and_position_viewed; no_velocity_requested; not_certified_fresh
Orion,86.25833333333334,5.068333333333333,6.46,BS,pending_calibration_or_membership,True,distance_and_position_viewed; no_velocity_requested; not_certified_fresh
A0554+07,89.40291666666667,7.491944444444444,5.5,BS,pending_calibration_or_membership,True,distance_and_position_viewed; no_velocity_requested; not_certified_fresh
KKH34,89.92166666666667,73.42750000000001,4.61,TRGB,indicator_candidate,True,distance_and_position_viewed; no_velocity_requested; not_certified_fresh
ESO364-029,91.43916666666667,-33.08166666666667,7.59,h,excluded_redshift_distance,True,distance_and_position_viewed; no_velocity_requested; not_certified_fresh
HIPASS J0607-34,91.83208333333333,-34.20444444444445,7.4,mem,pending_calibration_or_membership,True,distance_and_position_viewed; no_velocity_requested; not_certified_fresh
NGC2188,92.53958333333334,-34.10611111111111,7.4,TF,pending_calibration_or_membership,True,distance_and_position_viewed; no_velocity_requested; not_certified_fresh
ESO121-020,93.97708333333334,-57.72638888888889,6.05,TRGB,indicator_candidate,True,distance_and_position_viewed; no_velocity_requested; not_certified_fresh
LV J0616-5745,94.03833333333333,-57.765277777777776,6.0,mem,pending_calibration_or_membership,True,distance_and_position_viewed; no_velocity_requested; not_certified_fresh
UGCA127sat,95.22833333333334,-8.650277777777777,8.5,mem,pending_calibration_or_membership,True,distance_and_position_viewed; no_velocity_requested; not_certified_fresh
UGCA127,95.23208333333332,-8.495555555555555,8.5,TF,pending_calibration_or_membership,True,distance_and_position_viewed; no_velocity_requested; not_certified_fresh
WHI B0619-07,95.5575,-7.837777777777777,8.4,TF,pending_calibration_or_membership,True,distance_and_position_viewed; no_velocity_requested; not_certified_fresh
ESO489-056,96.57083333333334,-26.265555555555554,4.99,TRGB,indicator_candidate,True,distance_and_position_viewed; no_velocity_requested; not_certified_fresh
HIPASS J0630+08,97.53750000000001,8.376944444444446,3.55,h,excluded_redshift_distance,True,distance_and_position_viewed; no_velocity_requested; not_certified_fresh
UGC03475,97.62,39.50388888888889,20.0,TF,pending_calibration_or_membership,False,distance_and_position_viewed; no_velocity_requested; not_certified_fresh
UGC03476,97.62166666666667,33.301944444444445,7.01,BS,pending_calibration_or_membership,True,distance_and_position_viewed; no_velocity_requested; not_certified_fresh
ESO490-017,99.48583333333335,-25.999722222222225,4.23,TRGB,indicator_candidate,True,distance_and_position_viewed; no_velocity_requested; not_certified_fresh
CGMW1-260,99.50041666666665,-15.022777777777778,10.8,TF,pending_calibration_or_membership,True,distance_and_position_viewed; no_velocity_requested; not_certified_fresh
UGC03501,99.65999999999998,49.25833333333333,15.5,TF,pending_calibration_or_membership,False,distance_and_position_viewed; no_velocity_requested; not_certified_fresh
KK55,99.88708333333334,-40.72027777777778,7.65,h,excluded_redshift_distance,True,distance_and_position_viewed; no_velocity_requested; not_certified_fresh
Carina,100.40291666666667,-50.96611111111111,0.1,TRGB,indicator_candidate,True,distance_and_position_viewed; no_velocity_requested; not_certified_fresh
IC2171,101.11375000000001,-17.9325,9.9,TF,pending_calibration_or_membership,True,distance_and_position_viewed; no_velocity_requested; not_certified_fresh
NGC2283,101.46958333333333,-18.210277777777776,10.0,TF,pending_calibration_or_membership,True,distance_and_position_viewed; no_velocity_requested; not_certified_fresh
KKSG9,101.73708333333333,-17.941388888888888,10.0,mem,pending_calibration_or_membership,True,distance_and_position_viewed; no_velocity_requested; not_certified_fresh
KKH37,101.94083333333333,80.12388888888889,3.39,TRGB,indicator_candidate,True,distance_and_position_viewed; no_velocity_requested; not_certified_fresh
KKH38,101.97874999999999,47.513888888888886,19.3,TF,pending_calibration_or_membership,False,distance_and_position_viewed; no_velocity_requested; not_certified_fresh
UGC03600,103.91666666666667,39.095,7.24,BS,pending_calibration_or_membership,True,distance_and_position_viewed; no_velocity_requested; not_certified_fresh
HIZSS003,105.12208333333332,-4.208333333333334,1.67,TRGB,indicator_candidate,True,distance_and_position_viewed; no_velocity_requested; not_certified_fresh
FG202,106.32124999999999,-58.52055555555555,4.9,TRGB,indicator_candidate,True,distance_and_position_viewed; no_velocity_requested; not_certified_fresh
HIPASS J0705-20,106.4375,-20.991666666666667,7.23,h,excluded_redshift_distance,True,distance_and_position_viewed; no_velocity_requested; not_certified_fresh
ESO558-011,106.73666666666666,-22.040555555555557,8.4,TF,pending_calibration_or_membership,True,distance_and_position_viewed; no_velocity_requested; not_certified_fresh
UGC03698,107.32833333333333,44.38,7.24,BS,pending_calibration_or_membership,True,distance_and_position_viewed; no_velocity_requested; not_certified_fresh
NGC2337,107.55666666666667,44.456944444444446,7.87,BS,pending_calibration_or_membership,True,distance_and_position_viewed; no_velocity_requested; not_certified_fresh
UGC03755,108.46583333333334,10.521944444444445,7.41,TRGB,indicator_candidate,True,distance_and_position_viewed; no_velocity_requested; not_certified_fresh
UGC03817,110.68541666666665,45.108333333333334,8.55,BS,pending_calibration_or_membership,True,distance_and_position_viewed; no_velocity_requested; not_certified_fresh
HIZSS008,111.34166666666667,-24.475277777777777,7.43,h,excluded_redshift_distance,True,distance_and_position_viewed; no_velocity_requested; not_certified_fresh
DDO043,112.07166666666667,40.77027777777778,5.73,BS,pending_calibration_or_membership,True,distance_and_position_viewed; no_velocity_requested; not_certified_fresh
NGC2366,112.2275,69.20527777777778,3.19,TRGB,indicator_candidate,True,distance_and_position_viewed; no_velocity_requested; not_certified_fresh
HIZSS012,112.53458333333333,-22.016944444444444,7.2,h,excluded_redshift_distance,True,distance_and_position_viewed; no_velocity_requested; not_certified_fresh
ESO059-001,112.83041666666666,-68.18611111111112,4.57,TRGB,indicator_candidate,True,distance_and_position_viewed; no_velocity_requested; not_certified_fresh
DDO044,113.54708333333332,66.88611111111112,3.19,TRGB,indicator_candidate,True,distance_and_position_viewed; no_velocity_requested; not_certified_fresh
AGC174585,114.04291666666666,9.986388888888888,6.1,h',excluded_redshift_distance,True,distance_and_position_viewed; no_velocity_requested; not_certified_fresh
HIZSS014,114.09416666666667,-19.494444444444447,7.35,h,excluded_redshift_distance,True,distance_and_position_viewed; no_velocity_requested; not_certified_fresh
NGC2403,114.21416666666667,65.59944444444444,3.18,Cep,indicator_candidate,True,distance_and_position_viewed; no_velocity_requested; not_certified_fresh
LV J0737+4724,114.36875,47.409166666666664,15.7,TF,pending_calibration_or_membership,False,distance_and_position_viewed; no_velocity_requested; not_certified_fresh
DDO046,115.3575,40.112500000000004,6.85,BS,pending_calibration_or_membership,True,distance_and_position_viewed; no_velocity_requested; not_certified_fresh
DDO047,115.47916666666667,16.800555555555555,8.05,TRGB,indicator_candidate,True,distance_and_position_viewed; no_velocity_requested; not_certified_fresh
KK65,115.63,16.561111111111114,8.02,TRGB,indicator_candidate,True,distance_and_position_viewed; no_velocity_requested; not_certified_fresh
HIZSS021,116.56875000000001,-28.46972222222222,3.0,h,excluded_redshift_distance,True,distance_and_position_viewed; no_velocity_requested; not_certified_fresh
KKH40,116.735,51.29611111111111,6.98,h,excluded_redshift_distance,True,distance_and_position_viewed; no_velocity_requested; not_certified_fresh
CGCG 262-028,116.88375,51.19138888888889,7.1,h,excluded_redshift_distance,True,distance_and_position_viewed; no_velocity_requested; not_certified_fresh
AGC174605,117.59041666666666,7.794444444444444,6.0,h',excluded_redshift_distance,True,distance_and_position_viewed; no_velocity_requested; not_certified_fresh
UGC04115,119.2575,14.390833333333333,7.73,TRGB,indicator_candidate,True,distance_and_position_viewed; no_velocity_requested; not_certified_fresh
HIPASS J0801-21,120.35583333333334,-21.997500000000002,6.34,h,excluded_redshift_distance,True,distance_and_position_viewed; no_velocity_requested; not_certified_fresh
NGC2500,120.47166666666669,50.73722222222222,12.4,mem,pending_calibration_or_membership,False,distance_and_position_viewed; no_velocity_requested; not_certified_fresh
LV J0812+4836,123.16458333333331,48.612500000000004,12.42,mem,pending_calibration_or_membership,False,distance_and_position_viewed; no_velocity_requested; not_certified_fresh
NGC2537,123.31125000000002,45.99055555555556,12.2,mem,pending_calibration_or_membership,False,distance_and_position_viewed; no_velocity_requested; not_certified_fresh
IC2233,123.49541666666667,45.742222222222225,12.2,TF,pending_calibration_or_membership,False,distance_and_position_viewed; no_velocity_requested; not_certified_fresh
NGC2541,123.66708333333332,49.06166666666666,12.4,TF,pending_calibration_or_membership,False,distance_and_position_viewed; no_velocity_requested; not_certified_fresh
HolmII,124.76666666666667,70.71416666666667,3.39,TRGB,indicator_candidate,True,distance_and_position_viewed; no_velocity_requested; not_certified_fresh
NGC2552,124.83541666666666,50.00972222222222,12.4,mem,pending_calibration_or_membership,False,distance_and_position_viewed; no_velocity_requested; not_certified_fresh
ESO006-001,124.84708333333332,-85.14555555555556,6.7,h,excluded_redshift_distance,True,distance_and_position_viewed; no_velocity_requested; not_certified_fresh
ESO495-008,125.25291666666666,-23.781388888888888,17.3,TF,pending_calibration_or_membership,False,distance_and_position_viewed; no_velocity_requested; not_certified_fresh
KDG052,125.98333333333333,71.02944444444444,3.55,TRGB,indicator_candidate,True,distance_and_position_viewed; no_velocity_requested; not_certified_fresh
KUG 0821+321,126.27083333333331,32.0175,8.15,h,excluded_redshift_distance,True,distance_and_position_viewed; no_velocity_requested; not_certified_fresh
CGMW2-3473,126.30375,-28.140277777777776,7.4,TF,pending_calibration_or_membership,True,distance_and_position_viewed; no_velocity_requested; not_certified_fresh
DDO052,127.11875,41.85666666666667,10.28,TRGB,indicator_candidate,True,distance_and_position_viewed; no_velocity_requested; not_certified_fresh
DDO053,128.52708333333334,66.17916666666667,3.56,TRGB,indicator_candidate,True,distance_and_position_viewed; no_velocity_requested; not_certified_fresh
ESO495-021,129.0633333333333,-26.409444444444443,7.96,h,excluded_redshift_distance,True,distance_and_position_viewed; no_velocity_requested; not_certified_fresh
UGC04483,129.2625,69.77527777777777,3.21,TRGB,indicator_candidate,True,distance_and_position_viewed; no_velocity_requested; not_certified_fresh
ESO496-010,132.275,-26.32,7.8,TF,pending_calibration_or_membership,True,distance_and_position_viewed; no_velocity_requested; not_certified_fresh
AGC182595,132.80041666666668,27.88,6.1,h',excluded_redshift_distance,True,distance_and_position_viewed; no_velocity_requested; not_certified_fresh
UMa II,132.875,63.13,0.03,TRGB,indicator_candidate,True,distance_and_position_viewed; no_velocity_requested; not_certified_fresh
NGC2683,133.17041666666665,33.41722222222222,7.73,SBF,indicator_candidate,True,distance_and_position_viewed; no_velocity_requested; not_certified_fresh
KK69,133.21125,33.797777777777775,7.7,mem,pending_calibration_or_membership,True,distance_and_position_viewed; no_velocity_requested; not_certified_fresh
KK70,133.84166666666664,33.55916666666666,7.7,mem,pending_calibration_or_membership,True,distance_and_position_viewed; no_velocity_requested; not_certified_fresh
UGC04704,134.75124999999997,39.21,15.2,TF,pending_calibration_or_membership,False,distance_and_position_viewed; no_velocity_requested; not_certified_fresh
LSBC D564-08,135.725,20.075277777777778,8.67,TRGB,indicator_candidate,True,distance_and_position_viewed; no_velocity_requested; not_certified_fresh
ESO497-004,135.76291666666668,-23.808333333333334,19.0,TF,pending_calibration_or_membership,False,distance_and_position_viewed; no_velocity_requested; not_certified_fresh
HIPASS J0905-36,136.5,-36.059999999999995,7.93,h,excluded_redshift_distance,True,distance_and_position_viewed; no_velocity_requested; not_certified_fresh
UGC04787,136.89541666666665,33.276666666666664,20.3,TF,pending_calibration_or_membership,False,distance_and_position_viewed; no_velocity_requested; not_certified_fresh
KKH46,137.1525,5.292222222222222,5.6,h,excluded_redshift_distance,True,distance_and_position_viewed; no_velocity_requested; not_certified_fresh
LSBC D634-03,137.22291666666666,14.581944444444444,9.55,TRGB,indicator_candidate,True,distance_and_position_viewed; no_velocity_requested; not_certified_fresh
KK71,137.29541666666668,-23.36777777777778,9.8,mem,pending_calibration_or_membership,True,distance_and_position_viewed; no_velocity_requested; not_certified_fresh
DDO056,137.4441666666667,-23.009166666666665,9.8,mem,pending_calibration_or_membership,True,distance_and_position_viewed; no_velocity_requested; not_certified_fresh
KK72,137.92624999999998,-23.98222222222222,9.8,mem,pending_calibration_or_membership,True,distance_and_position_viewed; no_velocity_requested; not_certified_fresh
NGC2784 dw01,138.07708333333332,-24.211111111111112,9.8,mem,pending_calibration_or_membership,True,distance_and_position_viewed; no_velocity_requested; not_certified_fresh
NGC2784,138.08083333333335,-24.171666666666667,9.82,SBF,indicator_candidate,True,distance_and_position_viewed; no_velocity_requested; not_certified_fresh
KK73,138.1220833333333,-24.241111111111113,9.8,mem,pending_calibration_or_membership,True,distance_and_position_viewed; no_velocity_requested; not_certified_fresh
UGCA153,138.30041666666668,-19.40861111111111,21.9,TF,pending_calibration_or_membership,False,distance_and_position_viewed; no_velocity_requested; not_certified_fresh
LV J0913+1937,138.41250000000002,19.61888888888889,4.43,h,excluded_redshift_distance,True,distance_and_position_viewed; no_velocity_requested; not_certified_fresh
AGC198507,138.8575,25.419444444444444,21.7,TF,pending_calibration_or_membership,False,distance_and_position_viewed; no_velocity_requested; not_certified_fresh
UGC04879,139.00916666666666,52.84,1.36,TRGB,indicator_candidate,True,distance_and_position_viewed; no_velocity_requested; not_certified_fresh
HIPASS J0916-23b,139.2416666666667,-23.279722222222222,10.3,mem,pending_calibration_or_membership,True,distance_and_position_viewed; no_velocity_requested; not_certified_fresh
NGC2835,139.47041666666667,-22.35527777777778,10.3,TF,pending_calibration_or_membership,True,distance_and_position_viewed; no_velocity_requested; not_certified_fresh
NGC2787,139.8275,69.20333333333333,7.48,SBF,indicator_candidate,True,distance_and_position_viewed; no_velocity_requested; not_certified_fresh
LSBC D565-06,139.87249999999997,21.603333333333335,9.08,TRGB,indicator_candidate,True,distance_and_position_viewed; no_velocity_requested; not_certified_fresh
UGC04932,139.89208333333332,51.10916666666667,20.6,TF,pending_calibration_or_membership,False,distance_and_position_viewed; no_velocity_requested; not_certified_fresh
DDO062,140.36458333333334,-22.500555555555554,18.6,TF,pending_calibration_or_membership,False,distance_and_position_viewed; no_velocity_requested; not_certified_fresh
AGC198508,140.7375,24.946666666666665,10.4,TF,pending_calibration_or_membership,True,distance_and_position_viewed; no_velocity_requested; not_certified_fresh
ESO565-003,140.79125,-20.1675,7.52,h,excluded_redshift_distance,True,distance_and_position_viewed; no_velocity_requested; not_certified_fresh
MCG +09-16-010,140.82083333333333,51.973055555555554,7.35,h,excluded_redshift_distance,True,distance_and_position_viewed; no_velocity_requested; not_certified_fresh
UGC04998,141.30041666666665,68.38305555555554,8.24,TRGB,indicator_candidate,True,distance_and_position_viewed; no_velocity_requested; not_certified_fresh
LV J0926+3343,141.5391666666667,33.717777777777776,19.7,TF,pending_calibration_or_membership,False,distance_and_position_viewed; no_velocity_requested; not_certified_fresh
NGC2915,141.54791666666668,-76.62638888888888,3.78,TRGB,indicator_candidate,True,distance_and_position_viewed; no_velocity_requested; not_certified_fresh
[CKT2009]d0926+70,141.61625,70.50666666666666,3.93,TRGB,indicator_candidate,True,distance_and_position_viewed; no_velocity_requested; not_certified_fresh
UGC05047,142.20666666666665,51.56055555555555,19.68,TF,pending_calibration_or_membership,False,distance_and_position_viewed; no_velocity_requested; not_certified_fresh
KDG056,142.55375,19.991666666666667,8.9,mem,pending_calibration_or_membership,True,distance_and_position_viewed; no_velocity_requested; not_certified_fresh
NGC2903-HI-1,142.66625,21.723611111111108,8.9,mem,pending_calibration_or_membership,True,distance_and_position_viewed; no_velocity_requested; not_certified_fresh
NGC2903,143.04,21.500555555555554,8.87,BS,pending_calibration_or_membership,True,distance_and_position_viewed; no_velocity_requested; not_certified_fresh
ESO373-007,143.18916666666667,-33.245555555555555,8.3,TF,pending_calibration_or_membership,True,distance_and_position_viewed; no_velocity_requested; not_certified_fresh
UGC05086,143.20374999999999,21.465,8.9,mem,pending_calibration_or_membership,True,distance_and_position_viewed; no_velocity_requested; not_certified_fresh
[CKT2009]d0934+70,143.51541666666665,70.21583333333334,3.66,TRGB,indicator_candidate,True,distance_and_position_viewed; no_velocity_requested; not_certified_fresh
CGCG 035-007,143.68708333333333,6.4255555555555555,13.0,TF,pending_calibration_or_membership,False,distance_and_position_viewed; no_velocity_requested; not_certified_fresh
LeoT,143.7225,17.05138888888889,0.42,TRGB,indicator_candidate,True,distance_and_position_viewed; no_velocity_requested; not_certified_fresh
LV J0935-1348,143.84,-13.814444444444446,7.3,h,excluded_redshift_distance,True,distance_and_position_viewed; no_velocity_requested; not_certified_fresh
[CKT2009]d0939+71,144.81625,71.31166666666667,3.63,TRGB,indicator_candidate,True,distance_and_position_viewed; no_velocity_requested; not_certified_fresh
LV J0939-2507,144.89583333333334,-25.12638888888889,6.15,h,excluded_redshift_distance,True,distance_and_position_viewed; no_velocity_requested; not_certified_fresh
KISSB023,145.05291666666668,29.591388888888886,19.8,TF,pending_calibration_or_membership,False,distance_and_position_viewed; no_velocity_requested; not_certified_fresh
KUG 0937+480,145.08166666666665,47.77722222222222,7.88,h,excluded_redshift_distance,True,distance_and_position_viewed; no_velocity_requested; not_certified_fresh
KDG058,145.11249999999998,0.042499999999999996,10.0,txt,excluded_unmeasured_distance,True,distance_and_position_viewed; no_velocity_requested; not_certified_fresh
HolmI,145.13458333333332,71.1863888888889,3.84,TRGB,indicator_candidate,True,distance_and_position_viewed; no_velocity_requested; not_certified_fresh
UGC05186,145.74916666666664,33.26444444444444,8.3,TF,pending_calibration_or_membership,True,distance_and_position_viewed; no_velocity_requested; not_certified_fresh
LV J0944-2254,146.08375,-22.91611111111111,6.05,h,excluded_redshift_distance,True,distance_and_position_viewed; no_velocity_requested; not_certified_fresh
[CKT2009]d0944+69,146.09374999999997,69.21111111111111,3.98,TRGB,indicator_candidate,True,distance_and_position_viewed; no_velocity_requested; not_certified_fresh
[CKT2009]d0944+71,146.14333333333332,71.4825,3.39,TRGB,indicator_candidate,True,distance_and_position_viewed; no_velocity_requested; not_certified_fresh
IC0559,146.18291666666667,9.615277777777777,9.4,TF,pending_calibration_or_membership,True,distance_and_position_viewed; no_velocity_requested; not_certified_fresh
F8D1,146.20833333333331,67.47555555555556,3.77,TRGB,indicator_candidate,True,distance_and_position_viewed; no_velocity_requested; not_certified_fresh
UGC05209,146.26749999999998,32.23833333333334,6.56,h,excluded_redshift_distance,True,distance_and_position_viewed; no_velocity_requested; not_certified_fresh
FM1,146.29166666666669,68.765,3.4,TRGB,indicator_candidate,True,distance_and_position_viewed; no_velocity_requested; not_certified_fresh
RKK1610,146.35333333333335,-48.14138888888889,14.9,TF,pending_calibration_or_membership,False,distance_and_position_viewed; no_velocity_requested; not_certified_fresh
NGC2976,146.815,67.91361111111112,3.56,TRGB,indicator_candidate,True,distance_and_position_viewed; no_velocity_requested; not_certified_fresh
AGC191803,147.02458333333334,7.129166666666666,14.9,TF,pending_calibration_or_membership,False,distance_and_position_viewed; no_velocity_requested; not_certified_fresh
KK77,147.54166666666669,67.50666666666666,3.48,TRGB,indicator_candidate,True,distance_and_position_viewed; no_velocity_requested; not_certified_fresh
KK78,147.58166666666668,31.456666666666667,7.1,mem,pending_calibration_or_membership,True,distance_and_position_viewed; no_velocity_requested; not_certified_fresh
DDO064,147.59333333333333,31.4875,7.11,BS,pending_calibration_or_membership,True,distance_and_position_viewed; no_velocity_requested; not_certified_fresh
UGC05288,147.82166666666666,7.827222222222222,6.85,BS,pending_calibration_or_membership,True,distance_and_position_viewed; no_velocity_requested; not_certified_fresh
NGC3037,147.85,-27.011111111111113,8.1,h,excluded_redshift_distance,True,distance_and_position_viewed; no_velocity_requested; not_certified_fresh
BK3N,148.45208333333335,68.96916666666667,4.02,TRGB,indicator_candidate,True,distance_and_position_viewed; no_velocity_requested; not_certified_fresh
LV J0954+3620,148.71083333333334,36.33388888888889,15.4,TF,pending_calibration_or_membership,False,distance_and_position_viewed; no_velocity_requested; not_certified_fresh
KKSG15,148.79375,-6.27,9.7,mem,pending_calibration_or_membership,True,distance_and_position_viewed; no_velocity_requested; not_certified_fresh
[CKT2009]d0955+70,148.80666666666664,70.40805555555556,3.93,TRGB,indicator_candidate,True,distance_and_position_viewed; no_velocity_requested; not_certified_fresh
MESSIER081,148.88958333333332,69.06666666666666,3.63,Cep,indicator_candidate,True,distance_and_position_viewed; no_velocity_requested; not_certified_fresh
MESSIER082,148.97458333333333,69.6825,3.53,TRGB,indicator_candidate,True,distance_and_position_viewed; no_velocity_requested; not_certified_fresh
LV J0956-0929,149.15666666666667,-9.486388888888888,5.18,h,excluded_redshift_distance,True,distance_and_position_viewed; no_velocity_requested; not_certified_fresh
DDO068,149.19041666666666,28.825,9.8,TF,pending_calibration_or_membership,True,distance_and_position_viewed; no_velocity_requested; not_certified_fresh
KDG061,149.26125,68.59166666666667,3.6,TRGB,indicator_candidate,True,distance_and_position_viewed; no_velocity_requested; not_certified_fresh
ClumpI,149.3383333333333,68.71527777777779,3.6,mem,pending_calibration_or_membership,True,distance_and_position_viewed; no_velocity_requested; not_certified_fresh
A0952+69,149.37083333333334,69.27222222222223,3.87,TRGB,indicator_candidate,True,distance_and_position_viewed; no_velocity_requested; not_certified_fresh
HolmIX,149.385,69.04305555555555,3.61,TRGB,indicator_candidate,True,distance_and_position_viewed; no_velocity_requested; not_certified_fresh
[CKT2009]d0958+66,149.70208333333335,66.84972222222221,4.04,TRGB,indicator_candidate,True,distance_and_position_viewed; no_velocity_requested; not_certified_fresh
LeoA,149.85999999999999,30.74638888888889,0.81,TRGB,indicator_candidate,True,distance_and_position_viewed; no_velocity_requested; not_certified_fresh
[CKT2009]d0959+68,149.88791666666665,68.65694444444445,3.6,mem,pending_calibration_or_membership,True,distance_and_position_viewed; no_velocity_requested; not_certified_fresh
KKSG16,149.94791666666666,-9.343333333333334,9.7,mem,pending_calibration_or_membership,True,distance_and_position_viewed; no_velocity_requested; not_certified_fresh
SexB,150.00041666666667,5.332222222222222,1.36,TRGB,indicator_candidate,True,distance_and_position_viewed; no_velocity_requested; not_certified_fresh
KKH57,150.06666666666666,63.184999999999995,3.91,TRGB,indicator_candidate,True,distance_and_position_viewed; no_velocity_requested; not_certified_fresh
LV J1000+5022,150.10625000000002,50.37916666666667,7.97,h,excluded_redshift_distance,True,distance_and_position_viewed; no_velocity_requested; not_certified_fresh
LV J1000+3032,150.15208333333334,30.53611111111111,7.1,TF,pending_calibration_or_membership,True,distance_and_position_viewed; no_velocity_requested; not_certified_fresh
ClumpIII,150.16833333333335,68.66027777777778,3.6,mem,pending_calibration_or_membership,True,distance_and_position_viewed; no_velocity_requested; not_certified_fresh
MCG -01-26-009,150.39000000000001,-6.525,9.7,mem,pending_calibration_or_membership,True,distance_and_position_viewed; no_velocity_requested; not_certified_fresh
KKSG17,150.41000000000003,-8.248888888888889,9.7,mem,pending_calibration_or_membership,True,distance_and_position_viewed; no_velocity_requested; not_certified_fresh
UGCA193,150.6508333333333,-6.0119444444444445,9.7,mem,pending_calibration_or_membership,True,distance_and_position_viewed; no_velocity_requested; not_certified_fresh
NGC3109,150.78000000000003,-26.16,1.32,TRGB,indicator_candidate,True,distance_and_position_viewed; no_velocity_requested; not_certified_fresh
NGC3077,150.8375,68.73388888888888,3.82,TRGB,indicator_candidate,True,distance_and_position_viewed; no_velocity_requested; not_certified_fresh
GARLAND,150.925,68.69333333333334,3.82,TRGB,indicator_candidate,True,distance_and_position_viewed; no_velocity_requested; not_certified_fresh
ESO499-038,150.95916666666668,-26.61277777777778,15.3,TF,pending_calibration_or_membership,False,distance_and_position_viewed; no_velocity_requested; not_certified_fresh
NGC3104,150.98916666666668,40.75694444444444,16.0,TF,pending_calibration_or_membership,False,distance_and_position_viewed; no_velocity_requested; not_certified_fresh
Antlia,151.01666666666665,-27.331944444444446,1.32,TRGB,indicator_candidate,True,distance_and_position_viewed; no_velocity_requested; not_certified_fresh
BK5N,151.16791666666666,68.25555555555556,3.78,TRGB,indicator_candidate,True,distance_and_position_viewed; no_velocity_requested; not_certified_fresh
UGC05427,151.17083333333332,29.366388888888892,7.11,BS,pending_calibration_or_membership,True,distance_and_position_viewed; no_velocity_requested; not_certified_fresh
KDG063,151.28041666666667,66.55499999999999,3.5,TRGB,indicator_candidate,True,distance_and_position_viewed; no_velocity_requested; not_certified_fresh
NGC3115,151.30833333333334,-7.7186111111111115,9.68,SBF,indicator_candidate,True,distance_and_position_viewed; no_velocity_requested; not_certified_fresh
UGC05423,151.3775,70.36444444444444,8.71,TRGB,indicator_candidate,True,distance_and_position_viewed; no_velocity_requested; not_certified_fresh
KDG065,151.39333333333335,-7.7491666666666665,9.7,mem,pending_calibration_or_membership,True,distance_and_position_viewed; no_velocity_requested; not_certified_fresh
KKSG18,151.42333333333335,-7.981388888888889,9.7,mem,pending_calibration_or_membership,True,distance_and_position_viewed; no_velocity_requested; not_certified_fresh
[CKT2009]d1006+67,151.6925,67.20111111111112,3.87,TRGB,indicator_candidate,True,distance_and_position_viewed; no_velocity_requested; not_certified_fresh
KDG064,151.7579166666667,67.8275,3.7,TRGB,indicator_candidate,True,distance_and_position_viewed; no_velocity_requested; not_certified_fresh
Segue 1,151.76333333333335,16.07361111111111,0.02,CMD,indicator_candidate,True,distance_and_position_viewed; no_velocity_requested; not_certified_fresh
UGC05456,151.83208333333334,10.362222222222222,5.6,TRGB,indicator_candidate,True,distance_and_position_viewed; no_velocity_requested; not_certified_fresh
KKH58,151.84458333333333,38.969722222222224,18.4,TF,pending_calibration_or_membership,False,distance_and_position_viewed; no_velocity_requested; not_certified_fresh
IKN,152.02458333333334,68.39916666666667,3.75,TRGB,indicator_candidate,True,distance_and_position_viewed; no_velocity_requested; not_certified_fresh
LeoI,152.11208333333335,12.308055555555557,0.25,TRGB,indicator_candidate,True,distance_and_position_viewed; no_velocity_requested; not_certified_fresh
[CKT2009]d1009+70,152.39541666666665,70.54861111111111,9.0,TRGB,indicator_candidate,True,distance_and_position_viewed; no_velocity_requested; not_certified_fresh
SexA,152.75333333333333,-4.692777777777778,1.32,Cep,indicator_candidate,True,distance_and_position_viewed; no_velocity_requested; not_certified_fresh
UGC05497,153.20166666666665,64.10749999999999,3.7,TRGB,indicator_candidate,True,distance_and_position_viewed; no_velocity_requested; not_certified_fresh
SexDSph,153.2625,-1.6144444444444446,0.09,TRGB,indicator_candidate,True,distance_and_position_viewed; no_velocity_requested; not_certified_fresh
[CKT2009]d1014+68,153.7325,68.7575,4.57,TRGB,indicator_candidate,True,distance_and_position_viewed; no_velocity_requested; not_certified_fresh
[CKT2009]d1015+69,153.77875,69.0375,4.07,TRGB,indicator_candidate,True,distance_and_position_viewed; no_velocity_requested; not_certified_fresh
KUG 1013+414,154.065,41.16638888888889,11.12,mem,pending_calibration_or_membership,False,distance_and_position_viewed; no_velocity_requested; not_certified_fresh
NGC3184,154.57083333333335,41.42444444444444,11.12,SN,indicator_candidate,False,distance_and_position_viewed; no_velocity_requested; not_certified_fresh
LV J1018+4109,154.59250000000003,41.16583333333333,11.1,mem,pending_calibration_or_membership,False,distance_and_position_viewed; no_velocity_requested; not_certified_fresh
HIJASS J1021+6842,155.25083333333333,68.7,3.7,mem,pending_calibration_or_membership,True,distance_and_position_viewed; no_velocity_requested; not_certified_fresh
HS117,155.355,71.11611111111111,3.96,TRGB,indicator_candidate,True,distance_and_position_viewed; no_velocity_requested; not_certified_fresh
LV J1021+0054,155.41208333333333,0.9,6.78,h,excluded_redshift_distance,True,distance_and_position_viewed; no_velocity_requested; not_certified_fresh
LeoP,155.43791666666667,18.088055555555556,2.0,txt,excluded_unmeasured_distance,True,distance_and_position_viewed; no_velocity_requested; not_certified_fresh
AGC731448,155.93749999999997,27.110833333333336,13.5,TF,pending_calibration_or_membership,False,distance_and_position_viewed; no_velocity_requested; not_certified_fresh
KKSG19,156.11791666666667,-12.4325,5.11,h,excluded_redshift_distance,True,distance_and_position_viewed; no_velocity_requested; not_certified_fresh
NGC3239,156.27041666666665,17.16361111111111,7.9,TF,pending_calibration_or_membership,True,distance_and_position_viewed; no_velocity_requested; not_certified_fresh
DDO078,156.61625,67.65666666666667,3.72,TRGB,indicator_candidate,True,distance_and_position_viewed; no_velocity_requested; not_certified_fresh
UGC05672,157.08708333333334,22.57138888888889,11.4,TF,pending_calibration_or_membership,False,distance_and_position_viewed; no_velocity_requested; not_certified_fresh
IC2574,157.09333333333333,68.41611111111112,4.02,TRGB,indicator_candidate,True,distance_and_position_viewed; no_velocity_requested; not_certified_fresh
LV J1028+4240,157.13750000000002,42.66888888888889,7.55,h,excluded_redshift_distance,True,distance_and_position_viewed; no_velocity_requested; not_certified_fresh
[CKT2009]d1028+70,157.1654166666667,70.23361111111112,4.0,TRGB,indicator_candidate,True,distance_and_position_viewed; no_velocity_requested; not_certified_fresh
AGC749315,157.27666666666664,26.910555555555554,21.5,TF,pending_calibration_or_membership,False,distance_and_position_viewed; no_velocity_requested; not_certified_fresh
DDO082,157.64583333333334,70.61944444444444,4.0,TRGB,indicator_candidate,True,distance_and_position_viewed; no_velocity_requested; not_certified_fresh
LV J1030+0607,157.68458333333334,6.127222222222222,7.8,TF,pending_calibration_or_membership,True,distance_and_position_viewed; no_velocity_requested; not_certified_fresh
AGC205156,157.72041666666667,12.446666666666667,10.43,TF,pending_calibration_or_membership,True,distance_and_position_viewed; no_velocity_requested; not_certified_fresh
AGC731457,157.98250000000002,28.02583333333333,9.2,TF,pending_calibration_or_membership,True,distance_and_position_viewed; no_velocity_requested; not_certified_fresh
NGC3274,158.07125,27.66861111111111,7.98,BS,pending_calibration_or_membership,True,distance_and_position_viewed; no_velocity_requested; not_certified_fresh
BK6N,158.63291666666666,66.01166666666667,3.85,TRGB,indicator_candidate,True,distance_and_position_viewed; no_velocity_requested; not_certified_fresh
UMa I,158.72,51.919999999999995,0.1,TRGB,indicator_candidate,True,distance_and_position_viewed; no_velocity_requested; not_certified_fresh
AGC202248,158.73375000000001,11.492222222222221,10.4,mem,pending_calibration_or_membership,True,distance_and_position_viewed; no_velocity_requested; not_certified_fresh
ESO501-023,158.84666666666666,-24.754166666666666,7.0,TF,pending_calibration_or_membership,True,distance_and_position_viewed; no_velocity_requested; not_certified_fresh
LeG03,158.95333333333335,8.479722222222222,10.4,mem,pending_calibration_or_membership,True,distance_and_position_viewed; no_velocity_requested; not_certified_fresh
KUG 1033+366B,159.07333333333332,36.42527777777777,8.1,h,excluded_redshift_distance,True,distance_and_position_viewed; no_velocity_requested; not_certified_fresh
NGC3299,159.09916666666666,12.7075,10.4,mem,pending_calibration_or_membership,True,distance_and_position_viewed; no_velocity_requested; not_certified_fresh
DDO083,159.18041666666667,31.546666666666667,10.9,txt,excluded_unmeasured_distance,True,distance_and_position_viewed; no_velocity_requested; not_certified_fresh
AGC205165,159.27,15.3375,10.4,mem,pending_calibration_or_membership,True,distance_and_position_viewed; no_velocity_requested; not_certified_fresh
AGC200499,159.53333333333333,10.380833333333333,10.4,mem,pending_calibration_or_membership,True,distance_and_position_viewed; no_velocity_requested; not_certified_fresh
AGC208397,159.74208333333334,3.8741666666666665,26.2,TF,pending_calibration_or_membership,False,distance_and_position_viewed; no_velocity_requested; not_certified_fresh
UGC05797,159.855,1.7186111111111113,7.0,h,excluded_redshift_distance,True,distance_and_position_viewed; no_velocity_requested; not_certified_fresh
LeG04,159.9175,12.735,10.4,mem,pending_calibration_or_membership,True,distance_and_position_viewed; no_velocity_requested; not_certified_fresh
LeG05,159.93041666666667,12.634444444444444,10.4,mem,pending_calibration_or_membership,True,distance_and_position_viewed; no_velocity_requested; not_certified_fresh
LeG06,159.98208333333332,13.907777777777778,10.4,mem,pending_calibration_or_membership,True,distance_and_position_viewed; no_velocity_requested; not_certified_fresh
AGC208399,160.04458333333332,4.908888888888889,20.9,TF,pending_calibration_or_membership,False,distance_and_position_viewed; no_velocity_requested; not_certified_fresh
UGC05812,160.23583333333335,12.471944444444444,10.4,mem,pending_calibration_or_membership,True,distance_and_position_viewed; no_velocity_requested; not_certified_fresh
[CKT2009]d1041+70,160.32000000000002,70.15083333333334,3.91,TRGB,indicator_candidate,True,distance_and_position_viewed; no_velocity_requested; not_certified_fresh
FS04,160.50124999999997,12.335,10.4,mem,pending_calibration_or_membership,True,distance_and_position_viewed; no_velocity_requested; not_certified_fresh
LeG09,160.64416666666665,12.150555555555556,10.4,mem,pending_calibration_or_membership,True,distance_and_position_viewed; no_velocity_requested; not_certified_fresh
DDO084,160.67458333333332,34.44888888888889,8.11,h,excluded_redshift_distance,True,distance_and_position_viewed; no_velocity_requested; not_certified_fresh
AGC205268,160.7183333333333,13.74111111111111,10.4,mem,pending_calibration_or_membership,True,distance_and_position_viewed; no_velocity_requested; not_certified_fresh
ESO376-016,160.86291666666668,-37.0425,7.1,TF,pending_calibration_or_membership,True,distance_and_position_viewed; no_velocity_requested; not_certified_fresh
NGC3344,160.87583333333333,24.92361111111111,6.85,h,excluded_redshift_distance,True,distance_and_position_viewed; no_velocity_requested; not_certified_fresh
LeG10,160.98083333333335,12.135277777777777,10.4,mem,pending_calibration_or_membership,True,distance_and_position_viewed; no_velocity_requested; not_certified_fresh
NGC3351,160.99041666666668,11.70361111111111,10.05,Cep,indicator_candidate,True,distance_and_position_viewed; no_velocity_requested; not_certified_fresh
LeG11,161.00875,15.58888888888889,10.4,mem,pending_calibration_or_membership,True,distance_and_position_viewed; no_velocity_requested; not_certified_fresh
LeG12,161.0325,11.533055555555556,10.4,mem,pending_calibration_or_membership,True,distance_and_position_viewed; no_velocity_requested; not_certified_fresh
AGC205445,161.1470833333333,13.939722222222223,10.4,mem,pending_calibration_or_membership,True,distance_and_position_viewed; no_velocity_requested; not_certified_fresh
LeG13,161.23999999999998,11.916111111111112,10.4,mem,pending_calibration_or_membership,True,distance_and_position_viewed; no_velocity_requested; not_certified_fresh
LeG14,161.56,12.959999999999999,10.4,mem,pending_calibration_or_membership,True,distance_and_position_viewed; no_velocity_requested; not_certified_fresh
KK93,161.60333333333335,14.025,10.4,mem,pending_calibration_or_membership,True,distance_and_position_viewed; no_velocity_requested; not_certified_fresh
LeG16,161.625,11.755833333333333,10.4,mem,pending_calibration_or_membership,True,distance_and_position_viewed; no_velocity_requested; not_certified_fresh
LeG17,161.67291666666668,12.32638888888889,10.4,mem,pending_calibration_or_membership,True,distance_and_position_viewed; no_velocity_requested; not_certified_fresh
NGC3368,161.69083333333336,11.819722222222222,10.42,Cep,indicator_candidate,True,distance_and_position_viewed; no_velocity_requested; not_certified_fresh
LeG18,161.72208333333336,12.744444444444444,10.4,mem,pending_calibration_or_membership,True,distance_and_position_viewed; no_velocity_requested; not_certified_fresh
LeG19,161.72833333333335,12.788055555555555,10.4,mem,pending_calibration_or_membership,True,distance_and_position_viewed; no_velocity_requested; not_certified_fresh
KK94,161.73875000000004,12.998333333333333,10.4,mem,pending_calibration_or_membership,True,distance_and_position_viewed; no_velocity_requested; not_certified_fresh
LeG21,161.75333333333333,12.959722222222222,10.4,mem,pending_calibration_or_membership,True,distance_and_position_viewed; no_velocity_requested; not_certified_fresh
DDO088,161.84291666666667,14.070277777777777,7.73,TRGB,indicator_candidate,True,distance_and_position_viewed; no_velocity_requested; not_certified_fresh
ESO318-013,161.92458333333335,-38.85416666666667,6.5,TF,pending_calibration_or_membership,True,distance_and_position_viewed; no_velocity_requested; not_certified_fresh
NGC3377,161.92666666666668,13.985555555555555,10.91,SBF,indicator_candidate,True,distance_and_position_viewed; no_velocity_requested; not_certified_fresh
NGC3379,161.95666666666665,12.581666666666667,11.12,SBF,indicator_candidate,False,distance_and_position_viewed; no_velocity_requested; not_certified_fresh
NGC3384,162.0704166666667,12.629166666666666,11.38,SBF,indicator_candidate,False,distance_and_position_viewed; no_velocity_requested; not_certified_fresh
UGC05923,162.28166666666667,6.917222222222223,22.3,TF,pending_calibration_or_membership,False,distance_and_position_viewed; no_velocity_requested; not_certified_fresh
Willman1,162.3375,51.05,0.04,CMD,indicator_candidate,True,distance_and_position_viewed; no_velocity_requested; not_certified_fresh
DDO087,162.40208333333334,65.53055555555555,7.45,BS,pending_calibration_or_membership,True,distance_and_position_viewed; no_velocity_requested; not_certified_fresh
LeG22,162.40458333333333,11.351666666666667,10.4,mem,pending_calibration_or_membership,True,distance_and_position_viewed; no_velocity_requested; not_certified_fresh
LeG23,162.53791666666666,13.48361111111111,10.4,mem,pending_calibration_or_membership,True,distance_and_position_viewed; no_velocity_requested; not_certified_fresh
UGC05944,162.57958333333335,13.271944444444445,11.07,SBF,indicator_candidate,False,distance_and_position_viewed; no_velocity_requested; not_certified_fresh
KK96,162.61291666666668,12.360833333333334,10.4,mem,pending_calibration_or_membership,True,distance_and_position_viewed; no_velocity_requested; not_certified_fresh
NGC3412,162.72208333333336,13.412222222222223,10.4,mem,pending_calibration_or_membership,True,distance_and_position_viewed; no_velocity_requested; not_certified_fresh
NGC3413,162.83625,32.76638888888889,12.02,TF,pending_calibration_or_membership,False,distance_and_position_viewed; no_velocity_requested; not_certified_fresh
LeG26,162.83791666666667,12.849166666666667,10.4,mem,pending_calibration_or_membership,True,distance_and_position_viewed; no_velocity_requested; not_certified_fresh
AGC205540,162.88083333333333,14.114722222222222,10.4,mem,pending_calibration_or_membership,True,distance_and_position_viewed; no_velocity_requested; not_certified_fresh
KKH65,162.99624999999997,28.3625,10.0,txt,excluded_unmeasured_distance,True,distance_and_position_viewed; no_velocity_requested; not_certified_fresh
AGC205544,163.02,15.030555555555557,10.4,mem,pending_calibration_or_membership,True,distance_and_position_viewed; no_velocity_requested; not_certified_fresh
LV J1052+3628,163.02291666666667,36.47666666666667,9.2,mem,pending_calibration_or_membership,True,distance_and_position_viewed; no_velocity_requested; not_certified_fresh
UGC05983,163.07291666666669,36.593333333333334,9.2,mem,pending_calibration_or_membership,True,distance_and_position_viewed; no_velocity_requested; not_certified_fresh
AGC202456,163.08125,11.043333333333333,10.4,mem,pending_calibration_or_membership,True,distance_and_position_viewed; no_velocity_requested; not_certified_fresh
LeG27,163.08375,14.70722222222222,10.4,mem,pending_calibration_or_membership,True,distance_and_position_viewed; no_velocity_requested; not_certified_fresh
NGC3432,163.12958333333336,36.61888888888889,9.2,TF,pending_calibration_or_membership,True,distance_and_position_viewed; no_velocity_requested; not_certified_fresh
LV J1052+3639,163.17000000000002,36.665,9.2,mem,pending_calibration_or_membership,True,distance_and_position_viewed; no_velocity_requested; not_certified_fresh
KDG073,163.23791666666668,69.54583333333333,3.7,TRGB,indicator_candidate,True,distance_and_position_viewed; no_velocity_requested; not_certified_fresh
LeG28,163.25291666666666,10.379166666666666,10.4,mem,pending_calibration_or_membership,True,distance_and_position_viewed; no_velocity_requested; not_certified_fresh
UGC06014,163.42791666666665,9.728055555555555,10.4,mem,pending_calibration_or_membership,True,distance_and_position_viewed; no_velocity_requested; not_certified_fresh
LSBC D640-12,163.98791666666665,12.33888888888889,10.4,mem,pending_calibration_or_membership,True,distance_and_position_viewed; no_velocity_requested; not_certified_fresh
LSBC D640-13,164.05833333333334,12.010277777777778,10.4,mem,pending_calibration_or_membership,True,distance_and_position_viewed; no_velocity_requested; not_certified_fresh
HS1053+3624,164.16833333333335,36.14111111111111,9.2,mem,pending_calibration_or_membership,True,distance_and_position_viewed; no_velocity_requested; not_certified_fresh
ESO215-009,164.37583333333333,-48.178888888888885,5.25,TRGB,indicator_candidate,True,distance_and_position_viewed; no_velocity_requested; not_certified_fresh
VV747,164.44583333333333,36.26083333333333,9.2,mem,pending_calibration_or_membership,True,distance_and_position_viewed; no_velocity_requested; not_certified_fresh
CGCG 095-078,164.50916666666666,19.505277777777778,7.37,h,excluded_redshift_distance,True,distance_and_position_viewed; no_velocity_requested; not_certified_fresh
LSBC D640-14,164.54375,11.999166666666666,10.4,mem,pending_calibration_or_membership,True,distance_and_position_viewed; no_velocity_requested; not_certified_fresh
AGC205278,164.71708333333333,14.129444444444445,10.4,mem,pending_calibration_or_membership,True,distance_and_position_viewed; no_velocity_requested; not_certified_fresh
NGC3489,165.0775,13.901111111111112,12.08,SBF,indicator_candidate,False,distance_and_position_viewed; no_velocity_requested; not_certified_fresh
LeG33,165.18833333333333,14.172222222222222,10.4,mem,pending_calibration_or_membership,True,distance_and_position_viewed; no_velocity_requested; not_certified_fresh
LSBC D640-08,165.21708333333333,13.880833333333333,10.4,mem,pending_calibration_or_membership,True,distance_and_position_viewed; no_velocity_requested; not_certified_fresh
CGCG 066-109,166.11041666666665,11.755,10.4,mem,pending_calibration_or_membership,True,distance_and_position_viewed; no_velocity_requested; not_certified_fresh
KKSG20,166.16916666666665,0.058333333333333334,10.7,mem,pending_calibration_or_membership,True,distance_and_position_viewed; no_velocity_requested; not_certified_fresh
MRK0036,166.24374999999998,29.139444444444443,8.02,h,excluded_redshift_distance,True,distance_and_position_viewed; no_velocity_requested; not_certified_fresh
UGC06145,166.39583333333334,-1.863611111111111,10.7,mem,pending_calibration_or_membership,True,distance_and_position_viewed; no_velocity_requested; not_certified_fresh
NGC3521sat,166.41958333333335,0.12083333333333333,10.7,mem,pending_calibration_or_membership,True,distance_and_position_viewed; no_velocity_requested; not_certified_fresh
NGC3521,166.45250000000001,-0.035833333333333335,10.7,TF,pending_calibration_or_membership,True,distance_and_position_viewed; no_velocity_requested; not_certified_fresh
KKSG22,166.53208333333333,-1.448611111111111,10.7,mem,pending_calibration_or_membership,True,distance_and_position_viewed; no_velocity_requested; not_certified_fresh
NGC3556,167.87916666666666,55.67388888888889,9.9,TF,pending_calibration_or_membership,True,distance_and_position_viewed; no_velocity_requested; not_certified_fresh
DDO092,168.35875000000001,53.595,9.9,mem,pending_calibration_or_membership,True,distance_and_position_viewed; no_velocity_requested; not_certified_fresh
LeoII,168.37166666666667,22.154722222222222,0.21,TRGB,indicator_candidate,True,distance_and_position_viewed; no_velocity_requested; not_certified_fresh
NGC3593,168.6495833333333,12.81861111111111,10.8,TF,pending_calibration_or_membership,True,distance_and_position_viewed; no_velocity_requested; not_certified_fresh
AGC202256,168.68749999999997,12.647499999999999,11.0,TF,pending_calibration_or_membership,True,distance_and_position_viewed; no_velocity_requested; not_certified_fresh
IC2684,169.25416666666666,13.099722222222223,10.3,mem,pending_calibration_or_membership,True,distance_and_position_viewed; no_velocity_requested; not_certified_fresh
NGC3621,169.56708333333336,-32.81166666666666,6.7,Cep,indicator_candidate,True,distance_and_position_viewed; no_velocity_requested; not_certified_fresh
AGC215354,169.81625,14.290277777777778,10.42,mem,pending_calibration_or_membership,True,distance_and_position_viewed; no_velocity_requested; not_certified_fresh
NGC3627,170.0625,12.991388888888888,10.28,Cep,indicator_candidate,True,distance_and_position_viewed; no_velocity_requested; not_certified_fresh
AGC213436,170.6,12.979444444444445,10.3,mem,pending_calibration_or_membership,True,distance_and_position_viewed; no_velocity_requested; not_certified_fresh
KKH67,170.76458333333332,21.326944444444443,10.0,txt,excluded_unmeasured_distance,True,distance_and_position_viewed; no_velocity_requested; not_certified_fresh
IC2787,170.82958333333332,13.629722222222222,10.3,mem,pending_calibration_or_membership,True,distance_and_position_viewed; no_velocity_requested; not_certified_fresh
IC2791,170.90666666666664,12.895833333333332,10.3,mem,pending_calibration_or_membership,True,distance_and_position_viewed; no_velocity_requested; not_certified_fresh
UGC06456,172.0025,78.99138888888889,4.35,TRGB,indicator_candidate,True,distance_and_position_viewed; no_velocity_requested; not_certified_fresh
KDG078,172.475,52.403888888888886,9.0,txt,excluded_unmeasured_distance,True,distance_and_position_viewed; no_velocity_requested; not_certified_fresh
LeoV,172.79000000000002,2.22,0.18,CMD,indicator_candidate,True,distance_and_position_viewed; no_velocity_requested; not_certified_fresh
HIPASS J1131-31,172.89666666666668,-31.672222222222224,6.7,mem,pending_calibration_or_membership,True,distance_and_position_viewed; no_velocity_requested; not_certified_fresh
LeoIV,173.23749999999998,-0.5333333333333333,0.16,HB,indicator_candidate,True,distance_and_position_viewed; no_velocity_requested; not_certified_fresh
HIPASS J1133-32,173.29583333333335,-32.96194444444445,6.7,mem,pending_calibration_or_membership,True,distance_and_position_viewed; no_velocity_requested; not_certified_fresh
UGC06541,173.37125,49.238055555555555,3.89,TRGB,indicator_candidate,True,distance_and_position_viewed; no_velocity_requested; not_certified_fresh
NGC3738,173.95250000000001,54.522777777777776,4.9,TRGB,indicator_candidate,True,distance_and_position_viewed; no_velocity_requested; not_certified_fresh
NGC3741,174.02666666666664,45.28527777777778,3.03,TRGB,indicator_candidate,True,distance_and_position_viewed; no_velocity_requested; not_certified_fresh
ESO320-014,174.47250000000003,-39.220555555555556,6.08,TRGB,indicator_candidate,True,distance_and_position_viewed; no_velocity_requested; not_certified_fresh
UGC06757,176.74625,61.335,2.73,h,excluded_redshift_distance,True,distance_and_position_viewed; no_velocity_requested; not_certified_fresh
KK109,176.79666666666668,43.67194444444444,4.51,TRGB,indicator_candidate,True,distance_and_position_viewed; no_velocity_requested; not_certified_fresh
DDO097,177.23833333333334,23.837777777777777,13.74,BS,pending_calibration_or_membership,False,distance_and_position_viewed; no_velocity_requested; not_certified_fresh
KKH73,177.52666666666667,55.78333333333333,9.0,txt,excluded_unmeasured_distance,True,distance_and_position_viewed; no_velocity_requested; not_certified_fresh
DDO099,177.72083333333333,38.88055555555555,2.64,TRGB,indicator_candidate,True,distance_and_position_viewed; no_velocity_requested; not_certified_fresh
ESO379-007,178.67916666666667,-33.558055555555555,5.22,TRGB,indicator_candidate,True,distance_and_position_viewed; no_velocity_requested; not_certified_fresh
UGC06881,178.68625,20.055555555555557,16.4,TF,pending_calibration_or_membership,False,distance_and_position_viewed; no_velocity_requested; not_certified_fresh
MCG +05-28-046,178.84791666666666,28.34,7.45,h,excluded_redshift_distance,True,distance_and_position_viewed; no_velocity_requested; not_certified_fresh
KDG082,178.91416666666666,31.519444444444442,16.6,TF,pending_calibration_or_membership,False,distance_and_position_viewed; no_velocity_requested; not_certified_fresh
NGC3990,179.39833333333334,55.45861111111111,10.3,SBF,indicator_candidate,True,distance_and_position_viewed; no_velocity_requested; not_certified_fresh
LV J1157+5638,179.47583333333333,56.63805555555555,7.03,h,excluded_redshift_distance,True,distance_and_position_viewed; no_velocity_requested; not_certified_fresh
LV J1158+1535,179.66833333333335,15.592777777777778,6.27,h,excluded_redshift_distance,True,distance_and_position_viewed; no_velocity_requested; not_certified_fresh
BTS76,179.68375,27.584999999999997,5.57,h,excluded_redshift_distance,True,distance_and_position_viewed; no_velocity_requested; not_certified_fresh
ESO572-034,179.74208333333334,-19.029999999999998,8.5,TF,pending_calibration_or_membership,True,distance_and_position_viewed; no_velocity_requested; not_certified_fresh
KUG 1157+315,180.0675,31.224999999999998,23.2,TF,pending_calibration_or_membership,False,distance_and_position_viewed; no_velocity_requested; not_certified_fresh
LV J1203+4739,180.75,47.65416666666667,7.49,h,excluded_redshift_distance,True,distance_and_position_viewed; no_velocity_requested; not_certified_fresh
LV J1203+3257,180.79541666666668,32.95611111111111,7.55,h,excluded_redshift_distance,True,distance_and_position_viewed; no_velocity_requested; not_certified_fresh
NGC4068,181.01000000000002,52.58861111111111,4.31,TRGB,indicator_candidate,True,distance_and_position_viewed; no_velocity_requested; not_certified_fresh
NGC4080,181.2158333333333,26.9925,15.0,TF,pending_calibration_or_membership,False,distance_and_position_viewed; no_velocity_requested; not_certified_fresh
ESO379-024,181.23625,-35.74305555555556,4.88,h,excluded_redshift_distance,True,distance_and_position_viewed; no_velocity_requested; not_certified_fresh
IC2992,181.31625,30.855555555555558,12.7,TF,pending_calibration_or_membership,False,distance_and_position_viewed; no_velocity_requested; not_certified_fresh
KUG 1202+286,181.34708333333333,28.365555555555556,6.69,h,excluded_redshift_distance,True,distance_and_position_viewed; no_velocity_requested; not_certified_fresh
LV J1205+2813,181.39249999999998,28.23222222222222,6.74,h,excluded_redshift_distance,True,distance_and_position_viewed; no_velocity_requested; not_certified_fresh
MAPS1206+31,181.64375,31.342499999999998,7.43,h,excluded_redshift_distance,True,distance_and_position_viewed; no_velocity_requested; not_certified_fresh
LV J1207+3133,181.95833333333334,31.552222222222223,7.37,h,excluded_redshift_distance,True,distance_and_position_viewed; no_velocity_requested; not_certified_fresh
UGC07131,182.29916666666665,30.906666666666666,16.8,TF,pending_calibration_or_membership,False,distance_and_position_viewed; no_velocity_requested; not_certified_fresh
NGC4136,182.32375,29.927500000000002,7.9,h,excluded_redshift_distance,True,distance_and_position_viewed; no_velocity_requested; not_certified_fresh
MCG +06-27-017,182.485,36.43527777777778,4.83,TRGB,indicator_candidate,True,distance_and_position_viewed; no_velocity_requested; not_certified_fresh
NGC4144,182.49708333333334,46.45722222222223,7.24,TRGB,indicator_candidate,True,distance_and_position_viewed; no_velocity_requested; not_certified_fresh
IC3023,182.50708333333333,14.366944444444444,7.7,TF,pending_calibration_or_membership,True,distance_and_position_viewed; no_velocity_requested; not_certified_fresh
NGC4150,182.64000000000001,30.401666666666664,13.74,SBF,indicator_candidate,False,distance_and_position_viewed; no_velocity_requested; not_certified_fresh
NGC4163,183.03708333333333,36.169444444444444,2.94,TRGB,indicator_candidate,True,distance_and_position_viewed; no_velocity_requested; not_certified_fresh
KK127,183.34458333333333,29.921666666666667,17.3,TF,pending_calibration_or_membership,False,distance_and_position_viewed; no_velocity_requested; not_certified_fresh
NGC4190,183.43583333333333,36.63333333333333,2.82,TRGB,indicator_candidate,True,distance_and_position_viewed; no_velocity_requested; not_certified_fresh
LV J1213+2957,183.45166666666665,29.95888888888889,2.68,h,excluded_redshift_distance,True,distance_and_position_viewed; no_velocity_requested; not_certified_fresh
ESO321-014,183.45666666666665,-38.231388888888894,3.18,TRGB,indicator_candidate,True,distance_and_position_viewed; no_velocity_requested; not_certified_fresh
UGC07242,183.53083333333333,66.09222222222222,5.42,TRGB,indicator_candidate,True,distance_and_position_viewed; no_velocity_requested; not_certified_fresh
VCC0114,183.64666666666665,5.677222222222222,8.2,TF,pending_calibration_or_membership,True,distance_and_position_viewed; no_velocity_requested; not_certified_fresh
KDG090,183.74124999999998,36.21888888888889,2.86,TRGB,indicator_candidate,True,distance_and_position_viewed; no_velocity_requested; not_certified_fresh
UGC7257,183.7625,35.95861111111111,8.8,TF,pending_calibration_or_membership,True,distance_and_position_viewed; no_velocity_requested; not_certified_fresh
NGC4204,183.81,20.65861111111111,8.0,txt,excluded_unmeasured_distance,True,distance_and_position_viewed; no_velocity_requested; not_certified_fresh
UGC07267,183.84833333333333,51.35,12.9,TF,pending_calibration_or_membership,False,distance_and_position_viewed; no_velocity_requested; not_certified_fresh
UGC07271,183.88916666666665,43.43416666666666,18.6,TF,pending_calibration_or_membership,False,distance_and_position_viewed; no_velocity_requested; not_certified_fresh
NGC4214,183.91208333333333,36.3275,2.94,TRGB,indicator_candidate,True,distance_and_position_viewed; no_velocity_requested; not_certified_fresh
MCG +09-20-131,183.94458333333333,52.3875,4.59,TRGB,indicator_candidate,True,distance_and_position_viewed; no_velocity_requested; not_certified_fresh
VCC0169,183.98416666666668,9.649166666666666,9.4,TF,pending_calibration_or_membership,True,distance_and_position_viewed; no_velocity_requested; not_certified_fresh
IC3077,183.98458333333332,14.433055555555555,9.1,TF,pending_calibration_or_membership,True,distance_and_position_viewed; no_velocity_requested; not_certified_fresh
UGC07298,184.11916666666667,52.227222222222224,4.21,TRGB,indicator_candidate,True,distance_and_position_viewed; no_velocity_requested; not_certified_fresh
NGC4236,184.18041666666667,69.46555555555555,4.45,TRGB,indicator_candidate,True,distance_and_position_viewed; no_velocity_requested; not_certified_fresh
LV J1217+4703,184.29208333333332,47.06361111111111,7.8,mem,pending_calibration_or_membership,True,distance_and_position_viewed; no_velocity_requested; not_certified_fresh
UGC07320,184.36875,44.811388888888885,9.2,TF,pending_calibration_or_membership,True,distance_and_position_viewed; no_velocity_requested; not_certified_fresh
NGC4244,184.37458333333333,37.8075,4.49,TRGB,indicator_candidate,True,distance_and_position_viewed; no_velocity_requested; not_certified_fresh
NGC4242,184.37583333333333,45.61944444444445,7.9,TF,pending_calibration_or_membership,True,distance_and_position_viewed; no_velocity_requested; not_certified_fresh
LV J1217+3231,184.38333333333333,32.5325,5.93,h,excluded_redshift_distance,True,distance_and_position_viewed; no_velocity_requested; not_certified_fresh
UGC7321,184.39166666666665,22.540277777777778,17.2,TF,pending_calibration_or_membership,False,distance_and_position_viewed; no_velocity_requested; not_certified_fresh
KKH78,184.43541666666667,33.34527777777778,4.7,mem,pending_calibration_or_membership,True,distance_and_position_viewed; no_velocity_requested; not_certified_fresh
NGC4248,184.45791666666668,47.409166666666664,7.4,TF,pending_calibration_or_membership,True,distance_and_position_viewed; no_velocity_requested; not_certified_fresh
LV J1218+4655,184.54625,46.91694444444444,6.54,h,excluded_redshift_distance,True,distance_and_position_viewed; no_velocity_requested; not_certified_fresh
AGC229053,184.56458333333336,25.56833333333333,17.9,TF,pending_calibration_or_membership,False,distance_and_position_viewed; no_velocity_requested; not_certified_fresh
KDG098,184.6225,28.645833333333332,9.0,txt,excluded_unmeasured_distance,True,distance_and_position_viewed; no_velocity_requested; not_certified_fresh
IC3104,184.69208333333336,-79.72611111111111,2.27,TRGB,indicator_candidate,True,distance_and_position_viewed; no_velocity_requested; not_certified_fresh
NGC4258,184.73958333333334,47.303888888888885,7.83,Cep,indicator_candidate,True,distance_and_position_viewed; no_velocity_requested; not_certified_fresh
KK132,184.77708333333334,47.73083333333334,7.8,mem,pending_calibration_or_membership,True,distance_and_position_viewed; no_velocity_requested; not_certified_fresh
KDG101,184.78791666666666,47.08972222222222,7.24,TRGB,indicator_candidate,True,distance_and_position_viewed; no_velocity_requested; not_certified_fresh
KK133,184.88666666666666,43.38638888888889,8.23,h,excluded_redshift_distance,True,distance_and_position_viewed; no_velocity_requested; not_certified_fresh
KK134,184.89083333333332,47.45166666666667,7.8,mem,pending_calibration_or_membership,True,distance_and_position_viewed; no_velocity_requested; not_certified_fresh
d1219+4705,184.9033333333333,47.0925,7.8,mem,pending_calibration_or_membership,True,distance_and_position_viewed; no_velocity_requested; not_certified_fresh
IC 779,184.91125,29.883333333333333,16.67,SBF,indicator_candidate,False,distance_and_position_viewed; no_velocity_requested; not_certified_fresh
VCC0381,184.97541666666666,6.6658333333333335,4.71,h,excluded_redshift_distance,True,distance_and_position_viewed; no_velocity_requested; not_certified_fresh
[KKH2011]S11,185.12541666666667,47.49027777777778,7.8,mem,pending_calibration_or_membership,True,distance_and_position_viewed; no_velocity_requested; not_certified_fresh
NGC4288,185.15875,46.291666666666664,8.05,h,excluded_redshift_distance,True,distance_and_position_viewed; no_velocity_requested; not_certified_fresh
KK136,185.16916666666668,47.00083333333333,7.8,mem,pending_calibration_or_membership,True,distance_and_position_viewed; no_velocity_requested; not_certified_fresh
CVnHI,185.18083333333334,46.20916666666667,6.5,h,excluded_redshift_distance,True,distance_and_position_viewed; no_velocity_requested; not_certified_fresh
KUG 1218+387,185.22875000000002,38.430277777777775,8.03,h,excluded_redshift_distance,True,distance_and_position_viewed; no_velocity_requested; not_certified_fresh
d1220+4649,185.22916666666669,46.82916666666667,7.8,mem,pending_calibration_or_membership,True,distance_and_position_viewed; no_velocity_requested; not_certified_fresh
DDO120,185.3125,45.811388888888885,7.06,h,excluded_redshift_distance,True,distance_and_position_viewed; no_velocity_requested; not_certified_fresh
KDG104,185.36624999999998,15.024444444444445,9.4,TF,pending_calibration_or_membership,True,distance_and_position_viewed; no_velocity_requested; not_certified_fresh
KDG105,185.42916666666665,37.98722222222222,7.6,TF,pending_calibration_or_membership,True,distance_and_position_viewed; no_velocity_requested; not_certified_fresh
UGC7427,185.47916666666666,35.05138888888889,9.7,TF,pending_calibration_or_membership,True,distance_and_position_viewed; no_velocity_requested; not_certified_fresh
NGC4308,185.48708333333332,30.074166666666667,14.0,txt,excluded_unmeasured_distance,False,distance_and_position_viewed; no_velocity_requested; not_certified_fresh
KK138,185.4933333333333,28.24277777777778,6.3,mem,pending_calibration_or_membership,True,distance_and_position_viewed; no_velocity_requested; not_certified_fresh
GR34,185.53166666666667,15.799166666666666,8.9,TF,pending_calibration_or_membership,True,distance_and_position_viewed; no_velocity_requested; not_certified_fresh
VCC0565,185.6604166666667,6.014444444444444,9.6,TF,pending_calibration_or_membership,True,distance_and_position_viewed; no_velocity_requested; not_certified_fresh
KK141,185.71958333333333,33.828611111111115,7.78,h,excluded_redshift_distance,True,distance_and_position_viewed; no_velocity_requested; not_certified_fresh
IC3247,185.80833333333334,28.89388888888889,24.4,TF,pending_calibration_or_membership,False,distance_and_position_viewed; no_velocity_requested; not_certified_fresh
BTS132,185.9425,47.65888888888889,7.8,mem,pending_calibration_or_membership,True,distance_and_position_viewed; no_velocity_requested; not_certified_fresh
IC3308,186.32458333333332,26.71472222222222,12.8,TF,pending_calibration_or_membership,False,distance_and_position_viewed; no_velocity_requested; not_certified_fresh
KK144,186.36624999999998,28.482499999999998,6.15,h,excluded_redshift_distance,True,distance_and_position_viewed; no_velocity_requested; not_certified_fresh
UGC07512,186.42208333333332,2.158888888888889,10.6,TF,pending_calibration_or_membership,True,distance_and_position_viewed; no_velocity_requested; not_certified_fresh
AGC749236,186.42666666666668,26.810000000000002,19.5,TF,pending_calibration_or_membership,False,distance_and_position_viewed; no_velocity_requested; not_certified_fresh
VCC0841,186.44583333333333,14.951944444444443,7.9,TF,pending_calibration_or_membership,True,distance_and_position_viewed; no_velocity_requested; not_certified_fresh
NGC4395,186.45749999999998,33.54611111111111,4.61,TRGB,indicator_candidate,True,distance_and_position_viewed; no_velocity_requested; not_certified_fresh
DDO123,186.53375,58.322500000000005,10.5,TF,pending_calibration_or_membership,True,distance_and_position_viewed; no_velocity_requested; not_certified_fresh
UGCA281,186.5666666666667,48.49194444444444,5.68,TRGB,indicator_candidate,True,distance_and_position_viewed; no_velocity_requested; not_certified_fresh
IC3341,186.59750000000003,27.745555555555555,14.0,TF,pending_calibration_or_membership,False,distance_and_position_viewed; no_velocity_requested; not_certified_fresh
SBS 1224+533,186.7191666666667,53.10527777777778,5.35,h,excluded_redshift_distance,True,distance_and_position_viewed; no_velocity_requested; not_certified_fresh
ComaI,186.74583333333334,23.904166666666665,0.04,HB,indicator_candidate,True,distance_and_position_viewed; no_velocity_requested; not_certified_fresh
DDO126,186.77125,37.1425,4.88,TRGB,indicator_candidate,True,distance_and_position_viewed; no_velocity_requested; not_certified_fresh
DDO125,186.92416666666668,43.49388888888889,2.74,TRGB,indicator_candidate,True,distance_and_position_viewed; no_velocity_requested; not_certified_fresh
UGC07584,187.01208333333332,22.589444444444442,9.2,TF,pending_calibration_or_membership,True,distance_and_position_viewed; no_velocity_requested; not_certified_fresh
KKH80,187.0225,22.290833333333335,7.43,h,excluded_redshift_distance,True,distance_and_position_viewed; no_velocity_requested; not_certified_fresh
NGC4449,187.04666666666668,44.09444444444445,4.21,TRGB,indicator_candidate,True,distance_and_position_viewed; no_velocity_requested; not_certified_fresh
DDO127,187.11875,37.233333333333334,6.89,BS,pending_calibration_or_membership,True,distance_and_position_viewed; no_velocity_requested; not_certified_fresh
UGC07596,187.14125,8.639722222222222,4.6,TF,pending_calibration_or_membership,True,distance_and_position_viewed; no_velocity_requested; not_certified_fresh
UGC07605,187.16250000000002,35.71805555555556,4.43,TRGB,indicator_candidate,True,distance_and_position_viewed; no_velocity_requested; not_certified_fresh
NGC4455,187.18375,22.822499999999998,8.4,TF,pending_calibration_or_membership,True,distance_and_position_viewed; no_velocity_requested; not_certified_fresh
DDO129,187.18416666666667,43.22416666666667,8.9,TF,pending_calibration_or_membership,True,distance_and_position_viewed; no_velocity_requested; not_certified_fresh
LV J1228+4358,187.18708333333333,43.97166666666667,4.07,TRGB,indicator_candidate,True,distance_and_position_viewed; no_velocity_requested; not_certified_fresh
NGC4460,187.19083333333336,44.864444444444445,9.59,SBF,indicator_candidate,True,distance_and_position_viewed; no_velocity_requested; not_certified_fresh
KK149,187.21791666666667,42.17777777777778,8.9,TF,pending_calibration_or_membership,True,distance_and_position_viewed; no_velocity_requested; not_certified_fresh
UGC07639,187.4708333333333,47.53,7.14,SBF,indicator_candidate,True,distance_and_position_viewed; no_velocity_requested; not_certified_fresh
UGC07636,187.50416666666666,7.929444444444445,5.2,TF,pending_calibration_or_membership,True,distance_and_position_viewed; no_velocity_requested; not_certified_fresh
KK151,187.59916666666666,42.90138888888889,6.56,h,excluded_redshift_distance,True,distance_and_position_viewed; no_velocity_requested; not_certified_fresh
NGC4485,187.63,41.7,5.8,mem,pending_calibration_or_membership,True,distance_and_position_viewed; no_velocity_requested; not_certified_fresh
NGC4490,187.65166666666667,41.64361111111111,5.8,TF,pending_calibration_or_membership,True,distance_and_position_viewed; no_velocity_requested; not_certified_fresh
CGCG 014-054,187.76583333333335,1.6758333333333333,9.6,TF,pending_calibration_or_membership,True,distance_and_position_viewed; no_velocity_requested; not_certified_fresh
MAPS1231+42,187.7875,42.094166666666666,5.8,mem,pending_calibration_or_membership,True,distance_and_position_viewed; no_velocity_requested; not_certified_fresh
DDO131,187.99416666666667,29.709722222222222,8.1,mem,pending_calibration_or_membership,True,distance_and_position_viewed; no_velocity_requested; not_certified_fresh
UGC7678,188.00166666666667,39.831944444444446,6.9,TF,pending_calibration_or_membership,True,distance_and_position_viewed; no_velocity_requested; not_certified_fresh
UGC07690,188.11208333333335,42.70416666666667,11.2,TF,pending_calibration_or_membership,False,distance_and_position_viewed; no_velocity_requested; not_certified_fresh
NGC4517,188.18958333333333,0.115,9.7,TF,pending_calibration_or_membership,True,distance_and_position_viewed; no_velocity_requested; not_certified_fresh
UGC07699,188.2,37.62166666666667,14.5,TF,pending_calibration_or_membership,False,distance_and_position_viewed; no_velocity_requested; not_certified_fresh
DDO133,188.22083333333333,31.539166666666667,4.85,TRGB,indicator_candidate,True,distance_and_position_viewed; no_velocity_requested; not_certified_fresh
NGC4509,188.27833333333334,32.09166666666667,10.1,TF,pending_calibration_or_membership,True,distance_and_position_viewed; no_velocity_requested; not_certified_fresh
BTS142,188.28083333333333,38.11611111111111,10.0,txt,excluded_unmeasured_distance,True,distance_and_position_viewed; no_velocity_requested; not_certified_fresh
KDG155,188.28333333333336,-0.5330555555555556,8.11,h,excluded_redshift_distance,True,distance_and_position_viewed; no_velocity_requested; not_certified_fresh
KK152,188.35375000000002,33.35138888888889,6.9,TF,pending_calibration_or_membership,True,distance_and_position_viewed; no_velocity_requested; not_certified_fresh
UGC7719,188.5025,39.019444444444446,9.2,TF,pending_calibration_or_membership,True,distance_and_position_viewed; no_velocity_requested; not_certified_fresh
NGC4534,188.52291666666667,35.51833333333333,9.8,TF,pending_calibration_or_membership,True,distance_and_position_viewed; no_velocity_requested; not_certified_fresh
UGC7751,188.79916666666668,41.06083333333333,7.9,TF,pending_calibration_or_membership,True,distance_and_position_viewed; no_velocity_requested; not_certified_fresh
LV J1235-1104,188.91416666666666,-11.067222222222222,10.0,TF,pending_calibration_or_membership,True,distance_and_position_viewed; no_velocity_requested; not_certified_fresh
NGC4559,188.99041666666668,27.959722222222222,8.1,TF,pending_calibration_or_membership,True,distance_and_position_viewed; no_velocity_requested; not_certified_fresh
UGC07774,189.09375,40.00527777777778,22.6,TF,pending_calibration_or_membership,False,distance_and_position_viewed; no_velocity_requested; not_certified_fresh
VCC1675,189.14583333333334,8.054722222222223,7.5,TF,pending_calibration_or_membership,True,distance_and_position_viewed; no_velocity_requested; not_certified_fresh
IC3583,189.18124999999998,13.259444444444444,7.6,TF,pending_calibration_or_membership,True,distance_and_position_viewed; no_velocity_requested; not_certified_fresh
MAPS1236+33,189.20583333333332,33.61333333333334,11.7,TF,pending_calibration_or_membership,False,distance_and_position_viewed; no_velocity_requested; not_certified_fresh
IC3591,189.2625,6.926666666666667,9.8,TF,pending_calibration_or_membership,True,distance_and_position_viewed; no_velocity_requested; not_certified_fresh
KKSG29,189.30875,-10.497499999999999,7.7,TF,pending_calibration_or_membership,True,distance_and_position_viewed; no_velocity_requested; not_certified_fresh
Arp211,189.33875,38.74527777777778,6.61,TRGB,indicator_candidate,True,distance_and_position_viewed; no_velocity_requested; not_certified_fresh
VCC1713,189.37125,4.751388888888889,7.2,TF,pending_calibration_or_membership,True,distance_and_position_viewed; no_velocity_requested; not_certified_fresh
KKSG30,189.39958333333334,-8.867222222222223,9.1,TF,pending_calibration_or_membership,True,distance_and_position_viewed; no_velocity_requested; not_certified_fresh
VCC1725,189.42166666666668,8.559166666666668,8.5,TF,pending_calibration_or_membership,True,distance_and_position_viewed; no_velocity_requested; not_certified_fresh
KKSG31,189.64041666666668,-10.490277777777777,9.3,mem,pending_calibration_or_membership,True,distance_and_position_viewed; no_velocity_requested; not_certified_fresh
UGCA292,189.66666666666666,32.766666666666666,3.61,TRGB,indicator_candidate,True,distance_and_position_viewed; no_velocity_requested; not_certified_fresh
UGC07827,189.91208333333333,44.82083333333334,8.5,TF,pending_calibration_or_membership,True,distance_and_position_viewed; no_velocity_requested; not_certified_fresh
KKSG32,189.97916666666666,-11.746666666666666,9.3,mem,pending_calibration_or_membership,True,distance_and_position_viewed; no_velocity_requested; not_certified_fresh
KDG177,189.99375,13.78138888888889,8.2,TF,pending_calibration_or_membership,True,distance_and_position_viewed; no_velocity_requested; not_certified_fresh
NGC4594,189.99625,-11.623055555555556,9.3,SBF,indicator_candidate,True,distance_and_position_viewed; no_velocity_requested; not_certified_fresh
NGC4605,190.00124999999997,61.60805555555556,5.47,TRGB,indicator_candidate,True,distance_and_position_viewed; no_velocity_requested; not_certified_fresh
AGC749241,190.00708333333333,26.321944444444444,9.2,TF,pending_calibration_or_membership,True,distance_and_position_viewed; no_velocity_requested; not_certified_fresh
BTS146,190.00875,38.00055555555556,8.5,TF,pending_calibration_or_membership,True,distance_and_position_viewed; no_velocity_requested; not_certified_fresh
SUCD1,190.01291666666668,-11.667777777777777,9.3,mem,pending_calibration_or_membership,True,distance_and_position_viewed; no_velocity_requested; not_certified_fresh
KKSG33,190.03708333333333,-12.364722222222222,9.3,mem,pending_calibration_or_membership,True,distance_and_position_viewed; no_velocity_requested; not_certified_fresh
VCC1822,190.04333333333332,6.8469444444444445,8.1,TF,pending_calibration_or_membership,True,distance_and_position_viewed; no_velocity_requested; not_certified_fresh
NGC4597,190.05374999999998,-5.799166666666666,10.1,TF,pending_calibration_or_membership,True,distance_and_position_viewed; no_velocity_requested; not_certified_fresh
NGC4600,190.09583333333333,3.117777777777778,7.35,SBF,indicator_candidate,True,distance_and_position_viewed; no_velocity_requested; not_certified_fresh
KKSG34,190.32875,-11.9275,9.3,mem,pending_calibration_or_membership,True,distance_and_position_viewed; no_velocity_requested; not_certified_fresh
NGC4618,190.38666666666666,41.15083333333333,7.9,TF,pending_calibration_or_membership,True,distance_and_position_viewed; no_velocity_requested; not_certified_fresh
LV J1241+3251,190.44708333333335,32.85777777777778,7.3,mem,pending_calibration_or_membership,True,distance_and_position_viewed; no_velocity_requested; not_certified_fresh
NGC4625,190.46958333333333,41.27388888888889,7.9,mem,pending_calibration_or_membership,True,distance_and_position_viewed; no_velocity_requested; not_certified_fresh
NGC4627,190.49875,32.57361111111111,7.3,mem,pending_calibration_or_membership,True,distance_and_position_viewed; no_velocity_requested; not_certified_fresh
NGC4631,190.53333333333333,32.54138888888889,7.38,TRGB,indicator_candidate,True,distance_and_position_viewed; no_velocity_requested; not_certified_fresh
IC3687,190.56291666666664,38.50194444444445,4.57,TRGB,indicator_candidate,True,distance_and_position_viewed; no_velocity_requested; not_certified_fresh
BTS151,190.8525,32.48222222222223,7.3,mem,pending_calibration_or_membership,True,distance_and_position_viewed; no_velocity_requested; not_certified_fresh
LV J1243+3232,190.93583333333333,32.53444444444444,7.3,mem,pending_calibration_or_membership,True,distance_and_position_viewed; no_velocity_requested; not_certified_fresh
KDG192,190.9375,53.95888888888889,7.45,h,excluded_redshift_distance,True,distance_and_position_viewed; no_velocity_requested; not_certified_fresh
LV J1243+4127,190.98208333333332,41.456944444444446,6.09,h,excluded_redshift_distance,True,distance_and_position_viewed; no_velocity_requested; not_certified_fresh
KK160,190.98916666666668,43.66138888888889,4.31,TRGB,indicator_candidate,True,distance_and_position_viewed; no_velocity_requested; not_certified_fresh
NGC4656,190.99,32.17027777777778,5.4,TF,pending_calibration_or_membership,True,distance_and_position_viewed; no_velocity_requested; not_certified_fresh
[KK2000] 51,191.08958333333334,-42.939722222222215,3.6,mem,pending_calibration_or_membership,True,distance_and_position_viewed; no_velocity_requested; not_certified_fresh
DDO143,191.10458333333332,34.38638888888889,9.1,TF,pending_calibration_or_membership,True,distance_and_position_viewed; no_velocity_requested; not_certified_fresh
UGCA294,191.15874999999997,28.472499999999997,9.9,TF,pending_calibration_or_membership,True,distance_and_position_viewed; no_velocity_requested; not_certified_fresh
ESO381-018,191.17791666666665,-35.96666666666667,5.32,TRGB,indicator_candidate,True,distance_and_position_viewed; no_velocity_requested; not_certified_fresh
IC3718,191.19166666666666,12.351388888888888,6.8,TF,pending_calibration_or_membership,True,distance_and_position_viewed; no_velocity_requested; not_certified_fresh
ESO381-020,191.5016666666667,-33.838055555555556,5.45,TRGB,indicator_candidate,True,distance_and_position_viewed; no_velocity_requested; not_certified_fresh
VCC2033,191.51875,8.47638888888889,9.8,TF,pending_calibration_or_membership,True,distance_and_position_viewed; no_velocity_requested; not_certified_fresh
VCC2037,191.56375000000003,10.203333333333333,7.4,TF,pending_calibration_or_membership,True,distance_and_position_viewed; no_velocity_requested; not_certified_fresh
UGCA298,191.73083333333335,26.56416666666667,11.0,TF,pending_calibration_or_membership,True,distance_and_position_viewed; no_velocity_requested; not_certified_fresh
UGC07950,191.735,51.613055555555555,8.9,TF,pending_calibration_or_membership,True,distance_and_position_viewed; no_velocity_requested; not_certified_fresh
DDO147,191.74916666666667,36.47638888888889,5.4,TF,pending_calibration_or_membership,True,distance_and_position_viewed; no_velocity_requested; not_certified_fresh
FGC1497,191.7525,32.65138888888889,23.4,TF,pending_calibration_or_membership,False,distance_and_position_viewed; no_velocity_requested; not_certified_fresh
HIPASS J1247-77,191.88583333333332,-77.58361111111111,3.16,TRGB,indicator_candidate,True,distance_and_position_viewed; no_velocity_requested; not_certified_fresh
NGC4707,192.0954166666667,51.164722222222224,5.8,TF,pending_calibration_or_membership,True,distance_and_position_viewed; no_velocity_requested; not_certified_fresh
DDO148,192.17958333333337,-5.253888888888889,9.0,TF,pending_calibration_or_membership,True,distance_and_position_viewed; no_velocity_requested; not_certified_fresh
KK165,192.21958333333336,31.970277777777778,5.4,mem,pending_calibration_or_membership,True,distance_and_position_viewed; no_velocity_requested; not_certified_fresh
NGC4700,192.28166666666667,-11.411388888888888,7.3,TF,pending_calibration_or_membership,True,distance_and_position_viewed; no_velocity_requested; not_certified_fresh
KK166,192.30541666666667,35.612500000000004,4.74,TRGB,indicator_candidate,True,distance_and_position_viewed; no_velocity_requested; not_certified_fresh
MAPS1249+44,192.37916666666666,44.35916666666667,7.84,h,excluded_redshift_distance,True,distance_and_position_viewed; no_velocity_requested; not_certified_fresh
UGC07983,192.44583333333333,3.8422222222222224,9.4,TF,pending_calibration_or_membership,True,distance_and_position_viewed; no_velocity_requested; not_certified_fresh
UGC07990,192.61333333333334,28.352777777777778,20.4,TF,pending_calibration_or_membership,False,distance_and_position_viewed; no_velocity_requested; not_certified_fresh
NGC4736,192.72291666666666,41.11944444444445,4.66,TRGB,indicator_candidate,True,distance_and_position_viewed; no_velocity_requested; not_certified_fresh
BTS157,192.80541666666667,47.07083333333334,8.83,mem,pending_calibration_or_membership,True,distance_and_position_viewed; no_velocity_requested; not_certified_fresh
KK167,192.935,26.110555555555557,9.2,TF,pending_calibration_or_membership,True,distance_and_position_viewed; no_velocity_requested; not_certified_fresh
IC3840,192.94208333333333,21.735277777777778,5.5,TF,pending_calibration_or_membership,True,distance_and_position_viewed; no_velocity_requested; not_certified_fresh
NGC4765,193.30999999999997,4.463055555555556,9.7,TF,pending_calibration_or_membership,True,distance_and_position_viewed; no_velocity_requested; not_certified_fresh
KKSG38,193.38166666666666,-5.927777777777778,10.4,TF,pending_calibration_or_membership,True,distance_and_position_viewed; no_velocity_requested; not_certified_fresh
DDO153,193.48958333333334,-12.108611111111111,8.0,TF,pending_calibration_or_membership,True,distance_and_position_viewed; no_velocity_requested; not_certified_fresh
DDO154,193.52166666666668,27.148611111111112,4.04,TRGB,indicator_candidate,True,distance_and_position_viewed; no_velocity_requested; not_certified_fresh
UGC08030,193.6225,26.305,15.3,TF,pending_calibration_or_membership,False,distance_and_position_viewed; no_velocity_requested; not_certified_fresh
ESO443-009,193.72333333333333,-28.340833333333332,5.78,TRGB,indicator_candidate,True,distance_and_position_viewed; no_velocity_requested; not_certified_fresh
KDG215,193.91875,19.209166666666665,5.5,TF,pending_calibration_or_membership,True,distance_and_position_viewed; no_velocity_requested; not_certified_fresh
ESO219-010,194.04,-50.14388888888889,4.29,SBF,indicator_candidate,True,distance_and_position_viewed; no_velocity_requested; not_certified_fresh
KDG216,194.10416666666669,15.085833333333333,6.0,txt,excluded_unmeasured_distance,True,distance_and_position_viewed; no_velocity_requested; not_certified_fresh
UGC08061,194.18083333333334,11.931111111111111,6.49,h,excluded_redshift_distance,True,distance_and_position_viewed; no_velocity_requested; not_certified_fresh
NGC4826,194.18416666666667,21.684722222222224,4.37,TRGB,indicator_candidate,True,distance_and_position_viewed; no_velocity_requested; not_certified_fresh
CVnII,194.29166666666666,34.32083333333334,0.16,HB,indicator_candidate,True,distance_and_position_viewed; no_velocity_requested; not_certified_fresh
MCG-02-33-075,194.61791666666667,-10.576944444444445,8.7,TF,pending_calibration_or_membership,True,distance_and_position_viewed; no_velocity_requested; not_certified_fresh
GR8,194.66833333333335,14.2175,2.13,TRGB,indicator_candidate,True,distance_and_position_viewed; no_velocity_requested; not_certified_fresh
HIPASS J1258-04,194.70666666666665,-4.888611111111111,6.5,TF,pending_calibration_or_membership,True,distance_and_position_viewed; no_velocity_requested; not_certified_fresh
NGC4861,194.75833333333333,34.86027777777778,7.3,TF,pending_calibration_or_membership,True,distance_and_position_viewed; no_velocity_requested; not_certified_fresh
KK176,194.98458333333332,-19.413055555555555,6.9,TF,pending_calibration_or_membership,True,distance_and_position_viewed; no_velocity_requested; not_certified_fresh
UGCA319,195.56,-17.2375,7.3,mem,pending_calibration_or_membership,True,distance_and_position_viewed; no_velocity_requested; not_certified_fresh
KK177,195.67458333333335,21.997500000000002,4.4,mem,pending_calibration_or_membership,True,distance_and_position_viewed; no_velocity_requested; not_certified_fresh
DDO161,195.82000000000002,-17.423055555555557,7.3,TF,pending_calibration_or_membership,True,distance_and_position_viewed; no_velocity_requested; not_certified_fresh
ESO269-037,195.89000000000001,-46.58416666666667,3.48,TRGB,indicator_candidate,True,distance_and_position_viewed; no_velocity_requested; not_certified_fresh
KK180,196.12458333333333,17.75888888888889,4.4,mem,pending_calibration_or_membership,True,distance_and_position_viewed; no_velocity_requested; not_certified_fresh
KK182,196.26208333333332,-40.08277777777778,5.78,TRGB,indicator_candidate,True,distance_and_position_viewed; no_velocity_requested; not_certified_fresh
NGC4945,196.35875000000001,-49.471111111111114,3.8,TRGB,indicator_candidate,True,distance_and_position_viewed; no_velocity_requested; not_certified_fresh
KDG218,196.43333333333334,-7.7555555555555555,5.0,txt,excluded_unmeasured_distance,True,distance_and_position_viewed; no_velocity_requested; not_certified_fresh
IC4182,196.45541666666668,37.60583333333334,4.7,Cep,indicator_candidate,True,distance_and_position_viewed; no_velocity_requested; not_certified_fresh
DDO165,196.61166666666668,67.70416666666667,4.57,TRGB,indicator_candidate,True,distance_and_position_viewed; no_velocity_requested; not_certified_fresh
MCG -03-34-002,196.98583333333335,-16.689166666666665,7.9,TF,pending_calibration_or_membership,True,distance_and_position_viewed; no_velocity_requested; not_certified_fresh
UGC08215,197.015,46.82805555555556,4.55,TRGB,indicator_candidate,True,distance_and_position_viewed; no_velocity_requested; not_certified_fresh
UGC08245,197.14249999999998,78.93694444444445,1.99,h,excluded_redshift_distance,True,distance_and_position_viewed; no_velocity_requested; not_certified_fresh
MCG -04-31-038,197.4025,-27.140555555555554,7.8,TF,pending_calibration_or_membership,True,distance_and_position_viewed; no_velocity_requested; not_certified_fresh
ESO269-058,197.63708333333335,-46.990833333333335,3.8,TRGB,indicator_candidate,True,distance_and_position_viewed; no_velocity_requested; not_certified_fresh
[KK2000] 53,197.80916666666667,-38.90611111111111,3.6,mem,pending_calibration_or_membership,True,distance_and_position_viewed; no_velocity_requested; not_certified_fresh
NGC5023,198.04958333333335,44.03861111111111,6.61,TRGB,indicator_candidate,True,distance_and_position_viewed; no_velocity_requested; not_certified_fresh
KK189,198.18749999999997,-41.831944444444446,4.21,TRGB,indicator_candidate,True,distance_and_position_viewed; no_velocity_requested; not_certified_fresh
CGCG 217-018,198.2158333333333,40.543055555555554,8.33,mem,pending_calibration_or_membership,True,distance_and_position_viewed; no_velocity_requested; not_certified_fresh
KKH82,198.24458333333334,41.78666666666666,8.06,h,excluded_redshift_distance,True,distance_and_position_viewed; no_velocity_requested; not_certified_fresh
ESO269-066,198.28833333333336,-44.89,3.82,TRGB,indicator_candidate,True,distance_and_position_viewed; no_velocity_requested; not_certified_fresh
NGC5011C,198.29958333333335,-43.26555555555556,3.6,mem,pending_calibration_or_membership,True,distance_and_position_viewed; no_velocity_requested; not_certified_fresh
DDO167,198.345,46.319722222222225,4.19,TRGB,indicator_candidate,True,distance_and_position_viewed; no_velocity_requested; not_certified_fresh
KK191,198.4154166666667,42.04416666666666,6.0,txt,excluded_unmeasured_distance,True,distance_and_position_viewed; no_velocity_requested; not_certified_fresh
DDO168,198.61916666666664,45.919444444444444,4.33,TRGB,indicator_candidate,True,distance_and_position_viewed; no_velocity_requested; not_certified_fresh
DDO169NW,198.83375,47.54361111111111,4.2,mem,pending_calibration_or_membership,True,distance_and_position_viewed; no_velocity_requested; not_certified_fresh
DDO169,198.87791666666666,47.49638888888889,4.41,TRGB,indicator_candidate,True,distance_and_position_viewed; no_velocity_requested; not_certified_fresh
KK193,198.88,41.50138888888889,8.9,mem,pending_calibration_or_membership,True,distance_and_position_viewed; no_velocity_requested; not_certified_fresh
NGC5055,198.95541666666668,42.02916666666667,8.99,TRGB,indicator_candidate,True,distance_and_position_viewed; no_velocity_requested; not_certified_fresh
CGCG 189-050,199.27041666666665,37.9525,5.04,h,excluded_redshift_distance,True,distance_and_position_viewed; no_velocity_requested; not_certified_fresh
KK194,199.33125,44.39666666666667,10.0,txt,excluded_unmeasured_distance,True,distance_and_position_viewed; no_velocity_requested; not_certified_fresh
NGC5068,199.73041666666668,-21.039166666666667,5.45,PNLF,indicator_candidate,True,distance_and_position_viewed; no_velocity_requested; not_certified_fresh
AGC732602,200.26999999999998,24.143333333333334,7.2,TF,pending_calibration_or_membership,True,distance_and_position_viewed; no_velocity_requested; not_certified_fresh
KK195,200.28416666666666,-31.529722222222222,5.22,TRGB,indicator_candidate,True,distance_and_position_viewed; no_velocity_requested; not_certified_fresh
[KK2000] 54,200.385,-31.886388888888888,4.6,mem,pending_calibration_or_membership,True,distance_and_position_viewed; no_velocity_requested; not_certified_fresh
KK196,200.44625,-45.06333333333333,3.98,TRGB,indicator_candidate,True,distance_and_position_viewed; no_velocity_requested; not_certified_fresh
NGC5102,200.4908333333333,-36.62972222222222,3.4,TRGB,indicator_candidate,True,distance_and_position_viewed; no_velocity_requested; not_certified_fresh
KK197,200.50750000000002,-42.535555555555554,3.87,TRGB,indicator_candidate,True,distance_and_position_viewed; no_velocity_requested; not_certified_fresh
[KK2000] 55,200.55166666666668,-42.73083333333334,3.94,TRGB,indicator_candidate,True,distance_and_position_viewed; no_velocity_requested; not_certified_fresh
KK198,200.73375000000001,-33.57277777777778,4.6,mem,pending_calibration_or_membership,True,distance_and_position_viewed; no_velocity_requested; not_certified_fresh
AM1320-230,200.87458333333333,-23.393055555555556,4.6,mem,pending_calibration_or_membership,True,distance_and_position_viewed; no_velocity_requested; not_certified_fresh
KK200,201.15,-30.97222222222222,4.63,TRGB,indicator_candidate,True,distance_and_position_viewed; no_velocity_requested; not_certified_fresh
NGC5128,201.37041666666667,-43.016666666666666,3.75,TRGB,indicator_candidate,True,distance_and_position_viewed; no_velocity_requested; not_certified_fresh
IC4247,201.685,-30.3625,4.97,TRGB,indicator_candidate,True,distance_and_position_viewed; no_velocity_requested; not_certified_fresh
KK203,201.8670833333333,-45.3525,3.6,mem,pending_calibration_or_membership,True,distance_and_position_viewed; no_velocity_requested; not_certified_fresh
ESO324-024,201.9058333333333,-41.480555555555554,3.73,TRGB,indicator_candidate,True,distance_and_position_viewed; no_velocity_requested; not_certified_fresh
CVnI,202.01458333333332,33.55583333333333,0.22,TRGB,indicator_candidate,True,distance_and_position_viewed; no_velocity_requested; not_certified_fresh
LV J1328+4937,202.13,49.62722222222222,8.02,mem,pending_calibration_or_membership,True,distance_and_position_viewed; no_velocity_requested; not_certified_fresh
PGC170257,202.33749999999998,-21.179166666666667,6.5,mem,pending_calibration_or_membership,True,distance_and_position_viewed; no_velocity_requested; not_certified_fresh
NGC5204,202.40166666666667,58.41777777777777,4.66,TRGB,indicator_candidate,True,distance_and_position_viewed; no_velocity_requested; not_certified_fresh
NGC5194,202.46958333333333,47.23444444444444,8.4,SN,indicator_candidate,True,distance_and_position_viewed; no_velocity_requested; not_certified_fresh
NGC5195,202.49458333333334,47.268055555555556,7.66,SBF,indicator_candidate,True,distance_and_position_viewed; no_velocity_requested; not_certified_fresh
UGC08508,202.685,54.91,2.69,TRGB,indicator_candidate,True,distance_and_position_viewed; no_velocity_requested; not_certified_fresh
AGC238890,203.12625,25.12361111111111,6.8,TF,pending_calibration_or_membership,True,distance_and_position_viewed; no_velocity_requested; not_certified_fresh
UGCA361,203.1508333333333,49.83027777777778,8.0,mem,pending_calibration_or_membership,True,distance_and_position_viewed; no_velocity_requested; not_certified_fresh
NGC5206,203.43291666666667,-48.151111111111106,3.47,TRGB,indicator_candidate,True,distance_and_position_viewed; no_velocity_requested; not_certified_fresh
NGC5229,203.51208333333332,47.915277777777774,8.0,mem,pending_calibration_or_membership,True,distance_and_position_viewed; no_velocity_requested; not_certified_fresh
NGC5238,203.67791666666668,51.61388888888889,4.51,TRGB,indicator_candidate,True,distance_and_position_viewed; no_velocity_requested; not_certified_fresh
ESO270-017,203.69708333333332,-45.5475,3.6,mem,pending_calibration_or_membership,True,distance_and_position_viewed; no_velocity_requested; not_certified_fresh
UGCA365,204.12833333333333,-29.23638888888889,5.25,TRGB,indicator_candidate,True,distance_and_position_viewed; no_velocity_requested; not_certified_fresh
KK208,204.14791666666665,-29.570833333333333,4.68,TRGB,indicator_candidate,True,distance_and_position_viewed; no_velocity_requested; not_certified_fresh
MCG +08-25-028,204.18666666666667,44.59916666666667,7.74,h,excluded_redshift_distance,True,distance_and_position_viewed; no_velocity_requested; not_certified_fresh
NGC5236,204.25041666666667,-29.86777777777778,4.92,TRGB,indicator_candidate,True,distance_and_position_viewed; no_velocity_requested; not_certified_fresh
HIDEEP J1337-33,204.2525,-33.363055555555555,4.37,TRGB,indicator_candidate,True,distance_and_position_viewed; no_velocity_requested; not_certified_fresh
ESO444-084,204.33416666666668,-28.046111111111113,4.61,TRGB,indicator_candidate,True,distance_and_position_viewed; no_velocity_requested; not_certified_fresh
HIPASS J1337-39,204.35458333333335,-39.897777777777776,4.83,TRGB,indicator_candidate,True,distance_and_position_viewed; no_velocity_requested; not_certified_fresh
NGC5237,204.41208333333333,-42.847500000000004,3.4,TRGB,indicator_candidate,True,distance_and_position_viewed; no_velocity_requested; not_certified_fresh
UGC08638,204.83083333333335,24.77583333333333,4.27,TRGB,indicator_candidate,True,distance_and_position_viewed; no_velocity_requested; not_certified_fresh
DDO181,204.97416666666666,40.73916666666667,3.01,TRGB,indicator_candidate,True,distance_and_position_viewed; no_velocity_requested; not_certified_fresh
NGC5253,204.9825,-31.64,3.56,TRGB,indicator_candidate,True,distance_and_position_viewed; no_velocity_requested; not_certified_fresh
IC4316,205.07541666666665,-28.894444444444446,4.41,TRGB,indicator_candidate,True,distance_and_position_viewed; no_velocity_requested; not_certified_fresh
NGC5264,205.40416666666667,-29.913888888888888,4.53,TRGB,indicator_candidate,True,distance_and_position_viewed; no_velocity_requested; not_certified_fresh
[KK2000] 57,205.40875,-42.581944444444446,3.93,TRGB,indicator_candidate,True,distance_and_position_viewed; no_velocity_requested; not_certified_fresh
KK211,205.5233333333333,-45.205000000000005,3.58,TRGB,indicator_candidate,True,distance_and_position_viewed; no_velocity_requested; not_certified_fresh
LV J1342+4840,205.58375,48.6825,7.44,h,excluded_redshift_distance,True,distance_and_position_viewed; no_velocity_requested; not_certified_fresh
DDO182,205.63583333333332,39.65833333333333,8.9,TF,pending_calibration_or_membership,True,distance_and_position_viewed; no_velocity_requested; not_certified_fresh
KK213,205.89916666666667,-43.76916666666666,3.63,TRGB,indicator_candidate,True,distance_and_position_viewed; no_velocity_requested; not_certified_fresh
ESO325-011,206.25333333333333,-41.85888888888889,3.4,TRGB,indicator_candidate,True,distance_and_position_viewed; no_velocity_requested; not_certified_fresh
[KK2000] 58,206.50333333333333,-36.32888888888889,3.6,mem,pending_calibration_or_membership,True,distance_and_position_viewed; no_velocity_requested; not_certified_fresh
KK217,206.57166666666666,-45.68472222222222,3.84,TRGB,indicator_candidate,True,distance_and_position_viewed; no_velocity_requested; not_certified_fresh
KK218,206.66458333333333,-29.979166666666664,4.6,mem,pending_calibration_or_membership,True,distance_and_position_viewed; no_velocity_requested; not_certified_fresh
ESO174-001,206.99041666666665,-53.35111111111111,3.6,TF,pending_calibration_or_membership,True,distance_and_position_viewed; no_velocity_requested; not_certified_fresh
CenN,207.03833333333336,-47.565,3.66,TRGB,indicator_candidate,True,distance_and_position_viewed; no_velocity_requested; not_certified_fresh
HIPASS J1348-37,207.14125,-37.9675,5.75,TRGB,indicator_candidate,True,distance_and_position_viewed; no_velocity_requested; not_certified_fresh
KK221,207.19333333333333,-46.996944444444445,3.98,TRGB,indicator_candidate,True,distance_and_position_viewed; no_velocity_requested; not_certified_fresh
ESO383-087,207.32833333333335,-36.061388888888885,3.45,TRGB,indicator_candidate,True,distance_and_position_viewed; no_velocity_requested; not_certified_fresh
DDO183,207.71291666666667,38.02111111111111,3.22,TRGB,indicator_candidate,True,distance_and_position_viewed; no_velocity_requested; not_certified_fresh
HIPASS J1351-47,207.84166666666664,-47.0,5.73,TRGB,indicator_candidate,True,distance_and_position_viewed; no_velocity_requested; not_certified_fresh
KDG229,208.42333333333332,60.051111111111105,8.0,txt,excluded_unmeasured_distance,True,distance_and_position_viewed; no_velocity_requested; not_certified_fresh
KKH86,208.64000000000001,4.243055555555555,2.59,TRGB,indicator_candidate,True,distance_and_position_viewed; no_velocity_requested; not_certified_fresh
HolmIV,208.6879166666667,53.90472222222222,7.21,TRGB,indicator_candidate,True,distance_and_position_viewed; no_velocity_requested; not_certified_fresh
UGC08833,208.70291666666668,35.837500000000006,3.08,TRGB,indicator_candidate,True,distance_and_position_viewed; no_velocity_requested; not_certified_fresh
GBT 1355+5439,208.71083333333334,54.64722222222222,7.41,mem,pending_calibration_or_membership,True,distance_and_position_viewed; no_velocity_requested; not_certified_fresh
KK227,209.04208333333335,40.30333333333333,10.0,txt,excluded_unmeasured_distance,True,distance_and_position_viewed; no_velocity_requested; not_certified_fresh
ESO384-016,209.25666666666666,-35.33388888888889,4.53,TRGB,indicator_candidate,True,distance_and_position_viewed; no_velocity_requested; not_certified_fresh
BootesIII,209.28083333333333,26.775,0.05,HB,indicator_candidate,True,distance_and_position_viewed; no_velocity_requested; not_certified_fresh
UGC08882,209.31083333333333,54.100833333333334,8.32,SBF,indicator_candidate,True,distance_and_position_viewed; no_velocity_requested; not_certified_fresh
BootesII,209.5,12.833333333333334,0.04,CMD,indicator_candidate,True,distance_and_position_viewed; no_velocity_requested; not_certified_fresh
BootesI,210.0,14.5,0.07,HB,indicator_candidate,True,distance_and_position_viewed; no_velocity_requested; not_certified_fresh
NGC5398,210.34250000000003,-33.06444444444444,8.1,TF,pending_calibration_or_membership,True,distance_and_position_viewed; no_velocity_requested; not_certified_fresh
MESSIER101,210.80333333333334,54.35055555555556,7.38,Cep,indicator_candidate,True,distance_and_position_viewed; no_velocity_requested; not_certified_fresh
NGC5408,210.83958333333334,-41.37638888888889,4.81,TRGB,indicator_candidate,True,distance_and_position_viewed; no_velocity_requested; not_certified_fresh
NGC5474,211.25875000000002,53.66305555555555,7.2,BS,pending_calibration_or_membership,True,distance_and_position_viewed; no_velocity_requested; not_certified_fresh
NGC5477,211.38791666666668,54.46083333333333,7.7,BS,pending_calibration_or_membership,True,distance_and_position_viewed; no_velocity_requested; not_certified_fresh
KK230,211.79458333333335,35.06027777777778,2.14,TRGB,indicator_candidate,True,distance_and_position_viewed; no_velocity_requested; not_certified_fresh
CIRCINUS,213.28875000000002,-65.33916666666666,4.2,TF,pending_calibration_or_membership,True,distance_and_position_viewed; no_velocity_requested; not_certified_fresh
KKH87,213.78916666666666,57.087500000000006,7.2,TF,pending_calibration_or_membership,True,distance_and_position_viewed; no_velocity_requested; not_certified_fresh
DDO187,213.98541666666665,23.05527777777778,2.2,TRGB,indicator_candidate,True,distance_and_position_viewed; no_velocity_requested; not_certified_fresh
KKR08,214.81166666666667,3.1238888888888887,8.0,txt,excluded_unmeasured_distance,True,distance_and_position_viewed; no_velocity_requested; not_certified_fresh
NGC5585,214.95125,56.73027777777778,5.7,BS,pending_calibration_or_membership,True,distance_and_position_viewed; no_velocity_requested; not_certified_fresh
DDO190,216.18125,44.52583333333333,2.74,TRGB,indicator_candidate,True,distance_and_position_viewed; no_velocity_requested; not_certified_fresh
PGC051659,217.01541666666665,-46.30166666666666,3.58,TRGB,indicator_candidate,True,distance_and_position_viewed; no_velocity_requested; not_certified_fresh
Centaurus A-dE5,217.52083333333331,-33.47916666666667,9.0,txt,excluded_unmeasured_distance,True,distance_and_position_viewed; no_velocity_requested; not_certified_fresh
ESO222-010,218.7625,-49.42166666666667,5.8,TF,pending_calibration_or_membership,True,distance_and_position_viewed; no_velocity_requested; not_certified_fresh
DDO194,218.8525,57.25666666666667,8.02,BS,pending_calibration_or_membership,True,distance_and_position_viewed; no_velocity_requested; not_certified_fresh
MRK0475,219.7725,36.80611111111111,9.2,TF,pending_calibration_or_membership,True,distance_and_position_viewed; no_velocity_requested; not_certified_fresh
HIPASS J1441-62,220.42791666666668,-62.76722222222222,6.02,h,excluded_redshift_distance,True,distance_and_position_viewed; no_velocity_requested; not_certified_fresh
ESO272-025,220.85625000000002,-44.70527777777778,5.88,h,excluded_redshift_distance,True,distance_and_position_viewed; no_velocity_requested; not_certified_fresh
ESO273-014,224.62625,-47.698611111111106,9.9,TF,pending_calibration_or_membership,True,distance_and_position_viewed; no_velocity_requested; not_certified_fresh
ESO223-009,225.2854166666667,-48.2925,6.49,TRGB,indicator_candidate,True,distance_and_position_viewed; no_velocity_requested; not_certified_fresh
UGC09660,225.28875000000002,44.698055555555555,7.4,TF,pending_calibration_or_membership,True,distance_and_position_viewed; no_velocity_requested; not_certified_fresh
UMin,227.29708333333335,67.21444444444445,0.06,TRGB,indicator_candidate,True,distance_and_position_viewed; no_velocity_requested; not_certified_fresh
ESO274-001,228.55624999999998,-46.8125,3.09,TRGB,indicator_candidate,True,distance_and_position_viewed; no_velocity_requested; not_certified_fresh
HIPASS J1526-51,231.59541666666667,-51.17527777777777,5.68,h,excluded_redshift_distance,True,distance_and_position_viewed; no_velocity_requested; not_certified_fresh
UGC09992,235.44916666666668,67.25416666666666,7.3,TF,pending_calibration_or_membership,True,distance_and_position_viewed; no_velocity_requested; not_certified_fresh
KKR25,243.4483333333333,54.37111111111111,1.86,TRGB,indicator_candidate,True,distance_and_position_viewed; no_velocity_requested; not_certified_fresh
ESO137-018,245.24708333333334,-60.487500000000004,6.4,TRGB,indicator_candidate,True,distance_and_position_viewed; no_velocity_requested; not_certified_fresh
Hercules,247.7583333333333,12.791666666666666,0.15,HB,indicator_candidate,True,distance_and_position_viewed; no_velocity_requested; not_certified_fresh
KDG235,255.10541666666668,70.28999999999999,10.6,TF,pending_calibration_or_membership,True,distance_and_position_viewed; no_velocity_requested; not_certified_fresh
Draco,260.0058333333333,57.909444444444446,0.08,TRGB,indicator_candidate,True,distance_and_position_viewed; no_velocity_requested; not_certified_fresh
Milky Way,266.4166666666667,-29.00777777777778,0.01,geom,indicator_candidate,True,distance_and_position_viewed; no_velocity_requested; not_certified_fresh
IC4662,266.77625000000006,-64.64027777777778,2.44,TRGB,indicator_candidate,True,distance_and_position_viewed; no_velocity_requested; not_certified_fresh
NGC6503,267.36499999999995,70.14472222222223,5.27,TRGB,indicator_candidate,True,distance_and_position_viewed; no_velocity_requested; not_certified_fresh
IC4710,277.1583333333333,-66.98222222222222,7.94,h,excluded_redshift_distance,True,distance_and_position_viewed; no_velocity_requested; not_certified_fresh
NGC6684,282.24125000000004,-65.17333333333333,8.7,TF,pending_calibration_or_membership,True,distance_and_position_viewed; no_velocity_requested; not_certified_fresh
Sag dSph,283.7629166666667,-30.47833333333333,0.02,TRGB,indicator_candidate,True,distance_and_position_viewed; no_velocity_requested; not_certified_fresh
ESO104-022,283.9216666666667,-64.81083333333333,6.7,TF,pending_calibration_or_membership,True,distance_and_position_viewed; no_velocity_requested; not_certified_fresh
[KK2000] 70,286.74541666666664,-63.965833333333336,8.3,mem,pending_calibration_or_membership,True,distance_and_position_viewed; no_velocity_requested; not_certified_fresh
UGC11411,287.17625,70.28388888888888,4.73,h,excluded_redshift_distance,True,distance_and_position_viewed; no_velocity_requested; not_certified_fresh
[KK2000] 71,287.1833333333333,-63.731388888888894,8.3,mem,pending_calibration_or_membership,True,distance_and_position_viewed; no_velocity_requested; not_certified_fresh
NGC6744,287.44124999999997,-63.85777777777778,8.3,TF,pending_calibration_or_membership,True,distance_and_position_viewed; no_velocity_requested; not_certified_fresh
ESO104-044,287.84625,-64.21916666666667,8.3,mem,pending_calibration_or_membership,True,distance_and_position_viewed; no_velocity_requested; not_certified_fresh
[KK2000] 72,288.09541666666667,-63.85611111111111,8.3,mem,pending_calibration_or_membership,True,distance_and_position_viewed; no_velocity_requested; not_certified_fresh
NGC6789,289.1741666666667,63.97277777777778,3.63,TRGB,indicator_candidate,True,distance_and_position_viewed; no_velocity_requested; not_certified_fresh
Sag dIr,292.4958333333334,-17.678055555555556,1.04,TRGB,indicator_candidate,True,distance_and_position_viewed; no_velocity_requested; not_certified_fresh
IC4870,294.4066666666667,-65.81194444444444,7.3,TF,pending_calibration_or_membership,True,distance_and_position_viewed; no_velocity_requested; not_certified_fresh
NGC6822,296.2404166666667,-14.803055555555556,0.5,Cep,indicator_candidate,True,distance_and_position_viewed; no_velocity_requested; not_certified_fresh
LV J1952+1428,298.0491666666667,14.473333333333333,7.13,h,excluded_redshift_distance,True,distance_and_position_viewed; no_velocity_requested; not_certified_fresh
KK246,300.9891666666667,-31.68166666666667,7.83,TRGB,indicator_candidate,True,distance_and_position_viewed; no_velocity_requested; not_certified_fresh
IC4951,302.38249999999994,-61.85055555555556,9.8,TF,pending_calibration_or_membership,True,distance_and_position_viewed; no_velocity_requested; not_certified_fresh
UGC11583,307.56374999999997,60.44027777777777,5.89,BS,pending_calibration_or_membership,True,distance_and_position_viewed; no_velocity_requested; not_certified_fresh
KK251,307.6333333333333,60.353611111111114,5.89,BS,pending_calibration_or_membership,True,distance_and_position_viewed; no_velocity_requested; not_certified_fresh
KK252,307.8858333333333,60.81333333333333,5.89,BS,pending_calibration_or_membership,True,distance_and_position_viewed; no_velocity_requested; not_certified_fresh
NGC6946,308.7129166666667,60.15416666666667,5.89,BS,pending_calibration_or_membership,True,distance_and_position_viewed; no_velocity_requested; not_certified_fresh
KKR55,311.33666666666664,60.41111111111111,5.89,BS,pending_calibration_or_membership,True,distance_and_position_viewed; no_velocity_requested; not_certified_fresh
DDO210,311.7158333333333,-12.848055555555556,0.94,TRGB,indicator_candidate,True,distance_and_position_viewed; no_velocity_requested; not_certified_fresh
KKR56,312.10041666666666,58.61833333333333,5.89,BS,pending_calibration_or_membership,True,distance_and_position_viewed; no_velocity_requested; not_certified_fresh
Cepheus1,312.79041666666666,56.89,6.0,mem,pending_calibration_or_membership,True,distance_and_position_viewed; no_velocity_requested; not_certified_fresh
IC5052,313.02583333333337,-69.2038888888889,6.03,TRGB,indicator_candidate,True,distance_and_position_viewed; no_velocity_requested; not_certified_fresh
KKR59,315.85083333333336,57.28722222222222,5.89,BS,pending_calibration_or_membership,True,distance_and_position_viewed; no_velocity_requested; not_certified_fresh
KKR60,316.4708333333333,57.20527777777778,5.9,mem,pending_calibration_or_membership,True,distance_and_position_viewed; no_velocity_requested; not_certified_fresh
Segue 3,320.3791666666667,19.11722222222222,0.02,CMD,indicator_candidate,True,distance_and_position_viewed; no_velocity_requested; not_certified_fresh
NGC7090,324.1191666666667,-54.55722222222222,6.7,TF,pending_calibration_or_membership,True,distance_and_position_viewed; no_velocity_requested; not_certified_fresh
IC5152,330.6745833333334,-51.29527777777778,1.97,TRGB,indicator_candidate,True,distance_and_position_viewed; no_velocity_requested; not_certified_fresh
IC5201,335.2391666666666,-46.034166666666664,8.8,TF,pending_calibration_or_membership,True,distance_and_position_viewed; no_velocity_requested; not_certified_fresh
ESO238-005,335.62541666666664,-48.405,7.8,TF,pending_calibration_or_membership,True,distance_and_position_viewed; no_velocity_requested; not_certified_fresh
AM2220-460,335.9291666666667,-45.882222222222225,8.8,mem,pending_calibration_or_membership,True,distance_and_position_viewed; no_velocity_requested; not_certified_fresh
And XXVIII,338.1716666666667,31.21611111111111,0.65,TRGB,indicator_candidate,True,distance_and_position_viewed; no_velocity_requested; not_certified_fresh
KK258,340.18291666666664,-30.799722222222226,2.0,txt,excluded_unmeasured_distance,True,distance_and_position_viewed; no_velocity_requested; not_certified_fresh
Tucana,340.45416666666665,-64.42,0.88,TRGB,indicator_candidate,True,distance_and_position_viewed; no_velocity_requested; not_certified_fresh
PiscesII,344.62916666666666,5.952500000000001,0.18,HB,indicator_candidate,True,distance_and_position_viewed; no_velocity_requested; not_certified_fresh
NGC7462,345.6966666666667,-40.835,10.1,TF,pending_calibration_or_membership,True,distance_and_position_viewed; no_velocity_requested; not_certified_fresh
ApplesI,348.76374999999996,-42.53944444444444,8.32,TRGB,indicator_candidate,True,distance_and_position_viewed; no_velocity_requested; not_certified_fresh
NGC7640,350.52750000000003,40.845555555555556,7.9,TF,pending_calibration_or_membership,True,distance_and_position_viewed; no_velocity_requested; not_certified_fresh
UGC12588,351.1766666666666,41.34805555555556,7.9,mem,pending_calibration_or_membership,True,distance_and_position_viewed; no_velocity_requested; not_certified_fresh
UGCA438,351.6145833333333,-32.39055555555556,2.18,TRGB,indicator_candidate,True,distance_and_position_viewed; no_velocity_requested; not_certified_fresh
Cas dSph,351.6325,50.675555555555555,0.79,TRGB,indicator_candidate,True,distance_and_position_viewed; no_velocity_requested; not_certified_fresh
ESO347-017,351.73375,-37.346944444444446,7.6,TF,pending_calibration_or_membership,True,distance_and_position_viewed; no_velocity_requested; not_certified_fresh
Pegasus,352.1420833333333,14.746666666666666,0.76,TRGB,indicator_candidate,True,distance_and_position_viewed; no_velocity_requested; not_certified_fresh
DDO217,352.4945833333333,40.99027777777778,9.7,TF,pending_calibration_or_membership,True,distance_and_position_viewed; no_velocity_requested; not_certified_fresh
IC5332,353.6145833333333,-36.10166666666667,7.8,mem,pending_calibration_or_membership,True,distance_and_position_viewed; no_velocity_requested; not_certified_fresh
LV J2335-3713,353.7670833333333,-37.220555555555556,7.8,mem,pending_calibration_or_membership,True,distance_and_position_viewed; no_velocity_requested; not_certified_fresh
NGC7713,354.0625,-37.93888888888888,7.8,TF,pending_calibration_or_membership,True,distance_and_position_viewed; no_velocity_requested; not_certified_fresh
UGC12713,354.5604166666667,30.709166666666665,12.2,TF,pending_calibration_or_membership,False,distance_and_position_viewed; no_velocity_requested; not_certified_fresh
UGCA442,355.94166666666666,-31.959166666666665,4.27,TRGB,indicator_candidate,True,distance_and_position_viewed; no_velocity_requested; not_certified_fresh
KKH98,356.39166666666665,38.717777777777776,2.45,TRGB,indicator_candidate,True,distance_and_position_viewed; no_velocity_requested; not_certified_fresh
ESO348-009,357.34749999999997,-37.77361111111111,11.5,TF,pending_calibration_or_membership,False,distance_and_position_viewed; no_velocity_requested; not_certified_fresh
Peg dSph,357.9433333333333,24.58611111111111,0.82,RR,indicator_candidate,True,distance_and_position_viewed; no_velocity_requested; not_certified_fresh
ESO149-003,358.01166666666666,-52.5775,5.9,TF,pending_calibration_or_membership,True,distance_and_position_viewed; no_velocity_requested; not_certified_fresh
And XXI,358.69874999999996,42.47083333333334,0.86,TRGB,indicator_candidate,True,distance_and_position_viewed; no_velocity_requested; not_certified_fresh
NGC7793,359.4558333333333,-32.59,3.91,TRGB,indicator_candidate,True,distance_and_position_viewed; no_velocity_requested; not_certified_fresh
And XXIX,359.7316666666666,30.755555555555556,0.73,TRGB,indicator_candidate,True,distance_and_position_viewed; no_velocity_requested; not_certified_fresh
