k0,radius,q_for_unit_intensity,enclosed_fraction,potential_shape
0.01,0.0,0.06153030425239702,0.0,1.0
0.01,0.015625,0.0615265661850695,2.260878580776973e-08,1.0
0.01,0.03125,0.06151535745595005,1.3563623963783937e-07,0.999991755660598
0.01,0.046875,0.061496694458607414,4.294351889270174e-07,0.9999780170975004
0.01,0.0625,0.0614706044324931,9.942270204261606e-07,0.9999587873109052
0.01,0.078125,0.06143712533902884,1.920036559023765e-06,0.9999340704937834
0.01,0.09375,0.061396305689778524,3.2966276598718624e-06,0.9999038720246203
0.01,0.109375,0.0613482043283221,5.213439742178724e-06,0.9998681984581397
0.01,0.125,0.0612928901678658,7.759525485156917e-06,0.9998270575140624
0.01,0.140625,0.06123044188700706,1.1023489896994832e-05,0.9997804580639523
0.01,0.15625,0.06116094758641969,1.5093430956496686e-05,0.9997284101162114
0.01,0.171875,0.061084504409528305,2.0056882014373046e-05,0.9996709247992959
0.01,0.1875,0.06100121813049901,2.600075612724105e-05,0.9996080143432349
0.01,0.203125,0.06091120271308213,3.3011292482404e-05,0.9995396920595304
0.01,0.21875,0.060814579844001626,4.1174005055626554e-05,0.9994659723195374
0.01,0.234375,0.060711478444693226,5.057363362761188e-05,0.9993868705314138
0.01,0.25,0.06060203416525085,6.129409726792921e-05,0.9993024031157456
0.01,0.265625,0.06048638886444931,7.341845037794061e-05,0.9992125874799455
0.01,0.28125,0.06036469007967375,8.70288413670328e-05,0.9991174419915384
0.01,0.296875,0.06023709049050432,0.00010220647401936417,0.9990169859504362
0.01,0.3125,0.0601037473795839,0.00011903157159156404,0.998911239560313
0.01,0.328125,0.059964822094240436,0.00013758334366553542,0.9988002238991912
0.01,0.34375,0.05982047951214732,0.00015793995576485502,0.9986839608893447
0.01,0.359375,0.05967088751409269,0.00018017850172836818,0.9985624732666304
0.01,0.375,0.05951621646669337,0.00020437497882054277,0.9984357845493489
0.01,0.390625,0.059356638717638945,0.00023060426554507088,0.9983039190067425
0.01,0.40625,0.059192328105788776,0.00025894010211615314,0.998166901627227
0.01,0.421875,0.059023459488176604,0.00028945507353092423,0.9980247580864569
0.01,0.4375,0.058850208285705495,0.0003222205951766068,0.9978775147153129
0.01,0.453125,0.05867275004904603,0.00035730690089723425,0.9977251984679074
0.01,0.46875,0.058491260045986204,0.0003947830334371582,0.9975678368896812
0.01,0.484375,0.058305912871224094,0.00043471683717203995,0.9974054580856845
0.01,0.5,0.05811688207934929,0.0004771749530325903,0.9972380906891027
0.01,0.515625,0.057924339841525244,0.0005222228155219313,0.9970657638301084
0.01,0.53125,0.057728456626167865,0.0005699246517240583,0.996888507105094
0.01,0.546875,0.05752940090371268,0.0006203434821984291,0.9967063505463518
0.01,0.5625,0.05732733887537914,0.000673541123654136,0.9965193245922506
0.01,0.578125,0.05712243422567305,0.0007295781932963624,0.9963274600579588
0.01,0.59375,0.05691484789821912,0.0007885141147378237,0.9961307881067599
0.01,0.609375,0.05670473789438508,0.0008504071253685694,0.9959293402219962
0.01,0.625,0.05649225909404386,0.0009153142850788066,0.9957231481796768
0.01,0.640625,0.05627756309772521,0.0009832914862312407,0.9955122440217806
0.01,0.65625,0.05606079808932656,0.0010543934647817294,0.9952966600302756
0.01,0.671875,0.05584210871848838,0.0011286738124497626,0.9950764287018811
0.01,0.6875,0.05562163600168885,0.001206184989843334,0.9948515827235851
0.01,0.703125,0.05539951724107517,0.0012869783404461297,0.9946221549489317
0.01,0.71875,0.05517588596002378,0.0013711041053785305,0.9943881783750926
0.01,0.734375,0.05495087185440787,0.0014586114388476885,0.99414968612072
0.01,0.75,0.05472460075854684,0.0015495484242058343,0.9939067114045944
0.01,0.765625,0.0544971946248164,0.001643962090539961,0.9936592875250618
0.01,0.78125,0.05426877151591156,0.0017418984297200612,0.9934074478402604
0.01,0.796875,0.05403944560877309,0.0018434024138371515,0.9931512257491312
0.01,0.8125,0.05380932720921334,0.0019485180129663613,0.9928906546732094
0.01,0.828125,0.0535785227763069,0.0020572882131943532,0.9926257680391837
0.01,0.84375,0.05334713495564505,0.002169755034854288,0.9923565992622155
0.01,0.859375,0.053115262620589576,0.002285959550915378,0.9920831817300088
0.01,0.875,0.05288300092070039,0.002405941905477844,0.9918055487876115
0.01,0.890625,0.0526504413365524,0.0025297413323276947,0.9915237337229396
0.01,0.90625,0.05241767174019822,0.0026573961735092684,0.9912377697530065
0.01,0.921875,0.05218477646057675,0.0027889438978768474,0.990947690010841
0.01,0.9375,0.05195183635320888,0.0029244211195898645,0.990653527533076
0.01,0.953125,0.05171892887356527,0.0030638636165193165,0.9903553152481951
0.01,0.96875,0.051486128153531825,0.0032073063485359155,0.9900530859654102
0.01,0.984375,0.05125350508043986,0.003354783475653297,0.9897468723641621
0.01,1.0,0.051021127378167795,0.003506328376002227,0.9894367069842157
0.01,1.015625,0.05078905968985945,0.003661973663614212,0.9891226222163375
0.01,1.03125,0.050557363661841166,0.0038217512059952764,0.9888046502935322
0.01,1.046875,0.05032609802835573,0.00398569214147282,0.9884828232828227
0.01,1.0625,0.05009531869676449,0.00415382689630054,0.9881571730775508
0.01,1.078125,0.04986507883290166,0.004326185201508286,0.9878277313901824
0.01,1.09375,0.04963542894629497,0.004502796109485516,0.9874945297455978
0.01,1.109375,0.04940641697499576,0.004683688010288636,0.9871575994748465
0.01,1.125,0.04917808836978821,0.004868888647664072,0.9868169717093529
0.01,1.140625,0.048950486177573166,0.005058425134780284,0.9864726773755483
0.01,1.15625,0.04872365112374518,0.0052523239696632956,0.9861247471899179
0.01,1.171875,0.04849762169340341,0.005450611050331427,0.9857732116544412
0.01,1.1875,0.04827243421125761,0.005653311689626093,0.9854181010524118
0.01,1.203125,0.048048122920108974,0.005860450629736483,0.9850594454446162
0.01,1.21875,0.047824720057803,0.006072052056416852,0.984697274665861
0.01,1.234375,0.047602255932567755,0.006288139612896011,0.9843316183218276
0.01,1.25,0.04738075899666537,0.006508736413479341,0.9839625057862424
0.01,1.265625,0.0471602559182977,0.006733865056844318,0.983589966198346
0.01,1.28125,0.04694077165171997,0.0069635476390311835,0.9832140284606501
0.01,1.296875,0.04672232950552668,0.007197805766130926,0.9828347212369622
0.01,1.3125,0.046504951209084204,0.007436660566673207,0.982452072950672
0.01,1.328125,0.0462886569770939,0.007680132703717362,0.982066111783282
0.01,1.34375,0.04607346557227721,0.007928242386649909,0.9816768656731697
0.01,1.359375,0.04585939436618182,0.008181009382692409,0.9812843623145734
0.01,1.375,0.04564645939811438,0.008438453028123787,0.9808886291567843
0.01,1.390625,0.045434675432211025,0.008700592239221459,0.9804896934035386
0.01,1.40625,0.045224056012661995,0.00896744552292587,0.9800875820125973
0.01,1.421875,0.045014613517111224,0.009239030987233205,0.9796823216955011
0.01,1.4375,0.04480635920825553,0.009515366351321186,0.9792739389174951
0.01,1.453125,0.04459930328367167,0.009796468955413045,0.9788624598976099
0.01,1.46875,0.04439345492390201,0.010082355770384764,0.9784479106088919
0.01,1.484375,0.04418882233883251,0.010373043407120867,0.9780303167787728
0.01,1.5,0.04398541281239838,0.010668548125624048,0.9776097038895728
0.01,1.515625,0.04378323274565474,0.010968885843883898,0.9771860971791261
0.01,1.53125,0.043582287698250816,0.011274072146510179,0.9767595216415219
0.01,1.546875,0.04338258242834757,0.011584122293135884,0.9763300020279575
0.01,1.5625,0.04318412093101889,0.011899051226595533,0.975897562847689
0.01,1.578125,0.04298690647517802,0.012218873580883931,0.9754622283690813
0.01,1.59375,0.042790941639070094,0.01254360368890074,0.9750240226207438
0.01,1.609375,0.04259622834437294,0.012873255589986076,0.9745829693927535
0.01,1.625,0.04240276788894744,0.013207843037252344,0.9741390922379495
0.01,1.640625,0.04221056097827931,0.013547379504717415,0.9736924144733042
0.01,1.65625,0.042019607755653256,0.013891878194244258,0.9732429591813603
0.01,1.671875,0.04182990783110048,0.01424135204229199,0.9727907492117261
0.01,1.6875,0.04164146030916007,0.014595813726483255,0.9723358071826325
0.01,1.703125,0.04145426381549387,0.01495527567199282,0.9718781554825385
0.01,1.71875,0.041268316522394065,0.015319750057762078,0.9714178162717881
0.01,1.734375,0.04108361617322202,0.015689248822544175,0.970954811484309
0.01,1.75,0.040900160105815896,0.01606378367078431,0.9704891628293526
0.01,1.765625,0.040717945274903994,0.016443366078339693,0.9700208917932708
0.01,1.78125,0.040536968273559966,0.016828007298043554,0.9695500196413266
0.01,1.796875,0.04035722535373481,0.017217718365117513,0.9690765674195337
0.01,1.8125,0.04017871244590008,0.017612510102436474,0.9686005559565227
0.01,1.828125,0.040001425177835656,0.018012393125650172,0.968122005865434
0.01,1.84375,0.03982535889259437,0.018417377848165387,0.967640937545828
0.01,1.859375,0.039650508665675065,0.0188274744859927,0.9671573711856175
0.01,1.875,0.0394768693214347,0.01924269306246163,0.9666713267630134
0.01,1.890625,0.039304435448768965,0.019663043412807897,0.9661828240484871
0.01,1.90625,0.039133201416090245,0.020088535188636365,0.9656918826067417
0.01,1.921875,0.03896316138563072,0.020519177862263267,0.9651985217986948
0.01,1.9375,0.038794309327097355,0.02095498073094114,0.9647027607834678
0.01,1.953125,0.03862663903070489,0.021395952920969748,0.9642046185203811
0.01,1.96875,0.03846014411961186,0.02184210339169638,0.9637041137709546
0.01,1.984375,0.038294818061783926,0.02229344093940856,0.9632012651009072
0.01,2.0,0.03813065418130785,0.022749974201122375,0.9626960908821619
0.01,2.015625,0.037967645669178714,0.023211711658269314,0.9621886092948461
0.01,2.03125,0.03780578559358211,0.023678661640284607,0.9616788383292928
0.01,2.046875,0.03764506690969225,0.02415083232809988,0.961166795788036
0.01,2.0625,0.0374854824690062,0.024628231757542852,0.9606524992878044
0.01,2.078125,0.037327025028233644,0.025110867822646807,0.9601359662615078
0.01,2.09375,0.037169687257760785,0.025598748278872378,0.9596172139602173
0.01,2.109375,0.037013461749706676,0.02609188074624421,0.9590962594551378
0.01,2.125,0.03685834102558884,0.026590272712404946,0.958573119639573
0.01,2.140625,0.03670431754361517,0.027093931535588898,0.9580478112308806
0.01,2.15625,0.036551383705617925,0.027602864447517746,0.9575203507724154
0.01,2.171875,0.03639953186364526,0.02811707855622047,0.9569907546354663
0.01,2.1875,0.03624875432622486,0.02863658084877976,0.9564590390211766
0.01,2.203125,0.036099043364314215,0.029161378194006885,0.9559252199624563
0.01,2.21875,0.03595039121695066,0.029691477345047262,0.9553893133258788
0.01,2.234375,0.03580279009661462,0.03022688494191853,0.9548513348135669
0.01,2.25,0.035656232194318425,0.03076760751398317,0.9543112999650624
0.01,2.265625,0.03551070968443273,0.03131365148235756,0.9537692241591841
0.01,2.28125,0.03536621472926201,0.03186502316225914,0.9532251226158701
0.01,2.296875,0.03522273948338039,0.032421728765293624,0.9526790103980048
0.01,2.3125,0.03508027609773807,0.03298377440168391,0.9521309024132315
0.01,2.328125,0.034938816723548954,0.03355116608244222,0.9515808134157487
0.01,2.34375,0.034798353515968806,0.03412390972148735,0.9510287580080916
0.01,2.359375,0.03465887863757341,0.03470201113770827,0.9504747506428953
0.01,2.375,0.034520384261645956,0.03528547605697589,0.9499188056246449
0.01,2.390625,0.03438286257528173,0.035874310114104205,0.9493609371114066
0.01,2.40625,0.03424630578231876,0.03646851885476241,0.9488011591165425
0.01,2.421875,0.034110706106102,0.03706810773733935,0.9482394855104099
0.01,2.4375,0.03397605579208873,0.03767308213476153,0.9476759300220424
0.01,2.453125,0.03384234711030239,0.03828344733626614,0.9471105062408137
0.01,2.46875,0.03370957235764159,0.03889920854913017,0.9465432276180861
0.01,2.484375,0.03357772386005125,0.03952037090035711,0.9459741074688388
0.01,2.5,0.033446793974561746,0.04014693943832208,0.9454031589732828
0.01,2.515625,0.03331677509120259,0.04077891913437689,0.9448303951784546
0.01,2.53125,0.03318765963479602,0.0414163148844158,0.9442558289997958
0.01,2.546875,0.03305944006663647,0.042059131510403386,0.9436794732227127
0.01,2.5625,0.032932108886060824,0.042707373761865286,0.9431013405041213
0.01,2.578125,0.03280565863191487,0.043361046317343076,0.9425214433739725
0.01,2.59375,0.03268008188392062,0.04402015378581409,0.9419397942367616
0.01,2.609375,0.032555371263949244,0.044684700708077216,0.9413564053730198
0.01,2.625,0.03243151943720402,0.04535469155810563,0.9407712889407895
0.01,2.640625,0.03230851911331759,0.04603013074436723,0.9401844569770815
0.01,2.65625,0.03218636304736758,0.04671102261111392,0.9395959213993151
0.01,2.671875,0.032065044040814526,0.04739737143964024,0.939005694006743
0.01,2.6875,0.031944554942365665,0.04808918144951243,0.9384137864818567
0.01,2.703125,0.03182488864876847,0.04878645679976866,0.9378202103917768
0.01,2.71875,0.031706038105536995,0.04948920159009109,0.9372249771896267
0.01,2.734375,0.03158799630761449,0.05019741986195076,0.9366280982158889
0.01,2.75,0.031470756299975325,0.050911115599725706,0.9360295846997455
0.01,2.765625,0.03135431117816932,0.05163029273179333,0.9354294477604024
0.01,2.78125,0.031238654088811064,0.05235495513159751,0.9348276984083961
0.01,2.796875,0.03112377823001724,0.053085106618691216,0.934224347546886
0.01,2.8125,0.03100967685179441,0.05382075095975519,0.9336194059729302
0.01,2.828125,0.03089634325637967,0.05456189186959345,0.9330128843787447
0.01,2.84375,0.030783770798536787,0.05530853301210606,0.9324047933529482
0.01,2.859375,0.030671952885809758,0.056060678001240004,0.9317951433817898
0.01,2.875,0.030560882978736333,0.05681833040191838,0.931183944850363
0.01,2.890625,0.030450554591023235,0.05758149373094894,0.930571208043803
0.01,2.90625,0.030340961289685237,0.05835017145791198,0.9299569431484702
0.01,2.921875,0.03023209669515004,0.059124367006028654,0.9293411602531169
0.01,2.9375,0.0301239544813305,0.05990408375300976,0.9287238693500407
0.01,2.953125,0.030016528375666252,0.06068932503188582,0.9281050803362236
0.01,2.96875,0.02990981215913615,0.06148009413181879,0.9274848030144542
0.01,2.984375,0.0298037996662432,0.062276394298895796,0.9268630470944388
0.01,3.0,0.029698484784973365,0.06307822873690562,0.9262398221938944
0.01,3.015625,0.02959386145672996,0.06388560060809807,0.9256151378396326
0.01,3.03125,0.029489923676244565,0.06469851303392689,0.9249890034686237
0.01,3.046875,0.02938666549146624,0.06551696909577641,0.9243614284290529
0.01,3.0625,0.029284081003429885,0.06634097183567272,0.9237324219813587
0.01,3.078125,0.02918216436610525,0.06717052425697921,0.9231019932992591
0.01,3.09375,0.029080909786227467,0.06800562932507742,0.9224701514707657
0.01,3.109375,0.02898031152311041,0.06884628996803321,0.9218369054991832
0.01,3.125,0.028880363888443766,0.0696925090772487,0.9212022643040962
0.01,3.140625,0.028781061246074865,0.0705442895081004,0.920566236722344
0.01,3.15625,0.028682398011776196,0.07140163408056392,0.9199288315089819
0.01,3.171875,0.02858436865299957,0.07226454557982522,0.9192900573382295
0.01,3.1875,0.02848696768861762,0.07313302675687931,0.9186499228044094
0.01,3.203125,0.028390189688653644,0.07400708032911635,0.9180084364228697
0.01,3.21875,0.028294029274000484,0.07488670898089528,0.9173656066308971
0.01,3.234375,0.028198481116129107,0.07577191536410584,0.916721441788618
0.01,3.25,0.02810353993678779,0.07666270209871878,0.9160759501798865
0.01,3.265625,0.028009200507692338,0.07755907177332466,0.9154291400131629
0.01,3.28125,0.027915457650208187,0.0784610269456617,0.9147810194223774
0.01,3.296875,0.0278223062350249,0.07936857014313269,0.9141315964677871
0.01,3.3125,0.027729741181823635,0.08028170386331143,0.9134808791368169
0.01,3.328125,0.027637757458938133,0.08120043057443878,0.9128288753448937
0.01,3.34375,0.027546350083009898,0.0821247527159087,0.9121755929362668
0.01,3.359375,0.027455514118637753,0.08305467269874448,0.9115210396848193
0.01,3.375,0.02736524467802267,0.08399019290606524,0.9108652232948677
0.01,3.390625,0.02727553692060788,0.08493131569354333,0.9102081514019514
0.01,3.40625,0.027186386052715138,0.08587804338985233,0.9095498315736132
0.01,3.421875,0.027097787327177134,0.08683037829710619,0.9088902713101675
0.01,3.4375,0.027009736042966814,0.08778832269128974,0.9082294780454602
0.01,3.453125,0.026922227544823672,0.08875187882268061,0.9075674591476167
0.01,3.46875,0.026835257222877582,0.08972104891626283,0.9069042219197839
0.01,3.484375,0.026748820512270406,0.09069583517213227,0.9062397736008576
0.01,3.5,0.02666291289277569,0.09167623976589426,0.9055741213662043
0.01,3.515625,0.02657752988841679,0.09266226484905331,0.9049072723283718
0.01,3.53125,0.026492667067083708,0.09365391254939534,0.9042392335377916
0.01,3.546875,0.026408320040148887,0.09465118497136249,0.9035700119834708
0.01,3.5625,0.026324484462082208,0.09565408419642066,0.9028996145936757
0.01,3.578125,0.026241156030065493,0.09666261228342006,0.9022280482366082
0.01,3.59375,0.02615833048360668,0.09767677126894866,0.9015553197210695
0.01,3.609375,0.026076003604153932,0.09869656316767925,0.90088143579712
0.01,3.625,0.02599417121470988,0.09972198997270938,0.900206403156726
0.01,3.640625,0.025912829179446137,0.10075305365589542,0.899530228434402
0.01,3.65625,0.025831973403318352,0.10178975616817973,0.8988529182078421
0.01,3.671875,0.02575159983168197,0.10283209943991219,0.8981744789985442
0.01,3.6875,0.02567170444990875,0.10388008538116536,0.8974949172724264
0.01,3.703125,0.025592283283004374,0.10493371588204382,0.8968142394404348
0.01,3.71875,0.025513332395227104,0.1059929928129878,0.896132451859144
0.01,3.734375,0.025434847889707794,0.10705791802507114,0.8954495608313495
0.01,3.75,0.025356825908071288,0.10812849335029372,0.8947655726066533
0.01,3.765625,0.025279262630059335,0.10920472060186846,0.8940804933820401
0.01,3.78125,0.025202154273155145,0.11028660157450315,0.8933943293024487
0.01,3.796875,0.02512549709220972,0.11137413804467697,0.8927070864613343
0.01,3.8125,0.025049287379070036,0.11246733177091216,0.8920187709012237
0.01,3.828125,0.024973521462209144,0.11356618449404055,0.8913293886142646
0.01,3.84375,0.024898195706358324,0.11467069793746529,0.8906389455427662
0.01,3.859375,0.02482330651214136,0.115780873807418,0.8899474475797347
0.01,3.875,0.024748850315711005,0.1168967137932111,0.8892549005694002
0.01,3.890625,0.024674823588387698,0.11801821956748575,0.8885613103077385
0.01,3.90625,0.024601222836300608,0.11914539278645529,0.8878666825429857
0.01,3.921875,0.024528044600031093,0.12027823509014435,0.8871710229761449
0.01,3.9375,0.024455285454258586,0.12141674810262365,0.8864743372614895
0.01,3.953125,0.02438294200740899,0.12256093343224084,0.8857766310070572
0.01,3.96875,0.02431101090130562,0.12371079267184701,0.8850779097751391
0.01,3.984375,0.024239488810822718,0.12486632739901939,0.8843781790827628
0.01,4.0,0.024168372443541624,0.12602753917628018,0.8836774444021696
0.01,4.015625,0.024097658539409636,0.1271944295513113,0.8829757111612835
0.01,4.03125,0.024027343870401494,0.1283670000571658,0.8822729847441779
0.01,4.046875,0.023957425240183697,0.1295452522124752,0.881569270491534
0.01,4.0625,0.02388789948378149,0.13072918752165355,0.880864573701093
0.01,4.078125,0.023818763467248708,0.1319188074750978,0.880158899628105
0.01,4.09375,0.02375001408734037,0.13311411354938485,0.8794522534857707
0.01,4.109375,0.023681648271188124,0.13431510720746515,0.8787446404456777
0.01,4.125,0.023613662975978517,0.13552178989885283,0.8780360656382311
0.01,4.140625,0.02354605518863415,0.1367341630598132,0.8773265341530804
0.01,4.15625,0.023478821925497637,0.13795222811354624,0.8766160510395383
0.01,4.171875,0.02341196023201853,0.13917598647036766,0.8759046213069981
0.01,4.1875,0.023345467182442983,0.1404054395278867,0.8751922499253414
0.01,4.203125,0.023279339879506495,0.1416405886711806,0.8744789418253445
0.01,4.21875,0.023213575454129342,0.14288143527296696,0.8737647018990791
0.01,4.234375,0.023148171065115058,0.14412798069377228,0.8730495350003049
0.01,4.25,0.023083123898851702,0.1453802262820986,0.8723334459448631
0.01,4.265625,0.023018431169016088,0.14663817337458654,0.871616439511059
0.01,4.28125,0.022954090116280867,0.14790182329617635,0.8708985204400447
0.01,4.296875,0.02289009800802446,0.149171177360266,0.8701796934361944
0.01,4.3125,0.022826452138043962,0.15044623686886663,0.8694599631674759
0.01,4.328125,0.0227631498262708,0.15172700311275555,0.8687393342658176
0.01,4.34375,0.02270018841848936,0.15301347737162688,0.8680178113274715
0.01,4.359375,0.02263756528605837,0.15430566091423953,0.8672953989133704
0.01,4.375,0.022575277825635207,0.15560355499856282,0.8665721015494826
0.01,4.390625,0.022513323458902973,0.15690716087192,0.8658479237271608
0.01,4.40625,0.022451699632300454,0.15821647977112913,0.8651228699034881
0.01,4.421875,0.02239040381675481,0.15953151292264192,0.8643969445016177
0.01,4.4375,0.022329433507417108,0.1608522615426803,0.8636701519111116
0.01,4.453125,0.022268786223400627,0.16217872683737097,0.8629424964882721
0.01,4.46875,0.022208459507521917,0.16351091000287735,0.8622139825564719
0.01,4.484375,0.0221484509260446,0.1648488122255302,0.8614846144064783
0.01,4.5,0.022088758068425897,0.1661924346819553,0.8607543962967745
0.01,4.515625,0.022029378547065902,0.1675417785392001,0.8600233324538774
0.01,4.53125,0.021970309997059508,0.16889684495485752,0.8592914270726508
0.01,4.546875,0.02191155007595104,0.1702576350771883,0.8585586843166144
0.01,4.5625,0.021853096463491508,0.17162415004524145,0.8578251083182511
0.01,4.578125,0.021794946861398566,0.17299639098897263,0.8570907031793088
0.01,4.59375,0.021737098993119007,0.17437435902936083,0.8563554729711
0.01,4.609375,0.021679550603593944,0.17575805527852326,0.855619421734796
0.01,4.625,0.021622299459026505,0.1771474808398285,0.8548825534817194
0.01,4.640625,0.0215653433466521,0.178542636808008,0.8541448721936329
0.01,4.65625,0.021508680074511278,0.17994352426926538,0.8534063818230236
0.01,4.671875,0.021452307471225014,0.18135014430138507,0.8526670862933857
0.01,4.6875,0.02139622338577257,0.18276249797383826,0.8519269894994977
0.01,4.703125,0.021340425687271795,0.18418058634788795,0.8511860953076985
0.01,4.71875,0.02128491226476189,0.18560441047669204,0.8504444075561588
0.01,4.734375,0.021229681026988592,0.1870339714054053,0.8497019300551504
0.01,4.75,0.02117472990219178,0.18846927017127924,0.848958666587311
0.01,4.765625,0.021120056837895466,0.1899103078037611,0.8482146209079078
0.01,4.78125,0.021065659800700166,0.19135708532459095,0.8474697967450966
0.01,4.796875,0.021011536776077585,0.1928096037478975,0.8467241978001775
0.01,4.8125,0.020957685768167634,0.1942678640802927,0.8459778277478499
0.01,4.828125,0.020904104799577793,0.19573186732096454,0.8452306902364626
0.01,4.84375,0.020850791911184656,0.19720161446176893,0.8444827888882607
0.01,4.859375,0.02079774516193784,0.19867710648731987,0.8437341272996318
0.01,4.875,0.020744962628666052,0.20015834437507876,0.8429847090413474
0.01,4.890625,0.02069244240588538,0.20164532909544192,0.8422345376588022
0.01,4.90625,0.020640182605609795,0.2031380616118272,0.8414836166722515
0.01,4.921875,0.020588181357163803,0.20463654288075922,0.8407319495770436
0.01,4.9375,0.020536436806997238,0.2061407738519535,0.8399795398438524
0.01,4.953125,0.020484947118502204,0.20765075546839928,0.8392263909189058
0.01,4.96875,0.020433710471832067,0.20916648866644108,0.8384725062242113
0.01,4.984375,0.02038272506372257,0.21068797437585943,0.8377178891577798
0.01,5.0,0.02033198910731498,0.2122152135199502,0.8369625430938461
0.01,5.015625,0.020281500831981287,0.21374820701560293,0.8362064713830876
0.01,5.03125,0.02023125848315139,0.21528695577337792,0.8354496773528407
0.01,5.046875,0.0201812603221423,0.21683146069758247,0.8346921643073145
0.01,5.0625,0.02013150462598929,0.218381722686346,0.8339339355278007
0.01,5.078125,0.020081989687279006,0.21993774263169397,0.8331749942728838
0.01,5.09375,0.020032713813984516,0.2214995214196209,0.8324153437786468
0.01,5.109375,0.01998367532930222,0.22306705993016254,0.8316549872588754
0.01,5.125,0.019934872571490698,0.22464035903746687,0.830893927905261
0.01,5.140625,0.01988630389371138,0.22621941960986397,0.8301321688875984
0.01,5.15625,0.019837967663871078,0.22780424250993553,0.8293697133539851
0.01,5.171875,0.019789862264466346,0.2293948285945827,0.8286065644310155
0.01,5.1875,0.01974198609242963,0.23099117871509364,0.8278427252239744
0.01,5.203125,0.019694337558977166,0.23259329371720974,0.8270781988170283
0.01,5.21875,0.019646915089458726,0.23420117444119115,0.8263129882734132
0.01,5.234375,0.019599717123209008,0.23581482172188148,0.8255470966356223
0.01,5.25,0.019552742113400814,0.2374342363887714,0.8247805269255909
0.01,5.265625,0.01950598852689989,0.23905941926606197,0.8240132821448788
0.01,5.28125,0.019459454844121465,0.24069037117272626,0.82324536527485
0.01,5.296875,0.019413139558888452,0.2423270929225711,0.8224767792768537
0.01,5.3125,0.019367041178291296,0.24396958532429713,0.8217075270923997
0.01,5.328125,0.019321158222549407,0.24561784918155902,0.8209376116433326
0.01,5.34375,0.019275489224874258,0.24727188529302407,0.8201670358320066
0.01,5.359375,0.019230032731334036,0.2489316944524305,0.8193958025414553
0.01,5.375,0.019184787300719836,0.25059727744864496,0.8186239146355614
0.01,5.390625,0.019139751504413476,0.25226863506571917,0.8178513749592246
0.01,5.40625,0.019094923926256765,0.25394576808294606,0.8170781863385259
0.01,5.421875,0.019050303162422316,0.25562867727491473,0.8163043515808932
0.01,5.4375,0.01900588782128588,0.2573173634115656,0.8155298734752621
0.01,5.453125,0.018961676523300098,0.2590118272582439,0.8147547547922369
0.01,5.46875,0.01891766790086978,0.2607120695757528,0.8139789982842488
0.01,5.484375,0.018873860598228563,0.2624180911204066,0.8132026066857135
0.01,5.5,0.018830253271317057,0.26412989264408204,0.8124255827131863
0.01,5.515625,0.018786844587662326,0.26584747489426985,0.811647929065515
0.01,5.53125,0.018743633226258827,0.2675708386141256,0.8108696484239929
0.01,5.546875,0.018700617877450705,0.2692999845425194,0.8100907434525084
0.01,5.5625,0.0186577972428154,0.27103491341408553,0.809311216797695
0.01,5.578125,0.018615170035048676,0.2727756259592714,0.8085310710890772
0.01,5.59375,0.018572734977850912,0.2745221229043856,0.8077503089392166
0.01,5.609375,0.01853049080581472,0.2762744049716456,0.8069689329438566
0.01,5.625,0.018488436264313894,0.2780324728792252,0.8061869456820644
0.01,5.640625,0.018446570109393552,0.27979632734130055,0.8054043497163725
0.01,5.65625,0.018404891107661654,0.28156596906809667,0.8046211475929184
0.01,5.671875,0.01836339803618166,0.2833413987659326,0.8038373418415822
0.01,5.6875,0.018322089682366496,0.2851226171372665,0.8030529349761245
0.01,5.703125,0.018280964843873707,0.28690962488074007,0.8022679294943209
0.01,5.71875,0.018240022328501818,0.28870242269122237,0.801482327878096
0.01,5.734375,0.018199260954087873,0.29050101125985334,0.8006961325936558
0.01,5.75,0.01815867954840617,0.29230539127408656,0.7999093460916201
0.01,5.765625,0.018118276949068132,0.29411556341773204,0.7991219708071513
0.01,5.78125,0.018078052003423356,0.29593152837099757,0.7983340091600819
0.01,5.796875,0.018038003568461757,0.29775328681053076,0.797545463555044
0.01,5.8125,0.01799813051071685,0.2995808394094599,0.7967563363815936
0.01,5.828125,0.017958431706170137,0.3014141868374343,0.7959666300143359
0.01,5.84375,0.017918906040156585,0.3032533297606647,0.7951763468130472
0.01,5.859375,0.017879552407271165,0.3050982688419627,0.7943854891227995
0.01,5.875,0.01784036971127649,0.3069490047407804,0.7935940592740784
0.01,5.890625,0.017801356865011473,0.3088055381132485,0.7928020595829052
0.01,5.90625,0.01776251279030103,0.3106678696122156,0.7920094923509532
0.01,5.921875,0.017723836417866835,0.3125359998872855,0.7912163598656665
0.01,5.9375,0.01768532668723904,0.3144099295848549,0.7904226644003745
0.01,5.953125,0.01764698254666905,0.3162896593481512,0.7896284082144083
0.01,5.96875,0.017608802953043273,0.3181751898172683,0.7888335935532125
0.01,5.984375,0.01757078687179778,0.32006652162920385,0.7880382226484594
0.01,6.0,0.01753293327683407,0.32196365541789507,0.7872422977181593
0.01,6.015625,0.017495241150435627,0.32386659181425403,0.7864458209667712
0.01,6.03125,0.01745770948318555,0.32577533144620374,0.7856487945853117
0.01,6.046875,0.017420337273885065,0.3276898749387122,0.7848512207514627
0.01,6.0625,0.017383123529472907,0.32961022291382785,0.7840531016296798
0.01,6.078125,0.017346067264945697,0.33153637599071306,0.7832544393712964
0.01,6.09375,0.017309167503279172,0.33346833478567883,0.7824552361146294
0.01,6.109375,0.017272423275350276,0.33540609991221776,0.7816554939850833
0.01,6.125,0.017235833619860197,0.33734967198103744,0.7808552150952522
0.01,6.140625,0.017199397583258193,0.3392990516000938,0.7800544015450228
0.01,6.15625,0.01716311421966632,0.3412542393746233,0.7792530554216733
0.01,6.171875,0.017126982590804984,0.3432152359071752,0.7784511787999746
0.01,6.1875,0.017091001765919347,0.345182041797644,0.7776487737422894
0.01,6.203125,0.01705517082170652,0.34715465764330083,0.7768458422986679
0.01,6.21875,0.017019488842243614,0.3491330840388251,0.7760423865069477
0.01,6.234375,0.016983954918916543,0.35111732157633524,0.7752384083928464
0.01,6.25,0.016948568150349685,0.35310737084542,0.7744339099700595
0.01,6.265625,0.016913327642336263,0.3551032324331689,0.7736288932403521
0.01,6.28125,0.016878232507769552,0.3571049069242023,0.7728233601936538
0.01,6.296875,0.0168432818665748,0.3591123949007019,0.7720173128081502
0.01,6.3125,0.016808474845641977,0.36112569694244007,0.7712107530503736
0.01,6.328125,0.01677381057875919,0.36314481362680967,0.7704036828752944
0.01,6.34375,0.01673928820654689,0.3651697455288531,0.76959610422641
0.01,6.359375,0.016704906876392794,0.3672004932212917,0.768788019035834
0.01,6.375,0.016670665742387528,0.3692370572745541,0.7679794292243843
0.01,6.390625,0.016636563965260975,0.371279438256805,0.7671703367016686
0.01,6.40625,0.01660260071231932,0.37332763673397346,0.7663607433661718
0.01,6.421875,0.016568775157382826,0.3753816532697812,0.7655506511053414
0.01,6.4375,0.016535086480724246,0.37744148842577,0.7647400617956719
0.01,6.453125,0.01650153386900796,0.37950714276132985,0.7639289773027876
0.01,6.46875,0.016468116515229735,0.38157861683372607,0.7631173994815265
0.01,6.484375,0.01643483361865719,0.3836559111981267,0.7623053301760222
0.01,6.5,0.016401684384770895,0.38573902640762947,0.7614927712197849
0.01,6.515625,0.016368668025206104,0.38782796301328887,0.7606797244357825
0.01,6.53125,0.016335783757695153,0.3899227215641422,0.7598661916365198
0.01,6.546875,0.01630303080601048,0.3920233026072368,0.7590521746241178
0.01,6.5625,0.016270408399908242,0.39412970668765546,0.758237675190392
0.01,6.578125,0.016237915775072602,0.3962419343485435,0.75742269511693
0.01,6.59375,0.016205552173060564,0.3983599861311337,0.7566072361751686
0.01,6.609375,0.01617331684124745,0.4004838625747728,0.7557913001264691
0.01,6.625,0.016141209032772972,0.4026135642169467,0.7549748887221933
0.01,6.640625,0.016109228006487848,0.4047490915933057,0.754158003703778
0.01,6.65625,0.016077373026901067,0.40689044523769013,0.7533406468028089
0.01,6.671875,0.01604564336412764,0.4090376256821553,0.7525228197410945
0.01,6.6875,0.01601403829383703,0.41119063345699636,0.7517045242307372
0.01,6.703125,0.015982557097202015,0.4133494690907732,0.7508857619742073
0.01,6.71875,0.015951199060848225,0.41551413311033497,0.7500665346644125
0.01,6.734375,0.01591996347680412,0.41768462604084466,0.7492468439847693
0.01,6.75,0.01588884964245159,0.4198609484058037,0.7484266916092727
0.01,6.765625,0.015857856860477047,0.4220431007270756,0.7476060792025657
0.01,6.78125,0.015826984438823053,0.424231083524911,0.746785008420008
0.01,6.796875,0.01579623169064047,0.42642489731797073,0.7459634809077429
0.01,6.8125,0.015765597934241135,0.4286245426233502,0.7451414983027672
0.01,6.828125,0.015735082493051035,0.4308300199566032,0.7443190622329946
0.01,6.84375,0.01570468469556397,0.4330413298317653,0.7434961743173256
0.01,6.859375,0.015674403875295766,0.4352584727613777,0.7426728361657094
0.01,6.875,0.01564423937073892,0.4374814492565105,0.7418490493792116
0.01,6.890625,0.015614190525317756,0.439710259826786,0.7410248155500769
0.01,6.90625,0.015584256687344084,0.44194490498040223,0.7402001362617932
0.01,6.921875,0.015554437209973286,0.44418538522415585,0.7393750130891564
0.01,6.9375,0.015524731451160944,0.44643170106346536,0.73854944759833
0.01,6.953125,0.015495138773619828,0.44868385300239433,0.7377234413469096
0.01,6.96875,0.015465658544777456,0.4509418415436738,0.7368969958839839
0.01,6.984375,0.015436290136734036,0.45320566718872574,0.7360701127501943
0.01,7.0,0.015407032926220867,0.45547533043768557,0.7352427934777972
0.01,7.015625,0.015377886294559216,0.45775083178942483,0.734415039590722
0.01,7.03125,0.015348849627619588,0.4600321717415739,0.7335868526046319
0.01,7.046875,0.015319922315781484,0.46231935079054504,0.7327582340269811
0.01,7.0625,0.015291103753893524,0.4646123694315543,0.7319291853570754
0.01,7.078125,0.01526239334123404,0.4669112281586444,0.7310997080861271
0.01,7.09375,0.015233790481472108,0.4692159274647073,0.7302698036973138
0.01,7.109375,0.015205294582628905,0.47152646784150654,0.7294394736658345
0.01,7.125,0.01517690505703959,0.4738428497796996,0.7286087194589664
0.01,7.140625,0.015148621321315503,0.47616507376886036,0.72777754253612
0.01,7.15625,0.01512044279630681,0.4784931402975017,0.7269459443488945
0.01,7.171875,0.015092368907065529,0.48082704985309715,0.7261139263411311
0.01,7.1875,0.015064399082808962,0.48316680292210445,0.7252814899489705
0.01,7.203125,0.015036532756883483,0.48551239998998647,0.7244486366009029
0.01,7.21875,0.015008769366728774,0.4878638415412346,0.7236153677178232
0.01,7.234375,0.014981108353842351,0.49022112805939055,0.722781684713084
0.01,7.25,0.014953549163744568,0.4925842600270689,0.7219475889925462
0.01,7.265625,0.014926091245943886,0.49495323792597945,0.7211130819546325
0.01,7.28125,0.014898734053902601,0.49732806223694936,0.720278164990378
0.01,7.296875,0.014871477045002897,0.4997087334399459,0.7194428394834813
0.01,7.3125,0.014844319680513243,0.5020952520140982,0.7186071068103543
0.01,7.328125,0.014817261425555192,0.5044876184377208,0.7177709683401733
0.01,7.34375,0.014790301749070473,0.506885833188335,0.7169344254349284
0.01,7.359375,0.014763440123788489,0.509289896742692,0.7160974794494709
0.01,7.375,0.014736676026194148,0.5116998095767952,0.7152601317315647
0.01,7.390625,0.01471000893649599,0.514115572165923,0.7144223836219328
0.01,7.40625,0.014683438338594704,0.5165371849846514,0.7135842364543051
0.01,7.421875,0.01465696372005199,0.518964648506877,0.7127456915554671
0.01,7.4375,0.014630584572059678,0.5213979632058389,0.711906750245306
0.01,7.453125,0.014604300389409266,0.5238371295541431,0.7110674138368569
0.01,7.46875,0.014578110670461721,0.526282148023784,0.7102276836363498
0.01,7.484375,0.014552014917117634,0.5287330190861684,0.7093875609432551
0.01,7.5,0.014526012634787673,0.5311897432121381,0.7085470470503298
0.01,7.515625,0.014500103332363378,0.5336523208719939,0.7077061432436603
0.01,7.53125,0.014474286522188235,0.5361207525355177,0.7068648508027098
0.01,7.546875,0.014448561720029097,0.5385950386719975,0.7060231710003604
0.01,7.5625,0.01442292844504788,0.5410751797502499,0.7051811051029577
0.01,7.578125,0.014397386219773598,0.5435611762386444,0.7043386543703549
0.01,7.59375,0.014371934570074657,0.5460530286051268,0.7034958200559548
0.01,7.609375,0.014346573025131487,0.5485507373172438,0.7026526034067528
0.01,7.625,0.014321301117409455,0.5510543028421669,0.7018090056633803
0.01,7.640625,0.014296118382632056,0.5535637256467163,0.7009650280601445
0.01,7.65625,0.014271024359754449,0.5560790061973864,0.7001206718250723
0.01,7.671875,0.014246018590937196,0.5586001449603692,0.69927593817995
0.01,7.6875,0.014221100621520376,0.5611271424015807,0.6984308283403656
0.01,7.703125,0.014196269999997933,0.5636599989866843,0.6975853435157476
0.01,7.71875,0.014171526277992305,0.5661987151811174,0.6967394849094064
0.01,7.734375,0.014146869010229372,0.5687432914501162,0.6958932537185739
0.01,7.75,0.014122297754513635,0.5712937282587413,0.6950466511344428
0.01,7.765625,0.014097812071703707,0.5738500260719045,0.6941996783422065
0.01,7.78125,0.014073411525688041,0.5764121853543936,0.6933523365210966
0.01,7.796875,0.014049095683360996,0.5789802065709003,0.6925046268444227
0.01,7.8125,0.014024864114599082,0.5815540901860455,0.6916565504796103
0.01,7.828125,0.014000716392237565,0.5841338366644075,0.6908081085882372
0.01,7.84375,0.013976652092047261,0.5867194464705482,0.689959302326073
0.01,7.859375,0.013952670792711671,0.5893109200690413,0.6891101328431158
0.01,7.875,0.013928772075804292,0.5919082579245,0.6882606012836281
0.01,7.890625,0.013904955525766292,0.5945114605016051,0.6874107087861743
0.01,7.90625,0.013881220729884347,0.5971205282651336,0.6865604564836566
0.01,7.921875,0.013857567278268833,0.5997354616799875,0.6857098455033507
0.01,7.9375,0.013833994763832186,0.6023562612112228,0.6848588769669416
0.01,7.953125,0.01381050278226759,0.6049829273240797,0.6840075519905602
0.01,7.96875,0.013787090932027889,0.607615460484012,0.6831558716848157
0.01,7.984375,0.013763758814304758,0.6102538611567181,0.6823038371548321
0.01,8.0,0.013740506033008144,0.6128981298081709,0.6814514495002829
0.01,8.015625,0.013717332194745944,0.6155482669046497,0.6805987098154234
0.01,8.03125,0.013694236908803944,0.6182042729127724,0.6797456191891268
0.01,8.046875,0.013671219787126026,0.6208661482995261,0.6788921787049158
0.01,8.0625,0.013648280444294605,0.6235338935323017,0.6780383894409971
0.01,8.078125,0.013625418497511326,0.6262075090789259,0.6771842524702936
0.01,8.09375,0.013602633566578036,0.6288869954076949,0.6763297688604776
0.01,8.109375,0.01357992527387798,0.6315723529874093,0.675474939674003
0.01,8.125,0.01355729324435727,0.6342635822874086,0.6746197659681371
0.01,8.140625,0.013534737105506602,0.6369606837776068,0.6737642487949922
0.01,8.15625,0.013512256487343229,0.6396636579285279,0.672908389201559
0.01,8.171875,0.013489851022393178,0.6423725052113435,0.6720521882297357
0.01,8.1875,0.013467520345673748,0.6450872260979092,0.6711956469163596
0.01,8.203125,0.013445264094676262,0.6478078210608039,0.6703387662932381
0.01,8.21875,0.013423081909349028,0.650534290573367,0.66948154738718
0.01,8.234375,0.013400973432080644,0.6532666351097394,0.6686239912200231
0.01,8.25,0.013378938307683495,0.6560048551449029,0.6677660988086681
0.01,8.265625,0.013356976183377552,0.6587489511547217,0.6669078711651042
0.01,8.28125,0.013335086708774412,0.6614989236159843,0.6660493092964409
0.01,8.296875,0.013313269535861635,0.664254773006446,0.6651904142049367
0.01,8.3125,0.013291524318987313,0.6670164998048732,0.6643311868880281
0.01,8.328125,0.013269850714844968,0.6697841044910877,0.6634716283383574
0.01,8.34375,0.013248248382458661,0.6725575875460127,0.662611739543802
0.01,8.359375,0.013226716983168433,0.6753369494517186,0.6617515214875024
0.01,8.375,0.013205256180616015,0.6781221906914721,0.6608909751478899
0.01,8.390625,0.013183865640730805,0.6809133117497836,0.6600301014987138
0.01,8.40625,0.013162545031716183,0.6837103131124589,0.6591689015090696
0.01,8.421875,0.013141294024036063,0.6865131952666484,0.6583073761434254
0.01,8.4375,0.013120112290401819,0.6893219587009015,0.6574455263616493
0.01,8.453125,0.01309899950575946,0.6921366039052188,0.6565833531190358
0.01,8.46875,0.013077955347277148,0.6949571313711083,0.6557208573663318
0.01,8.484375,0.013056979494333043,0.6977835415916412,0.6548580400497637
0.01,8.5,0.013036071628503447,0.7006158350615108,0.6539949021110627
0.01,8.515625,0.013015231433551341,0.703454012277091,0.6531314444874903
0.01,8.53125,0.012994458595415202,0.706298073736498,0.6522676681118634
0.01,8.546875,0.01297375280219822,0.7091480199396532,0.6514035739125815
0.01,8.5625,0.01295311374415787,0.7120038513883479,0.6505391628136483
0.01,8.578125,0.012932541113695859,0.7148655685863091,0.6496744357346995
0.01,8.59375,0.01291203460534845,0.7177331720392685,0.6488093935910255
0.01,8.609375,0.012891593915777193,0.7206066622550327,0.6479440372935955
0.01,8.625,0.012871218743760097,0.7234860397435554,0.6470783677490828
0.01,8.640625,0.012850908790183165,0.7263713050170122,0.6462123858598882
0.01,8.65625,0.012830663758032448,0.7292624585898776,0.6453460925241622
0.01,8.671875,0.012810483352386503,0.732159500979004,0.6444794886358288
0.01,8.6875,0.012790367280409361,0.7350624327037041,0.6436125750846104
0.01,8.703125,0.012770315251343983,0.737971254285835,0.6427453527560477
0.01,8.71875,0.012750326976506224,0.7408859662498855,0.6418778225315243
0.01,8.734375,0.012730402169279367,0.743806569123066,0.6410099852882875
0.01,8.75,0.012710540545109202,0.7467330634354025,0.6401418418994725
0.01,8.765625,0.01269074182149971,0.749665449719832,0.6392733932341215
0.01,8.78125,0.012671005718009361,0.7526037285123033,0.6384046401572079
0.01,8.796875,0.012651331956248076,0.7555479003518792,0.6375355835296553
0.01,8.8125,0.012631720259874867,0.7584979657808449,0.6366662242083603
0.01,8.828125,0.012612170354596218,0.7614539253448178,0.6357965630462136
0.01,8.84375,0.012592681968165209,0.7644157795928634,0.6349266008921179
0.01,8.859375,0.012573254830381471,0.767383529077614,0.6340563385910122
0.01,8.875,0.012553888673091974,0.7703571743553934,0.6331857769838886
0.01,8.890625,0.012534583230192728,0.773336715986346,0.6323149169078138
0.01,8.90625,0.012515338237631474,0.7763221545345702,0.631443759195948
0.01,8.921875,0.012496153433411337,0.7793134905682578,0.6305723046775658
0.01,8.9375,0.01247702855759562,0.7823107246598404,0.6297005541780727
0.01,8.953125,0.012457963352313736,0.7853138573861396,0.6288285085190263
0.01,8.96875,0.012438957561768377,0.7883228893285246,0.6279561685181537
0.01,8.984375,0.012420010932244008,0.7913378210730779,0.6270835349893696
0.01,9.0,0.012401123212116793,0.794358653210766,0.6262106087427955
0.01,9.015625,0.012382294151866008,0.7973853863376195,0.6253373905847762
0.01,9.03125,0.01236352350408712,0.8004180210549201,0.6244638813178978
0.01,9.046875,0.012344811023506621,0.8034565579693981,0.6235900817410059
0.01,9.0625,0.012326156466998731,0.8065009976934367,0.62271599264922
0.01,9.078125,0.012307559593604167,0.8095513408452893,0.6218416148339528
0.01,9.09375,0.012289020164551134,0.8126075880493036,0.6209669490829247
0.01,9.109375,0.012270537943278684,0.8156697399361604,0.6200919961801806
0.01,9.125,0.012252112695462685,0.818737797143123,0.6192167569061053
0.01,9.140625,0.012233744189044621,0.8218117603142989,0.6183412320374392
0.01,9.15625,0.01221543219426347,0.8248916301009165,0.6174654223472926
0.01,9.171875,0.01219717648369091,0.8279774071616165,0.6165893286051612
0.01,9.1875,0.012178976832270223,0.8310690921627581,0.6157129515769404
0.01,9.203125,0.012160833017359188,0.8341666857787448,0.6148362920249381
0.01,9.21875,0.012142744818777388,0.8372701886923658,0.6139593507078893
0.01,9.234375,0.012124712018858357,0.84037960159516,0.6130821283809692
0.01,9.25,0.012106734402507018,0.8434949251878001,0.612204625795806
0.01,9.265625,0.01208881175726306,0.8466161601805008,0.6113268437004926
0.01,9.28125,0.012070943873370769,0.8497433072934519,0.6104487828395994
0.01,9.296875,0.012053130543856079,0.8528763672572797,0.6095704439541849
0.01,9.3125,0.012035371564611654,0.8560153408135377,0.6086918277818077
0.01,9.328125,0.012017666734490848,0.8591602287152303,0.6078129350565354
0.01,9.34375,0.012000015855411666,0.8623110317273731,0.606933766508956
0.01,9.359375,0.01198241873247184,0.8654677506275903,0.6060543228661871
0.01,9.375,0.011964875174076444,0.8686303862067566,0.6051746048518839
0.01,9.390625,0.011947384992079564,0.871798939269686,0.6042946131862471
0.01,9.40625,0.01192994800194192,0.8749734106358719,0.6034143485860325
0.01,9.421875,0.011912564022906424,0.8781538011402849,0.602533811764555
0.01,9.4375,0.011895232878194254,0.8813401116342336,0.6016530034316963
0.01,9.453125,0.011877954395224221,0.8845323429862968,0.6007719242939102
0.01,9.46875,0.011860728405858811,0.8877304960833318,0.5998905750542268
0.01,9.484375,0.011843554746680848,0.8909345718315724,0.5990089564122545
0.01,9.5,0.011826433259305482,0.8941445711578234,0.5981270690641846
0.01,9.515625,0.011809363790733027,0.8973604950107651,0.597244913702791
0.01,9.53125,0.011792346193749316,0.9005823443623814,0.5963624910174319
0.01,9.546875,0.011775380327381584,0.9038101202095288,0.5954798016940471
0.01,9.5625,0.011758466057419462,0.9070438235756628,0.5945968464151568
0.01,9.578125,0.011741603257012921,0.9102834555127484,0.5937136258598564
0.01,9.59375,0.011724791807361419,0.9135290171033744,0.5928301407038121
0.01,9.609375,0.011708031598512062,0.9167805094631117,0.5919463916192519
0.01,9.625,0.011691322530288692,0.9200379337431445,0.591062379274957
0.01,9.640625,0.011674664513379444,0.923301291133225,0.5901781043362493
0.01,9.65625,0.011658057470617548,0.9265705828650073,0.5892935674649761
0.01,9.671875,0.011641501338499663,0.9298458102158218,0.5884087693194943
0.01,9.6875,0.011624996068998786,0.9331269745129801,0.5875237105546472
0.01,9.703125,0.011608541631746076,0.9364140771387092,0.586638391821742
0.01,9.71875,0.01159213801667947,0.9397071195358463,0.5857528137685191
0.01,9.734375,0.011575785237289995,0.9430061032144598,0.5848669770391173
0.01,9.75,0.011559483334643067,0.9463110297596079,0.583980882274035
0.01,9.765625,0.01154323238241926,0.9496219008405145,0.583094530110083
0.01,9.78125,0.011527032493317498,0.952938718221529,0.5822079211803279
0.01,9.796875,0.01151088382731195,0.9562614837753657,0.5813210561140264
0.01,9.8125,0.011494786602482859,0.9595901994993069,0.5804339355365481
0.01,9.828125,0.011478741109505038,0.962924867535327,0.579546560069283
0.01,9.84375,0.011462747731475733,0.9662654901955199,0.5786589303295284
0.01,9.859375,0.01144680697178487,0.9696120699948801,0.5777710469303541
0.01,9.875,0.011430919494558225,0.972964609694599,0.5768829104804336
0.01,9.890625,0.011415086185658821,0.9763231123609339,0.5759945215838355
0.01,9.90625,0.011399308249215133,0.9796875814482193,0.5751058808397551
0.01,9.921875,0.011383587369999332,0.9830580209214613,0.5742169888421607
0.01,9.9375,0.011367926009626364,0.9864344354489001,0.5733278461793158
0.01,9.953125,0.011352328011626708,0.9898168307317782,0.5724384534330912
0.01,9.96875,0.011336800069519211,0.9932052141489988,0.5715488111779142
0.01,9.984375,0.011321356564664873,0.9965995963572262,0.5706589199789531
0.01,10.0,0.01130606181038001,1.0,0.5697687803882557
0.1,0.0,0.5096497441376343,0.0,1.0
0.1,0.015625,0.5096200949759904,2.0556743575051016e-08,1.0
0.1,0.03125,0.5095311909705639,1.2332611682880972e-07,0.9999923795444212
0.1,0.046875,0.5093831623604185,3.904634234970801e-07,0.9999796805576568
0.1,0.0625,0.509176225547734,9.040095251528813e-07,0.9999619056952608
0.1,0.078125,0.508910682110065,1.7458341426422844e-06,0.9999390586685326
0.1,0.09375,0.5085869174306933,2.9975797795554426e-06,0.9999111442380803
0.1,0.109375,0.5082053989600012,4.740606466850372e-06,0.9998781682055983
0.1,0.125,0.5077666741241291,7.0559375208561074e-06,0.9998401374039019
0.1,0.140625,0.5072713679002485,1.0024206498465197e-05,0.9997970596852669
0.1,0.15625,0.5067201800805536,1.3725605523507536e-05,0.9997489439081277
0.1,0.171875,0.5061138822494993,1.8239835147221072e-05,0.999695799922202
0.1,0.1875,0.5054533145008719,2.3646055893557893e-05,0.9996376385521085
0.1,0.203125,0.5047393819229432,3.002284162695605e-05,0.9995744715795535
0.1,0.21875,0.5039730508812248,3.7448134866345865e-05,0.9995063117241691
0.1,0.234375,0.5031553451291885,4.5999204154726515e-05,0.9994331726230884
0.1,0.25,0.5022873417777822,5.575260357882692e-05,0.9993550688093444
0.1,0.265625,0.5013701671546186,6.678413451833507e-05,0.999272015689188
0.1,0.28125,0.5004049925834165,7.91688096891159e-05,0.9991840295184174
0.1,0.296875,0.49939303011361363,9.29808195299062e-05,0.9990911273778174
0.1,0.3125,0.4983355282290891,0.00010829350096733036,0.9989933271478028
0.1,0.328125,0.4972337675636884,0.000125179308579864,0.9988906474823639
0.1,0.34375,0.4960890566497289,0.00014370978816771293,0.9987831077824133
0.1,0.359375,0.4949027277239592,0.0001639555527225804,0.9986707281686249
0.1,0.375,0.4936761326135602,0.00018598626077906313,0.9985535294538624
0.1,0.390625,0.4924106387227757,0.00020987059711802188,0.9984315331152879
0.1,0.40625,0.4911076251386509,0.00023567625578177685,0.9983047612662389
0.1,0.421875,0.48976847887221503,0.00026346992535142483,0.99817323662796
0.1,0.4375,0.4883945912492684,0.000293317276427992,0.998036982501272
0.1,0.453125,0.4869873544627743,0.0003252829512515372,0.9978960227382564
0.1,0.46875,0.4855481582967448,0.00035943055538570346,0.99775038171403
0.1,0.484375,0.4840783870294537,0.00039582265138956966,0.997600084298679
0.1,0.5,0.4825794165218465,0.00043452075439395175,0.9974451558294212
0.1,0.515625,0.4810526114951633,0.0004755853294955156,0.9972856220830547
0.1,0.53125,0.47949932300004294,0.0005190757908791437,0.9971215092487505
0.1,0.546875,0.47792088607777755,0.0005650505025769027,0.9969528439012437
0.1,0.5625,0.47631861761290695,0.0006135667807706333,0.9967796529744672
0.1,0.578125,0.4746938143750163,0.0006646808975445665,0.9966019637356732
0.1,0.59375,0.4730477512464149,0.0007184480859944149,0.9964198037600824
0.1,0.609375,0.4713816796313286,0.0007749225466000115,0.9962332009060917
0.1,0.625,0.4696968260413401,0.0008341574547697376,0.996042183291073
0.1,0.640625,0.46799439085104017,0.0008962049694666114,0.9958467792677899
0.1,0.65625,0.4662755472172221,0.0009611162428279519,0.9956470174014515
0.1,0.671875,0.4645414401544328,0.0010289414306929353,0.9954429264474248
0.1,0.6875,0.4627931857593005,0.0010997297039550592,0.995234535329619
0.1,0.703125,0.4610318705757651,0.0011735292606594742,0.9950218731195526
0.1,0.71875,0.4592585510931419,0.0012503873387682944,0.9948049690161151
0.1,0.734375,0.45747425336884745,0.001330350229520297,0.9945838523260244
0.1,0.75,0.4556799727675831,0.0014134632913148366,0.9943585524449865
0.1,0.765625,0.45387667380882324,0.001499770964053299,0.994129098839556
0.1,0.78125,0.45206529011455165,0.0015893167838749388,0.993895521029696
0.1,0.796875,0.45024672444935465,0.001682143398227508,0.9936578485720335
0.1,0.8125,0.4484218488451754,0.001778292581216601,0.9934161110438029
0.1,0.828125,0.4465915048032815,0.0018778052491811384,0.9931703380274733
0.1,0.84375,0.44475650356626106,0.001980721476445846,0.9929205590960478
0.1,0.859375,0.442917626453166,0.0020870805112049393,0.9926668037990227
0.1,0.875,0.4410756252512263,0.002196920791494494,0.9924091016490001
0.1,0.890625,0.4392312226578945,0.002310279961214137,0.9921474821089346
0.1,0.90625,0.43738511276730924,0.002427194886161762,0.991881974580007
0.1,0.921875,0.4355379615956094,0.0025477016700478725,0.9916126083901036
0.1,0.9375,0.43369040763987227,0.0026718356704589995,0.9913394127828911
0.1,0.953125,0.4318430624657863,0.0027996315147422804,0.9910624169074699
0.1,0.96875,0.4299965113195031,0.0029311231157858574,0.9907816498085881
0.1,0.984375,0.42815131375944365,0.003066343687672137,0.9904971404174012
0.1,1.0,0.42630800430414634,0.0032053257611832663,0.9902089175427604
0.1,1.015625,0.42446709309255515,0.003348101199140285,0.9899170098630132
0.1,1.03125,0.4226290665534445,0.0034947012115594746,0.9896214459182979
0.1,1.046875,0.42079438808095315,0.0036451563706112813,0.9893222541033154
0.1,1.0625,0.4189634987134789,0.0037994966253689752,0.9890194626605634
0.1,1.078125,0.417136817813433,0.003957751316335855,0.9887130996740128
0.1,1.09375,0.4153147437456044,0.004119949189741339,0.9884031930632124
0.1,1.109375,0.4134976545521047,0.004286118411597705,0.9880897705778042
0.1,1.125,0.4116859086220836,0.004456286581510554,0.9877728597924323
0.1,1.140625,0.40987984535460664,0.004630480746237304,0.987452488102032
0.1,1.15625,0.40807978581326765,0.004808727412989123,0.9871286827174801
0.1,1.171875,0.40628603337129077,0.00499105256247274,0.986801470661595
0.1,1.1875,0.40449887434603377,0.005177481661669536,0.9864708787654665
0.1,1.203125,0.40271857862195226,0.005368039676350141,0.9861369336651064
0.1,1.21875,0.4009454002612269,0.005562751083323587,0.9857996617984012
0.1,1.234375,0.3991795781013783,0.005761639882420746,0.9854590894023552
0.1,1.25,0.39742133633931065,0.005964729608212443,0.9851152425106101
0.1,1.265625,0.3956708851013331,0.006172043341463232,0.984768146951228
0.1,1.28125,0.39392842099880016,0.006383603720322294,0.984417828344726
0.1,1.296875,0.3921941276691058,0.0065994329512534524,0.9840643121023467
0.1,1.3125,0.390468176301837,0.006819552819706659,0.9837076234245598
0.1,1.328125,0.38875072614997397,0.007043984700533725,0.983347787299775
0.1,1.34375,0.38704192502607715,0.007272749568151349,0.9829848285032619
0.1,1.359375,0.3853419097834671,0.007505868006454823,0.9826187715962628
0.1,1.375,0.38365080678245106,0.007743360218486028,0.9822496409252881
0.1,1.390625,0.38196873234169443,0.007985246035859527,0.9818774606215876
0.1,1.40625,0.3802957931748755,0.008231544927950814,0.9815022546007846
0.1,1.421875,0.3786320868128004,0.008482276010850824,0.9811240465626646
0.1,1.4375,0.37697770201117925,0.008737458056091059,0.9807428599911142
0.1,1.453125,0.3753327191442965,0.008997109499143698,0.9803587181541933
0.1,1.46875,0.37369721058482774,0.009261248447701181,0.9799716441043403
0.1,1.484375,0.3720712410700759,0.009529892689739831,0.9795816606787016
0.1,1.5,0.3704548680549153,0.009803059701372071,0.9791887904995721
0.1,1.515625,0.36884814205174354,0.01008076665449191,0.9787930559749471
0.1,1.53125,0.3672511069577557,0.010363030424218277,0.9783944792991766
0.1,1.546875,0.36566380036985796,0.010649867596140882,0.9779930824537105
0.1,1.5625,0.3640862538875501,0.010941294473373208,0.9775888872079384
0.1,1.578125,0.36251849340410436,0.011237327083417235,0.9771819151201083
0.1,1.59375,0.3609605393863768,0.011537981184844491,0.9767721875383262
0.1,1.609375,0.35941240714358197,0.011843272273797934,0.9763597256016258
0.1,1.625,0.3578741070853681,0.012153215590319164,0.9759445502411073
0.1,1.640625,0.35634564496952326,0.012467826124505395,0.9755266821811381
0.1,1.65625,0.354827022139643,0.012787118622500574,0.9751061419406117
0.1,1.671875,0.35331823575308696,0.01311110759232491,0.9746829498342601
0.1,1.6875,0.35181927899954546,0.013439807309547133,0.9742571259740169
0.1,1.703125,0.3503301413105364,0.013773231822803551,0.9738286902704244
0.1,1.71875,0.34885080856014244,0.014111394959168093,0.9733976624340845
0.1,1.734375,0.34738126325729646,0.014454310329377282,0.9729640619771461
0.1,1.75,0.34592148472991535,0.014801991332914127,0.9725279082148293
0.1,1.765625,0.3444714493011756,0.015154451162954764,0.9720892202669807
0.1,1.78125,0.34303113045821826,0.0155117028111816,0.9716480170596578
0.1,1.796875,0.3416004990135612,0.01587375907246671,0.9712043173267392
0.1,1.8125,0.34017952325949447,0.01624063254942903,0.9707581396115585
0.1,1.828125,0.3387681691157199,0.016612335656868902,0.9703095022685586
0.1,1.84375,0.33736640027049536,0.016988880626083423,0.9698584234649648
0.1,1.859375,0.33597417831553356,0.017370279509065906,0.9694049211824736
0.1,1.875,0.3345914628748958,0.017756544182592777,0.9689490132189555
0.1,1.890625,0.33321821172811944,0.018147686352201074,0.9684907171901707
0.1,1.90625,0.3318543809278034,0.018543717556059654,0.9680300505314922
0.1,1.921875,0.3304999249118746,0.018944649168737147,0.96756703049964
0.1,1.9375,0.32915479661074637,0.01935049240486958,0.9671016741744202
0.1,1.953125,0.32781894754957747,0.019761258322730575,0.966633998460469
0.1,1.96875,0.3264923279458264,0.020176957827706902,0.9661640200890003
0.1,1.984375,0.32517488680229845,0.020597601675682076,0.965691755619555
0.1,2.0,0.32386657199586516,0.021023200476330654,0.965217221441751
0.1,2.015625,0.3225673303620392,0.02145376469632583,0.9647404337770332
0.1,2.03125,0.3212771077755736,0.021889304662462777,0.9642614086804193
0.1,2.046875,0.3199958492272528,0.022329830564700164,0.963780162042246
0.1,2.0625,0.3187234988970346,0.02277535245912227,0.9632967095899085
0.1,2.078125,0.3174600002236966,0.023225880270823843,0.9628110668895962
0.1,2.09375,0.31620529597113506,0.023681423796720096,0.9623232493480219
0.1,2.109375,0.3149593282914579,0.024141992708283894,0.9618332722141457
0.1,2.125,0.3137220387850089,0.024607596554212203,0.9613411505808892
0.1,2.140625,0.3124933685574548,0.02507824476302395,0.9608468993868433
0.1,2.15625,0.3112732582740599,0.025553946645591116,0.9603505334179662
0.1,2.171875,0.31006164821127197,0.026034711397605152,0.9598520673092724
0.1,2.1875,0.30885847830573276,0.026520548101980398,0.9593515155465107
0.1,2.203125,0.3076636882008279,0.02701146573119643,0.9588488924678328
0.1,2.21875,0.3064772172908814,0.02750747314958107,0.9583442122654492
0.1,2.234375,0.30529900476309796,0.028008579115535708,0.9578374889872753
0.1,2.25,0.30412898963735313,0.028514792283704574,0.9573287365385631
0.1,2.265625,0.3029671108039242,0.029026121207089726,0.9568179686835235
0.1,2.28125,0.3018133070592543,0.029542574339113,0.9563051990469327
0.1,2.296875,0.30066751713983514,0.030064160035626727,0.9557904411157274
0.1,2.3125,0.29952967975429406,0.030590886556874485,0.9552737082405869
0.1,2.328125,0.29839973361376293,0.031122762069403398,0.9547550136374988
0.1,2.34375,0.29727761746060744,0.03165979464792928,0.9542343703893155
0.1,2.359375,0.2961632700955898,0.03220199227715601,0.9537117914472909
0.1,2.375,0.29505663040353464,0.03274936285355045,0.9531872896326082
0.1,2.390625,0.29395763737756586,0.03330191418707399,0.9526608776378891
0.1,2.40625,0.29286623014197993,0.033859654002872226,0.9521325680286916
0.1,2.421875,0.2917823479738162,0.03442258994292367,0.9516023732449898
0.1,2.4375,0.29070593032318365,0.03499072956764879,0.9510703056026415
0.1,2.453125,0.289636916832402,0.035564080357480383,0.9505363772948409
0.1,2.46875,0.2885752473540093,0.036142649714396534,0.9500006003935532
0.1,2.484375,0.28752086196769067,0.03672644496341694,0.9494629868509382
0.1,2.5,0.2864737009961754,0.03731547335406388,0.9489235485007562
0.1,2.515625,0.28543370502015164,0.03790974206178853,0.9483822970597596
0.1,2.53125,0.2844008148922431,0.0385092581893639,0.947839244129069
0.1,2.546875,0.2833749717500925,0.039114028768245,0.9472944011955344
0.1,2.5625,0.2823561170285933,0.03972406075989734,0.9467477796330824
0.1,2.578125,0.28134419247130765,0.0403393610570945,0.9461993907040455
0.1,2.59375,0.28033914014111166,0.04095993648518571,0.9456492455604786
0.1,2.609375,0.27934090243010284,0.04158579380333426,0.9450973552454612
0.1,2.625,0.2783494220688041,0.04221693970572733,0.9445437306943814
0.1,2.640625,0.2773646421346997,0.04285338082275834,0.9439883827362073
0.1,2.65625,0.2763865060601323,0.043495123722182276,0.9434313220947443
0.1,2.671875,0.2754149576395953,0.044142174910244886,0.9428725593898746
0.1,2.6875,0.27444994103644493,0.04479454083278634,0.9423121051387847
0.1,2.703125,0.2734914007890649,0.04545222787632009,0.9417499697571778
0.1,2.71875,0.2725392818165068,0.046115242369087664,0.9411861635604696
0.1,2.734375,0.27159352942363324,0.0467835905820898,0.9406206967649727
0.1,2.75,0.2706540893057877,0.04745727873009486,0.9400535794890641
0.1,2.765625,0.269720907553015,0.04813631297262483,0.9394848217543403
0.1,2.78125,0.2687939306538534,0.04882069941491972,0.9389144334867567
0.1,2.796875,0.26787310549872123,0.04951044410888079,0.9383424245177542
0.1,2.8125,0.26695837938291683,0.0502055530539932,0.9377688045853706
0.1,2.828125,0.26604970000925243,0.050906032198228666,0.9371935833353403
0.1,2.84375,0.2651470154903401,0.051611887438928535,0.9366167703221776
0.1,2.859375,0.2642502743505467,0.052323124623667894,0.9360383750102484
0.1,2.875,0.26335942552763686,0.05303974955110117,0.9354584067748276
0.1,2.890625,0.2624744183741178,0.05376176797178961,0.9348768749031441
0.1,2.90625,0.2615952026583025,0.0544891855890113,0.9342937885954111
0.1,2.921875,0.26072172856510734,0.05522200805955391,0.9337091569658446
0.1,2.9375,0.25985394669659506,0.055960240994490894,0.9331229890436686
0.1,2.953125,0.25899180807228,0.05670388995994126,0.9325352937741076
0.1,2.96875,0.2581352641292061,0.057452960477813654,0.9319460800193659
0.1,2.984375,0.2572842667218112,0.05820745802653482,0.9313553565595952
0.1,3.0,0.25643876812158817,0.058967388041763096,0.9307631320938496
0.1,3.015625,0.2555987210165562,0.059732755917087196,0.9301694152410274
0.1,3.03125,0.2547640785105498,0.06050356700471063,0.9295742145408022
0.1,3.046875,0.25393479412233894,0.061279826616122204,0.9289775384545416
0.1,3.0625,0.2531108217845874,0.06206154002275289,0.9283793953662128
0.1,3.078125,0.2522921158426612,0.06284871245661937,0.9277797935832788
0.1,3.09375,0.2514786310532926,0.06364134911095465,0.9271787413375807
0.1,3.109375,0.2506703225831119,0.06443945514082611,0.926576246786211
0.1,3.125,0.249867146007052,0.06524303566374108,0.9259723180123721
0.1,3.140625,0.2490690573066357,0.06605209576024049,0.9253669630262282
0.1,3.15625,0.24827601286815065,0.06686664047448079,0.9247601897657424
0.1,3.171875,0.24748796948072221,0.06768667481480435,0.9241520060975036
0.1,3.1875,0.2467048843342871,0.06851220375429877,0.9235424198175458
0.1,3.203125,0.24592671501747743,0.06934323223134521,0.9229314386521512
0.1,3.21875,0.24515341951541939,0.07017976515015616,0.9223190702586483
0.1,3.234375,0.24438495620745218,0.07102180738130273,0.9217053222261967
0.1,3.25,0.243621283864775,0.07186936376223194,0.9210902020765614
0.1,3.265625,0.24286236164802363,0.07272243909777387,0.9204737172648785
0.1,3.28125,0.2421081491047848,0.0735810381606395,0.9198558751804102
0.1,3.296875,0.24135860616705174,0.07444516569190877,0.9192366831472903
0.1,3.3125,0.24061369314862568,0.07531482640150965,0.9186161484252593
0.1,3.328125,0.23987337074246673,0.07619002496868807,0.9179942782103904
0.1,3.34375,0.23913760001800052,0.07707076604246926,0.9173710796358063
0.1,3.359375,0.23840634241838152,0.07795705424211029,0.9167465597723862
0.1,3.375,0.2376795597577189,0.07884889415754433,0.9161207256294638
0.1,3.390625,0.2369572142182679,0.07974629034981678,0.9154935841555163
0.1,3.40625,0.23623926834758988,0.08064924735151333,0.9148651422388435
0.1,3.421875,0.2355256850556841,0.08155776966718012,0.9142354067082402
0.1,3.4375,0.23481642761209473,0.08247186177373654,0.9136043843336578
0.1,3.453125,0.23411145964299557,0.0833915281208803,0.912972081826858
0.1,3.46875,0.2334107451282554,0.08431677313148526,0.9123385058420577
0.1,3.484375,0.2327142483984864,0.08524760120199236,0.911703662976567
0.1,3.5,0.23202193413207872,0.0861840167027932,0.9110675597714165
0.1,3.515625,0.23133376735222214,0.08712602397860722,0.9104302027119787
0.1,3.53125,0.23064971342391882,0.08807362734885191,0.90979159822858
0.1,3.546875,0.22996973805098767,0.08902683110800673,0.9091517526971047
0.1,3.5625,0.22929380727306364,0.08998563952597058,0.9085106724395927
0.1,3.578125,0.22862188746259265,0.09095005684841305,0.9078683637248278
0.1,3.59375,0.2279539453218244,0.09192008729711956,0.9072248327689186
0.1,3.609375,0.22728994787980558,0.09289573507033076,0.906580085735873
0.1,3.625,0.22662986248937395,0.09387700434307585,0.905934128738165
0.1,3.640625,0.22597365682415438,0.09486389926750033,0.9052869678372921
0.1,3.65625,0.22532129887556027,0.09585642397318829,0.9046386090443292
0.1,3.671875,0.22467275694980016,0.09685458256747911,0.9039890583204719
0.1,3.6875,0.22402799966489068,0.09785837913577893,0.9033383215775755
0.1,3.703125,0.22338699594767766,0.09886781774186691,0.9026864046786853
0.1,3.71875,0.2227497150308673,0.09988290242819635,0.9020333134385599
0.1,3.734375,0.22211612645006557,0.10090363721619094,0.9013790536241902
0.1,3.75,0.22148620004083108,0.10193002610653598,0.9007236309553095
0.1,3.765625,0.22085990593573845,0.102962073079465,0.9000670511048972
0.1,3.78125,0.22023721456145517,0.10399978209504163,0.8994093196996771
0.1,3.796875,0.21961809663583257,0.10504315709343687,0.898750442320609
0.1,3.8125,0.2190025231650112,0.10609220199520199,0.8980904245033733
0.1,3.828125,0.21839046544054125,0.10714692070153699,0.897429271738851
0.1,3.84375,0.21778189503651965,0.10820731709455485,0.8967669894735953
0.1,3.859375,0.2171767838067431,0.10927339503754144,0.8961035831103001
0.1,3.875,0.216575103881879,0.11034515837521147,0.8954390580082596
0.1,3.890625,0.21597682766665355,0.11142261093396047,0.894773419483824
0.1,3.90625,0.2153819278370586,0.11250575652211267,0.8941066728108498
0.1,3.921875,0.21479037733757717,0.11359459893016514,0.8934388232211418
0.1,3.9375,0.21420214937842774,0.11468914193102818,0.8927698759048932
0.1,3.953125,0.213617217432829,0.11578938928026193,0.8920998360111163
0.1,3.96875,0.21303555523428352,0.1168953447163095,0.8914287086480719
0.1,3.984375,0.21245713677388284,0.11800701196072638,0.8907564988836892
0.1,4.0,0.2118819362976321,0.11912439471840658,0.8900832117459836
0.1,4.015625,0.21130992830379627,0.12024749667780531,0.8894088522234671
0.1,4.03125,0.21074108754026752,0.12137632151115822,0.8887334252655555
0.1,4.046875,0.2101753890019534,0.12251087287469753,0.8880569357829692
0.1,4.0625,0.20961280792818746,0.123651154408865,0.8873793886481286
0.1,4.078125,0.2090533198001605,0.12479716973852156,0.8867007886955467
0.1,4.09375,0.20849690033837526,0.12594892247315415,0.8860211407222144
0.1,4.109375,0.20794352550012163,0.12710641620707933,0.8853404494879824
0.1,4.125,0.2073931714769751,0.12826965451964414,0.8846587197159381
0.1,4.140625,0.20684581469231716,0.12943864097542399,0.8839759560927778
0.1,4.15625,0.20630143179887803,0.13061337912441767,0.883292163269174
0.1,4.171875,0.20575999967630185,0.1317938725022398,0.8826073458601391
0.1,4.1875,0.2052214954287344,0.1329801246303103,0.8819215084453833
0.1,4.203125,0.2046858963824336,0.13417213901604144,0.8812346555696692
0.1,4.21875,0.20415318008340216,0.13536991915302218,0.8805467917431615
0.1,4.234375,0.2036233242950429,0.1365734685212,0.8798579214417727
0.1,4.25,0.20309630699583694,0.1377827905870602,0.8791680491075038
0.1,4.265625,0.2025721063770441,0.13899788880380276,0.8784771791487831
0.1,4.28125,0.202050700840426,0.1402187666115169,0.8777853159407969
0.1,4.296875,0.20153206899599174,0.14144542743735303,0.8770924638258205
0.1,4.3125,0.20101618965976542,0.1426778746956928,0.8763986271135428
0.1,4.328125,0.20050304185157725,0.1439161117883164,0.8757038100813859
0.1,4.34375,0.19999260479287564,0.14516014210456818,0.8750080169748243
0.1,4.359375,0.1994848579045625,0.14640996902151965,0.8743112520076973
0.1,4.375,0.19897978080485024,0.1476655959041306,0.8736135193625183
0.1,4.390625,0.19847735330714078,0.14892702610540795,0.8729148231907814
0.1,4.40625,0.19797755541792736,0.15019426296656294,0.8722151676132628
0.1,4.421875,0.1974803673347168,0.1514673098171658,0.8715145567203196
0.1,4.4375,0.19698576944397483,0.1527461699752988,0.8708129945721855
0.1,4.453125,0.1964937423190924,0.15403084674770726,0.870110485199261
0.1,4.46875,0.19600426671837384,0.15532134342994874,0.8694070326024015
0.1,4.484375,0.19551732358304602,0.15661766330654028,0.8687026407532031
0.1,4.5,0.19503289403528937,0.15791980965110386,0.8679973135942824
0.1,4.515625,0.19455095937628927,0.15922778572651017,0.8672910550395547
0.1,4.53125,0.19407150108430954,0.16054159478502053,0.8665838689745087
0.1,4.546875,0.19359450081278545,0.16186124006842711,0.8658757592564771
0.1,4.5625,0.19311994038843866,0.16318672480819152,0.865166729714906
0.1,4.578125,0.19264780180941193,0.1645180522255817,0.8644567841516178
0.1,4.59375,0.19217806724342462,0.1658552255318073,0.8637459263410749
0.1,4.609375,0.1917107190259482,0.16719824792815327,0.8630341600306366
0.1,4.625,0.19124573965840236,0.16854712260611224,0.8623214889408166
0.1,4.640625,0.19078311180637023,0.16990185274751496,0.8616079167655339
0.1,4.65625,0.19032281829783423,0.17126244152465966,0.8608934471723635
0.1,4.671875,0.18986484212143093,0.1726288921004397,0.860178083802783
0.1,4.6875,0.18940916642472574,0.1740012076284697,0.8594618302724162
0.1,4.703125,0.1889557745125067,0.1753793912532107,0.8587446901712747
0.1,4.71875,0.18850464984509735,0.17676344611009334,0.8580266670639953
0.1,4.734375,0.18805577603668858,0.17815337532564032,0.8573077644900767
0.1,4.75,0.18760913685368957,0.179549182017587,0.856587985964111
0.1,4.765625,0.18716471621309658,0.1809508692950009,0.8558673349760144
0.1,4.78125,0.18672249818088102,0.18235844025840034,0.855145814991255
0.1,4.796875,0.1862824669703954,0.18377189799987087,0.8544234294510765
0.1,4.8125,0.1858446069407971,0.18519124560318156,0.8537001817727219
0.1,4.828125,0.18540890259549053,0.18661648614389933,0.8529760753496518
0.1,4.84375,0.18497533858058676,0.18804762268950248,0.8522511135517619
0.1,4.859375,0.18454389968338086,0.18948465829949285,0.8515252997255988
0.1,4.875,0.1841145708308463,0.19092759602550716,0.8507986371945705
0.1,4.890625,0.18368733708814722,0.1923764389114268,0.8500711292591573
0.1,4.90625,0.18326218365716693,0.193831189993487,0.8493427791971189
0.1,4.921875,0.1828390958750541,0.19529185230038465,0.8486135902636995
0.1,4.9375,0.1824180592127848,0.19675842885338507,0.8478835656918307
0.1,4.953125,0.18199905927374208,0.19823092266642808,0.8471527086923314
0.1,4.96875,0.18158208179231067,0.19970933674623256,0.8464210224541068
0.1,4.984375,0.1811671126324891,0.20119367409240052,0.8456885101443435
0.1,5.0,0.1807541377865171,0.20268393769751997,0.8449551749087039
0.1,5.015625,0.1803431433735189,0.20418013054726683,0.8442210198715175
0.1,5.03125,0.17993411563816247,0.2056822556205061,0.8434860481359702
0.1,5.046875,0.1795270409493341,0.20719031588939188,0.8427502627842917
0.1,5.0625,0.17912190579882814,0.2087043143194668,0.8420136668779407
0.1,5.078125,0.1787186968000526,0.21022425386976026,0.8412762634577886
0.1,5.09375,0.17831740068674867,0.21175013749288624,0.8405380555442994
0.1,5.109375,0.1779180043117261,0.21328196813513975,0.8397990461377094
0.1,5.125,0.17752049464561298,0.21481974873659307,0.8390592382182049
0.1,5.140625,0.17712485877561923,0.21636348223119076,0.8383186347460962
0.1,5.15625,0.17673108390431594,0.21791317154684406,0.8375772386619922
0.1,5.171875,0.17633915734842756,0.21946881960552447,0.8368350528869696
0.1,5.1875,0.17594906653763892,0.22103042932335673,0.8360920803227443
0.1,5.203125,0.17556079901341576,0.22259800361071097,0.8353483238518387
0.1,5.21875,0.1751743424278391,0.22417154537229414,0.8346037863377453
0.1,5.234375,0.17478968454245314,0.22575105750724064,0.8338584706250938
0.1,5.25,0.17440681322712684,0.22733654290920283,0.8331123795398107
0.1,5.265625,0.17402571645892811,0.22892800446644,0.8323655158892804
0.1,5.28125,0.1736463823210121,0.2305254450619074,0.8316178824625037
0.1,5.296875,0.17326879900152117,0.23212886757334442,0.8308694820302555
0.1,5.3125,0.17289295479249916,0.2337382748733621,0.8301203173452384
0.1,5.328125,0.17251883808881682,0.23535366982953,0.8293703911422369
0.1,5.34375,0.17214643738711108,0.23697505530446275,0.8286197061382693
0.1,5.359375,0.1717757412847356,0.23860243415590576,0.827868265032738
0.1,5.375,0.17140673847872437,0.24023580923682042,0.8271160705075774
0.1,5.390625,0.1710394177647671,0.24187518339546887,0.8263631252274016
0.1,5.40625,0.17067376803619608,0.24352055947549825,0.8256094318396486
0.1,5.421875,0.17030977828298588,0.24517194031602418,0.8248549929747252
0.1,5.4375,0.16994743759076378,0.24682932875171412,0.8240998112461487
0.1,5.453125,0.16958673513983205,0.24849272761286992,0.8233438892506875
0.1,5.46875,0.1692276602042019,0.25016213972551016,0.8225872295685006
0.1,5.484375,0.1688702021506383,0.25183756791145173,0.8218298347632754
0.1,5.5,0.16851435043771593,0.2535190149883914,0.8210717073823636
0.1,5.515625,0.16816009461488676,0.25520648376998645,0.8203128499569157
0.1,5.53125,0.1678074243215574,0.25689997706593515,0.8195532650020159
0.1,5.546875,0.16745632928617846,0.2585994976820571,0.8187929550168118
0.1,5.5625,0.16710679932534322,0.2603050484203724,0.8180319224846464
0.1,5.578125,0.1667588243428981,0.26201663207918124,0.8172701698731873
0.1,5.59375,0.16641239432906235,0.263734251453143,0.8165076996345538
0.1,5.609375,0.1660674993595587,0.2654579093333543,0.8157445142054445
0.1,5.625,0.16572412959475397,0.2671876085074274,0.8149806160072604
0.1,5.640625,0.16538227527880953,0.2689233517595684,0.8142160074462307
0.1,5.65625,0.16504192673884166,0.2706651418706542,0.8134506909135348
0.1,5.671875,0.164703074384092,0.2724129816183104,0.8126846687854227
0.1,5.6875,0.1643657087051071,0.2741668737769875,0.8119179434233355
0.1,5.703125,0.16402982027292826,0.2759268211180383,0.8111505171740251
0.1,5.71875,0.16369539973828975,0.27769282640979376,0.8103823923696696
0.1,5.734375,0.16336243783082757,0.27946489241763944,0.8096135713279913
0.1,5.75,0.1630309253582963,0.2812430219040913,0.808844056352371
0.1,5.765625,0.16270085320579578,0.28302721762887106,0.8080738497319621
0.1,5.78125,0.16237221233500657,0.2848174823489821,0.8073029537418022
0.1,5.796875,0.16204499378343398,0.28661381881878434,0.8065313706429267
0.1,5.8125,0.16171918866366145,0.28841622979006926,0.8057591026824773
0.1,5.828125,0.161394788162612,0.290224718012135,0.804986152093812
0.1,5.84375,0.1610717835408188,0.29203928623186043,0.804212521096612
0.1,5.859375,0.16075016613170373,0.2938599371937801,0.8034382118969915
0.1,5.875,0.16042992734086467,0.2956866736401586,0.8026632266876002
0.1,5.890625,0.16011105864537092,0.29751949831106417,0.80188756764773
0.1,5.90625,0.15979355159306652,0.29935841394444324,0.8011112369434182
0.1,5.921875,0.1594773978018822,0.30120342327619404,0.8003342367275504
0.1,5.9375,0.15916258895915486,0.30305452904024066,0.7995565691399621
0.1,5.953125,0.15884911682095518,0.3049117339686065,0.7987782363075382
0.1,5.96875,0.15853697321142288,0.3067750407914878,0.7979992403443136
0.1,5.984375,0.15822615002210957,0.30864445223732767,0.797219583351572
0.1,6.0,0.1579166392113298,0.31051997103288886,0.7964392674179421
0.1,6.015625,0.15760843280351866,0.3124015999033277,0.7956582946194956
0.1,6.03125,0.15730152288859778,0.31428934157226723,0.7948766670198409
0.1,6.046875,0.1569959016213481,0.3161831987618705,0.79409438667022
0.1,6.0625,0.15669156122079006,0.31808317419291404,0.7933114556095996
0.1,6.078125,0.15638849396957094,0.31998927058486093,0.792527875864766
0.1,6.09375,0.15608669221335947,0.32190149065593426,0.791743649450415
0.1,6.109375,0.15578614836024704,0.3238198371231906,0.7909587783692439
0.1,6.125,0.15548685488015654,0.3257443127025931,0.7901732646120406
0.1,6.140625,0.15518880430425713,0.3276749201090847,0.7893871101577741
0.1,6.15625,0.15489198922438663,0.32961166205666204,0.7886003169736795
0.1,6.171875,0.15459640229248006,0.3315545412584487,0.7878128870153484
0.1,6.1875,0.15430203622000507,0.3335035604267686,0.7870248222268136
0.1,6.203125,0.15400888377740404,0.33545872227322004,0.7862361245406346
0.1,6.21875,0.153716937793542,0.3374200295087491,0.7854467958779832
0.1,6.234375,0.15342619115516176,0.33938748484372366,0.7846568381487249
0.1,6.25,0.15313663680634493,0.34136109098800727,0.7838662532515053
0.1,6.265625,0.1528482677479792,0.3433408506510333,0.7830750430738288
0.1,6.28125,0.15256107703723187,0.34532676654187944,0.7822832094921419
0.1,6.296875,0.15227505778702957,0.34731884136934166,0.7814907543719131
0.1,6.3125,0.15199020316554387,0.34931707784200905,0.7806976795677122
0.1,6.328125,0.1517065063956831,0.3513214786683386,0.7799039869232898
0.1,6.34375,0.15142396075458958,0.35333204655673006,0.779109678271654
0.1,6.359375,0.15114255957314365,0.35534878421560134,0.7783147554351503
0.1,6.375,0.15086229623547226,0.3573716943534634,0.7775192202255351
0.1,6.390625,0.15058316417846435,0.35940077967899653,0.7767230744440539
0.1,6.40625,0.15030515689129104,0.3614360429011257,0.775926319881514
0.1,6.421875,0.15002826791493243,0.36347748672909685,0.7751289583183611
0.1,6.4375,0.14975249084170866,0.3655251138725534,0.7743309915247514
0.1,6.453125,0.14947781931481766,0.3675789270416129,0.7735324212606247
0.1,6.46875,0.14920424702787746,0.36963892894694395,0.7727332492757762
0.1,6.484375,0.14893176772447428,0.37170512229984354,0.7719334773099291
0.1,6.5,0.1486603751977159,0.37377750981231495,0.7711331070928029
0.1,6.515625,0.1483900632897902,0.3758560941971451,0.7703321403441857
0.1,6.53125,0.14812082589152875,0.3779408781679838,0.7695305787740028
0.1,6.546875,0.14785265694197594,0.3800318644394216,0.768728424082384
0.1,6.5625,0.14758555042796287,0.38212905572706957,0.7679256779597332
0.1,6.578125,0.1473195003836864,0.3842324547476383,0.7671223420867948
0.1,6.59375,0.1470545008902931,0.3863420642190184,0.76631841813472
0.1,6.609375,0.1467905460754682,0.38845788686036026,0.7655139077651341
0.1,6.625,0.14652763011302966,0.3905799253921554,0.7647088126301997
0.1,6.640625,0.14626574722252658,0.39270818253631745,0.7639031343726824
0.1,6.65625,0.14600489166884276,0.394842661016264,0.7630968746260154
0.1,6.671875,0.14574505776180516,0.39698336355699887,0.7622900350143615
0.1,6.6875,0.14548623985579645,0.3991302928851951,0.7614826171526773
0.1,6.703125,0.14522843234937294,0.40128345172927804,0.7606746226467731
0.1,6.71875,0.14497162968488667,0.4034428428195094,0.7598660530933768
0.1,6.734375,0.14471582634811211,0.40560846888807134,0.7590569100801934
0.1,6.75,0.14446101686787766,0.40778033266915215,0.7582471951859661
0.1,6.765625,0.14420719581570138,0.40995843689903144,0.7574369099805343
0.1,6.78125,0.14395435780543112,0.41214278431616647,0.7566260560248947
0.1,6.796875,0.14370249749288946,0.41433337766127915,0.7558146348712589
0.1,6.8125,0.1434516095755225,0.4165302196774437,0.7550026480631108
0.1,6.828125,0.14320168879205356,0.41873331311017475,0.7541900971352652
0.1,6.84375,0.14295272992214036,0.42094266070751646,0.753376983613923
0.1,6.859375,0.14270472778603763,0.4231582652201322,0.7525633090167289
0.1,6.875,0.14245767724426273,0.4253801294013949,0.7517490748528266
0.1,6.890625,0.1422115731972663,0.4276082560074783,0.7509342826229128
0.1,6.90625,0.1419664105851068,0.429842647797449,0.7501189338192937
0.1,6.921875,0.14172218438712916,0.43208330753335955,0.7493030299259376
0.1,6.9375,0.14147888962164767,0.43433023798034154,0.7484865724185281
0.1,6.953125,0.14123652134563244,0.43658344190670034,0.7476695627645183
0.1,6.96875,0.14099507465440092,0.4388429220840109,0.7468520024231826
0.1,6.984375,0.1407545446813124,0.4411086812872135,0.7460338928456686
0.1,7.0,0.14051492659746695,0.4433807222947112,0.7452152354750479
0.1,7.015625,0.14027621561140857,0.4456590478884683,0.7443960317463675
0.1,7.03125,0.14003840696883155,0.4479436608541091,0.7435762830867012
0.1,7.046875,0.1398014959522918,0.45023456398101824,0.7427559909151967
0.1,7.0625,0.13956547788092086,0.45253176006244195,0.7419351566431278
0.1,7.078125,0.13933034811014483,0.4548352518955905,0.7411137816739408
0.1,7.09375,0.13909610203140665,0.45714504228174135,0.7402918674033051
0.1,7.109375,0.13886273507189204,0.45946113402634386,0.7394694152191594
0.1,7.125,0.1386302426942598,0.4617835299391247,0.7386464265017589
0.1,7.140625,0.1383986203963755,0.464112232834195,0.7378229026237241
0.1,7.15625,0.13816786371104875,0.46644724553015826,0.736998844950085
0.1,7.171875,0.1379379682057751,0.4687885708502197,0.7361742548383285
0.1,7.1875,0.13770892948248073,0.4711362116222968,0.7353491336384427
0.1,7.203125,0.13748074317727124,0.4734901706791315,0.7345234826929624
0.1,7.21875,0.13725340496018434,0.47585045085840305,0.7336973033370144
0.1,7.234375,0.13702691053494603,0.47821705500284284,0.7328705968983601
0.1,7.25,0.13680125563873083,0.48058998596035063,0.7320433646974398
0.1,7.265625,0.13657643604192485,0.4829692465841119,0.7312156080474159
0.1,7.28125,0.1363524475478937,0.4853548397327167,0.7303873282542155
0.1,7.296875,0.13612928599275312,0.4877467682702811,0.7295585266165728
0.1,7.3125,0.13590694724514404,0.490145035066568,0.7287292044260703
0.1,7.328125,0.1356854272060107,0.4925496429971121,0.7278993629671804
0.1,7.34375,0.13546472180838282,0.49496059494334466,0.7270690035173069
0.1,7.359375,0.13524482701716128,0.4973778937927208,0.7262381273468241
0.1,7.375,0.13502573882890762,0.49980154243884845,0.7254067357191193
0.1,7.390625,0.134807453271637,0.5022315437816192,0.7245748298906289
0.1,7.40625,0.1345899664046152,0.5046679007273405,0.723742411110881
0.1,7.421875,0.13437327431815888,0.5071106161888702,0.7229094806225312
0.1,7.4375,0.1341573731334399,0.5095596930857537,0.7220760396614037
0.1,7.453125,0.13394225900229303,0.5120151343443606,0.7212420894565265
0.1,7.46875,0.13372792810702785,0.5144769428980273,0.7204076312301712
0.1,7.484375,0.13351437666024377,0.5169451216871975,0.7195726661978883
0.1,7.5,0.1333016009046494,0.5194196736595688,0.7187371955685452
0.1,7.515625,0.13308959711288526,0.5219006017702381,0.717901220544361
0.1,7.53125,0.1328783615873504,0.5243879089818518,0.7170647423209436
0.1,7.546875,0.13266789066003307,0.526881598264757,0.7162277620873245
0.1,7.5625,0.13245818069234475,0.5293816725971555,0.7153902810259942
0.1,7.578125,0.1322492280749586,0.5318881349652603,0.7145523003129356
0.1,7.59375,0.1320410292276512,0.5344009883634548,0.7137138211176597
0.1,7.609375,0.13183358059914885,0.5369202357944539,0.7128748446032387
0.1,7.625,0.13162687866697714,0.5394458802694692,0.7120353719263395
0.1,7.640625,0.13142091993731508,0.5419779248083749,0.7111954042372557
0.1,7.65625,0.13121570094485316,0.5445163724398792,0.7103549426799426
0.1,7.671875,0.131011218252655,0.5470612262016955,0.7095139883920465
0.1,7.6875,0.13080746845202376,0.5496124891407197,0.7086725425049387
0.1,7.703125,0.13060444816237246,0.5521701643132083,0.7078306061437455
0.1,7.71875,0.13040215403109812,0.5547342547849604,0.7069881804273794
0.1,7.734375,0.1302005827334611,0.5573047636315039,0.7061452664685712
0.1,7.75,0.1299997309724677,0.5598816939382835,0.7053018653738983
0.1,7.765625,0.12979959547875794,0.5624650488008531,0.7044579782438146
0.1,7.78125,0.12960017301049734,0.5650548313250718,0.7036136061726818
0.1,7.796875,0.1294014603532736,0.567651044627303,0.7027687502487961
0.1,7.8125,0.12920345431999744,0.5702536918346172,0.7019234115544188
0.1,7.828125,0.12900615175080862,0.5728627760850005,0.7010775911658028
0.1,7.84375,0.12880954951298618,0.5754783005275639,0.7002312901532225
0.1,7.859375,0.12861364450086396,0.5781002683227597,0.6993845095809986
0.1,7.875,0.12841843363575098,0.5807286826426007,0.6985372505075279
0.1,7.890625,0.1282239138658566,0.5833635466708833,0.6976895139853082
0.1,7.90625,0.12803008216622108,0.5860048636034167,0.6968413010609652
0.1,7.921875,0.1278369355386516,0.5886526366482553,0.6959926127752786
0.1,7.9375,0.12764447101166293,0.5913068690259364,0.6951434501632074
0.1,7.953125,0.1274526856404244,0.5939675639697231,0.694293814253914
0.1,7.96875,0.12726157650671197,0.596634724725852,0.6934437060707913
0.1,7.984375,0.12707114071886638,0.5993083545537855,0.6925931266314848
0.1,8.0,0.12688137541175698,0.6019884567264713,0.6917420769479175
0.1,8.015625,0.12669227774675165,0.6046750345306053,0.6908905580263133
0.1,8.03125,0.1265038449116932,0.607368091266902,0.6900385708672199
0.1,8.046875,0.12631607412088178,0.6100676302503695,0.6891861164655323
0.1,8.0625,0.12612896261506404,0.6127736548105918,0.6883331958105143
0.1,8.078125,0.12594250766142923,0.6154861682920166,0.6874798098858204
0.1,8.09375,0.12575670655361185,0.6182051740542505,0.6866259596695179
0.1,8.109375,0.12557155661170183,0.6209306754723595,0.6857716461341077
0.1,8.125,0.1253870551822621,0.6236626759371777,0.6849168702465456
0.1,8.140625,0.12520319963835336,0.626401178855624,0.6840616329682612
0.1,8.15625,0.12501998737956732,0.6291461876510229,0.6832059352551787
0.1,8.171875,0.12483741583206759,0.6318977057634378,0.6823497780577368
0.1,8.1875,0.12465548244863928,0.6346557366500085,0.6814931623209067
0.1,8.203125,0.12447418470874731,0.6374202837852978,0.6806360889842115
0.1,8.21875,0.12429352011860341,0.6401913506616485,0.6797785589817441
0.1,8.234375,0.12411348621124288,0.6429689407895461,0.6789205732421849
0.1,8.25,0.1239340805466109,0.6457530576979947,0.6780621326888185
0.1,8.265625,0.12375530071165858,0.648543704934898,0.6772032382395521
0.1,8.28125,0.12357714432045011,0.6513408860674531,0.6763438908069306
0.1,8.296875,0.12339960901428006,0.6541446046825544,0.6754840912981531
0.1,8.3125,0.12322269246180242,0.656954864387206,0.6746238406150877
0.1,8.328125,0.12304639235917136,0.6597716688089474,0.6737631396542884
0.1,8.34375,0.12287070643019372,0.6625950215962892,0.6729019893070072
0.1,8.359375,0.12269563242649506,0.6654249264191615,0.6720403904592099
0.1,8.375,0.12252116812769835,0.6682613869693734,0.6711783439915895
0.1,8.390625,0.12234731134161664,0.6711044069610862,0.6703158507795782
0.1,8.40625,0.12217405990446058,0.6739539901312999,0.6694529116933623
0.1,8.421875,0.12200141168106042,0.6768101402403525,0.6685895275978919
0.1,8.4375,0.1218293645651046,0.6796728610724345,0.667725699352894
0.1,8.453125,0.12165791647939418,0.6825421564361179,0.666861427812883
0.1,8.46875,0.12148706537611517,0.6854180301649011,0.6659967138271721
0.1,8.484375,0.12131680923712855,0.6883004861177684,0.6651315582398821
0.1,8.5,0.12114714607427972,0.6911895281797686,0.6642659618899518
0.1,8.515625,0.1209780739297278,0.694085160262609,0.6633999256111471
0.1,8.53125,0.12080959087629586,0.6969873863052687,0.6625334502320681
0.1,8.546875,0.12064169501784332,0.6998962102746302,0.661666536576159
0.1,8.5625,0.12047438448966137,0.7028116361661317,0.6607991854617133
0.1,8.578125,0.12030765745889327,0.7057336680044389,0.6599313977018815
0.1,8.59375,0.12014151212497955,0.7086623098441388,0.6590631741046765
0.1,8.609375,0.11997594672013119,0.7115975657704564,0.6581945154729797
0.1,8.625,0.11981095950983085,0.7145394398999944,0.6573254226045447
0.1,8.640625,0.11964654879336428,0.7174879363814971,0.6564558962920031
0.1,8.65625,0.11948271290438399,0.7204430593966411,0.6555859373228652
0.1,8.671875,0.11931945021150606,0.7234048131608516,0.6547155464795253
0.1,8.6875,0.11915675911894304,0.7263732019241478,0.6538447245392618
0.1,8.703125,0.1189946380671743,0.729348229972017,0.6529734722742395
0.1,8.71875,0.11883308553365653,0.7323299016263203,0.6521017904515103
0.1,8.734375,0.1186721000335766,0.7353182212462294,0.6512296798330112
0.1,8.75,0.1185116801206492,0.7383131932291991,0.6503571411755646
0.1,8.765625,0.1183518243879625,0.7413148220119744,0.6494841752308773
0.1,8.78125,0.11819253146887475,0.7443231120716344,0.648610782745535
0.1,8.796875,0.11803380003796445,0.7473380679266771,0.6477369644610014
0.1,8.8125,0.1178756288120384,0.7503596941381439,0.6468627211136115
0.1,8.828125,0.11771801655120115,0.7533879953107891,0.6459880534345678
0.1,8.84375,0.11756096205998956,0.7564229760942947,0.6451129621499325
0.1,8.859375,0.11740446418857771,0.7594646411845316,0.6442374479806214
0.1,8.875,0.11724852183405592,0.7625129953248763,0.6433615116423944
0.1,8.890625,0.11709313394179001,0.7655680433075756,0.6424851538458463
0.1,8.90625,0.11693829950686624,0.768629789975173,0.6416083752963964
0.1,8.921875,0.11678401757562736,0.7716982402219915,0.6407311766942757
0.1,8.9375,0.1166302872473076,0.7747733989956819,0.6398535587345157
0.1,8.953125,0.1164771076757732,0.777855271298837,0.6389755221069326
0.1,8.96875,0.11632447807137619,0.7809438621906778,0.6380970674961123
0.1,8.984375,0.11617239770293106,0.7840391767888137,0.6372181955813934
0.1,9.0,0.11602086589982276,0.7871412202710846,0.6363389070368493
0.1,9.015625,0.1158698820542571,0.7902499978774855,0.6354592025312681
0.1,9.03125,0.11571944562366482,0.7933655149121831,0.6345790827281317
0.1,9.046875,0.1155695561332716,0.7964877767456277,0.6336985482855915
0.1,9.0625,0.11542021317884814,0.7996167888167672,0.6328175998564465
0.1,9.078125,0.11527141642965515,0.8027525566353708,0.6319362380881139
0.1,9.09375,0.1151231656316002,0.8058950857844674,0.6310544636226041
0.1,9.109375,0.11497546061062494,0.8090443819229105,0.6301722770964875
0.1,9.125,0.11482830127634262,0.8122004507880733,0.6292896791408642
0.1,9.140625,0.11468168762594953,0.8153632981986888,0.6284066703813306
0.1,9.15625,0.11453561974843443,0.81853293005784,0.6275232514379399
0.1,9.171875,0.1143900978291146,0.8217093523561158,0.6266394229251663
0.1,9.1875,0.11424512215452982,0.8248925711749409,0.6257551854518623
0.1,9.203125,0.11410069311772854,0.8280825926900965,0.6248705396212142
0.1,9.21875,0.1139568112239856,0.8312794231754447,0.6239854860306967
0.1,9.234375,0.113813477096995,0.8344830690068723,0.6231000252720221
0.1,9.25,0.11367069148558712,0.8376935366664731,0.6222141579310874
0.1,9.265625,0.11352845527102508,0.8409108327469875,0.6213278845879187
0.1,9.28125,0.11338676947494346,0.8441349639565225,0.6204412058166108
0.1,9.296875,0.11324563526799912,0.8473659371235722,0.6195541221852653
0.1,9.3125,0.11310505397931517,0.8506037592023709,0.6186666342559197
0.1,9.328125,0.11296502710680839,0.8538484372786046,0.6177787425844797
0.1,9.34375,0.11282555632850491,0.8570999785755147,0.61689044772064
0.1,9.359375,0.11268664351496256,0.8603583904604313,0.6160017502078039
0.1,9.375,0.11254829074293685,0.863623680451778,0.6151126505829966
0.1,9.390625,0.11241050031044761,0.8668958562265934,0.6142231493767734
0.1,9.40625,0.11227327475342831,0.870174925628622,0.6133332471131201
0.1,9.421875,0.11213661686416801,0.8734608966770354,0.6124429443093502
0.1,9.4375,0.11200052971179174,0.8767537775758478,0.611552241475991
0.1,9.453125,0.11186501666506504,0.8800535767241052,0.6106611391166644
0.1,9.46875,0.11173008141785862,0.8833603027269324,0.6097696377279591
0.1,9.484375,0.11159572801766804,0.8866739644075412,0.6088777377992928
0.1,9.5,0.11146196089765754,0.8899945708203096,0.6079854398127656
0.1,9.515625,0.11132878491278263,0.8933221312650693,0.6070927442430032
0.1,9.53125,0.11119620538065776,0.8966566553027497,0.6061996515569832
0.1,9.546875,0.11106422812796723,0.8999981527725616,0.6053061622138562
0.1,9.5625,0.1109328595433846,0.9033466338109258,0.6044122766647464
0.1,9.578125,0.11080210663817494,0.9067021088723931,0.6035179953525381
0.1,9.59375,0.11067197711591617,0.9100645887528465,0.6026233187116453
0.1,9.609375,0.11054247945310987,0.9134340846153296,0.6017282471677594
0.1,9.625,0.11041362299288117,0.9168106080189149,0.6008327811375784
0.1,9.640625,0.11028541805451864,0.9201941709511082,0.5999369210285063
0.1,9.65625,0.11015787606233118,0.9235847858643936,0.5990406672383288
0.1,9.671875,0.11003100969825189,0.9269824657176566,0.5981440201548557
0.1,9.6875,0.10990483308389393,0.9303872240233975,0.5972469801555246
0.1,9.703125,0.10977936199948952,0.9337990749018655,0.5963495476069678
0.1,9.71875,0.1096546141495048,0.937218033143543,0.5954517228645265
0.1,9.734375,0.10953060948801426,0.940644114281792,0.5945535062717126
0.1,9.75,0.10940737062157169,0.9440773346779975,0.5936548981596029
0.1,9.765625,0.10928492331401866,0.9475177116222581,0.5927558988461568
0.1,9.78125,0.10916329712753074,0.9509652634536622,0.5918565086354425
0.1,9.796875,0.10904252624902969,0.9544200097055987,0.5909567278167516
0.1,9.8125,0.10892265057397776,0.9578819712835889,0.5900565566635791
0.1,9.828125,0.10880371715593935,0.9613511706861624,0.5891559954324347
0.1,9.84375,0.10868578219006983,0.9648276322839483,0.5882550443614463
0.1,9.859375,0.10856891380083601,0.9683113826795061,0.5873537036686929
0.1,9.875,0.10845319608702718,0.9718024511825496,0.5864519735501874
0.1,9.890625,0.10833873522257906,0.9753008704561624,0.58554985417739
0.1,9.90625,0.10822566911007452,0.9788066774279809,0.5846473456940665
0.1,9.921875,0.10811418361924438,0.982319914635932,0.5837444482122123
0.1,9.9375,0.1080045422075428,0.985840632342003,0.5828411618065559
0.1,9.953125,0.10789714642808743,0.9893688921521611,0.581937486506761
0.1,9.96875,0.10779268273760167,0.992904774092894,0.5810334222855317
0.1,9.984375,0.10769260628244728,0.9964483941758782,0.5801289690382431
0.1,10.0,0.10760336531103776,1.0,0.5792241265396865
1.0,0.0,0.7746388782464291,0.0,1.0
1.0,0.015625,0.7746207891618165,6.372379005127315e-09,1.0
1.0,0.03125,0.774566554131623,3.823248938375941e-08,0.9999972446352413
1.0,0.046875,0.7744762696628457,1.2106093186183134e-07,0.999992652617866
1.0,0.0625,0.7743500960557128,2.803240775566315e-07,0.999986224333135
1.0,0.078125,0.7741882565923761,5.414670320887452e-07,0.9999779603192728
1.0,0.09375,0.7739910364126699,9.299066935585334e-07,0.9999678612663334
1.0,0.109375,0.7737587810882813,1.4710249342983047e-06,0.999955928014754
1.0,0.125,0.7734918949095952,2.1901619351598973e-06,0.9999421615536017
1.0,0.140625,0.7731908389021332,3.1126096996933157e-06,0.9999265630185269
1.0,0.15625,0.7728561285919144,4.2636057739375535e-06,0.9999091336894295
1.0,0.171875,0.7724883315411314,5.6683271957051855e-06,0.9998898749878531
1.0,0.1875,0.7720880646772823,7.351884695225761e-06,0.999868788474122
1.0,0.203125,0.7716559914402846,9.339317166849445e-06,0.99984587584423
1.0,0.21875,0.7711928187731096,1.165558642923299e-05,0.9998211389265043
1.0,0.234375,0.7706992939821388,1.432557228906702e-05,0.9997945796780539
1.0,0.25,0.7701762014937152,1.737406792098841e-05,0.9997662001810259
1.0,0.265625,0.7696243595333148,2.0825775573885884e-05,0.9997360026386812
1.0,0.28125,0.7690446167533606,2.4705302611380312e-05,0.9997039893713128
1.0,0.296875,0.7684378488350098,2.903715789187256e-05,0.9996701628120213
1.0,0.3125,0.767804955088258,3.3845748491226476e-05,0.9996345255023688
1.0,0.328125,0.767146855073494,3.915537676891719e-05,0.9995970800879269
1.0,0.34375,0.7664644852661902,4.499023777634526e-05,0.9995578293137384
1.0,0.359375,0.7657587957848301,5.137441700401409e-05,0.9995167760197108
1.0,0.375,0.7650307472004039,5.833188846240559e-05,0.9994739231359564
1.0,0.390625,0.7642813074439875,6.588651308967913e-05,0.9994292736780999
1.0,0.40625,0.7635114488269892,7.406203747777031e-05,0.9993828307425654
1.0,0.421875,0.7627221451867312,8.288209290708422e-05,0.9993345975018622
1.0,0.4375,0.7619143691680708,9.237019467876536e-05,0.9992845771998805
1.0,0.453125,0.7610890896498758,0.00010254974173248497,0.9992327731472149
1.0,0.46875,0.7602472693232981,0.00011344401653681095,0.9991791887165242
1.0,0.484375,0.7593898624270062,0.0001250761852385158,0.9991238273379452
1.0,0.5,0.7585178126428525,0.00013746929805662423,0.9990666924945657
1.0,0.515625,0.7576320511538597,0.00015064628990659894,0.9990077877179735
1.0,0.53125,0.7567334948649539,0.00016462998123980158,0.9989471165838848
1.0,0.546875,0.7558230447855194,0.0001794430790832353,0.9988846827078651
1.0,0.5625,0.7549015845716622,0.00019510817826456564,0.9988204897411482
1.0,0.578125,0.7539699792249748,0.0002116477628075181,0.9987545413665598
1.0,0.59375,0.7530290739436732,0.00022908420748294928,0.998686841294553
1.0,0.609375,0.7520796931211594,0.0002474397795011768,0.9986173932593594
1.0,0.625,0.7511226394863848,0.00026673664033151606,0.9985462010152606
1.0,0.640625,0.7501586933798311,0.0002869968476354028,0.9984732683329831
1.0,0.65625,0.7491886121584904,0.00030824235729996383,0.9983985989962214
1.0,0.671875,0.7482131297228755,0.00033049502555943,0.9983221967982875
1.0,0.6875,0.7472329561588716,0.0003537766111923515,0.9982440655388913
1.0,0.703125,0.7462487774870952,0.00037810877778317044,0.9981642090210531
1.0,0.71875,0.7452612555123431,0.0004035130960373168,0.9980826310481448
1.0,0.734375,0.7442710277657615,0.0004300110461396245,0.997999335421064
1.0,0.75,0.7432787075323992,0.00045762402014649006,0.997914325935537
1.0,0.765625,0.742284883956976,0.0004863733244028339,0.9978276063795506
1.0,0.78125,0.7412901222208469,0.0005162801819755446,0.9977391805309133
1.0,0.796875,0.7402949637833822,0.00054736573509571,0.9976490521549382
1.0,0.8125,0.7392999266812162,0.0005796510476025343,0.9975572250022536
1.0,0.828125,0.7383055058791158,0.0006131571073824348,0.9974637028067312
1.0,0.84375,0.73731217366649,0.0006479048287973716,0.9973684892835338
1.0,0.859375,0.7363203800938981,0.0006839150550970144,0.997271588127278
1.0,0.875,0.7353305534442237,0.0007212085608098702,0.9971730030103104
1.0,0.890625,0.7343431007335014,0.0007598060541089934,0.9970727375810898
1.0,0.90625,0.733358408236726,0.0007997281791483722,0.9969707954626785
1.0,0.921875,0.7323768420342904,0.000840995518366534,0.9968671802513338
1.0,0.9375,0.7313987485750149,0.0008836285947543283,0.9967618955151989
1.0,0.953125,0.730424455252058,0.0009276478740842433,0.9966549447930898
1.0,0.96875,0.7294542709882893,0.0009730737670989809,0.996546331593373
1.0,0.984375,0.7284884868280079,0.0010199266316573558,0.9964360593929319
1.0,1.0,0.7275273765321697,0.0010682267748359031,0.9963241316362184
1.0,1.015625,0.7265711971745527,0.0011179944549848766,0.9962105517343847
1.0,1.03125,0.7256201897365496,0.0011692498837375844,0.996095323064494
1.0,1.046875,0.7246745796985201,0.0012220132279722642,0.9959784489688046
1.0,1.0625,0.7237345776258503,0.001276304611725924,0.9958599327541259
1.0,1.078125,0.7228003797480994,0.0013321441180597841,0.9957397776912407
1.0,1.09375,0.7218721685297972,0.001389551790876139,0.9956179870143929
1.0,1.109375,0.7209501132316446,0.001448547636686638,0.9954945639208366
1.0,1.125,0.7200343704610479,0.001509151626332122,0.9953695115704424
1.0,1.140625,0.7191250847110677,0.0015713836966543102,0.9952428330853592
1.0,1.15625,0.7182223888870108,0.001635263752119729,0.9951145315497288
1.0,1.171875,0.7173264048200302,0.001700811666396406,0.994984610009449
1.0,1.1875,0.7164372437672173,0.0017680472838839327,0.9948530714719839
1.0,1.203125,0.7155550068977841,0.0018369904211975867,0.9947199189062179
1.0,1.21875,0.7146797857650261,0.0019076608686072816,0.9945851552423519
1.0,1.234375,0.7138116627638605,0.0019800783914321624,0.9944487833718371
1.0,1.25,0.7129507115738022,0.002054262731391733,0.9943108061473468
1.0,1.265625,0.712096997587322,0.0021302336079144306,0.9941712263827824
1.0,1.28125,0.7112505783235934,0.0022080107194046125,0.9940300468533111
1.0,1.296875,0.7104115038276901,0.002287613744468931,0.993887270295434
1.0,1.3125,0.7095798170553523,0.0023690623431031218,0.9937428994070825
1.0,1.328125,0.7087555542434785,0.0024523761578402175,0.9935969368477412
1.0,1.34375,0.7079387452665413,0.002537574814861234,0.9934493852385946
1.0,1.359375,0.7071294139791605,0.002624677925069368,0.9933002471626974
1.0,1.375,0.7063275785450878,0.002713705085128756,0.9931495251651651
1.0,1.390625,0.7055332517528959,0.002804675878468837,0.9929972217533843
1.0,1.40625,0.7047464413186652,0.002897609876255365,0.9928433393972423
1.0,1.421875,0.703967150175997,0.002992526638329092,0.9926878805293707
1.0,1.4375,0.7031953767536805,0.0030894457141131633,0.9925308475454069
1.0,1.453125,0.7024311152413624,0.0031883866434902126,0.9923722428042684
1.0,1.46875,0.7016743558435626,0.003289368957650167,0.9922120686284398
1.0,1.484375,0.7009250850224007,0.0033924121799097373,0.9920503273042711
1.0,1.5,0.7001832857293842,0.003497535826504549,0.9918870210822889
1.0,1.515625,0.6994489376266244,0.0036047594073548616,0.9917221521775135
1.0,1.53125,0.6987220172978357,0.0037141024268058,0.9915557227697872
1.0,1.546875,0.6980024984494785,0.0038255843843429866,0.9913877350041099
1.0,1.5625,0.6972903521023982,0.003939224775284468,0.9912181909909809
1.0,1.578125,0.6965855467743115,0.004055043091449785,0.9910470928067466
1.0,1.59375,0.6958880486534847,0.004173058821807023,0.9908744424939547
1.0,1.609375,0.6951978217639436,0.004293291453098656,0.9907002420617107
1.0,1.625,0.6945148281225425,0.004415760470446971,0.9905244934860413
1.0,1.640625,0.693839027888226,0.004540485357939845,0.9903471987102572
1.0,1.65625,0.6931703795037913,0.004667485599197608,0.9901683596453229
1.0,1.671875,0.6925088398304661,0.0047967806779217305,0.989987978170225
1.0,1.6875,0.6918543642755981,0.004928390078426012,0.9898060561323431
1.0,1.703125,0.6912069069137549,0.005062333286150969,0.9896225953478233
1.0,1.71875,0.6905664206015073,0.005198629788162065,0.98943759760195
1.0,1.734375,0.6899328570861809,0.005337299073632416,0.9892510646495196
1.0,1.75,0.6893061671088332,0.0054783606343105935,0.9890629982152136
1.0,1.765625,0.6886863005017166,0.005621833964974092,0.9888733999939698
1.0,1.78125,0.6880732062804753,0.005767738563869074,0.9886822716513551
1.0,1.796875,0.687466832731312,0.0059160939331369036,0.9884896148239352
1.0,1.8125,0.6868671274933564,0.006066919579228013,0.988295431119643
1.0,1.828125,0.6862740376364577,0.006220235013303632,0.9880997221181465
1.0,1.84375,0.6856875097346123,0.006376059751625845,0.9879024893712129
1.0,1.859375,0.685107489935233,0.0065344133159364855,0.9877037344030717
1.0,1.875,0.6845339240244543,0.0066953152338252945,0.9875034587107748
1.0,1.890625,0.6839667574886663,0.006858785039087811,0.9873016637645545
1.0,1.90625,0.6834059355724552,0.007024842272073409,0.9870983510081781
1.0,1.921875,0.6828514033331244,0.0071935064800238875,0.9868935218592989
1.0,1.9375,0.6823031056919642,0.007364797217403023,0.9866871777098066
1.0,1.953125,0.6817609874824291,0.0075387340462174475,0.9864793199261709
1.0,1.96875,0.681224993495372,0.007715336536329226,0.9862699498497846
1.0,1.984375,0.6806950685214884,0.007894624265760496,0.9860590687973017
1.0,2.0,0.6801711573911017,0.008076616820990475,0.9858466780609727
1.0,2.015625,0.6796532050114272,0.0082613337972452,0.9856327789089754
1.0,2.03125,0.6791411564014461,0.008448794798780291,0.9854173725857422
1.0,2.046875,0.6786349567245024,0.008639019439157035,0.9852004603122846
1.0,2.0625,0.6781345513187456,0.008832027341512089,0.9849820432865125
1.0,2.078125,0.677639885725529,0.009027838138821088,0.9847621226835495
1.0,2.09375,0.6771509057158673,0.009226471474156398,0.984540699656046
1.0,2.109375,0.6766675573150566,0.009427947000939308,0.9843177753344862
1.0,2.125,0.6761897868255511,0.009632284383186862,0.9840933508274918
1.0,2.140625,0.6757175408481908,0.009839503295753615,0.9838674272221226
1.0,2.15625,0.6752507663018652,0.010049623424568518,0.983640005584172
1.0,2.171875,0.6747894104416965,0.010262664466867133,0.9834110869584579
1.0,2.1875,0.6743334208758232,0.010478646131419427,0.983180672369111
1.0,2.203125,0.6738827455808597,0.010697588138753322,0.9829487628198585
1.0,2.21875,0.6734373329160984,0.010919510221374202,0.9827153592943028
1.0,2.234375,0.6729971316365329,0.011144432123980556,0.982480462756197
1.0,2.25,0.6725620909047557,0.011372373603675944,0.9822440741497163
1.0,2.265625,0.6721321603018025,0.01160335443017747,0.9820061943997256
1.0,2.28125,0.671707289836994,0.011837394386020895,0.9817668244120418
1.0,2.296875,0.6712874299568368,0.012074513266762597,0.9815259650736937
1.0,2.3125,0.6708725315530331,0.01231473088117845,0.9812836172531769
1.0,2.328125,0.670462545969651,0.012558067051459896,0.9810397818007051
1.0,2.34375,0.6700574250095052,0.012804541613407204,0.9807944595484572
1.0,2.359375,0.6696571209397878,0.013054174416620174,0.9805476513108217
1.0,2.375,0.6692615864970016,0.013306985324686348,0.9802993578846343
1.0,2.390625,0.6688707748912284,0.013562994215366867,0.9800495800494152
1.0,2.40625,0.6684846398097766,0.01382222098078012,0.9797983185676009
1.0,2.421875,0.668103135420242,0.014084685527583254,0.9795455741847717
1.0,2.4375,0.667726216373022,0.014350407777151701,0.979291347629876
1.0,2.453125,0.6673538378033083,0.014619407665756813,0.9790356396154524
1.0,2.46875,0.6669859553325985,0.014891705144741698,0.9787784508378452
1.0,2.484375,0.6666225250697508,0.015167320180695372,0.9785197819774185
1.0,2.5,0.6662635036116134,0.015446272755625304,0.9782596336987665
1.0,2.515625,0.665908848043252,0.015728582867128475,0.9779980066509196
1.0,2.53125,0.6655585159378065,0.016014270528561,0.9777349014675474
1.0,2.546875,0.6652124653559955,0.016303355769206447,0.9774703187671582
1.0,2.5625,0.6648706548452965,0.01659585863444287,0.9772042591532949
1.0,2.578125,0.6645330434388173,0.01689179918590872,0.9769367232147282
1.0,2.59375,0.6641995906538876,0.017191197501667622,0.9766677115256462
1.0,2.609375,0.6638702564903836,0.017494073676372148,0.9763972246458401
1.0,2.625,0.6635450014288046,0.01780044782142664,0.9761252631208877
1.0,2.640625,0.6632237864281241,0.018110340065149146,0.9758518274823327
1.0,2.65625,0.6629065729234264,0.018423770552932556,0.9755769182478623
1.0,2.671875,0.6625933228233473,0.01874075944740496,0.9753005359214804
1.0,2.6875,0.6622839985073317,0.01906132692858933,0.9750226809936784
1.0,2.703125,0.6619785628227258,0.01938549319406257,0.9747433539416024
1.0,2.71875,0.6616769790817123,0.01971327845911397,0.9744625552292187
1.0,2.734375,0.6613792110581049,0.02004470295690317,0.974180285307475
1.0,2.75,0.6610852229840105,0.02037978693861763,0.9738965446144603
1.0,2.765625,0.6607949795463758,0.020718550673629668,0.9736113335755594
1.0,2.78125,0.6605084458834205,0.02106101444965318,0.9733246526036083
1.0,2.796875,0.6602255875809766,0.0214071985729,0.9730365020990437
1.0,2.8125,0.6599463706687343,0.021757123368235976,0.9727468824500513
1.0,2.828125,0.6596707616164104,0.022110809179336843,0.9724557940327108
1.0,2.84375,0.6593987273298417,0.022468276368843913,0.9721632372111395
1.0,2.859375,0.659130235147017,0.022829545318519568,0.9718692123376321
1.0,2.875,0.65886525283405,0.023194636429402726,0.9715737197527985
1.0,2.890625,0.6586037485811025,0.023563570121964163,0.9712767597856986
1.0,2.90625,0.6583456909982657,0.02393636683626185,0.9709783327539759
1.0,2.921875,0.6580910491114024,0.024313047032096313,0.9706784389639873
1.0,2.9375,0.6578397923579584,0.02469363118916598,0.9703770787109315
1.0,2.953125,0.6575918905827489,0.02507813980722265,0.9700742522789746
1.0,2.96875,0.6573473140337217,0.025466593406227093,0.9697699599413738
1.0,2.984375,0.6571060333577071,0.025859012526504715,0.9694642019605983
1.0,3.0,0.6568680195961536,0.0262554177289015,0.9691569785884488
1.0,3.015625,0.6566332441808588,0.026655829594940072,0.9688482900661739
1.0,3.03125,0.6564016789296946,0.02706026872697604,0.968538136624585
1.0,3.046875,0.6561732960423338,0.027468755748354636,0.9682265184841691
1.0,3.0625,0.6559480680959802,0.02788131130356754,0.9679134358551996
1.0,3.078125,0.6557259680411075,0.02829795605841018,0.9675988889378437
1.0,3.09375,0.6555069691972043,0.02871871070013923,0.9672828779222712
1.0,3.109375,0.6552910452485357,0.02914359593763061,0.9669654029887566
1.0,3.125,0.6550781702399184,0.029572632501537792,0.9666464643077833
1.0,3.140625,0.654868318572515,0.03000584114445058,0.9663260620401444
1.0,3.15625,0.6546614649996466,0.030443242641054347,0.9660041963370406
1.0,3.171875,0.6544575846226302,0.030884857788289716,0.965680867340179
1.0,3.1875,0.6542566528866379,0.03133070740551276,0.9653560751818665
1.0,3.203125,0.6540586455765844,0.031780812334655704,0.9650298199851048
1.0,3.21875,0.6538635388130406,0.032235193440388187,0.9647021018636818
1.0,3.234375,0.6536713090481769,0.03269387161027911,0.964372920922261
1.0,3.25,0.6534819330617385,0.03315686775495901,0.9640422772564713
1.0,3.265625,0.6532953879570504,0.0336242028082831,0.9637101709529923
1.0,3.28125,0.6531116511570573,0.03409589772749489,0.9633766020896404
1.0,3.296875,0.652930700400398,0.03457197349339052,0.9630415707354522
1.0,3.3125,0.6527525137375135,0.0350524511104837,0.9627050769507665
1.0,3.328125,0.6525770695267931,0.035537351607171336,0.9623671207873038
1.0,3.34375,0.6524043464307564,0.036026696035899974,0.962027702288247
1.0,3.359375,0.6522343234122735,0.0365205054733328,0.9616868214883174
1.0,3.375,0.6520669797308233,0.037018801020517515,0.9613444784138513
1.0,3.390625,0.6519022949387909,0.037521603803054956,0.9610006730828737
1.0,3.40625,0.6517402488778051,0.038028934971268434,0.9606554055051731
1.0,3.421875,0.6515808216751153,0.03854081570037396,0.9603086756823713
1.0,3.4375,0.6514239937400085,0.03905726719065123,0.9599604836079947
1.0,3.453125,0.6512697457602671,0.03957831066761547,0.9596108292675436
1.0,3.46875,0.6511180586986692,0.04010396738219014,0.9592597126385591
1.0,3.484375,0.6509689137895273,0.0406342586108805,0.9589071336906898
1.0,3.5,0.650822292535271,0.04116920565594808,0.9585530923857568
1.0,3.515625,0.6506781767030695,0.04170882984558607,0.958197588677818
1.0,3.53125,0.6505365483214973,0.04225315253409553,0.9578406225132299
1.0,3.546875,0.6503973896772389,0.04280219510206272,0.9574821938307091
1.0,3.5625,0.6502606833118395,0.043355978956537256,0.9571223025613934
1.0,3.578125,0.6501264120184925,0.043914525531211245,0.9567609486288994
1.0,3.59375,0.649994558838873,0.04447785628659948,0.9563981319493811
1.0,3.609375,0.6498651070600098,0.04504599271022061,0.9560338524315868
1.0,3.625,0.6497380402112007,0.04561895631677932,0.9556681099769139
1.0,3.640625,0.6496133420609681,0.046196768648349526,0.9553009044794638
1.0,3.65625,0.6494909966140567,0.04677945127455872,0.9549322358260957
1.0,3.671875,0.649370988108472,0.04736702579277331,0.9545621038964772
1.0,3.6875,0.6492533010125592,0.04795951382828505,0.9541905085631381
1.0,3.703125,0.6491379200221226,0.048556937034498635,0.9538174496915183
1.0,3.71875,0.6490248300575876,0.04915931709312037,0.9534429271400181
1.0,3.734375,0.6489140162611996,0.04976667571434796,0.9530669407600464
1.0,3.75,0.6488054639942653,0.050379034637061525,0.9526894903960674
1.0,3.765625,0.6486991588344325,0.05099641562901574,0.9523105758856474
1.0,3.78125,0.6485950865730107,0.051618840487033156,0.9519301970594988
1.0,3.796875,0.6484932332123275,0.05224633103719875,0.9515483537415266
1.0,3.8125,0.6483935849631289,0.05287890913505569,0.9511650457488695
1.0,3.828125,0.6482961282420133,0.05351659666580232,0.9507802728919443
1.0,3.84375,0.6482008496689058,0.054159415544490414,0.9503940349744855
1.0,3.859375,0.6481077360645705,0.05480738771622472,0.9500063317935878
1.0,3.875,0.6480167744481602,0.055460535156363754,0.9496171631397454
1.0,3.890625,0.6479279520348024,0.0561188798707219,0.9492265287968896
1.0,3.90625,0.6478412562332229,0.05678244389577288,0.9488344285424295
1.0,3.921875,0.6477566746434051,0.05745124929885452,0.9484408621472864
1.0,3.9375,0.6476741950542869,0.05812531817837485,0.9480458293759327
1.0,3.953125,0.647593805441491,0.058804672664019626,0.9476493299864263
1.0,3.96875,0.6475154939650929,0.05948933491696123,0.947251363730445
1.0,3.984375,0.6474392489674224,0.06017932713006892,0.9468519303533224
1.0,4.0,0.6473650589709008,0.06087467152812064,0.9464510295940789
1.0,4.015625,0.6472929126759106,0.0615753903680161,0.9460486611854562
1.0,4.03125,0.6472227989587012,0.062281505938991386,0.9456448248539476
1.0,4.046875,0.6471547068693271,0.06299304056283514,0.9452395203198302
1.0,4.0625,0.6470886256296183,0.0637100165941061,0.9448327472971944
1.0,4.078125,0.6470245446311869,0.06443245642035222,0.9444245054939736
1.0,4.09375,0.6469624534334608,0.06516038246233127,0.9440147946119737
1.0,4.109375,0.6469023417617543,0.06589381717423311,0.9436036143469007
1.0,4.125,0.6468441995053673,0.06663278304390331,0.9431909643883876
1.0,4.140625,0.6467880167157187,0.06737730259306866,0.9427768444200231
1.0,4.15625,0.646733783604507,0.06812739837756401,0.9423612541193755
1.0,4.171875,0.6466814905419047,0.06888309298756085,0.9419441931580198
1.0,4.1875,0.6466311280547805,0.06964440904779755,0.9415256612015616
1.0,4.203125,0.6465826868249551,0.07041136921781126,0.9411056579096616
1.0,4.21875,0.646536157687481,0.07118399619217146,0.9406841829360597
1.0,4.234375,0.6464915316289561,0.07196231270071525,0.9402612359285967
1.0,4.25,0.6464487997858646,0.07274634150878426,0.9398368165292369
1.0,4.265625,0.6464079534429452,0.07353610541746353,0.9394109243740912
1.0,4.28125,0.6463689840315898,0.07433162726382192,0.9389835590934362
1.0,4.296875,0.6463318831282677,0.07513292992115439,0.9385547203117355
1.0,4.3125,0.6462966424529777,0.07594003629922617,0.93812440764766
1.0,4.328125,0.64626325386773,0.07675296934451863,0.9376926207141065
1.0,4.34375,0.6462317093750497,0.07757175204047703,0.9372593591182171
1.0,4.359375,0.6462020011165128,0.07839640740776024,0.9368246224613963
1.0,4.375,0.6461741213713027,0.07922695850449224,0.9363884103393298
1.0,4.390625,0.6461480625547967,0.0800634284265155,0.9359507223420009
1.0,4.40625,0.6461238172171763,0.0809058403076465,0.9355115580537067
1.0,4.421875,0.6461013780420624,0.08175421731993301,0.9350709170530747
1.0,4.4375,0.6460807378451761,0.08260858267391344,0.9346287989130783
1.0,4.453125,0.6460618895730235,0.08346895961887814,0.9341852032010506
1.0,4.46875,0.646044826301606,0.08433537144313281,0.9337401294786998
1.0,4.484375,0.6460295412351534,0.085207841474264,0.9332935773021227
1.0,4.5,0.6460160277048811,0.08608639307940644,0.9328455462218178
1.0,4.515625,0.6460042791677699,0.08697104966551279,0.9323960357826988
1.0,4.53125,0.6459942892053716,0.08786183467962534,0.9319450455241058
1.0,4.546875,0.6459860515226347,0.08875877160914991,0.9314925749798183
1.0,4.5625,0.6459795599467534,0.08966188398213186,0.9310386236780654
1.0,4.578125,0.6459748084260406,0.09057119536753445,0.9305831911415376
1.0,4.59375,0.6459717910288203,0.09148672937551931,0.9301262768873968
1.0,4.609375,0.6459705019423446,0.09240850965772919,0.9296678804272859
1.0,4.625,0.6459709354717299,0.09333655990757302,0.9292080012673383
1.0,4.640625,0.6459730860389166,0.0942709038605133,0.9287466389081874
1.0,4.65625,0.6459769481816479,0.09521156529435573,0.9282837928449743
1.0,4.671875,0.6459825165524707,0.09615856802954134,0.9278194625673563
1.0,4.6875,0.6459897859177572,0.09711193592944097,0.927353647559514
1.0,4.703125,0.6459987511567471,0.09807169290065205,0.926886347300159
1.0,4.71875,0.646009407260608,0.0990378628932981,0.92641756126254
1.0,4.734375,0.6460217493315183,0.10001046990133045,0.9259472889144497
1.0,4.75,0.6460357725817689,0.10098953796283255,0.9254755297182292
1.0,4.765625,0.6460514723328837,0.10197509116032696,0.9250022831307751
1.0,4.78125,0.6460688440147607,0.10296715362108481,0.9245275486035435
1.0,4.796875,0.6460878831648317,0.1039657495174378,0.9240513255825538
1.0,4.8125,0.6461085854272403,0.10497090306709285,0.9235736135083941
1.0,4.828125,0.64613094655204,0.10598263853344962,0.9230944118162236
1.0,4.84375,0.6461549623944098,0.10700098022592056,0.9226137199357769
1.0,4.859375,0.6461806289138884,0.10802595250025365,0.9221315372913661
1.0,4.875,0.6462079421736273,0.10905757975885803,0.9216478633018829
1.0,4.890625,0.6462368983396606,0.11009588645113245,0.9211626973808013
1.0,4.90625,0.6462674936801935,0.11114089707379637,0.9206760389361784
1.0,4.921875,0.6462997245649102,0.11219263617122424,0.9201878873706564
1.0,4.9375,0.6463335874642947,0.11325112833578231,0.9196982420814623
1.0,4.953125,0.6463690789489742,0.11431639820816879,0.9192071024604089
1.0,4.96875,0.6464061956890765,0.11538847047775674,0.9187144678938948
1.0,4.984375,0.6464449344536054,0.11646736988293997,0.9182203377629032
1.0,5.0,0.6464852921098336,0.11755312121148212,0.9177247114430018
1.0,5.015625,0.6465272656227109,0.11864574930086876,0.9172275883043413
1.0,5.03125,0.6465708520542912,0.11974527903866271,0.9167289677116536
1.0,5.046875,0.6466160485631739,0.12085173536286248,0.9162288490242495
1.0,5.0625,0.6466628524039635,0.12196514326226378,0.9157272315960172
1.0,5.078125,0.6467112609267441,0.12308552777682466,0.9152241147754181
1.0,5.09375,0.6467612715765716,0.12421291399803351,0.914719497905485
1.0,5.109375,0.646812881892979,0.12534732706928078,0.9142133803238175
1.0,5.125,0.6468660895095023,0.12648879218623385,0.9137057613625785
1.0,5.140625,0.646920892153219,0.12763733459721535,0.9131966403484897
1.0,5.15625,0.6469772876443008,0.12879297960358507,0.9126860166028266
1.0,5.171875,0.647035273895588,0.12995575256012534,0.9121738894414141
1.0,5.1875,0.6470948489121723,0.13112567887542986,0.91166025817462
1.0,5.203125,0.6471560107910006,0.1323027840122963,0.9111451221073505
1.0,5.21875,0.6472187577204911,0.13348709348812252,0.9106284805390423
1.0,5.234375,0.647283087980166,0.1346786328753063,0.9101103327636573
1.0,5.25,0.647348999940299,0.13587742780164921,0.9095906780696745
1.0,5.265625,0.6474164920615786,0.1370835039507639,0.909069515740084
1.0,5.28125,0.6474855628947856,0.13829688706248552,0.9085468450523783
1.0,5.296875,0.6475562110804862,0.13951760293328677,0.9080226652785437
1.0,5.3125,0.6476284353487402,0.14074567741669725,0.9074969756850533
1.0,5.328125,0.6477022345188237,0.1419811364237265,0.906969775532857
1.0,5.34375,0.6477776074989673,0.14322400592329135,0.9064410640773723
1.0,5.359375,0.6478545532861087,0.1444743119426471,0.9059108405684754
1.0,5.375,0.6479330709656603,0.14573208056782327,0.9053791042504907
1.0,5.390625,0.6480131597112914,0.14699733794406322,0.9048458543621801
1.0,5.40625,0.6480948187847255,0.14827011027626824,0.9043110901367334
1.0,5.421875,0.6481780475355519,0.14955042382944594,0.9037748108017558
1.0,5.4375,0.6482628454010523,0.15083830492916306,0.9032370155792581
1.0,5.453125,0.6483492119060423,0.15213377996200267,0.9026977036856431
1.0,5.46875,0.6484371466627272,0.15343687537602604,0.902156874331694
1.0,5.484375,0.6485266493705723,0.15474761768123907,0.9016145267225635
1.0,5.5,0.6486177198161879,0.15606603345006312,0.9010706600577574
1.0,5.515625,0.6487103578732303,0.15739214931781095,0.9005252735311249
1.0,5.53125,0.6488045635023153,0.1587259919831672,0.8999783663308422
1.0,5.546875,0.6489003367509483,0.16006758820867376,0.8994299376394005
1.0,5.5625,0.6489976777534672,0.1614169648212201,0.8988799866335891
1.0,5.578125,0.6490965867310023,0.16277414871253845,0.8983285124844834
1.0,5.59375,0.649197063991449,0.16413916683970434,0.8977755143574274
1.0,5.609375,0.6492991099294558,0.16551204622564195,0.8972209914120194
1.0,5.625,0.6494027250264284,0.16689281395963476,0.8966649428020954
1.0,5.640625,0.6495079098505457,0.1682814971978416,0.8961073676757131
1.0,5.65625,0.649614665056795,0.16967812316381795,0.8955482651751352
1.0,5.671875,0.6497229913870176,0.17108271914904252,0.8949876344368118
1.0,5.6875,0.6498328896699721,0.17249531251344968,0.8944254745913636
1.0,5.703125,0.6499443608214127,0.17391593068596728,0.8938617847635631
1.0,5.71875,0.6500574058441817,0.17534460116505998,0.8932965640723173
1.0,5.734375,0.6501720258283169,0.17678135151927873,0.8927298116306489
1.0,5.75,0.6502882219511759,0.17822620938781558,0.8921615265456764
1.0,5.765625,0.6504059954775743,0.179679202481065,0.891591707918595
1.0,5.78125,0.6505253477599394,0.18114035858119062,0.8910203548446577
1.0,5.796875,0.6506462802384809,0.18260970554269845,0.8904474664131539
1.0,5.8125,0.6507687944413748,0.18408727129301625,0.8898730417073891
1.0,5.828125,0.6508928919849651,0.18557308383307886,0.8892970798046644
1.0,5.84375,0.6510185745739806,0.1870671712379205,0.8887195797762537
1.0,5.859375,0.6511458440017668,0.18856956165727284,0.8881405406873835
1.0,5.875,0.6512747021505363,0.19008028331617013,0.8875599615972095
1.0,5.890625,0.6514051509916319,0.19159936451556095,0.8869778415587941
1.0,5.90625,0.6515371925858093,0.19312683363292632,0.8863941796190841
1.0,5.921875,0.651670829083534,0.1946627191229054,0.8858089748188858
1.0,5.9375,0.6518060627252966,0.19620704951792717,0.8852222261928425
1.0,5.953125,0.6519428958419425,0.19775985342885044,0.8846339327694094
1.0,5.96875,0.6520813308550217,0.19932115954560983,0.8840440935708281
1.0,5.984375,0.652221370277153,0.20089099663786977,0.8834527076131035
1.0,6.0,0.652363016712406,0.20246939355568577,0.8828597739059756
1.0,6.015625,0.652506272856702,0.2040563792301732,0.8822652914528956
1.0,6.03125,0.6526511414982312,0.2056519826741836,0.8816692592509985
1.0,6.046875,0.6527976255178879,0.20725623298298892,0.8810716762910751
1.0,6.0625,0.6529457278897234,0.2088691593349736,0.8804725415575473
1.0,6.078125,0.6530954516814189,0.2104907909923346,0.8798718540284375
1.0,6.09375,0.6532468000547742,0.2121211573017896,0.8792696126753412
1.0,6.109375,0.6533997762662174,0.21376028769529365,0.8786658164633988
1.0,6.125,0.6535543836673324,0.21540821169076388,0.8780604643512668
1.0,6.140625,0.6537106257054057,0.21706495889281296,0.8774535552910859
1.0,6.15625,0.6538685059239927,0.21873055899349134,0.8768450882284533
1.0,6.171875,0.6540280279635031,0.22040504177303802,0.8762350621023908
1.0,6.1875,0.6541891955618087,0.2220884371006405,0.8756234758453139
1.0,6.203125,0.6543520125548672,0.2237807749352038,0.8750103283830003
1.0,6.21875,0.6545164828773703,0.22548208532612862,0.874395618634558
1.0,6.234375,0.6546826105634115,0.22719239841409902,0.873779345512392
1.0,6.25,0.6548503997471736,0.22891174443187984,0.8731615079221725
1.0,6.265625,0.6550198546636399,0.2306401537051231,0.8725421047628
1.0,6.28125,0.6551909796493249,0.23237765665318552,0.8719211349263721
1.0,6.296875,0.6553637791430299,0.23412428378995484,0.8712985972981492
1.0,6.3125,0.6555382576866187,0.23588006572468712,0.8706744907565181
1.0,6.328125,0.655714419925816,0.2376450331628543,0.8700488141729573
1.0,6.34375,0.655892270611032,0.23941921690700196,0.8694215664120005
1.0,6.359375,0.6560718145982072,0.24120264785761836,0.868792746331201
1.0,6.375,0.6562530568496822,0.24299535701401415,0.8681623527810926
1.0,6.390625,0.6564360024350944,0.24479737547521296,0.8675303846051532
1.0,6.40625,0.6566206565322946,0.2466087344408539,0.8668968406397662
1.0,6.421875,0.6568070244282948,0.24842946521210482,0.8662617197141812
1.0,6.4375,0.6569951115202357,0.250259599192588,0.8656250206504751
1.0,6.453125,0.657184923316386,0.25209916788931713,0.8649867422635115
1.0,6.46875,0.6573764654371642,0.2539482029136469,0.8643468833609009
1.0,6.484375,0.6575697436161898,0.2558067359822345,0.8637054427429584
1.0,6.5,0.657764763701362,0.2576747989180141,0.8630624192026627
1.0,6.515625,0.657961531655965,0.25955242365118353,0.862417811525614
1.0,6.53125,0.6581600535598051,0.2614396422202047,0.8617716184899898
1.0,6.546875,0.6583603356103735,0.2633364867728167,0.8611238388665029
1.0,6.5625,0.6585623841240431,0.26524298956706227,0.8604744714183556
1.0,6.578125,0.6587662055372918,0.26715918297232866,0.8598235149011958
1.0,6.59375,0.6589718064079594,0.26908509947040177,0.8591709680630711
1.0,6.609375,0.6591791934165365,0.27102077165653465,0.858516829644383
1.0,6.625,0.6593883733674843,0.272966232240531,0.8578610983778392
1.0,6.640625,0.659599353190588,0.27492151404784265,0.8572037729884082
1.0,6.65625,0.6598121399423452,0.2768866500206825,0.8565448521932678
1.0,6.671875,0.6600267408073871,0.2788616732191528,0.8558843347017594
1.0,6.6875,0.6602431630999375,0.2808466168223887,0.8552222192153375
1.0,6.703125,0.6604614142653035,0.2828415141297179,0.854558504427518
1.0,6.71875,0.6606815018814081,0.28484639856183674,0.8538931890238296
1.0,6.734375,0.6609034336603578,0.286861303662002,0.85322627168176
1.0,6.75,0.6611272174500478,0.2888862630972401,0.8525577510707055
1.0,6.765625,0.6613528612358094,0.29092131065957355,0.8518876258519159
1.0,6.78125,0.6615803731420952,0.29296648026726424,0.8512158946784422
1.0,6.796875,0.6618097614342064,0.29502180596607497,0.8505425561950805
1.0,6.8125,0.6620410345200632,0.29708732193054893,0.8498676090383176
1.0,6.828125,0.6622742009520161,0.2991630624653078,0.8491910518362749
1.0,6.84375,0.6625092694287037,0.30124906200636836,0.8485128832086504
1.0,6.859375,0.6627462487969543,0.303345355122479,0.847833101766661
1.0,6.875,0.6629851480537341,0.3054519765164747,0.8471517061129853
1.0,6.890625,0.6632259763481431,0.3075689610266533,0.8464686948417016
1.0,6.90625,0.663468742983459,0.30969634362817106,0.8457840665382295
1.0,6.921875,0.663713457419232,0.3118341594344597,0.8450978197792685
1.0,6.9375,0.6639601292734286,0.31398244369866435,0.8444099531327344
1.0,6.953125,0.6642087683246295,0.3161412318151031,0.8437204651576982
1.0,6.96875,0.6644593845142803,0.31831055932074886,0.8430293544043205
1.0,6.984375,0.6647119879489973,0.3204904618967335,0.8423366194137886
1.0,7.0,0.6649665889029291,0.3226809753698752,0.8416422587182482
1.0,7.015625,0.6652231978201765,0.3248821357142291,0.8409462708407391
1.0,7.03125,0.6654818253172716,0.3270939790526619,0.8402486542951263
1.0,7.046875,0.6657424821857176,0.32931654165845137,0.8395494075860314
1.0,7.0625,0.6660051793945909,0.33154985995690994,0.8388485292087627
1.0,7.078125,0.6662699280932064,0.333793970527035,0.838146017649246
1.0,7.09375,0.6665367396138516,0.33604891010318383,0.8374418713839504
1.0,7.109375,0.6668056254745833,0.33831471557677656,0.8367360888798181
1.0,7.125,0.6670765973820986,0.34059142399802517,0.8360286685941882
1.0,7.140625,0.667349667234673,0.3428790725776909,0.8353196089747245
1.0,7.15625,0.6676248471251749,0.3451776986888699,0.8346089084593361
1.0,7.171875,0.6679021493441529,0.34748733986880753,0.8338965654761035
1.0,7.1875,0.6681815863830013,0.3498080338207431,0.8331825784431982
1.0,7.203125,0.6684631709372051,0.35213981841578373,0.8324669457688049
1.0,7.21875,0.6687469159096666,0.35448273169481004,0.8317496658510379
1.0,7.234375,0.6690328344141154,0.3568368118704132,0.8310307370778628
1.0,7.25,0.6693209397786056,0.3592020973288646,0.8303101578270118
1.0,7.265625,0.6696112455491005,0.3615786266321178,0.8295879264658989
1.0,7.28125,0.6699037654931504,0.36396643851984534,0.8288640413515348
1.0,7.296875,0.6701985136036622,0.3663655719115093,0.8281385008304402
1.0,7.3125,0.6704955041027691,0.36877606590846773,0.8274113032385573
1.0,7.328125,0.6707947514457956,0.37119795979611747,0.8266824469011598
1.0,7.34375,0.6710962703253285,0.37363129304607334,0.8259519301327635
1.0,7.359375,0.6714000756753926,0.376076105318386,0.8252197512370316
1.0,7.375,0.6717061826757345,0.3785324364637979,0.8244859085066832
1.0,7.390625,0.6720146067562189,0.3810003265260398,0.8237504002233961
1.0,7.40625,0.6723253636013413,0.3834798157441672,0.8230132246577121
1.0,7.421875,0.6726384691548577,0.3859709445549387,0.8222743800689368
1.0,7.4375,0.6729539396245395,0.3884737535952374,0.8215338647050412
1.0,7.453125,0.6732717914870531,0.39098828370453537,0.8207916768025597
1.0,7.46875,0.6735920414929711,0.3935145759274033,0.8200478145864878
1.0,7.484375,0.6739147066719173,0.3960526715160655,0.8193022762701766
1.0,7.5,0.6742398043378508,0.39860261193300295,0.8185550600552275
1.0,7.515625,0.6745673520944948,0.40116443885360314,0.8178061641313834
1.0,7.53125,0.6748973678409105,0.40373819416886003,0.8170555866764199
1.0,7.546875,0.6752298697772261,0.4063239199881248,0.816303325856033
1.0,7.5625,0.675564876410523,0.40892165864190766,0.8155493798237268
1.0,7.578125,0.6759024065608843,0.411531452684734,0.8147937467206973
1.0,7.59375,0.6762424793676112,0.41415334489805405,0.8140364246757162
1.0,7.609375,0.6765851142956151,0.41678737829320867,0.8132774118050121
1.0,7.625,0.6769303311419863,0.41943359611445347,0.8125167062121488
1.0,7.640625,0.677278150042752,0.4220920418420405,0.8117543059879032
1.0,7.65625,0.6776285914798232,0.42476275919536177,0.8109902092101402
1.0,7.671875,0.6779816762881414,0.4274457921361535,0.8102244139436852
1.0,7.6875,0.678337425663031,0.43014118487176545,0.8094569182401955
1.0,7.703125,0.678695861167764,0.4328489818584942,0.8086877201380289
1.0,7.71875,0.6790570047413438,0.4355692278049851,0.8079168176621093
1.0,7.734375,0.6794208787065177,0.4383019676757025,0.8071442088237925
1.0,7.75,0.6797875057780243,0.4410472466944707,0.8063698916207259
1.0,7.765625,0.6801569090710858,0.44380511034808834,0.8055938640367093
1.0,7.78125,0.6805291121101521,0.44657560439001726,0.8048161240415518
1.0,7.796875,0.6809041388379071,0.4493587748441489,0.8040366695909248
1.0,7.8125,0.6812820136245475,0.45215466800864884,0.8032554986262164
1.0,7.828125,0.6816627612773424,0.45496333045988435,0.8024726090743781
1.0,7.84375,0.6820464070504835,0.457784809056434,0.801687998847773
1.0,7.859375,0.6824329766552404,0.4606191509431844,0.8009016658440185
1.0,7.875,0.6828224962704277,0.4634664035555156,0.8001136079458284
1.0,7.890625,0.6832149925531994,0.4663266146235774,0.7993238230208505
1.0,7.90625,0.6836104926501813,0.46919983217665934,0.7985323089215015
1.0,7.921875,0.6840090242089547,0.4720861045476587,0.7977390634847994
1.0,7.9375,0.6844106153899031,0.474985480377646,0.7969440845321932
1.0,7.953125,0.6848152948784418,0.477898008620535,0.7961473698693876
1.0,7.96875,0.6852230918976371,0.4808237385478575,0.7953489172861666
1.0,7.984375,0.6856340362212376,0.4837627197536471,0.7945487245562121
1.0,8.0,0.6860481581871309,0.48671500215943564,0.7937467894369205
1.0,8.015625,0.6864654887112409,0.4896806360193649,0.7929431096692144
1.0,8.03125,0.6868860593018892,0.49265967192541804,0.7921376829773523
1.0,8.046875,0.6873099020746326,0.495652160812774,0.7913305070687323
1.0,8.0625,0.6877370497676029,0.49865815396528945,0.7905215796336951
1.0,8.078125,0.6881675357573626,0.5016777030211109,0.7897108983453199
1.0,8.09375,0.688601394075306,0.5047108599784232,0.7888984608592192
1.0,8.109375,0.6890386594246223,0.5077576772013375,0.7880842648133272
1.0,8.125,0.689479367197847,0.5108182074259227,0.7872683078276851
1.0,8.140625,0.6899235534950269,0.5138925037663878,0.7864505875042223
1.0,8.15625,0.6903712551425262,0.516980619721417,0.7856311014265327
1.0,8.171875,0.6908225097124964,0.5200826091806638,0.7848098471596467
1.0,8.1875,0.6912773555430478,0.523198526431412,0.783986822249798
1.0,8.203125,0.6917358317591457,0.5263284261654037,0.7831620242241858
1.0,8.21875,0.6921979782942674,0.5294723634858468,0.7823354505907331
1.0,8.234375,0.692663835912853,0.5326303939146029,0.7815070988378382
1.0,8.25,0.6931334462335876,0.5358025733995644,0.7806769664341221
1.0,8.265625,0.6936068517535522,0.5389889583222273,0.7798450508281703
1.0,8.28125,0.6940840958732808,0.5421896055054662,0.7790113494482681
1.0,8.296875,0.69456522292277,0.5454045722215197,0.7781758597021327
1.0,8.3125,0.695050278188486,0.5486339162001921,0.7773385789766362
1.0,8.328125,0.6955393079414095,0.5518776956372811,0.776499504637524
1.0,8.34375,0.6960323594661776,0.5551359692032398,0.7756586340291295
1.0,8.359375,0.6965294810913706,0.5584087960520802,0.7748159644740765
1.0,8.375,0.6970307222209976,0.561696235830529,0.7739714932729802
1.0,8.390625,0.6975361333672463,0.5649983486874445,0.7731252177041403
1.0,8.40625,0.6980457661845535,0.568315195283505,0.7722771350232249
1.0,8.421875,0.6985596735050658,0.5716468368011789,0.771427242462948
1.0,8.4375,0.6990779093755624,0.574993334954988,0.7705755372327426
1.0,8.453125,0.6996005290959102,0.5783547520020753,0.7697220165184212
1.0,8.46875,0.7001275892591342,0.5817311507530897,0.7688666774818308
1.0,8.484375,0.7006591477931874,0.5851225945834001,0.7680095172605003
1.0,8.5,0.7011952640045076,0.5885291474446536,0.7671505329672782
1.0,8.515625,0.701735998623459,0.5919508738766893,0.7662897216899611
1.0,8.53125,0.702281413851758,0.595387839019827,0.7654270804909146
1.0,8.546875,0.7028315734119904,0.5988401086275403,0.764562606406683
1.0,8.5625,0.7033865425993403,0.6023077490795382,0.7636962964475906
1.0,8.578125,0.7039463883356468,0.6057908273952655,0.7628281475973326
1.0,8.59375,0.7045111792259229,0.6092894112478455,0.7619581568125545
1.0,8.609375,0.705080985617476,0.6128035689784816,0.7610863210224226
1.0,8.625,0.705655879661781,0.61633336961134,0.7602126371281814
1.0,8.640625,0.7062359353792603,0.619878882868933,0.7593371020027
1.0,8.65625,0.7068212287271488,0.6234401791880289,0.7584597124900072
1.0,8.671875,0.7074118376706212,0.6270173297361096,0.7575804654048128
1.0,8.6875,0.7080078422573807,0.6306104064284037,0.7566993575320178
1.0,8.703125,0.7086093246959196,0.6342194819455211,0.7558163856262076
1.0,8.71875,0.7092163694376743,0.6378446297517183,0.7549315464111356
1.0,8.734375,0.7098290632633211,0.6414859241138248,0.7540448365791894
1.0,8.75,0.7104474953734734,0.6451434401208627,0.7531562527908422
1.0,8.765625,0.711071757484056,0.648817253704395,0.7522657916740894
1.0,8.78125,0.7117019439266657,0.6525074416596373,0.7513734498238677
1.0,8.796875,0.7123381517542394,0.6562140816673736,0.7504792238014589
1.0,8.8125,0.7129804808523816,0.6599372523167162,0.7495831101338739
1.0,8.828125,0.7136290340567341,0.6636770331287544,0.7486851053132193
1.0,8.84375,0.7142839172767933,0.6674335045811398,0.7477852057960451
1.0,8.859375,0.7149452396266258,0.6712067481336558,0.7468834080026713
1.0,8.875,0.7156131135629571,0.6749968462548278,0.7459797083164944
1.0,8.890625,0.716287655031159,0.6788038824496299,0.7450741030832723
1.0,8.90625,0.7169689836197031,0.6826279412883485,0.7441665886103838
1.0,8.921875,0.7176572227236923,0.6864691084366706,0.743257161166069
1.0,8.9375,0.7183524997181445,0.6903274706870657,0.7423458169786392
1.0,8.953125,0.7190549461417557,0.694203115991535,0.7414325522356652
1.0,8.96875,0.7197646978919379,0.6980961334958132,0.740517363083136
1.0,8.984375,0.7204818954320075,0.7020066135751064,0.7396002456245873
1.0,9.0,0.7212066840114645,0.7059346478714604,0.7386811959202053
1.0,9.015625,0.7219392139004119,0.7098803293328615,0.7377602099858919
1.0,9.03125,0.7226796406392535,0.7138437522541781,0.7368372837923032
1.0,9.046875,0.7234281253049221,0.7178250123200602,0.7359124132638477
1.0,9.0625,0.7241848347950159,0.7218242066499257,0.7349855942776524
1.0,9.078125,0.7249499421313639,0.7258414338451686,0.7340568226624878
1.0,9.09375,0.7257236267846857,0.72987679403874,0.7331260941976521
1.0,9.109375,0.726506075022203,0.7339303889472643,0.7321934046118153
1.0,9.125,0.7272974802802377,0.7380023219258656,0.7312587495818137
1.0,9.140625,0.7280980435640745,0.7420926980258966,0.7303221247314032
1.0,9.15625,0.7289079738775911,0.7462016240557782,0.7293835256299539
1.0,9.171875,0.7297274886854662,0.7503292086451782,0.7284429477911003
1.0,9.1875,0.7305568144110784,0.7544755623127795,0.7275003866713279
1.0,9.203125,0.7313961869735799,0.7586407975379094,0.7265558376685041
1.0,9.21875,0.7322458523680417,0.7628250288363302,0.725609296120345
1.0,9.234375,0.7331060672930415,0.7670283728405205,0.7246607573028132
1.0,9.25,0.7339770998305987,0.7712509483848095,0.7237102164284462
1.0,9.265625,0.734859230183995,0.7754928765957647,0.7227576686446071
1.0,9.28125,0.7357527514797103,0.7797542809882754,0.721803109031655
1.0,9.296875,0.7366579706405494,0.784035287567818,0.7208465326010275
1.0,9.3125,0.7375752093379704,0.7883360249394531,0.7198879342932312
1.0,9.328125,0.7385048050327301,0.7926566244241514,0.7189273089757335
1.0,9.34375,0.7394471121142551,0.7969972201831289,0.7179646514407476
1.0,9.359375,0.7404025031506339,0.8013579493509388,0.7169999564029029
1.0,9.375,0.7413713702628983,0.8057389521781685,0.7160332184967938
1.0,9.390625,0.742354126639311,0.8101403721846876,0.7150644322743956
1.0,9.40625,0.743351208207836,0.8145623563245157,0.714093592202339
1.0,9.421875,0.7443630754878452,0.8190050551635171,0.713120692659029
1.0,9.4375,0.7453902156455725,0.8234686230712913,0.7121457279315998
1.0,9.453125,0.7464331447819323,0.8279532184288144,0.7111686922126856
1.0,9.46875,0.747492410486281,0.8324590038536048,0.7101895795969988
1.0,9.484375,0.7485685946956551,0.8369861464444514,0.7092083840776913
1.0,9.5,0.7496623169062867,0.8415348180480338,0.7082250995424827
1.0,9.515625,0.7507742377930217,0.8461051955501363,0.7072397197695338
1.0,9.53125,0.7519050633031281,0.8506974611945773,0.7062522384230393
1.0,9.546875,0.7530555493043841,0.8553118029334952,0.7052626490485083
1.0,9.5625,0.7542265068839744,0.859948414813245,0.7042709450677088
1.0,9.578125,0.7554188084155893,0.8646074974009109,0.7032771197732304
1.0,9.59375,0.7566333945383784,0.8692892582573506,0.7022811663226294
1.0,9.609375,0.7578712822248234,0.8739939124638083,0.7012830777321037
1.0,9.625,0.7591335741574012,0.8787216832105137,0.7002828468696461
1.0,9.640625,0.7604214696892686,0.8834728024574121,0.6992804664476083
1.0,9.65625,0.7617362777365383,0.8882475116793307,0.6982759290145959
1.0,9.671875,0.763079432045193,0.8930460627106395,0.6972692269466145
1.0,9.6875,0.7644525094031984,0.8978687187079717,0.6962603524373508
1.0,9.703125,0.7658572515408123,0.9027157552541306,0.6952492974874663
1.0,9.71875,0.7672955916984662,0.907587461632259,0.6942360538927522
1.0,9.734375,0.76876968717055,0.9124841423072628,0.6932206132309575
1.0,9.75,0.7702819595987692,0.9174061186621156,0.6922029668470642
1.0,9.765625,0.7718351454592328,0.9223537310512134,0.6911831058367286
1.0,9.78125,0.7734323601732436,0.9273273412531791,0.6901610210275338
1.0,9.796875,0.7750771807546629,0.9323273354342098,0.6891367029576082
1.0,9.8125,0.776773754195394,0.9373541277746739,0.6881101418510254
1.0,9.828125,0.778526942427576,0.9424081649735635,0.6870813275892313
1.0,9.84375,0.7803425206784637,0.947489931940166,0.686050249677477
1.0,9.859375,0.7822274562483755,0.9525999591323785,0.6850168972048633
1.0,9.875,0.7841903130177003,0.9577388322483434,0.6839812587960383
1.0,9.890625,0.7862418615351073,0.9629072054053271,0.6829433225517022
1.0,9.90625,0.7883960443734084,0.9681058197223463,0.6819030759736112
1.0,9.921875,0.790671599985374,0.9733355307651652,0.6808605058672819
1.0,9.9375,0.7930950247669698,0.9785973516546236,0.6798155982109225
1.0,9.953125,0.7957066238570059,0.9838925268915435,0.678768337969658
1.0,9.96875,0.7985751919371527,0.9892226766763322,0.6777187088122382
1.0,9.984375,0.8018463918484738,0.9945901551245804,0.6766666926262503
1.0,10.0,0.8061652003529693,1.0,0.6756122684888234
10.0,0.0,5.097697776796939e-08,0.0,1.0
10.0,0.015625,5.1039763799584616e-08,3.116722705028235e-16,1.0
10.0,0.03125,5.122834337922636e-08,1.8746398375745312e-15,0.9999999999998141
10.0,0.046875,5.154338154084011e-08,5.9586634625064744e-15,0.9999999999995037
10.0,0.0625,5.1985988606858114e-08,1.3870597460254778e-14,0.9999999999990667
10.0,0.078125,5.255772308931204e-08,2.697334383019371e-14,0.9999999999985019
10.0,0.09375,5.3260595756047e-08,4.670529743447621e-14,0.9999999999978066
10.0,0.109375,5.409707486669174e-08,7.460044961576048e-14,0.9999999999969774
10.0,0.125,5.507009258436843e-08,1.1230932083416695e-13,0.999999999996011
10.0,0.140625,5.6183052570453785e-08,1.61620896899424e-13,0.9999999999949027
10.0,0.15625,5.74398387710292e-08,2.2448574818554672e-13,0.999999999993648
10.0,0.171875,5.884482540498349e-08,3.0304051685083263e-13,0.9999999999922413
10.0,0.1875,6.040288816505707e-08,3.996339635556698e-13,0.9999999999906762
10.0,0.203125,6.21194166444398e-08,5.168547724863084e-13,0.9999999999889461
10.0,0.21875,6.400032800285851e-08,6.575613216674728e-13,0.9999999999870431
10.0,0.234375,6.605208188741382e-08,8.249136345950737e-13,0.9999999999849589
10.0,0.25,6.828169662474927e-08,1.0224077391583487e-12,0.9999999999826843
10.0,0.265625,7.069676670245923e-08,1.2539126706660134e-12,0.9999999999802094
10.0,0.28125,7.330548155896881e-08,1.5237103675623914e-12,0.9999999999775234
10.0,0.296875,7.611664570244498e-08,1.8365387211374206e-12,0.9999999999746145
10.0,0.3125,7.913970018062668e-08,2.1976380542207953e-12,0.9999999999714699
10.0,0.328125,8.238474542479578e-08,2.6128013185286186e-12,0.9999999999680762
10.0,0.34375,8.586256549244366e-08,3.088428316025655e-12,0.9999999999644184
10.0,0.359375,8.958465373452874e-08,3.631584266403904e-12,0.9999999999604806
10.0,0.375,9.356323991456397e-08,4.250063060586504e-12,0.9999999999562459
10.0,0.390625,9.781131880812134e-08,4.9524555590742694e-12,0.9999999999516961
10.0,0.40625,1.0234268031269413e-07,5.74822331399129e-12,0.9999999999468114
10.0,0.421875,1.0717194109921895e-07,6.647778114888123e-12,0.9999999999415708
10.0,0.4375,1.1231457783792349e-07,7.662567780760338e-12,0.9999999999359523
10.0,0.453125,1.1778696203253986e-07,8.805168644371565e-12,0.9999999999299318
10.0,0.46875,1.2360639649830266e-07,1.0089385199870905e-11,0.9999999999234835
10.0,0.484375,1.297911535205355e-07,1.1530357410903055e-11,0.9999999999165804
10.0,0.5,1.3636051473202567e-07,1.3144676203965645e-11,0.9999999999091933
10.0,0.515625,1.4333481274878587e-07,1.495050770071393e-11,0.9999999999012911
10.0,0.53125,1.5073547460521002e-07,1.6967726773291266e-11,0.9999999998928408
10.0,0.546875,1.585850670310484e-07,1.9218060538619348e-11,0.9999999998838073
10.0,0.5625,1.6690734361404754e-07,2.1725242440961876e-11,0.999999999874153
10.0,0.578125,1.7572729389353482e-07,2.451517760702663e-11,0.9999999998638381
10.0,0.59375,1.8507119443166606e-07,2.7616120194443935e-11,0.9999999998528204
10.0,0.609375,1.9496666191049945e-07,3.105886349270553e-11,0.9999999998410548
10.0,0.625,2.0544270830451906e-07,3.4876943575619394e-11,0.9999999998284934
10.0,0.640625,2.1652979817968756e-07,3.910685734608872e-11,0.9999999998150854
10.0,0.65625,2.2825990817158772e-07,4.3788295857611815e-11,0.9999999998007768
10.0,0.671875,2.406665886966809e-07,4.8964393842384174e-11,0.9999999997855106
10.0,0.6875,2.537850279522134e-07,5.46819964233221e-11,0.9999999997692257
10.0,0.703125,2.67652118261781e-07,6.099194403678168e-11,0.9999999997518579
10.0,0.71875,2.8230652482508466e-07,6.794937664428073e-11,0.999999999733339
10.0,0.734375,2.977887569319112e-07,7.561405836520837e-11,0.9999999997135962
10.0,0.75,3.1414124170190723e-07,8.40507237183959e-11,0.999999999692553
10.0,0.765625,3.314084004132408e-07,9.332944671858903e-11,0.9999999996701282
10.0,0.78125,3.496367274847937e-07,1.0352603413437897e-10,0.9999999996462356
10.0,0.796875,3.688748721780781e-07,1.1472244427708755e-10,0.9999999996207845
10.0,0.8125,3.891737230866401e-07,1.2700723275553477e-10,0.9999999995936779
10.0,0.828125,4.105864954822847e-07,1.4047602669962198e-10,0.9999999995648142
10.0,0.84375,4.3316882158904563e-07,1.5523202902631566e-10,0.9999999995340854
10.0,0.859375,4.569788438574233e-07,1.7138655439499886e-10,0.9999999995013775
10.0,0.875,4.820773113130275e-07,1.8905959857534667e-10,0.9999999994665701
10.0,0.890625,5.085276790553821e-07,2.0838044302996553e-10,0.9999999994295353
10.0,0.90625,5.36396210984297e-07,2.294882965960976e-10,0.9999999993901391
10.0,0.921875,5.657520858328492e-07,2.525329762358171e-10,0.999999999348239
10.0,0.9375,5.966675065876992e-07,2.776756289124276e-10,0.9999999993036851
10.0,0.953125,6.29217813379146e-07,3.050894967422951e-10,0.9999999992563189
10.0,0.96875,6.634815999250098e-07,3.3496072766622094e-10,0.999999999205973
10.0,0.984375,6.995408336141646e-07,3.6748923398275587e-10,0.9999999991524715
10.0,1.0,7.374809793172642e-07,4.028896011876949e-10,0.9999999990956281
10.0,1.015625,7.773911270139504e-07,4.4139204966945635e-10,0.9999999990352468
10.0,1.03125,8.193641233276065e-07,4.832434519192513e-10,0.9999999989711211
10.0,1.046875,8.634967070605036e-07,5.287084080279863e-10,0.9999999989030328
10.0,1.0625,9.098896488239714e-07,5.780703823588307e-10,0.9999999988307524
10.0,1.078125,9.586478948600954e-07,6.31632904405416e-10,0.9999999987540382
10.0,1.09375,1.0098807151532237e-06,6.897208369708372e-10,0.9999999986726359
10.0,1.109375,1.0637018559314871e-06,7.526817149321136e-10,0.9999999985862771
10.0,1.125,1.1202296966603884e-06,8.208871579886344e-10,0.9999999984946801
10.0,1.140625,1.1795874116324362e-06,8.947343609315139e-10,0.999999998397548
10.0,1.15625,1.2419031362587356e-06,9.74647665113796e-10,0.9999999982945688
10.0,1.171875,1.3073101381703808e-06,1.0610802149492316e-09,0.999999998185414
10.0,1.1875,1.3759469932394955e-06,1.1545157034200146e-09,0.9999999980697384
10.0,1.203125,1.4479577666317594e-06,1.255470210731537e-09,0.9999999979471792
10.0,1.21875,1.5234921990042691e-06,1.3644941404150395e-09,0.9999999978173554
10.0,1.234375,1.6027058979646753e-06,1.4821742573471284e-09,0.9999999976798662
10.0,1.25,1.6857605349095427e-06,1.6091358323286347e-09,0.9999999975342909
10.0,1.265625,1.7728240473620844e-06,1.7460448980443515e-09,0.9999999973801877
10.0,1.28125,1.8640708469314419e-06,1.8936106214099404e-09,0.9999999972170929
10.0,1.296875,1.959682033017927e-06,2.052587797502889e-09,0.9999999970445191
10.0,1.3125,2.0598456123907867e-06,2.22377947047098e-09,0.9999999968619561
10.0,1.328125,2.1647567247672667e-06,2.408039687014463e-09,0.9999999966688673
10.0,1.34375,2.274617874524001e-06,2.606276388247122e-09,0.9999999964646908
10.0,1.359375,2.389639168674041e-06,2.819454445956894e-09,0.9999999962488371
10.0,1.375,2.5100385612451132e-06,3.0485988495087855e-09,0.9999999960206881
10.0,1.390625,2.636042104197036e-06,3.294798049861648e-09,0.999999995779596
10.0,1.40625,2.7678842050186254e-06,3.5592074674061964e-09,0.9999999955248818
10.0,1.421875,2.9058078911467575e-06,3.843053170574518e-09,0.9999999952558345
10.0,1.4375,3.0500650813527444e-06,4.14763573242153e-09,0.9999999949717091
10.0,1.453125,3.200916864243577e-06,4.474334272636457e-09,0.9999999946717253
10.0,1.46875,3.3586337840281868e-06,4.824610692707696e-09,0.9999999943550664
10.0,1.484375,3.52349613370127e-06,5.2000141122375455e-09,0.9999999940208776
10.0,1.5,3.6957942557998997e-06,5.602185514684366e-09,0.9999999936682639
10.0,1.515625,3.875828850890728e-06,6.032862611099082e-09,0.999999993296289
10.0,1.53125,4.0639112939481335e-06,6.493884930720641e-09,0.999999992903974
10.0,1.546875,4.260363958786483e-06,6.987199147601338e-09,0.9999999924902941
10.0,1.5625,4.465520550712217e-06,7.514864652748042e-09,0.9999999920541789
10.0,1.578125,4.679726447564419e-06,8.079059381589453e-09,0.9999999915945083
10.0,1.59375,4.903339049315111e-06,8.682085906912832e-09,0.9999999911101121
10.0,1.609375,5.136728136403461e-06,9.326377807756426e-09,0.9999999905997674
10.0,1.625,5.380276236980928e-06,1.0014506325096149e-08,0.9999999900621966
10.0,1.640625,5.634379003247302e-06,1.0749187315527374e-08,0.9999999894960647
10.0,1.65625,5.89944559706043e-06,1.153328851451506e-08,0.9999999888999783
10.0,1.671875,6.175899085005558e-06,1.2369837121168052e-08,0.9999999882724816
10.0,1.6875,6.464176843113148e-06,1.3262027716886671e-08,0.9999999876120551
10.0,1.703125,6.764730971417108e-06,1.4213230530636767e-08,0.9999999869171133
10.0,1.71875,7.078028718548505e-06,1.5227000064018424e-08,0.9999999861860009
10.0,1.734375,7.404552916563061e-06,1.6307084089723896e-08,0.9999999854169915
10.0,1.75,7.744802426203707e-06,1.7457433037417328e-08,0.9999999846082838
10.0,1.765625,8.099292592803063e-06,1.868220978151841e-08,0.9999999837579989
10.0,1.78125,8.468555713033657e-06,1.998579984583405e-08,0.9999999828641785
10.0,1.796875,8.853141512717319e-06,2.1372822040456095e-08,0.9999999819247799
10.0,1.8125,9.253617635908334e-06,2.2848139546830047e-08,0.9999999809376744
10.0,1.828125,9.670570145468625e-06,2.4416871467399154e-08,0.9999999799006433
10.0,1.84375,1.0104604035356504e-05,2.608440485674116e-08,0.999999978811375
10.0,1.859375,1.0556343754854207e-05,2.785640725164119e-08,0.9999999776674613
10.0,1.875,1.1026433744962907e-05,2.9738839718084222e-08,0.9999999764663933
10.0,1.890625,1.1515538987197714e-05,3.173797043370467e-08,0.9999999752055582
10.0,1.90625,1.202434556501862e-05,3.386038882479902e-08,0.9999999738822362
10.0,1.921875,1.2553561238137294e-05,3.6113020277590405e-08,0.9999999724935948
10.0,1.9375,1.310391602994334e-05,3.850314144403224e-08,0.9999999710366866
10.0,1.953125,1.3676162828297558e-05,4.103839616305127e-08,0.9999999695084435
10.0,1.96875,1.427107799994346e-05,4.3726812018759316e-08,0.9999999679056731
10.0,1.984375,1.4889462018792578e-05,4.657681755780824e-08,0.9999999662250548
10.0,2.0,1.5532140108342845e-05,4.9597260188723415e-08,0.9999999644631341
10.0,2.015625,1.619996289849354e-05,5.279742478672961e-08,0.9999999626163182
10.0,2.03125,1.6893807097024415e-05,5.618705302827731e-08,0.9999999606808713
10.0,2.046875,1.7614576176010902e-05,5.977636348019061e-08,0.9999999586529095
10.0,2.0625,1.8363201073451245e-05,6.35760724690873e-08,0.9999999565283956
10.0,2.078125,1.9140640910386303e-05,6.759741575746998e-08,0.9999999543031334
10.0,2.09375,1.9947883723796524e-05,7.185217105365408e-08,0.9999999519727624
10.0,2.109375,2.078594721556557e-05,7.635268138348353e-08,0.9999999495327523
10.0,2.125,2.1655879517804132e-05,8.111187935259038e-08,0.9999999469783963
10.0,2.140625,2.255875997483262e-05,8.614331232877831e-08,0.9999999443048063
10.0,2.15625,2.349569994212537e-05,9.14611685749552e-08,0.9999999415069054
10.0,2.171875,2.4467843602524453e-05,9.708030436390463e-08,0.9999999385794223
10.0,2.1875,2.5476368800035403e-05,1.030162721070722e-07,0.9999999355168843
10.0,2.203125,2.652248789152237e-05,1.0928534953044979e-07,0.9999999323136104
10.0,2.21875,2.760744861662489e-05,1.1590456993157044e-07,0.9999999289637047
10.0,2.234375,2.873253498622392e-05,1.2289175355257694e-07,0.9999999254610484
10.0,2.25,2.9899068189789264e-05,1.3026554010530264e-07,0.9999999217992934
10.0,2.265625,3.1108407521946074e-05,1.3804542248529883e-07,0.999999917971854
10.0,2.28125,3.236195132860345e-05,1.4625178171276468e-07,0.9999999139718982
10.0,2.296875,3.366113797299293e-05,1.5490592313938092e-07,0.9999999097923417
10.0,2.3125,3.500744682197079e-05,1.6403011396111712e-07,0.999999905425837
10.0,2.328125,3.640239925294294e-05,1.7364762207817773e-07,0.9999999008647672
10.0,2.34375,3.784755968177699e-05,1.837827563443729e-07,0.9999998961012354
10.0,2.359375,3.934453661207206e-05,1.9446090824934497e-07,0.9999998911270562
10.0,2.375,4.089498370616171e-05,2.0570859507825644e-07,0.9999998859337466
10.0,2.390625,4.2500600878232265e-05,2.1755350459474396e-07,0.9999998805125162
10.0,2.40625,4.4163135409944004e-05,2.300245412941726e-07,0.9999998748542566
10.0,2.421875,4.588438308894887e-05,2.4315187427547907e-07,0.999999868949533
10.0,2.4375,4.766618937070469e-05,2.5696698678117934e-07,0.9999998627885714
10.0,2.453125,4.951045056399125e-05,2.7150272745643086e-07,0.9999998563612498
10.0,2.46875,5.1419115040541245e-05,2.8679336337938263e-07,0.9999998496570863
10.0,2.484375,5.339418446920409e-05,3.0287463491642394e-07,0.9999998426652275
10.0,2.5,5.543771507506782e-05,3.1978381245734737e-07,0.9999998353744375
10.0,2.515625,5.755181892397038e-05,3.3755975508688157e-07,0.9999998277730852
10.0,2.53125,5.9738665232839723e-05,3.562429712505196e-07,0.9999998198491328
10.0,2.546875,6.200048170630558e-05,3.758756814740727e-07,0.9999998115901222
10.0,2.5625,6.433955590003734e-05,3.9650188319791723e-07,0.9999998029831628
10.0,2.578125,6.675823661126491e-05,4.1816741778847665e-07,0.9999997940149176
10.0,2.59375,6.925893529694984e-05,4.4092003979108503e-07,0.9999997846715896
10.0,2.609375,7.184412752007864e-05,4.6480948849002464e-07,0.9999997749389079
10.0,2.625,7.45163544245605e-05,4.898875618432086e-07,0.9999997648021132
10.0,2.640625,7.727822423921544e-05,5.162081928606983e-07,0.9999997542459427
10.0,2.65625,8.013241381134933e-05,5.438275284979993e-07,0.9999997432546147
10.0,2.671875,8.308167017041913e-05,5.728040111368731e-07,0.9999997318118141
10.0,2.6875,8.612881212229832e-05,6.031984627282395e-07,0.9999997199006743
10.0,2.703125,8.927673187466209e-05,6.350741716736109e-07,0.9999997075037629
10.0,2.71875,9.252839669401851e-05,6.684969825234239e-07,0.9999996946030627
10.0,2.734375,9.588685059492095e-05,7.035353885725827e-07,0.9999996811799561
10.0,2.75,9.935521606190486e-05,7.402606274355318e-07,0.9999996672152064
10.0,2.765625,0.00010293669580470063,7.78746779685221e-07,0.9999996526889391
10.0,2.78125,0.00010663457454728213,8.190708706424057e-07,0.9999996375806242
10.0,2.796875,0.00011045222085132084,8.613129754038676e-07,0.9999996218690559
10.0,2.8125,0.00011439308897462187,9.055563272003123e-07,0.9999996055323336
10.0,2.828125,0.00011846072076512975,9.518874291769304e-07,0.9999995885478412
10.0,2.84375,0.00012265874759109874,1.0003961696918812e-06,0.9999995708922266
10.0,2.859375,0.00012699089230803318,1.0511759412302797e-06,0.99999955254138
10.0,2.875,0.0001314609712630113,1.104323763033644e-06,0.9999995334704126
10.0,2.890625,0.00013607289633701833,1.1599404075471772e-06,0.9999995136536338
10.0,2.90625,0.00014083067702591958,1.2181305307897414e-06,0.9999994930645282
10.0,2.921875,0.00014573842256071991,1.2790028067538997e-06,0.9999994716757318
10.0,2.9375,0.0001508003440677603,1.342670065945995e-06,0.9999994494590092
10.0,2.953125,0.00015602075676951748,1.4092494381788563e-06,0.999999426385227
10.0,2.96875,0.00016140408222667835,1.4788624997324357e-06,0.9999994024243294
10.0,2.984375,0.00016695485062217627,1.551635425000406e-06,0.9999993775453124
10.0,3.0,0.00017267770308788009,1.627699142743575e-06,0.9999993517161968
10.0,3.015625,0.00017857739407464837,1.7071894970738298e-06,0.9999993249040005
10.0,3.03125,0.00018465879376645795,1.7902474132952534e-06,0.9999992970747115
10.0,3.046875,0.00019092689053934198,1.8770190687320483e-06,0.9999992681932584
10.0,3.0625,0.00019738679346587257,1.967656068675943e-06,0.9999992382234814
10.0,3.078125,0.0002040437348659417,2.062315627588889e-06,0.9999992071281022
10.0,3.09375,0.00021090307290460054,2.161160755700016e-06,0.9999991748686929
10.0,3.109375,0.00021797029423773677,2.264360451139085e-06,0.999999141405645
10.0,3.125,0.00022525101670637133,2.3720898977519605e-06,0.9999991066981367
10.0,3.140625,0.00023275099208037786,2.4845306687470466e-06,0.9999990707040993
10.0,3.15625,0.00024047610885243625,2.6018709363250447e-06,0.9999990333801848
10.0,3.171875,0.00024843239508304336,2.7243056874479524e-06,0.999998994681729
10.0,3.1875,0.00025662602129742105,2.8520369459067907e-06,0.9999989545627181
10.0,3.203125,0.0002650633034351703,2.9852740008512475e-06,0.999998912975751
10.0,3.21875,0.00027375070585353704,3.124233641948151e-06,0.9999988698720023
10.0,3.234375,0.00028269484438516845,3.2691404013395265e-06,0.9999988252011845
10.0,3.25,0.00029190248945124947,3.420226802574897e-06,0.9999987789115082
10.0,3.265625,0.00030138056923092755,3.5777336166964547e-06,0.9999987309496431
10.0,3.28125,0.000311136172887945,3.7419101256598284e-06,0.9999986812606766
10.0,3.296875,0.0003211765538554157,3.913014393277296e-06,0.9999986297880713
10.0,3.3125,0.00033150913317969255,4.091313543874539e-06,0.9999985764736238
10.0,3.328125,0.0003421415029242951,4.277084048856355e-06,0.999998521257419
10.0,3.34375,0.00035308142963487405,4.4706120213811685e-06,0.999998464077786
10.0,3.359375,0.0003643368578662101,4.67219351934865e-06,0.9999984048712532
10.0,3.375,0.00037591591377226027,4.8821348569094e-06,0.9999983435724994
10.0,3.390625,0.0003878269087602764,5.100752924710265e-06,0.999998280114307
10.0,3.40625,0.0004000783432100447,5.328375519093732e-06,0.9999982144275127
10.0,3.421875,0.00041267891025930335,5.565341680474616e-06,0.9999981464409571
10.0,3.4375,0.00042563749965641843,5.8120020411223485e-06,0.999998076081433
10.0,3.453125,0.00043896320168141566,6.068719182582157e-06,0.9999980032736333
10.0,3.46875,0.0004526653111364761,6.335868002973672e-06,0.9999979279400966
10.0,3.484375,0.0004667533314070319,6.613836094410761e-06,0.9999978500011526
10.0,3.5,0.0004812369785946095,6.903024130791775e-06,0.9999977693748656
10.0,3.515625,0.0004961261857225855,7.2038462662149315e-06,0.9999976859769775
10.0,3.53125,0.0005114311070160481,7.516730544279123e-06,0.9999975997208478
10.0,3.546875,0.000527162122256964,7.842119318536234e-06,0.9999975105173945
10.0,3.5625,0.0005433298412158798,8.18046968436681e-06,0.9999974182750322
10.0,3.578125,0.0005599451081614012,8.532253922556977e-06,0.9999973228996091
10.0,3.59375,0.0005770190064487184,8.897959954860514e-06,0.9999972242943429
10.0,3.609375,0.000594562863188461,9.278091811836233e-06,0.9999971223597548
10.0,3.625,0.0006125882539971914,9.673170113257137e-06,0.9999970169936028
10.0,3.640625,0.0006311070078308648,1.0083732561394266e-05,0.9999969080908123
10.0,3.65625,0.0006501312119026054,1.0510334447484771e-05,0.9999967955434069
10.0,3.671875,0.000669673216686174,1.0953549171700414e-05,0.9999966792404353
10.0,3.6875,0.0006897456410065184,1.1413968776939614e-05,0.9999965590678999
10.0,3.703125,0.0007103613772188235,1.1892204496773084e-05,0.9999964349086796
10.0,3.71875,0.0007315335964775115,1.238888731788029e-05,0.9999963066424549
10.0,3.734375,0.0007532757540966418,1.2904668557321206e-05,0.9999961741456296
10.0,3.75,0.0007756015950032166,1.3440220454995252e-05,0.9999960372912496
10.0,3.765625,0.0007985251592848916,1.3996236781646917e-05,0.9999958959489227
10.0,3.78125,0.0008220607878336371,1.4573433462785223e-05,0.9999957499847343
10.0,3.796875,0.0008462231280869188,1.5172549218892121e-05,0.9999955992611622
10.0,3.8125,0.0008710271398679781,1.5794346222302894e-05,0.9999954436369906
10.0,3.828125,0.0008964881013268336,1.6439610771149866e-05,0.999995282967219
10.0,3.84375,0.0009226216149836516,1.7109153980769072e-05,0.9999951171029732
10.0,3.859375,0.0009494436138761495,1.7803812492978017e-05,0.9999949458914121
10.0,3.875,0.000976970367812737,1.852444920364144e-05,0.9999947691756327
10.0,3.890625,0.001005218489733121,1.9271954008950745e-05,0.9999945867945728
10.0,3.90625,0.0010342049421781276,2.0047244570851916e-05,0.999994398582913
10.0,3.921875,0.0010639470438705335,2.0851267102065923e-05,0.9999942043709751
10.0,3.9375,0.0010944624764087179,2.1684997171154918e-05,0.9999940039846196
10.0,3.953125,0.0011257692910749864,2.2549440528097376e-05,0.9999937972451394
10.0,3.96875,0.0011578859157604388,2.344563395084481e-05,0.9999935839691535
10.0,3.984375,0.0011908311620083014,2.437464611334294e-05,0.9999933639684965
10.0,4.0,0.0012246242321776503,2.533757847551018e-05,0.9999931370501063
10.0,4.015625,0.0012592847267295204,2.6335566195676865e-05,0.9999929030159105
10.0,4.03125,0.0012948326516373932,2.736977906599902e-05,0.9999926616627091
10.0,4.046875,0.0013312884259241151,2.8441422471371513e-05,0.9999924127820545
10.0,4.0625,0.0013686728893273256,2.9551738372376274e-05,0.9999921561601312
10.0,4.078125,0.0014070073100955,3.0702006312812535e-05,0.9999918915776308
10.0,4.09375,0.0014463133929167708,3.189354445236764e-05,0.9999916188096246
10.0,4.109375,0.0014866132869827075,3.312771062499842e-05,0.9999913376254352
10.0,4.125,0.0015279295941892728,3.440590342360529e-05,0.9999910477885035
10.0,4.140625,0.0015702853774772374,3.5729563311593256e-05,0.9999907490562541
10.0,4.15625,0.001613704169314337,3.7100173761926425e-05,0.9999904411799576
10.0,4.171875,0.0016582099803215283,3.851926242429534e-05,0.9999901239045906
10.0,4.1875,0.0017038273080457193,3.99884023210293e-05,0.9999897969686912
10.0,4.203125,0.0017505811458813953,4.150921307239896e-05,0.9999894601042139
10.0,4.21875,0.0017984969921436313,4.3083362151968096e-05,0.9999891130363793
10.0,4.234375,0.0018476008592949575,4.4712566172666816e-05,0.9999887554835227
10.0,4.25,0.0018979192833286842,4.6398592204272856e-05,0.9999883871569379
10.0,4.265625,0.0019494793333112443,4.8143259123001406e-05,0.9999880077607192
10.0,4.28125,0.002002308621086218,4.9948438993918884e-05,0.999987616991599
10.0,4.296875,0.002056435311142728,5.181605848691052e-05,0.999987214538783
10.0,4.3125,0.002111888130650942,5.374810032694699e-05,0.9999868000837822
10.0,4.328125,0.002168696379667478,5.574660477941062e-05,0.9999863733002402
10.0,4.34375,0.0022268899415135313,5.781367117125747e-05,0.9999859338537589
10.0,4.359375,0.0022864992933286396,5.995145944880769e-05,0.9999854814017188
10.0,4.375,0.0023475555168029983,6.216219177297274e-05,0.9999850155930972
10.0,4.390625,0.002410090309091329,6.444815415274502e-05,0.9999845360682823
10.0,4.40625,0.00247413599391136,6.681169811779222e-05,0.9999840424588827
10.0,4.421875,0.0025397255328299846,6.925524243101634e-05,0.9999835343875351
10.0,4.4375,0.002606892536740294,7.178127484195485e-05,0.9999830114677051
10.0,4.453125,0.0026756712775326693,7.439235388191946e-05,0.9999824733034881
10.0,4.46875,0.00274609669996321,7.709111070178691e-05,0.9999819194894023
10.0,4.484375,0.002818204433722842,7.988025095337436e-05,0.9999813496101798
10.0,4.5,0.0028920308057104687,8.27625567153515e-05,0.9999807632405534
10.0,4.515625,0.0029676128525136496,8.574088846466114e-05,0.9999801599450387
10.0,4.53125,0.0030449883331003127,8.881818709443982e-05,0.9999795392777122
10.0,4.546875,0.003124195741725043,9.199747597945066e-05,0.9999789007819845
10.0,4.5625,0.0032052743210536643,9.528186309006074e-05,0.9999782439903697
10.0,4.578125,0.003288264075509756,9.867454315581776e-05,0.99997756842425
10.0,4.59375,0.0033732057848469372,0.00010217879987970109,0.9999768735936362
10.0,4.609375,0.003460141017950738,0.00010579800820414509,0.9999761589969222
10.0,4.625,0.003549112146873986,0.00010953563662995526,0.999975424120636
10.0,4.640625,0.003640162361109729,0.00011339524958926005,0.9999746684391856
10.0,4.65625,0.0037333356821057095,0.00011738050987366551,0.999973891414599
10.0,4.671875,0.0038286769780245993,0.00012149518111880312,0.9999730924962607
10.0,4.6875,0.0039262319787541555,0.00012574313034648598,0.9999722711206418
10.0,4.703125,0.0040260472911716645,0.0001301283305657136,0.9999714267110253
10.0,4.71875,0.004128170414666995,0.00013465486343379026,0.9999705586772266
10.0,4.734375,0.004232649756928752,0.00013932692197884898,0.9999696664153073
10.0,4.75,0.004339534649998102,0.0001441488133850982,0.999968749307285
10.0,4.765625,0.004448875366594873,0.00014912496184213701,0.9999678067208364
10.0,4.78125,0.004560723136720657,0.00015425991145971046,0.9999668380089954
10.0,4.796875,0.004675130164543756,0.00015955832924930614,0.9999658425098449
10.0,4.8125,0.004792149645570836,0.00016502500817402148,0.9999648195462024
10.0,4.828125,0.004911835784110332,0.00017066487026815998,0.999963768425301
10.0,4.84375,0.005034243811032659,0.0001764829698280452,0.9999626884384624
10.0,4.859375,0.00515943000183246,0.000182484496675572,0.9999615788607651
10.0,4.875,0.005287451694998155,0.00018867477949604443,0.9999604389507056
10.0,4.890625,0.005418367310694196,0.00019505928925188354,0.9999592679498532
10.0,4.90625,0.005552236369761535,0.00020164364267381856,0.9999580650824985
10.0,4.921875,0.005689119513041923,0.0002084336058312099,0.9999568295552944
10.0,4.9375,0.005829078521031715,0.00021543509778318572,0.9999555605568922
10.0,4.953125,0.005972176333871065,0.00022265419431230724,0.9999542572575676
10.0,4.96875,0.006118477071674421,0.00023009713174251532,0.9999529188088432
10.0,4.984375,0.006268046055208362,0.00023777031084314468,0.9999515443431013
10.0,5.0,0.006420949826923033,0.00024568030082083083,0.9999501329731904
10.0,5.015625,0.006577256172343368,0.0002538338434011706,0.9999486837920238
10.0,5.03125,0.006737034141826635,0.0002622378570020366,0.9999471958721718
10.0,5.046875,0.0069003540726927945,0.0002708994410004844,0.999945668265444
10.0,5.0625,0.007067287611734363,0.0002798258800952323,0.9999441000024664
10.0,5.078125,0.007237907738112622,0.0002890246487667323,0.9999424900922482
10.0,5.09375,0.007412288786647117,0.00029850341583689425,0.9999408375217426
10.0,5.109375,0.007590506471505538,0.00030827004913056775,0.9999391412553966
10.0,5.125,0.007772637910301225,0.0003183326202409277,0.9999374002346957
10.0,5.140625,0.007958761648605678,0.0003286994094009569,0.9999356133776972
10.0,5.15625,0.008148957684883624,0.00033937891046326136,0.999933779578557
10.0,5.171875,0.008343307495858302,0.0003503798359905026,0.9999318977070448
10.0,5.1875,0.008541894062314832,0.0003617111224587765,0.9999299666080547
10.0,5.203125,0.00874480189534968,0.0003733819355763182,0.9999279851011005
10.0,5.21875,0.008952117063074338,0.00038540167571996073,0.9999259519798084
10.0,5.234375,0.009163927217781653,0.0003977799834918259,0.9999238660113944
10.0,5.25,0.009380321623583206,0.0004105267453987768,0.9999217259361358
10.0,5.265625,0.009601391184526508,0.00042365209965721494,0.9999195304668312
10.0,5.28125,0.009827228473200866,0.0004371664421258571,0.9999172782882503
10.0,5.296875,0.010057927759840905,0.00045108043236918415,0.9999149680565751
10.0,5.3125,0.01029358504193711,0.00046540499985430644,0.9999125983988288
10.0,5.328125,0.010534298074362677,0.00048015135028405193,0.9999101679122958
10.0,5.34375,0.010780166400026471,0.0004953309720691385,0.9999076751639286
10.0,5.359375,0.011031291381061766,0.0005109556429423528,0.9999051186897479
10.0,5.375,0.011287776230560907,0.000527037436717719,0.9999024969942258
10.0,5.390625,0.011549726044866145,0.0005435887301977029,0.9998998085496642
10.0,5.40625,0.011817247836427108,0.0005606222102315619,0.9998970517955554
10.0,5.421875,0.012090450567235572,0.0005781508809280136,0.9998942251379366
10.0,5.4375,0.012369445182848547,0.000596188071025466,0.9998913269487271
10.0,5.453125,0.012654344647010768,0.0006147474414231179,0.9998883555650584
10.0,5.46875,0.012945263976888001,0.0006338429928763076,0.9998853092885879
10.0,5.484375,0.01324232027892289,0.0006534890738595609,0.9998821863848034
10.0,5.5,0.013545632785325144,0.000673700388600861,0.9998789850823113
10.0,5.515625,0.013855322891208315,0.000694492005290737,0.9998757035721147
10.0,5.53125,0.014171514192385545,0.000715879364469843,0.9998723400068766
10.0,5.546875,0.014494332523837026,0.0007378782875987806,0.9998688925001709
10.0,5.5625,0.014823905998862094,0.0007605049858139932,0.999865359125718
10.0,5.578125,0.015160365048929317,0.0007837760688736437,0.9998617379166077
10.0,5.59375,0.015503842464238022,0.0008077085542974695,0.9998580268645079
10.0,5.609375,0.01585447343500525,0.0008323198767046969,0.9998542239188576
10.0,5.625,0.016212395593492218,0.0008576278973541751,0.9998503269860465
10.0,5.640625,0.01657774905678478,0.000883650913890992,0.9998463339285794
10.0,5.65625,0.016950676470342825,0.0009104076703039111,0.999842242564224
10.0,5.671875,0.017331323052333522,0.0009379173670980729,0.9998380506651456
10.0,5.6875,0.017719836638764187,0.0009661996716874917,0.9998337559570236
10.0,5.703125,0.018116367729430358,0.0009952747290119797,0.9998293561181533
10.0,5.71875,0.01852106953469548,0.0010251631723832292,0.9998248487785306
10.0,5.734375,0.0189340980231186,0.0010558861345648855,0.9998202315189206
10.0,5.75,0.019355611969947156,0.0010874652590915441,0.9998155018699098
10.0,5.765625,0.019785773006492115,0.0011199227118317194,0.9998106573109382
10.0,5.78125,0.02022474567040332,0.0011532811927999328,0.9998056952693181
10.0,5.796875,0.02067269745686289,0.0011875639482231875,0.9998006131192315
10.0,5.8125,0.021129798870715772,0.0012227947828672037,0.9997954081807112
10.0,5.828125,0.021596223479555855,0.001258998072627911,0.9997900777186018
10.0,5.84375,0.022072147967787538,0.0012961987773938124,0.9997846189415043
10.0,5.859375,0.02255775219168247,0.0013344224541849562,0.9997790290006983
10.0,5.875,0.02305321923545181,0.0013736952705743764,0.9997733049890476
10.0,5.890625,0.023558735468354953,0.0014140440183979927,0.9997674439398841
10.0,5.90625,0.024074490602866094,0.0014554961277590932,0.999761442825872
10.0,5.921875,0.024600677753920278,0.001498079681333653,0.9997552985578515
10.0,5.9375,0.025137493499261643,0.0015418234289828847,0.9997490079836611
10.0,5.953125,0.025685137940916435,0.0015867568026795551,0.9997425678869393
10.0,5.96875,0.026243814767814552,0.0016329099317547468,0.9997359749859036
10.0,5.984375,0.026813731319583475,0.0016803136584718921,0.999729225932108
10.0,6.0,0.027395098651539242,0.0017289995539350599,0.9997223173091776
10.0,6.015625,0.027988131600899774,0.0017789999343386259,0.999715245631521
10.0,6.03125,0.02859304885424617,0.0018303478775656208,0.999708007343018
10.0,6.046875,0.029210073016258775,0.0018830772401422162,0.9997005988156845
10.0,6.0625,0.029839430679754808,0.0019372226745559614,0.9996930163483138
10.0,6.078125,0.030481352497055515,0.001992819646945577,0.9996852561650906
10.0,6.09375,0.031136073252711314,0.00204990445517026,0.9996773144141835
10.0,6.109375,0.03180383193761408,0.0021085142472666678,0.9996691871663091
10.0,6.125,0.032484871824526515,0.0021686870403018906,0.9996608704132713
10.0,6.140625,0.03317944054505928,0.0022304617396309537,0.9996523600664742
10.0,6.15625,0.03388779016812728,0.0022938781585675524,0.9996436519554072
10.0,6.171875,0.03461017727991741,0.0023589770384769377,0.9996347418261033
10.0,6.1875,0.03534686306540072,0.002425800069300065,0.9996256253395697
10.0,6.203125,0.03609811339142307,0.002494389910518333,0.9996162980701888
10.0,6.21875,0.0368641988914088,0.0025647902125684493,0.999606755504091
10.0,6.234375,0.03764539505171324,0.0026370456387171813,0.999596993037498
10.0,6.25,0.038441982299660775,0.0027112018874059737,0.9995870059750357
10.0,6.265625,0.03925424609330542,0.002787305715075641,0.9995767895280162
10.0,6.28125,0.04008247701295316,0.0028654049594815916,0.9995663388126891
10.0,6.296875,0.04092697085448517,0.0029455485635102668,0.9995556488484614
10.0,6.3125,0.041788028724522176,0.003027786599507743,0.9995447145560832
10.0,6.328125,0.042665957137472274,0.003112170294131679,0.9995335307558029
10.0,6.34375,0.04356106811450427,0.0031987520537380843,0.9995220921654869
10.0,6.359375,0.04447367928449072,0.0032875854903146183,0.9995103933987056
10.0,6.375,0.04540411398696555,0.0033787254479724286,0.999498428962785
10.0,6.390625,0.04635270137714253,0.0034722280300088187,0.9994861932568225
10.0,6.40625,0.047319776533042125,0.0035681506265533105,0.9994736805696666
10.0,6.421875,0.04830568056477512,0.0036665519428099843,0.9994608850778589
10.0,6.4375,0.04931076072603372,0.0037674920279092737,0.9994478008435403
10.0,6.453125,0.05033537052784081,0.0038710323043827147,0.9994344218123177
10.0,6.46875,0.05137986985461065,0.0039772355982744595,0.999420741811091
10.0,6.484375,0.05244462508257531,0.004086166169903713,0.9994067545458432
10.0,6.5,0.0535300092006322,0.004197889745292584,0.9993924535993868
10.0,6.515625,0.054636401933670684,0.004312473548274186,0.999377832429071
10.0,6.53125,0.05576418986843582,0.004429986333296192,0.9993628843644464
10.0,6.546875,0.05691376658199071,0.004550498418935422,0.999347602604887
10.0,6.5625,0.05808553277283879,0.004674081722139399,0.9993319802171676
10.0,6.578125,0.05927989639477099,0.004800809793211226,0.9993160101329988
10.0,6.59375,0.0604972727935028,0.00493075785155453,0.9992996851465147
10.0,6.609375,0.061738084846169196,0.005064002822195603,0.9992829979117154
10.0,6.625,0.0630027631037475,0.0052006233731003645,0.9992659409398623
10.0,6.640625,0.06429174593647875,0.005340699953304107,0.9992485065968263
10.0,6.65625,0.06560547968236254,0.005484314831872528,0.9992306871003847
10.0,6.671875,0.06694441879879995,0.005631552137712959,0.9992124745174715
10.0,6.6875,0.06830902601746346,0.00578249790025518,0.999193860761374
10.0,6.703125,0.06969977250247365,0.005937240091021725,0.9991748375888798
10.0,6.71875,0.07111713801196538,0.006095868666108047,0.9991553965973701
10.0,6.734375,0.0725616110631289,0.0062584756095934654,0.9991355292218584
10.0,6.75,0.07403368910081289,0.006425154977904312,0.9991152267319766
10.0,6.765625,0.07553387866978024,0.006596002945151276,0.9990944802289026
10.0,6.78125,0.07706269559070895,0.006771117849463476,0.9990732806422328
10.0,6.796875,0.07862066514003443,0.0069506002403424,0.9990516187267948
10.0,6.8125,0.08020832223373094,0.0071345529270594185,0.9990294850594029
10.0,6.828125,0.08182621161513472,0.007323081028121221,0.9990068700355517
10.0,6.84375,0.08347488804691267,0.0075162920218281234,0.9989837638660469
10.0,6.859375,0.08515491650728498,0.00771429579795089,0.9989601565735766
10.0,6.875,0.08686687239061253,0.007917204710552333,0.9989360379892148
10.0,6.890625,0.08861134171246379,0.008125133631980707,0.9989113977488627
10.0,6.90625,0.09038892131927964,0.00833820000806253,0.9988862252896199
10.0,6.921875,0.09220021910275748,0.008556523914523353,0.9988605098460903
10.0,6.9375,0.09404585421908099,0.008780228114665549,0.998834240446618
10.0,6.953125,0.09592645731312419,0.009009438118333185,0.9988074059094507
10.0,6.96875,0.09784267074776493,0.009244282242194691,0.9987799948388326
10.0,6.984375,0.09979514883844469,0.009484891671374928,0.9987519956210232
10.0,7.0,0.10178455809311704,0.00973140052246913,0.9987233964202401
10.0,7.015625,0.10381157745773344,0.00998394590797202,0.9986941851745254
10.0,7.03125,0.10587689856741546,0.01024266800215639,0.9986643495915339
10.0,7.046875,0.10798122600347286,0.010507710108436262,0.998633877144242
10.0,7.0625,0.11012527755642712,0.010779218728250868,0.9986027550665721
10.0,7.078125,0.11230978449520933,0.011057343631506502,0.9985709703489378
10.0,7.09375,0.11453549184270358,0.011342237928614515,0.9985385097337013
10.0,7.109375,0.116803158657815,0.011634058144164617,0.9985053597105435
10.0,7.125,0.11911355832424722,0.01193296429227393,0.9984715065117479
10.0,7.140625,0.12146747884617824,0.01223911995365318,0.9984369361073924
10.0,7.15625,0.12386572315103328,0.012552692354432739,0.9984016342004483
10.0,7.171875,0.12630910939955714,0.012873852446792376,0.9983655862217861
10.0,7.1875,0.1287984713033973,0.013202774991439832,0.9983287773250846
10.0,7.203125,0.1313346584504142,0.013539638641984642,0.9982911923816407
10.0,7.21875,0.133918536637946,0.013884626031254942,0.9982528159750798
10.0,7.234375,0.1365509882142589,0.014237923859606408,0.9982136323959635
10.0,7.25,0.1392329124284252,0.0145997229852739,0.9981736256362916
10.0,7.265625,0.1419652257888785,0.014970218516817837,0.9981327793838974
10.0,7.28125,0.1447488624309043,0.015349609907718886,0.9980910770167344
10.0,7.296875,0.14758477449333335,0.015738101053176114,0.9980485015970493
10.0,7.3125,0.1504739325047157,0.016135900389165424,0.9980050358654429
10.0,7.328125,0.15341732577926095,0.0165432209938167,0.9979606622348127
10.0,7.34375,0.15641596282284312,0.016960280691169997,0.9979153627841773
10.0,7.359375,0.15947087174937843,0.017387302157372723,0.9978691192523772
10.0,7.375,0.16258310070789364,0.017824513029381834,0.9978219130316536
10.0,7.390625,0.16575371832061836,0.018272146016236907,0.9977737251610969
10.0,7.40625,0.168983814132442,0.01873043901297197,0.9977245363199674
10.0,7.421875,0.17227449907209366,0.019199635217236076,0.9976743268208811
10.0,7.4375,0.17562690592541225,0.019679983248694858,0.9976230766028606
10.0,7.453125,0.17904218982109096,0.020171737271287356,0.9975707652242459
10.0,7.46875,0.1825215287292936,0.020675157118414934,0.9975173718554629
10.0,7.484375,0.1860661239735541,0.0211905084211414,0.9974628752716469
10.0,7.5,0.18967720075639025,0.021718062739485972,0.9974072538451172
10.0,7.515625,0.19335600869907327,0.022258097696893388,0.9973504855376983
10.0,7.53125,0.19710382239601748,0.02281089711796803,0.9972925478928862
10.0,7.546875,0.2009219419842696,0.023376751169561904,0.9972334180278546
10.0,7.5625,0.2048116937285962,0.023955956505308983,0.9971730726252982
10.0,7.578125,0.20877443062268752,0.02454881641370177,0.9971114879251098
10.0,7.59375,0.21281153300701794,0.0251556409698087,0.9970486397158845
10.0,7.609375,0.21692440920392184,0.025776747190734535,0.9969845033262511
10.0,7.625,0.22111449617046955,0.026412459194929218,0.9969190536160224
10.0,7.640625,0.2253832601697491,0.02706310836545397,0.996852264967164
10.0,7.65625,0.22973219746118592,0.027729033517317484,0.9967841112745742
10.0,7.671875,0.2341628350105556,0.028410581068998433,0.9967145659366721
10.0,7.6875,0.23867673122037728,0.02910810521827472,0.9966436018457882
10.0,7.703125,0.24327547668139707,0.02982196812248399,0.9965711913783538
10.0,7.71875,0.24796069494590647,0.03055254008334407,0.9964973063848844
10.0,7.734375,0.2527340433236672,0.03130019973646666,0.9964219181797498
10.0,7.75,0.257597213701251,0.03206533424570202,0.9963449975307292
10.0,7.765625,0.26255193338563293,0.03284833950245749,0.9962665146483425
10.0,7.78125,0.2675999659729176,0.033649620330137325,0.9961864391749545
10.0,7.796875,0.27274311224311026,0.034469590693857174,0.9961047401736461
10.0,7.8125,0.2779832110818904,0.03530867391559125,0.9960213861168448
10.0,7.828125,0.28332214043038056,0.03616730289491672,0.995936344874711
10.0,7.84375,0.2887618182639544,0.037045920335525055,0.9958495837032726
10.0,7.859375,0.2943042036011682,0.037944978977676964,0.9957610692323001
10.0,7.875,0.29995129754395233,0.03886494183678347,0.9956707674529186
10.0,7.890625,0.3057051443502473,0.03980628244830278,0.995578643704948
10.0,7.90625,0.31156783254032805,0.040769485119149566,0.9954846626639628
10.0,7.921875,0.31754149603810927,0.04175504518582057,0.9953887883280692
10.0,7.9375,0.3236283153487931,0.04276346927944832,0.9952909840043849
10.0,7.953125,0.3298305187742744,0.04379527559800264,0.9951912122952208
10.0,7.96875,0.336150383667794,0.04485099418586821,0.9950894350839515
10.0,7.984375,0.3425902377293939,0.04593116722103505,0.99498561352057
10.0,8.0,0.3491524603438046,0.047036349310148336,0.9948797080069144
10.0,8.015625,0.3558394839624748,0.048167107791673214,0.9947716781815604
10.0,8.03125,0.3626537955315311,0.0493240230474407,0.9946614829043705
10.0,8.046875,0.36959793796754853,0.050507688822851275,0.9945490802406888
10.0,8.0625,0.3766745116830989,0.05171871255602367,0.9944344274451723
10.0,8.078125,0.3838861761641457,0.052957715716188264,0.9943174809452499
10.0,8.09375,0.39123565160145457,0.0542253341516365,0.9941981963241959
10.0,8.109375,0.398725720578298,0.05552221844755056,0.9940765283038105
10.0,8.125,0.40635922981684913,0.05684903429405108,0.993952430726693
10.0,8.140625,0.41413909198577736,0.05820646286481451,0.9938258565380984
10.0,8.15625,0.42206828757169784,0.059595201206626765,0.993696757767364
10.0,8.171875,0.430149866817249,0.06101596264025526,0.993565085508894
10.0,8.1875,0.43838695172873254,0.062469477173037746,0.9934307899026904
10.0,8.203125,0.44678273815639663,0.06395649192360357,0.9932938201144137
10.0,8.21875,0.4553404979506058,0.06547777155916099,0.9931541243149631
10.0,8.234375,0.46406358119732233,0.06703409874580321,0.9930116496595598
10.0,8.25,0.47295541853650236,0.06862627461230603,0.9928663422663191
10.0,8.265625,0.48201952356720845,0.07025511922791061,0.9927181471942949
10.0,8.28125,0.49125949534345215,0.07192147209460759,0.9925670084209828
10.0,8.296875,0.5006790209650003,0.0736261926544618,0.9924128688192626
10.0,8.3125,0.5102818782676162,0.07537016081254204,0.9922556701337641
10.0,8.328125,0.5200719386174636,0.07715427747604559,0.9920953529566389
10.0,8.34375,0.5300531698146639,0.07897946511023578,0.9919318567027166
10.0,8.359375,0.5402296391112935,0.08084666831183902,0.9917651195840312
10.0,8.375,0.5506055163494092,0.082756854400579,0.9915950785836914
10.0,8.390625,0.5611850772250205,0.0847110140295581,0.9914216694290785
10.0,8.40625,0.5719727066842757,0.08671016181523022,0.991244826564347
10.0,8.421875,0.5829729024585106,0.08875533698774637,0.9910644831222079
10.0,8.4375,0.594190278745202,0.09084760406249134,0.9908805708949672
10.0,8.453125,0.6056295700423023,0.09298805353367283,0.9906930203047993
10.0,8.46875,0.6172956351438934,0.09517780259086546,0.9905017603732253
10.0,8.484375,0.6291934613055911,0.0974179958594596,0.9903067186897732
10.0,8.5,0.6413281685886586,0.09970980616601301,0.9901078213797879
10.0,8.515625,0.6537050143923644,0.10205443532955513,0.9899049930713659
10.0,8.53125,0.6663293981847207,0.104453114979949,0.9896981568613809
10.0,8.546875,0.679206866442412,0.10690710740447419,0.9894872342805701
10.0,8.5625,0.6923431178114146,0.1094177064238568,0.9892721452576474
10.0,8.578125,0.7057440085005823,0.111986238299038,0.9890528080824081
10.0,8.59375,0.719415557921293,0.1146140626700444,0.9888291393677906
10.0,8.609375,0.7333639545871355,0.11730257352839783,0.988601054010854
10.0,8.625,0.7475955622885734,0.1200532002245833,0.9883684651526337
10.0,8.640625,0.7621169265585627,0.12286740851217907,0.9881312841368337
10.0,8.65625,0.7769347814462088,0.12574670163034513,0.9878894204673101
10.0,8.671875,0.7920560566167661,0.12869262142646376,0.9876427817643003
10.0,8.6875,0.8074878847976008,0.13170674952083156,0.9873912737193506
10.0,8.703125,0.8232376095911387,0.13479070851541375,0.987134800048892
10.0,8.71875,0.8393127936773882,0.13794616324879336,0.9868732624464082
10.0,8.734375,0.8557212274302899,0.1411748220995754,0.9866065605331438
10.0,8.75,0.8724709379739704,0.1444784383406468,0.9863345918072927
10.0,8.765625,0.8895701987069631,0.14785881154683994,0.9860572515916031
10.0,8.78125,0.9070275393246203,0.15131778905870977,0.9857744329793379
10.0,8.796875,0.9248517563723035,0.15485726750530568,0.9854860267785189
10.0,8.8125,0.9430519243645021,0.15847919438900587,0.9851919214543848
10.0,8.828125,0.9616374075078561,0.16218556973568216,0.9848920030699871
10.0,8.84375,0.9806178720691358,0.16597844781367976,0.9845861552248412
10.0,8.859375,1.0000032994325998,0.1698599389253305,0.9842742589915534
10.0,8.875,1.0198039998948603,0.17383221127496987,0.983956192850329
10.0,8.890625,1.0400306272494453,0.1778974929177037,0.9836318326212699
10.0,8.90625,1.0606941942177135,0.18205807379346572,0.983301051394363
10.0,8.921875,1.0818060887877106,0.18631630785122957,0.9829637194570497
10.0,8.9375,1.1033780915279539,0.19067461526858956,0.9826197042192693
10.0,8.953125,1.1254223939491579,0.19513548477230283,0.9822688701358534
10.0,8.96875,1.1479516179934885,0.19970147606580266,0.9819110786261476
10.0,8.984375,1.1709788367383047,0.20437522237014139,0.9815461879907268
10.0,9.0,1.194517596409434,0.2091594330853165,0.9811740533250586
10.0,9.015625,1.2185819398080775,0.21405689657947136,0.9807945264299678
10.0,9.03125,1.2431864312654564,0.21907048311405145,0.9804074557187383
10.0,9.046875,1.2683461832504905,0.224203147913644,0.980012686120679
10.0,9.0625,1.2940768847682766,0.22945793438993814,0.9796100589809741
10.0,9.078125,1.3203948317010563,0.23483797753002134,0.9791994119566175
10.0,9.09375,1.3473169592589889,0.240346507460088,0.9787805789082255
10.0,9.109375,1.3748608767255246,0.24598685319658092,0.9783533897875012
10.0,9.125,1.4030449047018652,0.25176244659783154,0.9779176705201114
10.0,9.140625,1.431888115077142,0.25767682653042195,0.9774732428837182
10.0,9.15625,1.4614103739759363,0.26373364326577164,0.977019924380886
10.0,9.171875,1.4916323879630229,0.26993666312387443,0.9765575281065725
10.0,9.1875,1.5225757538172617,0.27628977338269245,0.9760858626098752
10.0,9.203125,1.5542630122228918,0.28279698747347676,0.9756047317496926
10.0,9.21875,1.5867177057679205,0.28946245048425145,0.9751139345439301
10.0,9.234375,1.6199644416865278,0.29629044499589996,0.9746132650118366
10.0,9.25,1.6540289598364206,0.30328539727776127,0.9741025120090495
10.0,9.265625,1.6889382064641048,0.31045188387241623,0.9735814590548618
10.0,9.28125,1.724720414382267,0.31779463860247115,0.9730498841512079
10.0,9.296875,1.761405190265708,0.3253185600356718,0.9725075595928001
10.0,9.3125,1.7990236098673436,0.3330287194486753,0.9719542517678142
10.0,9.328125,1.8376083220661077,0.340930369334341,0.9713897209484512
10.0,9.34375,1.8771936627870203,0.34902895250255517,0.970813721070658
10.0,9.359375,1.9178157799836357,0.35733011183049807,0.9702259995021988
10.0,9.375,1.9595127710488471,0.365839700724993,0.9696262967982124
10.0,9.390625,2.002324834226722,0.3745637943673207,0.969014346443285
10.0,9.40625,2.046294435842124,0.38350870181979296,0.9683898745789803
10.0,9.421875,2.0914664954541884,0.39268097908368854,0.9677525997156552
10.0,9.4375,2.1378885913841725,0.4020874432101069,0.9671022324272559
10.0,9.453125,2.18561118947999,0.4117351875792246,0.9664384750276526
10.0,9.46875,2.234687898474534,0.42163159847971654,0.9657610212269041
10.0,9.484375,2.285175755892089,0.43178437313922574,0.9650695557656525
10.0,9.5,2.3371355491818933,0.4422015393793137,0.9643637540256343
10.0,9.515625,2.3906321776421784,0.452891477095041,0.9636432816140441
10.0,9.53125,2.4457350617832065,0.4638629417911502,0.9629077939191928
10.0,9.546875,2.5025186081177804,0.4751250904449172,0.9621569356345737
10.0,9.5625,2.561062739033124,0.4866875100115981,0.9613903402480468
10.0,9.578125,2.6214534994823304,0.4985602489439454,0.9606076294923915
10.0,9.59375,2.6837837548615675,0.5107538521649625,0.9598084127529346
10.0,9.609375,2.748153997779104,0.5232794000161485,0.9589922864273008
10.0,9.625,2.8146732857029684,0.5361485518061749,0.95815883323157
10.0,9.640625,2.883460337011053,0.5493735947128846,0.9573076214461764
10.0,9.65625,2.9546448202001057,0.5629674989522497,0.9564382040937638
10.0,9.671875,3.028368880558404,0.5769439803317459,0.9555501180398267
10.0,9.6875,3.1047889613583264,0.5913175715665925,0.9546428830052662
10.0,9.703125,3.1840779938683186,0.6061037040751296,0.9537160004778871
10.0,9.71875,3.2664280541223283,0.6213188024120231,0.9527689525072135
10.0,9.734375,3.352053617278988,0.6369803940849227,0.9518012003636608
10.0,9.75,3.4411955869384565,0.6531072382899393,0.9508121830388073
10.0,9.765625,3.5341263438319204,0.669719478180804,0.9498013155579585
10.0,9.78125,3.631156156881322,0.6868388227881068,0.9487679870688555
10.0,9.796875,3.7326414479166843,0.7044887668350159,0.947711558660603
10.0,9.8125,3.838995630204696,0.7226948597849504,0.9466313608535452
10.0,9.828125,3.950703604648972,0.7414850400510906,0.9455266906822926
10.0,9.84375,4.068341595258132,0.7608900573318192,0.9443968082677446
10.0,9.859375,4.192605026921133,0.7809440171749794,0.9432409327354698
10.0,9.875,4.324348976088049,0.8016851002270867,0.9420582372797572
10.0,9.890625,4.464649179571393,0.8231565403384984,0.9408478430818844
10.0,9.90625,4.614898570112239,0.8454080037854151,0.9396088116425863
10.0,9.921875,4.776969661942476,0.8684976263412711,0.9383401348317867
10.0,9.9375,4.953510757092651,0.8924952130297346,0.9370407214821116
10.0,9.953125,5.1485510254036315,0.9174877179560426,0.9357093783834779
10.0,9.96875,5.3689685860524925,0.9435899569337352,0.9343447812972829
10.0,9.984375,5.629328443683688,0.970971197712053,0.932945425348591
10.0,10.0,5.994171814907248,1.0,0.9315095196901819
