model,galaxy,r_kpc,observed_kms,predicted_kms
area_core,UGC08699,0.22,152.0,133.56136222715406
area_core,UGC08699,0.43,167.0,196.88169577872424
area_core,UGC08699,0.65,179.0,214.9004602068038
area_core,UGC08699,0.87,188.0,212.35166621692778
area_core,UGC08699,1.08,195.0,205.04956213986318
area_core,UGC08699,1.31,199.0,197.13115259020248
area_core,UGC08699,1.52,202.0,189.61599888958273
area_core,UGC08699,1.73,202.0,183.01285566270604
area_core,UGC08699,1.96,202.0,177.5478273201986
area_core,UGC08699,2.17,200.0,173.86290539049338
area_core,UGC08699,2.39,196.0,170.43210329276522
area_core,UGC08699,2.6,193.0,167.45378127820732
area_core,UGC08699,2.83,189.0,163.76658192707856
area_core,UGC08699,3.04,184.0,160.30980056767433
area_core,UGC08699,5.87,170.0,140.70640456037492
area_core,UGC08699,6.08,172.0,141.020544485899
area_core,UGC08699,6.3,174.0,141.43804017627514
area_core,UGC08699,6.52,176.0,141.92845187495814
area_core,UGC08699,6.74,178.0,142.42889416234937
area_core,UGC08699,6.95,180.0,142.92562734634956
area_core,UGC08699,7.16,182.0,143.53021190370112
area_core,UGC08699,7.39,183.0,144.3068789566937
area_core,UGC08699,7.6,184.0,145.23341500307953
area_core,UGC08699,7.82,185.0,146.25590524262367
area_core,UGC08699,8.03,186.0,147.2806297963047
area_core,UGC08699,8.26,187.0,148.4042483890755
area_core,UGC08699,8.47,187.0,149.39623341476232
area_core,UGC08699,8.68,188.0,150.24065784719593
area_core,UGC08699,8.91,188.0,150.94742237178465
area_core,UGC08699,9.53,187.0,151.40002062922906
area_core,UGC08699,9.78,187.0,151.2858870458845
area_core,UGC08699,9.99,186.0,151.06712925145365
area_core,UGC08699,10.21,186.0,150.7084862549012
area_core,UGC08699,11.46,182.0,148.7528138281093
area_core,UGC08699,13.39,177.0,147.26134660340807
area_core,UGC08699,15.21,175.0,146.770865668447
area_core,UGC08699,17.13,177.0,146.39673293463073
area_core,UGC08699,19.06,180.0,146.31223215966392
area_core,UGC08699,20.99,181.0,146.3889231375626
area_core,UGC08699,22.92,182.0,146.33629406119513
area_core,UGC08699,25.7,183.0,146.0060605141152
area_core,UGC02885,1.7,305.0,232.0971339754879
area_core,UGC02885,3.41,257.0,226.6004033300132
area_core,UGC02885,6.82,256.0,219.29637469609338
area_core,UGC02885,13.67,271.0,219.83872995048893
area_core,UGC02885,19.49,282.0,223.26312174055914
area_core,UGC02885,23.36,287.0,230.12900192652455
area_core,UGC02885,27.24,283.0,235.12096875531722
area_core,UGC02885,31.22,280.0,237.88769372912014
area_core,UGC02885,35.1,280.0,240.73596847429516
area_core,UGC02885,38.97,281.0,244.97769560935924
area_core,UGC02885,42.85,282.0,248.55743471591362
area_core,UGC02885,46.73,287.0,248.90013916140552
area_core,UGC02885,50.71,292.0,253.14642585551087
area_core,UGC02885,54.58,298.0,257.97186499129214
area_core,UGC02885,58.46,298.0,260.86541878066345
area_core,UGC02885,62.34,298.0,261.8614743407194
area_core,UGC02885,66.21,298.0,262.98846791740726
area_core,UGC02885,70.19,298.0,265.3462711251962
area_core,UGC02885,74.07,298.0,266.45940064202074
area_core,UGC07151,0.5,24.2,20.362050194897378
area_core,UGC07151,1.0,42.0,33.79323149685466
area_core,UGC07151,1.5,59.4,43.03889062997653
area_core,UGC07151,2.0,63.9,51.13586834107766
area_core,UGC07151,2.49,66.0,57.159649635675784
area_core,UGC07151,3.0,67.2,62.149127239771275
area_core,UGC07151,3.49,68.7,65.39746247292712
area_core,UGC07151,4.0,71.3,69.95407511409306
area_core,UGC07151,4.49,72.5,73.02177617513814
area_core,UGC07151,5.01,74.0,76.0398125813925
area_core,UGC07151,5.5,76.2,78.74955666403314
area_core,NGC3877,0.87,37.8,73.147661127489
area_core,NGC3877,1.74,80.1,85.02408497508121
area_core,NGC3877,2.61,121.0,93.49515053525742
area_core,NGC3877,3.5,142.0,104.98394025359976
area_core,NGC3877,4.37,153.0,116.54897280913363
area_core,NGC3877,5.24,160.0,130.45959303359913
area_core,NGC3877,6.11,162.0,147.2686054811877
area_core,NGC3877,6.98,167.0,157.8675269216826
area_core,NGC3877,7.85,169.0,163.06184896227995
area_core,NGC3877,8.72,171.0,167.2188484700639
area_core,NGC3877,9.6,171.0,169.8545596004952
area_core,NGC3877,10.47,170.0,167.77260083565275
area_core,NGC3877,11.35,169.0,166.31889772381248
area_core,NGC6946,0.19,153.0,195.86857421386952
area_core,NGC6946,0.56,130.0,148.03490321898502
area_core,NGC6946,0.94,128.0,132.59740422145558
area_core,NGC6946,1.22,134.0,128.4191740086716
area_core,NGC6946,1.59,129.0,128.59435266245143
area_core,NGC6946,1.96,131.0,129.35183199200156
area_core,NGC6946,2.34,138.0,133.64258694177462
area_core,NGC6946,2.71,139.0,141.0865868605909
area_core,NGC6946,2.99,143.0,142.83823968053196
area_core,NGC6946,3.37,146.0,146.50057964134558
area_core,NGC6946,3.74,154.0,148.91350700398056
area_core,NGC6946,4.12,161.0,151.44068800151516
area_core,NGC6946,4.4,167.0,154.11042480288552
area_core,NGC6946,4.77,173.0,157.89531206971657
area_core,NGC6946,5.15,176.0,161.7389446297756
area_core,NGC6946,5.52,178.0,166.72745062771855
area_core,NGC6946,5.89,180.0,167.99123675770534
area_core,NGC6946,6.17,179.0,166.7333714170998
area_core,NGC6946,6.55,180.0,167.40111940922495
area_core,NGC6946,6.92,181.0,168.97901988541975
area_core,NGC6946,7.3,179.0,168.4527302131786
area_core,NGC6946,7.58,179.0,167.16708456390396
area_core,NGC6946,7.95,179.0,165.12901721371526
area_core,NGC6946,8.33,178.0,163.2897041318564
area_core,NGC6946,8.7,177.0,163.08905571941415
area_core,NGC6946,9.08,176.0,162.93923386112385
area_core,NGC6946,9.36,173.0,162.49202522471575
area_core,NGC6946,9.73,172.0,161.4675234617715
area_core,NGC6946,10.1,172.0,160.63426421909557
area_core,NGC6946,10.48,170.0,159.70376468594708
area_core,NGC6946,10.76,171.0,159.0357388018752
area_core,NGC6946,11.13,174.0,158.01016239810363
area_core,NGC6946,11.51,174.0,157.2603408420822
area_core,NGC6946,11.88,175.0,156.58745452055146
area_core,NGC6946,12.26,174.0,156.0562495974319
area_core,NGC6946,12.54,173.0,155.74741302155056
area_core,NGC6946,12.91,173.0,155.37408818636987
area_core,NGC6946,13.29,173.0,155.15096694127283
area_core,NGC6946,13.66,175.0,155.02190548362296
area_core,NGC6946,14.03,174.0,154.81077432963167
area_core,NGC6946,14.31,171.0,154.67928715019974
area_core,NGC6946,14.69,167.0,153.89323279322272
area_core,NGC6946,15.06,165.0,152.92897450612915
area_core,NGC6946,15.44,163.0,152.23475713365045
area_core,NGC6946,15.72,162.0,151.91305254189413
area_core,NGC6946,16.09,161.0,148.73346672385506
area_core,NGC6946,16.47,159.0,148.25497520389044
area_core,NGC6946,16.84,158.0,147.8371290820088
area_core,NGC6946,17.21,157.0,147.4302192645228
area_core,NGC6946,17.5,157.0,147.11228763687959
area_core,NGC6946,17.87,157.0,146.74163715020757
area_core,NGC6946,18.24,160.0,146.40807302774658
area_core,NGC6946,18.62,159.0,146.0801653643284
area_core,NGC6946,18.9,160.0,145.83903908912583
area_core,NGC6946,19.27,158.0,145.59315718578088
area_core,NGC6946,19.65,155.0,145.39661850301007
area_core,NGC6946,20.02,157.0,144.9798492036194
area_core,NGC6946,20.4,154.0,144.60814299607696
area_core,UGC10310,1.1,33.2,24.295914738228834
area_core,UGC10310,2.21,54.6,43.84051985942632
area_core,UGC10310,3.31,65.7,57.22638648593968
area_core,UGC10310,4.42,69.2,67.47618725097367
area_core,UGC10310,5.52,70.9,76.88576088856159
area_core,UGC10310,6.64,72.4,83.4600573934833
area_core,UGC10310,7.74,73.2,87.20118133269631
area_core,F565-V2,1.26,21.7,21.96093402620688
area_core,F565-V2,2.51,40.3,40.281194408925664
area_core,F565-V2,3.78,57.7,54.9553260672302
area_core,F565-V2,5.03,68.5,66.14612744897288
area_core,F565-V2,6.29,73.5,75.52044513171074
area_core,F565-V2,7.54,78.5,82.85736047621815
area_core,F565-V2,8.8,83.1,88.51188377341126
area_core,F583-4,0.22,10.7,5.440585761859162
area_core,F583-4,0.76,24.7,17.88909953319449
area_core,F583-4,1.31,38.9,28.74180216996867
area_core,F583-4,1.94,42.7,38.61532518297324
area_core,F583-4,3.92,55.0,60.83563769198271
area_core,F583-4,4.35,57.2,64.39685753204344
area_core,F583-4,5.0,59.8,69.3845564223747
area_core,F583-4,5.05,62.5,69.72239219790082
area_core,F583-4,5.83,61.8,74.56692731439499
area_core,F583-4,6.09,64.4,76.03512831454816
area_core,F583-4,6.74,67.2,79.82065992428025
area_core,F583-4,7.29,69.9,81.95298268091416
area_core,NGC7331,2.67,221.0,253.46682450047538
area_core,NGC7331,3.21,237.0,266.4502502601134
area_core,NGC7331,3.74,249.0,278.2409320146519
area_core,NGC7331,4.27,250.0,279.1041254288301
area_core,NGC7331,4.81,253.0,277.5480158788169
area_core,NGC7331,5.35,257.0,279.44060810450804
area_core,NGC7331,5.88,257.0,275.24248898609727
area_core,NGC7331,6.41,257.0,272.09831426501745
area_core,NGC7331,7.48,257.0,263.251689497013
area_core,NGC7331,8.55,255.0,250.58456583942873
area_core,NGC7331,9.62,248.0,244.0193315408617
area_core,NGC7331,10.66,247.0,238.8684305364026
area_core,NGC7331,11.74,246.0,234.17834850538026
area_core,NGC7331,12.83,244.0,231.64318079240894
area_core,NGC7331,13.91,242.0,229.12804106612734
area_core,NGC7331,15.0,238.0,226.31585816007242
area_core,NGC7331,16.08,236.0,224.10437880006273
area_core,NGC7331,17.07,233.0,222.88988829817922
area_core,NGC7331,18.15,234.0,222.64830108127603
area_core,NGC7331,19.24,236.0,222.9479593782587
area_core,NGC7331,20.32,237.0,222.62239231746483
area_core,NGC7331,21.41,238.0,220.97548935610746
area_core,NGC7331,22.49,240.0,219.40169975017272
area_core,NGC7331,23.48,238.0,218.29406215452917
area_core,NGC7331,24.57,237.0,216.4225546232095
area_core,NGC7331,25.65,236.0,214.85227303930827
area_core,NGC7331,26.74,238.0,213.56932519859487
area_core,NGC7331,27.82,239.0,212.18800606269758
area_core,NGC7331,28.91,239.0,210.6904547820775
area_core,NGC7331,29.89,241.0,209.34753029894048
area_core,NGC7331,30.98,236.0,207.99457404556216
area_core,NGC7331,32.06,236.0,206.99240569470578
area_core,NGC7331,33.15,239.0,206.3219790990358
area_core,NGC7331,34.23,237.0,205.68829803045503
area_core,NGC7331,35.32,241.0,204.9534035977207
area_core,NGC7331,36.31,238.0,203.83349215818845
area_core,NGC2955,0.75,169.0,141.65929784223286
area_core,NGC2955,1.55,203.0,192.79943447238605
area_core,NGC2955,2.3,232.0,216.34129574516672
area_core,NGC2955,3.06,256.0,239.5836367453646
area_core,NGC2955,3.85,248.0,250.36300627917817
area_core,NGC2955,4.61,253.0,253.81916374718998
area_core,NGC2955,5.36,269.0,253.1705325703469
area_core,NGC2955,6.12,268.0,251.5414107085512
area_core,NGC2955,6.91,260.0,250.52218050114283
area_core,NGC2955,7.66,245.0,250.8859410073438
area_core,NGC2955,8.42,247.0,248.81134429283432
area_core,NGC2955,8.86,267.0,246.68074334435317
area_core,NGC2955,9.21,255.0,244.63297200015168
area_core,NGC2955,10.82,253.0,236.57109231363216
area_core,NGC2955,11.56,271.0,233.60396569224432
area_core,NGC2955,12.4,276.0,230.67661702895492
area_core,NGC2955,14.17,275.0,229.3318969944892
area_core,NGC2955,16.88,275.0,226.64443595751712
area_core,NGC2955,19.49,276.0,228.73678968525167
area_core,NGC2955,22.19,267.0,228.04777559825249
area_core,NGC2955,24.8,257.0,227.2191504891011
area_core,NGC2955,27.51,254.0,226.32105777126432
area_core,NGC2955,30.12,248.0,226.38294542040032
area_core,NGC2955,35.43,227.0,230.4901886009894
area_core,UGCA442,0.42,14.2,10.766498100759529
area_core,UGCA442,1.26,28.6,29.569486680993354
area_core,UGCA442,2.11,41.0,44.255286044945244
area_core,UGCA442,2.96,49.0,53.96312334275892
area_core,UGCA442,3.79,54.8,60.37243013093808
area_core,UGCA442,4.65,56.4,64.87930365499525
area_core,UGCA442,5.48,57.8,67.87335367541262
area_core,UGCA442,6.33,56.5,70.38234631187616
area_core,NGC2976,0.11,6.8,8.913802688795636
area_core,NGC2976,0.17,9.5,11.745510474372097
area_core,NGC2976,0.24,14.0,15.090290524903981
area_core,NGC2976,0.31,19.8,18.090120160424036
area_core,NGC2976,0.38,26.1,20.808263277369907
area_core,NGC2976,0.45,28.7,23.430503212845053
area_core,NGC2976,0.52,28.7,26.078638735328273
area_core,NGC2976,0.59,31.7,28.73527841952749
area_core,NGC2976,0.66,35.5,31.3252932939739
area_core,NGC2976,0.73,39.4,33.85075453675714
area_core,NGC2976,0.8,42.9,36.30748271254379
area_core,NGC2976,0.87,46.0,38.74244838081619
area_core,NGC2976,0.94,49.1,41.311819795047654
area_core,NGC2976,1.01,49.2,44.2453491409899
area_core,NGC2976,1.08,51.4,47.30445432296826
area_core,NGC2976,1.14,57.2,49.90266047349849
area_core,NGC2976,1.21,63.8,53.201426833400284
area_core,NGC2976,1.29,67.8,56.931882027163574
area_core,NGC2976,1.35,69.8,59.70957490988004
area_core,NGC2976,1.42,71.7,62.67095577512248
area_core,NGC2976,1.49,74.1,65.49556793524675
area_core,NGC2976,1.56,76.7,68.19744179411967
area_core,NGC2976,1.63,79.9,70.38572637310305
area_core,NGC2976,1.74,83.6,72.95152770243428
area_core,NGC2976,1.93,83.9,73.09235931503153
area_core,NGC2976,2.1,88.7,72.83195445232955
area_core,NGC2976,2.27,85.3,73.05716784700527
area_core,DDO154,0.49,13.8,19.512782835198816
area_core,DDO154,0.99,21.6,30.76445539616877
area_core,DDO154,1.48,28.9,37.005358876750996
area_core,DDO154,1.97,34.3,41.04491714129567
area_core,DDO154,2.47,38.2,43.72524067623536
area_core,DDO154,2.96,42.0,45.75203857664163
area_core,DDO154,3.46,44.6,47.42325653886441
area_core,DDO154,3.95,46.3,48.41943006791636
area_core,DDO154,4.44,47.4,48.96923635886725
area_core,DDO154,4.94,48.2,49.36711420553375
area_core,DDO154,5.43,47.4,49.63098798712695
area_core,DDO154,5.92,45.5,49.83466531778216
area_core,DDO170,1.87,27.7,33.47289559427765
area_core,DDO170,3.36,42.4,52.32782032918946
area_core,DDO170,4.86,52.5,66.54872975701235
area_core,DDO170,6.35,55.6,76.75379728371846
area_core,DDO170,7.85,58.6,84.17850895837203
area_core,DDO170,9.34,59.0,89.34265617135843
area_core,DDO170,10.83,60.0,92.96696808841347
area_core,DDO170,12.33,62.2,95.60468965663173
area_core,NGC7814,0.63,265.0,290.3379483516919
area_core,NGC7814,1.72,250.0,257.88806198226575
area_core,NGC7814,2.79,233.0,229.20974943611776
area_core,NGC7814,3.91,230.0,212.42151140448067
area_core,NGC7814,5.03,228.0,200.48099111167065
area_core,NGC7814,6.14,228.0,190.44691109192553
area_core,NGC7814,7.26,227.0,182.43643503183404
area_core,NGC7814,8.37,226.0,176.9364175197789
area_core,NGC7814,9.5,223.0,172.40556754562593
area_core,NGC7814,10.65,219.0,168.74956239107615
area_core,NGC7814,11.74,216.0,165.76370967128184
area_core,NGC7814,12.82,214.0,162.97927666112906
area_core,NGC7814,14.01,214.0,160.1134993854802
area_core,NGC7814,15.09,214.0,158.3078081171379
area_core,NGC7814,16.18,214.0,156.9363164211386
area_core,NGC7814,17.36,214.0,155.30914601979907
area_core,NGC7814,18.44,214.0,154.0046395827893
area_core,NGC7814,19.53,214.0,152.84354983430896
area_core,F583-1,0.26,14.6,5.316459463721064
area_core,F583-1,0.44,10.0,8.803417871621805
area_core,F583-1,0.77,10.7,14.83360437695998
area_core,F583-1,0.89,17.4,16.842626549982356
area_core,F583-1,1.22,23.5,21.868591985614604
area_core,F583-1,1.55,31.0,26.249698431914116
area_core,F583-1,1.8,32.3,29.27638953183737
area_core,F583-1,2.21,40.9,34.486650742054344
area_core,F583-1,2.31,43.8,35.761061007717984
area_core,F583-1,2.54,44.8,38.627405122039285
area_core,F583-1,3.1,51.7,45.27906462963712
area_core,F583-1,3.43,55.7,49.13427934714712
area_core,F583-1,3.86,59.4,53.79543883852506
area_core,F583-1,4.09,62.0,56.12350749371057
area_core,F583-1,4.37,63.0,58.85340247978084
area_core,F583-1,4.76,66.6,62.44814705215114
area_core,F583-1,5.4,71.3,67.92003450473024
area_core,F583-1,5.86,72.3,71.51362285722288
area_core,F583-1,6.08,73.4,73.11368169539605
area_core,F583-1,6.43,72.4,75.58372986734182
area_core,F583-1,6.97,77.1,79.23118643811894
area_core,F583-1,7.96,80.3,85.16092911831555
area_core,F583-1,10.29,84.7,96.05279330527335
area_core,F583-1,15.49,86.9,109.93841364297971
area_core,F583-1,16.26,85.8,111.14319710817067
area_core,F568-3,0.64,12.4,11.761433425279897
area_core,F568-3,1.18,21.9,19.45943137436293
area_core,F568-3,1.8,32.3,27.1559354168548
area_core,F568-3,2.03,37.9,29.819225188228437
area_core,F568-3,2.78,53.1,38.49658416103295
area_core,F568-3,3.0,62.4,40.90770224636313
area_core,F568-3,3.64,68.0,47.65480362973063
area_core,F568-3,4.19,78.0,53.190314588861256
area_core,F568-3,4.6,82.3,56.76060954171351
area_core,F568-3,5.14,85.7,61.2284504595086
area_core,F568-3,5.39,85.5,63.43881296392117
area_core,F568-3,6.31,89.5,71.54767546906265
area_core,F568-3,9.1,95.2,92.02140686193943
area_core,F568-3,10.17,97.5,98.8499680613446
area_core,F568-3,11.99,101.0,108.55239177730763
area_core,F568-3,14.02,107.0,117.33330334977583
area_core,F568-3,15.94,117.0,124.5714377736179
area_core,F568-3,17.98,120.0,130.7395641768582
area_core,UGC04499,0.91,26.0,26.406115422203545
area_core,UGC04499,1.82,45.1,39.76204870489194
area_core,UGC04499,2.73,57.0,52.05556978617687
area_core,UGC04499,3.63,62.0,62.80736530299213
area_core,UGC04499,4.55,66.9,70.29353828906525
area_core,UGC04499,5.45,70.6,76.14591493630853
area_core,UGC04499,6.37,72.8,80.55392961945344
area_core,UGC04499,7.28,73.3,85.00882829027371
area_core,UGC04499,8.18,74.3,88.33813150654743
area_core,UGC06399,0.87,24.8,20.33171413016516
area_core,UGC06399,1.74,46.2,36.1409482033164
area_core,UGC06399,2.61,60.5,47.76718481373692
area_core,UGC06399,3.5,69.6,59.089343402386575
area_core,UGC06399,4.37,77.5,67.36915208533026
area_core,UGC06399,5.24,82.9,74.39164795567966
area_core,UGC06399,6.11,84.1,79.97457232677208
area_core,UGC06399,6.98,85.6,84.32640622430783
area_core,UGC06399,7.85,87.6,87.8997349947071
area_core,NGC0055,1.23,28.7,26.45307528475314
area_core,NGC0055,1.84,37.6,34.36570331525316
area_core,NGC0055,2.46,43.1,40.88878754443181
area_core,NGC0055,3.07,50.1,46.860782311916914
area_core,NGC0055,3.68,58.1,52.675634101322515
area_core,NGC0055,4.3,64.6,58.32667907589939
area_core,NGC0055,4.91,68.5,63.20157920412027
area_core,NGC0055,5.52,72.3,67.77287596939773
area_core,NGC0055,6.14,74.2,72.16498564704958
area_core,NGC0055,6.75,78.9,76.30949330876216
area_core,NGC0055,7.37,82.4,80.43764690585432
area_core,NGC0055,7.98,84.3,84.35860777303978
area_core,NGC0055,8.59,85.4,88.27070952594799
area_core,NGC0055,9.21,85.3,91.84612034679662
area_core,NGC0055,9.82,86.8,95.0305151333081
area_core,NGC0055,10.43,85.4,98.02326707303233
area_core,NGC0055,11.05,85.4,100.74955259125146
area_core,NGC0055,11.66,86.2,103.3928584998233
area_core,NGC0055,12.28,86.1,106.26901615145199
area_core,NGC0055,12.89,87.4,109.11799519703004
area_core,NGC0055,13.5,86.5,111.97961201412872
area_core,UGC07559,0.36,9.31,13.045548828810777
area_core,UGC07559,0.72,15.9,23.571277713135242
area_core,UGC07559,1.08,21.4,31.14070953593553
area_core,UGC07559,1.45,26.1,37.11655376517999
area_core,UGC07559,1.8,29.7,41.50773639007171
area_core,UGC07559,2.17,31.1,45.343858797698125
area_core,UGC07559,2.53,32.1,48.498042109124796
area_core,UGC07524,0.35,14.4,11.764589984864983
area_core,UGC07524,0.69,24.4,15.323792605463252
area_core,UGC07524,1.03,29.2,19.13536841326076
area_core,UGC07524,1.38,32.9,22.86526458775672
area_core,UGC07524,1.72,37.8,26.968524646027987
area_core,UGC07524,2.07,42.0,31.27945185232828
area_core,UGC07524,2.41,45.1,35.26433137382738
area_core,UGC07524,2.76,47.6,39.79412023449667
area_core,UGC07524,3.1,52.3,43.827943530939685
area_core,UGC07524,3.45,57.3,47.89612970232346
area_core,UGC07524,3.79,61.4,51.73819404643814
area_core,UGC07524,4.14,64.5,55.64111002749391
area_core,UGC07524,4.48,66.4,59.09739387146956
area_core,UGC07524,4.82,66.9,62.238436254251525
area_core,UGC07524,5.17,69.4,65.34080585047143
area_core,UGC07524,5.51,70.2,67.9835973372352
area_core,UGC07524,5.86,70.9,70.56834163900541
area_core,UGC07524,6.2,72.3,73.22916850237335
area_core,UGC07524,6.55,73.9,76.01306658472465
area_core,UGC07524,6.89,75.0,78.69035176102494
area_core,UGC07524,7.25,75.5,81.42372211811657
area_core,UGC07524,7.58,77.1,83.9049488825865
area_core,UGC07524,7.94,77.0,86.53053035951267
area_core,UGC07524,8.27,77.0,88.91323407226555
area_core,UGC07524,8.63,78.2,91.41536716908539
area_core,UGC07524,8.97,79.6,93.56730333365515
area_core,UGC07524,9.3,80.3,95.55900968659343
area_core,UGC07524,9.66,81.2,97.57114102861418
area_core,UGC07524,9.99,82.3,99.31932140886627
area_core,UGC07524,10.35,83.8,101.13661040091739
area_core,UGC07524,10.69,79.0,102.53140274799163
area_core,NGC5907,5.03,214.0,135.37509066602775
area_core,NGC5907,7.55,220.0,161.804219486263
area_core,NGC5907,10.07,235.0,181.6785136559548
area_core,NGC5907,12.58,235.0,192.65090111949826
area_core,NGC5907,15.1,230.0,194.63217697535748
area_core,NGC5907,17.61,231.0,196.75244132381462
area_core,NGC5907,20.13,232.0,199.06422740663876
area_core,NGC5907,22.65,225.0,200.57025471988214
area_core,NGC5907,25.16,224.0,198.00827629202414
area_core,NGC5907,27.68,229.0,198.035234817506
area_core,NGC5907,30.2,218.0,200.1777388010607
area_core,NGC5907,32.71,214.0,198.93222704788957
area_core,NGC5907,35.23,213.0,199.66632080769784
area_core,NGC5907,37.75,211.0,198.4591875136323
area_core,NGC5907,40.26,217.0,198.70107792904417
area_core,NGC5907,42.78,216.0,197.8681501260714
area_core,NGC5907,45.29,215.0,197.83594876898422
area_core,NGC5907,47.81,217.0,197.76980232845636
area_core,NGC5907,50.33,214.0,198.62073281682387
area_core,DDO161,0.6,16.0,16.818393268986117
area_core,DDO161,0.73,16.6,19.90443491836231
area_core,DDO161,0.85,18.6,22.558562340071948
area_core,DDO161,0.98,20.0,25.53965563282914
area_core,DDO161,1.07,21.4,27.531136652146238
area_core,DDO161,1.54,28.9,37.00800674154348
area_core,DDO161,2.02,32.9,45.02070442449652
area_core,DDO161,2.49,35.2,51.385971391327054
area_core,DDO161,2.96,37.6,56.43584229602805
area_core,DDO161,3.43,40.6,60.5212223594785
area_core,DDO161,3.9,42.7,64.05223567410916
area_core,DDO161,4.37,45.5,67.0001730236801
area_core,DDO161,4.86,48.9,69.64350220717887
area_core,DDO161,5.34,51.5,71.89073381575469
area_core,DDO161,5.81,53.0,73.78420243018411
area_core,DDO161,6.28,55.0,75.52563021723644
area_core,DDO161,6.75,57.6,77.09425170676552
area_core,DDO161,7.22,59.7,78.5719278582539
area_core,DDO161,7.69,60.5,79.98859300853618
area_core,DDO161,8.16,61.8,81.30331770764018
area_core,DDO161,8.64,62.9,82.43176003606258
area_core,DDO161,9.11,63.0,83.46829397681273
area_core,DDO161,9.58,64.5,84.26168761099343
area_core,DDO161,10.05,65.6,84.93730242711774
area_core,DDO161,10.52,67.5,85.33424124131415
area_core,DDO161,10.99,66.8,85.63807076286311
area_core,DDO161,11.46,66.8,85.85398933343303
area_core,DDO161,11.94,66.6,86.05553173798059
area_core,DDO161,12.41,66.8,86.22344068583168
area_core,DDO161,12.9,66.3,86.43973115987488
area_core,DDO161,13.37,66.1,86.56813070291389
area_core,UGC02916,0.37,183.0,103.73149056092537
area_core,UGC02916,0.74,196.0,160.95665860962268
area_core,UGC02916,1.11,205.0,184.5812532651681
area_core,UGC02916,1.48,211.0,203.03339362111961
area_core,UGC02916,1.84,214.0,219.4184173215104
area_core,UGC02916,2.21,214.0,232.7050240803204
area_core,UGC02916,2.6,213.0,239.18501869585864
area_core,UGC02916,2.96,211.0,236.25994939729424
area_core,UGC02916,3.17,210.0,236.61605954152643
area_core,UGC02916,3.33,209.0,235.70864008918275
area_core,UGC02916,3.7,207.0,233.1955406673826
area_core,UGC02916,4.07,206.0,229.87001958674983
area_core,UGC02916,4.44,205.0,225.7590632332355
area_core,UGC02916,4.81,205.0,221.31138594204523
area_core,UGC02916,5.18,206.0,216.92872096038124
area_core,UGC02916,5.55,207.0,212.3172430153977
area_core,UGC02916,5.92,208.0,208.17494162652707
area_core,UGC02916,6.28,210.0,204.75512293280534
area_core,UGC02916,6.34,210.0,204.26634830305963
area_core,UGC02916,6.65,212.0,201.90303446192786
area_core,UGC02916,7.03,214.0,199.41696082689936
area_core,UGC02916,7.39,215.0,197.36776664367443
area_core,UGC02916,7.77,216.0,195.3901557995157
area_core,UGC02916,8.14,217.0,193.92360561564675
area_core,UGC02916,8.51,218.0,192.52614149693915
area_core,UGC02916,8.88,218.0,191.24799447870393
area_core,UGC02916,9.25,218.0,190.38304581206552
area_core,UGC02916,9.52,218.0,189.69240782219077
area_core,UGC02916,9.62,218.0,189.45381266261253
area_core,UGC02916,9.99,217.0,188.67442789009502
area_core,UGC02916,10.4,217.0,187.91342819701083
area_core,UGC02916,10.71,216.0,187.5750053632743
area_core,UGC02916,11.12,215.0,187.1084500942746
area_core,UGC02916,12.67,212.0,186.49642381234898
area_core,UGC02916,12.98,211.0,186.5487410465996
area_core,UGC02916,15.86,209.0,188.64031498251583
area_core,UGC02916,19.05,215.0,193.31840179475572
area_core,UGC02916,22.14,215.0,197.84030089105727
area_core,UGC02916,25.34,210.0,200.1534828221482
area_core,UGC02916,28.53,196.0,200.68370345881127
area_core,UGC02916,31.72,185.0,200.28997255876502
area_core,UGC02916,34.91,182.0,200.76807272999187
area_core,UGC02916,38.0,181.0,201.18909926876137
area_core,F571-8,0.22,12.4,27.228195831907893
area_core,F571-8,0.78,37.5,61.41514290175569
area_core,F571-8,1.33,56.5,75.44034343443198
area_core,F571-8,2.33,69.1,85.8542241358835
area_core,F571-8,3.44,85.5,86.23789239115307
area_core,F571-8,3.78,87.1,85.75123285727246
area_core,F571-8,4.77,105.0,84.61492340381349
area_core,F571-8,5.44,112.0,85.65653860962775
area_core,F571-8,6.11,116.0,87.22123963730199
area_core,F571-8,7.22,124.0,91.365845933132
area_core,F571-8,9.33,135.0,99.2163489309362
area_core,F571-8,11.1,140.0,105.44267901300634
area_core,F571-8,15.55,144.0,117.1214955589453
area_core,UGC06786,0.16,160.0,100.14730283642115
area_core,UGC06786,0.32,177.0,154.518289508017
area_core,UGC06786,0.49,180.0,169.6443006160511
area_core,UGC06786,0.65,180.0,175.22096534729243
area_core,UGC06786,1.3,182.0,175.17747996674657
area_core,UGC06786,1.46,183.0,173.76400948221462
area_core,UGC06786,1.62,184.0,172.38422310819942
area_core,UGC06786,3.72,206.0,158.4898346342818
area_core,UGC06786,3.89,207.0,158.676624216301
area_core,UGC06786,4.05,209.0,158.91311264597505
area_core,UGC06786,4.22,210.0,159.61974864081688
area_core,UGC06786,4.26,210.0,159.83968447626086
area_core,UGC06786,4.38,211.0,160.55947352127126
area_core,UGC06786,4.54,213.0,161.81427825078796
area_core,UGC06786,4.71,214.0,163.56124589299898
area_core,UGC06786,4.86,215.0,165.11973986085195
area_core,UGC06786,5.02,215.0,166.57998004005927
area_core,UGC06786,5.18,216.0,167.64673930820408
area_core,UGC06786,5.35,217.0,168.5178752831497
area_core,UGC06786,5.51,217.0,169.03362871515515
area_core,UGC06786,5.68,218.0,169.22564930110286
area_core,UGC06786,5.84,218.0,169.2766046957791
area_core,UGC06786,6.0,219.0,169.2750302151827
area_core,UGC06786,6.15,219.0,169.32004405499703
area_core,UGC06786,6.48,219.0,169.51560226287035
area_core,UGC06786,6.64,219.0,169.50324144198382
area_core,UGC06786,6.81,220.0,169.39390307162654
area_core,UGC06786,7.1,220.0,169.10649636794975
area_core,UGC06786,7.13,220.0,169.04202000766088
area_core,UGC06786,8.52,220.0,163.78863309039494
area_core,UGC06786,10.66,225.0,160.58309858947973
area_core,UGC06786,11.99,228.0,160.05282624922967
area_core,UGC06786,12.1,228.0,160.0421826237396
area_core,UGC06786,12.33,228.0,159.98795139118926
area_core,UGC06786,12.78,229.0,159.95656786798213
area_core,UGC06786,14.93,228.0,159.74199466237314
area_core,UGC06786,17.08,226.0,159.2758408586263
area_core,UGC06786,19.23,226.0,158.81849079141668
area_core,UGC06786,21.27,227.0,158.2277120588347
area_core,UGC06786,23.42,227.0,158.1139130465819
area_core,UGC06786,25.57,224.0,157.75734101939955
area_core,UGC06786,27.72,218.0,157.40312051359712
area_core,UGC06786,29.87,215.0,157.29470683553345
area_core,UGC06786,32.02,219.0,157.29004526678386
area_core,UGC06786,34.05,211.0,157.376873904351
area_core,NGC3949,1.74,123.0,115.4862408303021
area_core,NGC3949,2.61,145.0,135.2110204804964
area_core,NGC3949,3.5,152.0,148.9975580654254
area_core,NGC3949,4.37,157.0,145.71954025232407
area_core,NGC3949,5.24,161.0,143.79886406426658
area_core,NGC3949,6.11,165.0,140.54033273291492
area_core,NGC3949,7.07,169.0,139.2164700070576
area_core,UGC03205,0.28,107.0,77.20161877779987
area_core,UGC03205,0.55,121.0,121.91574655353381
area_core,UGC03205,0.83,134.0,138.46317038495803
area_core,UGC03205,1.39,157.0,150.39395947005275
area_core,UGC03205,1.65,168.0,154.89870917400933
area_core,UGC03205,3.04,207.0,158.56204747336338
area_core,UGC03205,3.32,213.0,158.1673393503324
area_core,UGC03205,3.59,218.0,158.78110173312538
area_core,UGC03205,3.87,222.0,160.40781309508807
area_core,UGC03205,4.15,226.0,163.62600162232255
area_core,UGC03205,4.43,229.0,167.18631724699358
area_core,UGC03205,4.7,232.0,170.12413823688098
area_core,UGC03205,4.97,234.0,172.40047302757063
area_core,UGC03205,5.25,235.0,174.506417089309
area_core,UGC03205,5.52,236.0,177.16992708725152
area_core,UGC03205,5.8,237.0,180.08813352177822
area_core,UGC03205,6.08,237.0,182.74082147993315
area_core,UGC03205,6.36,237.0,185.22354318989088
area_core,UGC03205,6.63,236.0,186.90104728582912
area_core,UGC03205,6.91,236.0,188.21582007900884
area_core,UGC03205,7.19,235.0,189.12740564393704
area_core,UGC03205,7.27,234.0,189.28637788973816
area_core,UGC03205,7.46,234.0,189.60594837433138
area_core,UGC03205,8.02,231.0,190.39192286073194
area_core,UGC03205,8.29,229.0,190.59080273502298
area_core,UGC03205,8.56,228.0,190.71160577432494
area_core,UGC03205,8.84,226.0,190.5874815085489
area_core,UGC03205,9.12,224.0,190.4469365764656
area_core,UGC03205,9.69,221.0,189.77256579848563
area_core,UGC03205,12.11,216.0,184.38368463127813
area_core,UGC03205,14.58,220.0,179.45862214525403
area_core,UGC03205,14.68,220.0,179.26956419141536
area_core,UGC03205,15.2,221.0,178.43808059202237
area_core,UGC03205,15.5,221.0,178.10571823910973
area_core,UGC03205,15.71,221.0,177.95590364264478
area_core,UGC03205,16.02,221.0,177.68279806174905
area_core,UGC03205,16.32,221.0,177.4115179453892
area_core,UGC03205,16.53,221.0,177.30642606571675
area_core,UGC03205,16.84,221.0,177.1181930198131
area_core,UGC03205,16.94,221.0,177.10394952154036
area_core,UGC03205,19.4,218.0,175.6531158446566
area_core,UGC03205,21.77,216.0,174.62496958912865
area_core,UGC03205,24.23,215.0,172.90780282520925
area_core,UGC03205,26.69,212.0,171.2317496121204
area_core,UGC03205,29.06,208.0,169.4200499443648
area_core,UGC03205,31.52,209.0,167.67062081287906
area_core,UGC03205,36.34,220.0,164.88847197652828
area_core,UGC03205,40.04,220.0,162.92945753593216
area_core,UGC07323,0.58,23.9,18.00664364926683
area_core,UGC07323,1.17,34.7,30.61136728620901
area_core,UGC07323,1.75,42.8,40.22053559955048
area_core,UGC07323,2.33,51.3,48.27405437244239
area_core,UGC07323,2.91,57.7,56.24407954668847
area_core,UGC07323,3.5,67.3,63.486027594896775
area_core,UGC07323,4.07,75.4,70.24996978570539
area_core,UGC07323,4.65,79.5,77.00746823047926
area_core,UGC07323,5.23,82.8,81.6863841615965
area_core,UGC07323,5.82,85.6,85.22665338409765
area_core,UGC09992,0.78,28.1,23.374035535703104
area_core,UGC09992,1.55,31.3,37.04573170480602
area_core,UGC09992,2.34,33.0,47.54802089765618
area_core,UGC09992,3.12,33.4,55.35170509618027
area_core,UGC09992,3.89,34.3,60.40492884190982
lum_core,UGC08699,0.22,152.0,133.73306166442094
lum_core,UGC08699,0.43,167.0,197.321416851216
lum_core,UGC08699,0.65,179.0,215.80231228826872
lum_core,UGC08699,0.87,188.0,213.94091725851797
lum_core,UGC08699,1.08,195.0,207.50115161528356
lum_core,UGC08699,1.31,199.0,200.7213130748253
lum_core,UGC08699,1.52,202.0,194.4158817669435
lum_core,UGC08699,1.73,202.0,189.13845033324054
lum_core,UGC08699,1.96,202.0,185.18549455730383
lum_core,UGC08699,2.17,200.0,182.89201798035762
lum_core,UGC08699,2.39,196.0,180.9291665205862
lum_core,UGC08699,2.6,193.0,179.34396764471165
lum_core,UGC08699,2.83,189.0,177.208171424467
lum_core,UGC08699,3.04,184.0,175.16716465292188
lum_core,UGC08699,5.87,170.0,167.92994794258698
lum_core,UGC08699,6.08,172.0,168.57806069536247
lum_core,UGC08699,6.3,174.0,169.289926660602
lum_core,UGC08699,6.52,176.0,170.02397162851256
lum_core,UGC08699,6.74,178.0,170.7308628721552
lum_core,UGC08699,6.95,180.0,171.39115584071894
lum_core,UGC08699,7.16,182.0,172.11422806271705
lum_core,UGC08699,7.39,183.0,172.97322570985045
lum_core,UGC08699,7.6,184.0,173.91543144862413
lum_core,UGC08699,7.82,185.0,174.92423262270444
lum_core,UGC08699,8.03,186.0,175.9093842411251
lum_core,UGC08699,8.26,187.0,176.97083033939046
lum_core,UGC08699,8.47,187.0,177.89619141087456
lum_core,UGC08699,8.68,188.0,178.68426552185898
lum_core,UGC08699,8.91,188.0,179.34981283708646
lum_core,UGC08699,9.53,187.0,179.85551086493413
lum_core,UGC08699,9.78,187.0,179.7862226830987
lum_core,UGC08699,9.99,186.0,179.61570415653787
lum_core,UGC08699,10.21,186.0,179.32032553101234
lum_core,UGC08699,11.46,182.0,177.58946757216714
lum_core,UGC08699,13.39,177.0,175.93440226316423
lum_core,UGC08699,15.21,175.0,174.99960037145235
lum_core,UGC08699,17.13,177.0,174.08425344860274
lum_core,UGC08699,19.06,180.0,173.4087690268028
lum_core,UGC08699,20.99,181.0,172.893874290395
lum_core,UGC08699,22.92,182.0,172.30439148424136
lum_core,UGC08699,25.7,183.0,171.30492461222988
lum_core,UGC02885,1.7,305.0,233.08830759149848
lum_core,UGC02885,3.41,257.0,230.4393656255529
lum_core,UGC02885,6.82,256.0,232.06316683689272
lum_core,UGC02885,13.67,271.0,247.98997683467243
lum_core,UGC02885,19.49,282.0,256.72416535554265
lum_core,UGC02885,23.36,287.0,263.7864260237062
lum_core,UGC02885,27.24,283.0,267.9334720222678
lum_core,UGC02885,31.22,280.0,269.32828648152224
lum_core,UGC02885,35.1,280.0,270.383702942114
lum_core,UGC02885,38.97,281.0,272.4818230825649
lum_core,UGC02885,42.85,282.0,273.91884833256154
lum_core,UGC02885,46.73,287.0,272.4105103251129
lum_core,UGC02885,50.71,292.0,274.4708814182287
lum_core,UGC02885,54.58,298.0,277.2260441105729
lum_core,UGC02885,58.46,298.0,278.2916034101895
lum_core,UGC02885,62.34,298.0,277.67118677920394
lum_core,UGC02885,66.21,298.0,277.26240076217033
lum_core,UGC02885,70.19,298.0,278.073905779397
lum_core,UGC02885,74.07,298.0,277.82378493465853
lum_core,UGC07151,0.5,24.2,26.3950244579873
lum_core,UGC07151,1.0,42.0,44.21269495167358
lum_core,UGC07151,1.5,59.4,55.39805855508448
lum_core,UGC07151,2.0,63.9,63.47251599177232
lum_core,UGC07151,2.49,66.0,68.70604766037972
lum_core,UGC07151,3.0,67.2,72.5016970532092
lum_core,UGC07151,3.49,68.7,74.56816894068793
lum_core,UGC07151,4.0,71.3,77.68700445350478
lum_core,UGC07151,4.49,72.5,79.5466187206198
lum_core,UGC07151,5.01,74.0,81.37382643784493
lum_core,UGC07151,5.5,76.2,83.05816511107125
lum_core,NGC3877,0.87,37.8,81.10599783779585
lum_core,NGC3877,1.74,80.1,105.7451445607525
lum_core,NGC3877,2.61,121.0,124.50451535399161
lum_core,NGC3877,3.5,142.0,141.79180923468687
lum_core,NGC3877,4.37,153.0,156.02902336390642
lum_core,NGC3877,5.24,160.0,170.2532691572309
lum_core,NGC3877,6.11,162.0,185.77526593700125
lum_core,NGC3877,6.98,167.0,195.8517202170897
lum_core,NGC3877,7.85,169.0,201.15273315003213
lum_core,NGC3877,8.72,171.0,205.30473703873497
lum_core,NGC3877,9.6,171.0,208.00903890271817
lum_core,NGC3877,10.47,170.0,206.70834082970222
lum_core,NGC3877,11.35,169.0,205.8196228643671
lum_core,NGC6946,0.19,153.0,196.03577147532062
lum_core,NGC6946,0.56,130.0,149.8799003110917
lum_core,NGC6946,0.94,128.0,137.94765161869284
lum_core,NGC6946,1.22,134.0,137.01564554302487
lum_core,NGC6946,1.59,129.0,141.53301178354954
lum_core,NGC6946,1.96,131.0,146.50529956236792
lum_core,NGC6946,2.34,138.0,154.29811773198776
lum_core,NGC6946,2.71,139.0,164.13697954825238
lum_core,NGC6946,2.99,143.0,167.89074657864944
lum_core,NGC6946,3.37,146.0,173.6598911895629
lum_core,NGC6946,3.74,154.0,177.88950217032382
lum_core,NGC6946,4.12,161.0,181.91317717992726
lum_core,NGC6946,4.4,167.0,185.34669069082685
lum_core,NGC6946,4.77,173.0,189.87050408112398
lum_core,NGC6946,5.15,176.0,194.2549227843598
lum_core,NGC6946,5.52,178.0,199.38474961207908
lum_core,NGC6946,5.89,180.0,201.25798995488526
lum_core,NGC6946,6.17,179.0,200.75069000824905
lum_core,NGC6946,6.55,180.0,201.94531429542226
lum_core,NGC6946,6.92,181.0,203.78587067792498
lum_core,NGC6946,7.3,179.0,203.81870949767108
lum_core,NGC6946,7.58,179.0,203.0614377495522
lum_core,NGC6946,7.95,179.0,201.74273064588147
lum_core,NGC6946,8.33,178.0,200.5571233249517
lum_core,NGC6946,8.7,177.0,200.66015223387961
lum_core,NGC6946,9.08,176.0,200.77449214451173
lum_core,NGC6946,9.36,173.0,200.56469632543718
lum_core,NGC6946,9.73,172.0,199.914220994141
lum_core,NGC6946,10.1,172.0,199.3966936469467
lum_core,NGC6946,10.48,170.0,198.78542988095998
lum_core,NGC6946,10.76,171.0,198.33818067398119
lum_core,NGC6946,11.13,174.0,197.6204314029061
lum_core,NGC6946,11.51,174.0,197.11298631560663
lum_core,NGC6946,11.88,175.0,196.653001940618
lum_core,NGC6946,12.26,174.0,196.2972967077814
lum_core,NGC6946,12.54,173.0,196.094595319896
lum_core,NGC6946,12.91,173.0,195.8470221479098
lum_core,NGC6946,13.29,173.0,195.7120668946582
lum_core,NGC6946,13.66,175.0,195.643699411286
lum_core,NGC6946,14.03,174.0,195.5043239971577
lum_core,NGC6946,14.31,171.0,195.41772226815928
lum_core,NGC6946,14.69,167.0,194.815511027413
lum_core,NGC6946,15.06,165.0,194.06924680148504
lum_core,NGC6946,15.44,163.0,193.53364515348596
lum_core,NGC6946,15.72,162.0,193.28647367471592
lum_core,NGC6946,16.09,161.0,190.80262368200923
lum_core,NGC6946,16.47,159.0,190.43212822128757
lum_core,NGC6946,16.84,158.0,190.1067149422244
lum_core,NGC6946,17.21,157.0,189.78797664762217
lum_core,NGC6946,17.5,157.0,189.53780176066772
lum_core,NGC6946,17.87,157.0,189.24448127521546
lum_core,NGC6946,18.24,160.0,188.97860630541044
lum_core,NGC6946,18.62,159.0,188.7156951103745
lum_core,NGC6946,18.9,160.0,188.52165417177056
lum_core,NGC6946,19.27,158.0,188.32069088195797
lum_core,NGC6946,19.65,155.0,188.15666185553255
lum_core,NGC6946,20.02,157.0,187.82210725141616
lum_core,NGC6946,20.4,154.0,187.52151534896703
lum_core,UGC10310,1.1,33.2,30.87119929078088
lum_core,UGC10310,2.21,54.6,50.365443201710775
lum_core,UGC10310,3.31,65.7,60.462730645351336
lum_core,UGC10310,4.42,69.2,66.68758494464953
lum_core,UGC10310,5.52,70.9,72.51878991296556
lum_core,UGC10310,6.64,72.4,75.99958583274187
lum_core,UGC10310,7.74,73.2,77.0390087920477
lum_core,F565-V2,1.26,21.7,22.20276551580502
lum_core,F565-V2,2.51,40.3,36.196386299807195
lum_core,F565-V2,3.78,57.7,44.41501436393254
lum_core,F565-V2,5.03,68.5,49.41634640782789
lum_core,F565-V2,6.29,73.5,53.65965762374434
lum_core,F565-V2,7.54,78.5,56.828163570157855
lum_core,F565-V2,8.8,83.1,58.92171697444552
lum_core,F583-4,0.22,10.7,6.816424480871385
lum_core,F583-4,0.76,24.7,22.183627222668218
lum_core,F583-4,1.31,38.9,34.694361113291656
lum_core,F583-4,1.94,42.7,44.7653151736148
lum_core,F583-4,3.92,55.0,61.08219339225592
lum_core,F583-4,4.35,57.2,62.99873521614672
lum_core,F583-4,5.0,59.8,65.57503680646532
lum_core,F583-4,5.05,62.5,65.73222463927695
lum_core,F583-4,5.83,61.8,67.88668369053954
lum_core,F583-4,6.09,64.4,68.51776508508495
lum_core,F583-4,6.74,67.2,70.39994785886061
lum_core,F583-4,7.29,69.9,70.96290171504475
lum_core,NGC7331,2.67,221.0,262.1990735992351
lum_core,NGC7331,3.21,237.0,277.5467544806063
lum_core,NGC7331,3.74,249.0,291.5150638294386
lum_core,NGC7331,4.27,250.0,294.8873330721879
lum_core,NGC7331,4.81,253.0,295.8879644145198
lum_core,NGC7331,5.35,257.0,299.9506224003688
lum_core,NGC7331,5.88,257.0,298.1321310057644
lum_core,NGC7331,6.41,257.0,297.15184316361564
lum_core,NGC7331,7.48,257.0,292.4884024220776
lum_core,NGC7331,8.55,255.0,283.9848767019312
lum_core,NGC7331,9.62,248.0,280.50575431111554
lum_core,NGC7331,10.66,247.0,277.82676727441077
lum_core,NGC7331,11.74,246.0,275.28679228215685
lum_core,NGC7331,12.83,244.0,274.30749000648945
lum_core,NGC7331,13.91,242.0,273.09708088069834
lum_core,NGC7331,15.0,238.0,271.4586479498574
lum_core,NGC7331,16.08,236.0,270.167432759177
lum_core,NGC7331,17.07,233.0,269.5513481878466
lum_core,NGC7331,18.15,234.0,269.67739380798076
lum_core,NGC7331,19.24,236.0,270.1683062426255
lum_core,NGC7331,20.32,237.0,270.07395217157284
lum_core,NGC7331,21.41,238.0,268.84034032919095
lum_core,NGC7331,22.49,240.0,267.62665427874015
lum_core,NGC7331,23.48,238.0,266.7607961771154
lum_core,NGC7331,24.57,237.0,265.24983701198687
lum_core,NGC7331,25.65,236.0,263.9653470726119
lum_core,NGC7331,26.74,238.0,262.89854328815045
lum_core,NGC7331,27.82,239.0,261.739258735618
lum_core,NGC7331,28.91,239.0,260.47575286538546
lum_core,NGC7331,29.89,241.0,259.33646477842046
lum_core,NGC7331,30.98,236.0,258.17765597626067
lum_core,NGC7331,32.06,236.0,257.2975385352195
lum_core,NGC7331,33.15,239.0,256.6796120574561
lum_core,NGC7331,34.23,237.0,256.08876660659894
lum_core,NGC7331,35.32,241.0,255.41363621151373
lum_core,NGC7331,36.31,238.0,254.43660704233682
lum_core,NGC2955,0.75,169.0,141.74019392589489
lum_core,NGC2955,1.55,203.0,193.0517477916946
lum_core,NGC2955,2.3,232.0,216.83172195084262
lum_core,NGC2955,3.06,256.0,240.35728616165497
lum_core,NGC2955,3.85,248.0,251.51465476114663
lum_core,NGC2955,4.61,253.0,255.41498039082185
lum_core,NGC2955,5.36,269.0,255.28311991437246
lum_core,NGC2955,6.12,268.0,254.2394189662615
lum_core,NGC2955,6.91,260.0,253.8690946038502
lum_core,NGC2955,7.66,245.0,254.8611720057486
lum_core,NGC2955,8.42,247.0,253.48375664688098
lum_core,NGC2955,8.86,267.0,251.78501996585646
lum_core,NGC2955,9.21,255.0,250.09432181209095
lum_core,NGC2955,10.82,253.0,243.6928202189789
lum_core,NGC2955,11.56,271.0,241.47573790113327
lum_core,NGC2955,12.4,276.0,239.37413315743788
lum_core,NGC2955,14.17,275.0,239.4787959827811
lum_core,NGC2955,16.88,275.0,238.59009506541287
lum_core,NGC2955,19.49,276.0,241.56118475989516
lum_core,NGC2955,22.19,267.0,241.26702436298572
lum_core,NGC2955,24.8,257.0,240.22641745316156
lum_core,NGC2955,27.51,254.0,238.5420026189476
lum_core,NGC2955,30.12,248.0,237.32207700573147
lum_core,NGC2955,35.43,227.0,237.55279469919924
lum_core,UGCA442,0.42,14.2,11.19822097326316
lum_core,UGCA442,1.26,28.6,27.260019145426835
lum_core,UGCA442,2.11,41.0,36.64497474669617
lum_core,UGCA442,2.96,49.0,41.07837279273306
lum_core,UGCA442,3.79,54.8,43.01215053944072
lum_core,UGCA442,4.65,56.4,43.550487835189095
lum_core,UGCA442,5.48,57.8,43.227875952185734
lum_core,UGCA442,6.33,56.5,42.97222093424885
lum_core,NGC2976,0.11,6.8,10.523189028089156
lum_core,NGC2976,0.17,9.5,14.54949305002017
lum_core,NGC2976,0.24,14.0,19.27282415909937
lum_core,NGC2976,0.31,19.8,23.66846965839705
lum_core,NGC2976,0.38,26.1,27.765566802134668
lum_core,NGC2976,0.45,28.7,31.68683346819198
lum_core,NGC2976,0.52,28.7,35.5079128251924
lum_core,NGC2976,0.59,31.7,39.20795725685539
lum_core,NGC2976,0.66,35.5,42.73028147420704
lum_core,NGC2976,0.73,39.4,46.07873766168677
lum_core,NGC2976,0.8,42.9,49.25506969177913
lum_core,NGC2976,0.87,46.0,52.30049231322787
lum_core,NGC2976,0.94,49.1,55.33946147233996
lum_core,NGC2976,1.01,49.2,58.556890202109635
lum_core,NGC2976,1.08,51.4,61.78937893805888
lum_core,NGC2976,1.14,57.2,64.48608120470331
lum_core,NGC2976,1.21,63.8,67.78448379548932
lum_core,NGC2976,1.29,67.8,71.46312885642361
lum_core,NGC2976,1.35,69.8,74.1698254096472
lum_core,NGC2976,1.42,71.7,77.06690392868774
lum_core,NGC2976,1.49,74.1,79.81648433128102
lum_core,NGC2976,1.56,76.7,82.43267510964239
lum_core,NGC2976,1.63,79.9,84.59249657675242
lum_core,NGC2976,1.74,83.6,87.19605445569576
lum_core,NGC2976,1.93,83.9,87.93876587642426
lum_core,NGC2976,2.1,88.7,88.13532811803162
lum_core,NGC2976,2.27,85.3,88.62070447147694
lum_core,DDO154,0.49,13.8,22.65189653898739
lum_core,DDO154,0.99,21.6,29.973545898996488
lum_core,DDO154,1.48,28.9,33.01620864193335
lum_core,DDO154,1.97,34.3,34.91861398317779
lum_core,DDO154,2.47,38.2,36.090843332907255
lum_core,DDO154,2.96,42.0,37.094231827068526
lum_core,DDO154,3.46,44.6,38.02137291034771
lum_core,DDO154,3.95,46.3,38.38904612743612
lum_core,DDO154,4.44,47.4,38.36977892412485
lum_core,DDO154,4.94,48.2,38.27283306686428
lum_core,DDO154,5.43,47.4,38.11213360736738
lum_core,DDO154,5.92,45.5,37.94735368615997
lum_core,DDO170,1.87,27.7,32.58699366346798
lum_core,DDO170,3.36,42.4,44.26622254819028
lum_core,DDO170,4.86,52.5,51.24755845093154
lum_core,DDO170,6.35,55.6,55.659114546873774
lum_core,DDO170,7.85,58.6,58.50748519165279
lum_core,DDO170,9.34,59.0,59.924551880033334
lum_core,DDO170,10.83,60.0,60.343469108159795
lum_core,DDO170,12.33,62.2,60.183245733653465
lum_core,NGC7814,0.63,265.0,291.4960105764494
lum_core,NGC7814,1.72,250.0,265.36929539609423
lum_core,NGC7814,2.79,233.0,244.72048706792702
lum_core,NGC7814,3.91,230.0,234.8965070999399
lum_core,NGC7814,5.03,228.0,228.14983779134423
lum_core,NGC7814,6.14,228.0,222.02529724539963
lum_core,NGC7814,7.26,227.0,216.9655129335275
lum_core,NGC7814,8.37,226.0,213.53108490540288
lum_core,NGC7814,9.5,223.0,210.58910207802637
lum_core,NGC7814,10.65,219.0,208.14742703068967
lum_core,NGC7814,11.74,216.0,206.07724683647754
lum_core,NGC7814,12.82,214.0,204.0727019464037
lum_core,NGC7814,14.01,214.0,201.95397380150555
lum_core,NGC7814,15.09,214.0,200.61567207793627
lum_core,NGC7814,16.18,214.0,199.5871742820719
lum_core,NGC7814,17.36,214.0,198.3349694689358
lum_core,NGC7814,18.44,214.0,197.31708441978702
lum_core,NGC7814,19.53,214.0,196.39984074048112
lum_core,F583-1,0.26,14.6,5.906729746383983
lum_core,F583-1,0.44,10.0,9.778746807561577
lum_core,F583-1,0.77,10.7,16.369647248246793
lum_core,F583-1,0.89,17.4,18.523209310507077
lum_core,F583-1,1.22,23.5,23.73591066186243
lum_core,F583-1,1.55,31.0,27.952357416578792
lum_core,F583-1,1.8,32.3,30.60615599047254
lum_core,F583-1,2.21,40.9,34.766369008839206
lum_core,F583-1,2.31,43.8,35.718970644378665
lum_core,F583-1,2.54,44.8,37.7679750968877
lum_core,F583-1,3.1,51.7,42.09802835106939
lum_core,F583-1,3.43,55.7,44.46775550693165
lum_core,F583-1,3.86,59.4,47.13005540893897
lum_core,F583-1,4.09,62.0,48.37806536530287
lum_core,F583-1,4.37,63.0,49.80345948103934
lum_core,F583-1,4.76,66.6,51.61512773278146
lum_core,F583-1,5.4,71.3,54.30758087615287
lum_core,F583-1,5.86,72.3,56.03119921661153
lum_core,F583-1,6.08,73.4,56.77004473950892
lum_core,F583-1,6.43,72.4,57.93602925910795
lum_core,F583-1,6.97,77.1,59.733850297826876
lum_core,F583-1,7.96,80.3,62.66047043069697
lum_core,F583-1,10.29,84.7,68.09368272064603
lum_core,F583-1,15.49,86.9,74.24491362241588
lum_core,F583-1,16.26,85.8,74.55333208645827
lum_core,F568-3,0.64,12.4,13.109111894865208
lum_core,F568-3,1.18,21.9,22.053778487669863
lum_core,F568-3,1.8,32.3,31.036970425760956
lum_core,F568-3,2.03,37.9,34.098870922792926
lum_core,F568-3,2.78,53.1,43.62668310433083
lum_core,F568-3,3.0,62.4,46.168299928437484
lum_core,F568-3,3.64,68.0,52.984046445798775
lum_core,F568-3,4.19,78.0,58.229028932974764
lum_core,F568-3,4.6,82.3,61.427194725835655
lum_core,F568-3,5.14,85.7,65.1843277333302
lum_core,F568-3,5.39,85.5,66.97823226288313
lum_core,F568-3,6.31,89.5,73.23840479844847
lum_core,F568-3,9.1,95.2,86.6111723713474
lum_core,F568-3,10.17,97.5,90.57796345204657
lum_core,F568-3,11.99,101.0,95.52371761230347
lum_core,F568-3,14.02,107.0,99.34243664926004
lum_core,F568-3,15.94,117.0,102.39026829059509
lum_core,F568-3,17.98,120.0,104.50439684148742
lum_core,UGC04499,0.91,26.0,31.198132972490015
lum_core,UGC04499,1.82,45.1,46.246583027676635
lum_core,UGC04499,2.73,57.0,56.46542766314004
lum_core,UGC04499,3.63,62.0,64.00431109529276
lum_core,UGC04499,4.55,66.9,68.20324979658822
lum_core,UGC04499,5.45,70.6,71.10966522818954
lum_core,UGC04499,6.37,72.8,72.83422430468754
lum_core,UGC04499,7.28,73.3,75.09857682853249
lum_core,UGC04499,8.18,74.3,76.53022017098945
lum_core,UGC06399,0.87,24.8,25.48810846918267
lum_core,UGC06399,1.74,46.2,43.50497991487418
lum_core,UGC06399,2.61,60.5,54.44948579436486
lum_core,UGC06399,3.5,69.6,63.23172024177636
lum_core,UGC06399,4.37,77.5,68.60842383259119
lum_core,UGC06399,5.24,82.9,72.72187773188095
lum_core,UGC06399,6.11,84.1,75.59401321584465
lum_core,UGC06399,6.98,85.6,77.46962508795116
lum_core,UGC06399,7.85,87.6,78.81260283405373
lum_core,NGC0055,1.23,28.7,26.656994941513364
lum_core,NGC0055,1.84,37.6,34.591868295119674
lum_core,NGC0055,2.46,43.1,40.988560428210654
lum_core,NGC0055,3.07,50.1,46.635262115531376
lum_core,NGC0055,3.68,58.1,51.90395398336365
lum_core,NGC0055,4.3,64.6,56.772119156344345
lum_core,NGC0055,4.91,68.5,60.64664554155579
lum_core,NGC0055,5.52,72.3,64.01044587193834
lum_core,NGC0055,6.14,74.2,66.98744538377738
lum_core,NGC0055,6.75,78.9,69.58578756113118
lum_core,NGC0055,7.37,82.4,72.02519964409393
lum_core,NGC0055,7.98,84.3,74.19266194465033
lum_core,NGC0055,8.59,85.4,76.30535074981114
lum_core,NGC0055,9.21,85.3,77.96551046729962
lum_core,NGC0055,9.82,86.8,79.19525515305187
lum_core,NGC0055,10.43,85.4,80.19707800550961
lum_core,NGC0055,11.05,85.4,80.84222047598573
lum_core,NGC0055,11.66,86.2,81.45207045727994
lum_core,NGC0055,12.28,86.1,82.3570088013452
lum_core,NGC0055,12.89,87.4,83.33408798140378
lum_core,NGC0055,13.5,86.5,84.40057321531759
lum_core,UGC07559,0.36,9.31,16.290320287351342
lum_core,UGC07559,0.72,15.9,26.294976647154385
lum_core,UGC07559,1.08,21.4,31.571306317892986
lum_core,UGC07559,1.45,26.1,34.92383121922597
lum_core,UGC07559,1.8,29.7,37.10796803171749
lum_core,UGC07559,2.17,31.1,39.0242322616858
lum_core,UGC07559,2.53,32.1,40.68905862906327
lum_core,UGC07524,0.35,14.4,12.134533808507676
lum_core,UGC07524,0.69,24.4,16.348658145701755
lum_core,UGC07524,1.03,29.2,20.78361699482902
lum_core,UGC07524,1.38,32.9,25.013194680163714
lum_core,UGC07524,1.72,37.8,29.34301101561907
lum_core,UGC07524,2.07,42.0,33.63478307068777
lum_core,UGC07524,2.41,45.1,37.380539630238516
lum_core,UGC07524,2.76,47.6,41.4236881139151
lum_core,UGC07524,3.1,52.3,44.81978856372555
lum_core,UGC07524,3.45,57.3,48.075738712378474
lum_core,UGC07524,3.79,61.4,51.00700245823484
lum_core,UGC07524,4.14,64.5,53.87700982351156
lum_core,UGC07524,4.48,66.4,56.25055597166663
lum_core,UGC07524,4.82,66.9,58.240974077488744
lum_core,UGC07524,5.17,69.4,60.11274225103365
lum_core,UGC07524,5.51,70.2,61.50463396116515
lum_core,UGC07524,5.86,70.9,62.773988868848484
lum_core,UGC07524,6.2,72.3,64.17968713016143
lum_core,UGC07524,6.55,73.9,65.70011514977308
lum_core,UGC07524,6.89,75.0,67.1789716060902
lum_core,UGC07524,7.25,75.5,68.66961287160538
lum_core,UGC07524,7.58,77.1,70.05191029736035
lum_core,UGC07524,7.94,77.0,71.51599293253598
lum_core,UGC07524,8.27,77.0,72.8807387568583
lum_core,UGC07524,8.63,78.2,74.30933393878438
lum_core,UGC07524,8.97,79.6,75.45383429564528
lum_core,UGC07524,9.3,80.3,76.4943306637866
lum_core,UGC07524,9.66,81.2,77.4834885582781
lum_core,UGC07524,9.99,82.3,78.31790985542064
lum_core,UGC07524,10.35,83.8,79.16650525577927
lum_core,UGC07524,10.69,79.0,79.60386944892863
lum_core,NGC5907,5.03,214.0,163.23238350009737
lum_core,NGC5907,7.55,220.0,196.30764337712017
lum_core,NGC5907,10.07,235.0,218.50044142450867
lum_core,NGC5907,12.58,235.0,230.39616291939183
lum_core,NGC5907,15.1,230.0,233.24866120255092
lum_core,NGC5907,17.61,231.0,235.37217697471263
lum_core,NGC5907,20.13,232.0,237.20084103742022
lum_core,NGC5907,22.65,225.0,238.11209369056456
lum_core,NGC5907,25.16,224.0,235.47340500263584
lum_core,NGC5907,27.68,229.0,234.9491323134927
lum_core,NGC5907,30.2,218.0,236.19462223377863
lum_core,NGC5907,32.71,214.0,234.5787849559634
lum_core,NGC5907,35.23,213.0,234.65482278383723
lum_core,NGC5907,37.75,211.0,233.1014277905431
lum_core,NGC5907,40.26,217.0,232.80813572265862
lum_core,NGC5907,42.78,216.0,231.62153208137823
lum_core,NGC5907,45.29,215.0,231.1462808103905
lum_core,NGC5907,47.81,217.0,230.66589709690362
lum_core,NGC5907,50.33,214.0,230.9981076291333
lum_core,DDO161,0.6,16.0,20.545203180250155
lum_core,DDO161,0.73,16.6,24.05729816852447
lum_core,DDO161,0.85,18.6,26.95765137273257
lum_core,DDO161,0.98,20.0,30.00672092833247
lum_core,DDO161,1.07,21.4,31.9575590258341
lum_core,DDO161,1.54,28.9,40.34795838032624
lum_core,DDO161,2.02,32.9,46.405552849128505
lum_core,DDO161,2.49,35.2,50.59480944576502
lum_core,DDO161,2.96,37.6,53.472886905145465
lum_core,DDO161,3.43,40.6,55.50249320649149
lum_core,DDO161,3.9,42.7,57.1594119805581
lum_core,DDO161,4.37,45.5,58.40996639001022
lum_core,DDO161,4.86,48.9,59.471615750563544
lum_core,DDO161,5.34,51.5,60.3395895295543
lum_core,DDO161,5.81,53.0,61.01967767751979
lum_core,DDO161,6.28,55.0,61.68826996959436
lum_core,DDO161,6.75,57.6,62.29843825204943
lum_core,DDO161,7.22,59.7,62.93163073703262
lum_core,DDO161,7.69,60.5,63.60911051667957
lum_core,DDO161,8.16,61.8,64.26492692806707
lum_core,DDO161,8.64,62.9,64.75954752064068
lum_core,DDO161,9.11,63.0,65.23910498098877
lum_core,DDO161,9.58,64.5,65.47872331876005
lum_core,DDO161,10.05,65.6,65.62876394787456
lum_core,DDO161,10.52,67.5,65.47151756183779
lum_core,DDO161,10.99,66.8,65.2388282801604
lum_core,DDO161,11.46,66.8,64.93134992963452
lum_core,DDO161,11.94,66.6,64.62987979880066
lum_core,DDO161,12.41,66.8,64.3290813802135
lum_core,DDO161,12.9,66.3,64.1034951609829
lum_core,DDO161,13.37,66.1,63.80924315135106
lum_core,UGC02916,0.37,183.0,103.95365009783579
lum_core,UGC02916,0.74,196.0,161.523742946876
lum_core,UGC02916,1.11,205.0,185.67591370864417
lum_core,UGC02916,1.48,211.0,204.76404935913536
lum_core,UGC02916,1.84,214.0,221.82894474293735
lum_core,UGC02916,2.21,214.0,235.88027433719265
lum_core,UGC02916,2.6,213.0,243.29707141778758
lum_core,UGC02916,2.96,211.0,241.44050573942334
lum_core,UGC02916,3.17,210.0,242.40140818625827
lum_core,UGC02916,3.33,209.0,241.9903355863984
lum_core,UGC02916,3.7,207.0,240.66291084449102
lum_core,UGC02916,4.07,206.0,238.57713149175385
lum_core,UGC02916,4.44,205.0,235.75663753354365
lum_core,UGC02916,4.81,205.0,232.62938849741508
lum_core,UGC02916,5.18,206.0,229.57077950798703
lum_core,UGC02916,5.55,207.0,226.29534355142584
lum_core,UGC02916,5.92,208.0,223.4512525091685
lum_core,UGC02916,6.28,210.0,221.23263791369948
lum_core,UGC02916,6.34,210.0,220.93535957546473
lum_core,UGC02916,6.65,212.0,219.53329442342687
lum_core,UGC02916,7.03,214.0,218.15207593156862
lum_core,UGC02916,7.39,215.0,217.07759276023845
lum_core,UGC02916,7.77,216.0,216.0608558636801
lum_core,UGC02916,8.14,217.0,215.43318260488547
lum_core,UGC02916,8.51,218.0,214.8145704474434
lum_core,UGC02916,8.88,218.0,214.2508181723825
lum_core,UGC02916,9.25,218.0,214.00414578750213
lum_core,UGC02916,9.52,218.0,213.73926250936697
lum_core,UGC02916,9.62,218.0,213.64982680349635
lum_core,UGC02916,9.99,217.0,213.38030791034006
lum_core,UGC02916,10.4,217.0,213.11875861021724
lum_core,UGC02916,10.71,216.0,213.09411512745783
lum_core,UGC02916,11.12,215.0,212.99983347537523
lum_core,UGC02916,12.67,212.0,213.24664628752416
lum_core,UGC02916,12.98,211.0,213.38172760523886
lum_core,UGC02916,15.86,209.0,215.26950693841417
lum_core,UGC02916,19.05,215.0,218.44427060435214
lum_core,UGC02916,22.14,215.0,221.11015685207462
lum_core,UGC02916,25.34,210.0,221.62870583010564
lum_core,UGC02916,28.53,196.0,220.5382877259337
lum_core,UGC02916,31.72,185.0,218.65848187408614
lum_core,UGC02916,34.91,182.0,217.66167752218024
lum_core,UGC02916,38.0,181.0,216.75424580339595
lum_core,F571-8,0.22,12.4,27.458947536382688
lum_core,F571-8,0.78,37.5,62.637707455977754
lum_core,F571-8,1.33,56.5,78.06862363699128
lum_core,F571-8,2.33,69.1,91.29108602752747
lum_core,F571-8,3.44,85.5,94.26765297953992
lum_core,F571-8,3.78,87.1,94.31413424306567
lum_core,F571-8,4.77,105.0,93.8691623580921
lum_core,F571-8,5.44,112.0,94.56719192161475
lum_core,F571-8,6.11,116.0,95.34058595294503
lum_core,F571-8,7.22,124.0,97.46361175154367
lum_core,F571-8,9.33,135.0,100.63574633617026
lum_core,F571-8,11.1,140.0,102.93123689066151
lum_core,F571-8,15.55,144.0,106.31272811658606
lum_core,UGC06786,0.16,160.0,100.25358047762583
lum_core,UGC06786,0.32,177.0,154.79241242780745
lum_core,UGC06786,0.49,180.0,170.22433394216043
lum_core,UGC06786,0.65,180.0,176.19723058262443
lum_core,UGC06786,1.3,182.0,178.78025654907114
lum_core,UGC06786,1.46,183.0,178.2242193278707
lum_core,UGC06786,1.62,184.0,177.761135683398
lum_core,UGC06786,3.72,206.0,177.15555306660772
lum_core,UGC06786,3.89,207.0,178.18385390742898
lum_core,UGC06786,4.05,209.0,179.16896408403198
lum_core,UGC06786,4.22,210.0,180.57887779045876
lum_core,UGC06786,4.26,210.0,180.9517949877659
lum_core,UGC06786,4.38,211.0,182.1089966149781
lum_core,UGC06786,4.54,213.0,183.87821980878633
lum_core,UGC06786,4.71,214.0,186.08004221950918
lum_core,UGC06786,4.86,215.0,188.00291725935534
lum_core,UGC06786,5.02,215.0,189.84220193783142
lum_core,UGC06786,5.18,216.0,191.30302598885535
lum_core,UGC06786,5.35,217.0,192.59132225892668
lum_core,UGC06786,5.51,217.0,193.5078734119348
lum_core,UGC06786,5.68,218.0,194.1415281632861
lum_core,UGC06786,5.84,218.0,194.59920384446482
lum_core,UGC06786,6.0,219.0,194.98775843741265
lum_core,UGC06786,6.15,219.0,195.37202108122128
lum_core,UGC06786,6.48,219.0,196.2352461697288
lum_core,UGC06786,6.64,219.0,196.5306992615521
lum_core,UGC06786,6.81,220.0,196.74156800622453
lum_core,UGC06786,7.1,220.0,196.97012227757145
lum_core,UGC06786,7.13,220.0,196.96092385688758
lum_core,UGC06786,8.52,220.0,194.1136743785892
lum_core,UGC06786,10.66,225.0,192.52009261238672
lum_core,UGC06786,11.99,228.0,192.24942168947985
lum_core,UGC06786,12.1,228.0,192.24330139335643
lum_core,UGC06786,12.33,228.0,192.19927226683237
lum_core,UGC06786,12.78,229.0,192.1588621268799
lum_core,UGC06786,14.93,228.0,191.69367675508536
lum_core,UGC06786,17.08,226.0,190.8134212822067
lum_core,UGC06786,19.23,226.0,189.8585597980142
lum_core,UGC06786,21.27,227.0,188.80205723886752
lum_core,UGC06786,23.42,227.0,188.12536802104376
lum_core,UGC06786,25.57,224.0,187.27052258613602
lum_core,UGC06786,27.72,218.0,186.4495375811236
lum_core,UGC06786,29.87,215.0,185.87035367205056
lum_core,UGC06786,32.02,219.0,185.41342712403483
lum_core,UGC06786,34.05,211.0,185.08982870418913
lum_core,NGC3949,1.74,123.0,121.72191875349547
lum_core,NGC3949,2.61,145.0,145.0360553758829
lum_core,NGC3949,3.5,152.0,161.7220486548238
lum_core,NGC3949,4.37,157.0,161.61916149270888
lum_core,NGC3949,5.24,161.0,161.9856962502572
lum_core,NGC3949,6.11,165.0,160.5004689745734
lum_core,NGC3949,7.07,169.0,160.2326704840859
lum_core,UGC03205,0.28,107.0,77.88239937818935
lum_core,UGC03205,0.55,121.0,123.5477889552821
lum_core,UGC03205,0.83,134.0,141.63017992512516
lum_core,UGC03205,1.39,157.0,157.81167607094358
lum_core,UGC03205,1.65,168.0,164.49544659435531
lum_core,UGC03205,3.04,207.0,180.62095846471706
lum_core,UGC03205,3.32,213.0,182.5230282270702
lum_core,UGC03205,3.59,218.0,185.07322285375955
lum_core,UGC03205,3.87,222.0,188.39793171189018
lum_core,UGC03205,4.15,226.0,192.89738197108375
lum_core,UGC03205,4.43,229.0,197.51191637552733
lum_core,UGC03205,4.7,232.0,201.39109836070287
lum_core,UGC03205,4.97,234.0,204.5783064791217
lum_core,UGC03205,5.25,235.0,207.5425225173329
lum_core,UGC03205,5.52,236.0,210.82201961431227
lum_core,UGC03205,5.8,237.0,214.24997055664102
lum_core,UGC03205,6.08,237.0,217.3598037104841
lum_core,UGC03205,6.36,237.0,220.24187507793343
lum_core,UGC03205,6.63,236.0,222.3464582548106
lum_core,UGC03205,6.91,236.0,224.10501598877468
lum_core,UGC03205,7.19,235.0,225.4640412336007
lum_core,UGC03205,7.27,234.0,225.75694423910903
lum_core,UGC03205,7.46,234.0,226.3870810496587
lum_core,UGC03205,8.02,231.0,227.9884900109462
lum_core,UGC03205,8.29,229.0,228.5510251963418
lum_core,UGC03205,8.56,228.0,229.01485266701718
lum_core,UGC03205,8.84,226.0,229.25621142084032
lum_core,UGC03205,9.12,224.0,229.4545657420805
lum_core,UGC03205,9.69,221.0,229.45703283541116
lum_core,UGC03205,12.11,216.0,226.56678060594044
lum_core,UGC03205,14.58,220.0,223.30745383035512
lum_core,UGC03205,14.68,220.0,223.17414990135592
lum_core,UGC03205,15.2,221.0,222.593698702595
lum_core,UGC03205,15.5,221.0,222.37046474809807
lum_core,UGC03205,15.71,221.0,222.27788150039223
lum_core,UGC03205,16.02,221.0,222.09585736464564
lum_core,UGC03205,16.32,221.0,221.9101854312974
lum_core,UGC03205,16.53,221.0,221.8458586080601
lum_core,UGC03205,16.84,221.0,221.72139680012148
lum_core,UGC03205,16.94,221.0,221.71764001427962
lum_core,UGC03205,19.4,218.0,220.6584546512562
lum_core,UGC03205,21.77,216.0,219.82711907322502
lum_core,UGC03205,24.23,215.0,218.39236131877803
lum_core,UGC03205,26.69,212.0,216.96383275592956
lum_core,UGC03205,29.06,208.0,215.42290453180806
lum_core,UGC03205,31.52,209.0,213.92614933222129
lum_core,UGC03205,36.34,220.0,211.5122399963837
lum_core,UGC03205,40.04,220.0,209.81501157939752
lum_core,UGC07323,0.58,23.9,21.55461923090456
lum_core,UGC07323,1.17,34.7,37.58877206687964
lum_core,UGC07323,1.75,42.8,49.385187204689906
lum_core,UGC07323,2.33,51.3,58.29945365499666
lum_core,UGC07323,2.91,57.7,65.93629325972076
lum_core,UGC07323,3.5,67.3,72.17446027597244
lum_core,UGC07323,4.07,75.4,77.56491057289821
lum_core,UGC07323,4.65,79.5,82.74272440212211
lum_core,UGC07323,5.23,82.8,85.90688017024807
lum_core,UGC07323,5.82,85.6,87.9284631071192
lum_core,UGC09992,0.78,28.1,26.780683536156204
lum_core,UGC09992,1.55,31.3,38.363816920338984
lum_core,UGC09992,2.34,33.0,44.592084394948316
lum_core,UGC09992,3.12,33.4,48.49242463035532
lum_core,UGC09992,3.89,34.3,50.28340618963144
lum_size_core,UGC08699,0.22,152.0,133.68007314008028
lum_size_core,UGC08699,0.43,167.0,197.18652350978462
lum_size_core,UGC08699,0.65,179.0,215.52849089542485
lum_size_core,UGC08699,0.87,188.0,213.46522590912625
lum_size_core,UGC08699,1.08,195.0,206.77971277000273
lum_size_core,UGC08699,1.31,199.0,199.68768993606466
lum_size_core,UGC08699,1.52,202.0,193.0648276736186
lum_size_core,UGC08699,1.73,202.0,187.45605766603666
lum_size_core,UGC08699,1.96,202.0,183.14673751920697
lum_size_core,UGC08699,2.17,200.0,180.54597968105546
lum_size_core,UGC08699,2.39,196.0,178.27948969068427
lum_size_core,UGC08699,2.6,193.0,176.42534372629703
lum_size_core,UGC08699,2.83,189.0,174.00908449217584
lum_size_core,UGC08699,3.04,184.0,171.72940784006522
lum_size_core,UGC08699,5.87,170.0,163.31294966115354
lum_size_core,UGC08699,6.08,172.0,163.98145570185497
lum_size_core,UGC08699,6.3,174.0,164.72086645342333
lum_size_core,UGC08699,6.52,176.0,165.48760571222755
lum_size_core,UGC08699,6.74,178.0,166.2302451649831
lum_size_core,UGC08699,6.95,180.0,166.92723571880404
lum_size_core,UGC08699,7.16,182.0,167.69106952490853
lum_size_core,UGC08699,7.39,183.0,168.59866060191652
lum_size_core,UGC08699,7.6,184.0,169.5908327970586
lum_size_core,UGC08699,7.82,185.0,170.6536255129827
lum_size_core,UGC08699,8.03,186.0,171.69160500111718
lum_size_core,UGC08699,8.26,187.0,172.81101445485154
lum_size_core,UGC08699,8.47,187.0,173.7885397092953
lum_size_core,UGC08699,8.68,188.0,174.62571157927812
lum_size_core,UGC08699,8.91,188.0,175.3406122598654
lum_size_core,UGC08699,9.53,187.0,175.95101842081786
lum_size_core,UGC08699,9.78,187.0,175.91816048945685
lum_size_core,UGC08699,9.99,186.0,175.7758348795465
lum_size_core,UGC08699,10.21,186.0,175.50746413629187
lum_size_core,UGC08699,11.46,182.0,173.92708956970944
lum_size_core,UGC08699,13.39,177.0,172.50866453607026
lum_size_core,UGC08699,15.21,175.0,171.78299874703433
lum_size_core,UGC08699,17.13,177.0,171.0614471761372
lum_size_core,UGC08699,19.06,180.0,170.558945015065
lum_size_core,UGC08699,20.99,181.0,170.19699570865524
lum_size_core,UGC08699,22.92,182.0,169.74007027388615
lum_size_core,UGC08699,25.7,183.0,168.9017942920208
lum_size_core,UGC02885,1.7,305.0,233.05242520131645
lum_size_core,UGC02885,3.41,257.0,230.353468458736
lum_size_core,UGC02885,6.82,256.0,232.35888037052092
lum_size_core,UGC02885,13.67,271.0,251.81685709106713
lum_size_core,UGC02885,19.49,282.0,264.5224535212824
lum_size_core,UGC02885,23.36,287.0,273.9033136645482
lum_size_core,UGC02885,27.24,283.0,280.1393551643767
lum_size_core,UGC02885,31.22,280.0,283.4853364465452
lum_size_core,UGC02885,35.1,280.0,286.19574884457376
lum_size_core,UGC02885,38.97,281.0,289.65936912346575
lum_size_core,UGC02885,42.85,282.0,292.3088842338427
lum_size_core,UGC02885,46.73,287.0,292.0453521236911
lum_size_core,UGC02885,50.71,292.0,295.0045921278222
lum_size_core,UGC02885,54.58,298.0,298.45852243560705
lum_size_core,UGC02885,58.46,298.0,300.24392698880536
lum_size_core,UGC02885,62.34,298.0,300.385978836952
lum_size_core,UGC02885,66.21,298.0,300.65545170708634
lum_size_core,UGC02885,70.19,298.0,302.00613199993455
lum_size_core,UGC02885,74.07,298.0,302.31066211074835
lum_size_core,UGC07151,0.5,24.2,24.492408809637357
lum_size_core,UGC07151,1.0,42.0,41.21931774000367
lum_size_core,UGC07151,1.5,59.4,52.08943213141088
lum_size_core,UGC07151,2.0,63.9,60.25611919691984
lum_size_core,UGC07151,2.49,66.0,65.66738727798308
lum_size_core,UGC07151,3.0,67.2,69.6628995678374
lum_size_core,UGC07151,3.49,68.7,71.88795554204121
lum_size_core,UGC07151,4.0,71.3,75.21110996931378
lum_size_core,UGC07151,4.49,72.5,77.22050443820883
lum_size_core,UGC07151,5.01,74.0,79.19184057673964
lum_size_core,UGC07151,5.5,76.2,80.99993103104612
lum_size_core,NGC3877,0.87,37.8,78.24192821086712
lum_size_core,NGC3877,1.74,80.1,99.05076304311658
lum_size_core,NGC3877,2.61,121.0,115.4363236122172
lum_size_core,NGC3877,3.5,142.0,131.7670055576038
lum_size_core,NGC3877,4.37,153.0,145.7606613564909
lum_size_core,NGC3877,5.24,160.0,160.17781797396898
lum_size_core,NGC3877,6.11,162.0,176.1575564391537
lum_size_core,NGC3877,6.98,167.0,186.47937282457733
lum_size_core,NGC3877,7.85,169.0,191.85505219528594
lum_size_core,NGC3877,8.72,171.0,196.07673543279844
lum_size_core,NGC3877,9.6,171.0,198.81558769588892
lum_size_core,NGC3877,10.47,170.0,197.38845296012616
lum_size_core,NGC3877,11.35,169.0,196.40826775961534
lum_size_core,NGC6946,0.19,153.0,195.9713193606226
lum_size_core,NGC6946,0.56,130.0,149.1797893912365
lum_size_core,NGC6946,0.94,128.0,135.98026860315406
lum_size_core,NGC6946,1.22,134.0,133.94721582069138
lum_size_core,NGC6946,1.59,129.0,137.10596550653935
lum_size_core,NGC6946,1.96,131.0,140.88348407509582
lum_size_core,NGC6946,2.34,138.0,147.79502812561068
lum_size_core,NGC6946,2.71,139.0,157.11759018789886
lum_size_core,NGC6946,2.99,143.0,160.4491139370174
lum_size_core,NGC6946,3.37,146.0,165.82425658522357
lum_size_core,NGC6946,3.74,154.0,169.7373949179165
lum_size_core,NGC6946,4.12,161.0,173.52692496656854
lum_size_core,NGC6946,4.4,167.0,176.86530798295013
lum_size_core,NGC6946,4.77,173.0,181.31862801366668
lum_size_core,NGC6946,5.15,176.0,185.67014725060287
lum_size_core,NGC6946,5.52,178.0,190.84522025684495
lum_size_core,NGC6946,5.89,180.0,192.6471000649323
lum_size_core,NGC6946,6.17,179.0,192.01612401391506
lum_size_core,NGC6946,6.55,180.0,193.1471264510876
lum_size_core,NGC6946,6.92,181.0,194.97429182913825
lum_size_core,NGC6946,7.3,179.0,194.92402093547875
lum_size_core,NGC6946,7.58,179.0,194.0773960258419
lum_size_core,NGC6946,7.95,179.0,192.63328748782482
lum_size_core,NGC6946,8.33,178.0,191.33414355911216
lum_size_core,NGC6946,8.7,177.0,191.39392510324842
lum_size_core,NGC6946,9.08,176.0,191.4707217335189
lum_size_core,NGC6946,9.36,173.0,191.22253175970403
lum_size_core,NGC6946,9.73,172.0,190.50684270872657
lum_size_core,NGC6946,10.1,172.0,189.93430457606263
lum_size_core,NGC6946,10.48,170.0,189.2658398310327
lum_size_core,NGC6946,10.76,171.0,188.77842199593317
lum_size_core,NGC6946,11.13,174.0,188.00317705894275
lum_size_core,NGC6946,11.51,174.0,187.45054474560519
lum_size_core,NGC6946,11.88,175.0,186.95020158534606
lum_size_core,NGC6946,12.26,174.0,186.5608301560566
lum_size_core,NGC6946,12.54,173.0,186.33744370911202
lum_size_core,NGC6946,12.91,173.0,186.0648013371031
lum_size_core,NGC6946,13.29,173.0,185.9116647145929
lum_size_core,NGC6946,13.66,175.0,185.8300559045035
lum_size_core,NGC6946,14.03,174.0,185.67468451411156
lum_size_core,NGC6946,14.31,171.0,185.5775672225296
lum_size_core,NGC6946,14.69,167.0,184.93599600868427
lum_size_core,NGC6946,15.06,165.0,184.14329337932776
lum_size_core,NGC6946,15.44,163.0,183.57282755016334
lum_size_core,NGC6946,15.72,162.0,183.3082733013207
lum_size_core,NGC6946,16.09,161.0,180.68249477123607
lum_size_core,NGC6946,16.47,159.0,180.28677171119296
lum_size_core,NGC6946,16.84,158.0,179.9391468167296
lum_size_core,NGC6946,17.21,157.0,179.5989005787634
lum_size_core,NGC6946,17.5,157.0,179.33205266736806
lum_size_core,NGC6946,17.87,157.0,179.0191700785112
lum_size_core,NGC6946,18.24,160.0,178.73554952286563
lum_size_core,NGC6946,18.62,159.0,178.45523218664448
lum_size_core,NGC6946,18.9,160.0,178.24848677712475
lum_size_core,NGC6946,19.27,158.0,178.03410283065452
lum_size_core,NGC6946,19.65,155.0,177.8589355128249
lum_size_core,NGC6946,20.02,157.0,177.5035603027036
lum_size_core,NGC6946,20.4,154.0,177.18419617779966
lum_size_core,UGC10310,1.1,33.2,29.834393200056862
lum_size_core,UGC10310,2.21,54.6,49.99490314584102
lum_size_core,UGC10310,3.31,65.7,61.060209036672774
lum_size_core,UGC10310,4.42,69.2,68.09097528855747
lum_size_core,UGC10310,5.52,70.9,74.47993641927901
lum_size_core,UGC10310,6.64,72.4,78.40235573846563
lum_size_core,UGC10310,7.74,73.2,79.82644835775038
lum_size_core,F565-V2,1.26,21.7,23.098164334746674
lum_size_core,F565-V2,2.51,40.3,38.729055003655716
lum_size_core,F565-V2,3.78,57.7,48.45460888186326
lum_size_core,F565-V2,5.03,68.5,54.55869836631161
lum_size_core,F565-V2,6.29,73.5,59.52654343193492
lum_size_core,F565-V2,7.54,78.5,63.210433692618324
lum_size_core,F565-V2,8.8,83.1,65.7301469342582
lum_size_core,F583-4,0.22,10.7,6.572321929846485
lum_size_core,F583-4,0.76,24.7,21.52310753574749
lum_size_core,F583-4,1.31,38.9,34.037173068677966
lum_size_core,F583-4,1.94,42.7,44.51584727752451
lum_size_core,F583-4,3.92,55.0,62.664386027272506
lum_size_core,F583-4,4.35,57.2,64.91656973267806
lum_size_core,F583-4,5.0,59.8,67.93360074927287
lum_size_core,F583-4,5.05,62.5,68.12252108043816
lum_size_core,F583-4,5.83,61.8,70.7262636916209
lum_size_core,F583-4,6.09,64.4,71.48899157367994
lum_size_core,F583-4,6.74,67.2,73.64619454658722
lum_size_core,F583-4,7.29,69.9,74.44849684770432
lum_size_core,NGC7331,2.67,221.0,259.9674595680203
lum_size_core,NGC7331,3.21,237.0,274.83234056749825
lum_size_core,NGC7331,3.74,249.0,288.4116163583006
lum_size_core,NGC7331,4.27,250.0,291.3691682922748
lum_size_core,NGC7331,4.81,253.0,291.99663285318667
lum_size_core,NGC7331,5.35,257.0,295.8041362349455
lum_size_core,NGC7331,5.88,257.0,293.7199359830632
lum_size_core,NGC7331,6.41,257.0,292.5410928096901
lum_size_core,NGC7331,7.48,257.0,287.57042575801876
lum_size_core,NGC7331,8.55,255.0,278.82565320082597
lum_size_core,NGC7331,9.62,248.0,275.28919471684134
lum_size_core,NGC7331,10.66,247.0,272.62935770609363
lum_size_core,NGC7331,11.74,246.0,270.15532676158574
lum_size_core,NGC7331,12.83,244.0,269.2986437983879
lum_size_core,NGC7331,13.91,242.0,268.2194181281455
lum_size_core,NGC7331,15.0,238.0,266.7128115264116
lum_size_core,NGC7331,16.08,236.0,265.56025821929023
lum_size_core,NGC7331,17.07,233.0,265.0799419212464
lum_size_core,NGC7331,18.15,234.0,265.3636767501321
lum_size_core,NGC7331,19.24,236.0,266.01372500247544
lum_size_core,NGC7331,20.32,237.0,266.061602798396
lum_size_core,NGC7331,21.41,238.0,264.9485191440535
lum_size_core,NGC7331,22.49,240.0,263.8489879118624
lum_size_core,NGC7331,23.48,238.0,263.08652276303815
lum_size_core,NGC7331,24.57,237.0,261.67653540872436
lum_size_core,NGC7331,25.65,236.0,260.4900312737418
lum_size_core,NGC7331,26.74,238.0,259.52024975867545
lum_size_core,NGC7331,27.82,239.0,258.4510774943153
lum_size_core,NGC7331,28.91,239.0,257.27290414152424
lum_size_core,NGC7331,29.89,241.0,256.2067272380857
lum_size_core,NGC7331,30.98,236.0,255.1267843436104
lum_size_core,NGC7331,32.06,236.0,254.3242224979429
lum_size_core,NGC7331,33.15,239.0,253.78399088826137
lum_size_core,NGC7331,34.23,237.0,253.26681490972027
lum_size_core,NGC7331,35.32,241.0,252.66180070504728
lum_size_core,NGC7331,36.31,238.0,251.7418321219639
lum_size_core,NGC2955,0.75,169.0,141.7679754720797
lum_size_core,NGC2955,1.55,203.0,193.13902299358867
lum_size_core,NGC2955,2.3,232.0,217.00328131215616
lum_size_core,NGC2955,3.06,256.0,240.63224213069793
lum_size_core,NGC2955,3.85,248.0,251.932482682222
lum_size_core,NGC2955,4.61,253.0,256.0077219420108
lum_size_core,NGC2955,5.36,269.0,256.08872878941685
lum_size_core,NGC2955,6.12,268.0,255.29909518302205
lum_size_core,NGC2955,6.91,260.0,255.22833371226054
lum_size_core,NGC2955,7.66,245.0,256.5315593067679
lum_size_core,NGC2955,8.42,247.0,255.51953907057728
lum_size_core,NGC2955,8.86,267.0,254.057563025123
lum_size_core,NGC2955,9.21,255.0,252.56872667117398
lum_size_core,NGC2955,10.82,253.0,247.20119481833572
lum_size_core,NGC2955,11.56,271.0,245.5118408290896
lum_size_core,NGC2955,12.4,276.0,244.04519339372513
lum_size_core,NGC2955,14.17,275.0,245.5105386505937
lum_size_core,NGC2955,16.88,275.0,246.9368552689772
lum_size_core,NGC2955,19.49,276.0,252.12836726707792
lum_size_core,NGC2955,22.19,267.0,254.3007062047629
lum_size_core,NGC2955,24.8,257.0,255.6797902942437
lum_size_core,NGC2955,27.51,254.0,256.50507137972556
lum_size_core,NGC2955,30.12,248.0,257.60720464826403
lum_size_core,NGC2955,35.43,227.0,262.02652202550905
lum_size_core,UGCA442,0.42,14.2,11.156710705359883
lum_size_core,UGCA442,1.26,28.6,27.99158873138639
lum_size_core,UGCA442,2.11,41.0,38.31953856216213
lum_size_core,UGCA442,2.96,49.0,43.47144863079687
lum_size_core,UGCA442,3.79,54.8,45.943192407653875
lum_size_core,UGCA442,4.65,56.4,46.9441192967375
lum_size_core,UGCA442,5.48,57.8,47.016508432344686
lum_size_core,UGCA442,6.33,56.5,47.08336012385537
lum_size_core,NGC2976,0.11,6.8,9.872499686882952
lum_size_core,NGC2976,0.17,9.5,13.435498033314637
lum_size_core,NGC2976,0.24,14.0,17.635427032375414
lum_size_core,NGC2976,0.31,19.8,21.516050678807957
lum_size_core,NGC2976,0.38,26.1,25.119842213610752
lum_size_core,NGC2976,0.45,28.7,28.590013956191466
lum_size_core,NGC2976,0.52,28.7,32.01515409281162
lum_size_core,NGC2976,0.59,31.7,35.37325387955022
lum_size_core,NGC2976,0.66,35.5,38.599740739167075
lum_size_core,NGC2976,0.73,39.4,41.69551927414053
lum_size_core,NGC2976,0.8,42.9,44.658177452711996
lum_size_core,NGC2976,0.87,46.0,47.52828415480167
lum_size_core,NGC2976,0.94,49.1,50.437260928348536
lum_size_core,NGC2976,1.01,49.2,53.58108340634469
lum_size_core,NGC2976,1.08,51.4,56.7735835978966
lum_size_core,NGC2976,1.14,57.2,59.45114390113198
lum_size_core,NGC2976,1.21,63.8,62.76076025674303
lum_size_core,NGC2976,1.29,67.8,66.46670917859132
lum_size_core,NGC2976,1.35,69.8,69.2025564753938
lum_size_core,NGC2976,1.42,71.7,72.12691665569531
lum_size_core,NGC2976,1.49,74.1,74.9053588716714
lum_size_core,NGC2976,1.56,76.7,77.55185351354486
lum_size_core,NGC2976,1.63,79.9,79.722833559448
lum_size_core,NGC2976,1.74,83.6,82.31485289269122
lum_size_core,NGC2976,1.93,83.9,82.86309345041292
lum_size_core,NGC2976,2.1,88.7,82.89845616912616
lum_size_core,NGC2976,2.27,85.3,83.27148408282682
lum_size_core,DDO154,0.49,13.8,20.614035686930716
lum_size_core,DDO154,0.99,21.6,28.09985146399993
lum_size_core,DDO154,1.48,28.9,31.324390136598858
lum_size_core,DDO154,1.97,34.3,33.3573271225887
lum_size_core,DDO154,2.47,38.2,34.61518118684234
lum_size_core,DDO154,2.96,42.0,35.68618740416072
lum_size_core,DDO154,3.46,44.6,36.67015849250089
lum_size_core,DDO154,3.95,46.3,37.06810737407707
lum_size_core,DDO154,4.44,47.4,37.06217139715922
lum_size_core,DDO154,4.94,48.2,36.97383444359727
lum_size_core,DDO154,5.43,47.4,36.81752752862316
lum_size_core,DDO154,5.92,45.5,36.655619888988994
lum_size_core,DDO170,1.87,27.7,33.98805323777448
lum_size_core,DDO170,3.36,42.4,47.47988506024264
lum_size_core,DDO170,4.86,52.5,55.687751002155565
lum_size_core,DDO170,6.35,55.6,60.88880545907034
lum_size_core,DDO170,7.85,58.6,64.29543979309446
lum_size_core,DDO170,9.34,59.0,66.1698619038476
lum_size_core,DDO170,10.83,60.0,66.99914777563954
lum_size_core,DDO170,12.33,62.2,67.21582723636922
lum_size_core,NGC7814,0.63,265.0,291.059187098036
lum_size_core,NGC7814,1.72,250.0,262.78729935829017
lum_size_core,NGC7814,2.79,233.0,239.89156693894583
lum_size_core,NGC7814,3.91,230.0,228.48011213125875
lum_size_core,NGC7814,5.03,228.0,220.7196640300294
lum_size_core,NGC7814,6.14,228.0,213.89349048944288
lum_size_core,NGC7814,7.26,227.0,208.32823135841275
lum_size_core,NGC7814,8.37,226.0,204.55236279358928
lum_size_core,NGC7814,9.5,223.0,201.34673825255476
lum_size_core,NGC7814,10.65,219.0,198.7006346924894
lum_size_core,NGC7814,11.74,216.0,196.47138064343514
lum_size_core,NGC7814,12.82,214.0,194.32586276615322
lum_size_core,NGC7814,14.01,214.0,192.06699010114434
lum_size_core,NGC7814,15.09,214.0,190.63836018956317
lum_size_core,NGC7814,16.18,214.0,189.54060001884238
lum_size_core,NGC7814,17.36,214.0,188.21009236512106
lum_size_core,NGC7814,18.44,214.0,187.12993260232207
lum_size_core,NGC7814,19.53,214.0,186.15759057468188
lum_size_core,F583-1,0.26,14.6,5.950739373998862
lum_size_core,F583-1,0.44,10.0,9.866443363054785
lum_size_core,F583-1,0.77,10.7,16.588372587585496
lum_size_core,F583-1,0.89,17.4,18.81070296417781
lum_size_core,F583-1,1.22,23.5,24.277184210927015
lum_size_core,F583-1,1.55,31.0,28.838784826635077
lum_size_core,F583-1,1.8,32.3,31.80390008076938
lum_size_core,F583-1,2.21,40.9,36.50814226388481
lum_size_core,F583-1,2.31,43.8,37.5958631941378
lum_size_core,F583-1,2.54,44.8,39.95680573828026
lum_size_core,F583-1,3.1,51.7,45.02496014896762
lum_size_core,F583-1,3.43,55.7,47.78927102196406
lum_size_core,F583-1,3.86,59.4,50.931659508176985
lum_size_core,F583-1,4.09,62.0,52.42050354673605
lum_size_core,F583-1,4.37,63.0,54.12030938876872
lum_size_core,F583-1,4.76,66.6,56.28310916223124
lum_size_core,F583-1,5.4,71.3,59.47269570475407
lum_size_core,F583-1,5.86,72.3,61.503102198652314
lum_size_core,F583-1,6.08,73.4,62.37842106014023
lum_size_core,F583-1,6.43,72.4,63.74092765039455
lum_size_core,F583-1,6.97,77.1,65.79556297892817
lum_size_core,F583-1,7.96,80.3,69.10538998944968
lum_size_core,F583-1,10.29,84.7,75.14361791187937
lum_size_core,F583-1,15.49,86.9,82.09189443351866
lum_size_core,F583-1,16.26,85.8,82.50579385193576
lum_size_core,F568-3,0.64,12.4,13.346101576637283
lum_size_core,F568-3,1.18,21.9,22.56086065087845
lum_size_core,F568-3,1.8,32.3,31.94822498740209
lum_size_core,F568-3,2.03,37.9,35.18714068416882
lum_size_core,F568-3,2.78,53.1,45.37109126890439
lum_size_core,F568-3,3.0,62.4,48.128715981863344
lum_size_core,F568-3,3.64,68.0,55.61696728876309
lum_size_core,F568-3,4.19,78.0,61.47329354925356
lum_size_core,F568-3,4.6,82.3,65.15732250176698
lum_size_core,F568-3,5.14,85.7,69.56231534335656
lum_size_core,F568-3,5.39,85.5,71.64226490161047
lum_size_core,F568-3,6.31,89.5,78.90001154843188
lum_size_core,F568-3,9.1,95.2,94.8861314837737
lum_size_core,F568-3,10.17,97.5,99.64296944690702
lum_size_core,F568-3,11.99,101.0,105.7813346720123
lum_size_core,F568-3,14.02,107.0,110.72452941992945
lum_size_core,F568-3,15.94,117.0,114.61966664127573
lum_size_core,F568-3,17.98,120.0,117.53293395560785
lum_size_core,UGC04499,0.91,26.0,30.3352824313784
lum_size_core,UGC04499,1.82,45.1,45.60272579892021
lum_size_core,UGC04499,2.73,57.0,56.5987558292906
lum_size_core,UGC04499,3.63,62.0,64.85088502387765
lum_size_core,UGC04499,4.55,66.9,69.64805576459636
lum_size_core,UGC04499,5.45,70.6,73.01849410121507
lum_size_core,UGC04499,6.37,72.8,75.13551950381151
lum_size_core,UGC04499,7.28,73.3,77.68309512587084
lum_size_core,UGC04499,8.18,74.3,79.3550855906429
lum_size_core,UGC06399,0.87,24.8,24.69699035455103
lum_size_core,UGC06399,1.74,46.2,42.864649414891325
lum_size_core,UGC06399,2.61,60.5,54.52044408027937
lum_size_core,UGC06399,3.5,69.6,64.10436828575263
lum_size_core,UGC06399,4.37,77.5,70.17186022453852
lum_size_core,UGC06399,5.24,82.9,74.85309481599668
lum_size_core,UGC06399,6.11,84.1,78.19773018341654
lum_size_core,UGC06399,6.98,85.6,80.4767716811409
lum_size_core,UGC06399,7.85,87.6,82.16376847438092
lum_size_core,NGC0055,1.23,28.7,27.328121883196562
lum_size_core,NGC0055,1.84,37.6,35.75241854487479
lum_size_core,NGC0055,2.46,43.1,42.74074762779092
lum_size_core,NGC0055,3.07,50.1,49.026670317513435
lum_size_core,NGC0055,3.68,58.1,54.96608728885049
lum_size_core,NGC0055,4.3,64.6,60.53886373101261
lum_size_core,NGC0055,4.91,68.5,65.14766849388516
lum_size_core,NGC0055,5.52,72.3,69.25616023135886
lum_size_core,NGC0055,6.14,74.2,72.98879479976137
lum_size_core,NGC0055,6.75,78.9,76.31664489185607
lum_size_core,NGC0055,7.37,82.4,79.46821339897812
lum_size_core,NGC0055,7.98,84.3,82.30879901470864
lum_size_core,NGC0055,8.59,85.4,85.0496007269004
lum_size_core,NGC0055,9.21,85.3,87.34786110231418
lum_size_core,NGC0055,9.82,86.8,89.20275770637456
lum_size_core,NGC0055,10.43,85.4,90.81268549296227
lum_size_core,NGC0055,11.05,85.4,92.0792787122181
lum_size_core,NGC0055,11.66,86.2,93.26660102154565
lum_size_core,NGC0055,12.28,86.1,94.68486205385933
lum_size_core,NGC0055,12.89,87.4,96.11908156153008
lum_size_core,NGC0055,13.5,86.5,97.59599387840528
lum_size_core,UGC07559,0.36,9.31,14.94571335771535
lum_size_core,UGC07559,0.72,15.9,24.820559707306526
lum_size_core,UGC07559,1.08,21.4,30.31786392481135
lum_size_core,UGC07559,1.45,26.1,33.92080739377886
lum_size_core,UGC07559,1.8,29.7,36.30056685952659
lum_size_core,UGC07559,2.17,31.1,38.38327852671683
lum_size_core,UGC07559,2.53,32.1,40.176849306711674
lum_size_core,UGC07524,0.35,14.4,12.218746304415166
lum_size_core,UGC07524,0.69,24.4,16.60350881981882
lum_size_core,UGC07524,1.03,29.2,21.261623722998344
lum_size_core,UGC07524,1.38,32.9,25.78166965407962
lum_size_core,UGC07524,1.72,37.8,30.4319798174391
lum_size_core,UGC07524,2.07,42.0,35.092556763543435
lum_size_core,UGC07524,2.41,45.1,39.234330043294804
lum_size_core,UGC07524,2.76,47.6,43.6822586404434
lum_size_core,UGC07524,3.1,52.3,47.49264957141289
lum_size_core,UGC07524,3.45,57.3,51.173598543386674
lum_size_core,UGC07524,3.79,61.4,54.51018994716704
lum_size_core,UGC07524,4.14,64.5,57.77962996022009
lum_size_core,UGC07524,4.48,66.4,60.54034992141303
lum_size_core,UGC07524,4.82,66.9,62.91651462765158
lum_size_core,UGC07524,5.17,69.4,65.16870612570966
lum_size_core,UGC07524,5.51,70.2,66.93521956662019
lum_size_core,UGC07524,5.86,70.9,68.57611602255541
lum_size_core,UGC07524,6.2,72.3,70.3015438888283
lum_size_core,UGC07524,6.55,73.9,72.1173225083833
lum_size_core,UGC07524,6.89,75.0,73.85728005322478
lum_size_core,UGC07524,7.25,75.5,75.6052064394765
lum_size_core,UGC07524,7.58,77.1,77.19986625840188
lum_size_core,UGC07524,7.94,77.0,78.87723927299848
lum_size_core,UGC07524,8.27,77.0,80.41621857956018
lum_size_core,UGC07524,8.63,78.2,82.02114996380662
lum_size_core,UGC07524,8.97,79.6,83.33431250750854
lum_size_core,UGC07524,9.3,80.3,84.53047599142393
lum_size_core,UGC07524,9.66,81.2,85.68807868546497
lum_size_core,UGC07524,9.99,82.3,86.6708896238992
lum_size_core,UGC07524,10.35,83.8,87.67422143527492
lum_size_core,UGC07524,10.69,79.0,88.28168043277006
lum_size_core,NGC5907,5.03,214.0,158.99590508233825
lum_size_core,NGC5907,7.55,220.0,192.5407289529015
lum_size_core,NGC5907,10.07,235.0,215.67367222107947
lum_size_core,NGC5907,12.58,235.0,228.4575168145419
lum_size_core,NGC5907,15.1,230.0,232.07497555421722
lum_size_core,NGC5907,17.61,231.0,234.87872972967486
lum_size_core,NGC5907,20.13,232.0,237.3013010311632
lum_size_core,NGC5907,22.65,225.0,238.72622853705883
lum_size_core,NGC5907,25.16,224.0,236.54652064971415
lum_size_core,NGC5907,27.68,229.0,236.42294179420676
lum_size_core,NGC5907,30.2,218.0,238.00910881730792
lum_size_core,NGC5907,32.71,214.0,236.71455528578306
lum_size_core,NGC5907,35.23,213.0,237.06547713173677
lum_size_core,NGC5907,37.75,211.0,235.77578773693767
lum_size_core,NGC5907,40.26,217.0,235.70778444886565
lum_size_core,NGC5907,42.78,216.0,234.73796501863967
lum_size_core,NGC5907,45.29,215.0,234.45189234919937
lum_size_core,NGC5907,47.81,217.0,234.14575406704904
lum_size_core,NGC5907,50.33,214.0,234.6258280436048
lum_size_core,DDO161,0.6,16.0,19.6482573826121
lum_size_core,DDO161,0.73,16.6,23.098629577869207
lum_size_core,DDO161,0.85,18.6,25.983884124984648
lum_size_core,DDO161,0.98,20.0,29.063452503773927
lum_size_core,DDO161,1.07,21.4,31.05438554295316
lum_size_core,DDO161,1.54,28.9,39.79653672341508
lum_size_core,DDO161,2.02,32.9,46.28012965948116
lum_size_core,DDO161,2.49,35.2,50.85195223093297
lum_size_core,DDO161,2.96,37.6,54.06045980311985
lum_size_core,DDO161,3.43,40.6,56.372216544238164
lum_size_core,DDO161,3.9,42.7,58.26685495571325
lum_size_core,DDO161,4.37,45.5,59.72091957749999
lum_size_core,DDO161,4.86,48.9,60.9637208733231
lum_size_core,DDO161,5.34,51.5,61.98396637075152
lum_size_core,DDO161,5.81,53.0,62.794619490032936
lum_size_core,DDO161,6.28,55.0,63.57517766449569
lum_size_core,DDO161,6.75,57.6,64.28311300441263
lum_size_core,DDO161,7.22,59.7,64.99986324327644
lum_size_core,DDO161,7.69,60.5,65.74791824114087
lum_size_core,DDO161,8.16,61.8,66.46508529674293
lum_size_core,DDO161,8.64,62.9,67.01945864711696
lum_size_core,DDO161,9.11,63.0,67.55039420460454
lum_size_core,DDO161,9.58,64.5,67.84344183067755
lum_size_core,DDO161,10.05,65.6,68.04479422244884
lum_size_core,DDO161,10.52,67.5,67.94541221153057
lum_size_core,DDO161,10.99,66.8,67.76974548023419
lum_size_core,DDO161,11.46,66.8,67.51901720495704
lum_size_core,DDO161,11.94,66.6,67.2722585322156
lum_size_core,DDO161,12.41,66.8,67.02282498196483
lum_size_core,DDO161,12.9,66.3,66.8448912549122
lum_size_core,DDO161,13.37,66.1,66.5974955924976
lum_size_core,UGC02916,0.37,183.0,103.91743449857317
lum_size_core,UGC02916,0.74,196.0,161.43239895683203
lum_size_core,UGC02916,1.11,205.0,185.5030676690199
lum_size_core,UGC02916,1.48,211.0,204.49817438283551
lum_size_core,UGC02916,1.84,214.0,221.47089263107662
lum_size_core,UGC02916,2.21,214.0,235.42794406493286
lum_size_core,UGC02916,2.6,213.0,242.74103983620927
lum_size_core,UGC02916,2.96,211.0,240.77799602919234
lum_size_core,UGC02916,3.17,210.0,241.68742386405478
lum_size_core,UGC02916,3.33,209.0,241.23711693862433
lum_size_core,UGC02916,3.7,207.0,239.82983397172134
lum_size_core,UGC02916,4.07,206.0,237.68058674609262
lum_size_core,UGC02916,4.44,205.0,234.8147422930075
lum_size_core,UGC02916,4.81,205.0,231.66302682179085
lum_size_core,UGC02916,5.18,206.0,228.6030403143384
lum_size_core,UGC02916,5.55,207.0,225.348203421068
lum_size_core,UGC02916,5.92,208.0,222.54897086415343
lum_size_core,UGC02916,6.28,210.0,220.39678474916306
lum_size_core,UGC02916,6.34,210.0,220.11272950660097
lum_size_core,UGC02916,6.65,212.0,218.7874756363622
lum_size_core,UGC02916,7.03,214.0,217.5185930487766
lum_size_core,UGC02916,7.39,215.0,216.56667516739662
lum_size_core,UGC02916,7.77,216.0,215.693875238454
lum_size_core,UGC02916,8.14,217.0,215.21900403144164
lum_size_core,UGC02916,8.51,218.0,214.76314723336353
lum_size_core,UGC02916,8.88,218.0,214.37051502033302
lum_size_core,UGC02916,9.25,218.0,214.30142168874536
lum_size_core,UGC02916,9.52,218.0,214.16957095598121
lum_size_core,UGC02916,9.62,218.0,214.13000791693813
lum_size_core,UGC02916,9.99,217.0,214.04724749423826
lum_size_core,UGC02916,10.4,217.0,213.99590224956466
lum_size_core,UGC02916,10.71,216.0,214.13096822473116
lum_size_core,UGC02916,11.12,215.0,214.24915456183098
lum_size_core,UGC02916,12.67,212.0,215.289932689853
lum_size_core,UGC02916,12.98,211.0,215.57976369068484
lum_size_core,UGC02916,15.86,209.0,218.8029413676527
lum_size_core,UGC02916,19.05,215.0,223.20344484313736
lum_size_core,UGC02916,22.14,215.0,226.84103060970173
lum_size_core,UGC02916,25.34,210.0,228.2384743013526
lum_size_core,UGC02916,28.53,196.0,227.93231049261314
lum_size_core,UGC02916,31.72,185.0,226.7586775981716
lum_size_core,UGC02916,34.91,182.0,226.35293819131394
lum_size_core,UGC02916,38.0,181.0,225.9487743171785
lum_size_core,F571-8,0.22,12.4,27.432592867504077
lum_size_core,F571-8,0.78,37.5,62.51052922564496
lum_size_core,F571-8,1.33,56.5,77.84597844409522
lum_size_core,F571-8,2.33,69.1,91.11193728490431
lum_size_core,F571-8,3.44,85.5,94.59551827314034
lum_size_core,F571-8,3.78,87.1,94.88400660818373
lum_size_core,F571-8,4.77,105.0,95.29081920146214
lum_size_core,F571-8,5.44,112.0,96.60808559449596
lum_size_core,F571-8,6.11,116.0,97.99757335363145
lum_size_core,F571-8,7.22,124.0,101.05587638063545
lum_size_core,F571-8,9.33,135.0,105.72726768477088
lum_size_core,F571-8,11.1,140.0,108.99969753114661
lum_size_core,F571-8,15.55,144.0,114.12733025929187
lum_size_core,UGC06786,0.16,160.0,100.22243821359143
lum_size_core,UGC06786,0.32,177.0,154.7123144238569
lum_size_core,UGC06786,0.49,180.0,170.05572461907087
lum_size_core,UGC06786,0.65,180.0,175.91535538228732
lum_size_core,UGC06786,1.3,182.0,177.78559223084002
lum_size_core,UGC06786,1.46,183.0,177.01081151363005
lum_size_core,UGC06786,1.62,184.0,176.3213874393367
lum_size_core,UGC06786,3.72,206.0,173.29975735161742
lum_size_core,UGC06786,3.89,207.0,174.23844791294925
lum_size_core,UGC06786,4.05,209.0,175.15170038694754
lum_size_core,UGC06786,4.22,210.0,176.50570297338749
lum_size_core,UGC06786,4.26,210.0,176.86814092839248
lum_size_core,UGC06786,4.38,211.0,177.99853693119414
lum_size_core,UGC06786,4.54,213.0,179.74548808287037
lum_size_core,UGC06786,4.71,214.0,181.94044788164726
lum_size_core,UGC06786,4.86,215.0,183.8640386167446
lum_size_core,UGC06786,5.02,215.0,185.70608606265708
lum_size_core,UGC06786,5.18,216.0,187.16766272648914
lum_size_core,UGC06786,5.35,217.0,188.45738572197877
lum_size_core,UGC06786,5.51,217.0,189.37434444216842
lum_size_core,UGC06786,5.68,218.0,190.0064069222525
lum_size_core,UGC06786,5.84,218.0,190.46420860975226
lum_size_core,UGC06786,6.0,219.0,190.85548606356218
lum_size_core,UGC06786,6.15,219.0,191.24612342668786
lum_size_core,UGC06786,6.48,219.0,192.13388008770966
lum_size_core,UGC06786,6.64,219.0,192.4429874819535
lum_size_core,UGC06786,6.81,220.0,192.66892729123032
lum_size_core,UGC06786,7.1,220.0,192.92619825436054
lum_size_core,UGC06786,7.13,220.0,192.91965741438534
lum_size_core,UGC06786,8.52,220.0,190.2012211612982
lum_size_core,UGC06786,10.66,225.0,188.9628532290828
lum_size_core,UGC06786,11.99,228.0,188.93373510963005
lum_size_core,UGC06786,12.1,228.0,188.94746447569267
lum_size_core,UGC06786,12.33,228.0,188.94411426030433
lum_size_core,UGC06786,12.78,229.0,188.98288767675905
lum_size_core,UGC06786,14.93,228.0,188.86655727814494
lum_size_core,UGC06786,17.08,226.0,188.28609299623648
lum_size_core,UGC06786,19.23,226.0,187.59065218478824
lum_size_core,UGC06786,21.27,227.0,186.747060251391
lum_size_core,UGC06786,23.42,227.0,186.27123223231257
lum_size_core,UGC06786,25.57,224.0,185.59079298527922
lum_size_core,UGC06786,27.72,218.0,184.92398023246415
lum_size_core,UGC06786,29.87,215.0,184.48350050487772
lum_size_core,UGC06786,32.02,219.0,184.15119674244923
lum_size_core,UGC06786,34.05,211.0,183.93413600748164
lum_size_core,NGC3949,1.74,123.0,120.41065492403095
lum_size_core,NGC3949,2.61,145.0,143.24527408695005
lum_size_core,NGC3949,3.5,152.0,159.76513661533912
lum_size_core,NGC3949,4.37,157.0,159.59050069173878
lum_size_core,NGC3949,5.24,161.0,160.083998786639
lum_size_core,NGC3949,6.11,165.0,158.8208823867128
lum_size_core,NGC3949,7.07,169.0,158.8838292026371
lum_size_core,UGC03205,0.28,107.0,77.64208845413485
lum_size_core,UGC03205,0.55,121.0,122.97644951471919
lum_size_core,UGC03205,0.83,134.0,140.53734209324844
lum_size_core,UGC03205,1.39,157.0,155.35698294466928
lum_size_core,UGC03205,1.65,168.0,161.39217367896455
lum_size_core,UGC03205,3.04,207.0,174.41462263118413
lum_size_core,UGC03205,3.32,213.0,175.8543478335391
lum_size_core,UGC03205,3.59,218.0,178.04914836039512
lum_size_core,UGC03205,3.87,222.0,181.0945542267346
lum_size_core,UGC03205,4.15,226.0,185.41976519511692
lum_size_core,UGC03205,4.43,229.0,189.91476390420243
lum_size_core,UGC03205,4.7,232.0,193.69624225823551
lum_size_core,UGC03205,4.97,234.0,196.79224120333382
lum_size_core,UGC03205,5.25,235.0,199.67918504689746
lum_size_core,UGC03205,5.52,236.0,202.9259752267593
lum_size_core,UGC03205,5.8,237.0,206.34293211613382
lum_size_core,UGC03205,6.08,237.0,209.4483874538378
lum_size_core,UGC03205,6.36,237.0,212.33348442988157
lum_size_core,UGC03205,6.63,236.0,214.42897892026357
lum_size_core,UGC03205,6.91,236.0,216.1744004604857
lum_size_core,UGC03205,7.19,235.0,217.5162303117695
lum_size_core,UGC03205,7.27,234.0,217.8024841795414
lum_size_core,UGC03205,7.46,234.0,218.41728763326168
lum_size_core,UGC03205,8.02,231.0,219.98453994961667
lum_size_core,UGC03205,8.29,229.0,220.5321664580203
lum_size_core,UGC03205,8.56,228.0,220.9824879544855
lum_size_core,UGC03205,8.84,226.0,221.20575288363335
lum_size_core,UGC03205,9.12,224.0,221.38857829807003
lum_size_core,UGC03205,9.69,221.0,221.355509653161
lum_size_core,UGC03205,12.11,216.0,218.30754190547438
lum_size_core,UGC03205,14.58,220.0,214.95298537113655
lum_size_core,UGC03205,14.68,220.0,214.8164899661548
lum_size_core,UGC03205,15.2,221.0,214.22435822436984
lum_size_core,UGC03205,15.5,221.0,213.99909992598612
lum_size_core,UGC03205,15.71,221.0,213.90772459089726
lum_size_core,UGC03205,16.02,221.0,213.72588356567894
lum_size_core,UGC03205,16.32,221.0,213.54018381814475
lum_size_core,UGC03205,16.53,221.0,213.47849373499503
lum_size_core,UGC03205,16.84,221.0,213.356873595876
lum_size_core,UGC03205,16.94,221.0,213.35548323744234
lum_size_core,UGC03205,19.4,218.0,212.31818858556733
lum_size_core,UGC03205,21.77,216.0,211.51438789550028
lum_size_core,UGC03205,24.23,215.0,210.08173377900792
lum_size_core,UGC03205,26.69,212.0,208.65046548664776
lum_size_core,UGC03205,29.06,208.0,207.09537724019893
lum_size_core,UGC03205,31.52,209.0,205.58311970093698
lum_size_core,UGC03205,36.34,220.0,203.1472003498995
lum_size_core,UGC03205,40.04,220.0,201.4298498611128
lum_size_core,UGC07323,0.58,23.9,20.87904444335623
lum_size_core,UGC07323,1.17,34.7,36.46159244035463
lum_size_core,UGC07323,1.75,42.8,48.2263909073037
lum_size_core,UGC07323,2.33,51.3,57.41334568701263
lum_size_core,UGC07323,2.91,57.7,65.47857136994823
lum_size_core,UGC07323,3.5,67.3,72.18646734226398
lum_size_core,UGC07323,4.07,75.4,78.01035602130467
lum_size_core,UGC07323,4.65,79.5,83.58169988332821
lum_size_core,UGC07323,5.23,82.8,87.10789830954575
lum_size_core,UGC07323,5.82,85.6,89.46963688836969
lum_size_core,UGC09992,0.78,28.1,25.8955174909525
lum_size_core,UGC09992,1.55,31.3,37.9769808180266
lum_size_core,UGC09992,2.34,33.0,44.87760737093472
lum_size_core,UGC09992,3.12,33.4,49.272107961731884
lum_size_core,UGC09992,3.89,34.3,51.4291747826687
acceleration,UGC08699,0.22,152.0,141.39536330197106
acceleration,UGC08699,0.43,167.0,207.76910806305995
acceleration,UGC08699,0.65,179.0,228.28752387044045
acceleration,UGC08699,0.87,188.0,227.82778527166877
acceleration,UGC08699,1.08,195.0,222.23326181314627
acceleration,UGC08699,1.31,199.0,215.92655225439913
acceleration,UGC08699,1.52,202.0,209.68270238609168
acceleration,UGC08699,1.73,202.0,204.1847200705819
acceleration,UGC08699,1.96,202.0,199.76861500968963
acceleration,UGC08699,2.17,200.0,196.9153371864403
acceleration,UGC08699,2.39,196.0,194.23526681205175
acceleration,UGC08699,2.6,193.0,191.86776029606548
acceleration,UGC08699,2.83,189.0,188.7221583578093
acceleration,UGC08699,3.04,184.0,185.65053754284523
acceleration,UGC08699,5.87,170.0,165.65273889292504
acceleration,UGC08699,6.08,172.0,165.82441116829094
acceleration,UGC08699,6.3,174.0,166.09533462392903
acceleration,UGC08699,6.52,176.0,166.44324375663888
acceleration,UGC08699,6.74,178.0,166.797537474308
acceleration,UGC08699,6.95,180.0,167.15503930232205
acceleration,UGC08699,7.16,182.0,167.6401605474645
acceleration,UGC08699,7.39,183.0,168.31101791819026
acceleration,UGC08699,7.6,184.0,169.19100115524694
acceleration,UGC08699,7.82,185.0,170.1840122218344
acceleration,UGC08699,8.03,186.0,171.20035281908625
acceleration,UGC08699,8.26,187.0,172.32632217664093
acceleration,UGC08699,8.47,187.0,173.3233213285637
acceleration,UGC08699,8.68,188.0,174.14812637226655
acceleration,UGC08699,8.91,188.0,174.79100678146662
acceleration,UGC08699,9.53,187.0,174.73473133163245
acceleration,UGC08699,9.78,187.0,174.33747070210518
acceleration,UGC08699,9.99,186.0,173.843416247554
acceleration,UGC08699,10.21,186.0,173.15332339218983
acceleration,UGC08699,11.46,182.0,169.21330461304512
acceleration,UGC08699,13.39,177.0,164.9896777776652
acceleration,UGC08699,15.21,175.0,162.32831425742077
acceleration,UGC08699,17.13,177.0,159.8332361296422
acceleration,UGC08699,19.06,180.0,157.93730316799494
acceleration,UGC08699,20.99,181.0,156.48118462639206
acceleration,UGC08699,22.92,182.0,154.91420842134193
acceleration,UGC08699,25.7,183.0,152.27443793472767
acceleration,UGC02885,1.7,305.0,254.05018156282063
acceleration,UGC02885,3.41,257.0,257.11480192496236
acceleration,UGC02885,6.82,256.0,259.17603197582594
acceleration,UGC02885,13.67,271.0,264.3896955536153
acceleration,UGC02885,19.49,282.0,264.5658546538477
acceleration,UGC02885,23.36,287.0,268.73037196722777
acceleration,UGC02885,27.24,283.0,270.35110069805756
acceleration,UGC02885,31.22,280.0,268.85368619428294
acceleration,UGC02885,35.1,280.0,267.6924482582958
acceleration,UGC02885,38.97,281.0,268.97880131353975
acceleration,UGC02885,42.85,282.0,269.74533867190826
acceleration,UGC02885,46.73,287.0,265.5542329009184
acceleration,UGC02885,50.71,292.0,268.2858326058083
acceleration,UGC02885,54.58,298.0,272.8287876551581
acceleration,UGC02885,58.46,298.0,274.44841134608833
acceleration,UGC02885,62.34,298.0,272.9047485487523
acceleration,UGC02885,66.21,298.0,271.8556987096293
acceleration,UGC02885,70.19,298.0,273.50069707165704
acceleration,UGC02885,74.07,298.0,272.9844896410086
acceleration,UGC07151,0.5,24.2,28.651207636950563
acceleration,UGC07151,1.0,42.0,43.06377359312647
acceleration,UGC07151,1.5,59.4,51.31816509963438
acceleration,UGC07151,2.0,63.9,58.204091714007376
acceleration,UGC07151,2.49,66.0,62.68811606649908
acceleration,UGC07151,3.0,67.2,66.06099431756891
acceleration,UGC07151,3.49,68.7,67.3104314920539
acceleration,UGC07151,4.0,71.3,71.61141154296003
acceleration,UGC07151,4.49,72.5,73.98583631410582
acceleration,UGC07151,5.01,74.0,76.69966511176939
acceleration,UGC07151,5.5,76.2,79.5303081168304
acceleration,NGC3877,0.87,37.8,88.01971906543262
acceleration,NGC3877,1.74,80.1,103.7507182961194
acceleration,NGC3877,2.61,121.0,113.57238845953796
acceleration,NGC3877,3.5,142.0,125.77569432061247
acceleration,NGC3877,4.37,153.0,137.963742264095
acceleration,NGC3877,5.24,160.0,153.0906453517782
acceleration,NGC3877,6.11,162.0,171.88215780757432
acceleration,NGC3877,6.98,167.0,183.7788750755355
acceleration,NGC3877,7.85,169.0,189.64805634398056
acceleration,NGC3877,8.72,171.0,194.4710260462103
acceleration,NGC3877,9.6,171.0,197.63682602627517
acceleration,NGC3877,10.47,170.0,195.19589310593943
acceleration,NGC3877,11.35,169.0,193.47359827541607
acceleration,NGC6946,0.19,153.0,202.98969339018424
acceleration,NGC6946,0.56,130.0,160.52891473493966
acceleration,NGC6946,0.94,128.0,148.50270684468316
acceleration,NGC6946,1.22,134.0,146.14240571865236
acceleration,NGC6946,1.59,129.0,148.16584306094524
acceleration,NGC6946,1.96,131.0,150.2891943173564
acceleration,NGC6946,2.34,138.0,155.7229764789804
acceleration,NGC6946,2.71,139.0,164.19368043677025
acceleration,NGC6946,2.99,143.0,166.46064238051645
acceleration,NGC6946,3.37,146.0,170.7609802853661
acceleration,NGC6946,3.74,154.0,173.62960487540323
acceleration,NGC6946,4.12,161.0,176.5506966971487
acceleration,NGC6946,4.4,167.0,179.54325306365072
acceleration,NGC6946,4.77,173.0,183.76498876352193
acceleration,NGC6946,5.15,176.0,188.0561088772206
acceleration,NGC6946,5.52,178.0,193.6142768369176
acceleration,NGC6946,5.89,180.0,195.0991026588465
acceleration,NGC6946,6.17,179.0,193.75894078320596
acceleration,NGC6946,6.55,180.0,194.5590307941361
acceleration,NGC6946,6.92,181.0,196.3848753264378
acceleration,NGC6946,7.3,179.0,195.83530831456596
acceleration,NGC6946,7.58,179.0,194.38877920548617
acceleration,NGC6946,7.95,179.0,192.0461961453246
acceleration,NGC6946,8.33,178.0,189.88733037529883
acceleration,NGC6946,8.7,177.0,189.6392686737189
acceleration,NGC6946,9.08,176.0,189.4522851658323
acceleration,NGC6946,9.36,173.0,188.908631054619
acceleration,NGC6946,9.73,172.0,187.6538182874561
acceleration,NGC6946,10.1,172.0,186.61806028723902
acceleration,NGC6946,10.48,170.0,185.44795988624313
acceleration,NGC6946,10.76,171.0,184.59836189423044
acceleration,NGC6946,11.13,174.0,183.28101190040493
acceleration,NGC6946,11.51,174.0,182.301568491047
acceleration,NGC6946,11.88,175.0,181.41272810421756
acceleration,NGC6946,12.26,174.0,180.70244007842373
acceleration,NGC6946,12.54,173.0,180.28618383937956
acceleration,NGC6946,12.91,173.0,179.78159925149933
acceleration,NGC6946,13.29,173.0,179.4801972713677
acceleration,NGC6946,13.66,175.0,179.31043761243245
acceleration,NGC6946,14.03,174.0,179.03225312202548
acceleration,NGC6946,14.31,171.0,178.8628370826993
acceleration,NGC6946,14.69,167.0,177.78316245340253
acceleration,NGC6946,15.06,165.0,176.43453689354095
acceleration,NGC6946,15.44,163.0,175.45414591905893
acceleration,NGC6946,15.72,162.0,174.99976620569345
acceleration,NGC6946,16.09,161.0,170.30638946095468
acceleration,NGC6946,16.47,159.0,169.5715642378227
acceleration,NGC6946,16.84,158.0,168.92246231567967
acceleration,NGC6946,17.21,157.0,168.2843126670862
acceleration,NGC6946,17.5,157.0,167.78151159521602
acceleration,NGC6946,17.87,157.0,167.18982769523828
acceleration,NGC6946,18.24,160.0,166.652169718398
acceleration,NGC6946,18.62,159.0,166.11915763258293
acceleration,NGC6946,18.9,160.0,165.72438775936266
acceleration,NGC6946,19.27,158.0,165.31885980400526
acceleration,NGC6946,19.65,155.0,164.99338525529663
acceleration,NGC6946,20.02,157.0,164.29640235909773
acceleration,NGC6946,20.4,154.0,163.6672217754455
acceleration,UGC10310,1.1,33.2,30.60477850530609
acceleration,UGC10310,2.21,54.6,48.1373935320418
acceleration,UGC10310,3.31,65.7,57.331404327367046
acceleration,UGC10310,4.42,69.2,64.0084075192391
acceleration,UGC10310,5.52,70.9,73.12480944706397
acceleration,UGC10310,6.64,72.4,78.65202934321779
acceleration,UGC10310,7.74,73.2,79.79883959490178
acceleration,F565-V2,1.26,21.7,24.37796528096582
acceleration,F565-V2,2.51,40.3,37.43746539014309
acceleration,F565-V2,3.78,57.7,46.104124837934926
acceleration,F565-V2,5.03,68.5,52.275714589345945
acceleration,F565-V2,6.29,73.5,59.557933482657845
acceleration,F565-V2,7.54,78.5,65.61286352881717
acceleration,F565-V2,8.8,83.1,69.8323233542426
acceleration,F583-4,0.22,10.7,9.98853465371913
acceleration,F583-4,0.76,24.7,25.1697758073868
acceleration,F583-4,1.31,38.9,36.06140935250545
acceleration,F583-4,1.94,42.7,43.96021258175983
acceleration,F583-4,3.92,55.0,56.839333137077446
acceleration,F583-4,4.35,57.2,58.443376950819996
acceleration,F583-4,5.0,59.8,61.142589642466774
acceleration,F583-4,5.05,62.5,61.28680510732724
acceleration,F583-4,5.83,61.8,63.39729225765917
acceleration,F583-4,6.09,64.4,64.10339997351362
acceleration,F583-4,6.74,67.2,67.1779381471445
acceleration,F583-4,7.29,69.9,67.2236251652707
acceleration,NGC7331,2.67,221.0,279.9645995256517
acceleration,NGC7331,3.21,237.0,295.14752887694885
acceleration,NGC7331,3.74,249.0,308.8377390116698
acceleration,NGC7331,4.27,250.0,311.3010869118406
acceleration,NGC7331,4.81,253.0,311.13309142425624
acceleration,NGC7331,5.35,257.0,314.27785190103225
acceleration,NGC7331,5.88,257.0,311.0432867710524
acceleration,NGC7331,6.41,257.0,308.72409140110733
acceleration,NGC7331,7.48,257.0,301.03387143086377
acceleration,NGC7331,8.55,255.0,288.77795429937686
acceleration,NGC7331,9.62,248.0,282.4373015953992
acceleration,NGC7331,10.66,247.0,277.25077822979455
acceleration,NGC7331,11.74,246.0,272.2973013959473
acceleration,NGC7331,12.83,244.0,269.5212001488008
acceleration,NGC7331,13.91,242.0,266.6275218784853
acceleration,NGC7331,15.0,238.0,263.26770918838884
acceleration,NGC7331,16.08,236.0,260.5032680286111
acceleration,NGC7331,17.07,233.0,258.87537025798616
acceleration,NGC7331,18.15,234.0,258.3871602057005
acceleration,NGC7331,19.24,236.0,258.57536284336476
acceleration,NGC7331,20.32,237.0,258.0108405169181
acceleration,NGC7331,21.41,238.0,255.77198722508768
acceleration,NGC7331,22.49,240.0,253.58969975608335
acceleration,NGC7331,23.48,238.0,251.99911055657802
acceleration,NGC7331,24.57,237.0,249.35020526497735
acceleration,NGC7331,25.65,236.0,247.06023951319966
acceleration,NGC7331,26.74,238.0,245.12759896998801
acceleration,NGC7331,27.82,239.0,243.02595623811362
acceleration,NGC7331,28.91,239.0,240.71590363317654
acceleration,NGC7331,29.89,241.0,238.60319231888428
acceleration,NGC7331,30.98,236.0,236.41720337969926
acceleration,NGC7331,32.06,236.0,234.72729328526805
acceleration,NGC7331,33.15,239.0,233.52854974725196
acceleration,NGC7331,34.23,237.0,232.3791379596724
acceleration,NGC7331,35.32,241.0,231.0541962854141
acceleration,NGC7331,36.31,238.0,229.08869962120386
acceleration,NGC2955,0.75,169.0,156.41378899881425
acceleration,NGC2955,1.55,203.0,213.93846089754334
acceleration,NGC2955,2.3,232.0,241.99799862345495
acceleration,NGC2955,3.06,256.0,269.0389248904116
acceleration,NGC2955,3.85,248.0,283.2110533068343
acceleration,NGC2955,4.61,253.0,289.51455236714565
acceleration,NGC2955,5.36,269.0,291.3386224385149
acceleration,NGC2955,6.12,268.0,291.926271103963
acceleration,NGC2955,6.91,260.0,292.9553626679764
acceleration,NGC2955,7.66,245.0,295.067651328002
acceleration,NGC2955,8.42,247.0,294.5319610700583
acceleration,NGC2955,8.86,267.0,293.18400836895984
acceleration,NGC2955,9.21,255.0,291.70248050257834
acceleration,NGC2955,10.82,253.0,285.7515755227048
acceleration,NGC2955,11.56,271.0,283.507045570959
acceleration,NGC2955,12.4,276.0,281.2266198978353
acceleration,NGC2955,14.17,275.0,280.9496314138811
acceleration,NGC2955,16.88,275.0,278.59515577319075
acceleration,NGC2955,19.49,276.0,280.3317686364558
acceleration,NGC2955,22.19,267.0,277.90636885094085
acceleration,NGC2955,24.8,257.0,274.42012073522426
acceleration,NGC2955,27.51,254.0,269.8270744248884
acceleration,NGC2955,30.12,248.0,265.8020204373207
acceleration,NGC2955,35.43,227.0,261.4900059175049
acceleration,UGCA442,0.42,14.2,14.382758576730193
acceleration,UGCA442,1.26,28.6,31.150136575346238
acceleration,UGCA442,2.11,41.0,42.9749635861121
acceleration,UGCA442,2.96,49.0,48.993942415349515
acceleration,UGCA442,3.79,54.8,51.77004347688306
acceleration,UGCA442,4.65,56.4,52.261301549484095
acceleration,UGCA442,5.48,57.8,50.81904487052472
acceleration,UGCA442,6.33,56.5,49.36241604686955
acceleration,NGC2976,0.11,6.8,13.783587881205893
acceleration,NGC2976,0.17,9.5,17.615015055962434
acceleration,NGC2976,0.24,14.0,21.873793444780368
acceleration,NGC2976,0.31,19.8,25.567862090911262
acceleration,NGC2976,0.38,26.1,28.82057049083948
acceleration,NGC2976,0.45,28.7,31.87742775027517
acceleration,NGC2976,0.52,28.7,34.90357399563795
acceleration,NGC2976,0.59,31.7,37.89502768430841
acceleration,NGC2976,0.66,35.5,40.77399496706954
acceleration,NGC2976,0.73,39.4,43.55115526124436
acceleration,NGC2976,0.8,42.9,46.227979141883644
acceleration,NGC2976,0.87,46.0,48.86621224439179
acceleration,NGC2976,0.94,49.1,51.658657087793365
acceleration,NGC2976,1.01,49.2,54.8846710071104
acceleration,NGC2976,1.08,51.4,58.257188962601084
acceleration,NGC2976,1.14,57.2,61.11725773877203
acceleration,NGC2976,1.21,63.8,64.76898134311512
acceleration,NGC2976,1.29,67.8,68.89211705714939
acceleration,NGC2976,1.35,69.8,71.95969881906863
acceleration,NGC2976,1.42,71.7,75.21400915681596
acceleration,NGC2976,1.49,74.1,78.31299155006457
acceleration,NGC2976,1.56,76.7,81.27457909196258
acceleration,NGC2976,1.63,79.9,83.64843062316585
acceleration,NGC2976,1.74,83.6,86.38205467642015
acceleration,NGC2976,1.93,83.9,86.08446338938894
acceleration,NGC2976,2.1,88.7,85.27184802803511
acceleration,NGC2976,2.27,85.3,84.99377894296177
acceleration,DDO154,0.49,13.8,19.431782704102822
acceleration,DDO154,0.99,21.6,26.69667509059364
acceleration,DDO154,1.48,28.9,30.997023260429977
acceleration,DDO154,1.97,34.3,34.780615587842625
acceleration,DDO154,2.47,38.2,37.5859046073701
acceleration,DDO154,2.96,42.0,40.444439827808374
acceleration,DDO154,3.46,44.6,43.34232540992754
acceleration,DDO154,3.95,46.3,44.84928459959503
acceleration,DDO154,4.44,47.4,45.34120349580528
acceleration,DDO154,4.94,48.2,45.60159703096809
acceleration,DDO154,5.43,47.4,45.609897915445295
acceleration,DDO154,5.92,45.5,45.54312916473712
acceleration,DDO170,1.87,27.7,34.264141544131185
acceleration,DDO170,3.36,42.4,45.607623905517165
acceleration,DDO170,4.86,52.5,55.16140684581819
acceleration,DDO170,6.35,55.6,62.50906814993392
acceleration,DDO170,7.85,58.6,67.93549853826106
acceleration,DDO170,9.34,59.0,70.83497510226803
acceleration,DDO170,10.83,60.0,71.64971961219936
acceleration,DDO170,12.33,62.2,70.96492011368555
acceleration,NGC7814,0.63,265.0,303.34178356082265
acceleration,NGC7814,1.72,250.0,279.03367642924985
acceleration,NGC7814,2.79,233.0,254.68689826809995
acceleration,NGC7814,3.91,230.0,240.35993530442335
acceleration,NGC7814,5.03,228.0,229.58805645462007
acceleration,NGC7814,6.14,228.0,219.8515613700614
acceleration,NGC7814,7.26,227.0,211.62373379848526
acceleration,NGC7814,8.37,226.0,205.7264734386247
acceleration,NGC7814,9.5,223.0,200.64497292540455
acceleration,NGC7814,10.65,219.0,196.38280056300968
acceleration,NGC7814,11.74,216.0,192.77677960653438
acceleration,NGC7814,12.82,214.0,189.29655597840193
acceleration,NGC7814,14.01,214.0,185.58333505208418
acceleration,NGC7814,15.09,214.0,183.1849736076205
acceleration,NGC7814,16.18,214.0,181.3378933030197
acceleration,NGC7814,17.36,214.0,179.0789451391607
acceleration,NGC7814,18.44,214.0,177.22738666713863
acceleration,NGC7814,19.53,214.0,175.547206468566
acceleration,F583-1,0.26,14.6,9.746013720115256
acceleration,F583-1,0.44,10.0,14.24018907923291
acceleration,F583-1,0.77,10.7,20.969183793072922
acceleration,F583-1,0.89,17.4,22.90994869890237
acceleration,F583-1,1.22,23.5,26.974173241193107
acceleration,F583-1,1.55,31.0,29.290421741001545
acceleration,F583-1,1.8,32.3,30.08950956850296
acceleration,F583-1,2.21,40.9,32.1927814046275
acceleration,F583-1,2.31,43.8,32.79760051614719
acceleration,F583-1,2.54,44.8,34.12289120732841
acceleration,F583-1,3.1,51.7,37.292845145922264
acceleration,F583-1,3.43,55.7,39.856399470270375
acceleration,F583-1,3.86,59.4,42.78513871324325
acceleration,F583-1,4.09,62.0,44.163531224122316
acceleration,F583-1,4.37,63.0,45.865769412456025
acceleration,F583-1,4.76,66.6,48.179692342660545
acceleration,F583-1,5.4,71.3,52.10855239346517
acceleration,F583-1,5.86,72.3,54.856812577634216
acceleration,F583-1,6.08,73.4,56.04099379475334
acceleration,F583-1,6.43,72.4,58.05957793971993
acceleration,F583-1,6.97,77.1,61.4761454661652
acceleration,F583-1,7.96,80.3,67.31030125175647
acceleration,F583-1,10.29,84.7,78.98427983553032
acceleration,F583-1,15.49,86.9,94.32274516142418
acceleration,F583-1,16.26,85.8,95.39593743247498
acceleration,F568-3,0.64,12.4,20.776332342551495
acceleration,F568-3,1.18,21.9,30.57437714176401
acceleration,F568-3,1.8,32.3,39.052614944204
acceleration,F568-3,2.03,37.9,41.72788259683954
acceleration,F568-3,2.78,53.1,50.11672536363088
acceleration,F568-3,3.0,62.4,52.290592511489656
acceleration,F568-3,3.64,68.0,58.08336386163868
acceleration,F568-3,4.19,78.0,62.58826702613379
acceleration,F568-3,4.6,82.3,64.9111147338302
acceleration,F568-3,5.14,85.7,67.54059129835011
acceleration,F568-3,5.39,85.5,69.09096058664825
acceleration,F568-3,6.31,89.5,75.12861338127544
acceleration,F568-3,9.1,95.2,88.78431755563227
acceleration,F568-3,10.17,97.5,93.60056917112371
acceleration,F568-3,11.99,101.0,99.51070851318049
acceleration,F568-3,14.02,107.0,104.10937828087971
acceleration,F568-3,15.94,117.0,108.43386084502305
acceleration,F568-3,17.98,120.0,111.29993513571495
acceleration,UGC04499,0.91,26.0,35.83497025331735
acceleration,UGC04499,1.82,45.1,46.141776225037496
acceleration,UGC04499,2.73,57.0,55.01567033848515
acceleration,UGC04499,3.63,62.0,63.77368876769964
acceleration,UGC04499,4.55,66.9,68.37930564685298
acceleration,UGC04499,5.45,70.6,72.02626544399014
acceleration,UGC04499,6.37,72.8,74.08501387720202
acceleration,UGC04499,7.28,73.3,78.13684014716374
acceleration,UGC04499,8.18,74.3,80.7989622585485
acceleration,UGC06399,0.87,24.8,28.32917375896257
acceleration,UGC06399,1.74,46.2,43.54832638699253
acceleration,UGC06399,2.61,60.5,51.80550507668726
acceleration,UGC06399,3.5,69.6,60.969784708643004
acceleration,UGC06399,4.37,77.5,66.44951134138505
acceleration,UGC06399,5.24,82.9,71.33303690971061
acceleration,UGC06399,6.11,84.1,74.8607803019774
acceleration,UGC06399,6.98,85.6,77.06015689280201
acceleration,UGC06399,7.85,87.6,78.65713698161348
acceleration,NGC0055,1.23,28.7,40.857273658124626
acceleration,NGC0055,1.84,37.6,50.646255162577226
acceleration,NGC0055,2.46,43.1,57.94994544362553
acceleration,NGC0055,3.07,50.1,64.05845753303224
acceleration,NGC0055,3.68,58.1,69.63157887766364
acceleration,NGC0055,4.3,64.6,74.7125496987858
acceleration,NGC0055,4.91,68.5,78.5252046976441
acceleration,NGC0055,5.52,72.3,81.741753790893
acceleration,NGC0055,6.14,74.2,84.5184915324911
acceleration,NGC0055,6.75,78.9,86.91889995272588
acceleration,NGC0055,7.37,82.4,89.23179661681164
acceleration,NGC0055,7.98,84.3,91.3131241775736
acceleration,NGC0055,8.59,85.4,93.49265164389419
acceleration,NGC0055,9.21,85.3,95.02863964673038
acceleration,NGC0055,9.82,86.8,95.95617467337792
acceleration,NGC0055,10.43,85.4,96.57878992297583
acceleration,NGC0055,11.05,85.4,96.58970937792436
acceleration,NGC0055,11.66,86.2,96.62093578730908
acceleration,NGC0055,12.28,86.1,97.3284980785817
acceleration,NGC0055,12.89,87.4,98.31740328775437
acceleration,NGC0055,13.5,86.5,99.60990948863993
acceleration,UGC07559,0.36,9.31,15.656172041173997
acceleration,UGC07559,0.72,15.9,24.272342591959653
acceleration,UGC07559,1.08,21.4,28.88073905755714
acceleration,UGC07559,1.45,26.1,32.50163979338048
acceleration,UGC07559,1.8,29.7,35.40218470575113
acceleration,UGC07559,2.17,31.1,38.660721007272436
acceleration,UGC07559,2.53,32.1,41.98708536007235
acceleration,UGC07524,0.35,14.4,19.815075200286476
acceleration,UGC07524,0.69,24.4,24.72102882363714
acceleration,UGC07524,1.03,29.2,28.648746586438897
acceleration,UGC07524,1.38,32.9,31.582294047168574
acceleration,UGC07524,1.72,37.8,34.88653743151503
acceleration,UGC07524,2.07,42.0,38.301407995649086
acceleration,UGC07524,2.41,45.1,41.137569270539906
acceleration,UGC07524,2.76,47.6,45.061423876664215
acceleration,UGC07524,3.1,52.3,48.15707469667905
acceleration,UGC07524,3.45,57.3,51.29267558895595
acceleration,UGC07524,3.79,61.4,54.24978607746592
acceleration,UGC07524,4.14,64.5,57.36534735318691
acceleration,UGC07524,4.48,66.4,59.795685385681814
acceleration,UGC07524,4.82,66.9,61.65982712234739
acceleration,UGC07524,5.17,69.4,63.46094531625489
acceleration,UGC07524,5.51,70.2,64.45917549161354
acceleration,UGC07524,5.86,70.9,65.31430105128408
acceleration,UGC07524,6.2,72.3,66.77631024139595
acceleration,UGC07524,6.55,73.9,68.66584545328645
acceleration,UGC07524,6.89,75.0,70.67866112897848
acceleration,UGC07524,7.25,75.5,72.78638389540342
acceleration,UGC07524,7.58,77.1,74.88048663261024
acceleration,UGC07524,7.94,77.0,77.1739705171893
acceleration,UGC07524,8.27,77.0,79.41551876194032
acceleration,UGC07524,8.63,78.2,81.80055678863076
acceleration,UGC07524,8.97,79.6,83.66201111163456
acceleration,UGC07524,9.3,80.3,85.37392029202316
acceleration,UGC07524,9.66,81.2,86.9834686446006
acceleration,UGC07524,9.99,82.3,88.35438313528076
acceleration,UGC07524,10.35,83.8,89.76875808602406
acceleration,UGC07524,10.69,79.0,90.35598872566806
acceleration,NGC5907,5.03,214.0,164.47919408679255
acceleration,NGC5907,7.55,220.0,193.10091084643827
acceleration,NGC5907,10.07,235.0,214.02631250497726
acceleration,NGC5907,12.58,235.0,224.94933734437157
acceleration,NGC5907,15.1,230.0,225.28073040865888
acceleration,NGC5907,17.61,231.0,225.87268745409781
acceleration,NGC5907,20.13,232.0,226.98019749031235
acceleration,NGC5907,22.65,225.0,227.31339545046694
acceleration,NGC5907,25.16,224.0,221.95723066464507
acceleration,NGC5907,27.68,229.0,220.4112606987011
acceleration,NGC5907,30.2,218.0,222.41594097721207
acceleration,NGC5907,32.71,214.0,219.16487762372634
acceleration,NGC5907,35.23,213.0,219.30295922938396
acceleration,NGC5907,37.75,211.0,216.14309461801446
acceleration,NGC5907,40.26,217.0,215.63981090350546
acceleration,NGC5907,42.78,216.0,213.1540161172099
acceleration,NGC5907,45.29,215.0,212.25486712238765
acceleration,NGC5907,47.81,217.0,211.34589540268763
acceleration,NGC5907,50.33,214.0,212.46994496272035
acceleration,DDO161,0.6,16.0,22.38068248419457
acceleration,DDO161,0.73,16.6,25.344280675440768
acceleration,DDO161,0.85,18.6,27.706670844097165
acceleration,DDO161,0.98,20.0,30.477968689988
acceleration,DDO161,1.07,21.4,32.286413341503376
acceleration,DDO161,1.54,28.9,40.54591923003226
acceleration,DDO161,2.02,32.9,47.05575053646407
acceleration,DDO161,2.49,35.2,51.87383183637198
acceleration,DDO161,2.96,37.6,55.27864754226657
acceleration,DDO161,3.43,40.6,57.76888347278432
acceleration,DDO161,3.9,42.7,60.059274909283005
acceleration,DDO161,4.37,45.5,61.89766867252146
acceleration,DDO161,4.86,48.9,63.61168629441615
acceleration,DDO161,5.34,51.5,65.15110180060051
acceleration,DDO161,5.81,53.0,66.45164796214758
acceleration,DDO161,6.28,55.0,67.8638512371988
acceleration,DDO161,6.75,57.6,69.25193600559919
acceleration,DDO161,7.22,59.7,70.78369268841838
acceleration,DDO161,7.69,60.5,72.4910320575909
acceleration,DDO161,8.16,61.8,74.2039843605786
acceleration,DDO161,8.64,62.9,75.5934707999663
acceleration,DDO161,9.11,63.0,76.9798454825543
acceleration,DDO161,9.58,64.5,77.83767481676408
acceleration,DDO161,10.05,65.6,78.50497746614755
acceleration,DDO161,10.52,67.5,78.4448819371096
acceleration,DDO161,10.99,66.8,78.18052214589562
acceleration,DDO161,11.46,66.8,77.69441555712898
acceleration,DDO161,11.94,66.6,77.18799138121774
acceleration,DDO161,12.41,66.8,76.63317669084837
acceleration,DDO161,12.9,66.3,76.26200948959863
acceleration,DDO161,13.37,66.1,75.63884135320357
acceleration,UGC02916,0.37,183.0,114.06575083349813
acceleration,UGC02916,0.74,196.0,175.4649215247677
acceleration,UGC02916,1.11,205.0,202.27322081049005
acceleration,UGC02916,1.48,211.0,223.35342916990257
acceleration,UGC02916,1.84,214.0,241.94510630299973
acceleration,UGC02916,2.21,214.0,257.2365045050386
acceleration,UGC02916,2.6,213.0,265.58965205406156
acceleration,UGC02916,2.96,211.0,264.1796417308563
acceleration,UGC02916,3.17,210.0,265.3528744393867
acceleration,UGC02916,3.33,209.0,265.02694929861485
acceleration,UGC02916,3.7,207.0,263.74599035837775
acceleration,UGC02916,4.07,206.0,261.49997549382124
acceleration,UGC02916,4.44,205.0,258.3192537511544
acceleration,UGC02916,4.81,205.0,254.66032398389765
acceleration,UGC02916,5.18,206.0,250.93566199791582
acceleration,UGC02916,5.55,207.0,246.84643741676567
acceleration,UGC02916,5.92,208.0,243.11449863427805
acceleration,UGC02916,6.28,210.0,240.00298848295623
acceleration,UGC02916,6.34,210.0,239.5588047181808
acceleration,UGC02916,6.65,212.0,237.38986245133458
acceleration,UGC02916,7.03,214.0,235.0687373711135
acceleration,UGC02916,7.39,215.0,233.10473282392775
acceleration,UGC02916,7.77,216.0,231.14173030561025
acceleration,UGC02916,8.14,217.0,229.64452103807344
acceleration,UGC02916,8.51,218.0,228.1511204720933
acceleration,UGC02916,8.88,218.0,226.7209289308414
acceleration,UGC02916,9.25,218.0,225.68538797706879
acceleration,UGC02916,9.52,218.0,224.8293406675925
acceleration,UGC02916,9.62,218.0,224.5242348868758
acceleration,UGC02916,9.99,217.0,223.47946875321128
acceleration,UGC02916,10.4,217.0,222.3831427558188
acceleration,UGC02916,10.71,216.0,221.7905716518801
acceleration,UGC02916,11.12,215.0,220.94618612281292
acceleration,UGC02916,12.67,212.0,218.78052364491907
acceleration,UGC02916,12.98,211.0,218.51074526174384
acceleration,UGC02916,15.86,209.0,217.67071046227016
acceleration,UGC02916,19.05,215.0,219.85400029498675
acceleration,UGC02916,22.14,215.0,222.56057513831473
acceleration,UGC02916,25.34,210.0,222.5951070299816
acceleration,UGC02916,28.53,196.0,220.3380505979173
acceleration,UGC02916,31.72,185.0,216.77396107454126
acceleration,UGC02916,34.91,182.0,214.85654543686718
acceleration,UGC02916,38.0,181.0,213.15139921104654
acceleration,F571-8,0.22,12.4,35.049808322263935
acceleration,F571-8,0.78,37.5,75.73974950200177
acceleration,F571-8,1.33,56.5,93.29552797610837
acceleration,F571-8,2.33,69.1,106.89654953508433
acceleration,F571-8,3.44,85.5,107.0219909567972
acceleration,F571-8,3.78,87.1,105.76171719066316
acceleration,F571-8,4.77,105.0,100.81806793713501
acceleration,F571-8,5.44,112.0,98.7945628252062
acceleration,F571-8,6.11,116.0,96.99110071298692
acceleration,F571-8,7.22,124.0,96.04110434212897
acceleration,F571-8,9.33,135.0,94.70078401613438
acceleration,F571-8,11.1,140.0,94.70411852781397
acceleration,F571-8,15.55,144.0,93.73622613765674
acceleration,UGC06786,0.16,160.0,106.87350664265448
acceleration,UGC06786,0.32,177.0,163.97239259186767
acceleration,UGC06786,0.49,180.0,181.3573408925153
acceleration,UGC06786,0.65,180.0,188.7091692074201
acceleration,UGC06786,1.3,182.0,193.98332469300058
acceleration,UGC06786,1.46,183.0,193.57035637167616
acceleration,UGC06786,1.62,184.0,193.10138304036298
acceleration,UGC06786,3.72,206.0,185.60248900097253
acceleration,UGC06786,3.89,207.0,186.03082940147345
acceleration,UGC06786,4.05,209.0,186.47115635362925
acceleration,UGC06786,4.22,210.0,187.3935698932322
acceleration,UGC06786,4.26,210.0,187.66410106327118
acceleration,UGC06786,4.38,211.0,188.53287061924232
acceleration,UGC06786,4.54,213.0,189.9910020221763
acceleration,UGC06786,4.71,214.0,191.9671289405597
acceleration,UGC06786,4.86,215.0,193.72077137894877
acceleration,UGC06786,5.02,215.0,195.368146960947
acceleration,UGC06786,5.18,216.0,196.58670995161597
acceleration,UGC06786,5.35,217.0,197.59041829536113
acceleration,UGC06786,5.51,217.0,198.19816289356044
acceleration,UGC06786,5.68,218.0,198.4480103135078
acceleration,UGC06786,5.84,218.0,198.53054251292127
acceleration,UGC06786,6.0,219.0,198.54431279953258
acceleration,UGC06786,6.15,219.0,198.59797711376083
acceleration,UGC06786,6.48,219.0,198.79234035919978
acceleration,UGC06786,6.64,219.0,198.75498111232469
acceleration,UGC06786,6.81,220.0,198.59899866838813
acceleration,UGC06786,7.1,220.0,198.19752909919626
acceleration,UGC06786,7.13,220.0,198.11541970110798
acceleration,UGC06786,8.52,220.0,191.30730191188184
acceleration,UGC06786,10.66,225.0,185.45070137314391
acceleration,UGC06786,11.99,228.0,183.37558731417013
acceleration,UGC06786,12.1,228.0,183.24525425487641
acceleration,UGC06786,12.33,228.0,182.93023979179796
acceleration,UGC06786,12.78,229.0,182.41404767491792
acceleration,UGC06786,14.93,228.0,179.90929028461343
acceleration,UGC06786,17.08,226.0,177.14294004771963
acceleration,UGC06786,19.23,226.0,174.48422343034
acceleration,UGC06786,21.27,227.0,171.76663644542867
acceleration,UGC06786,23.42,227.0,169.86865278113356
acceleration,UGC06786,25.57,224.0,167.6114363582277
acceleration,UGC06786,27.72,218.0,165.39856023925913
acceleration,UGC06786,29.87,215.0,163.74625512970854
acceleration,UGC06786,32.02,219.0,162.39671504408653
acceleration,UGC06786,34.05,211.0,161.4121762453652
acceleration,NGC3949,1.74,123.0,136.1778192858665
acceleration,NGC3949,2.61,145.0,159.27721962057225
acceleration,NGC3949,3.5,152.0,175.35031622890781
acceleration,NGC3949,4.37,157.0,172.7019727972889
acceleration,NGC3949,5.24,161.0,170.64740438039794
acceleration,NGC3949,6.11,165.0,166.40479193450224
acceleration,NGC3949,7.07,169.0,163.68662356029265
acceleration,UGC03205,0.28,107.0,86.18716861796372
acceleration,UGC03205,0.55,121.0,134.38638586593757
acceleration,UGC03205,0.83,134.0,153.64704381548984
acceleration,UGC03205,1.39,157.0,169.5679701227457
acceleration,UGC03205,1.65,168.0,175.5122466186286
acceleration,UGC03205,3.04,207.0,183.96362087373905
acceleration,UGC03205,3.32,213.0,184.0966527448378
acceleration,UGC03205,3.59,218.0,185.16253671889126
acceleration,UGC03205,3.87,222.0,187.2278394498067
acceleration,UGC03205,4.15,226.0,190.91336499766328
acceleration,UGC03205,4.43,229.0,194.92766895649632
acceleration,UGC03205,4.7,232.0,198.25110373224607
acceleration,UGC03205,4.97,234.0,200.85079927455303
acceleration,UGC03205,5.25,235.0,203.25483092241444
acceleration,UGC03205,5.52,236.0,206.23766262519794
acceleration,UGC03205,5.8,237.0,209.49282831770256
acceleration,UGC03205,6.08,237.0,212.45917848059526
acceleration,UGC03205,6.36,237.0,215.2408702650546
acceleration,UGC03205,6.63,236.0,217.14479006990732
acceleration,UGC03205,6.91,236.0,218.65363360753813
acceleration,UGC03205,7.19,235.0,219.71761519834556
acceleration,UGC03205,7.27,234.0,219.90930640774673
acceleration,UGC03205,7.46,234.0,220.29857526061465
acceleration,UGC03205,8.02,231.0,221.25827409340545
acceleration,UGC03205,8.29,229.0,221.51398879782678
acceleration,UGC03205,8.56,228.0,221.67828320307424
acceleration,UGC03205,8.84,226.0,221.5635048257719
acceleration,UGC03205,9.12,224.0,221.42473380988292
acceleration,UGC03205,9.69,221.0,220.6834718279364
acceleration,UGC03205,12.11,216.0,214.29418367068348
acceleration,UGC03205,14.58,220.0,208.01096031660146
acceleration,UGC03205,14.68,220.0,207.76165807289905
acceleration,UGC03205,15.2,221.0,206.65338001392254
acceleration,UGC03205,15.5,221.0,206.2021296541677
acceleration,UGC03205,15.71,221.0,205.99463504261047
acceleration,UGC03205,16.02,221.0,205.62002891305428
acceleration,UGC03205,16.32,221.0,205.24797453597182
acceleration,UGC03205,16.53,221.0,205.1008973345509
acceleration,UGC03205,16.84,221.0,204.84054515382255
acceleration,UGC03205,16.94,221.0,204.81950179227312
acceleration,UGC03205,19.4,218.0,202.85062880395068
acceleration,UGC03205,21.77,216.0,201.5329698051145
acceleration,UGC03205,24.23,215.0,199.21602991539365
acceleration,UGC03205,26.69,212.0,196.89743653179804
acceleration,UGC03205,29.06,208.0,194.24190965920644
acceleration,UGC03205,31.52,209.0,191.56274417160128
acceleration,UGC03205,36.34,220.0,187.06372744377833
acceleration,UGC03205,40.04,220.0,183.5797428705513
acceleration,UGC07323,0.58,23.9,27.255048863825067
acceleration,UGC07323,1.17,34.7,41.65715316147098
acceleration,UGC07323,1.75,42.8,51.06741963342642
acceleration,UGC07323,2.33,51.3,57.912118873977384
acceleration,UGC07323,2.91,57.7,64.77972506005763
acceleration,UGC07323,3.5,67.3,70.82746219634862
acceleration,UGC07323,4.07,75.4,76.85201128244755
acceleration,UGC07323,4.65,79.5,83.38980723011439
acceleration,UGC07323,5.23,82.8,86.96213887602674
acceleration,UGC07323,5.82,85.6,88.9456043287599
acceleration,UGC09992,0.78,28.1,28.9371275571501
acceleration,UGC09992,1.55,31.3,37.79845076701242
acceleration,UGC09992,2.34,33.0,43.73254906997751
acceleration,UGC09992,3.12,33.4,48.780659563422276
acceleration,UGC09992,3.89,34.3,50.79556537429695
baryons,UGC08699,0.22,152.0,133.52916190855092
baryons,UGC08699,0.43,167.0,196.7983967160302
baryons,UGC08699,0.65,179.0,214.72662089270625
baryons,UGC08699,0.87,188.0,212.03784669251857
baryons,UGC08699,1.08,195.0,204.55130620458036
baryons,UGC08699,1.31,199.0,196.37377594780827
baryons,UGC08699,1.52,202.0,188.56346499255892
baryons,UGC08699,1.73,202.0,181.61148889869273
baryons,UGC08699,1.96,202.0,175.71175680642432
baryons,UGC08699,2.17,200.0,171.58707346417444
baryons,UGC08699,2.39,196.0,167.64696439243986
baryons,UGC08699,2.6,193.0,164.13689094776956
baryons,UGC08699,2.83,189.0,159.8005925520929
baryons,UGC08699,3.04,184.0,155.6926461975645
baryons,UGC08699,5.87,170.0,124.78587828756906
baryons,UGC08699,6.08,172.0,124.28551424039729
baryons,UGC08699,6.3,174.0,123.8657442556254
baryons,UGC08699,6.52,176.0,123.53587899877508
baryons,UGC08699,6.74,178.0,123.22593286317617
baryons,UGC08699,6.95,180.0,122.96105155698696
baryons,UGC08699,7.16,182.0,122.83191083753441
baryons,UGC08699,7.39,183.0,122.83849710086818
baryons,UGC08699,7.6,184.0,123.115252629396
baryons,UGC08699,7.82,185.0,123.4839988824463
baryons,UGC08699,8.03,186.0,123.9112351645322
baryons,UGC08699,8.26,187.0,124.40080365496036
baryons,UGC08699,8.47,187.0,124.8256168420569
baryons,UGC08699,8.68,188.0,125.0905744650651
baryons,UGC08699,8.91,188.0,125.13635802595503
baryons,UGC08699,9.53,187.0,123.57099101326331
baryons,UGC08699,9.78,187.0,122.59705979345507
baryons,UGC08699,9.99,186.0,121.63308974123777
baryons,UGC08699,10.21,186.0,120.46589994683143
baryons,UGC08699,11.46,182.0,113.98618394349378
baryons,UGC08699,13.39,177.0,106.24329498843679
baryons,UGC08699,15.21,175.0,100.61810910566744
baryons,UGC08699,17.13,177.0,95.34181454115502
baryons,UGC08699,19.06,180.0,90.9144588060667
baryons,UGC08699,20.99,181.0,87.14639223743
baryons,UGC08699,22.92,182.0,83.5080524260984
baryons,UGC08699,25.7,183.0,78.29467204095053
baryons,UGC02885,1.7,305.0,231.79776092533766
baryons,UGC02885,3.41,257.0,225.37502141985476
baryons,UGC02885,6.82,256.0,214.360602653566
baryons,UGC02885,13.67,271.0,201.8262916470498
baryons,UGC02885,19.49,282.0,190.95204693849186
baryons,UGC02885,23.36,287.0,188.79035788408262
baryons,UGC02885,27.24,283.0,184.7865024291547
baryons,UGC02885,31.22,280.0,178.20840782634247
baryons,UGC02885,35.1,280.0,172.54446232783016
baryons,UGC02885,38.97,281.0,169.55691634374577
baryons,UGC02885,42.85,282.0,166.36918954542034
baryons,UGC02885,46.73,287.0,158.90063319571763
baryons,UGC02885,50.71,292.0,157.92953992208044
baryons,UGC02885,54.58,298.0,158.86034187297975
baryons,UGC02885,58.46,298.0,157.28934429897024
baryons,UGC02885,62.34,298.0,153.04925883518678
baryons,UGC02885,66.21,298.0,149.4264237007632
baryons,UGC02885,70.19,298.0,148.2354401956563
baryons,UGC02885,74.07,298.0,145.34132612577883
baryons,UGC07151,0.5,24.2,17.521756475878778
baryons,UGC07151,1.0,42.0,27.139018957950565
baryons,UGC07151,1.5,59.4,31.914014946414998
baryons,UGC07151,2.0,63.9,35.87588605177578
baryons,UGC07151,2.49,66.0,37.95185502712614
baryons,UGC07151,3.0,67.2,39.1456089491529
baryons,UGC07151,3.49,68.7,38.65849583209363
baryons,UGC07151,4.0,71.3,40.98364551867001
baryons,UGC07151,4.49,72.5,41.73723517436199
baryons,UGC07151,5.01,74.0,42.79723881280193
baryons,UGC07151,5.5,76.2,44.10468002377979
baryons,NGC3877,0.87,37.8,72.0329677994736
baryons,NGC3877,1.74,80.1,81.30313770082924
baryons,NGC3877,2.61,121.0,86.2670273047588
baryons,NGC3877,3.5,142.0,94.26000954805808
baryons,NGC3877,4.37,153.0,102.80017217884414
baryons,NGC3877,5.24,160.0,114.544629293564
baryons,NGC3877,6.11,162.0,130.13649199974617
baryons,NGC3877,6.98,167.0,139.15884646690628
baryons,NGC3877,7.85,169.0,142.4248071790866
baryons,NGC3877,8.72,171.0,144.80781297982512
baryons,NGC3877,9.6,171.0,145.66874029797881
baryons,NGC3877,10.47,170.0,141.20598305312706
baryons,NGC3877,11.35,169.0,137.54784494858507
baryons,NGC6946,0.19,153.0,195.84783846139328
baryons,NGC6946,0.56,130.0,147.7978600318692
baryons,NGC6946,0.94,128.0,131.8595839141016
baryons,NGC6946,1.22,134.0,127.14982213908127
baryons,NGC6946,1.59,129.0,126.48103585122948
baryons,NGC6946,1.96,131.0,126.23171637904635
baryons,NGC6946,2.34,138.0,129.45871569732182
baryons,NGC6946,2.71,139.0,135.94058157886482
baryons,NGC6946,2.99,143.0,136.8080153719072
baryons,NGC6946,3.37,146.0,139.30966395049555
baryons,NGC6946,3.74,154.0,140.53349308972577
baryons,NGC6946,4.12,161.0,141.8531541066324
baryons,NGC6946,4.4,167.0,143.7084118971468
baryons,NGC6946,4.77,173.0,146.48011407696268
baryons,NGC6946,5.15,176.0,149.34012638939342
baryons,NGC6946,5.52,178.0,153.5416336047002
baryons,NGC6946,5.89,180.0,153.75341345804327
baryons,NGC6946,6.17,179.0,151.50685486142203
baryons,NGC6946,6.55,180.0,151.08717523337316
baryons,NGC6946,6.92,181.0,151.7495701806104
baryons,NGC6946,7.3,179.0,150.07539048758127
baryons,NGC6946,7.58,179.0,147.84157128494002
baryons,NGC6946,7.95,179.0,144.50052432430826
baryons,NGC6946,8.33,178.0,141.3512806096924
baryons,NGC6946,8.7,177.0,140.13303150934829
baryons,NGC6946,9.08,176.0,138.97638299365832
baryons,NGC6946,9.36,173.0,137.74584233289946
baryons,NGC6946,9.73,172.0,135.621046596758
baryons,NGC6946,10.1,172.0,133.7359289794631
baryons,NGC6946,10.48,170.0,131.72302809304074
baryons,NGC6946,10.76,171.0,130.2686108392962
baryons,NGC6946,11.13,174.0,128.179818497297
baryons,NGC6946,11.51,174.0,126.41861275144574
baryons,NGC6946,11.88,175.0,124.78762090047233
baryons,NGC6946,12.26,174.0,123.32763976497726
baryons,NGC6946,12.54,173.0,122.3669311946655
baryons,NGC6946,12.91,173.0,121.15622092983918
baryons,NGC6946,13.29,173.0,120.13660611986673
baryons,NGC6946,13.66,175.0,119.27685622114626
baryons,NGC6946,14.03,174.0,118.32860093823471
baryons,NGC6946,14.31,171.0,117.65934140560196
baryons,NGC6946,14.69,167.0,115.96122218224504
baryons,NGC6946,15.06,165.0,114.04512760306774
baryons,NGC6946,15.44,163.0,112.47578414930034
baryons,NGC6946,15.72,162.0,111.58092744730168
baryons,NGC6946,16.09,161.0,106.59593824344341
baryons,NGC6946,16.47,159.0,105.30839273296313
baryons,NGC6946,16.84,158.0,104.12989661955878
baryons,NGC6946,17.21,157.0,102.97442896175728
baryons,NGC6946,17.5,157.0,102.0751753366116
baryons,NGC6946,17.87,157.0,100.98455139277493
baryons,NGC6946,18.24,160.0,99.95515104285522
baryons,NGC6946,18.62,159.0,98.92713571108789
baryons,NGC6946,18.9,160.0,98.17518102860825
baryons,NGC6946,19.27,158.0,97.29629335180246
baryons,NGC6946,19.65,155.0,96.48628788589599
baryons,NGC6946,20.02,157.0,95.36404238495766
baryons,NGC6946,20.4,154.0,94.30083255199818
baryons,UGC10310,1.1,33.2,15.437671456537739
baryons,UGC10310,2.21,54.6,25.96008281959054
baryons,UGC10310,3.31,65.7,30.399120875446386
baryons,UGC10310,4.42,69.2,33.201562463233564
baryons,UGC10310,5.52,70.9,38.470345722387265
baryons,UGC10310,6.64,72.4,40.8641676778079
baryons,UGC10310,7.74,73.2,39.78895889565345
baryons,F565-V2,1.26,21.7,9.8726896031426
baryons,F565-V2,2.51,40.3,16.215006938018867
baryons,F565-V2,3.78,57.7,20.02308043234107
baryons,F565-V2,5.03,68.5,22.401393929842847
baryons,F565-V2,6.29,73.5,25.894672231947638
baryons,F565-V2,7.54,78.5,28.66380295773748
baryons,F565-V2,8.8,83.1,30.156646033668927
baryons,F583-4,0.22,10.7,3.98057156699889
baryons,F583-4,0.76,24.7,12.605766537581124
baryons,F583-4,1.31,38.9,19.119040247878555
baryons,F583-4,1.94,42.7,23.33223842669194
baryons,F583-4,3.92,55.0,28.357782000713666
baryons,F583-4,4.35,57.2,28.67963301717789
baryons,F583-4,5.0,59.8,29.497526167460215
baryons,F583-4,5.05,62.5,29.5127396220683
baryons,F583-4,5.83,61.8,29.714006798141515
baryons,F583-4,6.09,64.4,29.811857540247306
baryons,F583-4,6.74,67.2,31.153954002662324
baryons,F583-4,7.29,69.9,30.299004934155843
baryons,NGC7331,2.67,221.0,251.97887713060393
baryons,NGC7331,3.21,237.0,264.4347516496272
baryons,NGC7331,3.74,249.0,275.6652313586173
baryons,NGC7331,4.27,250.0,275.8196327856304
baryons,NGC7331,4.81,253.0,273.4442633700696
baryons,NGC7331,5.35,257.0,274.51298426486136
baryons,NGC7331,5.88,257.0,269.34129562694244
baryons,NGC7331,6.41,257.0,265.180273078523
baryons,NGC7331,7.48,257.0,254.02275984643583
baryons,NGC7331,8.55,255.0,238.60471041033537
baryons,NGC7331,9.62,248.0,229.3329927201928
baryons,NGC7331,10.66,247.0,221.49136014752358
baryons,NGC7331,11.74,246.0,213.95827869002872
baryons,NGC7331,12.83,244.0,208.71575223255192
baryons,NGC7331,13.91,242.0,203.51846518190922
baryons,NGC7331,15.0,238.0,197.96862685789384
baryons,NGC7331,16.08,236.0,193.13934407572165
baryons,NGC7331,17.07,233.0,189.68860661621193
baryons,NGC7331,18.15,234.0,187.2646016202742
baryons,NGC7331,19.24,236.0,185.5578518414136
baryons,NGC7331,20.32,237.0,183.2082060662131
baryons,NGC7331,21.41,238.0,179.29356494308433
baryons,NGC7331,22.49,240.0,175.52189236673584
baryons,NGC7331,23.48,238.0,172.5171474085982
baryons,NGC7331,24.57,237.0,168.4120560411279
baryons,NGC7331,25.65,236.0,164.72852014754457
baryons,NGC7331,26.74,238.0,161.43043229205577
baryons,NGC7331,27.82,239.0,158.04190346234128
baryons,NGC7331,28.91,239.0,154.49986090608624
baryons,NGC7331,29.89,241.0,151.3289849962657
baryons,NGC7331,30.98,236.0,148.00584289142103
baryons,NGC7331,32.06,236.0,145.20414790907319
baryons,NGC7331,33.15,239.0,142.88869958817597
baryons,NGC7331,34.23,237.0,140.66870540386728
baryons,NGC7331,35.32,241.0,138.31511551526103
baryons,NGC7331,36.31,238.0,135.51705269079608
baryons,NGC2955,0.75,169.0,141.60114960691527
baryons,NGC2955,1.55,203.0,192.61703216486336
baryons,NGC2955,2.3,232.0,215.98363764415117
baryons,NGC2955,3.06,256.0,239.01264742686735
baryons,NGC2955,3.85,248.0,249.4993673338672
baryons,NGC2955,4.61,253.0,252.59988169039192
baryons,NGC2955,5.36,269.0,251.521230078099
baryons,NGC2955,6.12,268.0,249.38209504693796
baryons,NGC2955,6.91,260.0,247.76539724101912
baryons,NGC2955,7.66,245.0,247.51262822328883
baryons,NGC2955,8.42,247.0,244.7136040967073
baryons,NGC2955,8.86,267.0,242.11231567187986
baryons,NGC2955,9.21,255.0,239.66207568157296
baryons,NGC2955,10.82,253.0,229.52481179602347
baryons,NGC2955,11.56,271.0,225.4861630344532
baryons,NGC2955,12.4,276.0,221.2553883411656
baryons,NGC2955,14.17,275.0,217.07863602851387
baryons,NGC2955,16.88,275.0,209.33770104785233
baryons,NGC2955,19.49,276.0,206.31442259328358
baryons,NGC2955,22.19,267.0,199.48437126752563
baryons,NGC2955,24.8,257.0,192.13974232313313
baryons,NGC2955,27.51,254.0,183.9186318729019
baryons,NGC2955,30.12,248.0,176.6802154458727
baryons,NGC2955,35.43,227.0,166.36005476075078
baryons,UGCA442,0.42,14.2,5.9279929149755235
baryons,UGCA442,1.26,28.6,15.183820336134119
baryons,UGCA442,2.11,41.0,21.87698562416678
baryons,UGCA442,2.96,49.0,24.309842656833467
baryons,UGCA442,3.79,54.8,24.487327334766444
baryons,UGCA442,4.65,56.4,23.080107235452786
baryons,UGCA442,5.48,57.8,20.574102653578844
baryons,UGCA442,6.33,56.5,18.35632588510021
baryons,NGC2976,0.11,6.8,8.53720094644609
baryons,NGC2976,0.17,9.5,11.058679848878889
baryons,NGC2976,0.24,14.0,14.021986307224807
baryons,NGC2976,0.31,19.8,16.601835741869028
baryons,NGC2976,0.38,26.1,18.864796579873317
baryons,NGC2976,0.45,28.7,21.015620381040385
baryons,NGC2976,0.52,28.7,23.194603898320832
baryons,NGC2976,0.59,31.7,25.387577670979166
baryons,NGC2976,0.66,35.5,27.512805200488007
baryons,NGC2976,0.73,39.4,29.57435882652403
baryons,NGC2976,0.8,42.9,31.56889608459567
baryons,NGC2976,0.87,46.0,33.55183601533603
baryons,NGC2976,0.94,49.1,35.70556259184274
baryons,NGC2976,1.01,49.2,38.2977923645737
baryons,NGC2976,1.08,51.4,41.05233428198694
baryons,NGC2976,1.14,57.2,43.39939400498583
baryons,NGC2976,1.21,63.8,46.46000053809728
baryons,NGC2976,1.29,67.8,49.930820642164484
baryons,NGC2976,1.35,69.8,52.52373558687539
baryons,NGC2976,1.42,71.7,55.2458256341599
baryons,NGC2976,1.49,74.1,57.82906795029641
baryons,NGC2976,1.56,76.7,60.28965251185314
baryons,NGC2976,1.63,79.9,62.1856136899846
baryons,NGC2976,1.74,83.6,64.20776393863908
baryons,NGC2976,1.93,83.9,62.84432193921739
baryons,NGC2976,2.1,88.7,61.15324439471711
baryons,NGC2976,2.27,85.3,60.03266027755225
baryons,DDO154,0.49,13.8,9.473945851650198
baryons,DDO154,0.99,21.6,12.70837715839438
baryons,DDO154,1.48,28.9,14.212957116659432
baryons,DDO154,1.97,34.3,15.620761825211982
baryons,DDO154,2.47,38.2,16.430736441194593
baryons,DDO154,2.96,42.0,17.446856450375236
baryons,DDO154,3.46,44.6,18.56848001318363
baryons,DDO154,3.95,46.3,18.733780985161538
baryons,DDO154,4.44,47.4,18.224227006926796
baryons,DDO154,4.94,48.2,17.617064170854345
baryons,DDO154,5.43,47.4,16.92600514002049
baryons,DDO154,5.92,45.5,16.25433480644471
baryons,DDO170,1.87,27.7,15.517101855694575
baryons,DDO170,3.36,42.4,20.545952156081743
baryons,DDO170,4.86,52.5,24.95495742332573
baryons,DDO170,6.35,55.6,28.096201700585794
baryons,DDO170,7.85,58.6,30.013257903799783
baryons,DDO170,9.34,59.0,30.221086181671236
baryons,DDO170,10.83,60.0,29.07635035557248
baryons,DDO170,12.33,62.2,27.067693843399365
baryons,NGC7814,0.63,265.0,290.19125732867974
baryons,NGC7814,1.72,250.0,256.7154331550793
baryons,NGC7814,2.79,233.0,226.01175394213462
baryons,NGC7814,3.91,230.0,206.35166742723453
baryons,NGC7814,5.03,228.0,191.07697420149816
baryons,NGC7814,6.14,228.0,177.4630087652072
baryons,NGC7814,7.26,227.0,165.7746257724625
baryons,NGC7814,8.37,226.0,156.78982374503775
baryons,NGC7814,9.5,223.0,148.8578749344488
baryons,NGC7814,10.65,219.0,141.94406299666076
baryons,NGC7814,11.74,216.0,136.02831403792374
baryons,NGC7814,12.82,214.0,130.4400359168917
baryons,NGC7814,14.01,214.0,124.59102283069997
baryons,NGC7814,15.09,214.0,120.36182168777607
baryons,NGC7814,16.18,214.0,116.76225640163005
baryons,NGC7814,17.36,214.0,112.75150943557252
baryons,NGC7814,18.44,214.0,109.3918726414353
baryons,NGC7814,19.53,214.0,106.27219259994591
baryons,F583-1,0.26,14.6,3.542851958521552
baryons,F583-1,0.44,10.0,5.712692009902161
baryons,F583-1,0.77,10.7,9.161184421241611
baryons,F583-1,0.89,17.4,10.133254659782315
baryons,F583-1,1.22,23.5,11.981951009747954
baryons,F583-1,1.55,31.0,12.643102862826039
baryons,F583-1,1.8,32.3,12.506752176324595
baryons,F583-1,2.21,40.9,13.006955831400365
baryons,F583-1,2.31,43.8,13.213267953084127
baryons,F583-1,2.54,44.8,13.658931144126909
baryons,F583-1,3.1,51.7,14.795512833288342
baryons,F583-1,3.43,55.7,16.02118753401258
baryons,F583-1,3.86,59.4,17.36596959573522
baryons,F583-1,4.09,62.0,17.96590938416422
baryons,F583-1,4.37,63.0,18.729927922979307
baryons,F583-1,4.76,66.6,19.778294921453668
baryons,F583-1,5.4,71.3,21.65633740963601
baryons,F583-1,5.86,72.3,22.990815557522097
baryons,F583-1,6.08,73.4,23.541878642113506
baryons,F583-1,6.43,72.4,24.53333344655797
baryons,F583-1,6.97,77.1,26.323804816173517
baryons,F583-1,7.96,80.3,29.37
baryons,F583-1,10.29,84.7,35.30353594188548
baryons,F583-1,15.49,86.9,41.300118643897385
baryons,F583-1,16.26,85.8,41.35500634747866
baryons,F568-3,0.64,12.4,9.660703908101107
baryons,F568-3,1.18,21.9,15.04948337983733
baryons,F568-3,1.8,32.3,19.66619434461075
baryons,F568-3,2.03,37.9,21.099772510622007
baryons,F568-3,2.78,53.1,25.7800620635405
baryons,F568-3,3.0,62.4,26.97531464135312
baryons,F568-3,3.64,68.0,30.12709079881428
baryons,F568-3,4.19,78.0,32.554889801687246
baryons,F568-3,4.6,82.3,33.540006708407205
baryons,F568-3,5.14,85.7,34.540041256489545
baryons,F568-3,5.39,85.5,35.308448705656836
baryons,F568-3,6.31,89.5,38.519937694653656
baryons,F568-3,9.1,95.2,45.04124942760802
baryons,F568-3,10.17,97.5,47.39757430502114
baryons,F568-3,11.99,101.0,49.68217386548218
baryons,F568-3,14.02,107.0,50.815318064536406
baryons,F568-3,15.94,117.0,52.06421563799843
baryons,F568-3,17.98,120.0,52.15391116685306
baryons,UGC04499,0.91,26.0,21.061391217106245
baryons,UGC04499,1.82,45.1,25.71796551051424
baryons,UGC04499,2.73,57.0,30.178014348197266
baryons,UGC04499,3.63,62.0,35.09274640150012
baryons,UGC04499,4.55,66.9,36.6476888766536
baryons,UGC04499,5.45,70.6,37.681245998507
baryons,UGC04499,6.37,72.8,37.51771514897995
baryons,UGC04499,7.28,73.3,39.21327390055566
baryons,UGC04499,8.18,74.3,39.87276514113361
baryons,UGC06399,0.87,24.8,14.671487654631347
baryons,UGC06399,1.74,46.2,23.7648595619667
baryons,UGC06399,2.61,60.5,27.770435718583894
baryons,UGC06399,3.5,69.6,33.01072022843488
baryons,UGC06399,4.37,77.5,35.42645621565894
baryons,UGC06399,5.24,82.9,37.55682760830579
baryons,UGC06399,6.11,84.1,38.698067781221326
baryons,UGC06399,6.98,85.6,38.85929039496219
baryons,UGC06399,7.85,87.6,38.648826631606816
baryons,NGC0055,1.23,28.7,23.75810388057094
baryons,NGC0055,1.84,37.6,29.667843703242067
baryons,NGC0055,2.46,43.1,33.75166218129117
baryons,NGC0055,3.07,50.1,37.09240623092549
baryons,NGC0055,3.68,58.1,40.157989242490714
baryons,NGC0055,4.3,64.6,42.909190157820504
baryons,NGC0055,4.91,68.5,44.67737850411549
baryons,NGC0055,5.52,72.3,46.01722883877298
baryons,NGC0055,6.14,74.2,47.03185037822773
baryons,NGC0055,6.75,78.9,47.81394827871883
baryons,NGC0055,7.37,82.4,48.564917893475325
baryons,NGC0055,7.98,84.3,49.19165782935151
baryons,NGC0055,8.59,85.4,49.95382417793457
baryons,NGC0055,9.21,85.3,50.18619381861908
baryons,NGC0055,9.82,86.8,49.95778617993395
baryons,NGC0055,10.43,85.4,49.514048006601115
baryons,NGC0055,11.05,85.4,48.58348793571742
baryons,NGC0055,11.66,86.2,47.73273666992078
baryons,NGC0055,12.28,86.1,47.469570779605746
baryons,NGC0055,12.89,87.4,47.48153430545395
baryons,NGC0055,13.5,86.5,47.766432774491335
baryons,UGC07559,0.36,9.31,7.304988021892986
baryons,UGC07559,0.72,15.9,12.080277314697707
baryons,UGC07559,1.08,21.4,14.091619850109497
baryons,UGC07559,1.45,26.1,15.537147421582894
baryons,UGC07559,1.8,29.7,16.65239172011036
baryons,UGC07559,2.17,31.1,18.114175388352628
baryons,UGC07559,2.53,32.1,19.755074031751942
baryons,UGC07524,0.35,14.4,10.907756414588658
baryons,UGC07524,0.69,24.4,12.63379792461475
baryons,UGC07524,1.03,29.2,14.129984076424149
baryons,UGC07524,1.38,32.9,15.055366152970175
baryons,UGC07524,1.72,37.8,16.505062859619773
baryons,UGC07524,2.07,42.0,18.13069634625212
baryons,UGC07524,2.41,45.1,19.409098381944485
baryons,UGC07524,2.76,47.6,21.616072723785884
baryons,UGC07524,3.1,52.3,23.237338487873348
baryons,UGC07524,3.45,57.3,24.916985170762533
baryons,UGC07524,3.79,61.4,26.51976998391954
baryons,UGC07524,4.14,64.5,28.269419873778805
baryons,UGC07524,4.48,66.4,29.50812345778701
baryons,UGC07524,4.82,66.9,30.30548795185453
baryons,UGC07524,5.17,69.4,31.056371326991826
baryons,UGC07524,5.51,70.2,31.190558667648133
baryons,UGC07524,5.86,70.9,31.214734501513863
baryons,UGC07524,6.2,72.3,31.77633081398795
baryons,UGC07524,6.55,73.9,32.68585473870922
baryons,UGC07524,6.89,75.0,33.7298962346462
baryons,UGC07524,7.25,75.5,34.83240301787978
baryons,UGC07524,7.58,77.1,35.98946929311406
baryons,UGC07524,7.94,77.0,37.27390642259005
baryons,UGC07524,8.27,77.0,38.57893790658317
baryons,UGC07524,8.63,78.2,39.966963232149624
baryons,UGC07524,8.97,79.6,40.96649484639856
baryons,UGC07524,9.3,80.3,41.86806181327241
baryons,UGC07524,9.66,81.2,42.648208637643855
baryons,UGC07524,9.99,82.3,43.2857592055401
baryons,UGC07524,10.35,83.8,43.92339809258842
baryons,UGC07524,10.69,79.0,43.91588323146877
baryons,NGC5907,5.03,214.0,126.46604781521403
baryons,NGC5907,7.55,220.0,146.66101748590182
baryons,NGC5907,10.07,235.0,160.5556657362175
baryons,NGC5907,12.58,235.0,165.48979711752625
baryons,NGC5907,15.1,230.0,160.7081856969333
baryons,NGC5907,17.61,231.0,156.73541798202473
baryons,NGC5907,20.13,232.0,153.661250971089
baryons,NGC5907,22.65,225.0,150.19248017127887
baryons,NGC5907,25.16,224.0,141.6895341936023
baryons,NGC5907,27.68,229.0,137.05893057367695
baryons,NGC5907,30.2,218.0,135.9406033898629
baryons,NGC5907,32.71,214.0,130.19747635803083
baryons,NGC5907,35.23,213.0,127.72858744227933
baryons,NGC5907,37.75,211.0,122.46015086549582
baryons,NGC5907,40.26,217.0,119.73971897411484
baryons,NGC5907,42.78,216.0,115.40623055104088
baryons,NGC5907,45.29,215.0,112.60664345410532
baryons,NGC5907,47.81,217.0,109.90549440314619
baryons,NGC5907,50.33,214.0,109.03524246774525
baryons,DDO161,0.6,16.0,11.214564191264857
baryons,DDO161,0.73,16.6,12.924341375869023
baryons,DDO161,0.85,18.6,14.250489465278028
baryons,DDO161,0.98,20.0,15.923218895688144
baryons,DDO161,1.07,21.4,17.01626721698975
baryons,DDO161,1.54,28.9,21.9869324827271
baryons,DDO161,2.02,32.9,25.72335125911863
baryons,DDO161,2.49,35.2,28.235113776997604
baryons,DDO161,2.96,37.6,29.668475693907837
baryons,DDO161,3.43,40.6,30.43407465325667
baryons,DDO161,3.9,42.7,31.130924335779046
baryons,DDO161,4.37,45.5,31.52709469646704
baryons,DDO161,4.86,48.9,31.84605784080661
baryons,DDO161,5.34,51.5,32.106294554183606
baryons,DDO161,5.81,53.0,32.2432016090214
baryons,DDO161,6.28,55.0,32.51784433199716
baryons,DDO161,6.75,57.6,32.81144541162428
baryons,DDO161,7.22,59.7,33.2548071712948
baryons,DDO161,7.69,60.5,33.86794059283794
baryons,DDO161,8.16,61.8,34.509787017598356
baryons,DDO161,8.64,62.9,34.89942764573654
baryons,DDO161,9.11,63.0,35.323005251535434
baryons,DDO161,9.58,64.5,35.34630390861257
baryons,DDO161,10.05,65.6,35.240666849536204
baryons,DDO161,10.52,67.5,34.58896572608091
baryons,DDO161,10.99,66.8,33.80916739584103
baryons,DDO161,11.46,66.8,32.89164711594724
baryons,DDO161,11.94,66.6,31.9809388542613
baryons,DDO161,12.41,66.8,31.077149161401532
baryons,DDO161,12.9,66.3,30.317748926989946
baryons,DDO161,13.37,66.1,29.423462576658103
baryons,UGC02916,0.37,183.0,103.67254829510077
baryons,UGC02916,0.74,196.0,160.80490409188394
baryons,UGC02916,1.11,205.0,184.28412351583628
baryons,UGC02916,1.48,211.0,202.55459794830628
baryons,UGC02916,1.84,214.0,218.73621481135675
baryons,UGC02916,2.21,214.0,231.78146269708452
baryons,UGC02916,2.6,213.0,237.94859938650615
baryons,UGC02916,2.96,211.0,234.64725642973116
baryons,UGC02916,3.17,210.0,234.77633307043536
baryons,UGC02916,3.33,209.0,233.67693692360825
baryons,UGC02916,3.7,207.0,230.67934448060146
baryons,UGC02916,4.07,206.0,226.80652034278026
baryons,UGC02916,4.44,205.0,222.0790676313281
baryons,UGC02916,4.81,205.0,216.94611455382187
baryons,UGC02916,5.18,206.0,211.81355603454656
baryons,UGC02916,5.55,207.0,206.37783051965633
baryons,UGC02916,5.92,208.0,201.35468738025446
baryons,UGC02916,6.28,210.0,197.03444330877787
baryons,UGC02916,6.34,210.0,196.39291160833682
baryons,UGC02916,6.65,212.0,193.22266003240924
baryons,UGC02916,7.03,214.0,189.71317911521066
baryons,UGC02916,7.39,215.0,186.66040881772437
baryons,UGC02916,7.77,216.0,183.58524210840042
baryons,UGC02916,8.14,217.0,181.03611496052383
baryons,UGC02916,8.51,218.0,178.52266349122175
baryons,UGC02916,8.88,218.0,176.10184601531012
baryons,UGC02916,9.25,218.0,174.09872702004458
baryons,UGC02916,9.52,218.0,172.55471633658698
baryons,UGC02916,9.62,218.0,171.9981148733904
baryons,UGC02916,9.99,217.0,170.03723774514805
baryons,UGC02916,10.4,217.0,167.95245005655616
baryons,UGC02916,10.71,216.0,166.62644318954898
baryons,UGC02916,11.12,215.0,164.8358119463122
baryons,UGC02916,12.67,212.0,159.28067773587605
baryons,UGC02916,12.98,211.0,158.3647548225299
baryons,UGC02916,15.86,209.0,151.93539801507742
baryons,UGC02916,19.05,215.0,148.57205972187367
baryons,UGC02916,22.14,215.0,146.42806790366387
baryons,UGC02916,25.34,210.0,142.0505971476361
baryons,UGC02916,28.53,196.0,135.96843630048852
baryons,UGC02916,31.72,185.0,129.0789308136692
baryons,UGC02916,34.91,182.0,124.03854691183706
baryons,UGC02916,38.0,181.0,119.5657354763479
baryons,F571-8,0.22,12.4,27.090744729519713
baryons,F571-8,0.78,37.5,60.65077864298199
baryons,F571-8,1.33,56.5,73.64244699899645
baryons,F571-8,2.33,69.1,81.10435777441307
baryons,F571-8,3.44,85.5,76.21718507003523
baryons,F571-8,3.78,87.1,73.6884597477787
baryons,F571-8,4.77,105.0,65.61750414333054
baryons,F571-8,5.44,112.0,61.76565429103783
baryons,F571-8,6.11,116.0,58.343043287096364
baryons,F571-8,7.22,124.0,54.91017528655322
baryons,F571-8,9.33,135.0,49.69848740152964
baryons,F571-8,11.1,140.0,46.93217233412491
baryons,F571-8,15.55,144.0,40.78579225661799
baryons,UGC06786,0.16,160.0,100.12779893715829
baryons,UGC06786,0.32,177.0,154.4677621706225
baryons,UGC06786,0.49,180.0,169.53652712616238
baryons,UGC06786,0.65,180.0,175.03765914796733
baryons,UGC06786,1.3,182.0,174.4523207928172
baryons,UGC06786,1.46,183.0,172.84547005924105
baryons,UGC06786,1.62,184.0,171.24911947218882
baryons,UGC06786,3.72,206.0,152.52786247109083
baryons,UGC06786,3.89,207.0,152.22671036976396
baryons,UGC06786,4.05,209.0,151.99636038405657
baryons,UGC06786,4.22,210.0,152.21949618889164
baryons,UGC06786,4.26,210.0,152.32739815935938
baryons,UGC06786,4.38,211.0,152.712749042115
baryons,UGC06786,4.54,213.0,153.53512715336512
baryons,UGC06786,4.71,214.0,154.84542598992067
baryons,UGC06786,4.86,215.0,156.02151716990832
baryons,UGC06786,5.02,215.0,157.06428149009562
baryons,UGC06786,5.18,216.0,157.69123098638048
baryons,UGC06786,5.35,217.0,158.07907046791487
baryons,UGC06786,5.51,217.0,158.11950376218613
baryons,UGC06786,5.68,218.0,157.78000529217888
baryons,UGC06786,5.84,218.0,157.31854048394933
baryons,UGC06786,6.0,219.0,156.79773818521744
baryons,UGC06786,6.15,219.0,156.35751037286312
baryons,UGC06786,6.48,219.0,155.489210300908
baryons,UGC06786,6.64,219.0,154.94982584694958
baryons,UGC06786,6.81,220.0,154.2699814286629
baryons,UGC06786,7.1,220.0,152.9954055519315
baryons,UGC06786,7.13,220.0,152.82485782751442
baryons,UGC06786,8.52,220.0,142.23629874262053
baryons,UGC06786,10.66,225.0,131.31738738643867
baryons,UGC06786,11.99,228.0,126.44390012966224
baryons,UGC06786,12.1,228.0,126.0917749894893
baryons,UGC06786,12.33,228.0,125.31987599738518
baryons,UGC06786,12.78,229.0,123.92508341736148
baryons,UGC06786,14.93,228.0,117.54631801974914
baryons,UGC06786,17.08,226.0,111.38572812528542
baryons,UGC06786,19.23,226.0,105.71955575956608
baryons,UGC06786,21.27,227.0,100.48135981364902
baryons,UGC06786,23.42,227.0,96.11973819148697
baryons,UGC06786,25.57,224.0,91.68991236771906
baryons,UGC06786,27.72,218.0,87.52921969262607
baryons,UGC06786,29.87,215.0,84.05276687890768
baryons,UGC06786,32.02,219.0,81.00394083006086
baryons,UGC06786,34.05,211.0,78.50299051628544
baryons,NGC3949,1.74,123.0,113.52402653183158
baryons,NGC3949,2.61,145.0,131.5572468547438
baryons,NGC3949,3.5,152.0,143.29112341663037
baryons,NGC3949,4.37,157.0,137.0430538188638
baryons,NGC3949,5.24,161.0,131.80968610083252
baryons,NGC3949,6.11,165.0,124.76019256958527
baryons,NGC3949,7.07,169.0,119.23351584181354
baryons,UGC03205,0.28,107.0,77.11420212905013
baryons,UGC03205,0.55,121.0,121.70272092274682
baryons,UGC03205,0.83,134.0,138.03787063701031
baryons,UGC03205,1.39,157.0,149.31089303865275
baryons,UGC03205,1.65,168.0,153.42994059178932
baryons,UGC03205,3.04,207.0,154.00965294422295
baryons,UGC03205,3.32,213.0,152.81685829776765
baryons,UGC03205,3.59,218.0,152.65885326439474
baryons,UGC03205,3.87,222.0,153.50256603718387
baryons,UGC03205,4.15,226.0,156.00408369654943
baryons,UGC03205,4.43,229.0,158.8723161850421
baryons,UGC03205,4.7,232.0,161.12760030485157
baryons,UGC03205,4.97,234.0,162.69419666970302
baryons,UGC03205,5.25,235.0,164.0588898840901
baryons,UGC03205,5.52,236.0,166.06159739686956
baryons,UGC03205,5.8,237.0,168.32429429526803
baryons,UGC03205,6.08,237.0,170.32401979756114
baryons,UGC03205,6.36,237.0,172.16265486452048
baryons,UGC03205,6.63,236.0,173.1833500368901
baryons,UGC03205,6.91,236.0,173.7999823935549
baryons,UGC03205,7.19,235.0,173.9950696715283
baryons,UGC03205,7.27,234.0,173.94302380377317
baryons,UGC03205,7.46,234.0,173.7601051162205
baryons,UGC03205,8.02,231.0,173.0824012717642
baryons,UGC03205,8.29,229.0,172.57475168749338
baryons,UGC03205,8.56,228.0,171.991445804726
baryons,UGC03205,8.84,226.0,171.12009694948165
baryons,UGC03205,9.12,224.0,170.23992898259797
baryons,UGC03205,9.69,221.0,168.0401671327424
baryons,UGC03205,12.11,216.0,156.11370718165654
baryons,UGC03205,14.58,220.0,145.00933083770852
baryons,UGC03205,14.68,220.0,144.57986886147046
baryons,UGC03205,15.2,221.0,142.54483435045972
baryons,UGC03205,15.5,221.0,141.5638708498747
baryons,UGC03205,15.71,221.0,140.98611155003886
baryons,UGC03205,16.02,221.0,140.0749703908589
baryons,UGC03205,16.32,221.0,139.1921650093855
baryons,UGC03205,16.53,221.0,138.68705483930358
baryons,UGC03205,16.84,221.0,137.9066393253059
baryons,UGC03205,16.94,221.0,137.71651571253173
baryons,UGC03205,19.4,218.0,131.88840384961827
baryons,UGC03205,21.77,216.0,127.18995604999634
baryons,UGC03205,24.23,215.0,121.75870387779266
baryons,UGC03205,26.69,212.0,116.62918854214838
baryons,UGC03205,29.06,208.0,111.56291646420866
baryons,UGC03205,31.52,209.0,106.62035016824883
baryons,UGC03205,36.34,220.0,98.2255161859687
baryons,UGC03205,40.04,220.0,92.24257845485457
baryons,UGC07323,0.58,23.9,15.59377119237037
baryons,UGC07323,1.17,34.7,24.812691309086166
baryons,UGC07323,1.75,42.8,30.45605194374346
baryons,UGC07323,2.33,51.3,34.21971434714206
baryons,UGC07323,2.91,57.7,38.29673811175046
baryons,UGC07323,3.5,67.3,41.80334137362706
baryons,UGC07323,4.07,75.4,45.51044330700372
baryons,UGC07323,4.65,79.5,49.77896845054144
baryons,UGC07323,5.23,82.8,51.4479649743311
baryons,UGC07323,5.82,85.6,51.74376145971608
baryons,UGC09992,0.78,28.1,15.718783349865218
baryons,UGC09992,1.55,31.3,19.570706425676104
baryons,UGC09992,2.34,33.0,21.757109182977413
baryons,UGC09992,3.12,33.4,23.69763068325608
baryons,UGC09992,3.89,34.3,23.475599033890486
