radius_kpc,baryon_projected_mass_Msun,field_equivalent_projected_mass_Msun,baryon_surface_density_Msun_kpc2,field_equivalent_surface_density_Msun_kpc2,sigma_Msun_kpc2,delta_sigma_Msun_kpc2,alpha_rad,theta_arcsec,beta_arcsec,kappa,gamma_t,reduced_shear_t,lambda_t,lambda_r,signed_magnification
1.0,462554471.53981715,1622254921.8509774,147157343.69772536,516362223.94577616,663519567.6435015,95873.08161997795,3.99067195912938e-07,1.0313240300000002,0.9654732158032432,0.06384152677424787,9.224571822213419e-06,9.85364346532912e-06,0.9361492486539299,0.9361676977975744,1.141041013850677
1.0255021264139186,486434176.48982555,1706048873.2031884,147149242.72679883,516360410.38253003,663509653.1093289,100835.08945798874,4.0924120382287594e-07,1.057624985786772,0.9900953397757865,0.06384057283252602,9.701998821645326e-06,1.0363618140342339e-05,0.9361497251686524,0.9361691291662957,1.141038688433581
1.0516546112794685,511545959.9841607,1794170851.0446486,147140721.95801225,516358503.1545075,663499225.1125197,106054.22921419144,4.1967443057331015e-07,1.0845966718728248,1.0153454198685334,0.06383956948722928,1.0204166152847798e-05,1.0900018650925662e-05,0.9361502263466179,0.9361706346789236,1.141036242594046
1.0784740401200976,537953313.9956708,1886844384.2566593,147131759.5634046,516356497.4249978,663488256.9884024,111543.88111710548,4.3037346792585824e-07,1.112256193307041,1.0412394734116215,0.0638385141727764,1.0732361214503446e-05,1.1464219984461305e-05,0.9361507534660091,0.9361722181884381,1.1410336700792856
1.10597742142537,565722994.1521966,1984304544.4526978,147122332.57214975,516354388.1075877,663476720.6797374,117318.12652385235,4.41345074260128e-07,1.140621091353421,1.067793926456364,0.06383740418959818,1.1287938865431097e-05,1.2057669165535866e-05,0.9361513078715364,0.9361738837492672,1.141030964310055
1.1341821974374993,594925186.6171247,2086798541.8363194,147112416.80987117,516352169.85332584,663464586.663197,123391.78528153896,4.5259617870559345e-07,1.1697093546154975,1.095025624217857,0.0638362366970635,1.1872325019367146e-05,1.2681889093292473e-05,0.9361518909779172,0.9361756356279558,1.141028118363424
1.163106255212966,625633683.40856,2194586351.797236,147101986.83464396,516349837.0371366,663451823.8717806,129780.45505917072,4.6413388536943683e-07,1.1995394304444447,1.1229518417854423,0.06383500870601445,1.248702042934433e-05,1.3338482581029362e-05,0.9361525042735562,0.9361774783144149,1.1410251249546015
1.1927679379662266,657926066.5735931,2307941373.830354,147091015.86949107,516347383.7436236,663438399.6131147,136500.55291736126,4.759654776622781e-07,1.2301302366381188,1.151590295107953,0.0638337170709055,1.313360468738349e-05,1.4029136625483693e-05,0.9361531493244071,0.9361794165337819,1.1410219764177945
1.2231860567027102,691883901.6535562,2427151124.4413643,147079475.73117355,516344803.75205046,663424279.483224,143569.3590937853,4.880984227232621e-07,1.2615011734384476,1.180959152260912,0.06383235848150674,1.3813740437376337e-05,1.4755626903499908e-05,0.9361538277780559,0.9361814552589307,1.1410186646860094
1.2543799021484852,727592940.8963585,2552517965.790358,147067336.75505686,516342090.5206015,663409427.2756584,151005.0632584095,5.00540375946349e-07,1.2936721358347814,1.2110770450029889,0.06383092945416045,1.4529177825601631e-05,1.551982252215436e-05,0.9361545413680139,0.9361835997236652,1.141015181269767
1.2863692569841543,765143336.6929958,2684359871.913855,147054567.71582526,516339237.1698772,663393804.8857024,158826.81338644028,5.132991856094601e-07,1.3266635261810036,1.241963080629249,0.06382942632256451,1.528175920310887e-05,1.6323691037499232e-05,0.9361552919182323,0.9361858554366386,1.1410115172346649
1.3191744083907426,804629865.7371097,2823011234.458272,147041135.7437992,516336236.46540946,663377372.2092087,167054.76722347736,5.263828976078234e-07,1.3604962671344065,1.27363685412897,0.06382784522803844,1.6073424077514963e-05,1.716930373925747e-05,0.9361560813478841,0.9361882281960391,1.141007663177684
1.3528161609155296,846152164.4291011,2968823709.9612865,147027006.2365942,516333080.7994092,663360087.0360034,175710.14677119255,5.397997602934645e-07,1.3951918149245326,1.3061184606559102,0.06382618210926727,1.690621435542524e-05,1.8058841245438973e-05,0.9361569116763773,0.9361907241050882,1.1410036092022273
1.3873158496659892,889814976.0697336,3122167110.8174615,147012142.76584518,516329762.1714982,663341904.9373434,184815.29575157166,5.535582294220599e-07,1.4307721729604024,1.3394285083192465,0.0638244326914731,1.7782279871441343e-05,1.8994599402508224e-05,0.9361577850286554,0.9361933495883984,1.1409993448917637
1.4226953538402038,935728410.4124292,3283430342.176968,146996506.9786986,516326272.16846836,663322779.147167,194393.7403382063,5.676669732087445e-07,1.467259905784755,1.373588131303548,0.0638225924749894,1.8703884231513263e-05,1.9978995520689895e-05,0.936158703640779,0.9361961114092421,1.140994859282025
1.4589771106023313,984008216.1685529,3453022387.1407375,146980058.49375695,516322601.94302636,663302660.4367833,204470.25335633755,5.821348774942848e-07,1.5046781533841522,1.4086190033263983,0.06382065672320415,1.9673410990042437e-05,2.101457496507236e-05,0.9361596698658058,0.9361990166877859,1.1409901408316658
1.4961841293119256,1034776067.085915,3631373342.735453,146962754.7911362,516318742.1914014,663281496.9825376,215070.92210173607,5.969710510228164e-07,1.5430506458640163,1.4445433514425465,0.06381862044982692,2.069337017517668e-05,2.2104018117856245e-05,0.9361606861799979,0.9362020729203483,1.1409851773912838
1.5343400061161367,1088159862.2474322,3818935509.280428,146944551.09627733,516314683.1298178,663259234.2260951,226223.22005152702,6.121848308324531e-07,1.582401718497919,1.48138397020368,0.06381647840544602,2.1766405188574365e-05,2.3250147739730293e-05,0.9361617551893654,0.9362052879997426,1.1409799561707157
1.573468938914043,1144294041.2644532,4016184535.891817,146925400.25712174,516310414.4697875,663235814.7269092,237956.08273851871,6.277857877599292e-07,1.6227563271606549,1.5191642361831676,0.0638142250633334,2.289530010576632e-05,2.4455936758187976e-05,0.9361628796365609,0.9362086702367725,1.1409744637045036
1.613595742702603,1203319915.0675254,4223620625.0085,146905252.61424014,516305925.3920806,663211178.0063207,250299.98796212673,6.437837320601205e-07,1.6641400641548918,1.5579081228754224,0.0638118546044445,2.40829873937698e-05,2.572451650046725e-05,0.9361640624081617,0.9362122283829493,1.1409686858154113
1.6547458653139655,1265386013.0264692,4441769798.974127,146884055.86346906,516301204.5194049,663185260.382874,263287.0407124758,6.601887191414948e-07,1.706579174441436,1.597640215979749,0.0638093609015729,2.5332556082187812e-05,2.7059185409697794e-05,0.936165306542345,0.9362159716545093,1.1409626075758843
1.6969454035541112,1330648447.1613395,4671185231.86247,146861754.9105801,516296239.88765895,663157994.798239,276951.06304490566,6.770110554180864e-07,1.7501005722834022,1.6383857290788686,0.06380673750260114,2.6647260410619064e-05,2.8463418268504256e-05,0.9361666152369883,0.9362199097578094,1.1409562132673212
1.740221119753066,1399271294.2362623,4912448649.897309,146838291.71746895,516291018.91570795,663129310.6331769,291327.6892516613,6.942613042785884e-07,1.7947318583148446,1.6801705197225807,0.06380397761279366,2.8030528985744305e-05,2.994087596555821e-05,0.9361679918582206,0.936224052916192,1.140949486337017
1.7846004587371795,1471426996.559102,5166171803.989135,146813605.1393193,516285528.37362236,663099133.5129416,306454.4666874409,7.119502921729525e-07,1.8405013370446768,1.7230211059273188,0.06380107407607308,2.9485974482407148e-05,3.149541584157201e-05,0.9361694399494445,0.9362284118984093,1.1409424093526408
1.830111565234232,1547296782.3413625,5432998018.089936,146787630.7521469,516279754.3492748,663067385.1014217,322370.96260535717,7.300891148166028e-07,1.8874380348069761,1.7669646831026897,0.0637980193552134,3.101740392299572e-05,3.313110265119631e-05,0.9361709632408636,0.9362329980487095,1.1409349639540893
1.8767833017224094,1627071106.5045896,5713603817.256659,146760300.67008895,516273682.2132222,663033982.8833112,339118.87741971016,7.486891435121994e-07,1.9355717181690613,1.8120291414163814,0.06379480551088113,3.2628829575189616e-05,3.485222018341284e-05,0.9361725656595437,0.9362378233186941,1.1409271308025428
1.9246452667344656,1710950112.8516474,6008700639.512293,146731543.35175583,516267296.58180153,662998839.9335574,356742.1648439169,7.677620315886416e-07,1.984932912809014,1.8582430836091763,0.06379142417945242,3.432448051121032e-05,3.666328358627387e-05,0.9361742513400364,0.9362429003010588,1.1409188895265578
1.9737278136286778,1799144118.5534966,6319036635.800899,146701283.3949027,516260581.2783211,662961864.6732237,375287.1593579054,7.873197209566163e-07,2.035552922874617,1.9056358432721445,0.06378786654952305,3.610881487228706e-05,3.856905244242609e-05,0.9361760246356047,0.9362482422653492,1.1409102186649889
2.0240620698385032,1891874121.9342763,6645398562.552137,146669441.31862226,516253519.2922647,662922960.6108869,394802.7115223408,8.073744487797484e-07,2.0874638508359866,1.9542375035984574,0.06378412333702652,3.7986532888117203e-05,4.057454464830861e-05,0.9361778901300853,0.9362538631958616,1.1409010956065384
2.075679956613142,1989372334.5694752,6988613771.600573,146635933.33219677,516246092.7364161,662882026.0686128,415340.3317141533,8.279387542600638e-07,2.1406986178444907,2.004078916622624,0.06378018475886842,3.9962590706594975e-05,4.268505115575049e-05,0.936179852650425,0.9362597778318382,1.140891496525713
2.1286142092615274,2091882738.7433867,7349552302.444746,146600671.08967096,516238282.8017653,662838953.8914363,436954.34284484386,8.490254855359406e-07,2.195290984610862,2.0551917229603607,0.0637760405049737,4.20422150878314e-05,4.490615163332054e-05,0.9361819172799385,0.9362660017101142,1.1408813963149365
2.182898397912578,2199661671.3427916,7729129082.086957,146563561.42913243,516230069.71015716,662793631.1392896,459702.04279875755,8.706478066905698e-07,2.2512755728157434,2.1076083720626584,0.0637716797086449,4.423091903339552e-05,4.724373112280007e-05,0.9361840893723217,0.9362725512103884,1.140870768512573
2.2385669488048845,2312978435.2933865,8128306237.954607,146524506.0955976,516221432.6644354,662745938.760033,483643.87716281414,8.928192048679151e-07,2.3086878870662573,2.1613621429981333,0.06376709091510253,4.6534518405763634e-05,4.970399774907282e-05,0.9361863745664917,0.9362794436033032,1.1408595852265482
2.2956551661193263,2432115939.673646,8548095529.691822,146483401.44630545,516212349.7961453,662695751.2424507,508843.62322700024,9.155534974934436e-07,2.367564337412503,2.216487165778018,0.06376226204809739,4.8959149632201496e-05,5.2293501583586754e-05,0.9361887788022705,0.9362866971015348,1.14084781705331
2.3541992543684667,2557371369.667065,8989560905.89098,146440138.13711452,516202798.1104545,662642936.2475691,535368.5858786106,9.388648395952457e-07,2.427942262438282,2.273018443238815,0.06375718037443734,5.15112885530216e-05,5.501915472486382e-05,0.9361913083370097,0.9362943309141157,1.1408354329917414
2.4142363413569234,2689056887.537592,9453821192.15337,146394600.7885816,516192753.4283575,662587354.2169391,563289.8065344095,9.627677312215894e-07,2.489859952940678,2.3309918734978927,0.06375183246629768,5.419777052430326e-05,5.7888252713031123e-05,0.936193969763178,0.9363023653042266,1.140822400351712
2.4758045017272843,2827500365.8339806,9942052917.179028,146346667.630168,516182190.32586217,662528857.9560301,592682.285952568,9.872770249492285e-07,2.553356676213525,2.390444272997997,0.06374620416113665,5.7025811856076144e-05,6.090849736420266e-05,0.9361967700270073,0.9363108216507194,1.1408086846568428
2.5389427811064817,2973046154.045968,10455493283.932327,146296210.12087703,516171082.0701082,662467292.1909852,623625.2221537828,1.012407933476676e-06,2.6184727009501447,2.4514134001570027,0.06374028051904806,6.0003032704256276e-05,6.408802115028621e-05,0.9361997164482476,0.9363197225136561,1.1407942495410779
2.603691220867965,3126055879.9481406,10995443293.280651,146243092.5444572,516159400.55223477,662402493.096692,656202.2646514177,1.0381760372954083e-06,2.68524932278117,2.513937979639901,0.0637340457773539,6.313748153177901e-05,6.743541324665617e-05,0.9362028167411143,0.9363290917041779,1.1407790566385845
2.6700908835253494,3286909286.8747706,11563271027.874323,146187171.5771339,516147116.2168003,662334287.7939341,690501.7862876654,1.0645972924308751e-06,2.753728890463624,2.57805772727052,0.06372748330222205,6.643766126372161e-05,7.095974738001117e-05,0.9362060790365142,0.9363389543590416,1.140763065466473
2.7381838787736643,3456005108.1701727,12160415104.43097,146128295.8256178,516134197.98764294,662262493.8132608,726617.1742652655,1.0916880382444369e-06,2.823954832737887,2.6438133756010798,0.06372057553708159,6.991255728935487e-05,7.467061163867729e-05,0.9362095119056291,0.9363493370202078,1.1407462332997815
2.8080133901947035,3633761980.052867,12788388302.99126,146066305.33292055,516120613.1899575,662186918.522878,764647.1419408321,1.1194650052856985e-06,2.895971685869564,2.7112467001583296,0.06371330394757659,7.357166746180413e-05,7.857814040506756e-05,0.9362131243849616,0.9363602677198852,1.1407285150381106
2.8796237026434253,3820619394.116624,13448781382.144938,146001031.04924452,516106327.46840626,662107358.5176508,804696.0632363558,1.1479453231835644e-06,2.9698251218937393,2.780400546385687,0.063705648962778,7.742503427395162e-05,8.269304859970646e-05,0.936216926002948,0.936371776071496,1.1407098630632242
2.9530602303327536,4017038690.6659207,14143267089.675999,145932294.2649296,516091304.7010925,662023598.966022,846874.3317130804,1.1771465285628122e-06,3.0455619775795038,2.8513188573014383,0.06369758991234653,8.14832794072662e-05,8.702666844533488e-05,0.9362209268082462,0.9363838933670607,1.140690227086893
3.0283695456346145,4223504094.045623,14873604378.54469,145859906.00211114,516075506.90915006,661935412.9112612,891298.7465207577,1.2070865729711231e-06,3.1232302841331596,2.9240467018938845,0.06368910495930118,8.575764086648759e-05,9.159098897675429e-05,0.9362251373998324,0.9363966526815654,1.1406695539881377
3.1055994086154493,4440523791.072489,15641642838.621653,145783666.36137408,516058894.1617754,661842560.5231495,938092.9277906418,1.2377838307998581e-06,3.202879297658902,2.9986303042750064,0.06368017102801903,9.026001294728416e-05,9.639869855835891e-05,0.9362295689590336,0.9364100889849283,1.1406477876389818
3.184798797324951,4668631053.607496,16449327355.102684,145703363.81927156,516041424.4764352,661744788.2957067,987387.7642236948,1.269257107179493e-06,3.284559530396322,3.0751170736151225,0.06367076372704336,9.500298930162098e-05,0.00010146323068985738,0.9362342332836551,0.9364242392622583,1.140624868717697
3.2660179388572277,4908385406.219683,17298703005.078773,145618774.47209856,516023053.71403986,661641828.1861384,1039321.8960676193,1.3015256458285483e-06,3.3683227827545297,3.1535556348818496,0.06366085726623615,9.999990940811681e-05,0.00010679881342582141,0.9362391428243557,0.936439142643172,1.1406007345084284
3.34930834120409,5160373839.78144,18191920204.300613,145529661.22076547,516003735.4688188,661533396.6895843,1094042.236985445,1.3346091368320299e-06,3.454222176163217,3.2339958604076284,0.06365042436775356,0.00010526490878440996,0.00011242052276611808,0.936244310723462,0.9364548405410308,1.1405753186859473
3.434722825920668,5425212071.698009,19131240116.773186,145435772.89100224,515983420.95264065,661419193.843643,1151704.5388071537,1.3685277243226229e-06,3.5423121867614924,3.3164889023110704,0.0636394361702649,0.00011081297332557999,0.00011834434042411239,0.9362497508564095,0.9364713768030607,1.1405485510841469
3.5223155616240684,5703545853.306242,20119040340.437706,145336843.28240335,515962058.8735148,661298902.1559181,1212474.003652811,1.4033020140345785e-06,3.6326486799458477,3.4010872257984466,0.06362786212576478,0.00011665999820048949,0.0001245872164301392,0.9362554778760347,0.9364887978724358,1.1405203574467164
3.6121420983463177,5996052324.774456,21157820882.84905,145232590.1390135,515939595.3079814,661172185.4469949,1276525.9485020638,1.4389530806965596e-06,3.725288945799181,3.4878446433727985,0.0636156698882484,0.00012282285179433144,0.00013116713708747485,0.9362615072599573,0.9365071529635459,1.1404906591582495
3.704259402763382,6303441417.590449,22250210441.436394,145122714.03320777,515915973.56706893,661038687.6002767,1344046.5279468298,1.4755024752255395e-06,3.8202917354233246,3.576816349979392,0.06360282519342526,0.0001293194452493594,0.00013810319886545157,0.9362678553613254,0.9365264942518241,1.140459372953806
3.7987258943225997,6626457304.432422,23398973003.653732,145006897.15352955,515891134.055568,660898031.2090975,1415233.5217401981,1.5129722316795846e-06,3.9177172981981383,3.668058959117517,0.06358929172854898,0.00013616880824008184,0.00014541568890368627,0.9362745394632109,0.9365468770796911,1.1404264106047224
3.89560148229144,6965879895.868812,24607014783.06174,144884801.98589522,515865014.1242215,660749816.1101167,1490297.194544077,1.5513848739216125e-06,4.017627419990783,3.7616305399501613,0.06357503099130571,0.0001433911716951668,0.00015312617288170096,0.9362815778369992,0.9365683601803895,1.1403916785781358
3.9949476037510845,7322526382.91976,25877391508.171387,144756069.87610173,515837547.9145468,660593617.7906485,1569461.2364842892,1.590763421940914e-06,4.120085462339412,3.8575906554445805,0.063560002136573,0.00015100805829435624,0.00016125759113119352,0.9362889898051326,0.9365910059217214,1.1403550776673756
4.096827262558925,7697252824.023547,27213316081.68743,144620319.45987493,515808666.1959104,660428985.6557853,1652963.7943013906,1.631131397772282e-06,4.225156402636139,3.956000401578532,0.06354416180968846,0.00015904238168218266,0.00016983436398830076,0.9362967958086293,0.9366148805719937,1.1403165025899662
4.2013050693046905,8090955774.373852,28618166628.640232,144477144.94470227,515778296.19447905,660255441.1391814,1741058.6043697596,1.6725128309451107e-06,4.332906875334743,4.0569224476488195,0.06352746396467591,0.00016751855548309427,0.0001788825075343965,0.936305017479841,0.9366400545908072,1.1402758415495253
4.308447282285536,8504573954.912628,30095494952.78561,144326114.2253669,515746361.41367596,660072475.6390429,1834016.2406361103,1.7149322633864797e-06,4.443405214209267,4.160421077720824,0.06350985966565374,0.00017646261337372392,0.00018842976105517046,0.9363136777209725,0.93666660294772,1.1402329757573078
4.418321849526086,8939089957.461884,31649035421.573566,144166766.8123751,515712781.4457195,659879548.2580945,1932125.4925004244,1.7584147536922712e-06,4.556721495690296,4.2665622332599975,0.06349129686938228,0.00018590234165776195,0.00019850572774851574,0.9363228007889599,0.9366946054722755,1.1401877789085042
4.530998451870078,9395531981.533993,33282714300.959408,143998611.5492621,515677471.77385116,659676083.3231132,2035694.8901377916,1.8029858806695316e-06,4.67292758330641,4.375413556988778,0.06347172018660205,0.00019586742602707664,0.00020914203046394175,0.9363324123873709,0.936724147239425,1.1401401166076772
4.646548547170937,9874975597.250675,35000659562.32944,143821124.09100705,515640343.5647713,659461467.6557784,2145054.3975008726,1.848671746040155e-06,4.792097173258976,4.4870444380152525,0.06345107061944462,0.00020638961445647625,0.0002203724845353086,0.9363425397660989,0.9367553189950119,1.1400898457368305
4.7650454156093,10378545527.49472,36807211184.87418,143633744.11136863,515601303.4508663,659235047.5622349,2260557.296671033,1.895498976181799e-06,4.914305841159208,4.601526058282938,0.0634292852717788,0.00021750289850936934,0.00023223329011785878,0.9363532118297119,0.9367882176267306,1.140036813758605
4.886564206166231,10907417440.882477,38706931977.82755,143435872.2017774,515560253.30173105,658996125.5035084,2382582.2910488844,1.943494722764667e-06,5.039631089957108,4.718931440394646,0.06340629702884978,0.0002292437156993857,0.0002447632468296096,0.9363644592554509,0.9368229466868496,1.139980857945893
5.0111819842816105,11462819745.335096,40704618948.132385,143226866.41837162,515517089.9844828,658743956.4028544,2511535.8595021963,1.9926866621234475e-06,5.168152399092707,4.839335496867363,0.06338203420198514,0.0002416511759982358,0.0002580039939681755,0.9363763146220166,0.9368596169740131,1.13992180452776
5.138977780727911,12046035369.894077,42805315240.27956,143006038.4267516,515471705.1123749,658477743.5391265,2647854.8988474607,2.0431029931811377e-06,5.299951274900766,4.962815080879545,0.06335642013346912,0.00025476731608602344,0.0002720002801090326,0.9363888125504448,0.9368983471826169,1.1398594677399703
5.270032641730352,12658403519.911716,45014322676.29816,142772649.1859886,515423984.7811654,658196633.967154,2792009.698089242,2.0947724337152004e-06,5.435111302300893,5.089449038577362,0.0633293727559075,0.0002686373855221296,0.00028680026650619394,0.9364019898585704,0.9369392646296146,1.1397936487665434
5.4044296803652365,13301321387.77769,47337214925.150894,142525904.10441947,515373809.29266965,657899713.3970891,2944507.294466138,2.1477242147258545e-06,5.5737181978058885,5.219318263012344,0.06330080409953623,0.0002833101696521899,0.00030245586938914724,0.9364158857308116,0.936982506070116,1.1397241345567068
5.542254129269043,13976245797.838085,49779851332.12702,142264947.59004998,515321052.8649496,657586000.4549996,3105895.2684640884,2.2019880726312862e-06,5.7158598638818905,5.3525057497894055,0.06327061973999583,0.00029883835475097144,0.0003190231469712459,0.9364305419052532,0.9370282186147552,1.1396506964994024
5.683593394691724,14684694760.02471,52348391440.19383,141988856.90869033,515265583.32851756,657254440.2372079,3276766.0415358543,2.2575942389731653e-06,5.86162644469485,5.489096654512036,0.06323871817815253,0.0003152789415338749,0.0003365627376493496,0.9364460028803135,0.9370765607633813,1.1395730889352726
5.828537111928465,15428248901.837612,55049310236.706665,141696635.25487602,515207261.8079607,656903897.0628366,3457761.7450995445,2.3145734272690906e-06,6.011110383278625,5.629178352119894,0.0632049901427735,0.0003326937136349043,0.00035514035635780014,0.9364623161435915,0.9371277035708614,1.1394910474842639
5.97717720216508,16208552742.600119,57889414160.34847,141387203.93752694,515145942.38832253,656533146.3258495,3649579.728958249,2.3729568165948357e-06,6.164406480161016,5.7728404982239665,0.06316931780655892,0.0003511497676074938,0.0003748273559799857,0.9364795324258336,0.9371818319610487,1.1394042871663297
6.129607930773086,17027315767.247345,60875857904.71036,141059393.59106886,515081471.7656048,656140865.3566737,3852978.765391469,2.4327760314205724e-06,6.321611953484861,5.9201750925549295,0.06313157390687921,0.0003707201098604362,0.0003957013594816015,0.9364977059832603,0.9372391462029812,1.1393125002948887
6.285925967091418,17886313249.28745,64016162056.50075,140711934.35743248,515013688.88069296,655725623.2381254,4068785.968411088,2.4940631171635044e-06,6.4828265006623695,6.071276544651581,0.06309162076589914,0.000391484322404436,0.00041784696463539433,0.9365168949116964,0.9372998635565053,1.1392153541309251
6.446230445732716,18787386764.138546,67318231608.00899,140343445.0740659,514942424.5360184,655285869.6100843,4297904.358930945,2.556850510862901e-06,6.648152361601762,6.226241741926452,0.06304930921340285,0.00041352929074620624,0.0004413565140755021,0.936537161495851,0.9373642200773434,1.1391124883067485
6.610623029453042,19732444325.356186,70790375385.1311,139952421.70983994,514867500.99422425,654819922.7040641,4541320.807723761,2.6211710063498077e-06,6.817694383546321,6.385170120252266,0.06300447743552219,0.00043694996813193823,0.00046633090298664714,0.9365585725963459,0.9374324725326098,1.1390035120768855
6.779207973624914,20723460068.871162,74441326434.00018,139537225.7518701,514788731.55809945,654325957.3099695,4800113.649986148,2.6870577133137087e-06,6.991560087566981,6.548163737209016,0.06295694981694021,0.00046185010819405433,0.0004928803517659383,0.9365812000748658,0.9375049002912539,1.1388880015614793
6.952092192354541,21762473408.159935,78280263411.05008,139096074.28405976,514705920.1310247,653801994.4150845,5075458.284531236,2.754544009856169e-06,7.169859736750621,6.715327348101465,0.06290653594399097,0.000488342803685893,0.0005211249703655017,0.9366051212523231,0.9375818068596949,1.1387654973900572
7.129385326285181,22851587596.10826,82316833023.16788,138627035.9275759,514618860.7571539,653245896.6847298,5368626.775604129,2.8236634886923277e-06,7.352706406127298,6.886768484763772,0.06285303016982424,0.0005165504481697886,0.0005511947056323458,0.936630419382006,0.9376635202783455,1.1386355037207296
7.311199812129641,23992967683.14788,86561173566.46526,138128042.92010802,514527337.14052814,652655380.0606362,5680971.691785455,2.894449898695548e-06,7.540216054380785,7.0625975369158605,0.06279621273036032,0.0005466031810530245,0.000583227669881111,0.9366571840885867,0.9377503904506928,1.1384974910349874
7.497650953975988,25188838031.07125,91023939614.12044,137596946.80652872,514431122.1423266,652028068.9488553,6013868.0501224995,2.9669370876397664e-06,7.732507597387861,7.2429278351508835,0.06273585505427734,0.000578633301655651,0.000617364170790039,0.936685511644067,0.9378427782473783,1.1383509091201824
7.688856996411721,26441480081.619076,95716327905.69771,137031703.4118272,514329977.25543135,651361680.6672585,6368531.452471375,3.041158964402459e-06,7.929702983633032,7.427875732586925,0.06267173750990303,0.0006127577709268677,0.0006537280432567152,0.9367155047191701,0.9379410202610238,1.1381952302288036
7.884939199512753,27753233125.81897,100650104492.33986,136431048.7109141,514223652.05546767,650654700.7663817,6745363.508491993,3.11714954498906e-06,8.131927271546468,7.617560674610342,0.06260371438221898,0.000649015230340274,0.0006923595071774232,0.9367472703874408,0.9380453008481212,1.138030106781307
8.086021915744789,29126515473.737495,105837633194.25699,135799509.434533,514111883.6274884,649911393.0620214,7139059.446264505,3.1949434805495387e-06,8.339308708814237,7.812105191057024,0.06253219592063396,0.0006868952733380724,0.0007327134546371258,0.9367809088060279,0.9381546993527041,1.1378565405300087
8.292232668825829,30563877259.755,111291905428.97925,135131108.37246925,513994395.9674508,649125504.33992,7555136.006028533,3.2745772426360745e-06,8.55197881371111,8.011634781963632,0.062456580462793274,0.0007269287013267162,0.0007753547048365452,0.93681649083588,0.9382703482385335,1.1376730785657367
8.50370223459985,32067645349.169575,117026571470.91194,134393053.70924336,513870899.35765743,648263953.0669007,8024610.384377003,3.3560809509860464e-06,8.770072458507522,8.216279349487177,0.062373685019544794,0.0007720998802289496,0.0008234622555842451,0.9368542151002263,0.9383984148606842,1.1374720118341657
8.720564723972936,33639962626.985977,123055973204.79913,133574263.46611696,513741089.71529037,647315353.1814073,8555966.501585245,3.439480067525882e-06,8.993727955003607,8.426173003908332,0.06228241406396039,0.0008232251031125593,0.0008779030226790589,0.9368943608329271,0.9385408110391522,1.1372507006021344
8.942957667964452,35282817176.380554,129395178437.79453,132660683.406052,513604647.9132309,646265331.3192829,9160192.203035474,3.524796686876767e-06,9.223087142244502,8.641453938398039,0.06218138464132793,0.0008813615819413933,0.0009397996238369756,0.9369372537767306,0.9386999769406135,1.1370058139978472
9.171022104927202,36997949901.33078,136060016836.90125,131633460.38202143,513461239.07233256,645094699.454354,9852431.05423379,3.6120481493428535e-06,9.458295476472605,8.862264747843113,0.06206875054703427,0.0009479663775013885,0.0010106992149523492,0.9369832830754643,0.9388792158304671,1.136732906554118
9.404902669991897,38786710315.3995,143067117560.59775,130463745.81171525,513310511.82434374,643774257.636059,10656893.065005183,3.701244847744654e-06,9.699502123373803,9.088752882990962,0.06194170226419929,0.0010253688920676524,0.0010930758723019603,0.937032928843733,0.9390836666278684,1.1364252117950164
9.644747686792629,40649815202.18971,150433948655.48758,129110212.30442934,513152097.5447062,642262309.8491355,11608835.929364681,3.7923864898485465e-06,9.946860052676152,9.321071361791647,0.06179622794840337,0.0011169614973594586,0.001190531876584729,0.9370868105542371,0.9393207335489561,1.1360730723925376
9.890709261531562,42586896108.80696,158178858290.78778,127499517.71020292,512985609.55449516,640485127.264698,12773103.752238393,3.885454909846919e-06,10.200526135161056,9.559380052599998,0.061625233670193846,0.0012289832658362594,0.0013096934294632497,0.9371457830639699,0.9396037495956424,1.1356594092088632
10.142943379442457,44595481805.32954,166321117905.377,125477212.73937903,512810642.29079556,638287855.0301746,14290832.69500649,3.98039740438712e-06,10.460661242148415,9.803848523413365,0.06141381983851314,0.0013750138241812094,0.0014649840933569187,0.9372111663373056,0.9399611939856681,1.135148347926306
10.401610003714213,46667709249.17647,174880967343.95627,122538694.6464555,512626770.4448814,635165465.0913368,16640235.919250011,4.077070939106625e-06,10.727430347518858,10.054665350476405,0.06111339442440229,0.0016010651663846303,0.0017052806557007751,0.9372855404092131,0.9404876707419823,1.1344228776680412
10.666873176937214,48771969520.04435,183879662060.5963,118254341.52782646,512433548.06761086,630687889.5954373,20163695.19291842,4.174924684562263e-06,11.00100263233779,10.312090608237114,0.06068257780670945,0.0019400800659101437,0.002065414757644002,0.9373773421273804,0.9412575022592007,1.1333840524715622
10.9389011251367,50950049039.700325,193339522469.55197,117712866.83957005,512230507.6415537,629943374.4811237,19898452.749956846,4.274751813045474e-06,11.281551592147517,10.576166909414738,0.0606109431723714,0.001914559367878377,0.0020380899202125636,0.9374744974597502,0.9413036161955071,1.1332110759234886
11.217866364459294,53232706033.41768,203283985524.66086,117472418.0861069,512017159.1194337,629489577.2055407,19361803.4917053,4.377085622281433e-06,11.569255146995609,10.846984173615393,0.06056728038933984,0.0018629248575191375,0.0019830316941602914,0.9375697947531411,0.9412956444681794,1.1331054891491283
11.503945810580175,55635795794.91467,213737658609.9104,118321699.58756357,511792988.928594,630114688.5161576,17790217.300755143,4.482162962994971e-06,11.864295754269163,11.124685775051129,0.06062742640826641,0.0017117123435552847,0.0018221868422349985,0.9376608612481783,0.9410842859352888,1.133249900833457
11.797320890900462,58180497333.739914,224726375824.81653,118037106.69958025,511557458.94132614,629594565.6409063,17439044.88266182,4.590286371039634e-06,12.166860524406655,11.409408902161108,0.06057738200854481,0.0016779237645511943,0.0017861223824253891,0.937744694226904,0.9411005417560064,1.1331290168748567
12.098177659605764,60834495863.75531,236277256749.03662,116993371.03360651,511310005.41102874,628303376.4446353,17841705.327751637,4.700884141989081e-06,12.477141339560584,11.7014397750999,0.06045314831045341,0.0017166663410172192,0.0018271215937025517,0.9378301853485294,0.9412635180305637,1.13282954343305
12.406706915659077,63600914976.728714,248418767771.174,115963182.89332466,511050037.87435484,627013220.7676795,18223495.42536378,4.813989539236913e-06,12.79533497528639,12.000969680569005,0.060329014053967435,0.0017534008458117245,0.0018659731672426314,0.9379175851002208,0.9414243867918444,1.1325304231685485
12.723104323802648,66485817307.54779,261180786066.89157,115005709.21240139,510776938.0196897,625782647.2320911,18529219.470237374,4.929680413336976e-06,13.121643225334571,12.30818756605541,0.06021061258225356,0.0017828165416677595,0.0018970383849155753,0.9380065708760786,0.9415722039594142,1.1322452047375597
13.047570538645738,69491627102.79796,274594666311.25897,113844136.73119467,510490058.5225184,624334195.2537131,19031934.20339489,5.0479773058127585e-06,13.456273029625393,12.623296981884696,0.060071247610565925,0.0018311859909828218,0.001948217868990265,0.9380975663984512,0.9417599383804169,1.1319096922137009
13.380311331916804,72620403503.66235,288693310209.6218,112671823.67259584,510188721.8485043,622860545.5211002,19534430.126859188,5.168897274496499e-06,13.799436605487106,12.946507330640745,0.05992945819929867,0.0018795343871962588,0.0019993546267240946,0.938191007413505,0.9419500761878976,1.131568497952313
13.721537722960928,75876966939.52316,303511238930.1603,111535409.38522647,509872219.0253796,621407628.410606,19991529.253456116,5.2924981649610786e-06,14.15135158224109,13.278026696440246,0.05978966360825172,0.0019235148627574587,0.002045834626897791,0.9382868215289908,0.9421338512545057,1.1312322425421764
14.071466112565231,79267514516.92972,319084668519.634,110333065.50302303,509539808.3850649,619872873.888088,20508410.044984937,5.41885495650533e-06,14.512241139219208,13.61806588614264,0.05964199490830785,0.0019732473205486827,0.002098400087907239,0.9383847577711435,0.9423312524122409,1.1308772316922129
14.430318420197036,82790910823.27322,335451588381.5119,108981299.03362668,509190714.2778046,618172013.3114313,21160012.03373015,5.5479421119871346e-06,14.882334147300842,13.966857984558237,0.05947834406613369,0.002035942179659426,0.0021646946317656988,0.9384857137542069,0.9425575981135257,1.1304840399747154
14.798322224742,86450095719.42107,352651842892.7205,107603181.57398643,508824125.7605023,616427307.3344887,21822250.50816846,5.679793536576029e-06,15.261865314059486,14.324632104505959,0.059310474573247826,0.0020996604441364517,0.002232044035128298,0.9385898649826158,0.9427891858708887,1.1300809325753622
15.175710908831267,90250136027.23221,370727216231.4833,106277393.37189353,508439195.26189774,614716588.6337912,22418651.57988608,5.814471130517774e-06,15.651075332610825,14.691618724827745,0.05914587521693695,0.002157044064522321,0.002292644531924309,0.9386970807185407,0.9430111688475854,1.1296858689859561
15.562723806849366,94191617231.88812,389721520484.132,104650298.4700778,508035037.2277264,612685335.6978042,23298855.004717946,5.95198019040739e-06,16.05021103425683,15.068063802824653,0.05895043518016661,0.0022417341524314993,0.0023821637416735703,0.9388078306674019,0.9432912989722648,1.1292171570782386
15.959606356716533,98270607560.77914,409680687093.2345,102909900.05857143,507610726.74957275,610520626.8081442,24266116.227045417,6.09227600696905e-06,16.459525545022515,15.454227842081771,0.058742154479375086,0.002334800636427174,0.0024805112090574483,0.9389230448841978,0.9435926461570521,1.1287180078206815
16.3666102555419,102485081053.29199,430652861702.7924,100991795.59164497,507165298.18173677,608157093.7733817,25380277.26411414,6.235345541151693e-06,16.879278446184802,15.850372575473907,0.05851474361633678,0.0024420013056274284,0.002593775408663747,0.9390432550780358,0.9439272576892906,1.1281734501601308
16.783993619246058,106827991862.45682,452688502448.5629,98909527.22724968,506697743.75114733,605607270.978397,26618812.960389256,6.381125151132948e-06,17.30973593889513,16.256774705807004,0.05826940860562454,0.002561168868530551,0.002719640725208205,0.9391694225258449,0.944291760262906,1.1275864684634738
17.212021146254475,111302121085.1478,475840481732.5893,96805420.10450758,506207012.1660913,603012432.2705989,27843191.73996377,6.529672463030977e-06,17.751171013000384,16.673697713935884,0.058019742321588505,0.0026789743025370195,0.0028439813687174014,0.9393012833758745,0.9446592319809486,1.126989607093939
17.65096428536529,115898535591.7863,500164191510.6975,94332833.36184561,505692007.23039365,600024840.5922393,29391753.96277809,6.680918472272627e-06,18.203863620169003,17.1014329381009,0.057732286723554065,0.0028279715309993255,0.0030012399779314573,0.9394397417454466,0.9450956848074453,1.1263031306748275
18.10110140789824,120578580448.99223,525717652109.9412,90103279.39189678,505151586.47059286,595254865.8624897,32618048.778684735,6.8344929072582275e-06,18.66810085143229,17.540328568533095,0.05727333647661062,0.003138394308134342,0.003329060723078272,0.9395882692152551,0.9458650578315237,1.1252090900955702
18.562717984233625,125332143173.75256,552561624579.5558,88722442.7736513,504584559.7846822,593307002.5583335,32915450.664862752,6.9903633247580856e-06,19.1441771192533,17.99068437121271,0.05708591989788558,0.003167009275054725,0.00335874640318421,0.9397470708270597,0.9460810893771692,1.1247620576322284
19.03610676485346,130256779845.23288,580759726563.8916,87449021.53719625,503989688.1220906,591438709.6592869,33120399.082616687,7.149591448358031e-06,19.632394344238936,18.452627069779073,0.056906159304599344,0.003186728693346858,0.003379015486939336,0.9399071120020538,0.9462805693887476,1.124333476274172
19.52156796599961,135365184897.5047,610378551668.8342,86336716.61281481,503365682.2058164,589702398.8186312,33186150.90330243,7.3123099475308635e-06,20.13306214661362,18.92644439242216,0.05673909756229713,0.003193055103034628,0.003385123982964524,0.9400678473346682,0.9464539575407375,1.1239352946623087
20.019409460066427,140676762811.53107,641487792274.2346,85444919.03510545,502711201.30891556,588156120.344021,33064315.52110982,7.47870742161944e-06,20.646498042575832,19.41242273421496,0.056590320068081144,0.0031813325296643734,0.0033721643919256312,0.9402283474022545,0.9465910124615832,1.1235807307679748
20.52994697084904,146207074260.21182,674160365723.914,84690917.45730306,502024852.0990341,586715769.5563371,32843540.160059333,7.648922520447296e-06,21.173027645662323,19.91086482983105,0.056451734564562685,0.003160090298370945,0.003349155961738319,0.9403881751370664,0.9467083557338083,1.1232505250469937
21.05350427377067,151985824152.4422,708472543801.4363,84410242.47324723,501305187.5661972,585715430.0394444,32203078.904985428,7.823212803890804e-06,21.712984873247393,20.422062096214393,0.05635548540302272,0.0030984673615992633,0.0032835112308394997,0.940546047235378,0.9467429819585765,1.1230209107967692
21.590413401216345,158084228760.7359,744504085374.3458,85880989.8318356,500550706.0508009,586431695.8826365,29904846.413303256,8.002181962205041e-06,22.26671215830845,20.946257350299714,0.056424401991523696,0.0028773394878995303,0.003049400062880476,0.9406982585205768,0.9464529374963758,1.1231832972538345
22.14101485310292,164591564169.3531,782338372061.4207,85336118.01764515,499759850.3905447,585095968.4081899,29759340.567943692,8.186532636876771e-06,22.834560666591962,21.483685813665517,0.05629588297643897,0.0028633394255421782,0.003034149553753288,0.9408407775980189,0.9465674564491032,1.1228772908772917
22.7056578128192,171320985910.5398,822062546746.9783,83857419.29750383,498931007.2070359,582788426.5045397,30548209.276227593,8.374570484838189e-06,23.416890519317683,22.034987194206902,0.056073859383754615,0.0029392416072067467,0.003113847027573421,0.9409868990090386,0.9468653822234521,1.122349672515568
23.284700368672887,178273029267.22348,863767654733.0388,82337263.20279133,498062506.35489035,580399769.5576817,31377722.98244512,8.566308207260127e-06,24.01407102156221,22.600528701156833,0.05584403118596849,0.0030190545080879833,0.0031976226469025695,0.9411369143059435,0.9471750233221196,1.121803923296475
23.878509740985002,185444970153.73923,907548787284.3424,80732184.0232932,497152620.55841696,577884804.5817101,32288735.747526646,8.76173546563222e-06,24.626480896466912,23.18069076363335,0.05560205007240463,0.0031067089627112156,0.003289618494988685,0.9412912409648841,0.9475046588903067,1.1212297911509939
24.48746251497558,192851148830.8419,953505227282.671,79358544.17637354,496199565.26336503,575558109.4397385,32972193.752875805,8.960980679813502e-06,25.254508525418554,23.77584057222537,0.0553781836222723,0.0031724688960656088,0.0033584539770961925,0.9414493474816621,0.9477942852737933,1.1206989252430102
25.11194487958858,200507561665.54944,1001740596665.8439,78017333.31255576,495201498.7337617,573218832.0463175,33634231.8115741,9.164176506416602e-06,25.89855219435516,24.38635452295854,0.05515310655201366,0.0032361678772427046,0.0034250711937392373,0.9416107255707437,0.948083061325229,1.120165559586037
25.752352872407208,208424040004.91382,1052363005282.987,76713430.95836708,494156522.4265571,570869953.3849242,34273076.999201536,9.371400476348749e-06,26.55902034635308,25.012628265391175,0.05492710568140878,0.003297635321669949,0.0034892920339732983,0.9417752589969213,0.9483705296402611,1.119630377186893
26.409092630815167,216612373715.08185,1105485200751.6194,75502363.8118651,493062681.679606,568565045.4914712,34836858.2021271,9.582739953125798e-06,27.236331840655602,25.655066242751648,0.05470533552395185,0.0033518803726323774,0.003545857708284259,0.9419427841034158,0.9486465448486805,1.1191055440441562
27.082580649563102,225095733415.57584,1161224718853.73,74448585.20139559,491917966.7514763,566366551.9528719,35269243.44374442,9.798357017227283e-06,27.930916218307434,26.31407125088574,0.054493804182674355,0.0033934829648174705,0.003589064756877702,0.9421127128525082,0.9488996787821431,1.1186052059396858
27.773244044903397,233905493847.70874,1219704033957.7776,73664481.44123307,490720314.2546217,564384795.6958548,35467972.74772799,1.0018456685285782e-05,28.64321397456327,26.990049954875374,0.05430312654283967,0.0034126040017842525,0.0036085600973902784,0.9422842694553761,0.9491094774589446,1.118154327200183
28.48152082546114,243129023986.65112,1281050708901.8093,73746763.43543327,489467609.0266136,563214372.4620469,34866562.54561913,1.024360164457401e-05,29.373676838243508,27.683361233476038,0.054190512522301094,0.0033547384204320723,0.00354694942781611,0.9424547490572668,0.949164225898131,1.1178875812582874
29.20786017001269,252728161742.0938,1345397543720.09,72075948.4747377,488157686.487352,560233634.9620898,36061934.88502574,1.047347669189305e-05,30.12276805821398,28.394520347814904,0.05390371640928464,0.003469752956450134,0.003667441693440962,0.9426265306342653,0.9495660365471655,1.1172109105845256
29.952722712348415,262558997009.6011,1412882722542.6338,69586369.58040874,486788335.53342915,556374705.1138378,38063673.17080879,1.07071205825266e-05,30.890962697171698,29.124160977352933,0.0535324237070934,0.003662353197043969,0.0038694967358401805,0.9428052230958627,0.9501299294899506,1.1163362343122718
30.716580833399764,272589600699.1993,1483649957944.292,68769170.32524721,485357302.0240784,554126472.3493257,38373234.80972469,1.0944364740514771e-05,31.678747932922604,29.872798116926187,0.053316106631863654,0.0036921381327457412,0.00390007494435102,0.9429917552353906,0.950376031500882,1.1158263924995382
31.499918960816476,283123732487.40393,1557848631969.0688,68542857.4071114,483862292.91634744,552405150.3234589,38174561.42248905,1.118709965921396e-05,32.486623367342666,30.640619414614317,0.05315048706077587,0.0036730224758924237,0.0038792040611507245,0.9431764904633317,0.9505225354151166,1.1154358927141543
32.3032338761834,294103388185.1561,1635633933006.8042,67852622.19276217,482300981.1102363,550153603.3029984,38495274.018922925,1.143488677614262e-05,33.31510134321798,31.428209581207565,0.05293385109945718,0.0037038803176359437,0.003910899277664828,0.9433622685829068,0.9507700292181788,1.1149259272143544
33.12703503007221,305545957414.19403,1717166987655.1733,67323460.56337541,480671011.06745946,547994471.6308348,38709796.07361567,1.1687762048771142e-05,34.16470726916524,32.23608809191409,0.05272610701898174,0.0037245208777131286,0.003931831020901746,0.9435493721033051,0.9509984138587314,1.1144371409974219
33.9718448651274,317520631650.72644,1802614986661.493,67326408.452733,478970005.27015644,546296413.7228894,38460688.38843775,1.1946046044264935e-05,35.035979952838005,33.064740857008104,0.052562725839766,0.003700552609513536,0.003905854994773707,0.9437367215507204,0.9511378267697476,1.1140525882533865
34.83819914739192,330057644120.32294,1892151304008.348,66566259.351596504,477195571.58817077,543761830.9397672,39043646.1269809,1.22098089613674e-05,35.9294719426308,33.91470884125999,0.05231885716957,0.003756642759508108,0.003964036625534385,0.9439245000709219,0.9514377855899382,1.1134798091478817
35.726647306081986,343093933307.9376,1985955608186.7063,65858953.34336657,475345311.6253562,541204264.9687228,39619434.40472615,1.247860788752378e-05,36.845749878097116,34.78663177004099,0.05207277713760165,0.0038120430891178617,0.004021451222391173,0.9441151797732805,0.9517392659515163,1.1129022801301909
36.63775278202716,356686433213.2516,2084213964692.8523,65439407.10209681,473416830.1165924,538856237.2186892,39962431.12740004,1.2752663626911073e-05,37.78539484930396,35.68105429811351,0.05184685813870486,0.0038450450313692918,0.004055299573042791,0.9443080968299259,0.9519981868926645,1.1123722989862077
37.572093384996315,370932601623.24133,2187118928794.027,65177624.010409154,471407745.44766366,536585369.45807284,40219117.28934628,1.303237505754222e-05,38.749002765350745,36.598506514980194,0.05162836320349889,0.0038697424740365355,0.004080407220009357,0.9445018943224646,0.9522413792705376,1.1118600271968255
38.53026166013603,385771615801.37585,2294869627635.7866,64368368.69910587,469315701.36970735,533684070.0688132,41073772.409498096,1.3317306988579268e-05,39.73718473228598,37.53967133833258,0.05134921034701667,0.003951974393631159,0.004165889531464779,0.9446988152593522,0.9526027640466145,1.1112065481872995
39.512865263754186,401215220246.94275,2407671830815.615,63869098.67501603,467138379.97835886,531007478.6533749,41666376.38633013,1.3607408626694575e-05,40.75056744066198,38.50518384022367,0.05109167810404259,0.0040089926708581775,0.004224847204256831,0.9448993292250992,0.9529173145668156,1.1106040200006175
40.520527348686564,417356937353.398,2525738008626.6426,63667596.21623504,464873516.02481425,528541112.2410493,42022699.20026767,1.3903010744746908e-05,41.78979356297265,39.495632111707735,0.05085437297390633,0.004043276802895247,0.0042599119542528225,0.9451023502231984,0.9531889038289889,1.110049073860735
41.553886959491415,434260175849.5969,2649287377287.3096,63106665.03839765,462518912.6215304,525625577.6599281,42805049.2653805,1.4204261876589929e-05,42.855522161227135,40.51165070494872,0.05057385045716588,0.004118551783565554,0.00433793801187034,0.9453075977592685,0.9535447013263997,1.109393952978986
42.61359943772203,451857281710.57086,2778545930622.7036,62537214.49811409,460072458.3989516,522609672.8970657,43643205.010950744,1.451069415491017e-05,43.94842910491722,41.55399269308691,0.05028367067339451,0.004199196191177904,0.004421526788062426,0.9455171331354276,0.9539155255177835,1.1087169318264698
43.70033683753491,470217856590.8379,2913746457856.9863,62104734.34302158,457532146.1611637,519636880.50418526,44398481.64471978,1.4822472877433347e-05,45.069207499643966,42.623323905640724,0.04999763901072872,0.004271866261192533,0.0044966901521635025,0.9457304947280788,0.9542742272504638,1.1080501385545531
44.81478835189654,489437685994.4998,3055128547419.6387,61845228.74144733,454896093.07743984,516741321.8188872,45044175.86677116,1.5139844706391023e-05,46.218568126674995,43.720314421687895,0.049719038504657156,0.004333992695702176,0.004560748737807283,0.9459469687996407,0.954614954191045,1.1074011667340165
45.95766074965961,509487215530.0508,3202938576968.094,61229816.30045265,452162562.43291426,513392378.7333669,46097299.38288146,1.5462493876624484e-05,47.39723989371178,44.845745253921265,0.049396814940973886,0.004435320548608043,0.004665796010700974,0.9461678645104181,0.9550385056076341,1.1066516206281682
47.1296788237854,530386313853.5919,3357429690191.976,60733050.77794845,449329986.94474804,510063037.7226965,47080208.316218674,1.579031876240916e-05,48.60597029715202,46.00038066818683,0.04907647742021592,0.004529892600502691,0.00476367709173229,0.9463936299792814,0.9554534151802868,1.1059071716885096
48.33158585099696,552204385172.2683,3518861761396.702,60375517.13647397,446396993.6297412,506772510.76621515,47976064.273285806,1.6123405915133047e-05,49.84552589614117,47.18497294162584,0.04875987445168605,0.00461608872019226,0.004852706058348258,0.9466240368281217,0.9558562142685062,1.1051720782358758
49.56414406315425,575016669709.7736,3687501349373.304,59881162.12260087,443362430.1850809,503243592.30768174,49064153.4458558,1.6461836788774496e-05,51.116692798712826,48.400294741400636,0.048420334288530466,0.00472078084598759,0.004960993825417648,0.946858884865482,0.9563004465574572,1.1043847033954222
50.828135130650466,598788618870.7202,3863621642653.537,59393272.24500397,440225392.8153524,499618665.0603564,50189608.92769933,1.680525063709065e-05,52.42027716032702,49.64721175037432,0.04807155649628431,0.004829068227070437,0.005072931962507944,0.9470993752766452,0.956757511730786,1.1035768184788304
52.124360658136055,623595845825.5088,4047502398930.154,58969920.400050774,436985255.405774,495955175.80582476,51297188.83532274,1.7153704913272888e-05,53.757105695122334,50.92654120222835,0.04771906840288717,0.004935635683066173,0.005182961791315509,0.9473452959140467,0.957216567280179,1.102761233182727
53.4536426928845,649536501540.8668,4239429882197.225,58690132.77524467,433641699.9035097,492331832.6787543,52311969.31768775,1.7507309888046248e-05,55.128026200205696,52.239112698093905,0.04737044302913868,0.005033274303679843,0.005283558826039868,0.9475962826671814,0.9576628312745411,1.101955405695476
54.816824246122884,676629055987.4252,4439696802037.535,58183172.757691614,430194747.72556126,488377920.4832529,53598735.54706955,1.7865863007158685e-05,56.53390809331317,53.58582907955784,0.04699001145846381,0.005157082439402245,0.005411362421599087,0.9478529061021339,0.9581670709809385,1.1010773083120289
56.21476982765705,704881834154.56,4648602260455.122,57708228.28024934,426644791.96297,484353020.2432194,54891537.158325434,1.8229122113334443e-05,57.97564296418168,54.96762189517589,0.0466027496669987,0.005281471278411026,0.005539633428317862,0.9481157790545903,0.9586787216114123,1.100184539119181
57.648365994131304,734361585004.477,4866451712720.66,57279513.93081851,422992630.0967343,480272144.0275528,56175347.77699691,1.8597037552417866e-05,59.45414513998245,56.3854136656431,0.04621010206338673,0.005404995035632026,0.005666861273457553,0.9483849029009812,0.9591948929722454,1.0992804648965397
59.11852191126946,765161852930.8486,5093556949860.518,56900647.4901287,419239496.88099587,476140144.37112457,57447355.23981714,1.8969625669847425e-05,60.97035226517372,57.84013933822677,0.04581253554152226,0.0055273831345739885,0.005792764357589731,0.9486600813239038,0.9597148475930518,1.0983662001555872
60.62616993045468,797304544158.8776,5330236111669.832,56451402.21924462,415387096.9838476,471838499.2030922,58821147.83445054,1.934664858955332e-05,62.525225896141336,59.33279972168183,0.04539864632323804,0.005659564642082557,0.005928720528505499,0.9489417890346794,0.9602609183188444,1.0974157120401533
62.17226618001282,830851491295.8202,5576813740452.139,56042680.07058008,411437636.9059639,467480316.97654396,60182565.88324726,1.9727987793667394e-05,64.11975211100352,60.864400450978586,0.044979317307378905,0.005790555514170745,0.006063277601323394,0.9492301271784503,0.9608112382067918,1.0964539897064447
63.757791171575306,865904271792.7529,5833620887064.376,55765677.01779798,407393855.62276936,463159532.6405673,61439667.1882115,2.011362893048548e-05,65.75494213496748,62.43595511952541,0.044563586585449066,0.005911509394858612,0.0061872347671280215,0.9495249040196924,0.9613479228094096,1.0955016799791693
65.38375042190502,902543205862.7572,6100995282249.861,55322575.11277674,403259053.3180137,458581628.4307905,62886764.997263014,2.050346993674812e-05,67.43183298163329,64.04851758256915,0.04412311669061782,0.006050744073120813,0.006330045405190963,0.9498261392362614,0.9619276273825029,1.094494250653897
67.05117509058056,940774337769.5693,6379281587640.248,54901272.769160844,399037117.4966723,453938390.26583314,64326441.48657447,2.0897179826866956e-05,69.15148811065316,65.7032059163045,0.04367636059165285,0.006189264698013694,0.006471935276893116,0.9501343747103335,0.9625129041063609,1.0934738681099014
68.76112263394234,980679727562.0048,6668831742155.641,54512533.50057176,394732545.6847656,449245079.1853373,65743870.386506796,2.1294645558637217e-05,70.91499810216162,67.40112935416877,0.04322478665228964,0.006325644737847337,0.0066114220452202265,0.9504495686098631,0.9631008580855577,1.0924439208753918
70.51467747571606,1022408473802.6968,6970005420778.107,54213205.20121899,390350463.8451402,444563669.0463592,67081697.78425574,2.1695922286151186e-05,72.72348134840571,69.14339718733048,0.0427743577797995,0.006454365800190747,0.006742784057915973,0.9507712764200098,0.9636800080203912,1.0914179639958506
72.31295169473847,1065986695602.8638,7283170623751.713,53809892.496174,385896639.5641435,439706532.06031746,68523814.70704168,2.2100710184593705e-05,74.57808476301301,70.93120580406305,0.04230702108611034,0.006593121235037396,0.006884378793832854,0.9510998576788523,0.9642861001489271,1.0903551437733368
74.15708573022125,1111483890272.9187,7608704415096.355,53431469.4585135,381377488.9976984,434808958.4562119,69934480.04138857,2.250882803563951e-05,76.47998450834727,72.76576126990045,0.0418357937227851,0.006728850508300664,0.007022648585929207,0.9514353557689142,0.9648930567855155,1.0892850238645257
76.04824910500118,1159026232732.6775,7946993829823.834,53151547.30405535,376800076.5103346,429951623.81438994,71235945.69628412,2.292023454794251e-05,78.43038674141371,74.64827655540903,0.041368438011349665,0.006854072971215909,0.007149851145102457,0.9517774890174344,0.9654856349598662,1.0882251399206595
77.98764116723405,1208743340906.997,8298436969311.6045,52785456.15468274,372172105.9016787,424957562.05636144,72607970.78926194,2.3334882596483437e-05,80.43052837878572,76.57999635334858,0.040887926896101406,0.0069860844159113054,0.007283908327108002,0.9521259886879873,0.9660981575198099,1.0871371242867125
79.97649185100418,1260658995186.8115,8663444303811.021,52426484.8656241,367501902.09674203,419928386.9623661,73946227.27691889,2.375246027497872e-05,82.4816778810398,78.56224059252685,0.04040403729875921,0.007114846763781453,0.007414419235105284,0.9524811159374593,0.9667108094650223,1.0860430761841662
82.01606245633019,1314905659994.7007,9042440199918.67,52098444.5473096,362798382.1845969,414896826.7319065,75221312.05252737,2.4172926848920304e-05,84.58513605719416,80.59631680363837,0.03991991821194771,0.007237530950972118,0.00753846589285859,0.9528425508370801,0.9673176127390244,1.0849500933511482
84.10764644906338,1371627144279.8535,9435864688894.504,51804682.24566629,358071014.7307031,409875696.9763694,76424093.46599162,2.459626196180633e-05,86.74223688966325,82.68356232816151,0.039436802708868346,0.007353258362122865,0.007655153125645108,0.9532099389290087,0.9679164556532546,1.0838609376388886
86.25257028118453,1430884483098.234,9844175488833.232,51439080.63609373,353329766.36755,404768847.00364375,77650699.96867836,2.50222575065935e-05,88.95434838024947,84.82537950802583,0.03894543950699063,0.007471278139837719,0.007774041606966668,0.9535832823531717,0.9685258386328471,1.0827549051614116
88.4521942320207,1492785282820.7922,10267850289757.031,51103389.461789116,348585034.79282653,399688424.25461566,78791475.20919359,2.5450824488775252e-05,91.22287341771035,87.02318591713652,0.0384566190399342,0.007581039534395238,0.007884240778430453,0.9539623414256706,0.969124420494461,1.0816561698268623
90.70791327091413,1557453807802.647,10707389305573.691,50783694.52738502,343847567.48033917,394631262.00772417,79852956.55545771,2.5881920292465e-05,93.54925066744964,89.27842725302345,0.03797003661685168,0.00768317154841942,0.00798641605860195,0.9543467918347289,0.9697131349315677,1.0805640232267324
93.02115794189177,1625048935341.168,11163318090431.576,50450638.89793859,339128365.6421387,389579004.5400773,80858282.27762002,2.6315584758212234e-05,95.93495548389834,91.59257229595497,0.03748392611443396,0.007779900465150854,0.008082878485077445,0.9547361734204152,0.9702959743507169,1.079474513007677
95.39339527089498,1695664191413.408,11636190609221.85,50136578.75446373,334438573.2756717,384575152.03013545,81766373.57853132,2.6751734322711184e-05,98.38150084616237,93.9671478139723,0.03700247296735891,0.007867273826733068,0.00816956804756821,0.955130253205908,0.9708648008593741,1.0783969300514524
97.82612969614623,1769433084774.981,12126592542795.742,49782753.72789198,329789351.49068856,379572105.21858054,82629011.05410528,2.7190388244872875e-05,100.8904383175322,96.4037021924175,0.03652109734175821,0.007950273780583585,0.008251632452613908,0.9555286288776582,0.9714291764388253,1.0773210686454748
100.32090402224169,1846509329533.4211,12635144797894.775,49479220.21294441,325191738.7385267,374670958.9514711,83350076.23201507,2.763162383721204e-05,103.46335902946151,98.9038138052635,0.036049526229323,0.008019652144246612,0.008319568652605362,0.9559308216264304,0.9719701259149236,1.076268472648886
102.87930039857557,1927025754446.505,13162507179925.105,49136870.91535247,320656498.0599678,369793368.9753203,84012303.32399273,2.807549805123021e-05,106.10189469063955,101.46910496352726,0.035580221620625255,0.008083369313543176,0.008381588074776514,0.9563364090658316,0.9725031476929179,1.075222376766077
105.5029413227155,2011111398937.2695,13709382173716.57,48769855.59502056,316193953.0224861,364963808.6175066,84595681.13091618,2.8522085938834474e-05,108.8077186217965,104.10123660348526,0.03511553825343198,0.008139499881044714,0.00843572490151945,0.9567449618655233,0.9730239616276127,1.0741879611213259
108.19349066936759,2098874028377.2136,14276518763568.562,48417521.92710186,311813814.6245488,360231336.55165064,85055224.25414103,2.8971452383682948e-05,111.5825468168996,106.8019140125327,0.03466019638133959,0.008183715509393815,0.008477549023376477,0.9571560881092666,0.9735235191280542,1.0731755902338411
110.95265474558087,2190537871630.034,14864716209590.996,48072221.08683175,307525002.09016323,355597223.176995,85397024.98068762,2.942389553444426e-05,114.4281390314111,109.57284774806998,0.03421431823770972,0.008216602377090541,0.008507687090677847,0.9575690793851998,0.9740022841393808,1.0721854533215815
113.78218337286262,2286199599323.5107,15474827683121.309,47679380.66184361,303335461.14206797,351014841.80391157,85671573.92208016,2.9879511466838883e-05,117.34629989829966,112.41582658943382,0.033773417565920186,0.008243018513776613,0.008531144416469195,0.9579835639203031,0.9744696009478564,1.0712076028221738
116.68387099688897,2385911837193.7393,16107763650491.635,47239476.37412426,299251984.0021475,346491460.3762717,85874707.02773815,3.0338358469548536e-05,120.33888007251167,115.33269157324776,0.033338193662051895,0.008262563269102605,0.008547522220210681,0.9583992430688455,0.9749243696070506,1.0702435314193144
119.65955782551696,2489711224028.68,16764494882425.848,46708672.09301093,295280035.9920844,341988708.0850953,86047941.85729659,3.0800509242522544e-05,123.4077774046302,118.3253285537421,0.03290495462137692,0.008279231317113254,0.0085609282734686,0.9588158140615098,0.9753742766957364,1.0692850965111043
122.71113099581684,2597908680895.4375,17446054956776.42,46421894.77306781,291423594.1596588,337845488.9327266,85861683.48920679,3.1266503809893315e-05,126.55493814446375,121.39559467034701,0.032506308598943955,0.008261310189880243,0.00853887757957036,0.9592323812111758,0.9757550015909362,1.0684036988768808
125.84052577086717,2710999745708.5957,18153542116184.85,46151578.04645076,287685003.7950729,333836581.84152365,85553284.12263846,3.1737155750661186e-05,129.7823581753296,124.54535155620805,0.032120585612193976,0.00823163708394931,0.008504816779428982,0.9596477773038568,0.9761110514717554,1.0675516801656317
129.04972676706976,2829350660784.2266,18888120340647.43,45992424.44665332,284064858.9823165,330057283.4289698,85035515.12486994,3.221304914718975e-05,133.09208427981326,127.7765496134024,0.03175695476759082,0.008181819166067384,0.008450170859841793,0.9600612260663418,0.9764248643984766,1.0667489884245063
132.34076921276517,2953691048750.7256,19651019498988.34,45875315.6037758,280561913.4061767,326437229.0099525,84392410.45993215,3.269527314768678e-05,136.4862154378089,131.0911080994692,0.03140864582180235,0.008119941889665297,0.008383248368507967,0.9604714122885324,0.9767112960678629,1.065980711850783
135.71574023894442,3083448530021.9365,20443534453921.945,45437185.82670682,277173027.46042633,322610213.28713316,83979068.63344896,3.318300349772557e-05,139.96690415766133,134.49131553449678,0.031040423784882545,0.008080171588126095,0.008339018248509706,0.9608794046269914,0.9770397478032435,1.0651698942872347
139.17678020287647,3218577308822.127,21267023013629.086,44982394.4377772,273893157.23573923,318875551.67351645,83496042.28490585,3.3676243839825434e-05,143.53635784125478,137.97937871931055,0.030681087736595017,0.00803369648615932,0.00828798075073173,0.9612852157772457,0.9773526087495643,1.0643793994745097
142.7260840454923,3359164352640.4414,22122902649231.65,44447436.05545902,270715390.1742391,315162826.2296981,83015924.82819015,3.417519311138497e-05,147.19684018391584,141.55752852220996,0.030323862309666372,0.00798750126756681,0.008237287643885097,0.9616886364227668,0.9776636389579005,1.0635944252954275
146.36590268338398,3505423175471.5015,23012645932534.188,44062931.6900927,267631031.0415495,311693962.7316422,82320528.11421919,3.4680205067236006e-05,150.9506726100154,145.22802799382848,0.029990100424280144,0.007920592633520988,0.00816547608120849,0.9620893069421989,0.9779304922092408,1.06286137411055
150.09854443630303,3657988766536.999,23937774691758.473,43716622.46116085,264629740.384682,308346362.84584284,81541377.55783814,3.519213437011813e-05,154.80023574518214,148.99311673031946,0.029668006098565316,0.007845625498364702,0.008085506350068524,0.96248636840307,0.9781776193997993,1.062154493269317
153.92637649106277,3817255527780.2495,24899852934002.46,43427605.45122415,261699725.8352272,305127331.28645134,80674907.79614902,3.5711437867983677e-05,158.7479709260601,152.85516068300353,0.02935828216651022,0.007762256815378591,0.007997036056418688,0.9628794610181112,0.9784039746488683,1.0614752411838289
157.8518264027742,3983977707997.298,25900478640444.105,43218262.550704226,258827984.52807683,302046247.07878107,79718888.77215642,3.6238934724054235e-05,162.7963817485695,156.81652827616654,0.029061831045051542,0.007670272016296213,0.007899856305527643,0.9632678969386522,0.9786084409712447,1.060825512611371
161.87738363436563,4157752963976.9175,26941274601811.12,42732796.56105687,256000592.6104855,298733389.17154235,79034103.58098155,3.6773952192715106e-05,166.94803565565002,160.8798979637431,0.02874307947072285,0.007604384385774233,0.007829426205406389,0.9636525361435029,0.9788613049150514,1.0601281591529172
166.00560113536372,4338380150835.6914,28023878524588.29,42216493.33548078,253203035.41738597,295419528.75286674,78384062.02081561,3.731605783798982e-05,171.2055655654959,165.0479740209857,0.02842423143825809,0.007541839665631172,0.007762482257864073,0.9640339288961107,0.979117608227373,1.0594313498061634
170.23909696093625,4525853042713.221,29149932699426.938,41594162.769871846,250420569.5150973,292014732.28496915,77855390.29869229,3.7865012548870435e-05,175.57167154131352,169.32349596724927,0.028096633857921265,0.007490972725832257,0.007707528327190897,0.9644123934162465,0.9793943388679109,1.0587163691285393
174.5805559322253,4720206457088.359,30321073578353.336,41105714.28820803,247638605.61592585,288744319.90413386,77219662.85868329,3.8420566527744836e-05,180.04912250366303,173.7092739426587,0.0277819662433467,0.007429805260151329,0.007642118333726582,0.9647882284965019,0.9796478390168046,1.0580300904408777
179.0327313390212,4922430091351.487,31538921652435.688,40670715.44386302,244843099.5006103,285513814.9444733,76577424.90463126,3.898342586530068e-05,184.64075798646667,178.20803096780938,0.0274711383809387,0.007368011375632342,0.007576136468964132,0.965160850243429,0.9798968729946936,1.0573528272839854
183.598446685858,5132795009271.592,32805072052340.22,40212217.55203578,242020936.7125738,282233154.2646096,76015883.45615047,3.9553378214212294e-05,189.34948993779923,182.8227140305999,0.0271554847109579,0.00731398182599094,0.0075181405774980194,0.9655305334630512,0.9801584971150331,1.05666586627218
188.28059748263976,5351735243013.822,34121086306755.055,39833441.25420416,239160296.0491227,278993737.30332685,75441720.99784005,4.0130288108704514e-05,194.17830456660388,187.55633169343105,0.0268437993669956,0.007258737927027756,0.007458964883855437,0.9658974627059767,0.9804149385600323,1.055988174578514
193.08215308093008,5579604243305.348,35488485684694.3,39392369.3371306,236250976.87813342,275643346.215264,75003845.91883469,4.071383812315979e-05,199.13026423650174,192.4119986989106,0.026521436481583775,0.007216607121934279,0.0074132162662642505,0.9662619563964819,0.9806951706403505,1.0552882012200182
198.00615855707167,5816533170326.734,36908746514884.68,38929214.255231455,233284676.1129278,272213890.36815923,74664819.37500161,4.130340828423286e-05,204.20850940789816,197.3929578103893,0.026191466262225186,0.007183987176373112,0.007377207045823241,0.9666245465614017,0.9809925209141479,1.0545726022908335
203.05573664332843,6062786523873.775,38383297817638.96,38521224.49903495,230255202.27936324,268776426.7783982,74349161.4837324,4.189844613511689e-05,209.41626062961618,202.50252073860713,0.025860725565940042,0.0071536156806408365,0.007343524553813756,0.9669856587534191,0.9812928901147009,1.0538561023001878
208.23408970827788,6319307164765.636,39913521502029.375,38125488.57968997,227158616.4354218,265284105.01511177,74104248.98906872,4.249896085956812e-05,214.7568205813227,207.74398864780238,0.025524706608508283,0.007130051058965926,0.007316810500296035,0.9673452423325258,0.9816053444504577,1.0531290329794007
213.54450178770557,6585986632716.092,41500755275285.125,37671186.692592025,223993292.6169948,261664479.30958682,73994826.50391293,4.3103906599414685e-05,220.23357616803875,213.1209210219824,0.02517643891202916,0.007119522811034086,0.007303396322395207,0.9677040382769367,0.981943083899005,1.0523764744186976
218.99034066729303,6862992874403.624,43146298284822.13,37224940.87201964,220759893.79506737,257984834.66708702,73948529.64263082,4.371247670755012e-05,225.85000066806552,218.63692424577567,0.024822396403835816,0.007115068289339116,0.007296176884191008,0.9680625353068251,0.9822926718855034,1.0516123624902327
224.57506001841736,7151467842695.479,44851419369739.06,36915642.3129309,217461262.82527667,254376905.13820755,73835154.81791717,4.432467973145042e-05,231.60965593568608,224.2955587630303,0.024475254072471576,0.007104159761150281,0.0072823983100455845,0.9684205861663782,0.9826289056886788,1.0508638480480637
230.3022015884203,7451554587270.004,46617367642264.43,36414896.328673646,214102231.34898722,250517127.67766088,73973128.84398538,4.493960981531579e-05,237.51619466004203,230.10062673982458,0.02410387981599671,0.007117435138258854,0.007293230284506998,0.9687786850457445,0.9830135553222621,1.0500643600379886
236.17539744673186,7762612723236.406,48445384955430.57,35869872.38372748,210689352.91752005,246559225.30124754,74199834.67961651,4.555574296447917e-05,243.57336268161524,236.05612549381192,0.023723064324102414,0.0071392479790266476,0.007312728302942026,0.9691376876968709,0.9834161836549242,1.0492456232608915
242.19837228827603,8084992875201.674,50336719647079.41,35356813.404066056,207230569.7016744,242587383.10574046,74429192.49745587,4.617243063286233e-05,249.78500136778518,242.16600341015655,0.02334090759168214,0.007161315984225767,0.007332462309409179,0.9694977764240921,0.9838204083925436,1.0484249687263296
248.37494579561687,8418875910561.26,52292640789878.72,34830951.48717972,203734825.07480603,238565776.56198576,74694725.19784895,4.6788914695797376e-05,256.15505004896715,248.43432491882382,0.022953962708126645,0.007186864609810072,0.007355707239476922,0.9698591726820632,0.9842329019016834,1.0475950639164784
254.70903506134678,8765132195583.066,54314452033333.12,34338988.19667265,200211637.28273365,234550625.4794063,74941959.44953197,4.740499944607409e-05,262.6875485168795,254.8651621055398,0.022567638946415263,0.007210652622806266,0.007377137191399952,0.9702217084307785,0.9846430136763911,1.046767447852469
261.2046570722486,9124249808435.086,56403504012933.45,33892950.550461724,196670652.55544937,230563603.10591108,75149164.73307812,4.802020832480188e-05,269.38663958651944,261.46273642316356,0.02218402163048438,0.0072305891888132905,0.007394631861989126,0.9705853891807024,0.9850465675583289,1.0459465424912808
267.86593125680923,9497067133601.93,58561204246713.125,33459585.065447226,193121199.54503328,226580784.6104805,75342132.8882094,4.863434905459484e-05,276.2565717234755,268.23132806532965,0.021800808796963823,0.007249155908233704,0.007410715499895624,0.9709500352948025,0.9854483471112699,1.0451274457228872
274.6970820977023,9883890402796.43,60789023471515.03,32979625.576599427,189571870.86860943,222551496.44520885,75571194.47951168,4.924686917570025e-05,283.30170173824325,275.1753850049367,0.021413124814714548,0.007271195411553873,0.007430301382467598,0.9713156797737316,0.9858580705968393,1.0442998229798124
281.70244181089237,10284653057919.074,63088497527603.03,32507328.715750456,186030161.4086606,218537490.12441105,75773223.70853996,4.985701009931272e-05,290.52649754925005,282.29950033655024,0.021026911197968737,0.007290633955740289,0.007447226117994555,0.971682454846291,0.9862637227577715,1.0434762770794894
288.8864530930635,10700427870531.986,65461224219519.1,32067231.52944352,182502195.97823983,214569427.50768337,75921203.5407764,5.046483454394749e-05,297.93554101634425,289.6082455707207,0.020645118123368982,0.007304872056442162,0.007458861125442732,0.9720500098201889,0.9866597539330731,1.0426630360071145
296.25367193911126,11131617266506.637,67908855092838.266,31619536.731270432,178992579.52723056,210612116.258501,76051232.82143456,5.106995313566744e-05,305.53353084654213,297.1063836657761,0.020264359507664604,0.007317383017998361,0.0074687320901393765,0.9724182574743371,0.9870530235103337,1.041852918325768
303.8087705314899,11578887541570.648,70433082775350.22,31196600.21531721,175504399.31472087,206700999.5300381,76129837.48561218,5.167215959800559e-05,313.32528557388144,304.7987671938145,0.01988804556680502,0.007324946083230181,0.007473581002760286,0.9727870083499648,0.9874369005164252,1.0410531085834875
311.556540203241,12043178610234.854,73035625396881.56,30803546.44258048,172039398.34798896,202842944.79056945,76152915.09717551,5.227140553215925e-05,321.31574661526355,312.69034555811305,0.019516837064513137,0.00732716653011427,0.007473016169066411,0.9731559964053726,0.9878103294656011,1.0402649687531655
319.5018944765874,12525542731647.242,75718210519155.34,30470511.17234819,168598321.32796246,199068832.50031066,76092385.76317835,5.2867674593210123e-05,329.5099814042288,320.78618888931715,0.019153705210416816,0.007321342609787803,0.007464311838337953,0.9735249521797954,0.988167637399371,1.0394947161478747
327.6498721790157,13026721096968.438,78482561792462.97,30019433.111584157,165181408.1061412,195200841.21772537,76127571.12796435,5.346072245707097e-05,337.91318660464736,329.09153416766526,0.018781540648779647,0.007324728022242216,0.007464930925866714,0.9738937313289782,0.9885431873734626,1.0387063391760814
336.00564063882905,13545787886594.285,81330391952362.42,29573614.932386916,161788977.22799373,191362592.16038063,76131491.41008002,5.404932763955672e-05,346.53069140636893,337.61191214236607,0.018412237779791223,0.007325105218044503,0.0074625066651973935,0.9742626570021643,0.9889128674382534,1.0379248634468667
344.57449896219043,14083403531023.68,84263405477716.66,29116069.594817318,158422008.3744904,187538077.96930772,76121852.90564278,5.463322204254954e-05,355.3679609049171,346.352832148308,0.018044256431486726,0.007324177834936151,0.007458765716181309,0.9746315657335771,0.9892799214034493,1.0371470405054248
353.3618813937367,14639631108848.059,87283312975776.94,28630914.582080275,155082605.217009,183713519.79908928,76112529.67118505,5.521180375427803e-05,364.4305995673706,355.3199979751416,0.01767627085166302,0.007323280786000021,0.007455058417808169,0.975000448362337,0.989647009934337,1.0363700831665577
362.3733607628997,15215326066104.008,90391856988588.83,28200872.885092467,151774209.17526782,179975082.06036028,76019667.60466418,5.578492698375364e-05,373.7243547866376,364.5191810730151,0.017316571477854713,0.007314345923495273,0.0074432372737731995,0.97536908259865,0.9899977744456405,1.035611338178827
371.6146520181116,15811658568803.393,93590845515152.47,27772348.705626532,148501449.47479236,176273798.1804189,75895222.50337785,5.635261939319068e-05,383.2551205263665,373.95627084098385,0.016960446918092932,0.007302372252102415,0.007428360567190708,0.9757371808298047,0.9903419253340094,1.0348609057707923
381.0916158511421,16429093009391.64,96882185542182.92,27330387.07628326,145269562.03742775,172599949.113711,75750230.69345257,5.691456488227569e-05,393.02894105881177,383.63736371159814,0.016606962039885396,0.007288421648432554,0.00741150421763324,0.976104616311682,0.9906814596085471,1.034116810336561
390.81026241386223,17067926896497.262,100267905074227.12,26902642.262764495,142083388.3988281,168986030.66159257,75553382.35249394,5.74704201092829e-05,403.0520147980219,393.5687147543581,0.016259243475321785,0.007269481591134156,0.007389631407379626,0.976471274933544,0.9910102381158123,1.033385555429684
400.7767551297971,17729702383657.562,103750149647338.31,26501393.883516718,138946065.46234593,165447459.34586266,75293137.08253562,5.802049154817899e-05,413.3306982307855,403.75662988421766,0.015918774548085667,0.007244441703570747,0.007361629829127083,0.9768367837483436,0.9913256671554851,1.0326701984206148
410.99741460287714,18415341930319.008,107331139263547.39,26110496.324221432,135857616.50708085,161968112.8313023,74987929.8950915,5.8564767733197664e-05,423.87150994782013,414.20762958388167,0.01558400402360049,0.007215075737924688,0.007329295508621198,0.9772009202384748,0.9916310717143242,1.0319674669341523
421.4787226258737,19125997367998.348,111013074968511.45,25738804.76373727,132813725.28063513,158552530.0443724,74635645.01104796,5.9103299401567456e-05,434.68113477776825,424.9283903097488,0.015255368621458737,0.007181180121346712,0.007292428811004329,0.9775634512571946,0.991925811499888,1.0312782360928945
432.2273262910555,19862146264073.71,114797991082328.53,25336526.689636715,129804990.15788716,155141516.84752387,74296161.58875763,5.9635725488946574e-05,445.7664280266163,435.9258269476989,0.014927172889255524,0.007148516216542015,0.007256840326728817,0.9779243108942025,0.9922213433272865,1.0305906370276388
443.25004220567985,20624216405695.39,118687558542529.42,24941866.053592034,126816896.6673972,151758762.72098923,73945822.32603633,6.016150806795459e-05,457.1344198252318,447.2070583929886,0.014601696145733332,0.007114807800827123,0.007220235485486844,0.9782834960534396,0.9925131116550937,1.0299093961398356
454.55386081498364,21413355571420.42,122682855055509.84,24570549.484208174,123830617.34541729,148401166.82962546,73588104.52340111,6.06801832293807e-05,468.792319587768,458.77937061028587,0.014278640039404945,0.007080389447867815,0.007182952237284235,0.9786409705127272,0.9928017494084629,1.0292338778292085
466.1459508354224,22231051001806.88,126784126286054.4,24184713.38195356,120824577.10053602,145009290.4824896,73282196.353749,6.119110023393677e-05,480.7475205837697,470.6502642488261,0.013952285587795226,0.007050956036171057,0.007150724993439308,0.9789967583760337,0.9930986704483757,1.02855221967711
478.03366380096344,23076275398167.594,130990566872625.27,23760109.680907037,117776560.82930718,141536670.5102142,73069569.7484867,6.169221655260186e-05,493.00760462687475,482.82765816372887,0.013618162267628246,0.007030497849593409,0.007127562147490539,0.9793513398827783,0.9934123355819652,1.0278551818225115
490.22453872532407,23949444432811.83,135300149595457.62,23338737.032833137,114666043.35263206,138004780.3854652,72925227.10910034,6.21817530400133e-05,505.58034688309226,495.3196211010616,0.013278336181166825,0.007016609706837081,0.0071110323854462,0.979705054111996,0.9937382735256702,1.0271470771061102
502.72630688310255,24851398781028.234,139709526382339.44,22922681.990136344,111476423.59884635,134399105.5889827,72860002.09982523,6.265774815450385e-05,518.473720801698,508.1344501877096,0.012931410792249663,0.007010333985096461,0.007102175129210784,0.9800582552226539,0.9940789231928467,1.026425051185922
515.5468967128377,25782369747486.465,144214018400524.6,22480323.378934942,108196931.9731414,130677255.35207635,72911350.07071254,6.311770386307523e-05,531.6959031718775,521.2807344178914,0.01257330740971783,0.007015274506850548,0.007104602862666819,0.9804114180834316,0.9944419670971327,1.0256807282551716
528.6944388451117,26742254616916.574,148807706530686.94,22032981.140328363,104824083.87819488,126857065.01852325,73056093.35690916,6.355879716843287e-05,545.2552793083291,534.767324934297,0.012205742087826238,0.007029201198438457,0.007116057966661549,0.9807650567137353,0.9948234591106122,1.0249177109434142
542.1772712588753,27731327379872.676,153483627695844.03,21585496.623535287,101362577.33871785,122948073.96225314,73280183.87472256,6.39782567600776e-05,559.1604483691065,548.603278194038,0.01182963267169332,0.007050762402494049,0.0071351688287891405,0.9811196049258126,0.9952211297308007,1.024137946574027
556.0039445692729,28750626736169.875,158234072086475.9,21140990.162252128,97825419.63774683,118966409.79999895,73564494.67988785,6.437361091555617e-05,573.4202288090792,562.7978205154659,0.011446530904064382,0.0070781177914912875,0.007160075820647776,0.9814753513044443,0.9956315868874269,1.0233446805761663
570.1832274503156,29799209017169.273,163050953632913.88,20661676.59429563,94232873.12372236,114894549.718018,73922523.25173935,6.474187096139489e-05,588.0436639724661,577.3604884093228,0.011054750801228821,0.007112566045575159,0.00719207261609038,0.981832683153196,0.9960578152443463,1.0225344952454718
584.7241121958494,30875882741471.305,167926186961786.3,20158744.928457905,90609739.17029989,110768484.09875779,74315577.97251241,6.508030394886614e-05,603.0400278279956,592.3010068132485,0.010657755231618382,0.007150384392921111,0.007227412385079252,0.9821918603754605,0.9964926291613028,1.0217145511708845
599.6358204223341,31980436612355.203,172851957551185.38,19644229.103103183,86980826.51353976,106625055.61664295,74706602.07040027,6.538689988267842e-05,618.4188308503179,607.6292178749243,0.010259089068211066,0.007188007360851571,0.0072625141402758026,0.9825529035709374,0.9969289182926405,1.0208921460197589
614.9278089170587,33112786041692.992,177820746252415.88,19176534.86254478,83365307.27237475,102541842.13491952,75019118.30577564,6.56600434929075e-05,634.1898260514109,623.355141144998,0.009866216581052595,0.007218076577467083,0.007290001309260403,0.9829157068414803,0.9973518599964145,1.0200825607831516
630.6097756354951,34274808618518.742,182825005019384.34,18695134.265369788,79771787.12959562,98466921.39496541,75308431.9558362,6.589893956792082e-05,650.3630151657946,639.4889095773283,0.009474141992436253,0.007245913322662246,0.00731521874374623,0.9832799446849015,0.997771771330226,1.019275548309713
646.6916658516042,35466572447807.4,187856502693325.47,18245301.714407854,76196575.33488256,94441877.04929042,75534746.6972689,6.610221457950392e-05,666.9486549934899,656.0410066203605,0.009086866335631497,0.007267688533717281,0.007334334652364103,0.9836454451306512,0.9981808221980858,1.0184792683181663
663.1836784649797,36689819215858.914,192905541117930.5,17797206.78813437,72626968.4976277,90424175.28576207,75743129.71675032,6.626877651992178e-05,683.9572639047271,673.0221308385359,0.008700297156340844,0.0072877384173473435,0.007351700395391639,0.9840119644263118,0.9985874412610065,1.0176853464048228
680.096272468841,37941845819816.12,197960386299771.75,17283368.330096565,69049065.36658409,86332433.69668067,76013489.98300749,6.639591036445383e-05,701.3996285105432,690.4435168541291,0.008306604124588394,0.007313751534395646,0.007375012846525487,0.984379644341016,0.9990071474098072,1.0168778327352026
697.440173582976,39219421006325.54,203007237257637.75,16780364.938894644,65456634.80585438,82236999.74474902,76273540.26268084,6.648055742222584e-05,719.2868105034944,708.3167310799206,0.007912555826626389,0.007338772660677392,0.007397304243470392,0.9847486715126962,0.999426216834051,1.0160705381253046
715.2263810558339,40524327150435.15,208030799203290.97,16281908.578448314,61855895.92904849,78137804.5074968,76524971.88350907,6.65210160399906e-05,737.6301536728183,726.6533980980892,0.007518145630976344,0.007362964529818502,0.007418739695245664,0.9851188898392051,0.9998448188988422,1.0152634524644213
733.4661746400899,41854514715876.55,213015131475677.16,15770962.682430562,58262605.77782561,74033568.46025617,76768765.42481534,6.651470972187274e-05,756.4412910985013,745.4655761409585,0.007123250426260203,0.007386421489723949,0.007439414300813343,0.9854903280840158,1.0002631710634637,1.0144563266501103
752.1711217460944,43207467731106.69,217944161624818.8,15251061.399571212,54692480.753302984,69943542.1528742,76986145.78198996,6.64592993825776e-05,775.7321525288028,764.7655809335681,0.006729722432899807,0.007407337065645917,0.00745752413309832,0.9858629405014543,1.000677614632746,1.0136529157994516
771.353084777762,44586113313181.62,222801358257990.38,14782520.006013516,51150841.03280959,65933361.03882311,77115610.74141861,6.635406106750532e-05,795.5149719459331,784.5657659192123,0.006343876864137577,0.00741979373019169,0.007467164502318659,0.9862363294056707,1.0010759168660541,1.0128659933759332
791.0242286555302,45991109714557.63,227568560303517.0,14314089.778196262,47628474.71364343,61942564.49183969,77220065.15456419,6.619755659060167e-05,815.8022953246629,804.8789143903954,0.005959896410464346,0.007429843967650706,0.007474390561126372,0.986610259621885,1.0014699475571864,1.0120837486524796
811.1970285311764,47415226948597.0,232224541591511.0,13745539.983463958,44106470.89042994,57852010.873893894,77416390.97415787,6.59860690433168e-05,836.606988588798,825.7185056048601,0.005566317681130031,0.0074487337497751134,0.0074904278507600276,0.9869849485690949,1.001882416068645,1.0112830212972044
831.8842776993733,48857004668046.95,236744085239336.28,13258852.943385594,40566338.904251635,53825191.84763723,77541164.7356016,6.571683185537743e-05,857.9422457705568,847.0981901116895,0.005178871270781,0.007460739043696172,0.007499578394787909,0.9873603896855229,1.0022818677729153,1.010495597874796
853.0990957110138,50317554515918.3,241098005723090.84,12752214.40234086,36999011.127492234,49751225.52983309,77705835.90802272,6.538722853952485e-05,879.8215973780385,869.0319301703722,0.004786888513318121,0.007476583126637698,0.007512544841244036,0.9877365283600442,1.0026896946133197,1.0096999471036807
874.8549366934362,51790737755982.53,245254085570872.3,12176192.301966242,33409914.061266728,45586106.36323297,77951738.82147643,6.499285509355729e-05,902.2589189760696,891.5343280582626,0.004386135348288175,0.007500243042936588,0.0075332850507865735,0.9881136216087752,1.0031141076946484,1.0088875793890852
897.1655978828327,53272015629676.89,249178820415262.28,11685377.950800667,29822327.184449747,41507705.13525041,78100147.25728673,6.453002770175142e-05,925.2684399858827,914.6202210698215,0.003993725879314885,0.00751452238237183,0.0075446536609480265,0.9884917517383133,1.003520796503057,1.0080929398367542
920.0452283742592,54765233328440.67,252840071547283.88,11178327.12320523,26279881.297942247,37458208.42114748,78213085.48089932,6.399769287472278e-05,948.8647527092113,938.3043753450095,0.003604097501339854,0.007525388902333264,0.007552609242432511,0.9888705135963269,1.0039212914009934,1.0073048102550197
943.5083380947817,56261741821133.49,256210353283396.62,10594923.032583114,22841920.82084275,33436843.853425864,78293177.45613146,6.339356436369503e-05,973.0628215825128,962.602132578412,0.003217175899869996,0.007533095071420853,0.007557408584183359,0.9892497290287091,1.0043159191715507,1.0065230231769096
967.5698070054617,57752466233896.68,259269262052232.22,10091149.948857725,19565484.632883113,29656634.581740838,78132389.79916254,6.271716168420846e-05,997.877992667195,987.5289181170639,0.00285345741559433,0.007517624646722142,0.007539137253826256,0.9896289179376835,1.0046641672311278,1.0057886023619087
992.2448945380054,59251016407173.086,262003047259364.9,9638845.030213015,16482597.23320525,26121442.263418265,77741593.27126119,6.197398621678418e-05,1023.3260033818608,1013.0995615866194,0.0025133136036433815,0.007480023574778018,0.007498870588239402,0.9900066628215786,1.0049667099711346,1.0051021611172866
1017.5492492720786,60753009901323.64,264401267454105.03,9159862.387619406,13593585.833152559,22753448.220771965,77207121.41710874,6.11665108467163e-05,1049.4229924827546,1039.3297936879587,0.0021892570236501947,0.007428598566608119,0.007444897360444827,0.9903821444097417,1.005239341542958,1.0044486077399462
1043.4989188594027,62246551480430.73,266453236981657.94,8651382.74582393,10882008.829592003,19533391.57541593,76553809.94459534,6.02958046780684e-05,1076.1855102987222,1066.2359883350937,0.001879434461417119,0.007365739226961941,0.0073796087178981335,0.9907548263116209,1.005486304765545,1.0038241592450363
1070.1103602009432,63738023482792.16,268146492705760.06,8229340.51401043,8329152.414656941,16558492.92866737,75694397.2878616,5.936604224813541e-05,1103.6305292271884,1093.834429077349,0.0015932001423877907,0.007283049553875354,0.00729467142542902,0.9911237503037369,1.0056898494114874,1.0032474163866045
1097.4004498836312,65226796887087.91,269465663889729.88,7791836.7481757505,5906926.094237683,13698762.842413433,74765077.5695009,5.8379513295488095e-05,1131.7754544977995,1122.1421433103849,0.001318046938516048,0.007193633668384185,0.007203127728834916,0.9914883193930998,1.005875586729868,1.0026933395875735
1125.3864948832543,66701951624025.32,270388134712980.06,7327411.59880862,3559283.7619657195,10886695.36077434,73834623.796391,5.733554637570665e-05,1160.6381352105723,1151.177090930501,0.001047479663375022,0.007104108668120574,0.007111557880375182,0.9918484116685045,1.0060566290047455,1.0021489385073996
1154.0862435402832,68165173005107.516,270876669478329.38,6910777.856714411,1207851.4739565626,8118629.330670973,72907836.79598144,5.623344747631029e-05,1190.2368756555265,1180.9576907479966,0.000781146053649924,0.007014936471872005,0.0070204204455980475,0.9922039174744781,1.0062337904182221,1.0016134904094325
1183.5178968156126,69611533589681.82,270876948015552.34,6471992.730971826,-1192196.2584562097,5279796.472515617,72095600.9794267,5.506901004660445e-05,1220.5904469210018,1211.5034079819018,0.0005080035078088122,0.006936785988965007,0.006940311691649651,0.9925552105032261,1.0064287824811562,1.001065000968305
1213.7001198333392,71026992573655.2,270330309773355.16,5961932.536289,-3586402.394076378,2375530.142212622,71387124.03815737,5.383658172555461e-05,1251.7180987980023,1242.8344251297426,0.00022856518266026947,0.006868618821302389,0.006870189107330616,0.9929028159960374,1.0066400536386422,1.000504510450236
1244.6520537179165,72395127694108.1,269196784348825.8,5520604.567051253,-5845365.991045252,-324761.42399399914,70512586.72520617,5.253385771117718e-05,1283.6395719881382,1274.970863212756,-3.124740573784466e-05,0.006784473906815329,0.006784261916230601,0.9932467734989225,1.006815721312553,0.999983533569464
1276.393327733175,73733878292394.5,267464717295545.62,5131304.08344871,-7876640.562001305,-2745336.478552595,69408867.20484018,5.1168464421662296e-05,1316.375110622889,1307.9317079130874,-0.0002641466519552634,0.006678277883748585,0.006676514304848228,0.9935858687682066,1.006942424535704,0.999516470232269
1308.9440717309083,75035005587066.7,265137908921169.28,4704067.399408694,-9673716.065348085,-4969648.665939391,68168280.60822894,4.974601708732062e-05,1349.9454751021294,1341.7367930510984,-0.000478162173109624,0.006558912990404726,0.006555778265223002,0.9939192491827049,1.0070370751635143,0.9990873001363665
1342.3249289169387,76277701380324.19,262219643777166.94,4294243.58926242,-11278331.389910705,-6984087.800648285,66782559.22999655,4.8269998506518694e-05,1384.3719552600808,1376.4068337580268,-0.0006719844448631948,0.006425583737155631,0.006421268744443078,0.9942464007077075,1.007097568182019,0.9986985636173636
1376.557068942732,77482439033509.81,258699759302151.03,3940481.306967237,-12776682.395948378,-8836201.08898114,65308620.994161725,4.6747691145443575e-05,1419.6763838670063,1411.962461110956,-0.0008501882927255561,0.006283766567119744,0.006278428720524841,0.9945664217256058,1.0071339548598455,0.9983411426966796
1411.6622013308838,78635188346862.81,254541115301377.3,3553115.346680985,-14258695.868291348,-10705580.521610364,63924084.33325095,4.5177583136158696e-05,1455.8811504752387,1448.4263141383358,-0.0010300534284641732,0.006150551303218206,0.0061442224258432205,0.994879502125246,1.0071806047316825,0.997980747046754
1447.662589242974,79711813956222.95,249691946667697.56,3129576.1189386896,-15706495.551394422,-12576919.432455732,62608471.69995211,4.355528660010841e-05,1493.0092156182989,1485.8220774256222,-0.0012101070983276297,0.0060239676676344354,0.006016686832190387,0.9951861394306932,1.007234074765962,0.9976202861770511
1484.5810635985486,80717372316517.4,244115995057382.2,2781460.9591507707,-17055923.313468806,-14274462.354318036,61188512.55496,4.188286595383198e-05,1531.0841253721414,1524.1729563955887,-0.0013734387273877913,0.00588734417649113,0.005879269360263,0.9954860945508966,1.0072607829038789,0.9972932434487264
1522.4410375541477,81644723646666.23,237785234288675.16,2399677.776851812,-18325828.294495486,-15926150.517643673,59793844.76385938,4.0161954211041925e-05,1570.130026287725,1563.5028281325879,-0.00153235837232932,0.005753154130758266,0.005744351725298401,0.9957792042415711,1.0072855125030875,0.9969752110227816
1561.266521351592,82462076246416.73,230653382789016.88,1935192.7219209166,-19604812.25496143,-17669619.533040516,58558059.68853261,3.838902986575427e-05,1610.171680704405,1603.8370360661745,-0.001700108849111539,0.005634251222960258,0.005624688640029846,0.9960658576261513,1.0073343600720719,0.9966399646184312
1601.0821375449186,83152006381821.45,222584018997438.3,1545894.6197803216,-21319696.873728454,-19773802.253948133,57737588.37182443,3.655212896041608e-05,1651.23448245384,1645.202948222714,-0.0019025659341253588,0.005555308349098742,0.0055447590793614165,0.9963472575850266,1.007457874283224,0.9962363285628119
1641.9131366156555,83700249242497.48,213160286434471.88,1081088.788966789,-24167271.454123035,-23086182.665156245,58137330.04602443,3.460843520867356e-05,1693.3444729643986,1687.6336712249743,-0.0022212715654598893,0.005593770091661749,0.005581372347968961,0.9966275014737982,1.0078150416571217,0.9956032300434987
1683.7854129863026,84027240542144.84,201843688947145.8,280694.71049157664,-27414506.155119553,-27133811.444627978,59229495.440802276,3.24984707451821e-05,1736.528357776248,1731.1657251654067,-0.0026107202173129103,0.005698854417268375,0.005684015044276771,0.9969118658000445,1.0083095746345814,0.9948310772292001
1726.7255214421907,84034703836193.03,188837096838999.2,0.0,-28606764.80713679,-28606764.80713679,57738219.242425226,3.024927868288029e-05,1780.8135234776116,1775.8220341982803,-0.002752442626289925,0.00555536904925638,0.005540120186300837,0.9971970735770336,1.0083078116755464,0.9945482850478815
1770.7606939721481,84034703836193.03,175292506405157.56,0.0,-27068782.841184106,-27068782.841184106,53394394.397373095,2.8032891045485553e-05,1826.2280550729527,1821.60229600646,-0.0026044633930528537,0.005137421450313773,0.005124075981995445,0.997467041942739,1.0077418848433666,0.9948374730718073
1815.9188570386234,84034703836193.03,162122817385152.3,0.0,-24751331.63437479,-24751331.63437479,48512640.53673762,2.594754929743135e-05,1872.800753794067,1868.519100816459,-0.002381486361956431,0.004667716207247759,0.0046566265147102515,0.9977137701547086,1.0070492025692042,0.9952755695672929
1862.2286492882422,84034703836193.03,149397685925149.72,0.0,-22905922.81981371,-22905922.81981371,44332126.84231571,2.399428354473207e-05,1920.5611553654066,1916.6018143730362,-0.0022039275950572856,0.00426548183471763,0.00425610169474521,0.9979384457603396,1.006469409429775,0.9956247091434115
1909.719439714011,84034703836193.03,136959556953534.19,0.0,-21318981.67102216,-21318981.67102216,40607194.28460816,2.2150885925767788e-05,1969.539548735196,1965.8843901846308,-0.002051237680878048,0.003907081882083644,0.0038990839341969123,0.9981441557987945,1.0059583195629618,0.99592525383941
1958.4213462807147,84034703836193.03,124821664585643.1,0.0,-19702306.320358593,-19702306.320358593,37035779.035927966,2.041367810783862e-05,2019.7669952842523,2016.3984966005244,-0.0018956868460304635,0.0035634528267562545,0.003556710417602466,0.9983322340192742,1.0054591396727868,0.9962319825315015
2008.3652550252814,84034703836193.03,113076916459249.22,0.0,-18051244.462119788,-18051244.462119788,33606493.06667742,1.8786643872924073e-05,2071.275348524651,2068.175329761579,-0.001736827461968824,0.003233498952449281,0.0032278926598333945,0.9985033285095195,1.004970326414418,0.9965457571735824
2059.5828396442594,84034703836193.03,101800824752930.5,0.0,-16424424.032670114,-16424424.032670114,30369482.6878082,1.7271464207651805e-05,2124.0972743007615,2121.2472781294596,-0.0015803005032048792,0.002922045161410325,0.002917434737826071,0.9986582553417945,1.0045023456646152,0.9968553599475846
2112.106581580804,84034703836193.03,91043682937055.69,0.0,-14853500.386724986,-14853500.386724986,27346047.724639423,1.5867056954242916e-05,2178.2662715054385,2175.648019165872,-0.001429151736998802,0.0026311408481632386,0.0026273859150190227,0.9987980108888356,1.004060292585162,0.997154695810028
2165.969790623946,84034703836193.03,80844716342062.94,0.0,-13347108.411856946,-13347108.411856946,24534060.771344095,1.4571146701830115e-05,2233.8166933245443,2231.412281526424,-0.001284211981962488,0.0023605813211771505,0.0023575537224386745,0.9989236306607854,1.0036447933031396,0.9974420590215713
2221.206626033166,84034703836193.03,71240472848465.86,0.0,-11906890.917557795,-11906890.917557795,21924734.32347735,1.338112864608433e-05,2290.7837690232277,2288.575724299831,-0.0011456393034662293,0.002109521077579722,0.002107107092877509,0.9990361182258866,1.003255160381046,0.997717082619727
2277.8521182016984,84034703836193.03,62265473965209.0,0.0,-10536263.968622066,-10536263.968622066,19511459.733928286,1.2294164013257592e-05,2349.2036262878123,2347.1749436037107,-0.00101376238328925,0.001877324256513118,0.0018754230231994436,0.9991364381267761,1.0028910866398024,0.9979790643172313
2335.9421908722898,84034703836193.03,53949169754721.76,0.0,-9241695.65809392,-9241695.65809392,17290924.56788681,1.1306961570295444e-05,2409.1133141374394,2407.2475315496417,-0.000889203558669807,0.0016636721471119337,0.001662194118186842,0.9992255314115579,1.0025528757057818,0.9982267201122872
2395.5136839195197,84034703836193.03,46312844885276.64,0.0,-8030697.347340305,-8030697.347340305,15260986.79524311,1.0415590255251834e-05,2470.5508264200253,2468.8321306573257,-0.000772685546466911,0.0014683586507480725,0.0014672249472379262,0.9993043268957188,1.002241044197215,0.9984585676231309
2456.6043767131086,84034703836193.03,39367900080777.54,0.0,-6909855.59664372,-6909855.59664372,13418701.78280107,9.61543146752157e-06,2533.5551259074014,2531.968465822398,-0.0006648420824211951,0.0012911004451380663,0.0012902426375360982,0.9993737416372831,1.0019559425275593,0.9986733032231137
2519.253012077031,84034703836193.03,33115334960030.77,0.0,-5883916.846849108,-5883916.846849108,11759473.13367573,8.901236180892784e-06,2598.1661690049227,2596.6973596017133,-0.0005661298524317069,0.001131455281086706,0.001130815092905032,0.999434674571345,1.0016975851335184,0.9988699783766615
2583.499320859664,84034703836193.03,27545889394012.51,0.0,-4955579.62296559,-4955579.62296559,10276932.87373103,8.267229399230791e-06,2664.4249310912514,2663.0607403167,-0.00047680849911491444,0.0009888104544460957,0.000988339205912708,0.9994879980446688,1.001465618953561,0.9990480404919586
2649.384047130499,84034703836193.03,22640560812379.89,0.0,-4125508.0328165363,-4125508.0328165363,8963041.94323274,7.707232960925455e-06,2732.373432504336,2731.1016477751505,-0.00039694192059749585,0.0008623924750702171,0.0008620502911719876,0.9995345494455273,1.0012593343956677,0.9992073311390687
2716.9489740194417,84034703836193.03,18371456925373.184,0.0,-3392393.9101166883,-3392393.9101166883,7808233.080794453,7.214799669345336e-06,2802.054765190096,2800.864237786795,-0.0003264042497053721,0.0007512808146073206,0.0007510356733718517,0.999575123435098,1.0010776850643126,0.9993480746676098
2786.236950215051,84034703836193.03,14702971368697.57,0.0,-2753100.367466084,-2753100.367466084,6801626.3419477455,6.783354661211703e-06,2873.513120030696,2872.393786164117,-0.0002648936661295449,0.0006544286429412274,0.0006542553348469949,0.9996104650231883,1.0009193223090709,0.9994708509229205
2857.2919171385647,84034703836193.03,11593190735730.041,0.0,-2202925.4178304607,-2202925.4178304607,5931351.14535141,6.406335157248555e-06,2946.793814869771,2945.7366936870662,-0.00021195776116079393,0.0005706938143486211,0.0005705728769990334,0.9996412639468122,1.0007826515755094,0.9995765446334269
2930.1589368108994,84034703836193.03,8995391798794.668,0.0,-1735953.272821507,-1735953.272821507,5184937.743979292,6.077318029453128e-06,3021.9433232523324,3020.9404937928557,-0.00016702733837869639,0.0004988765334844067,0.0004987932213802382,0.9996681508048942,1.000665903871863,0.9996662777106522
3004.884220430326,84034703836193.03,6859512773669.399,0.0,-1345418.3240867972,-1345418.3240867972,4549701.518649224,5.790128233443371e-06,3099.0093038976124,3098.0538641561834,-0.00012945143466499876,0.00043775633075788975,0.0004376996699076678,0.9996916951039071,1.0005672077654229,0.9997413389264624
3081.515157678928,84034703836193.03,5133550777299.356,0.0,-1024018.5672104715,-1024018.5672104715,4013058.908323951,5.538926876680379e-06,3178.0406309235177,3177.1266423813845,-9.852747675260597e-05,0.0003861224600388116,0.00038608442011508413,0.9997124050167138,1.0004846499367914,0.9998031231974932
3160.1003467764613,84034703836193.03,3764896868214.7646,0.0,-764156.8047061012,-764156.8047061012,3562757.3925487036,5.318281750445708e-06,3259.0874248418977,3258.209845359091,-7.35244889319973e-05,0.00034279602676126934,0.0003427708247115616,0.9997307284621707,1.0004163205156933,0.9998530847126746
3240.6896253006244,84034703836193.03,2701637915063.5107,0.0,-558126.133704302,-558126.133704302,3187039.9620273598,5.123223904163127e-06,3342.2010843442304,3341.355691716481,-5.370094002628563e-05,0.0003066458127059885,0.00030662934642184596,0.9997470551273203,1.0003603467527322,0.9998927007821686
3323.3341017933144,84034703836193.03,1893830165371.9639,0.0,-398272.3752861928,-398272.3752861928,2874779.158007135,4.949291949113606e-06,3427.434318897911,3426.617627102934,-3.832037177227293e-05,0.00027660117280003135,0.0002765905737464167,0.9997617191989723,1.0003149215445721,0.9999234401580718
3408.0861881729325,84034703836193.03,1294703986561.019,0.0,-277159.6651188996,-277159.6651188996,2615607.6841968177,4.792563067980687e-06,3514.8411821738473,3514.0503525006793,-2.6667331370906406e-05,0.0002516646021376986,0.00025165789109332475,0.9997750027292333,1.0002783319335087,0.9999467307989425
3494.999632973247,84034703836193.03,861719662669.5002,0.0,-187746.62325479303,-187746.62325479303,2400052.9081001305,4.6496678977902144e-06,3604.4771063264907,3603.7098560489694,-1.8064321927782844e-05,0.00023092467722731917,0.00023092050580496258,0.9997871396447005,1.0002489889991553,0.9999639256574363
3584.129555429932,84034703836193.03,557379637191.4885,0.0,-123561.5156276175,-123561.5156276175,2219663.6949430625,4.517786425584685e-06,3696.3989371481066,3695.653448875609,-1.1888655878262624e-05,0.00021356825950711108,0.00021356572049775272,0.9997983203963712,1.0002254569153852,0.9999762687214918
3675.5324804363668,84034703836193.03,349719029665.4853,0.0,-78853.91230876959,-78853.91230876959,2067107.990320168,4.394623702714063e-06,3790.6649701195297,3789.939805155143,-7.587047013237865e-06,0.0001988898844053242,0.00019888837542986941,0.9998086971626079,1.0002064769314187,0.9999848656346487
3769.2663743909175,84034703836193.03,212436973239.92352,0.0,-48700.095909427175,-48700.095909427175,1936220.424286736,4.2783667928281045e-06,3887.3349873803295,3886.6290061831146,-4.685752506067157e-06,0.00018629634163910835,0.00018629546870464902,0.999818389410867,1.000190982094145,0.9999906632665341
3865.390681958366,84034703836193.03,124682387143.85791,0.0,-29047.69386838485,-29047.69386838485,1821988.2706019578,4.167626956118418e-06,3986.4702956417505,3985.782587829283,-2.7948672748488e-06,0.00017530532426211212,0.00017530483430836758,0.9998274895430127,1.000178100191537,0.999994441020498
3963.966363768853,84034703836193.03,70554286562.79628,0.0,-16697.132208885574,-16697.132208885574,1720476.4972822526,4.061372853818088e-06,4088.13376506654,4087.4635904395104,-1.6065395279185705e-06,0.0001655382172914654,0.0001655379513482032,0.9998360683222365,1.0001671447568192,0.9999968143314133
4065.0559350782064,84034703836193.03,38407647037.287445,0.0,-9228.939158618514,-9228.939158618514,1628703.7455455565,3.958861142073716e-06,4192.389869140275,4191.736610159914,-8.879761730092799e-07,0.0001567081648365654,0.0001567080256835725,0.9998441798113364,1.0001575961410096,0.9999982486073818
4168.723505414219,84034703836193.03,20066447079.928253,0.0,-4893.564476662499,-4893.564476662499,1544487.9218427865,3.859570237768828e-06,4299.30472555952,4298.66785075445,-4.7084161913701324e-07,0.00014860521350563432,0.00014860514353614795,0.9998518656281135,1.0001490760551246,0.9999990804008955
4275.034819233964,84034703836193.03,10037150629.483654,0.0,-2483.1008647304393,-2483.1008647304393,1466281.8030540587,3.7631416063418646e-06,4408.946138162694,4408.3251752239885,-2.3891526048259563e-07,0.00014108049491399946,0.00014108046120772433,0.9998591584203464,1.0001413194101745,0.9999995420733377
4384.057297617976,84034703836193.03,4794121774.266568,0.0,-1202.6369117516383,-1202.6369117516383,1393016.4217706914,3.669331101723117e-06,4521.38363993028,4520.778156836003,-1.1571350770252292e-07,0.00013403115676495386,0.00013403114125574037,0.9998660845567428,1.0001341468702727,0.9999997865373678
4495.860081027689,84034703836193.03,2180606388.845262,0.0,-554.4486693013336,-554.4486693013336,1323964.7075074469,3.5779711186856346e-06,4636.6885370816035,4636.098129466668,-5.3347107293096977e-08,0.00012738724288521554,0.00012738723608947497,0.9998726661042221,1.0001274405899927,0.9999999095333003
4610.5140731533465,84034703836193.03,941807449.4897965,0.0,-242.62001843870632,-242.62001843870632,1258631.7680113027,3.4889429121391074e-06,4754.933954296224,4754.358237389891,-2.3344047649014173e-08,0.00012110113647708562,0.000121101133650095,0.9998789222075706,1.0001211244805246,0.9999999679773904
4728.091985880057,84034703836193.03,385073149.7817338,0.0,-100.46502887984602,-100.46502887984602,1196672.7975188436,3.402157546147315e-06,4876.194881088524,4875.633484795533,-9.666392890095338e-09,0.0001151396615387543,0.00011513966042576912,0.9998848700048542,1.0001151493279314,0.999999993924356
4848.668385400603,84034703836193.03,148569382.47665593,0.0,-39.24097250079194,-39.24097250079194,1137835.768547586,3.3175435561482465e-06,5000.548219364944,5000.000785382539,-3.7756288114517805e-09,0.00010947856886936085,0.0001094785684560104,0.9998905252067595,1.0001094823444983,1.0000000044342994
4972.319739504258,84034703836193.03,53908137.52362046,0.0,-14.409204085632544,-14.409204085632544,1081924.0339975406,3.2350394344818208e-06,5128.0728321940815,5127.539012368997,-1.3864031044262472e-09,0.00010409893777430746,0.00010409893762998436,0.9998959024486288,1.0001041003241775,1.0000000080637825
5099.1244660715165,84034703836193.03,18330467.788226306,0.0,-4.9565066323561,-4.9565066323561,1028773.4848267033,3.1545893290154617e-06,5258.849593820475,5258.329049215708,-4.768976927087589e-10,9.898497825687073e-05,9.898497820966503e-05,0.9999010154986409,1.0000989854551545,1.0000000088442307
5229.162982805581,84034703836193.03,5819148.213375381,0.0,-1.5911973232558811,-1.5911973232558811,978239.4690330597,3.076140729598341e-06,5392.961440953873,5392.453841297218,-1.5309942836581362e-10,9.412277240850676e-05,9.41227723940966e-05,0.9999058773806909,1.000094122925508,1.0000000085528973
5362.51775823207,84034703836193.03,1717897.1198553022,0.0,-0.4748702007738515,-0.4748702007738515,930189.740054349,2.999643296915007e-06,5530.493425366464,5529.998448692299,-4.569034602048819e-11,8.949959592859642e-05,8.949959592450715e-05,0.9999105004497617,1.000089499641619,1.000000007918797
5499.273363999386,84034703836193.03,469656.26136659936,0.0,-0.1311977187023656,-0.1311977187023656,884500.8421635979,2.9250483008242493e-06,5671.532767831503,5671.050100215256,-1.2623384568754018e-11,8.510357033987493e-05,8.510357033880063e-05,0.9999148964422835,1.0000851035829634,1.000000007217371
5639.516528512791,84034703836193.03,118387.263771269,0.0,-0.03341021775983947,-0.03341021775983947,841056.3058612277,2.8523083602235147e-06,5816.168913437422,5815.698248772963,-3.214614030485154e-12,8.092348935538655e-05,8.092348935512642e-05,0.9999190765138593,1.0000809234925698,1.0000000065421821
5783.3361919363115,84034703836193.03,27388.396305043207,0.0,-0.007806084411875038,-0.007806084411875038,799745.7251923301,2.781377321087643e-06,5964.49358831261,5964.034628109773,-7.510740772162367e-13,7.69487301011875e-05,7.69487301011297e-05,0.9999230512706498,1.0000769487308523,1.000000005919605
5930.823562597259,84034703836193.03,5786.988639762706,0.0,-0.0016652523353496533,-0.0016652523353496533,760464.2345065641,2.7122101931654574e-06,6116.600857796763,6116.1533109893035,-1.6022474202331824e-13,7.316920277201747e-05,7.316920277200573e-05,0.9999268307973882,1.0000731692029323,1.0000000053534117
6082.072174829259,84034703836193.03,1111.0608558828887,0.0,-0.00032269981487067996,-0.00032269981487067996,723112.155818123,2.644763109852224e-06,6272.587186095776,6272.15076885596,-3.104904493514543e-14,6.95753167015118e-05,6.957531670150963e-05,0.9999304246833295,1.0000695753167326,1.0000000048406628
6237.177948290336,84034703836193.03,192.7872060867437,0.0,-5.6500108982441416e-05,-5.6500108982441416e-05,687594.7176870011,2.5789932967489804e-06,6432.551497457921,6432.1259330162975,-5.4362424203418045e-15,6.61579533139425e-05,6.615795331394215e-05,0.9999338420466914,1.0000661579533192,1.0000000043768642
6396.239248793739,84034703836193.03,30.061079039534963,0.0,-8.887233513059276e-06,-8.887233513059276e-06,653821.806383725,2.5148590435033786e-06,6596.595238910132,6596.180257379951,-8.550984536718412e-16,6.290844218216102e-05,6.290844218216096e-05,0.9999370915578187,1.000062908442183,1.0000000039574704
6559.356950690142,84034703836193.03,4.1871262428188025,0.0,-1.2483996740720786e-06,-1.2483996740720786e-06,621707.7349953274,2.452319677090113e-06,6764.82244459427,6764.417782800313,-1.2011664026773106e-16,5.98185388117844e-05,5.981853881178438e-05,0.9999401814611883,1.000059818538812,1.0000000035782572
6726.634500840654,84034703836193.03,0.5176940375357734,0.0,-1.5562332710816085e-07,-1.5562332710816085e-07,591171.0254736878,2.391335535954012e-06,6937.339801744022,6936.9452030556995,-1.4973530983507072e-17,5.688040367065073e-05,5.688040367065073e-05,0.9999431195963293,1.0000568804036707,1.0000000032353804
6898.177984221324,84034703836193.03,0.056440442399720646,0.0,-1.710203959681423e-08,-1.710203959681423e-08,562134.2017930327,2.3318679448440207e-06,7114.256718344413,7113.871932513004,-1.6454982973476986e-18,5.4086582287158917e-05,5.4086582287158917e-05,0.9999459134177129,1.0000540865822871,1.0000000029253584
7074.096191200643,84034703836193.03,0.005388013304344074,0.0,-1.6452719123239384e-09,-1.6452719123239384e-09,534523.5933583851,2.2738791902834325e-06,7295.685392516699,7295.310175516657,-1.5830229576286022e-19,5.142998633491882e-05,5.142998633491882e-05,0.9999485700136651,1.000051429986335,1.0000000026450435
7254.500686532859,84034703836193.03,0.0004470818460001836,0.0,-1.3754555840026413e-10,-1.3754555840026413e-10,508269.1480885247,2.2173324966521214e-06,7481.740883672835,7481.374997547027,-1.3234151451592595e-20,4.8903875648248954e-05,4.8903875648248954e-05,0.9999510961243517,1.0000489038756482,1.0000000023915891
7439.505880110676,84034703836193.03,3.1995905441071106e-05,0.0,-9.9153203849574e-12,-9.9153203849574e-12,483304.25468315335,2.162192002863923e-06,7672.54118548444,7672.184398193236,-9.54017368439704e-22,4.6501841121346226e-05,4.6501841121346226e-05,0.9999534981588787,1.0000465018411213,1.0000000021624214
7629.229099522354,84034703836193.03,1.9588465979817562e-06,0.0,-6.113235033464337e-13,-6.113235033464337e-13,459565.57362036675,2.108422739624048e-06,7868.2073007126655,7867.859385986782,-5.881940444533714e-23,4.4217788447455105e-05,4.4217788447455105e-05,0.9999557822115526,1.0000442177884474,1.0000000019552129
7823.790664459117,84034703836193.03,1.0171058107761624e-07,0.0,-3.1959776240202554e-14,-3.1959776240202554e-14,436992.8764551779,2.0559906072520772e-06,8068.863317946355,8068.524055143361,-3.0750576321120884e-24,4.204592265673488e-05,4.204592265673488e-05,0.9999579540773432,1.0000420459226567,1.0000000017678599
8023.313963020186,84034703836193.03,4.438681992178906e-09,0.0,-1.4040098635826719e-15,-1.4040098635826719e-15,415528.8930112921,2.004862354056425e-06,8274.63649029725,8274.305664261636,-1.3508890719765515e-25,3.998073341358797e-05,3.998073341358797e-05,0.9999600192665864,1.0000399807334135,1.0000000015984591
8227.925529963682,84034703836193.03,1.61256659263593e-10,0.0,-5.1336566507377865e-17,-5.1336566507377865e-17,395119.1660784425,1.9550055552466135e-06,8485.657316102031,8485.334717028765,-4.939424464629531e-27,3.801698103614689e-05,3.801698103614689e-05,0.9999619830189639,1.0000380169810361,1.000000001445291
8437.755126953125,84034703836193.03,4.828259916955861e-12,0.0,-1.5467144040500437e-18,-1.5467144040500437e-18,375711.9132466227,1.9063885923699425e-06,8702.05962168246,8701.745044983927,-1.488194378184934e-28,3.614968320244847e-05,3.614968320244847e-05,0.9999638503167976,1.0000361496832024,1.0000000013067996
