radius_kpc,baryon_projected_mass_Msun,field_equivalent_projected_mass_Msun,baryon_surface_density_Msun_kpc2,field_equivalent_surface_density_Msun_kpc2,sigma_Msun_kpc2,delta_sigma_Msun_kpc2,alpha_rad,theta_arcsec,beta_arcsec,kappa,gamma_t,reduced_shear_t,lambda_t,lambda_r,signed_magnification
1.0,2297455696.932751,5570564580.464464,730090952.3159853,1773072876.9593012,2503163829.2752867,1304809.7147779465,1.5060699550956406e-06,1.0313240300000002,0.7828046483118153,0.24084564859866825,0.000125544216634243,0.00016537376938233902,0.7590288071846976,0.7592798956179659,1.7351612504340628
1.0257689301832649,2417178081.9103007,5861342594.50423,729963942.0089144,1773063178.2761893,2503027120.285104,1373393.498989582,1.5448377436329151e-06,1.0579001469253935,0.8029836209318566,0.24083249493887787,0.0001321431079247842,0.00017406317715633137,0.7590353619531973,0.7592996481690469,1.7351011277857717
1.0522018981293197,2543127707.454667,6167298055.549596,729830225.1267664,1773052973.3810377,2502883198.507804,1445608.5992455482,1.5846011875615329e-06,1.0851611019523797,0.8236831367205802,0.24081864728999614,0.00013909139171522293,0.00018321233947424654,0.7590422613182887,0.7593204441017191,1.7350378367179666
1.079316015380913,2675627222.837144,6489223071.189646,729689443.1996045,1773042235.8569362,2502731679.0565405,1521650.2013778687,1.6253856760325583e-06,1.113124542626185,0.8449166537125574,0.2408040686195599,0.00014640784810207594,0.00019284593350739338,0.759049523532338,0.7593423392285421,1.7349712085526487
1.1071288344269432,2815015858.047723,6827951078.828822,729541218.1153781,1773030937.9088452,2502572156.0242233,1601724.3068518639,1.6672172309023846e-06,1.1418085712503978,0.8666979802968477,0.24078871987261194,0.00015411229782418066,0.000202990000093679,0.7590571678295639,0.7593653924252122,1.7349010654419983
1.1356583600651706,2961650260.8391047,7184359001.071412,729385150.9894854,1773019050.2917693,2502404201.281255,1686048.3687067032,1.7101225212856206e-06,1.171231756605603,0.8890412845342354,0.24077255985602317,0.00016222566345066577,0.00021367202352420503,0.7590652144805261,0.7593896658074275,1.7348272198484096
1.164923061057731,3115905374.342466,7559369513.394735,729220820.9631128,1773006542.2351482,2502227363.1982613,1774851.968996048,1.7541288783380282e-06,1.2014131459699953,0.9119611037384825,0.24075554511559852,0.00017077003456191514,0.0002249210164964796,0.7590736848498396,0.7594152249189634,1.7347494739925509
1.194941882087003,3278175357.0261497,7953953429.949507,729047783.9251502,1772993381.3633585,2502041165.2885084,1868377.541068077,1.7992643102632373e-06,1.2323722774497528,0.9354723543304163,0.24073762980545474,0.0001797687372448198,0.00023676761064657766,0.7590826014573004,0.75944213893179,1.7346676192672341
1.225734256019562,3448874546.821764,8369132213.625871,728865571.1520033,1772979533.612032,2501845104.764035,1966881.1400432587,1.8455575175353758e-06,1.2641291926271467,0.959590341974126,0.24071876554909682,0.00018924640822544806,0.00024924415307367263,0.7590919880426777,0.7594704808591287,1.734581435614603
1.2573201164861663,3628438471.2934685,8805980616.843529,728673687.859179,1772964963.140065,2501638650.9992437,2070633.2654294968,1.8930379083286625e-06,1.2967044495345825,0.9843307720049367,0.24069890129158986,0.0001992290740181914,0.00026238480934254535,0.759101869634392,0.7595003277824283,1.7344906908640325
1.2897199107859127,3817324905.7752542,9265629459.856388,728471611.6578627,1772949632.237034,2501421243.8948965,2179919.740020752,1.9417356141431865e-06,1.330119135962968,1.0097097601593399,0.2406779831421487,0.00020974423549030856,0.0002762256734741483,0.759112272622361,0.7595317610933416,1.7343951400278046
1.3229546131229215,4016014981.446693,9749268553.71365,728258790.9091383,1772933501.2257457,2501192292.134884,2295042.6496748924,1.9916815056144064e-06,1.3643948831130224,1.0357438436175477,0.2406559542064102,0.00022082095828405586,0.0002908048854893911,0.7591232248353057,0.7595648667518738,1.7342945245513957
1.3570457381841141,4225014345.3593435,10258149775.389904,728034642.9677821,1772916528.3598256,2500951171.3276076,2416321.349202633,2.0429072084922437e-06,1.3995538795983655,1.062449992369842,0.24063275440760362,0.00023248996959979477,0.00030616275714977025,0.7591347556227965,0.7595997355619961,1.7341885715149847
1.392015355066878,4444854374.462402,10793590302.981033,727798552.306758,1772898669.715858,2500697222.022616,2544093.5397996902,2.095445119772958e-06,1.4356188858094536,1.0898456209185607,0.24060832029571827,0.00024478376186273684,0.000322341906561393,0.759146895942419,0.7596364634661444,1.7340769927823148
1.4278861015656288,4676093445.706406,11356976019.274471,727549868.5126708,1772879879.0800254,2500429747.592696,2678716.424427986,2.1493284239652324e-06,1.4726132486476535,1.117948600328074,0.2405825848437258,0.0002577367038896727,0.0003393874024295784,0.7591596784523845,0.7596751518601639,1.7339594840928532
1.4646811988265278,4919318264.3263645,11949765092.426931,727287904.1414541,1772860107.8287761,2500148011.97023,2820567.947875023,2.204591109468701e-06,1.510560916639006,1.1467772706358967,0.24055547722978035,0.0002713851602031382,0.00035734691878902325,0.7591731376100165,0.7597159079304228,1.7338357240926328
1.5024244663798292,5175145252.4187355,12573491742.935772,727011932.4224262,1772839304.803339,2499851237.225765,2970048.1292705536,2.2612679850406306e-06,1.549486455437445,1.176350453638712,0.2405269226042371,0.000285767619241497,0.000376270901163996,0.7591873097765214,0.7597588450150043,1.7337053732988081
1.5411403375596,5444221999.928881,13229770206.561369,726721184.797617,1772817416.1777046,2499538600.975322,3127580.4955096245,2.3193946963229224e-06,1.589415063727527,1.2066874660679456,0.24049684184019246,0.00030092483127788083,0.00039621274519382983,0.7592022333285297,0.7598040829910854,1.7335680729923766
1.5808538753207866,5727228780.154351,13920298903.355467,726414848.2818224,1772794385.3197474,2499209233.60157,3293613.625087738,2.3790077423980694e-06,1.6303725895369514,1.2378081331703628,0.2404651512661155,0.0003168999569625967,0.00041722898888820815,0.759217948776922,0.759851748690847,1.7334234440329561
1.6215907884638716,6024880131.842476,14646864823.472624,726092062.6272492,1772770152.645128,2498862215.272377,3468622.812963009,2.440144492338609e-06,1.6723855469694378,1.2697328027100845,0.24043176237898287,0.00033373872751032757,0.0004393795198119447,0.7592344988935068,0.7599019763485274,1.7332710855888471
1.6633774482776227,6337926509.91515,15411348140.990866,725751917.274759,1772744655.4636304,2498496572.7383895,3653111.8683776855,2.5028432017101485e-06,1.7154811333687943,1.302482359409464,0.24039658153615368,0.0003514896176802162,0.0004627277986597759,0.7592519288461661,0.7599549080815264,1.733110573774859
1.706240905610706,6667156006.786298,16215727067.543026,725393448.0716476,1772717827.8175116,2498111275.889159,3847615.0589613914,2.567143028982853e-06,1.7596872469252829,1.3360782398473623,0.24035950962401167,0.00037020403283066425,0.00048734110085078494,0.7592702863431576,0.760010694408819,1.7329414601895123
1.7502089083832189,7013396146.144257,17062082958.166832,725015633.733479,1772689600.3114822,2497705234.044961,4052699.2162122726,2.633084051800774e-06,1.805032504735682,1.3705424478345776,0.24032044170117722,0.0003899365115013472,0.0005132907779887428,0.7592896217873214,0.760069494810324,1.7327632703422668
1.7953099195494742,7377515750.948067,17952605682.415447,724617392.0247684,1772659899.93382,2497277291.9585886,4268966.019314289,2.7007072830518305e-06,1.8515462613287397,1.4058975702875613,0.24027926661381394,0.0004107449451541081,0.0005406525412612579,0.7593099884410319,0.7601314783313402,1.7325755019602722
1.8415731355236673,7760426887.227549,18889599274.44182,724197575.6301523,1772628649.8682895,2496826225.4984417,4497054.476657391,2.7700546866745725e-06,1.8992586276680048,1.4421667936229474,0.24023586658027055,0.00043269081693612943,0.0005695067691450112,0.7593314426027933,0.7601968242366656,1.7323776231629304
1.889028505080353,8163086885.076897,19875487876.465904,723754967.6840156,1772595769.2962306,2496350736.980246,4737643.626804829,2.8411691931292394e-06,1.9482004906443455,1.4793739206971621,0.2401901167419153,0.0004558394615575397,0.000599938842073083,0.7593540437965272,0.7602657227196423,1.7321690704909436
1.937706748741966,8586500437.982958,20912821990.775528,723288276.922356,1772561173.1884573,2495849450.110813,4991455.48400259,2.914094714452312e-06,1.998403533070762,1.5175433883170564,0.2401418846766423,0.0004802603486980053,0.0006320395071303942,0.7593778549746597,0.7603383756720556,1.7319492467749502
1.9876393786659388,9031721781.323242,22004285056.18028,722796132.4157312,1772524772.0863416,2495320904.502073,5259258.25663805,2.9888761588030436e-06,2.049900254192452,1.5567002853496241,0.240091029871031,0.0005060273926755394,0.0006659052762459934,0.7594029427362934,0.7604149975216445,1.731717518826721
2.0388587190442893,9499856950.497362,23152700365.651875,722277077.8364418,1772486471.871582,2494763549.708024,5541869.87141943,3.0655594443993707e-06,2.1027239907253943,1.5968703714609913,0.24003740314660238,0.0005332192915306953,0.0007016388618840899,0.7594293775618669,0.7604958161449283,1.7314732149336671
2.0913979270288823,9992066118.705345,24361038342.734478,721729565.2063702,1772446173.5240486,2494175738.7304187,5840161.840900421,3.144191512727379e-06,2.156908938437073,1.6380800965174254,0.23998084603495867,0.0005619198991462277,0.0007393496548273496,0.7594572340658952,0.7605810738641876,1.7312156221345982
2.1452910141959145,10509566013.845737,25632424195.20371,721151948.0640329,1772403772.867132,2493555720.9311647,6155063.517903805,3.2248203408939134e-06,2.212490174283318,1.6803566206838483,0.23992119009583973,0.000592218634592819,0.0007791542493698686,0.7594865912695674,0.760671028538753,1.7309439832515399
2.200572868563514,11053632413.35817,26970145965.388123,720542473.9801071,1772359160.299889,2492901634.279996,6487566.787207127,3.3074949529748057e-06,2.2695036791155836,1.7237278352585217,0.23985825617122078,0.000624210933546628,0.0008211770220676507,0.7595175328952326,0.7607659547623258,1.730657493648551
2.2572792771767145,11625602715.061749,28377662997.554283,719899276.3396392,1772312220.515367,2492211496.855006,6838731.253321171,3.3922654301922954e-06,2.327986360973376,1.7682223842860798,0.23979185356752383,0.0006579987474391484,0.0008655507712289343,0.759550147685037,0.7608661451799152,1.7303552976840855
2.315446949274412,12226878581.118862,29858614843.786366,719220365.2960107,1772262832.204396,2491483197.5004067,7209689.99303484,3.4791829197329495e-06,2.3879760789768922,1.8138696869951079,0.23972177915673976,0.000693691096946911,0.0009124174255281252,0.7595845297463133,0.7609719119402072,1.7300364848180212
2.375113540053318,12858928651.157188,31416830630.874126,718503617.786003,1772210867.7440903,2490714485.530093,7601655.953356266,3.5682996419919574e-06,2.4495116678353543,1.8606999611110822,0.23964781638574154,0.0007314046875789493,0.000961928831587344,0.7596207789266796,0.7610835883018374,1.7297000853281217
2.436317675044279,13523291319.279736,33056338911.857697,717746766.4763427,1772156192.8702586,2489902959.3466015,8015929.090081692,3.659668896000403e-06,2.5126329629868964,1.9087442471006906,0.23956973418124017,0.0007712645965248719,0.0010142476321539447,0.759659001222235,0.7612015304152847,1.7293450655829365
2.499098975116749,14221577568.14306,34781378027.069084,716947387.4892231,1772098666.3329563,2489046053.8221793,8453904.359832287,3.75334506275805e-06,2.5773808263862756,1.958034433409598,0.23948728573563566,0.0008134050416206285,0.0010695482486541021,0.7596993092227438,0.761326119305985,1.7289703228088855
2.563498082127601,14955473851.442268,36596407000.7565,716102886.7263925,1772038139.5342867,2488141026.2606792,8917080.700080395,3.84938360615448e-06,2.643797172957109,2.008603282762681,0.23940020715631938,0.0008579702453751545,0.0011280179845532584,0.7597418225983055,0.7614577630890558,1.7285746792778574
2.629556685230881,15726745013.948927,38506117000.68571,715210484.5772722,1771974456.1475728,2487184940.724845,9407071.158367157,3.9478410711148925e-06,2.711924997725754,2.0604844596038774,0.23930821595770074,0.0009051154095681834,0.0011898582692170278,0.759786668632731,0.7615968994518675,1.7281568758277606
2.697317547865533,16537237235.634583,40515443389.479126,714267198.7545385,1771907451.716897,2486174650.4714355,9925614.36488533,4.048775078551954e-06,2.7818084036543995,2.113712558762277,0.23921100937117631,0.0009550078191019454,0.001255286065999183,0.7598339828097218,0.7617439984479256,1.7277155646113165
2.766824535438575,17388880983.29106,42629578397.89615,713269824.9483991,1771836953.2361274,2485106778.1845264,10474587.58417368,4.152244316640817e-06,2.8534926301913894,2.1683231354421726,0.23910826244324726,0.0010078280977894498,0.0013245354733718328,0.7598839094589633,0.7618995656545422,1.7272493009471304
2.838122643721636,18283693949.318874,44853984451.7496,712214914.9256841,1771762778.7062688,2483977693.631953,11056021.633269787,4.258308527856357e-06,2.9270240825572515,2.224352736648102,0.23899962588570078,0.0010637716437268505,0.0013978595542281248,0.7599366024705724,0.7620641457580261,1.7267565341204152
2.9112580279792417,19223783952.860397,47194408185.73604,711098751.6177897,1771684736.6701326,2482783488.2879224,11672118.019807339,4.367028491119796e-06,3.0024503617854044,2.2818389341715664,0.23888472363388683,0.0011230502782610882,0.0014755324365883261,0.7599922260878521,0.7622383266443743,1.7262355969472933
2.9862780328477085,20211351773.031116,49656895179.09964,709917320.6373923,1771602625.7231557,2481519946.360548,12325268.737603664,4.478465998289702e-06,3.0798202955369716,2.340820359285114,0.2387631500590888,0.0011858941506519278,0.0015578517392372418,0.7600509557902593,0.7624227440915632,1.7256846938739903
3.0632312229839784,21248693877.42567,52247805449.770676,708666277.5304887,1771516233.9991348,2480182511.5296235,13018079.26569891,4.592683824096099e-06,3.159183969709665,2.401336739312449,0.23863446676814906,0.0012525539509588835,0.001645141389106533,0.760112979280892,0.7626180871828099,1.725101887327681
3.1421674145042497,22338205001.05876,54973829745.429665,707340909.897898,1771425338.6297228,2478766248.527621,13753395.458269596,4.7097456884499826e-06,3.2405927608612037,2.463428936271226,0.23849819890692706,0.0013233034972944357,0.0017377549145582358,0.7601784975957785,0.7628251045903675,1.7244850819652224
3.22313770723274,23482380521.064827,57842006671.819954,705936093.2951701,1771329705.1762295,2477265798.4713993,14534335.198381424,4.829716209852931e-06,3.3240993694682297,2.5271389878199337,0.238353830862473,0.0013984427814371612,0.001836079321479067,0.7602477263560898,0.7630446119189642,1.7238320063736485
3.306194517781468,24683818560.32577,60859740700.61403,704446239.5224714,1771229087.0324557,2475675326.554927,15364325.935748577,4.952660848373806e-06,3.40975785404229,2.5925101507833954,0.2382008012302049,0.0014783015805833416,0.0019405396894228862,0.7603208971892117,0.7632775003503784,1.7231401916545024
3.3913916134824715,25945221738.0491,64034821101.19098,702865235.5184491,1771123224.7970936,2473988460.3155427,16247149.561215878,5.078645836332612e-06,3.497623666124945,2.659586947585862,0.23803849687410478,0.001563243775012325,0.002051604665851521,0.7603982593508829,0.7635247469009077,1.7224069461608906
3.478784147194412,27269398466.265984,67375441842.83186,701186370.5336432,1771011845.6141622,2472198216.147805,17186996.52427864,5.207738094414139e-06,3.587753686184654,2.7284152159901405,0.23786624585613864,0.0016536725550845724,0.00216979309221413,0.7604800815887768,0.7637874266989458,1.7216293254350774
3.568428693006113,28659263666.994873,70890222516.08495,699402248.5189569,1770894662.4798865,2470296910.998843,18188531.7280488,5.340005130393948e-06,3.6802062604386974,2.7990421626309274,0.23768330893989278,0.001750036761424299,0.002295682072749358,0.7605666542986829,0.7640667278215315,1.720804096090295
3.6603832828601472,30117838753.634674,74588230324.39801,697504681.6308376,1770771373.514414,2468276055.1452518,19256975.619826794,5.475514916950328e-06,3.7750412386239574,2.871516420948065,0.2374888692739427,0.0018528386871700293,0.0024299169054827706,0.7606582920388872,0.7643639694132273,1.7199276919552862
3.75470744412016,31648250679.45856,78479003199.55356,695484559.2840327,1770641661.1965895,2466126220.4806223,20398205.16219282,5.614335744090803e-06,3.8723200127410036,2.9458881142819995,0.23728201971894075,0.0019626437930590373,0.0025732234506072728,0.7607553364880002,0.7646806240741183,1.7189961601945523
3.851462238106277,33253729802.113422,82572574096.99097,693331685.0456867,1770505191.5599978,2463836876.6056843,21618881.22407818,5.756536040440308e-06,3.9721055567965853,3.022208925105842,0.23706174707678432,0.002080092964549648,0.002726423739509355,0.760858159958666,0.7650183458877654,1.7180050942367786
3.9507102996235193,34937606240.1383,86879496529.75453,691034570.4819729,1770361613.3483872,2461396183.8303604,22926611.715417862,5.902184155866158e-06,4.0744624675702354,3.10053217166143,0.23682691217399926,0.00220591820806563,0.0028904559702825463,0.7609671696179351,0.7653790060340664,1.7169495490310733
4.052515877508823,36703304296.92225,91410871402.5645,688580170.1836195,1770210557.1284592,2458790727.3120785,24330164.098013878,6.0513480954075055e-06,4.179457006431385,3.180912893681227,0.2365762242814601,0.0023409630980464878,0.0030664005661117334,0.7610828126204934,0.7657647388165864,1.7158239321331525
4.156944876222919,38554334385.08009,96178375210.39159,685953534.4003258,1770051634.358032,2456005168.758358,25839747.846074104,6.204095190832156e-06,4.287157142234073,3.263407949480051,0.2363082076024341,0.002486209954310321,0.0032555148281808942,0.7612055824432555,0.7661780023518763,1.7146218608983652
4.26406489851399,40494281675.923965,101194289668.89262,683137342.5591252,1769884436.40732,2453021778.966445,27467399.265304565,6.36049169065629e-06,4.397632595316989,3.348076127606724,0.2360211562951835,0.0026428168679978672,0.0034592801748041463,0.7613360268368187,0.7666216605728143,1.7133359706037674
4.373945289180706,42526790380.394745,106471532847.18317,680111256.6347909,1769708533.5311818,2449819790.1659727,29227523.237739563,6.52060224079149e-06,4.510954882637361,3.4349782776773434,0.23571307215764675,0.0028121698263609256,0.0036794686967889395,0.7614747580159923,0.7670990976687141,1.7119576482068481
4.486657179963024,44655542045.31762,112023691876.64087,676850979.6497538,1769523473.789904,2446374453.439658,31137696.301455498,6.68448921309532e-06,4.627197364067902,3.5241774674693422,0.2353815739357624,0.0029959599822771544,0.003918241936305961,0.7616224660819605,0.7676143860465148,1.7104766439731967
4.6022735355897355,46884225238.87265,117865057312.7798,673326720.266681,1769328781.9161348,2442655502.1828156,33220011.148431778,6.852211808065724e-06,4.746435289886755,3.6157391784774866,0.23502374948292967,0.0031963130171209974,0.0041783166666422835,0.7617799374999493,0.7681725635341913,1.708880435323141
4.7208692010126345,49216490127.89654,124010659230.70331,669499200.9158888,1769123958.1253533,2438623159.041242,35504761.73513794,7.023824719023632e-06,4.868745849491231,3.7097315750532993,0.23463577156157012,0.003416143709185906,0.004463422227291512,0.7619480847292439,0.7687803721476157,1.7071525515703014
4.842520949857854,51655892685.313034,130476305138.2372,665327726.0869313,1768908476.8672917,2434236202.954223,38022071.626543045,7.199376636696738e-06,4.99420822136683,3.8062258011354815,0.2342136740257257,0.003658350442292479,0.004777247018139336,0.7621279755319819,0.7694446764165668,1.7052760679037349
4.96730753412574,54205841874.27824,137278619794.5499,660757001.9471015,1768681785.5154917,2429438787.462593,40814967.133131504,7.378909157467395e-06,5.1229036243439205,3.9052962116586123,0.23375208352487004,0.003927073057203126,0.005125068496457812,0.7623208434179268,0.770174989532333,1.703228024314756
5.095309735171431,56869459152.58016,144435087025.90442,655705355.4582903,1768443302.992131,2424148658.4504213,43950090.5917511,7.562452642410448e-06,5.254915370175233,4.00702110843845,0.23324308585631712,0.004228723645948948,0.005515077292353605,0.7625281904977339,0.7709856377896318,1.7009745196310193
5.226610415999173,59649375265.401665,151964093634.14853,650052378.2900252,1768192418.325149,2418244796.6151743,47528667.57111788,7.750020497149863e-06,5.390328917468244,4.111483737995732,0.2326750369670206,0.004573041777896942,0.005959719803486172,0.7627519212550824,0.7718980048108763,1.6984656630013484
5.361294574904181,62547377731.87526,159884975497.61722,643602553.6380199,1767928489.1345503,2411531042.77257,51720387.64400196,7.94159911905307e-06,5.529231927007317,4.218774005710316,0.23202906310792168,0.004976354388877786,0.006479873325697357,0.7629945825032005,0.7729472912809561,1.6956205294680584
5.499449400496804,65563688067.81567,168218065968.32178,635984246.5511061,1767650840.0446858,2403635086.595792,56858962.593598366,8.137126666808942e-06,5.671714318501448,4.32899203584003,0.2312693418845396,0.005470770056815399,0.007116627909997718,0.763259888058645,0.7742014281722758,1.6922853412751957
5.641164328144603,68695009656.73932,176984746673.59958,626229658.1745119,1767358761.019154,2393588419.193666,63846346.591560364,8.336433612011653e-06,5.817868328794335,4.442258039423564,0.2303026867665561,0.006143071650229019,0.007981152518803021,0.7635542415832148,0.7758403848836729,1.6880593965000512
5.786531097868886,71921322286.7467,186207500834.82175,608167653.9671276,1767051505.6148894,2375219159.582017,78642334.64817572,8.538820501915629e-06,5.967788571574465,4.558782048137305,0.2285352610017288,0.007566689752439049,0.009808212054207711,0.7638980492458322,0.7790314287507102,1.6803881880614653
5.935643813733161,75249049688.00308,195909969220.25946,603883459.8113999,1766728289.1518512,2370611748.963251,79232741.59060383,8.744518407056504e-06,6.121572098623853,4.678622984387902,0.22809195210366187,0.007623496638717612,0.009876171986409183,0.7642845512576205,0.7795315445350558,1.6784608848265385
6.088599004761978,78725658203.26305,206117008853.83176,599569116.6140134,1766388286.7946236,2365957403.408637,79839698.9177165,8.955036192917688e-06,6.279318462645112,4.801631420200996,0.22764412729060202,0.0076818959449917405,0.00994605753180061,0.7646739767644062,0.7800377686543897,1.676517372574215
6.245495687429586,82357445385.17384,216854754606.14114,595222736.0327779,1766030631.5421257,2361253367.5749035,80465162.4160428,9.170479804936584e-06,6.4411297817075015,4.927891991393771,0.2271915214530788,0.007742075850185082,0.010018104181183646,0.7650664026967361,0.7805505543971062,1.6745566058798589
6.40643542975884,86150945839.31085,228150683798.97308,590835365.8674235,1765654412.121492,2356489777.9889154,81118149.39808655,9.390957039987132e-06,6.60711080535367,5.057491659747846,0.22673318556228444,0.0078049039684957985,0.010093416428546944,0.7654619104692197,0.7810717184062113,1.6725746189646944
6.57152241707189,90112938340.80902,240033683959.26108,586435391.8052676,1765258670.7821014,2351694062.587369,81770343.50687551,9.616577566849015e-06,6.777368982409922,5.190519777441871,0.2262717586381368,0.007867655799321424,0.010168500228805555,0.7658605855625418,0.7815958971611846,1.6705828149567568
6.740863519435177,94250452504.34583,252534123863.3764,582002934.3812108,1764842400.98559,2346845335.366801,82441700.12528801,9.847452929932508e-06,6.952014530543869,5.327068155994541,0.22580523110260037,0.007932251379647216,0.01024580854627092,0.7662625175177524,0.7821270202770468,1.668572678415934
6.914568360842418,98570772845.25398,265683928017.50348,577536997.6461806,1764404544.9876127,2341941542.6337934,83133282.9033866,1.0083696479177557e-05,7.1311605076144975,5.467231149182143,0.22533340535649388,0.007998793050153474,0.0103254653104468,0.7666678015933527,0.7826653876936596,1.666543475311042
7.092749390180378,103081445474.70891,279516654724.734,573036522.7148879,1763943991.3069768,2336980514.021865,83846217.5298338,1.0325423380618077e-05,7.31492288486087,5.611105724484029,0.22485607257476284,0.008067389120657112,0.010407601524344282,0.7670765383045801,0.7832113165458943,1.6644944308127392
7.275521954023332,107790283560.97363,294067577894.39014,568500381.9518826,1763459572.0777285,2331959954.029611,84581697.10142183,1.057275059261786e-05,7.503420621976817,5.758791542078651,0.22437301189230924,0.008138154386748976,0.0104923558766357,0.7674888337209418,0.7837651424944397,1.6624247264158871
7.463004371303369,112705372425.5556,309373772753.8912,563927372.1539931,1762950060.2796578,2326877432.433651,85340988.39003801,1.0825796835988345e-05,7.696775744120207,5.910391036783767,0.22388398948155872,0.008211210732779282,0.0105798754586885,0.7679047997856621,0.7843272212512206,1.6603334966611196
7.655318009904887,117835074192.84842,325474205628.19116,559316206.31654,1762414166.8426125,2321730373.1591525,86125439.40356112,1.1084682557321264e-05,7.895113420906688,6.066009503100725,0.22338875748162154,0.008286687859340572,0.010670316634187108,0.7683245546590378,0.784897930377719,1.6582198252948812
7.852587365232816,123188031900.08676,342409827956.417,554665503.2427776,1761850537.61998,2316516040.8627577,86936488.96239042,1.1349529884794353e-05,8.09856204743899,6.225755183536342,0.22288705270734882,0.008364724204687757,0.010763846148528657,0.7687482230879634,0.785477671497339,1.6560827405773413
8.054940140805487,128773172960.88292,360223674719.75055,549973773.5348243,1761257750.2266371,2311231523.7614613,87775679.7308321,1.1620462575620919e-05,8.307253327424283,6.389739360391716,0.2223785949971873,0.008445468198572436,0.01086064265237386,0.7691759368042402,0.7860668732013851,1.6539212091611943
8.262507330924283,134599711859.82108,378960967458.8028,545239398.7372278,1760634310.7366383,2305873709.473866,88644677.90483189,1.1897605954211182e-05,8.521322358433377,6.558076451225525,0.22186308488870962,0.008529080156527513,0.010960899028042733,0.7696078349547628,0.7866659952678179,1.65173412726114
8.475423305473583,140677151936.80652,398669222062.6381,540460595.4023352,1759978650.2359283,2300439245.6382637,89545307.75184298,1.218108683998379e-05,8.740907719356938,6.73088410822221,0.22134019982942424,0.008615735603172211,0.011064826515103026,0.7700440645674036,0.787275535773748,1.6495203058406618
8.693825896905949,147015286096.312,419398361515.21075,535635338.53684884,1759289121.2253618,2294924459.762211,90479626.49334526,1.2471033463581945e-05,8.966151560115408,6.908283321727218,0.22080958646498244,0.008705632477145562,0.011172663736518523,0.770484781057872,0.7878960460121631,1.6472784396381455
8.917856489468779,153624196241.59427,441200833788.1145,530761136.47008157,1758563993.8693895,2289325130.339471,91450147.39550066,1.2767575369882155e-05,9.197199693680595,7.0903985282732975,0.22027083861685304,0.008799012596107195,0.011284703755979566,0.7709301487870398,0.7885281739792541,1.6450070169522202
9.147660110730275,160514251138.87665,464131735071.2529,525833775.4583725,1757801452.0858307,2283635227.5442033,92461092.41953087,1.3070843304673607e-05,9.434201690468594,7.277357723672672,0.21972337611633172,0.008896282182365416,0.01140144649994252,0.7713803417013029,0.7891729060660336,1.642703817965719
9.38338552546392,167696101965.9878,488248938535.113,520851566.9802596,1756999589.4722843,2277851156.4525437,93514139.74292278,1.3380969073504011e-05,9.677310975165119,7.469292583134474,0.21916685307244654,0.00899760270427502,0.011523079853460457,0.7718355442232785,0.7898307496318284,1.6403676191165775
9.62518533195226,175180681198.50708,513613228819.7465,515829959.1468191,1756156405.0648794,2271986364.2116985,94593825.78994036,1.3698085490981512e-05,9.926684926045892,7.66633856895092,0.2186025633225616,0.00910148631078757,0.011647704335309551,0.7722959503666509,0.790498922988226,1.6380040071564204
9.873216060772322,182979190030.69818,540288442446.19525,510751898.9546759,1755269798.925294,2266021697.8799696,95717161.20364285,1.4022326118899566e-05,10.182484976856436,7.868635075589594,0.21802866403776894,0.009209569706345965,0.011777375055587439,0.7727617662558851,0.7911809056685771,1.6356055519755452
10.127638276126651,191103088025.7281,568341614345.7878,505614654.1449991,1754337567.552204,2259952221.697203,96886806.78338146,1.4353825089134408e-05,10.444876721317192,8.076325563422598,0.21744468031652936,0.009322108903736123,0.011912396055919401,0.7732332107797345,0.7918774285872068,1.633170538574284
10.388616679785521,199564080143.3044,597843130701.4122,500415256.9130411,1753357399.1136894,2253772656.0267305,98105627.89424753,1.4692716909645248e-05,10.714030020321623,8.289557697936905,0.21685010417071074,0.009439379598342346,0.012053094367518039,0.7737105162309469,0.7925892754276316,1.6306971366522414
10.656320217707611,208374099323.00922,628866888292.2881,495150474.65325624,1752326868.49746,2247477343.1507163,99376717.91950083,1.5039136225291789e-05,10.990119111896691,8.508483499162786,0.21624439123453662,0.009561679424657774,0.012199822645886902,0.7741939293408056,0.7933172881901212,1.628183389308921
10.930922189408236,217545284819.3531,661490460529.8865,489816775.3522228,1751243432.1762853,2241060207.528508,100703426.03586721,1.5393217546429018e-05,11.273322723996925,8.733259499252943,0.21562695694078374,0.009689330628726144,0.012352962298316322,0.7746837124304902,0.7940623736879424,1.6256271998623295
11.212600360145798,227089955568.47565,695795270367.1224,484410286.06988794,1750104422.8865428,2234514708.956431,102089390.66653395,1.575509494071422e-05,11.563824190205017,8.964046909038615,0.21499717201398172,0.009822683286871728,0.012512927261768642,0.7751801446991465,0.79482551127289,1.6230263162293566
11.501537075999241,237020577726.9089,731866770255.7343,478926742.1293268,1748907044.118423,2227833786.24775,103538580.73463249,1.6124901682664386e-05,11.861811568413955,9.20101179453888,0.21435435705149652,0.009962119274964843,0.012680168679580939,0.7756835236735387,0.7956077622234683,1.6203783120077788
11.797919381910901,247349725346.70154,769794629317.5364,473361423.02333367,1747648364.4171536,2221009787.4404874,105055348.38012314,1.6502769854335143e-05,12.16747776256746,9.44432526459379,0.21369777580837132,0.010108057340655665,0.012855180908393622,0.776194166850973,0.7964102815322843,1.6176805627958613
12.101939142771153,258090032923.85565,809672927883.748,467709067.3760818,1746325311.495382,2214034378.871464,106644500.37081957,1.688882988892442e-05,12.481020647537491,9.694163671052694,0.21302662644874926,0.010260959974292697,0.013038509712202434,0.7767124135769581,0.7972343335255434,1.6149302148972828
12.413793167623345,269254138253.56488,851600359542.6973,461963749.17112195,1744934666.1579742,2206898415.3290963,108311405.41069508,1.7283210046896973e-05,12.802643197219775,9.95070882331541,0.2123400290524312,0.010421343733751797,0.013230764693062587,0.777238627213817,0.7980813146813206,1.6121241397012924
12.733683337069316,280854613597.90454,895680440819.3824,456118660.89020216,1743473056.041534,2199591716.931736,110062190.85903358,1.7686035810869176e-05,13.132553615930174,10.214148219579787,0.21163700414689132,0.010589798172063283,0.013432642358617783,0.7777731976810454,0.7989527940251719,1.6092588530314031
13.06181673395806,292903882500.28894,942021728590.5502,450165544.14525926,1741936949.1723435,2192102493.3176026,111904286.93313742,1.8097429179611165e-05,13.470965473187066,10.484675298122076,0.21091641730485125,0.010767038198688727,0.01364499076500039,0.77831654449646,0.7998506208938375,1.6063303000357396
13.39840577744203,305414118035.21344,990738045315.578,444088595.6921241,1740322647.3478637,2184411243.0399876,113852487.45675755,1.8517507824849333e-05,13.818097841966797,10.762489714689972,0.21017639216547265,0.010954487223488433,0.013869536330425139,0.778869120611039,0.8007780950580158,1.6033315158615877
13.74366836048798,318397119084.601,1041948712136.2903,437902597.7808697,1738626279.3486617,2176528877.1295314,115890778.34463263,1.894638409488309e-05,14.174175440521957,11.04779764873592,0.20941797854987423,0.011150604427317301,0.014104298004227689,0.7794314170228085,0.8017326258774431,1.6002673172017474
14.097827990931345,331864157088.82446,1095778789867.3684,431585245.7890796,1736843793.989504,2168429039.7785835,118039955.21805334,1.9384163798536982e-05,14.539428777854118,11.340812149552153,0.20863864059463638,0.011357390691955094,0.01435171247240217,0.7800039687134085,0.8027187500973187,1.5971282080198832
14.461113936165333,345825695380.2611,1152359327862.8738,425113975.1267545,1734970953.0205395,2160084928.147294,120320588.19154692,1.9830943523451624e-05,14.914094302935194,11.64175372800583,0.2078357994244684,0.011576825201711332,0.014614173669171636,0.7805873753738203,0.8037410257772429,1.5939046591901715
14.833761371558612,360291278231.35645,1211827620703.0845,418486271.7369267,1733003323.8918624,2151489595.628789,122732837.94319487,2.0286810594769677e-05,15.298414557774157,11.950850516423026,0.20700878666120873,0.011808923416467746,0.01489161950073537,0.7811822899223235,0.8048001367552591,1.5905948413079107
15.21601153269752,375269742251.9535,1274327472598.8044,411692980.86810434,1730936272.3974774,2142629253.2655816,125283715.48686504,2.0751847163687157e-05,15.692638334428082,12.268337750940416,0.20615627557970642,0.012054359911400999,0.015184802172749713,0.7817893645088926,0.8058980843316946,1.587194385651734
15.608111871551358,390768621790.72107,1340009469357.014,404716972.30398387,1728764955.2176514,2133481927.5216353,127987796.88831592,2.1226123861267037e-05,16.09702083605919,12.594458979758217,0.2052761519633541,0.012314537144460723,0.01549536631483202,0.7824093108921851,0.8070383851811066,1.5836959219071531
16.010316216661945,406793751320.35345,1409031257691.6562,397537911.19384307,1726484312.382027,2124022223.57587,130862276.06576729,2.170969678821038e-05,16.51182384214215,12.929466725070919,0.2043659724114912,0.012591109454183286,0.01582525258798413,0.7830429181343255,0.808225137042692,1.5800909305756323
16.422884937461106,423348819068.0641,1481557831595.7698,390131339.7942493,1724089059.6795685,2114220399.4738178,133927739.40547085,2.2202604469424e-05,16.937315877928686,13.273623155064307,0.20342287525752176,0.012886057590486494,0.016176785888312284,0.7836910671519918,0.8094631823329647,1.5763694273331086
16.846085112822333,440434799632.4363,1557761825415.4092,382467386.1097791,1721573681.0455105,2104041067.1552896,137209266.66319036,2.2704863996758725e-05,17.373772388278937,13.627200894240678,0.2024434555863502,0.01320179463955071,0.016552800841545912,0.784354749774099,0.8107583390532005,1.5725195190412082
17.280190703955984,458049219580.8545,1637823813181.4314,374508893.6229979,1718932420.9600818,2093441314.5830798,140738043.25316477,2.3216466032730302e-05,17.821475915972425,13.990484026175059,0.20142358455218845,0.01354132115261088,0.016956825784815367,0.7850350942952007,0.8121177366004224,1.5685267603438704
17.725482731759733,476185185190.2831,1721932613661.0134,366208614.8584367,1716159276.8987668,2082367891.7572036,144553808.15275192,2.3737368161944344e-05,18.28071628461386,14.363769373514636,0.20035813862671037,0.013908460674760006,0.017393362387098998,0.7857334006985296,0.8135503220480497,1.56437318734217
18.18224945873912,494830058318.08826,1810285600486.4763,357504809.72714007,1713247991.879407,2070752801.6065469,148708741.42375612,2.4267485748378952e-05,18.751790786252148,14.74736819425443,0.1992405753701029,0.014308233788623238,0.01786833017324318,0.7864511908412739,0.8150676584185204,1.5600358001633934
18.650786575616067,513963586640.7076,1903089016603.5415,348313917.9028605,1710192047.157535,2058505965.0603957,153274025.19068432,2.4806678840319317e-05,19.235004373834265,15.141608535032047,0.1980622276899618,0.01474748938868563,0.018389817636603457,0.7871902829213526,0.8166852616987239,1.5554840324985173
19.131397392746095,533555135161.0001,2000558292153.7617,338516996.8476677,1706984655.1279979,2045501651.9756656,158352203.3176875,2.535473241290894e-05,19.7306698586184,15.546838688753938,0.1968109982726772,0.015236093886079535,0.018969500146681646,0.7879529078412433,0.8184250956134023,1.550675051330303
19.624393036468067,553559303947.864,2102918364765.799,327934315.8250848,1703618752.4981754,2031553068.3232603,164100561.63375235,2.5911324330007674e-05,20.239108112674185,15.963432683768493,0.1954689144515919,0.015789180771891165,0.019625320954663274,0.788741904776517,0.8203202663202993,1.5455449627106603
20.130092650513753,573908353230.0283,2210404001076.745,316310502.013528,1700086993.8061175,2016397495.8196454,170742256.51932907,2.647596845092181e-05,20.760648276601223,16.39179987964802,0.1940106983944455,0.016428221370753726,0.020382679196892843,0.7895610802348008,0.8224175229763082,1.5400042250299082
20.6488236026075,594498575295.582,2323260118136.626,303127827.0627717,1696381745.3654895,1999509572.4282613,178746184.76581144,2.7047911187963173e-05,21.295627972600286,16.832402249487924,0.19238580160778168,0.017198331288177455,0.021295231463755268,0.7904158671040409,0.8248125296803958,1.533871932067
21.180921696389646,615156162814.1,2441742103166.371,287220863.67406857,1692495079.7286794,1979715943.402748,189193419.3523326,2.7625859908898743e-05,21.844393523035006,17.285799415281264,0.19048132801120077,0.018203527576421043,0.0224868532453973,0.7913151444123782,0.8277221995652203,1.5267429364226175
21.726731388801106,635508387395.6389,2566116129940.65,263849916.57608062,1688418770.7695343,1952268687.345615,206627374.26997423,2.820692060836039e-05,22.407300174625856,17.75282416891317,0.1878404492520794,0.0198809616023813,0.024479132929081302,0.7922785891455393,0.8320405123503019,1.5169721501050941
22.286606013069672,654600134292.2936,2696659469851.6104,240729165.29821408,1684144289.4981775,1924873454.7963915,222810278.25568295,2.878351381011333e-05,22.98471232842125,18.23509161478817,0.1852045760125163,0.02143802389333667,0.0263109281940027,0.793357400094147,0.8362334478808204,1.5073134984739047
22.8609080074424,674076721894.4084,2833660795477.3193,237523350.7409749,1679662800.7322018,1917186151.4731767,219251696.19776297,2.937063160972955e-05,23.57700377569477,18.7305016708321,0.18446493063525374,0.021095629602636383,0.02586722557384152,0.7944394397621098,0.8366306989673826,1.504545780965776
23.450009149812217,694297917510.7568,2977420474228.7017,234381510.08424452,1674965160.7611322,1909346670.8453767,216018009.84562922,2.9971330493609034e-05,24.184557939921213,19.23893340406029,0.18371064329121448,0.020784495637797256,0.025462166653254806,0.7955048610709883,0.8370738523465828,1.5017352882753756
24.054290798390653,715293825703.2521,3128250849381.3105,231293974.0463076,1670041916.1546807,1901335890.2009883,213111806.2932291,3.058574410721075e-05,24.80776812498817,19.76075806527659,0.18293987406008588,0.020504870919929623,0.025095914326184524,0.7965552550199845,0.8375649968598438,1.4988755443097144
24.67414413858234,737094991129.627,3286476505512.769,228257320.62784308,1664883303.879669,1893140624.507512,210529577.8054366,3.121399092369913e-05,25.447037769803615,20.296359543913567,0.18215135432426216,0.02025641794705633,0.024767929927082905,0.7975922277286815,0.8381050636227942,1.4959622077919843
25.30997043622127,759734058951.5197,3452434515063.75,225280768.14105284,1659479252.9058366,1884760021.0468893,208256204.9609971,3.185618611815422e-05,26.102780709464582,20.846132669815802,0.18134500203820092,0.020037681981466677,0.024476344774483006,0.7986173159803324,0.8386926799432658,1.4929952462970983
25.96218129733276,783245262961.8445,3626474662420.421,222360179.6003585,1653819387.4968972,1876179567.0972557,206290547.73934197,3.251243544787636e-05,26.77542144315585,21.410484490960858,0.18051942083867997,0.01984855333437798,0.024220895331883964,0.799632025826942,0.839329132495698,1.48996999605085
26.631198934588998,807663993183.9768,3808959641579.8706,219491110.5335524,1647893032.4001682,1867384142.9337206,204632122.61648822,3.3182830304727664e-05,27.46539540895203,21.989835364683575,0.17967315595877384,0.019688985482807644,0.024001391184290146,0.8006378585584185,0.8400158295240338,1.486881670709035
27.317456440631048,833026759136.8381,4000265223109.492,216668354.39276713,1641689220.1658227,1858357574.55859,203281518.4825182,3.386744599612041e-05,28.17314926570107,22.584619523216865,0.17880465119312372,0.01955903508769498,0.023817761652099607,0.8016363137191813,0.8407543838945712,1.4837252146066617
28.021398068434053,859371075033.0017,4200780385747.4614,213883353.10163572,1635196700.8452125,1849080053.9468482,202242921.4773922,3.456633948401122e-05,28.899141182171622,23.19528573593185,0.17791200068300136,0.0194591049247521,0.023670343005759695,0.8026288943922466,0.8415471042417507,1.4804944372514541
28.743479518897008,886735422355.3489,4410907407617.814,211139564.33130553,1628403954.336639,1839543518.6679444,201508726.53020382,3.5279547703973536e-05,29.64384113365133,23.82229788330905,0.17699442868960266,0.019388463260716613,0.02355811909006414,0.8036171080496808,0.842394034571114,1.477187226214928
29.48416823584356,915159007418.4377,4631061911653.393,208429193.67522165,1621299205.6662922,1829728399.3415139,201082710.7046206,3.600708452722322e-05,30.407731206188174,24.466135762481535,0.17605005231575105,0.01934747351141379,0.02348136991305212,0.8046024741728351,0.8432974211956626,1.4737976647416713
30.243943708624652,944678913686.0948,4861672859437.16,205722066.61267683,1613870443.5116162,1819592510.124293,200990183.19417548,3.6748921403410785e-05,31.191305908671925,25.127298593484905,0.1750748125874938,0.019338570838721834,0.023442817765547904,0.8055866165737844,0.844263758251228,1.4703123690051587
31.0232977825188,975343135716.5853,5103182487292.698,203131665.24687922,1606105442.2938495,1809237107.5407286,201116511.17490196,3.7505068627793756e-05,31.995072492957352,25.8062919293345,0.1740784520526498,0.01935072567417383,0.023429253931279412,0.8065708222731763,0.845272273621524,1.466766117208156
31.82273497713115,1007199618812.9249,5356046178085.003,200547000.54028895,1597991788.1856523,1798538788.7259412,201570941.70380569,3.82754999056813e-05,32.81955128223686,26.50364043215816,0.1730490973201596,0.019394449386619987,0.023452963560194186,0.8075564532932205,0.8463453520664603,1.4631184758938147
32.64277281299739,1040286787911.2483,5620732261840.08,197902133.4666294,1589516909.398177,1787419042.8648062,202414365.25725913,3.906009610691703e-05,33.66527600787491,27.219897491207227,0.17197919435461825,0.01947560064424011,0.023520665799043904,0.8085452050011417,0.8474964062896219,1.459344510430165
33.4839421466037,1074646241124.6554,5897721737966.623,195381959.51342103,1580668111.1292422,1776050070.6426632,203457929.2959466,3.9858723963190846e-05,34.53279415492218,27.95563258238209,0.170885311702305,0.019576008717739915,0.02361073684261051,0.8095386795799551,0.8486906970154349,1.4555024951051923
34.34678751404,1110337782794.4343,6187507911576.276,192869928.52244157,1571432615.5699267,1764302544.0923684,204819150.6272862,4.067131621090281e-05,35.42266731653341,28.711418398128195,0.16975500587959144,0.01970698066236399,0.023736343852626626,0.8105380134580445,0.8499519747827725,1.451550751901811
35.231867483508736,1147403163268.2292,6490595936163.505,190310969.50503036,1561797607.3802898,1752108576.8853202,206548484.16530514,4.149766049791488e-05,36.33547155751819,29.487866043873165,0.16858174510192087,0.019873371073066026,0.023902976577657945,0.8115448838250131,0.8512916259711452,1.4474684105135442
36.13975501691732,1185874011120.753,6807502254737.376,187760028.9944742,1551750285.0553243,1739510314.0497985,208583985.139333,4.233745291577529e-05,37.27179778725989,30.28561657749467,0.16736958441617134,0.020069219841164797,0.024103395054446267,0.8125611957426638,0.8526996354249935,1.4432708632046523
37.07103784078855,1225826509171.4336,7138753931413.564,185315900.83356518,1541277918.608881,1726593819.4424462,210830736.59702754,4.319058551370714e-05,38.23225214224455,31.105293948635573,0.16612680458492488,0.020285394390245393,0.024326713584009594,0.8135878010248297,0.8541585898053204,1.438987625178277
38.026318826729,1267309707418.0986,7484887865495.315,182825005.0589919,1530367914.0051842,1713192919.064176,213438639.73573232,4.4056754591440175e-05,39.21745637844703,31.947570027412617,0.16483741692852644,0.02053631768802479,0.02458960459231599,0.8146262653834488,0.8556989007594983,1.4345662764748786
39.006216381701556,1310348322328.4336,7846449880219.633,180232988.4966793,1519007884.7636583,1699240873.2603376,216453040.10860062,4.493549104880918e-05,40.22804827382847,32.81315999887058,0.1634949999913671,0.02082635272466469,0.02489686579811209,0.8156786472839682,0.8573313527332976,1.429987365142959
40.01136484835494,1355023357059.6055,8223993678646.322,177874740.77863604,1507185731.1518378,1685060471.9304738,219541987.40700722,4.582655957200287e-05,41.26468204120575,33.70275690539246,0.16213061148601335,0.021123560405149285,0.025211042072575574,0.8167458281088373,0.8589929489191359,1.425356420276877
41.04241491566934,1401408785055.0747,8618079659649.831,175480272.1462588,1494889727.3618884,1670369999.5081472,222975462.15428257,4.6729627217517005e-05,42.328028751760215,34.61708675778144,0.16071714572824053,0.021453917308993684,0.025562201348208306,0.8178289369627658,0.8607367715807531,1.4205848217461476
42.100034040183814,1449539914608.1484,9029273587669.922,172925177.15378073,1482108617.0371053,1655033794.190886,226869681.51082706,4.76441231253951e-05,43.418776769459555,35.55693211865977,0.15924154981498884,0.021828605443962458,0.025962992627857638,0.8189298447410487,0.8625870556289736,1.4156319788689324
43.18490687807837,1499472841032.7083,9458145110821.312,170651875.93101063,1468831717.4740922,1639483593.405103,230777789.60471773,4.8569523311384185e-05,44.53763219667451,36.5230855540064,0.1577453640079353,0.022204629904550525,0.026363321679311866,0.8200500060875142,0.8644592658966153,1.4106365426473193
44.29773572839038,1551313801385.206,9905266123191.617,168357308.27965653,1455049032.7723947,1623406341.052051,235005914.14375305,4.950546402429344e-05,45.685319331278556,37.516331384949865,0.15619846714670335,0.022611445225645482,0.026797113237262523,0.8211900876276512,0.8664129780789421,1.405501626491205
45.43924098765199,1605112615929.963,10371208968711.652,165982203.31815088,1440751376.1341066,1606733579.4522576,239605404.81171918,5.045126440441091e-05,46.86258113552643,38.53752492366201,0.15459427247335839,0.023053992093810538,0.027269737290825286,0.8223517354328311,0.8684597196204521,1.4002084901806175
46.61016161624333,1660903406869.288,10856544485904.73,163647093.5319478,1425930501.4294732,1589577594.961421,244445084.74002337,5.1406123785209956e-05,48.07017971701539,39.58756039720073,0.1529435837874163,0.02351964913060139,0.027766331356964446,0.8235367670819823,0.8705760653431851,1.3947946852451492
47.811255616763006,1718806729370.8757,11361839895154.96,161407572.21740925,1410579244.038497,1571986816.255906,249470682.6981411,5.2369537480435226e-05,49.30889682204016,40.6673028310708,0.151251060726346,0.024003194548469404,0.028280676932581454,0.8247457447251846,0.8727521338221235,1.3892774841385052
49.04330052472561,1778883230032.6677,11887656532923.932,159105214.10140204,1394691670.8508768,1553796884.9522789,254831394.58334422,5.3340680730384904e-05,50.57953434166113,41.7776902114525,0.1495008893026659,0.02451898345363113,0.028828934851592887,0.825980127243703,0.8750180941509652,1.3836089664562636
50.30709391190412,1841150723440.9133,12434547440634.117,156714061.53046834,1378263239.1549385,1534977300.6854067,260537642.50881553,5.431850407715624e-05,51.88291483081343,42.919718266265555,0.1476901348781645,0.025068018625281414,0.02941186022961028,0.8272418464965541,0.8773778837471169,1.3777829999175077
51.60345390264294,1905742294312.6426,13003054819767.555,154558860.0146183,1361290963.9684649,1515849823.9830832,266262981.01156664,5.5302340051377444e-05,53.219882040792946,44.09434088715822,0.14584975612286713,0.025618890625353916,0.02999342423537272,0.828531353251779,0.8797691345024868,1.3718996051301222
52.93321970347548,1972757667511.5454,13593707369137.934,152367131.60428426,1343773593.15831,1496140724.7625942,272271488.6319685,5.6291311052831896e-05,54.591301465463744,45.30256838242532,0.1439534156877992,0.02619700816525329,0.030602316095100758,0.8298495761469475,0.8822435924774541,1.3658786310807096
54.29725214638974,2042234537614.9146,14207017525315.91,150029563.0579372,1325711789.4596128,1475741352.51755,278655339.7222822,5.7284245638256225e-05,55.998060901540825,46.54548185079581,0.1419906596021195,0.026811239938029047,0.031248191220850815,0.8311981004598514,0.8848205803359095,1.359691061266441
55.6964342460932,2114260999557.8066,14843478632842.09,147932112.49084806,1307108318.2377734,1455040430.7286215,285015893.0780461,5.828009420915538e-05,57.44107102331085,47.82416516274033,0.1399988894764349,0.02742323008445862,0.031887435665941724,0.8325778804391064,0.8874243406080237,1.353454919238374
57.131671771637585,2188973874855.444,15503562077161.99,145802166.2555678,1287968239.5361195,1433770405.7916873,291615909.5883422,5.9277902569396394e-05,58.92126597216251,49.139709913311755,0.1379523622408888,0.02805826053615878,0.032548387475541486,0.8339893772229524,0.89010589829527,1.3470936910208768
58.603893832774126,2266424565166.432,16187714420156.084,143532334.22933134,1268299102.6190164,1411831436.8483477,298542100.64913034,6.027635589895807e-05,60.439603961308755,50.493291276600324,0.1358414715580866,0.02872467435967459,0.03324005192827926,0.8354338540822388,0.8928832028015881,1.3405816700953657
60.114053481418324,2346645168009.4727,16896354585686.836,141409391.00269955,1248111140.8545847,1389520531.8572843,305484043.62564063,6.127402863589869e-05,61.997067896091885,51.886127392554215,0.13369479449262595,0.0293926037773015,0.0339286934794383,0.8369126017300725,0.8956978092846756,1.3340078362744898
61.66312832861406,2429847273652.0474,17629871150693.887,139377770.14894736,1227417464.3848603,1366795234.5338078,312487613.78527284,6.227001251969346e-05,63.59466601027342,53.319376368679706,0.13150824604962816,0.030066462746449057,0.03461916893245154,0.8384252912039227,0.8985582166968209,1.3273620896729341
63.25212117739582,2516110454299.88,18388619805949.992,137287877.54522735,1206234247.6070836,1343522125.1523108,319677991.7398176,6.326290754484334e-05,65.2334325187202,54.79430343733376,0.1292689890508095,0.030758295706752453,0.03532468158360709,0.8399727152424381,0.901489306655943,1.3206089654269504
64.88206067195952,2605456562716.1035,19172921059523.586,135152277.07156545,1184580908.0425317,1319733185.114097,327011922.0997937,6.425109942452168e-05,66.9144282869098,56.31223584044126,0.12698010063448992,0.03146394077627125,0.03604034776199087,0.8415559585892388,0.9044838401417813,1.3137604655142998
66.55400196356162,2698087488316.3193,19983058265109.562,133208941.05414537,1162480272.7055366,1295689213.759682,334232578.5679257,6.523347116119756e-05,68.63874151768829,57.874446098671484,0.12466667399895942,0.0321586870290081,0.03673878975444135,0.8431746389720325,0.9074920130300487,1.3068918607797564
68.26902739357752,2794132897786.719,20819276066470.637,131236922.9699275,1139958727.6138563,1271195650.5837839,341533309.80187035,6.62086370031281e-05,70.40748845572476,59.48227912214505,0.12230998921444831,0.03286113779500252,0.03744048284837045,0.8448288729905491,0.9105511485805542,1.2999507697564956
70.02824719416199,2893640464075.5923,21681779358000.098,129161428.12672156,1117046345.6139672,1246207773.7406888,348953364.62728024,6.717495184716668e-05,72.22181411011934,61.1371513814672,0.11990574330173821,0.033575069458668706,0.03814940184319353,0.8465191872395931,0.9136693261569305,1.292927428382111
71.83280020696478,2996755585854.077,22570732869531.31,127287711.3569125,1093776987.2454197,1221064698.602332,356156489.6508708,6.813102868410947e-05,74.08289299563175,62.84046626434514,0.1174865647531189,0.034268128897269746,0.038830149806935596,0.8482453063496114,0.9167815641441508,1.2859161876724299
73.68385462036647,3103661136220.6104,23486261490572.355,125395768.67906794,1070188368.954833,1195584137.633901,363331188.98452187,6.907555942638183e-05,75.99192989301048,64.59364440147118,0.11503491450101515,0.03495845331563349,0.039502635627621706,0.8500066321833514,0.9199235388146184,1.278868687641515
75.58260872571252,3214435009097.1636,24428451454651.973,123409685.81572218,1046322092.6131988,1169731778.428921,370513060.99780154,7.000695478553277e-05,77.950160628915,66.39818387092404,0.11254749112596112,0.03564946786408666,0.040170564066934866,0.8518030410099522,0.9231019767381256,1.2717774869549225
77.53029169303444,3329151049801.709,25397352507870.625,121554344.16058046,1022223630.0145597,1143777974.1751401,377435139.3901086,7.092364142912947e-05,79.9588528759358,68.25561196378145,0.1100503070639357,0.03631548598105853,0.04080622339589649,0.8536342069550058,0.9262651789171228,1.2647155320691017
79.52816436676042,3448076212447.8955,26392981186433.633,119746623.9723725,997942255.8676717,1117688879.8400443,384146802.45642304,7.182455168852117e-05,82.01930697322976,70.16740519717392,0.10754010586455709,0.036961258672992256,0.04141503603228907,0.8554986354624506,0.9294211528084352,1.2576741262946347
81.57752008193066,3571321242288.53,27415325325211.453,117902381.23514025,973530922.7662119,1091433304.001352,390687858.0185299,7.270826041922928e-05,84.13285676830266,72.13513258432681,0.10501388639851753,0.03759061610895027,0.04200134006290129,0.8573954974925322,0.9325767297104328,1.2506455064207251
83.67968550144582,3698947316887.0884,28464349912486.504,116052317.86280885,949046071.7716148,1065098389.6344236,396979848.0646645,7.357329376027994e-05,86.30087048048368,74.16040554908756,0.10248003325741906,0.03819600933408184,0.042557280895609194,0.8593239574084991,0.9357159760766628,1.2436524668744506
85.83602147489016,3831211133714.0957,29540004394232.426,114307618.29950884,924547372.6018212,1038854990.90133,402871882.59138274,7.441870706330143e-05,88.52475158665027,76.2447834465041,0.09995498542979231,0.03876292024121333,0.04306775729403215,0.8612820943289944,0.938807934811421,1.2367383552645774
88.0479239194858,3968271897718.863,30642231513761.133,112554722.75853305,900097388.0265037,1012652110.7850367,408432063.7136942,7.524341015108115e-05,90.80593972977749,78.38988581170453,0.09743383616143263,0.03929790137711321,0.04354018902058245,0.8632682624614542,0.9418640652156806,1.2298892279162525
90.31682472374845,4110209835789.0195,31770977748615.527,110748007.0466242,875761157.9613608,986509165.007985,413657116.13176477,7.604625340033462e-05,93.14591165089989,80.5973790871824,0.09491845356508984,0.03980063760391327,0.043974642683509375,0.865280908830997,0.9448821840388234,1.2231091578742554
92.64419267442892,4257234442162.5596,32926205375529.83,109069079.37874258,851605699.9655128,960674779.3442553,418322116.90089,7.682649794299596e-05,95.54618214508852,82.86889998999135,0.09243275954116711,0.04024948762436061,0.044348766493612024,0.8673177528344722,0.9478167280831935,1.2164587727857763
95.03153440734118,4409563150422.916,34107906155595.125,107379488.06015691,827699424.4062452,935078912.4664022,422522838.1380807,7.758355537218533e-05,98.00830504206279,85.20609944395554,0.08997001495867349,0.04065366629581669,0.044672886568644786,0.8693763187455098,0.9506836513371432,1.2099186423600998
97.4803953826925,4567305987909.022,35316116585148.59,105617460.72997126,804111464.4864899,909728925.2164612,426275766.3501327,7.831677803462779e-05,100.53387421207184,87.61067818978579,0.08753092805202557,0.041014759892170544,0.04494920557100159,0.8714543120558038,0.953483831840145,1.2034887742566736
99.99236088554618,4730591507144.239,36550934603317.52,103961005.3585945,780910923.6429427,884871929.0015372,429360642.5612072,7.902574447263862e-05,103.12452459769585,90.08434071557234,0.0851392750145449,0.04131157586690359,0.045156136599437444,0.8735491491185515,0.9561723008523587,1.1972269831198599
102.5690570520656,4899659411869.502,37812537584948.484,102245112.59015377,758166045.5123322,860411158.102486,431906600.6210762,7.971044290047015e-05,105.78193327223622,92.62876603940458,0.08278574538795587,0.04155653902635116,0.0453073410246207,0.8756577155856929,0.9587707936383952,1.191107132788841
105.21215192220356,5074623597618.73,39101201378643.914,100607299.57067306,735943314.7064065,836550614.2770796,433739707.2158048,8.037082743557351e-05,108.50782052537923,95.2456820221328,0.08048996750624578,0.04173291411678451,0.04538603456408506,0.8777771183769697,0.9612429466105387,1.185175263093149
107.92335651951795,5255755633602.631,40417320075185.97,99017835.68077132,714306499.9855592,813324335.6663306,434862214.1003301,8.100736192034591e-05,111.30395097683603,97.93677674397847,0.07825521640001923,0.04184091779416995,0.04539317014711535,0.8799038658058108,0.9635857013941508,1.1794361295652345
110.70442595881298,5443443559674.29,41761426113759.01,97517551.01154661,693315655.0019726,790833206.0135192,435213349.7474297,8.162092136022831e-05,114.17213471867963,100.70371591075262,0.0760911987493981,0.04187470283519793,0.045323415881000785,0.882034098415404,0.9657835040857998,1.173910107587712
113.557160582324,5637912100129.862,43134210254795.414,96012625.42441212,673026095.4897234,769038720.9141356,434867704.7422205,8.221230109955729e-05,117.11422848711955,103.54822501742854,0.07399420979556091,0.041841446084484736,0.045184864422118984,0.8841643441199544,0.9678472362889238,1.1685846806401696
116.4834071251798,5839309038563.333,44536540872423.37,94489213.83527319,653487375.4720111,747976589.3072842,433824492.6384517,8.278239661668557e-05,120.13213686447114,106.47206088178658,0.07196768532744759,0.04174107187292906,0.04497803709309089,0.8862912427996233,0.9697733865454815,1.16346488499552
119.48505991089732,6047944922907.396,45969481950575.21,93050554.39514819,634742288.5599787,727792842.9551269,431976918.5685605,8.33326003383619e-05,123.22781351209808,109.47694739828387,0.07002567600928652,0.04156330477275254,0.0446929594726828,0.888411019217961,0.9715376287634659,1.1585810943363606
122.56406207768441,6264113105694.582,47434309109689.63,91614799.58498001,616825923.5258803,708440723.1108603,429410184.75074196,8.386447902645333e-05,126.40326243512766,112.56463003778168,0.0681636828783771,0.041316342642706255,0.04433862673471404,0.8905199744789166,0.9731526597643291,1.1539190969724042
125.72240683634169,6488007562980.539,48932522951010.51,90139522.78420079,599764805.8083248,689904328.5925256,426175946.88177836,8.437963966632963e-05,129.66053927975545,115.73689927485516,0.06638017597873415,0.041005155612851146,0.04392061367788302,0.8926146684084147,0.974624979634117,1.149472121053816
128.96213876057936,6719906859402.559,50465858988488.12,88790268.9178088,583576158.1900095,672366427.1078182,422128152.0125872,8.48800035209961e-05,133.00175266397994,118.99554669634988,0.06469274057848437,0.04061569098042756,0.04342497138913284,0.8946915684410881,0.9759229504019432,1.1452785428819592
132.2853551105852,6960263533231.512,52036293449958.42,87468032.76115833,568267314.3097283,655735347.0708866,417396934.71659887,8.536789522936576e-05,136.42906554262981,122.34235166413906,0.0630925563589997,0.040160469837893134,0.04286492770494161,0.8967469738031072,0.9770679134788934,1.1413144840100633
135.69420719069836,7209416207542.63,53646044274950.14,86176759.8554567,553835317.6675978,640012077.5230545,412015354.61725795,8.584557606966334e-05,139.94469660756604,125.77915973239215,0.0615797184823691,0.039642673066322374,0.04224404975797358,0.8987776084513085,0.9780629545839533,1.1375773755323608
139.1909017420689,7467819784483.115,55297566720572.83,85052314.71716064,540266736.1190956,625319050.8362563,405894563.445297,8.631554825078013e-05,143.5509217239645,129.30783387217986,0.06016600696222302,0.03905375199671155,0.04155388322407888,0.9007802410410655,0.9788877450344886,1.1340919227545603
142.77770237120603,7736786791483.791,56993543112383.0,84029413.86857611,527537717.34511167,611567131.2136878,399167555.0755514,8.67814906694117e-05,147.25007540361278,132.93010153375917,0.05884284546466608,0.03840650283347595,0.04080774677045081,0.902750651701858,0.9795636573688098,1.1308357385179841
146.45693101533658,8015067930923.705,58736866444676.98,82459163.15038589,515614304.326601,598073467.4769869,392516953.7134217,8.724360451993389e-05,151.04455231616893,136.64832418733303,0.05754453244310929,0.03776660528466187,0.040072562136610576,0.9046888622722289,0.9802220728415526,1.1276550742074125
150.23096944552597,8302265972655.271,60530617742303.06,80866531.36474398,504453021.4473027,585319552.8120466,385474600.785897,8.770334728384334e-05,154.9368088393667,140.46471770892467,0.05631739548398388,0.037089014773543996,0.03930242498489811,0.9065935897424722,0.9807716192895601,1.1246553820514333
154.10226080853204,8598706105677.492,62378037338428.67,79330082.9611187,494001731.63746595,573331814.5985847,378035389.15446293,8.816307578608515e-05,158.92936464916633,144.3814128704622,0.05516397733712283,0.03637323990915798,0.038496880979035406,0.9084627827537192,0.9812092625720351,1.1218407737835674
158.07331120839032,8904599059513.184,64282490490567.64,77771297.80359769,484200753.2580484,561972051.0616461,370353320.10204303,8.862486780477465e-05,163.02480435088128,148.4006514192593,0.054070980712218115,0.0356340981550821,0.037671006416435004,0.9102949211326998,0.981563117442864,1.1191792487239862
162.14669132875676,9219930416084.77,66247428037433.055,76131090.47015801,474984212.6883693,551115303.1585273,362562541.1934215,8.909036372108907e-05,167.22577915233947,152.52481388081958,0.05302638248823534,0.03488449671973417,0.03683787602382786,0.9120891207920305,0.9818581142314988,1.1166420823362537
166.325038097055,9544680190181.94,68276343074896.7,74569525.11852914,466281595.48125076,540851120.5997798,354579210.2866045,8.956100940712843e-05,171.53500858015832,156.75638119573787,0.05203879882439965,0.03411636860612732,0.03598920352839167,0.913844832569473,0.9820775697817277,1.114247703133435
170.61105639150682,9879614636171.488,70372724880447.69,73095220.19870612,458019446.31578577,531114666.5144919,346479009.48677087,9.003890485644595e-05,175.95528224024608,161.09779644611226,0.05110199134428308,0.03333699568111178,0.03513232758106382,0.9155610129746051,0.9822350043368288,1.1119808338857664
175.00752079215258,10224920742866.354,72540011519978.3,71574739.3826635,450123156.76857275,521697896.15123624,338469676.75997585,9.052516513251957e-05,180.4894616236716,165.5517371243299,0.050195942711221915,0.03256636576353824,0.03428745699033877,0.9172376915252398,0.9823704230523163,1.1097951664821246
179.51727737699196,10580557728112.27,74781542706160.11,70051963.62149686,442518771.1726273,512570734.7941241,330575129.79971635,9.102035272772792e-05,185.1404819590672,170.1210456411181,0.049317759241482816,0.03180678013002945,0.033456794254042126,0.9188754606284877,0.9824890208885466,1.10768338287495
184.1432455644094,10946650662343.162,77100514523766.56,68467780.29640533,435134735.5633011,503602515.8597064,322918533.1442604,9.152489906367694e-05,189.91135411276633,174.8086616731352,0.048454868654469165,0.031070089240693786,0.032652249711749536,0.9204750421048371,0.9826152205862246,1.105616459532483
188.88842000307838,11322045035466.309,79499937578331.56,66496877.38868855,427903513.833127,494400391.2218156,315870874.01447487,9.203760703962707e-05,194.8051665379074,179.61787120932107,0.047569472480643714,0.030391988185395718,0.031909926558688614,0.9220385393339605,0.982822515704752,1.1035088707610354
193.75587251056504,11707655587927.479,81982599952241.64,65341686.7065705,420762999.41141367,486104686.1179842,308287204.5599495,9.255912138402748e-05,199.82508727376216,184.55173590111667,0.046771288816854516,0.029662314095681076,0.031117730454073584,0.9235663970874644,0.9828910252788265,1.1016065441622827
198.7487540618873,12106598575831.348,84551036068600.22,64265365.69996361,413657660.3730357,477923026.07299936,300969364.216902,9.309179888369872e-05,204.97436599658448,189.6131165270348,0.045984078168832855,0.028958217151186218,0.03035401872078082,0.9250577046799809,0.9829741389823533,1.0997376236701426
203.87029682931887,12519473775310.43,87207502182001.25,63218458.678466514,406539370.7214634,469757829.3999299,293998578.2779218,9.363503325436617e-05,210.25633612330935,194.80544654809705,0.045198451568743137,0.028287512564821916,0.029626588489826418,0.926514035866435,0.9830890609960787,1.097880656810483
209.12381627475523,12947046468446.633,89953958763908.28,62237812.45983225,399367899.9928489,461605712.4526811,287361409.0964733,9.41880478897264e-05,215.67441696946017,200.13227342906566,0.044414083454019794,0.027648907413345327,0.028933983783775173,0.9279370091326349,0.9832348239593256,1.0960345688485627
214.51271329599723,13389392077079.316,92792059568472.78,61129089.43832062,392111056.02211356,453240145.4604342,281261399.19666886,9.474914432437978e-05,221.23211596266245,205.5973848644751,0.043609177924234056,0.02706198584489088,0.028295948915690254,0.929328836230875,0.9834528079206568,1.0941504976662977
220.04047642834442,13846530573790.422,95723146702269.53,60040433.710667774,384744499.8908638,444784933.60153157,275551458.9450533,9.531636686221657e-05,226.93303091320018,211.20470137763223,0.04279564707963643,0.026512595410562757,0.027697946974096683,0.9306917575098008,0.9837169483309263,1.092254841575422
225.71068410291892,14318977575435.926,98748250634054.53,58970665.93812452,377251275.51723707,436221941.4553616,270230025.97610676,9.588800941144749e-05,232.78085234307926,216.95819501589656,0.04197174599363092,0.02600058578502765,0.027139685783061255,0.9320276682213414,0.9840288397913967,1.090343573295513
231.5270069631839,14808101148534.469,101868093822797.0,58207324.53118589,369621116.62055707,427828441.15174294,265005363.87202227,9.646289114613506e-05,238.77936587510894,222.8618462523436,0.0411641528185476,0.025497887112871053,0.026592546772029237,0.9333379600685814,0.9843337342943235,1.0884756082445897
237.4932102411584,15314209791881.182,105083096559662.08,56947647.275497064,361849608.5504146,418797255.8259117,260663694.04874176,9.70387619105636e-05,244.93245468354877,228.91990956357873,0.040295203826086194,0.025080146862568698,0.02613318904162669,0.9346246493113451,0.9847849430364825,1.0864790826392725
243.61315619486243,15834985852545.0,108393383741140.12,55660496.759822965,353937289.77409583,409597786.5339188,256701634.5182392,9.761121560327084e-05,251.24410200790498,235.13709524803875,0.039410063140334496,0.024698931383881195,0.025712252893910454,0.9358910054757843,0.9852888682435468,1.0844540384472312
249.89080660857255,16370134390126.055,111798791620923.44,54327488.79625226,345888776.47271335,400216265.2689656,253113304.2799673,9.817753878289905e-05,257.7183937315037,241.51793693901396,0.03850740605194328,0.02435367482755223,0.02532903007349415,0.9371389191205045,0.985846268775609,1.082397619748449
256.3302253575085,16919028892420.848,115298874103516.34,52941154.49613805,337711983.51203537,390653138.0081734,249878747.2308157,9.873477022162637e-05,264.35952102651385,248.0671144463392,0.03758727547126773,0.024042457087298345,0.024981441407137768,0.9383702674414339,0.9864551816160306,1.0803100169983666
262.93558103860687,17483483242479.812,118892908789543.44,51828825.763876475,329417496.9628772,381246322.7267537,246653852.55970037,9.928176997130171e-05,271.17178306712765,254.7891150491539,0.03668218468128243,0.023732169027186823,0.02463586642933095,0.9395856462915307,0.9870499843459043,1.0782624477148448
269.7111496690868,18064713413969.484,122579903681960.58,50707230.8317253,321018129.33839625,371725360.17012155,243700075.58381724,9.981685659056929e-05,278.1595898126558,261.6886261645089,0.03576611104062919,0.023447966961284348,0.02431771713249995,0.9407859219980864,0.9876818559206552,1.0761978357711215
276.66131745455755,18663200831672.418,126358606116026.1,49633863.972895995,312528661.5474212,362162525.5203172,240933627.10317075,0.00010033779333205124,285.3274648623436,268.7705404814607,0.03484600861395712,0.023181788986497535,0.024018746431547697,0.9419722023995454,0.9883357803725404,1.0741313562785317
283.79058362845427,19279515898169.297,130227515977252.77,48568969.78178254,303965748.2752681,352534718.0570506,238367723.7242813,0.00010084243241870389,292.6800483837495,276.03985257621986,0.03391965473094145,0.02293490675837383,0.023740164956969845,0.9431454385106848,0.9890152520274323,1.0720581487941976
291.10356336464383,19913870647024.254,134184905514264.39,47486175.43630108,295347938.85697335,342834114.2932744,236000206.31462157,0.00010132843666881675,300.22210011658484,283.5017078511634,0.03298629664308438,0.02270711253275048,0.023481686406226138,0.9443065908241651,0.9897208158896661,1.0699765870003186
298.6049907650868,20566457000758.617,138228847937382.75,46437511.98065913,286695745.70486295,333133257.6855221,233750039.18399906,0.00010179355219398462,307.9585024539621,291.16136061768765,0.03205291422746629,0.02249060933959469,0.023235370683144917,0.9454564764329391,0.9904376951121284,1.0679017496060785
306.299721924487,21237974515845.832,142357256426653.47,45418659.966798976,278031678.05483663,323450338.0216356,231593852.51801223,0.00010223596741670717,315.89426360304134,299.02411801469776,0.031121257641707492,0.02228314861728961,0.022998903415974912,0.9465955937410029,0.9911618909755822,1.0658373273512158
314.19273807391244,21928910666676.656,146567934070184.4,44404710.20844375,269380150.6190511,313784860.82749486,229527535.42714012,0.00010265386463154438,324.0345208271218,307.0954172484212,0.030191279309241564,0.022084334830456614,0.02277184599322511,0.9477243858603018,0.991893055521215,1.0637831201063839
322.2891488054278,22640003823690.617,150858633542940.75,43487267.3818335,260767175.253674,304254442.6355075,227431072.27019286,0.00010304574396321711,332.3845437712835,315.38077546112464,0.02927429588050199,0.02188262049482547,0.02254253740470818,0.9488430836246725,0.9926083246143235,1.0617632530634324
330.594195379819,23371354178697.293,155227122980042.94,42388322.06512672,252219750.83010268,294608072.8952294,225552500.64522153,0.00010340991993485836,340.9497378737223,323.88587621465103,0.02834615600026391,0.02170187091856371,0.02233498179683999,0.9499519730811724,0.9933557149182998,1.0597259181690972
339.113254119554,24120725313195.54,159671251546495.9,41212836.96205254,243764886.207047,284977723.1690995,223752041.08388412,0.00010374363454529436,349.7356478649926,332.61671934241656,0.027419557509627653,0.021528637011236307,0.022135584955945094,0.951051805479136,0.9941090795016087,1.057698248708592
347.85183988918044,24886797458161.047,164189004880882.66,40102952.56306342,235428229.78093612,275531182.34399956,221859298.81826425,0.00010404502561348499,358.74796135742434,341.57929973867994,0.02651064446709072,0.02134652398560773,0.021927845296184238,0.9521428315473015,0.994835879518517,1.0557144303871857
356.81560966540525,25672497306770.508,168778537402353.44,39091823.45442968,227232343.15451634,266324166.60894603,219828525.71360594,0.00010431483788310374,367.9925125270327,350.77932868792885,0.025624777689042432,0.02115113011652575,0.021707376821796562,0.9532240921944318,0.9955263524274833,1.0537855256243547
366.01036619917204,26477342498131.637,173438166302517.8,38020933.9419799,219194749.02051985,257215682.96249974,217802071.6695401,0.00010455210356234832,377.47528589030594,360.2229504037622,0.0247483913231473,0.020956151812313147,0.021487943855580883,0.9542954568645395,0.9962077604891658,1.0518824836844367
375.4420617721096,27302054432352.77,178166312154533.8,37050084.17967596,211325998.2029913,248376082.38266727,215614582.9216539,0.00010475667769019355,387.202420178321,369.91632753754317,0.023897875943329233,0.020745679313419824,0.021253595092285003,0.955356444743251,0.9968478033700906,1.0500396683495985
385.1168020497763,28148286192012.805,182961374905317.75,36172785.692273006,203628117.1001888,239800902.7924618,213277439.22875822,0.00010492894738950725,397.1802123106876,379.8656931290228,0.023072802224182756,0.02052080754034586,0.021005462420399235,0.9564063902354714,0.9974480053161632,1.0482557773131453
395.04085003419914,29017444360781.53,187821542761894.6,35293301.585198626,196093877.03727344,231387178.62247205,210899117.28539777,0.00010506910603912329,407.41512147189593,390.0774744528934,0.022263263179573695,0.020291973740366044,0.020754026085135147,0.9574447630800602,0.9980287105607923,1.0465096491556067
405.2206301182679,29909354118270.527,192744545384488.75,34413243.69741976,188707322.10204738,223120565.79946715,208495237.69380122,0.0001051764316699115,417.9137732927114,400.55841627337816,0.02146787867306015,0.020060680873067466,0.020500789331130132,0.9584714404538723,0.9985928022000073,1.0447981426779955
415.6627322446044,30823666272509.44,197727380382878.72,33524189.885079175,181445855.46604574,214970045.3511249,206096915.5910094,0.0001052499263881624,428.6829641393164,411.3154796209415,0.020683664167864928,0.019829922727859425,0.02024874088412886,0.9594864131042756,0.9991462585599945,1.0431147927349362
426.37391617160057,31761680840013.516,202766059651429.06,32704540.791041903,174283894.90797192,206988435.69901383,203653302.7660554,0.00010528906408879482,439.7296655129773,422.3557228104199,0.01991570166735187,0.01959480686813543,0.019992981115472177,0.9604894914645127,0.9996791052007835,1.0414700074235033
437.36111584939164,32724500839471.035,207855433746913.53,31833130.17847368,167197694.87060452,199030825.0490782,201309365.87028858,0.00010529285649017791,451.06102856309144,433.68646006938553,0.01915004826669759,0.019369281476895355,0.01974744602134818,0.961480670256407,1.0002192332101978,1.0398345445424784
448.6314439085897,33707145017617.465,212989151624737.44,30848592.862172537,160170487.49243122,191019080.35460377,199132471.38825977,0.00010525738951582889,462.6843887165257,445.3156726936866,0.01837918627804929,0.019159828321123732,0.019518563638108485,0.962460985400827,1.0007806420430745,1.0381926977200384
460.1921962646873,34709960011665.33,218159794430607.12,29935984.73579786,153196766.03071934,183132750.7665172,196941558.13068774,0.00010518100381436946,474.60727042624825,457.2511589489233,0.017620391291284287,0.018949026327913353,0.019288904370501757,0.9634305823808024,1.001328635036629,1.0365802644797197
472.0508568411152,35733795792936.79,223359185012907.25,29020097.474754877,146284482.1631469,175304579.63790178,194803183.14147687,0.0001050622098720029,486.83739204233206,469.5008829725881,0.01686719210761016,0.018743279382707305,0.019064849867932467,0.9643895285096825,1.0018760872750971,1.0349836827655265
484.2151024140046,36776871847204.97,228578825542387.1,28081756.906931505,139454261.62695116,167536018.53388268,192712233.74503464,0.00010489861647132444,499.382670808474,482.07315658757307,0.01611972839153467,0.018542095561782997,0.01884588612745537,0.9653381760466824,1.0024223671702484,1.0334031236577224
496.6928075817933,37840823462897.55,233810367290920.53,27264376.773276474,132735445.02737167,159999821.80064815,190498544.46561152,0.00010468957003412614,512.2512279872697,494.9762089046197,0.015394621960642955,0.018329102139593392,0.018615683550390616,0.9662762758997636,1.0029344801789504,1.0318726959027789
509.4920498628982,38927550772415.2,239045986296398.44,26466427.24749653,126159659.09629641,152626086.34379295,188236046.62822255,0.00010443491459301566,525.4513941175652,508.21839619904125,0.014685146984242607,0.018111412529058873,0.018381345286357143,0.9672034404866985,1.0034262655448163,1.0303782967983244
522.6211149247441,40036783721719.445,244278541093957.3,25635777.576098725,119753423.29979324,145389200.87589198,185952801.32937348,0.00010413410560918882,538.9917144072803,521.80835353411,0.013988839234040134,0.01789172667051466,0.01814556202042976,0.9681194340954452,1.0039028874364746,1.0289146677494947
536.0885019475397,41166553604696.42,249501429538763.6,24840600.511643596,113531695.0060059,138372295.5176495,183567259.46554193,0.00010378638348883807,552.8809542651995,535.7549716605861,0.013313697198829971,0.01766219819509716,0.01790052030210084,0.9690241046060729,1.0043485009962672,1.0274979970674896
549.9029291262767,42319303979854.62,254708133701347.75,24103169.60880747,107494092.32059878,131597261.92940626,181064398.60036752,0.00010339277937102743,567.1281049753161,550.0670717123035,0.012661827217427025,0.017421381696642212,0.01764479706840897,0.9699167910859308,1.0047595544792152,1.0261323452872333
564.0733393145049,43498365940495.63,259891527101244.0,23455148.235297643,101624882.12013337,125080030.35543102,178434920.74872625,0.00010295447057320255,581.7423895173927,564.7536823977011,0.01203476204209001,0.017168382555616063,0.017377516835615104,0.9707968554022939,1.0051336205135262,1.024820582605843
578.6089058135414,44699997499599.58,265043096579604.44,22627747.43590342,95896943.68422055,118524691.12012397,175972754.18735385,0.00010246987174488575,596.7332685375119,579.8245259644689,0.0114040302811693,0.016931481520415594,0.017126796020856858,0.9716644881984151,1.0055274512392463,1.023504456123089
593.5190383108655,45920240028383.625,270152285397344.62,21873122.287241336,90279063.48001654,112152185.76725788,173453970.8677767,0.00010193698079627493,612.1104464724863,595.2896372179508,0.0107908901554773,0.016689133019215534,0.016871188157414584,0.9725199768253072,1.0058982428637382,1.022227168698414
608.8133889715372,47165636336110.56,275206180294612.25,21247993.08505577,84745105.2844827,105993098.36953847,170853253.00756097,0.00010135671955520905,627.8838778320833,611.158818555402,0.010198284357274677,0.01643890106374375,0.016608276995225442,0.9733628145789816,1.006240616706469,1.0209945070532869
624.5018586865814,48435630698921.33,280189719526797.56,20557325.551291235,79282654.35961203,99839979.91090328,168375425.5012471,0.00010072725549447905,644.0637736431356,627.4425833923507,0.009606252869466113,0.01620049318732179,0.016357628705006923,0.9741932539432121,1.0065942403178556,1.0197657957503312
640.5946034823947,49731054559965.66,285086453205318.7,19906726.688922897,73897699.93463366,93804426.62355655,165907405.04376805,0.00010004711229166554,660.6606080597154,644.1516494935549,0.009025533090304195,0.015963028910759267,0.01610841595196612,0.9750114379989365,1.006937495820455,1.0185627190925632
657.1020410953092,51044610343165.516,289879618499869.5,19146044.44179046,68611629.34020072,87757673.78199118,163571186.44320428,9.931268530331308e-05,677.68512514364,661.2973557296984,0.008443735729296352,0.01573824614682649,0.015872267377990978,0.9758180181238771,1.0072945104175302,1.0173600975765356
674.034857715575,52375090921088.11,294552965899543.94,18420161.320686124,63448847.63675577,81869008.9574419,161197339.99085495,9.852279893223557e-05,695.1483458197034,678.8909170130357,0.007877149043094772,0.015509842962902549,0.01563298632618255,0.9766130079940026,1.0076326939198077,1.0161907681711315
691.4040149051342,53723931689879.79,299090609872824.06,17814466.34512068,58418715.19628307,76233181.54140376,158693751.88218158,9.76774366326682e-05,713.0615750101431,696.9436409960515,0.007334889485997048,0.015268956491627544,0.015381780149119237,0.9773961540223755,1.0079340670056305,1.0150729392755862
709.2207566936542,55097497568554.1,303475498457802.75,17219882.26051628,53502402.910543784,70722285.17106006,156193564.73769745,9.677781589753047e-05,731.4364089529489,715.4669230159827,0.006804650356159611,0.01502839724920446,0.015131360869333147,0.9781669523946359,1.0082237468930448,1.0139816409215234
727.4966168574149,56492026201742.625,307687053440375.2,16616117.622220356,48658113.05519391,65274230.67741427,153755548.48334077,9.582166000564866e-05,750.2847427087552,734.4730338194247,0.006280457651400491,0.014793819871884082,0.014887319048712409,0.9789257224767154,1.0085133622204836,1.0129047388702195
746.2434263857748,57912739370325.64,311699737578345.94,16095625.900921443,43850535.25848576,59946161.1594072,151322808.1347397,9.480817330640469e-05,769.6187778611857,753.9743062817777,0.005767809480379768,0.01455975012372037,0.014644215166792115,0.9796724403958998,1.0087919406433405,1.011853189927359
765.4733211400306,59348777064069.79,315484735858236.75,15355094.166946456,39092098.1119991,54447192.27894556,149176553.6302656,9.373203121044077e-05,789.4510304156206,773.9841350287346,0.0052387179718059495,0.014353245039178007,0.01442883362922362,0.980408036989016,1.009114527067372,1.0107707809424287
785.1987497096397,60794351684828.95,319015531640571.8,14735042.569683317,34465592.73622031,49200635.30590363,146890151.98326766,9.259048021302216e-05,809.7943389015071,794.5158129506384,0.004733912652112596,0.014133255487879758,0.014200479316582592,0.9811328318600077,1.009399342835767,1.0097390995005933
805.432481470894,62248304737492.734,322274986328787.5,13988419.384194784,30098316.347578235,44086735.73177302,144588324.93935114,9.138463575085241e-05,830.6618726834629,815.5823253518387,0.00424187116230067,0.013911781758965045,0.013971045132419457,0.9818463470787343,1.0096699105966644,1.0087349247414665
826.1876148532518,63710864763998.56,325258589452150.1,13523100.601250468,26086899.068853308,39609999.67010377,141777880.02074116,9.0119026460127e-05,852.0671404865435,837.1964336787779,0.0038111353120267636,0.013641370601150647,0.013693558605900904,0.9825474940868226,1.0098302352891237,1.0078550538403308
847.4775858186831,65197142519522.836,327968900579301.6,13025311.483949456,22415218.75426037,35440530.23820983,138808226.25759268,8.880296269792133e-05,874.0239991411952,859.3704584427055,0.0034099635797204715,0.01335564092643493,0.013401339004359284,0.9832343954938446,1.0099456773467144,1.0070358294884485
869.3161765595263,66700793043603.79,330401323744864.25,12487937.004175121,18929498.888748,31417435.892923124,135844379.8313887,8.743878518070936e-05,896.5466625535622,882.1182273038223,0.003022875545117184,0.013070470013321902,0.013110100214654816,0.9839066544415609,1.0100475944682048,1.0062462236240004
891.7175244204722,68220689252170.88,332528617943968.44,12081507.685535755,15405695.921338392,27487203.606874146,132936413.48117715,8.602509340199887e-05,919.6497109069448,905.4545515455886,0.002644722372317885,0.012790675685228493,0.012824593173710881,0.9845646019424537,1.0101459533129107,1.005475873461973
914.6961310504568,69759243140860.58,334295016032305.6,11407516.493339725,11676494.821546378,23084011.3148861,130638026.16998571,8.455562834786494e-05,943.3481001003652,929.3954198784609,0.0022210626457487494,0.01256953291533831,0.012597512780404208,0.9852094044389129,1.0103484702695895,1.0046163985367642
938.2668717903981,71275062946181.38,335626203097611.9,10752430.258561395,7733953.277496114,18486383.53605751,128638591.87732366,8.301227819213065e-05,967.6571714303668,953.9591622648325,0.0017786950182459918,0.012377154356885734,0.012399208767751125,0.9858441506248683,1.0105984593386397,1.0037212163432514
962.4450053028359,72788596349071.12,336451175994978.75,10279664.411120031,3739403.5370807312,14019067.948200762,126610329.3958885,8.13919747639735e-05,992.5926615222921,979.1620216145739,0.0013488655729380504,0.012182002051169084,0.01219845612868406,0.9864691323758928,1.010833136478231,1.0028524260737421
987.2461834497163,74293100918446.75,336724230021430.8,9537949.74807605,-58668.768080929294,9479280.97999512,124753730.94953881,7.969193012320309e-05,1018.1707125174808,1005.0206001121783,0.0009120631854675403,0.012003366657125446,0.012014324480182081,0.987084570157407,1.011091303471658,1.001971253518313
1012.6864614247264,75775234278567.28,336435595014368.6,9016206.073240075,-3442630.585117789,5573575.488122286,122370304.38035764,7.791553685026142e-05,1044.4078825229883,1031.5508960487443,0.0005362698948231019,0.011774041707943859,0.011780359159911524,0.987689688397233,1.0112377718131207,1.0012123482709792
1038.7823081467184,77247349709738.25,335605591380119.4,8503124.179188479,-6319098.308311023,2184025.870877456,119601709.0612869,7.607649799359084e-05,1071.3211563305756,1058.7676330507297,0.00021013931300694884,0.011507657171889788,0.01151007589133025,0.9882822035151033,1.0112975178588828,1.0005529662437476
1065.5506169209616,78710163211064.62,334265219644754.75,8045717.105299057,-8744734.649499327,-699017.5442002695,116477038.5922991,7.41873321800398e-05,1098.9279564119124,1086.6861678680934,-6.725701763735704e-05,0.011207012333162493,0.011206258633627921,0.9888602446844749,1.0112742693508,0.9999910786462456
1093.0087163751323,80167323902028.7,332434439122052.9,7613961.462005464,-10862378.69653495,-3248417.234529486,113182904.70975071,7.225819825447224e-05,1127.2461541971286,1115.3226956012338,-0.00031255131870288184,0.010890062318850839,0.010886659679011895,0.9894224889998521,1.0112026136375536,0.9994936496521399
1121.1743816771038,81615428346090.17,330113771737330.6,7146759.493604457,-12781533.889236938,-5634774.395632481,109894232.73018591,7.029398704512799e-05,1156.2940816439889,1144.694741163325,-0.0005421582391657453,0.0105736378296971,0.010567908351113793,0.9899685204094687,1.0111157960688628,0.9990281368399029
1150.0658460418058,83040035574153.1,327295819103153.25,6705965.387505386,-14505887.622030837,-7799922.234525451,106551531.49376443,6.829618342645364e-05,1186.090543105195,1174.8208638851963,-0.0007504811741136974,0.010252014834852776,0.01024432666055256,0.990498466339261,1.0110024960089665,0.9986055255124748
1179.7018125346142,84455299193994.72,323982852528144.2,6318692.877427261,-15985371.663596354,-9666678.786169093,103084973.69412646,6.627255737992293e-05,1216.654827501503,1205.719070548628,-0.0009300939454386147,0.009918474795685502,0.00990925825457913,0.9910116191497531,1.0108485687411242,0.9982404247391791
1210.1014661788904,85854454498880.48,320186701332988.06,5933197.8095664205,-17241168.40278529,-11307970.59321887,99570548.6118485,6.422852409525848e-05,1248.006720808522,1237.408253558782,-0.0010880132894245935,0.009580329134385451,0.009569916937578676,0.9915076841550391,1.01066834242381,0.9979189123123523
1241.2844863755204,87230881176349.56,315903764326767.0,5564874.71380106,-18421907.092119176,-12857032.378318116,96140269.10038574,6.216679383520116e-05,1280.166518865282,1269.908261529234,-0.0012370585840186968,0.009250279664929764,0.009238850665407654,0.9919867789190889,1.0104873382489485,0.9976156190526588
1273.2710596425004,88589943926930.28,311089387368081.8,5173916.56139186,-19695961.920219883,-14522045.358828023,92995013.81085978,6.008561300596595e-05,1313.155040512874,1303.2402026648208,-0.0013972602961584133,0.00894765422693213,0.0089351694693931,0.9924496060692263,1.0103449145230907,0.9972909464940821
1306.0818926828006,89909188071853.92,305669815933906.9,4723085.919113004,-21063531.741263382,-16340445.82215038,90155092.1017263,5.797523242529024e-05,1346.9936410716534,1337.4270410164474,-0.0015722204141814466,0.008674406915666961,0.008660790244441706,0.9928978134985145,1.0102466273298485,0.9969377388775132
1339.7382257889697,91160657965226.47,299592611272272.44,4319081.905631529,-22339148.35315769,-18020066.447526164,87316813.70744786,5.5829320945445916e-05,1381.7042261657302,1372.491726922591,-0.0017338276227018136,0.008401317718396367,0.008386776493646256,0.9933325099043054,1.0101351453410983,0.9966114421012238
1374.2618465931762,92375678406682.86,292858892035683.25,3937428.7230303804,-23353130.375991624,-19415701.652961243,84344355.92818168,5.365811823102797e-05,1417.3092659037163,1408.4550408259179,-0.0018681107496505854,0.008115318251079525,0.008100186206153638,0.9937527924985711,1.0099834290007301,0.9963395948435125
1409.6751041715615,93534877714789.22,285509994509618.5,3561905.4086901955,-24035017.31114233,-20473111.902452134,81189047.7438811,5.1469656542776415e-05,1453.8318094248846,1445.3387064475387,-0.001969851057014824,0.007811725558787955,0.007796367875287944,0.9941581254982269,1.0097815766158027,0.9961324565958759
1446.0009235120444,94636886107453.53,277618993917886.06,3184062.9904643185,-24320497.126933873,-21136434.136469554,77806609.04906322,4.927795429261068e-05,1491.2954998201635,1483.1640536743698,-0.0020336735970393404,0.007486279164999778,0.007471085415848341,0.9945473944320395,1.0095199527620393,0.9960006206158997
1483.2628203549625,95689509711981.64,269281641041495.78,2957116.542090986,-24274328.7786092,-21317212.236518215,74121895.58160707,4.7099912505600816e-05,1529.724589437646,1521.9525459851782,-0.0020510674320929814,0.007131748952238332,0.00711715119521255,0.9949193184798546,1.0091828163843313,0.9959609005877958
1521.484916416123,96708858077936.72,260537883780740.56,2684389.980626437,-24222836.366172716,-21538446.38554628,70661245.0116177,4.4944887705441885e-05,1569.1439555824893,1561.7275167478854,-0.002072353806357292,0.006798777285999551,0.006784716951999018,0.9952735765203578,1.008871131092357,0.9959139851251456
1560.69195500214,97665880094210.86,251319586380803.4,2323187.341534604,-24361628.85255689,-22038441.51102229,67644557.24567482,4.280256778157523e-05,1609.5791166213858,1602.516185949571,-0.0021204615845550564,0.006508522164416664,0.006494750295912903,0.9956119394201384,1.008628983748972,0.9958145330972583
1600.9093170281728,98533305647848.19,241561176847813.56,2052545.6742400974,-24462261.6959588,-22409716.021718703,64648970.97990453,4.066422768261567e-05,1651.056248502043,1644.3461692747671,-0.002156184316439817,0.006220297355207278,0.006206914104361964,0.9959358869612326,1.008376481671647,0.99573990042883
1642.1630374484112,99336058476588.03,231300512920498.16,1761759.6736650346,-24328760.17632237,-22567000.502657335,61594297.27424444,3.854022896606848e-05,1693.6022016983363,1687.2426074176308,-0.0021713176778215756,0.005926387359667752,0.0059135471701585555,0.9962449303181539,1.0080977050374893,0.9957062875576624
1684.479822109957,100057034619772.47,220592325265991.7,1498264.2346321982,-24101078.648628663,-22602814.413996466,58573513.50764212,3.643713640856363e-05,1737.244518592124,1731.231959494118,-0.0021747635668219072,0.005635738135260294,0.005623508334217319,0.9965390254315616,1.0078105017020822,0.9956961083649867
1727.8870650410263,100685867937708.69,209417667715928.03,1167358.7063175414,-23955041.780031074,-22787683.073713534,55849455.9545379,3.435350381569247e-05,1782.0114513029835,1776.342716263012,-0.0021925509811870367,0.005373638866916586,0.00536188266581664,0.9968189121142704,1.0075661898481036,0.995657902782821
1772.4128661846362,101183335768462.19,197658418093261.2,889665.1976943125,-24184943.995615,-23295278.79792069,53575679.36139868,3.2274242426060376e-05,1827.9319799773898,1822.606347695143,-0.002241390062350165,0.005154864054042418,0.0051433358322207495,0.9970865260083077,1.0073962541163926,0.9955585828586077
1818.0860495892678,101558263833179.25,184967181508514.4,546161.3244968269,-25186518.875018455,-24640357.550521627,52232438.447579086,3.0166743878067016e-05,1875.0358315491835,1870.0579614902547,-0.0023708088246371913,0.005025622122160233,0.005013735513759814,0.997345186702477,1.0073964309467975,0.9953002108115874
1864.9361820683007,101697705213952.22,171038977575066.16,0.0,-25985587.223326594,-25985587.223326594,50946802.827525824,2.7993632274391417e-05,1923.3534989834939,1918.7342180792436,-0.0025002421079371854,0.004901922769703975,0.004889697342513155,0.9975983193382332,1.0074021648776412,0.9950419976910938
1912.9935923402645,101697705213952.22,156431922018941.03,0.0,-24892077.39289002,-24892077.39289002,47344383.30606691,2.582878713843045e-05,1972.916261016539,1968.65420520188,-0.0023950284254445117,0.0045553105919379396,0.004544426561146648,0.9978397178335066,1.0069503390173826,0.9952476505116948
1962.2893906623133,101697705213952.22,142197983414099.0,0.0,-22501471.421450477,-22501471.421450477,42663217.4155522,2.3791440704099566e-05,2023.7562024041015,2019.8303328830682,-0.002165012699345632,0.004104905220178715,0.00409603724752084,0.998060107479167,1.0062699179195242,0.9957007013483182
2012.855488969651,101697705213952.22,128715882370655.28,0.0,-20297220.084219266,-20297220.084219266,38399489.359506994,2.1911654128908877e-05,2075.9062346918013,2072.2905522213705,-0.0019529273628682215,0.003694664253488232,0.0036874629062789983,0.99825826310938,1.0056475916163565,0.9961191019420302
2064.724621533913,101697705213952.22,115863403090900.73,0.0,-18432247.41796161,-18432247.41796161,34676776.14367717,2.0169670344164132e-05,2129.40011752058,2126.071883008082,-0.0017734862307415813,0.003336477838149628,0.003330571116134658,0.998437008392592,1.0051099640688912,0.9964734946213318
2117.9303661538875,101697705213952.22,103610215061762.16,0.0,-16639274.316183066,-16639274.316183066,31208366.011662543,1.85555444086677e-05,2184.2724804812033,2181.2105958670604,-0.0016009726443085104,0.0030027595740545828,0.0029979599222303586,0.998598213070254,1.004603732218363,0.9968146868053465
2172.507165892323,101697705213952.22,92023772327617.33,0.0,-14887087.631477658,-14887087.631477658,27951968.82770171,1.7068534309804486e-05,2240.5588455319494,2237.7423351974567,-0.0014323833839459542,0.00268944045259181,0.0026855936528674116,0.9987429429313541,1.004121823836538,0.9971485685117506
2228.4903513728464,101697705213952.22,81157923469545.12,0.0,-13219896.684135074,-13219896.684135074,24940148.546129778,1.570642155459996e-05,2298.29564999396,2295.703904398029,-0.0012719721154726459,0.0023996536632917152,0.0023966052482441535,0.9988723184521809,1.0036716257787643,0.9974666304553084
2285.916163651452,101697705213952.22,71039310693712.47,0.0,-11659874.651057811,-11659874.651057811,22182277.94316198,1.4464545384424514e-05,2357.520270139155,2355.1334488210778,-0.0011218722642401815,0.0021343010218246626,0.0021319092919201816,0.9989875712424156,1.0032561732860648,0.9977645605006925
2344.8217776773818,101697705213952.22,61681672831400.7,0.0,-10209930.26275188,-10209930.26275188,19668548.297021918,1.3337274010845055e-05,2418.271045386002,2416.070237196869,-0.0009823636981010466,0.0018924387673666374,0.0018905815287045377,0.9990899249307345,1.0028748024654677,0.9980417312307595
2405.245326358551,101697705213952.22,53093702293927.75,0.0,-8868007.709473584,-8868007.709473584,17384842.398127437,1.2318764252648472e-05,2480.5873031187666,2478.5545611037805,-0.0008532486142485194,0.0016727085915007264,0.0016712825719621819,0.9991805400227478,1.0025259572057492,0.9982984728217247
2467.2259252471076,101697705213952.22,45279202605649.47,0.0,-7633576.897979827,-7633576.897979827,15319240.890269749,1.1403019331633746e-05,2544.509384146326,2542.627750890123,-0.0007344760089690358,0.0014739636555568393,0.001472881859167235,0.9992605123534122,1.0022084396645259,0.9985348309661332
2530.803697861141,101697705213952.22,38234556197595.17,0.0,-6507668.503790758,-6507668.503790758,13461930.675622407,1.0583737665216125e-05,2610.078668817054,2608.3322267400376,-0.0006261450502480238,0.0012952597776627664,0.0012944492646629006,0.9993308852725853,1.0019214048279108,0.99875055859654
2596.0198016588747,101697705213952.22,31946953475470.844,0.0,-5491026.933876796,-5491026.933876796,11803299.329947488,9.854243275452547e-06,2677.3376038066317,2675.711536944641,-0.000528327362314595,0.0011356720840555075,0.0011350723942514164,0.999392655278259,1.00166399944637,0.9989454691059716
2662.9164546821944,101697705213952.22,26394102709421.184,0.0,-4582944.748186053,-4582944.748186053,10332793.227020001,9.20753733353296e-06,2746.3297295961534,2744.8103768746823,-0.00044095487776694823,0.00099418514181633,0.0009937469442539953,0.9994467697359506,1.0014351400195831,0.9991196598889329
2731.536962886766,101697705213952.22,21544855713948.96,0.0,-3781008.4913391536,-3781008.4913391536,9038719.097245678,8.636411096541792e-06,2817.09970865834,2815.674598530849,-0.00036379538238905356,0.0008696738655366271,0.0008693575972571003,0.9994941215168525,1.0012334692479257,0.9992735613175633
2801.925748176405,101697705213952.22,17360235943028.484,0.0,-3081215.6564231487,-3081215.6564231487,7908415.192305481,8.133573961412181e-06,2889.693354370055,2888.3512183258654,-0.00029646376899687617,0.0007609199861799792,0.000760694467830991,0.999535543782817,1.0010573837551768,0.9994079143435776
2874.1283771598537,101697705213952.22,13794712110600.584,0.0,-2478149.502117264,-2478149.502117264,6928469.84541524,7.691782285582302e-06,2964.1576606698604,2962.8884254851164,-0.00023843885772937965,0.0006666330801841548,0.0006664741668451061,0.9995718057775452,1.0009050719379136,0.9995237367658648
2948.191590648625,101697705213952.22,10797685688808.357,0.0,-1965192.936713776,-1965192.936713776,6084967.485454051,7.303965284199852e-06,3040.5408324798505,3039.33559169395,-0.00018908397521922592,0.0005854742400781211,0.0005853635572097755,0.9996036097351411,1.0007745582152974,0.9996222818018445
3024.1633339149403,101697705213952.22,8315101394864.374,0.0,-1534821.63554167,-1534821.63554167,5363799.7551448215,6.9633411875521176e-06,3118.8923169113923,3117.7432831360625,-0.00014767515732373157,0.0005160860091827257,0.0005160098073532442,0.999631589148141,1.0006637611665063,0.9997049812838971
3102.092787729383,101697705213952.22,6291036216910.151,0.0,-1178952.3282142426,-1178952.3282142426,4751014.744984843,6.6635148503683485e-06,3199.2628352750016,3198.1632763966904,-0.00011343466010288143,0.000457125983675226,0.00045707413562600947,0.9996563086764276,1.000570560643778,0.9997733781456434
3182.0304001983895,101697705213952.22,4669152954705.405,0.0,-889276.9331002149,-889276.9331002149,4233134.804728382,6.398551667746308e-06,3281.704415915116,3280.6485791003724,-8.556310906680227e-05,0.00040729739129602953,0.0004072625446465031,0.9996782657177707,1.000492860500363,0.9998290615769257
3264.0279194221307,101697705213952.22,3393983386010.5493,0.0,-657526.9154658662,-657526.9154658662,3797390.411614682,6.163028550742471e-06,3366.2704278909473,3365.2534551802346,-6.326493478946889e-05,0.00036537159332974685,0.0003653484795820107,0.9996978933414598,1.0004286365281192,0.9998736155994061
3348.1384269939454,101697705213952.22,2412069159554.668,0.0,-475656.27627440926,-475656.27627440926,3431863.1457544016,5.952066492046709e-06,3453.015615525257,3452.033454053032,-4.5765979449497174e-05,0.0003302018411956625,0.00033018672987656847,0.9997155641382538,1.0003759678206452,0.9999085833376022
3434.416372363061,101697705213952.22,1673000292495.9116,0.0,-335967.65835557244,-335967.65835557244,3125566.2557950085,5.761349330469306e-06,3541.9961338434528,3541.045442961895,-3.232563032370535e-05,0.0003007310281936295,0.0003007213071878229,0.9997315946021301,1.0003330566585174,0.999935442301523
3522.9176080827456,101697705213952.22,1130358144855.3203,0.0,-231216.24962885497,-231216.24962885497,2868499.7106433827,5.587130873887622e-06,3633.269584925858,3632.3476421532187,-2.224681699101402e-05,0.0002759969863878292,0.00027599084646997657,0.9997462498306032,1.000298243803379,0.9999555840183006
3613.6994259668227,101697705213952.22,742522130308.01,0.0,-154714.08256253367,-154714.08256253367,2651702.9578341013,5.426229787973338e-06,3726.895055196791,3725.999663009168,-1.4886046660761092e-05,0.00025513756283201917,0.00025513376489889016,0.9997597484838288,1.0002700236094926,0.9999702936627529
3706.8205941778688,101697705213952.22,473267796535.1305,0.0,-100436.70308902125,-100436.70308902125,2467307.3420880856,5.276010320680432e-06,3822.9331536745144,3822.0625494783153,-9.663667481800653e-06,0.00023739566309948838,0.0002373933690089079,0.9997722680043823,1.0002470593305812,0.9999807292997179
3802.3413952711253,101697705213952.22,292084470065.8162,0.0,-63117.83483320776,-63117.83483320776,2308574.1388827404,5.134347545342504e-06,3921.4460512068404,3920.598823046539,-6.072976802700407e-06,0.000222122910739846,0.0002221215618007538,0.9997839500660629,1.0002281958875425,0.9999879034944281
3900.3236652188034,101697705213952.22,174172016368.90137,0.0,-38312.013975399925,-38312.013975399925,2169899.3934483645,4.999577849987713e-06,4022.4975207178277,4021.67253115358,-3.686247678681866e-06,0.00020878011287029258,0.00020877934325792314,0.9997949061348084,1.000212466360549,0.9999926711339026
4000.8308334399653,101697705213952.22,100124635333.33382,0.0,-22409.912048314458,-22409.912048314458,2046772.3477763056,4.870437845343053e-06,4126.152978491564,4125.34929855772,-2.1562031774316723e-06,0.00019693326016808233,0.00019693283554087662,0.9998052229430093,1.0001990894633455,0.9999957263899688
4103.927963861932,101697705213952.22,55357332090.47895,0.0,-12601.763334479629,-12601.763334479629,1935685.3388227052,4.745996730212521e-06,4232.479526519783,4231.696380843916,-1.2124974914879525e-06,0.00018624485759154703,0.0001862446317703982,0.9998149676399,1.000187457355083,0.9999976096964073
4209.681797039837,101697705213952.22,29363632781.80037,0.0,-6795.619915212736,-6795.619915212736,1834004.1723662408,4.62558787336155e-06,4341.545995940767,4340.782719152499,-6.538507256168257e-07,0.00017646145220710343,0.0001764613368277303,0.9998241923985185,1.0001771153029326,0.9999987234383951
4318.1607933615205,101697705213952.22,14904549817.446365,0.0,-3505.1287624335628,-3505.1287624335628,1739815.2832175225,4.5087448786165266e-06,4453.4229915976,4452.678995287447,-3.372512019936662e-07,0.00016739892748039432,0.00016739887102492384,0.9998329383237216,1.0001677361786825,0.9999993535203011
4429.435177365764,101697705213952.22,7219670584.431336,0.0,-1724.5291162485164,-1724.5291162485164,1651768.0910203257,4.395146010461855e-06,4568.182937744624,4567.457686593272,-1.6592814608159802e-07,0.00015892733530411838,0.00015892730893360464,0.9998412385928419,1.0001590932634503,0.9999996934016723
4543.576983202597,101697705213952.22,3327800744.0390306,0.0,-807.0159319887763,-807.0159319887763,1568928.517895732,4.284569063481187e-06,4685.900124931745,4685.193120286407,-7.764824391281183e-08,0.0001509568019792557,0.00015095679025772603,0.9998491208462646,1.0001510344502231,0.9999998674914798
4660.660101265038,101697705213952.22,1455203518.592562,0.0,-358.1181478723715,-358.1181478723715,1490654.4493926985,4.176857035387336e-06,4806.650758096867,4805.961527211993,-3.4456872774582415e-08,0.00014342554550431384,0.00014342554056231825,0.9998566089113685,1.000143460002377,0.9999999516571426
4780.760326022463,101697705213952.22,601770592.7262616,0.0,-150.2175884061768,-150.2175884061768,1416498.0000005357,4.071893641331379e-06,4930.513005897601,4929.841095216015,-1.4453409755880026e-08,0.00013629047190555517,0.00013629046993569315,0.9998637239815042,1.0001363049253154,0.9999999896682731
4903.955405086656,101697705213952.22,234540900.3437728,0.0,-59.36204306430176,-59.36204306430176,1346134.3601386496,3.969586929399232e-06,5057.567051314253,5056.912022451939,-5.711607684944501e-09,0.0001295203291437826,0.0001295203284040133,0.9998704853824639,1.0001295260407514,1.0000000053523004
5030.3250895421825,101697705213952.22,85851403.97958408,0.0,-22.02193007296234,-22.02193007296234,1279313.6031684212,3.869858999215801e-06,5187.895143556755,5187.256570984179,-2.118872911867182e-09,0.00012309107015396728,0.00012309106989315296,0.9998769110487189,1.0001230931890268,1.000000010913666
5159.951185573719,101697705213952.22,29403232.677176062,0.0,-7.6408632402479055,-7.6408632402479055,1215830.263338787,3.7726399555972703e-06,5321.581651309166,5320.959121030327,-7.351770752791763e-10,0.00011698292574181964,0.00011698292565581648,0.9998830178094352,1.000116983660919,1.0000000122146508
5292.917607423821,101697705213952.22,9385376.260391789,0.0,-2.46981577236728,-2.46981577236728,1155505.406389535,3.677864577482261e-06,5458.713117346294,5458.106226127439,-2.3763701546743626e-10,0.00011117867948009137,0.00011117867945367121,0.999888821558157,1.000111178917117,1.0000000118854249
5429.310431715303,101697705213952.22,2780448.9797510165,0.0,-0.7406689081052232,-0.7406689081052232,1098176.731020224,3.585470597125742e-06,5599.378314557666,5598.786669439958,-7.126456585988472e-11,0.0001056627153066151,0.00010566271529908509,0.9998943373559579,1.0001056627865712,1.0000000110220806
5569.217953173444,101697705213952.22,761176.1306279008,0.0,-0.20517580358288603,-0.20517580358288603,1043693.407496336,3.495397862453637e-06,5743.668303415187,5743.0915213655935,-1.9741296559474467e-11,0.00010042052091308195,0.00010042052091109951,0.9998995794988282,1.0001004205406545,1.0000000100447983
5712.730741784154,101697705213952.22,191672.6399458451,0.0,-0.05226044720100269,-0.05226044720100269,991913.4847789035,3.4075879469804617e-06,5891.676490921724,5891.114198548274,-5.028317026227579e-12,9.543843826814395e-05,9.543843826766404e-05,0.9999045615667602,1.0000954384432965,1.000000009098439
5859.941701424984,101697705213952.22,44180.37730569568,0.0,-0.012180339148224825,-0.012180339148224825,942702.5798561603,3.321983969069553e-06,6043.498691078671,6042.950524375539,-1.1719495336249268e-12,9.070353750950006e-05,9.070353750939375e-05,0.9999092964636624,1.0000907035386815,1.000000008224788
6010.946130007005,101697705213952.22,9274.033847987954,0.0,-0.0025844328533961495,-0.0025844328533961495,895933.1585958942,3.238530501538802e-06,6199.233186911729,6198.698791019229,-2.4866506920408537e-13,8.620354775003061e-05,8.620354775000917e-05,0.9999137964524987,1.0000862035479987,1.0000000074305544
6165.8417811665195,101697705213952.22,1763.329264921991,0.0,-0.0004965362014063519,-0.0004965362014063519,851484.0716982221,3.157173517354467e-06,6358.980794095033,6358.459823068581,-4.777497264933512e-14,8.192681242880003e-05,8.192681242879611e-05,0.9999180731876189,1.0000819268124765,1.0000000067119073
6324.728927546462,101697705213952.22,301.96221135918677,0.0,-8.589144818134233e-05,-8.589144818134233e-05,809240.1969561678,3.077860348865347e-06,6522.844926214796,6522.337042800593,-8.264174044214859e-15,7.786225489062379e-05,7.786225489062316e-05,0.9999221377451176,1.000077862254899,1.0000000060625143
6487.710425708479,101697705213952.22,46.29369287081377,0.0,-1.3297267044385953e-05,-1.3297267044385953e-05,769092.1279660866,3.0005396520517704e-06,6690.931661714684,6690.436537131303,-1.2794164203075917e-15,7.399934843487668e-05,7.399934843487658e-05,0.9999260006515664,1.0000739993484362,1.000000005475901
6654.891782717798,101697705213952.22,6.313878155818814,0.0,-1.8308291847663417e-06,-1.8308291847663417e-06,730935.8872301611,2.9251613728586153e-06,6863.349812566404,6862.8671262919315,-1.7615596603043085e-16,7.032808871122067e-05,7.032808871122066e-05,0.999929671911289,1.0000703280887115,1.0000000049460396
6826.381224443841,101697705213952.22,0.7609966895655862,0.0,-2.2269866304287935e-07,-2.2269866304287935e-07,694672.656006451,2.851676714692305e-06,7040.210994709757,7039.740434274291,-2.142728466883735e-17,6.68389677267238e-05,6.68389677267238e-05,0.9999331610322733,1.0000668389677267,1.0000000044674477
7002.2897656208825,101697705213952.22,0.08048827845487568,0.0,-2.3764410710010342e-08,-2.3764410710010342e-08,660208.5181953084,2.780038106811057e-06,7221.629700307884,7221.170961091265,-2.28652829034952e-18,6.352294920350884e-05,6.352294920350884e-05,0.9999364770507965,1.0000635229492034,1.0000000040351653
7182.731281714155,101697705213952.22,0.007415366372962452,0.0,-2.208345634272058e-09,-2.208345634272058e-09,627454.2170747393,2.7101991735257294e-06,7407.723371864508,7407.276156899109,-2.1247927538577362e-19,6.037144517268258e-05,6.037144517268258e-05,0.9999396285548273,1.0000603714451728,1.0000000036447114
7367.822582637804,101697705213952.22,0.0005904680791370627,0.0,-1.7731901757268375e-10,-1.7731901757268375e-10,596324.924133163,2.6421147041775975e-06,7598.612478251028,7598.176498029519,-1.706101426391097e-20,5.737629373223431e-05,5.737629373223431e-05,0.9999426237062677,1.0000573762937321,1.0000000032920393
7557.683488372478,101697705213952.22,4.03046820502059e-05,0.0,-1.2201891196844954e-11,-1.2201891196844954e-11,566740.0193758939,2.575740623870871e-06,7794.4205926927625,7793.995564980692,-1.1740231961906118e-21,5.4529737908895635e-05,5.4529737908895635e-05,0.9999454702620911,1.0000545297379089,1.0000000029734923
7752.436906531559,101697705213952.22,2.338025485199316e-06,0.0,-7.133878174778978e-13,-7.133878174778978e-13,538622.8825318463,2.511033964940513e-06,7995.274472764861,7994.86012241795,-6.863967495591238e-23,5.1824405568781586e-05,5.1824405568781586e-05,0.9999481755944312,1.0000518244055687,1.0000000026857692
7952.208911926142,101697705213952.22,1.1421280516395469e-07,0.0,-3.511492236820408e-14,-3.511492236820408e-14,511900.6946190157,2.447952839136868e-06,8201.304142449584,8200.900201235616,-3.3786347319146655e-24,4.925329032471684e-05,4.925329032471684e-05,0.9999507467096753,1.0000492532903247,1.0000000024258866
8157.128828180301,101697705213952.22,4.653463426576668e-09,0.0,-1.441294930576535e-15,-1.441294930576535e-15,486504.24935471977,2.386456410509056e-06,8412.642976308085,8412.249182733252,-1.3867634563782374e-25,4.680973339079022e-05,4.680973339079022e-05,0.9999531902666092,1.0000468097333908,1.0000000021911513
8367.329311449574,101697705213952.22,1.5654296244759376e-10,0.0,-4.8832876169899695e-17,-4.8832876169899695e-17,462367.77392215544,2.3265048689695545e-06,8629.4277858213,8629.043884960935,-4.698528157257301e-27,4.448740633714116e-05,4.448740633714116e-05,0.9999555125936629,1.0000444874063372,1.0000000019791293
8582.946436296708,101697705213952.22,4.301798341696434e-12,0.0,-1.3512535276043106e-18,-1.3512535276043106e-18,439428.75862910494,2.2680594045229053e-06,8851.79890795566,8851.424651289204,-1.3001287749165052e-28,4.2280294700317516e-05,4.2280294700317516e-05,0.9999577197052997,1.0000422802947002,1.0000000017876234
8804.119783780337,101697705213952.22,9.54861776163638e-14,0.0,-3.0195646548597254e-20,-3.0195646548597254e-20,417627.7950176229,2.211082182141832e-06,9079.900296011067,9079.535441261187,-2.9053192574928534e-30,4.01826824067572e-05,4.01826824067572e-05,0.9999598173175932,1.0000401826824068,1.000000001614648
9030.99253181367,101697705213952.22,1.6918334819692738e-15,0.0,-5.385059611774447e-22,-5.385059611774447e-22,396908.42200542684,2.155536317274495e-06,9313.879612809978,9313.52392378573,-5.181315580593884e-32,3.818913696905213e-05,3.818913696905213e-05,0.9999618108630309,1.000038189136969,1.0000000014584103
9263.711547851562,101697705213952.22,2.3630784360349558e-17,0.0,-7.56928915046626e-24,-7.56928915046626e-24,377216.97966053785,2.1013858519670553e-06,9553.888326287812,9553.541572731741,-7.282904672694598e-34,3.629449541665676e-05,3.629449541665676e-05,0.9999637055045834,1.0000362944954166,1.0000000013172905
