radius_kpc,baryon_projected_mass_Msun,field_equivalent_projected_mass_Msun,baryon_surface_density_Msun_kpc2,field_equivalent_surface_density_Msun_kpc2,sigma_Msun_kpc2,delta_sigma_Msun_kpc2,alpha_rad,theta_arcsec,beta_arcsec,kappa,gamma_t,reduced_shear_t,lambda_t,lambda_r,signed_magnification
1.0,6174606978.368594,8127639952.21851,1959483754.1058383,2586974131.5801196,4546457885.685958,6088706.96169281,2.737687961277306e-06,1.0313240300000002,0.579573089022881,0.43744423976499613,0.0005858340393727618,0.0010413795054343299,0.5619699261956311,0.5631415942743766,3.1598707519844877
1.026275633424321,6502304199.739254,8560345513.742248,1958847604.807743,2586959861.7740555,4545807466.581799,6414902.004858971,2.8094223503942647e-06,1.0584227221539735,0.5948347572930638,0.43738165871889356,0.0006172193829216776,0.0010970481010559347,0.5620011218981847,0.5632355606640281,3.1591682109880184
1.0532416757604912,6847333488.164151,9016086463.662012,1958177251.5826244,2586944832.3356476,4545122083.918272,6758687.787619591,2.8830253449443767e-06,1.0862334496092632,0.6105001188348352,0.43731571360167637,0.0006502972457685351,0.0011557053599826142,0.5620339891525551,0.5633345836440922,3.158428179339227
1.0809162679399915,7210604985.944557,9496088962.55156,1957470836.2066092,2586929002.8335032,4544399839.0401125,7121025.775637627,2.9585447181420906e-06,1.1147749215444318,0.6265799996805095,0.4372462217313909,0.000685160136768924,0.0012175131704613607,0.5620686181318402,0.5634389384053781,3.1576486511996955
1.1093180275587677,7593075899.30062,10001644422.992657,1956726397.3554378,2586912330.6849556,4543638728.040394,7502931.425396919,3.0360293898369664e-06,1.1440663387335595,0.6430855282495433,0.4371729902991374,0.0007219057595859501,0.0012826423521672078,0.5621051039412766,0.5635489154604485,3.156827512808154
1.1384660614018927,7995752849.88251,10534112980.331455,1955941864.6418185,2586894771.0417213,4542836635.68354,7905477.378646851,3.115529447657394e-06,1.1741274064632274,0.6600281447765558,0.43709581578436413,0.0007606373200485021,0.001351273167578941,0.5621435468955873,0.5636648215356844,3.1559625366007458
1.1683799782973194,8419694334.289256,11094927147.854607,1955115052.2804313,2586876276.669388,4541991328.94982,8329796.86413765,3.1970961679549666e-06,1.204978347788904,0.6774196111116443,0.4370144833337403,0.0008014638534542969,0.0014235958647749872,0.5621840528128054,0.5637869805197139,3.1550513750017073
1.1990799023073757,8866013295.409733,11685595666.165743,1954243652.354158,2586856797.8206487,4541100450.174807,8777087.322519302,3.2807820364795397e-06,1.2366399171396492,0.6952720209134593,0.4369287661010601,0.0008445005733449458,0.001499811253892819,0.562226733325595,0.5639157344722848,3.1540915538650203
1.230586486266875,9335879809.381481,12307707557.054344,1953325227.652975,2586836282.101612,4540161509.754587,9248614.270907402,3.366640768706466e-06,1.269133414280293,0.713597810257149,0.43683842454536226,0.0008898692433409333,0.0015801313195463415,0.5622717062112967,0.5640514446979786,3.153080465545741
1.2629209256769467,9830523891.917654,12962936392.698454,1952357204.0544224,2586814674.3312306,4539171878.385653,9745715.426114082,3.4547273297301213e-06,1.302480698640479,0.7324097686807339,0.4367432056842805,0.0009376985738644422,0.0016647798718586583,0.5623190957418551,0.5641944928895839,3.1520153615789313
1.2961049729639382,10351238427.674881,13653044791.607588,1951336862.4118915,2586791916.3930626,4538128778.804955,10269805.106298447,3.545097953627299e-06,1.33670420402021,0.7517210506954644,0.4366428422993002,0.000988124645650729,0.0017539932388250575,0.562369033055049,0.5643452823463504,3.1508933449417666
1.330160952112978,10899382226.221548,14379889153.320122,1950261329.9140067,2586767947.0793657,4537029276.993372,10822378.933545113,3.6378101621850063e-06,1.3718269536817935,0.7715451877874584,0.4365370520893871,0.0010412913622137444,0.001848021003111164,0.5624216565483992,0.5645042392728267,3.1497113618734796
1.3651117736860445,11476383208.007954,15145424644.496042,1949127570.875016,2586742701.9267216,4535870272.801738,11405018.861240387,3.7329227828747616e-06,1.4078725758383395,0.791896100940225,0.43642553676905604,0.0010973509335626469,0.0019471267865325008,0.5624771122973813,0.5646718141645066,3.1484661932251394
1.4009809502346435,12083741723.534592,15951710449.7182,1947932376.9125042,2586716113.043123,4534648489.955627,12019398.553276062,3.830495965944211e-06,1.444865319549222,0.8127881137098097,0.43630798110666724,0.0011564643937699327,0.002051589085898997,0.5625355544995628,0.5648484832871027,3.147154445309974
1.437792612117466,12723034008.649616,16800915301.009882,1946672356.4645853,2586688108.9258013,4533360465.390387,12667289.144028664,3.9305912004822095e-06,1.4828300710332118,0.8342359658869958,0.4361840518982797,0.0012188021551764491,0.002161702164119274,0.5625971459465439,0.5650347502568968,3.1457725402220533
1.4755715237336613,13395915778.576698,17695323300.81635,1945343923.5942793,2586658614.2693763,4532002537.863655,13350565.411476135,4.033271329298923e-06,1.5217923704102403,0.8562548277836767,0.4360533968719883,0.0012845446023470395,0.0022777770009113035,0.5626620585256646,0.5652311477303588,3.1443167055890453
1.5143431001826537,14104125962.86729,18637340053.97381,1943943286.0236511,2586627549.763923,4530570835.787575,14071212.399061203,4.138600562445938e-06,1.5617784288830683,0.8788603151835465,0.43591564351718154,0.0013538827292030242,0.0024001423078717525,0.5627304737536154,0.5654382392120214,3.142782963722026
1.5541334243617029,14849490582.975832,19629499125.001274,1942466432.33464,2586594831.882236,4529061264.216876,14831332.525553703,4.246644489182474e-06,1.6028151463704117,0.902068505000658,0.4357703978325807,0.0014270188231082284,0.002529145613109467,0.5628025833443111,0.5656566209905276,3.141167120122022
1.5949692645127158,15633926773.560114,20674468837.91258,1940909118.2672262,2586560372.6559315,4527469490.923158,15633153.226490974,4.357470088174098e-06,1.6449301296033902,0.9258959516929636,0.4356172429863561,0.0015041672001015896,0.002665154421195803,0.5628785898135422,0.5658869242137455,3.1394647513001304
1.6368780922301107,16459446947.895191,21775059436.642693,1939266852.0384064,2586524079.4395905,4525790931.477997,16479035.175409317,4.4711457356871435e-06,1.6881517106974697,0.9503597044820808,0.435455737880876,0.0015855549959152288,0.002808557454757484,0.5629587071232087,0.5661298171150393,3.1376711918637383
1.679888100941851,17328163106.94245,22934230625.135777,1937534878.5974681,2586485854.6625085,4524020733.259976,17371481.138679504,4.587741211517839e-06,1.7325089662123965,0.9754773254348508,0.4352854156139188,0.0016714230179556804,0.002959765984745615,0.5630431613681255,0.5663860074040369,3.135781520817819
1.7240282248760777,18242291290.61353,24155099507.134438,1935708162.7241,2586445595.567209,4522153758.291309,18313145.523539543,4.707327702366761e-06,1.7780317367129426,1.001266908467258,0.4351057818272736,0.0017620266639821346,0.00311921525711804,0.5631321915087443,0.5666562448367085,3.1337905470251832
1.7693281585261043,19204156168.591934,25440948946.763737,1933781370.8656259,2586403193.9342403,4520184564.799866,19306844.686261177,4.829977802339382e-06,1.824750646843621,1.0277470993365498,0.43491631293270255,0.0018576369139220819,0.003287366024602388,0.5632260501533753,0.5669413239812195,3.131692793764789
1.815818376626865,20216195766.693825,26795236372.097805,1931748851.5981565,2586358535.7922745,4518107387.39043,20355568.074768066,4.955765510218417e-06,1.8726971259308762,1.054937116693522,0.43471645420408916,0.001958541401974972,0.0034647061930970845,0.5633250043939358,0.5672420871978858,3.1294824823209058
1.8635301546562584,21280966323.137012,28221603045.06568,1929604614.5833817,2586311501.1130257,4515916115.696407,21462490.28970146,5.084766223116887e-06,1.921903429126616,1.08285677427337,0.43450561772338,0.002065045577085673,0.003651752593495305,0.5634293366995343,0.5675594278537057,3.1271535145298697
1.9124955898751743,22401147267.206284,29723883822.25988,1927342307.8778224,2586261963.4899416,4513604271.3677635,22630984.15755081,5.217056726077382e-06,1.972402659107292,1.111526504311015,0.43428318016644524,0.002177473960795269,0.0038490528908720193,0.5635393458727596,0.56789429379435,3.124699454203169
1.9627476229203649,23579546310.616817,31306117432.49804,1924955193.4344027,2586209789.79993,4511164983.234333,23864634.921808243,5.352715177136597e-06,2.024228788343151,1.1409673822748825,0.43404848041337907,0.0022961715126641954,0.004057187644520068,0.5636553480739568,0.5682476910992851,3.1221135073374344
2.014320059964678,24819104639.336494,32972557298.332466,1922436120.6167488,2586154839.847287,4508590960.464036,25167255.671664238,5.491821087321343e-06,2.0774166819526134,1.1712011530221764,0.43380081696587736,0.0024215051147672513,0.004276772533988832,0.5637776779193554,0.5686206881488899,3.11938850101211
2.0672475954595657,26122902190.683678,34727682930.10948,1919777497.5243552,2586096965.9887476,4505874463.513103,26542904.14319706,5.6344552949826605e-06,2.132002121157169,1.202250258488952,0.4335394451521702,0.0025538651882451475,0.0045084607681662855,0.5639066896595847,0.569014420036075,3.1165168608643055
2.1215658354751703,27494162997.103848,36576211922.67346,1916971259.9011128,2586036012.7388244,4503007272.639937,27995901.04671669,5.780699933809113e-06,2.1880218273525696,1.2341378670394898,0.4332635740975363,0.0026936674566972922,0.004752945696772413,0.5640427584457663,0.569430093359161,3.1134905870177465
2.1773113216536792,28936260574.078617,38523112586.360634,1914008837.3701122,2585971816.354265,4499980653.724378,29530850.094550133,5.930638393785e-06,2.245513486812499,1.266887904612327,0.43297236343555173,0.002841354873185083,0.005010963646146964,0.5641862816912632,0.5698689914376333,3.110301228327678
2.234521555792075,30452723325.04975,40573617245.57282,1910881116.7033436,2585904204.396655,4496785321.099998,31152659.928639412,6.084355274275956e-06,2.304515776041353,1.3005250878144672,0.4326649197319449,0.0029973997300285203,0.005283297004324685,0.5643376805380267,0.5703324799980837,3.1069398547867
2.293235025070811,32047239930.9523,42733236239.9369,1907578401.7952023,2585832995.2719793,4493411397.067182,32866568.175795555,6.241936328329111e-06,2.3650683877931797,1.3350749591314546,0.4323402925890856,0.003162305973318412,0.00557077758388319,0.5644974014375961,0.5708220133842329,3.103397027916334
2.3534912279453852,33723664685.834282,45007772664.85956,1904090369.9622412,2585757997.7458925,4489848367.708134,34678167.89236164,6.403468397167687e-06,2.4272120577742835,1.370563924439144,0.4319974703946612,0.0033366117473291545,0.005874290295234264,0.5646659178580097,0.571339141352668,3.099662768945735
2.415330700718233,35486022732.95935,47403337890.18811,1900406024.1374855,2585679010.4335537,4486085034.571039,36593436.6996994,6.569039333738356e-06,2.490988592047452,1.407019293023523,0.43163537567289506,0.0035208921978331117,0.006194777167916716,0.5648437321292719,0.5718855165249381,3.095726524551831
2.478795044808814,37338515147.59344,49926367897.66828,1896513640.4638832,2585595821.2625628,4482109461.726446,38618768.95877457,6.73873791403056e-06,2.5564408951562565,1.44446932033837,0.43125285999049784,0.003715762567826429,0.006533241763227767,0.5650313774416758,0.5724629025773286,3.0915771299024746
2.5439269547402334,39285523803.17859,52583640479.986,1892400710.7164912,2585508206.907728,4477908917.62422,40761011.387887,6.912653734729326e-06,2.6236129989883255,1.4829432537570293,0.43084869836234707,0.003921881624542165,0.0068907540284235515,0.5652294200131107,0.5730731832621951,3.0872027687062342
2.610770246861237,41331615946.58252,55382293346.36221,1888053878.8941944,2585415932.1961265,4473469811.090321,43027502.59361935,7.09087709558146e-06,2.692550092397026,1.522471381605063,0.4304215830933217,0.004139955462979589,0.0072684556508711496,0.5654384614436987,0.573718372369658,3.082590929926752
2.6793698888228867,43481548395.321945,58329843181.969864,1883458871.216305,2585318749.480941,4468777620.697246,45426117.06436634,7.273498864647145e-06,2.763298551601472,1.5630850857953404,0.4299701169825735,0.004370741738807355,0.007667565980350079,0.5656591412786192,0.5744006247562339,3.077728360765304
2.7497720298297605,45740271254.785126,61434205710.84981,1878600418.6334124,2585216397.9824877,4463816816.6159,47965314.270973206,7.460610324369227e-06,2.835905971385309,1.6048168984272164,0.429492805804388,0.004615054392654791,0.00808938859949312,0.5658921398029573,0.5751222485882668,3.072601015449819
2.822024031686018,48112931036.1502,64703716814.524536,1873462170.8109596,2585108603.0946894,4458570773.905649,50654193.6335516,7.652302996114573e-06,2.910421197115272,1.647700562757839,0.42898804996525763,0.00487376893882625,0.008535318636553425,0.5661381810959161,0.5758857189735687,3.06719399928994
2.896174500657225,50604873035.47299,68147154761.158516,1868026600.3619509,2584995075.655282,4453021676.017233,53502556.25302315,7.848668440520029e-06,2.986894357601047,1.6917710990072978,0.4284541352192699,0.005147828404893815,0.009006850932022307,0.5663980363758363,0.5766936931856239,3.0614915073620788
2.97227332016936,53221642810.75332,71773763602.87807,1862274895.8848515,2584875511.177807,4447150407.062658,56520974.47524643,8.049798030598606e-06,3.0653768988185446,1.7370648755220615,0.4278892223026946,0.005438250024913739,0.00950558919166356,0.5666725276723916,0.577549027722219,3.055476757071975
3.050371684367019,55968986566.034744,75593277801.78052,1856186842.0942175,2584749589.0435624,4440936431.13778,59720870.56395435,8.255782694121812e-06,3.1459216185192824,1.7836196858943283,0.42729133532282515,0.005746132809060683,0.010033256284501423,0.5669625318681142,0.5784547974862355,3.0491319136996458
3.1305221325533754,58852850218.934265,79615948148.18257,1849740685.0026965,2584616971.651271,4434357656.653967,63114606.01465702,8.466712621273389e-06,3.2285827017491413,1.8314748327213757,0.42665834870444747,0.0060726661370983535,0.010591705876201812,0.5672689851584543,0.5794143174326508,3.04243800785532
3.2127785845350716,61879376889.453575,83852569037.86276,1842912979.7076554,2584477303.522517,4427390283.230173,66715583.36018562,8.68267693295675e-06,3.3134157573004055,1.8806712187908061,0.42598797245833153,0.006419139553752045,0.011182935628097216,0.5675928879879164,0.5804311670954205,3.035374843557055
3.2971963768958235,65054902502.250725,88314507178.36446,1835678417.832752,2584330210.3605437,4420008628.1932955,70538362.71534252,8.903763304405462e-06,3.4004778551215997,1.9312514465991102,0.4252777354877042,0.006786953982226318,0.01180910224173352,0.5679353105300695,0.5815092184945221,3.027920895367846
3.383832300223138,68385949140.216705,93013731797.91606,1828009631.0466428,2584175298.0600953,4412184929.106738,74598795.80744076,9.130057537870683e-06,3.4898275647102963,1.9832599272561087,0.42452496658823974,0.007177634620153651,0.01247253869138395,0.5682973987916067,0.5826526680319138,3.020053192687916
3.4727446373131783,71879215722.25352,97962846434.17062,1819876966.2904603,2584012151.665872,4403889117.956332,78914180.87207508,9.361643077103715e-06,3.581524994514716,2.0367430000026827,0.42372677272102094,0.007592845843122533,0.013175774066364476,0.5686803814358565,0.5838660731221016,3.011747188864234
3.5639932023794954,75541565500.12886,103175122383.76071,1811248227.3435254,2583840334.2769,4395088561.620425,83503442.6001606,9.598600455070224e-06,3.675631832370627,2.09174906378137,0.42288001404148046,0.008034408518550695,0.013921556546350775,0.5690855774399688,0.5851543944770703,3.0029766122266355
3.657639381291991,79380009775.00381,108664533897.65276,1802088376.0748749,2583659385.8941917,4385747761.969067,88387342.36155415,9.84100666476776e-06,3.7722113870007625,2.148328722558339,0.4219812750439962,0.008504320232665013,0.0147128801637219,0.5695144047233388,0.5865230451886688,2.9937132954491816
3.753746172873179,83401687119.59856,114445795211.42157,1792359185.0747302,2583468822.208769,4375828007.283499,93588725.27952576,1.0088934441088774e-05,3.8713286306046437,2.2065349464143282,0.42102683102269656,0.009004779063141002,0.015553016176979354,0.5699683899141624,0.5879779480404445,2.983926978713549
3.852378231279543,87613837251.5881,120534399503.90974,1782018831.2059975,2583268133.3271136,4365286964.533112,99132812.49977493,1.0342451439276212e-05,3.9730502425674903,2.266423250818107,0.4200126088417783,0.00953821170020299,0.016445550102658954,0.5704491794580187,0.5895256028584246,2.9735850809445252
3.9536019094964776,92023768530.59052,126946659882.24338,1771021416.7811532,2583056782.4309397,4354078199.212093,105047549.34189987,1.0601619292515021e-05,4.077444654317603,2.3280518969924278,0.4189341407358723,0.010107306944538017,0.017394425749497816,0.5709585523195897,0.5911731662086657,2.9626524317917475
4.057485303976103,96638817835.46742,133699752495.88268,1759316401.2971778,2582834204.367946,4342150605.665124,111364023.16204071,1.0866492527400467e-05,4.184582095362409,2.3914821169106437,0.41778650949797896,0.010715055912574508,0.018403997996225257,0.5714984345894465,0.5929285464145956,2.9510909548980946
4.164098300447948,101466301307.63852,140811761887.2928,1746847921.5792172,2582599804.170211,4329447725.749428,118116969.01565552,1.1137117311159764e-05,4.294534640534129,2.456778367265641,0.4165642829235191,0.011364800689581941,0.019479096594444804,0.5720709163868989,0.5948005177660628,2.9388592901083483
4.2735126209333565,106513454101.83832,148301728691.92496,1733553971.2468858,2582352955.4966493,4315906926.743535,125345387.06429958,1.1413529998206061e-05,4.407376258476852,2.5240086177927283,0.41526143471159743,0.012060293734386777,0.020625104021381666,0.5726782715540157,0.5967988590227893,2.9259123383145837
4.38580187199521,111787356843.20038,156189699805.49075,1719365400.8114634,2582092998.995764,4301458399.807227,133093303.8340683,1.1695755435348403e-05,4.523182861407644,2.593244680691177,0.41387124810032877,0.012805771124991172,0.02184805144515955,0.57332298077468,0.5989345230246623,2.912200707132701
4.501041594255458,117294845913.1246,164496781142.0462,1704204686.196714,2581819240.584861,4286023926.7815747,141410721.00165987,1.1983804974010147e-05,4.642032356185164,2.6645625897003336,0.4123861972126615,0.013606043847441887,0.023154738338176866,0.5740077589398966,0.6012198466347805,2.897670027832071
4.619309313213734,123042403924.37604,173245193112.1137,1687984394.121457,2581530949.6416426,4269515343.7630997,150354812.06721973,1.2277674122999863e-05,4.7640046967201215,2.738043039830692,0.410797799226869,0.014466612935496337,0.02455288340151096,0.5747355878376347,0.6036688137086273,2.8822601027651356
4.740684591401291,129036025721.72415,182458328956.01083,1670605244.5112417,2581227357.1039166,4251832601.615158,159991451.81848526,1.2577339755053413e-05,4.889181937762884,2.8137719021051395,0.4090964277657541,0.015393816630300927,0.026051317598395754,0.575509755603945,0.6062973888645469,2.865903826153174
4.865249081905278,135281053841.99777,192160816073.71588,1651953627.8717265,2580907653.4730873,4232861281.344814,170397200.4304309,1.2882756751933214e-05,5.017648290104351,2.891840832358195,0.4072710738349221,0.01639502128350348,0.02766023482197558,0.5763339048815744,0.6091239474485813,2.848525796487503
4.993086583299435,141781975405.75787,202378580498.9624,1631898370.7853715,2580570986.716768,4212469357.502139,181661921.12531662,1.3193853932232997e-05,5.149490177227305,2.9723479998478037,0.4053090344084074,0.017478873219326663,0.02939152304413916,0.5772120923722659,0.6121698388109192,2.8300405008830927
5.1242830960181065,148542169600.7268,213138914671.8367,1610286440.1522374,2580216460.06576,4190502900.2179976,193892301.40545273,1.3510529046496515e-05,5.284796293446271,3.0553989712598955,0.40319549889381595,0.018655637535240643,0.031259210513094667,0.5781488635709434,0.6154601386414247,2.8103498912655773
5.258926880211523,155563590767.2531,224470548670.96063,1586937107.5486782,2579843129.7004366,4166780237.249115,207216699.5275383,1.3832642534392365e-05,5.423657663575075,3.141107800516044,0.4009129874247675,0.019937664412734184,0.03328008118057882,0.5791493481624983,0.6190246769879667,2.789340071411307
5.397108515121269,162846365743.937,236403725073.33878,1561633797.1804144,2579450002.3213506,4141083799.5017653,221792007.63355923,1.41600095977277e-05,5.566167704162184,3.22959839805543,0.3984405662657706,0.0213400494637104,0.03547454875944726,0.580219384270519,0.6228994831979398,2.766876632751469
5.538920960015877,170388273869.36517,248970277617.16837,1534112239.7283764,2579036032.5987177,4113148272.327094,237813775.891613,1.4492389908255608e-05,5.712422286335043,3.321006292012882,0.3957527077713958,0.02288160783982584,0.03786795263150152,0.5813656843887783,0.62712890006843,2.74279779419272
5.684459616727542,178184059078.86768,262203713850.32153,1504041457.5250988,2578600120.4952183,4082641578.020317,255532837.95732403,1.4829473808313569e-05,5.862519800295705,3.415480969772601,0.39281746058901534,0.02458647387610592,0.040492722172078194,0.5825960655348787,0.6317690132870906,2.716902989261188
5.833822393832031,186224480600.1524,276139301954.805,1470997769.7902837,2578141108.456327,4049138878.2466106,275277752.1344328,1.5170862739697427e-05,6.016561221511097,3.5131891736260425,0.38959394826335947,0.02648626030074741,0.04339121511884174,0.5839197914358931,0.6368923120373879,2.688938057767417
5.987109772514956,194495146317.64005,290814161945.28796,1434459236.5442595,2577657778.4622483,4012117015.006508,297456630.074193,1.551604657387733e-05,6.1746501786425085,3.6143187094842903,0.38603183436569455,0.028620234186163756,0.046615176141250735,0.5853479314481417,0.6425883998204692,2.6586001858120807
6.144424874168728,202974700482.4878,306267361447.7337,1393679581.9130275,2577148848.9352827,3970828430.8483105,322676025.5382323,1.5864365373616385e-05,6.336893023259936,3.719084826378255,0.3820591915386444,0.031046756008972852,0.05024228143513917,0.5868940524523827,0.6489875644703285,2.6254509947974327
6.305873529765666,211631939825.72107,322540016272.24133,1347575933.0194812,2576612971.4962296,3924188904.515711,351840653.4927573,1.6214945820127463e-05,6.503398901388252,3.827740778276969,0.37757169981375727,0.03385287427166765,0.0543883918220592,0.588575425914575,0.6562811744579103,2.5888561995778794
6.471564351053917,220421113324.45032,339675396002.4476,1294452427.2489464,2576048727.563342,3870501154.8122883,386408619.2151985,1.6566595420561614e-05,6.674279826933261,3.9405953545311574,0.37240605274427746,0.03717888275253016,0.0592403462702311,0.5904150645031924,0.6647728300082527,2.547823323352001
6.6416088036241145,229273097938.41278,357719034832.1189,1231316885.2630978,2575454624.7870116,3806771510.0501094,429032181.43251705,1.6917596528809436e-05,6.849650757037101,4.058046944236179,0.36627420973496333,0.04127997248854951,0.06513853960604225,0.5924458177764871,0.6750057627535861,2.5005980110227277
6.816121281895883,238075212513.46182,376718847887.9705,1151663292.6631727,2574829093.313304,3726492385.9764767,485670639.7861047,1.726521647303087e-05,7.029629669413629,4.180664448327455,0.3585500338419117,0.04672952640038749,0.07284983843754818,0.5947204397577008,0.6881794925584759,2.443348458821993
6.995219186074693,246601002695.31595,396725253286.1585,1031646508.5000043,2574170481.8692017,3605816990.369206,579021964.3239393,1.7603929625602853e-05,7.214337641715873,4.309480738465773,0.346939070314467,0.05571146359639151,0.08530821714172693,0.5973494660891414,0.7087723932819245,2.3619175150219505
7.179023001130767,254230214426.96436,417791300178.30145,888394012.4852277,2573477053.6623454,3461871066.147573,688649926.9636955,1.791832900590155e-05,7.403898932988878,4.447162407991714,0.33308909810057036,0.06625948185141996,0.09935282458677201,0.6006514200480098,0.7331703837508496,2.270767022066296
7.367656377853249,261808872228.2714,439972803051.24243,870208891.8384899,2572746982.0877604,3442955873.9262505,672267618.8944216,1.8232756654143368e-05,7.598441067262816,4.589820255973143,0.3312691446138536,0.06468323359857196,0.09672536129833849,0.6040476217875744,0.7334140889847184,2.2572495371615116
7.561246216034081,269627930712.39175,463328482553.02747,852458820.4709723,2571978346.2341084,3424437166.705081,656327180.1683455,1.8555148879008196e-05,7.798094919342519,4.736275572278724,0.32948733952393955,0.06314950046491581,0.09418092183386961,0.6073631600111447,0.7336621609409764,2.244168351223426
7.759922749837627,277695630970.096,487920113125.64557,835132118.9206399,2571169126.1817384,3406301245.1023784,640819738.1976924,1.8885701976564082e-05,8.002994802851223,4.886630279355378,0.32774236472434676,0.061657428761159414,0.0917169631489233,0.6106002065144938,0.7339150640368127,2.2315018499431654
7.963819635413408,286020516688.76794,513812677732.9061,818217117.6712394,2570317198.084784,3388534315.7560234,625736982.8689184,1.9224616399864504e-05,8.213278560587687,5.040989142873711,0.326032893066126,0.0602062189173094,0.08933109390339507,0.6137608880165646,0.7341733258511833,2.219229357514526
8.173074040810942,294611445329.1371,541074529979.3897,801701841.0497912,2569420329.0295405,3371122170.079332,611071471.4354386,1.9572096789361355e-05,8.429087657257526,5.199459859440851,0.3243575574488758,0.05879515481838055,0.08702110926658024,0.6168472877327437,0.7344375973695049,2.207330881632816
8.387826738257125,303477599566.18243,569777563923.4495,785572914.4163815,2568476171.6612034,3354049086.0775847,596817710.2093954,1.9928351996359817e-05,8.650567274641094,5.362153147897998,0.32271484515737914,0.057423707880985796,0.08478512701836674,0.619861446961635,0.7347088627236067,2.195786423670495
8.608222198858286,312628498674.9689,599997391893.886,769807238.1248386,2567482258.5711956,3337289496.6960344,582980468.3186374,2.0293595092146432e-05,8.87786640926199,5.529182845482681,0.3211022962192557,0.056092336973888136,0.08262266415324866,0.6228053668068562,0.7349900407546325,2.1845711771529874
8.834408689790589,322074009732.6583,631813530625.8325,754424716.410788,2566435996.4372635,3320860712.8480515,569522035.4299912,2.066804336095521e-05,9.111137972621849,5.700666009224238,0.3195215762299051,0.05479741374102644,0.08052777549863974,0.6256810100290684,0.7352758375111214,2.173685616120647
9.06653837404416,331824371798.49426,665309596036.592,739446993.6092055,2565334659.9087176,3304781653.5179234,556403522.656424,2.1051918555923705e-05,9.35053889406887,5.8767229765765485,0.3179745055076734,0.053535196430018694,0.07849442119442797,0.6284902980623079,0.7355606909223452,2.163131442041879
9.304767412788086,341890193426.6606,700573506966.422,724821169.209866,2564175385.229269,3288996554.439135,543661071.8659129,2.144544655371045e-05,9.596230226369284,6.05747752798172,0.3164557186103229,0.052309162484703256,0.0765263698474023,0.6312351189049739,0.7358534438743803,2.152868583926612
9.549256070425072,352282470576.09106,737697698212.4564,710537775.7586405,2562955163.590237,3273492939.348878,531287891.26014996,2.1848857453479613e-05,9.84837725405275,6.243056978881848,0.31496401511558275,0.05111865842205618,0.0746218586322603,0.6339173264623611,0.7361546433064734,2.142882321658486
9.800168822406533,363012600902.86115,776779343185.8843,696587537.4457083,2561670834.2071414,3258258371.6528497,519277491.8165364,2.226238557395426e-05,10.107149604604661,6.433592291397562,0.31349819841794674,0.04996305989107083,0.07277921161449286,0.6365387416909825,0.7364648614731241,2.1331585111672706
10.057674465880549,374092397448.9244,817920586522.9209,682961361.4617547,2560319077.1131406,3243280438.5748954,507623687.6175375,2.268626942034499e-05,10.372721362580027,6.629218193899073,0.3120570742036073,0.04884177170444727,0.07099683690751803,0.6391011540919455,0.73678469750084,2.123683539635193
10.321946233247177,385534102537.8113,861228786978.8843,669650329.0293018,2558896405.663277,3228546734.692579,496320596.7801819,2.312075163879283e-05,10.645271186715798,6.83007330563597,0.3106394488663058,0.04775422792802544,0.06927322407627008,0.6416063232056688,0.7371147790617196,2.114444283415919
10.59316190869753,397350401831.90857,906816770931.4419,656645685.9996324,2557399158.744043,3214044844.743675,485362643.0745506,2.356607895701623e-05,10.92498243012043,7.036300266720722,0.3092441278530338,0.04669989203651049,0.06760694178590283,0.6440559801104557,0.7374557641834767,2.105428068365945
10.871503947814945,409554438495.073,954803096813.6334,643938832.870836,2555823492.6835837,3199762325.5544195,474744558.35190773,2.4022502109722515e-05,11.21204326362142,7.248045873784214,0.3078699139252322,0.04567825714709898,0.06599663569915173,0.6464518289276688,0.7378083432218667,2.096622632296273
11.157159600318792,422159827391.27515,1005312330789.2643,631521314.0247402,2554165372.8587203,3185686686.8834605,464461385.9570532,2.449027574719845e-05,11.506646802353966,7.465461221648051,0.30651560531566385,0.044688846347803554,0.06444102663354849,0.6487955483365326,0.7381732410321397,2.088016089246204
11.450321036033412,435180669234.11584,1058475333972.3102,619384805.8931184,2552420564.995954,3171805370.8890724,454508485.3821387,2.4969658325328222e-05,11.808991235675753,7.688701851387665,0.30517999375282046,0.04373121314522674,0.06293890900094423,0.6510887931019528,0.7385512193924063,2.0795968952579593
11.751185474167015,448631564582.8236,1114429561477.7688,607521103.6137078,2550584626.1648912,3158105729.778599,444881538.5631213,2.546091197509826e-05,12.119279960495387,7.917927905194012,0.3038618623104305,0.04280494207038366,0.06148914957087407,0.6533331956191859,0.7389430797599531,2.0713538152740423
12.059955315987438,462527627556.7183,1173319373573.4697,595922105.4741622,2548652895.4639153,3144575000.9380774,435576558.4750266,2.5964302349428447e-05,12.437721718104088,8.153304288479926,0.302559983014519,0.04190964950570814,0.06009068663259767,0.6555303674797729,0.7393496664911893,2.0632758906633515
12.376838280984012,476884499110.91907,1235296359180.22,584579793.9427528,2546620484.399537,3131200278.34229,426589901.171895,2.648009844491066e-05,12.764530734602705,8.395000839722385,0.30127311409258256,0.04104498484349412,0.05874252969411665,0.6576819010639233,0.7397718707509116,2.0553524066434643
12.702047546607249,491718359679.52246,1300519671940.927,573486211.0584433,2544482266.9627614,3117968478.021205,417918283.4309659,2.7008572395727014e-05,13.0999268650186,8.64319250858533,0.29999999665089183,0.04021063218355717,0.05744375998738829,0.6597893711655509,0.7402106355326653,2.0475728583563857
13.035801891680196,507045940945.95654,1369156379047.2847,562633423.6244737,2542232869.407925,3104866293.0323987,409558810.47222805,2.754999923664009e-05,13.444135741209243,8.89805954293267,0.2987393503420953,0.03940631300031252,0.056193532347118096,0.6618543366575922,0.7406669626582172,2.039926913174472
13.37832584357806,522884536439.64355,1441381822974.7673,552013467.669244,2539866659.7419124,3091880127.4111567,401509024.180665,2.810465663146324e-05,13.797388923652074,9.15978768542377,0.2974898670101301,0.03863179078255042,0.05499107979857065,0.6638783422073196,0.7411419237724204,2.032404363751724
13.729849829275034,539252010575.96484,1517379996232.3552,541618243.5181924,2537377736.9344397,3078995980.452632,393767000.3417144,2.867282456276305e-05,14.159924057222742,9.428568380494458,0.29625019955625637,0.037886880389091174,0.05383572452198482,0.6658629200546524,0.7416366808328348,2.0249950570155004
14.090610330360038,556166805635.3158,1597343929181.8206,531439263.0702466,2534759919.863208,3066199182.9334545,386331593.0831814,2.92547849775364e-05,14.531985031066545,9.704598992695937,0.2950189365592258,0.037171471568129145,0.05272690785013112,0.667809591872645,0.7421525350089034,2.0176887483267274
14.460850042125527,573647945951.6133,1681476090921.8906,521466747.2029666,2532006736.0112925,3053473483.214259,379203328.211328,2.9850821381489893e-05,14.91382214267057,9.988083037715638,0.29379451434327003,0.03648561491089961,0.0516643040190634,0.6697198707458303,0.7426911005676295,2.0104746215272153
14.8408180368365,591715037557.4492,1769988803164.2356,511679185.0764363,2529111409.938102,3040790595.014538,372394832.0623641,3.046121836269749e-05,15.30569226624691,10.279230429362562,0.29257421130163863,0.035830525279209983,0.05064916469208296,0.6715952634191513,0.7432563139775713,2.0033358748707175
15.230769931289464,610388265914.5012,1863104666950.1672,502113574.0295917,2526066851.5497217,3028180425.5793133,365860582.36433935,3.1086261084331265e-05,15.707859025540273,10.578257736080323,0.2913609050046053,0.035201822679635404,0.04967524784935013,0.6734372723157593,0.7438409176750301,1.9962861147582773
15.630968058774194,629688403107.1333,1961057001968.199,492748172.09475785,2522865644.199422,3015613816.29418,359614163.8308439,3.172623488539241e-05,16.12059297117628,10.88538842417956,0.29015178991250995,0.034600814185695154,0.04874396201045649,0.6752473959017948,0.7444490242731853,1.9893084022250604
16.041681645553812,649636761978.7648,2064090298132.0886,483561149.8304816,2519500032.654714,3003061182.4851956,353669559.0687556,3.2381424217577414e-05,16.54417176266959,11.200853215275743,0.2889440194917374,0.034028845154805795,0.047856773710674635,0.6770271353534567,0.7450848256630683,1.9823859257062104
16.46318699198205,670255176636.4629,2172460678965.8408,474543683.0734134,2515961910.9735603,2990505594.0469737,348028049.4716811,3.305211195173197e-05,16.978880355214507,11.524890387523085,0.28773596478689734,0.03348603887816812,0.047013519176423685,0.6787779963349345,0.7457500740912708,1.9755086666342072
16.895767658379416,691565950118.8229,2286436376214.7383,465686071.0771824,2512242810.339141,2977928881.416323,342692060.9316807,3.373857831586441e-05,17.425011191383522,11.85774614255346,0.2865258775863145,0.032972628766612,0.04621419015880419,0.6805014936470735,0.7464467511802976,1.9686662004200977
17.33971465579349,713591754815.3856,2406298214959.224,456976528.2006246,2508333886.9103684,2965310415.110993,337666302.3385,3.444109936464746e-05,17.882864397863006,12.199675054762418,0.28531177299352495,0.03248906789300136,0.04545907805013697,0.6821991591134737,0.7471772948994764,1.9618470874950265
17.795326641771442,736355317420.7064,2532340108349.338,448394149.3516529,2504225909.7536182,2952620059.1052713,332964541.9572377,3.515994325181681e-05,18.352747987358093,12.550940888312487,0.2840907514257793,0.03203668099153814,0.044749639783731324,0.6838725675826826,0.7479459295657588,1.9550353472670912
18.26291012127669,759879500135.8843,2664869560900.813,439946409.2607945,2499909248.930572,2939855658.1913667,328572316.49089146,3.589537111296351e-05,18.834978065802865,12.911816658672127,0.2828626055165389,0.03161407645448712,0.04408370933893089,0.6855233180289739,0.7487514709379482,1.9482293403939384
18.742779652884675,784188550281.1791,2804208179097.8696,431635878.761651,2495373863.827232,2927009742.588883,324481439.096117,3.66476496500445e-05,19.329879045015026,13.28258276867711,0.2816266165497202,0.031220466572481377,0.04345994338283027,0.6871529168777983,0.7495938500227611,1.941424879664027
19.235258060396692,809307175306.9917,2950692187831.221,423452877.0994684,2490609291.8204613,2914062168.9199295,320696342.8047757,3.741704002145471e-05,19.837783860938302,13.663529060042626,0.2803808464001168,0.030856277876306248,0.042878622285063166,0.688762875723577,0.7504754314761896,1.93461161196837
19.740676650013896,835260278372.0818,3104672950961.0547,415386804.8231296,2485604637.3906555,2900991442.213785,317222554.7924366,3.82037945805386e-05,20.35903419761923,14.054955575524314,0.27912322689699837,0.030522042171419,0.042340165906632546,0.6903547309315826,0.7513988152744207,1.9277787497150327
20.259375433217713,862072795219.4285,3266517494032.557,407425824.5344337,2480348561.802629,2887774386.337063,314066963.01529694,3.900815489349814e-05,20.893980717069088,14.457173115848809,0.2778515281140563,0.03021842219281861,0.04184516532161452,0.6919300496931251,0.7523668940787622,1.920914924436446
20.79170335550663,889769471761.6741,3436609026884.497,399556405.6886461,2474829273.491448,2874385679.180094,311238201.5222826,3.983034934680932e-05,21.44298329516562,14.870503870420142,0.27656331364666703,0.02994624867842534,0.04139442917856024,0.6934904376749076,0.7533829350317583,1.9140079802118724
21.338018531143145,918374557111.7073,3615347463577.767,391762654.832724,2469034519.3058143,2860797174.1385384,308747225.14511347,4.06705901909267e-05,22.00641126375323,15.29528214724363,0.27525587532723145,0.029706575663744173,0.04098905344994287,0.6950375490090244,0.7544507003365127,1.9070446713422422
21.89868848406884,947911372156.9523,3803149936729.7783,384025292.9226592,2462951576.778906,2846976869.7015653,306608199.11411476,4.152906977683489e-05,22.584643659104465,15.731855242401014,0.2739261340825613,0.029500766077579583,0.04063053011872774,0.6965730998398592,0.7555746319950183,1.9000102015702125
22.474090395149627,978401687710.0493,4000451302970.7476,376320022.62351894,2456567247.61512,2832887270.238639,304839938.9555659,4.240595557928879e-05,23.178069476910007,16.180584516264712,0.27257048221453056,0.029330630283910746,0.040320923975153855,0.6980988875015587,0.7567601480693802,1.892887488138318
23.06461135591763,1009864796963.476,4207704635838.332,368614775.77472115,2449867852.6013203,2818482628.3760414,303468371.4683242,4.33013832889202e-05,23.78708793396874,16.641846795072126,0.27118451807121147,0.0291986628684351,0.04006317592370802,0.6996168190603534,0.7580141447972236,1.8856559189601856
23.67064862898015,1042316066762.3049,4425381701996.897,360864750.45605516,2442839228.1726274,2803703978.6286826,302531032.4598365,4.421544661450558e-05,24.412108736753783,17.116036322238305,0.26976256820033717,0.029108475394960212,0.03986165886240954,0.7011289564047026,0.759345907194623,1.8782891068213294
24.292609915271147,1075764532498.6345,4653973416206.673,353002763.3180071,2435466724.885827,2788469488.203834,302085921.0216298,4.51481810205083e-05,25.053552357035397,17.603567717476977,0.2682967589374632,0.02906564833275206,0.039723274001827055,0.7026375927297848,0.7607688893952889,1.8707505163014342
24.93091362832483,1110208665019.2573,4893990269976.098,344919936.77314115,2427735208.0779905,2772655144.8511314,302229389.89420986,4.60995359061813e-05,25.711850314745888,18.104880850443074,0.26677515825859494,0.02907945240472935,0.03965966610687358,0.7041453893366757,0.7623042941461344,1.8629847242856459
25.5859891757561,1145626201757.2776,5145962728308.154,336360750.1055885,2419629061.013848,2755989811.1194363,303197317.26066494,4.706930676453567e-05,26.38744546827716,18.62045232560401,0.2651716782686794,0.029172582982777757,0.039699862022253805,0.7056557387485429,0.7640009047140984,1.854869027081847
26.258277248136906,1181944084515.6216,5410441588399.298,326729819.3727003,2411132190.8528523,2737862010.2255526,305546671.3506017,4.8056933110891217e-05,27.080792312405865,19.150829124347503,0.2634274848152213,0.029398629597450425,0.03991274313307143,0.7071738855873282,0.765971144782229,1.8461261575444423
26.94823011546315,1218848391784.2896,5687998293570.235,311373328.23887753,2402228037.795615,2713601366.0344925,313796139.5284362,4.9060191933789975e-05,27.792357284046822,19.696844506810056,0.261093210678914,0.03019236450630769,0.04086085679906758,0.7087144248147783,0.7690991538273937,1.8346211429742139
27.656311931411302,1256418204346.0127,5979225195102.968,307247555.85707283,2392899587.7993765,2700147143.6564493,311046968.03290987,5.0079797528573394e-05,28.52261907604019,20.258859298639813,0.2597986925666222,0.029927848862463195,0.040432039989549556,0.7102734585709146,0.770129156295841,1.8281458800407684
28.382999045589738,1295464898429.4172,6284735754032.721,303194485.90188146,2383129389.283108,2686323875.18499,308796378.4011154,5.112132403829719e-05,29.272068959183766,20.83644497100576,0.25846866613294445,0.029711305017725752,0.04006749770475984,0.7118200288493298,0.7712426388847813,1.8215402168486388
29.128780323994516,1336047859575.7495,6605164674301.369,299193657.91766226,2372899574.274802,2672093232.1924644,307056600.6380849,5.218482042617867e-05,30.04121111272673,21.43009762364626,0.2570994435509358,0.02954390970030622,0.03976832355802906,0.713356646748758,0.7724444661493705,1.814788512854654
29.894157477885365,1378223669242.6462,6941167958026.735,295165530.9971463,2362191884.4856834,2657357415.4828296,305897818.038867,5.327027331673018e-05,30.830562963547372,22.040336890553508,0.25568161492479646,0.029432415700820662,0.03954277670817832,0.7148859693743829,0.7737508007760242,1.8078488403155935
30.6796454013032,1422044135125.3276,7293422872989.057,291294646.56664145,2350987702.8287454,2642282349.3953867,305124708.6391015,5.437759575369167e-05,31.640655534242985,22.667708143137673,0.25423114491279203,0.029358029824576134,0.039366124804371315,0.7164108252626318,0.775126884911784,1.8007982500233923
31.485772517455995,1467611335588.58,7662627821790.186,287618319.4611113,2339268090.931099,2626886410.39221,304705901.8695111,5.550696407653045e-05,32.47203380036596,23.31272725885035,0.25274980163368305,0.029317733705368984,0.03923415981617023,0.717932464660948,0.7765679320716858,1.7936469151676806
32.31308113420624,1514999558266.0781,8049502101517.131,283995130.1539527,2327013833.220911,2611008963.3748636,304777611.5973563,5.6658314407743796e-05,33.32525705704656,23.975964073366328,0.2512221293414181,0.029324633363997682,0.03916332802170745,0.7194532372945842,0.7781025040225796,1.7863255744087574
33.16212780889898,1564278534965.3428,8454785542152.668,280410243.05766344,2314205488.199486,2594615731.257149,305347582.9884958,5.783149769980464e-05,34.20089929524877,24.65801717225705,0.24964483001492432,0.029379474013169826,0.03915409020738029,0.7209756959719058,0.7797346439982455,1.7788222148064345
34.03348372277608,1615538252744.4485,8879238011440.588,276980021.9571188,2300823447.536282,2577803469.493401,306297753.96938324,5.9026421153519936e-05,35.09954958791283,25.359490941428763,0.24802721312483333,0.029470896134045434,0.0391914397015777,0.7225018907411213,0.7814436830092121,1.7711825599462954
34.92773506522834,1668868722502.207,9323638773452.31,273614198.79209363,2286848003.6486464,2560462202.44074,307715461.78949547,6.024292088986042e-05,36.021812486243604,26.08101697406728,0.2463586972003163,0.02960730301060101,0.03928566932387273,0.7240339997890827,0.7832486058102847,1.7633617207946632
35.84548342814409,1724358735827.7947,9788785687739.734,270320580.87820417,2272259426.4473715,2542580007.325576,309588604.7677169,6.148075399398384e-05,36.96830842641178,26.823255790169544,0.24463813507389465,0.02978753026150308,0.0394347817180539,0.7255743346646022,0.7851493951876084,1.7553583409671698
36.787346210619575,1782098252811.6726,10275494235725.424,267046247.19494936,2257038049.9428325,2524084297.1377816,311965225.16995,6.273961027327305e-05,37.939674146941414,27.586895313715598,0.24285854267791393,0.03001620034516052,0.039644111486543135,0.7271252569769255,0.7871576576672465,1.7471453833658934
37.7539570343034,1842174856001.3035,10784596360906.89,263807291.9222781,2241164369.412515,2504971661.334793,314823003.068944,6.401909177848147e-05,38.93656311706463,28.372654680276884,0.24101959186192454,0.030291165716417667,0.03991033943910055,0.7286892424216578,0.7892715738544931,1.7387261273841204
38.74596616965431,1904680171569.2874,11316939109576.088,260577657.32687104,2224619149.8278685,2485196807.1547394,318181993.52971745,6.531874423509915e-05,39.95964597633155,29.181279490078474,0.23911692471515691,0.030614356003325877,0.040235296325739835,0.7302687192815172,0.791497431288169,1.7300863992202231
39.764040973399304,1969700750129.9727,11873383059119.168,257391058.69362873,2207383546.2242346,2464774604.9178634,322000680.14334536,6.663800854799889e-05,41.009610985771296,30.013550261467827,0.23715197200769567,0.030981776642557683,0.04061330108448577,0.7318662513497467,0.793829804634862,1.7212378135020117
40.808866337486016,2037362652230.042,12454800521612.932,254321395.51061893,2189439236.6701965,2443760632.1808157,326204370.460155,6.79764310603061e-05,42.08716449090742,30.87024819872629,0.23513008121720982,0.031386240988446334,0.04103474357887447,0.7334836777943439,0.7962561597712365,1.7122088640232327
41.88114514983191,2107776565114.6633,13062073511426.803,251278836.2460916,2170768568.4493885,2422047404.6954803,330877216.28443766,6.933338676493706e-05,43.1930313969396,31.752201340625433,0.23304091058614088,0.03183584583259941,0.04150918383003927,0.7351232435812597,0.7987949352464585,1.702960374574251
42.98159876717968,2181048548630.7568,13696091466928.312,248244884.48086792,2151354718.0058937,2399599602.4867616,336029848.60014963,7.070813513580255e-05,44.327955656410786,32.6602758352843,0.23088106175030226,0.032331614051025366,0.042037209647448275,0.7367873241986724,0.801450552300723,1.6934840939661604
44.110967500377335,2257294920053.8286,14357748718241.832,245262532.0495271,2131181865.1209273,2376444397.1704545,341611893.9348879,7.209988584783885e-05,45.49270076968818,33.595365596066884,0.22865314906731343,0.03286869888479809,0.04261208669621762,0.7384781520478885,0.8042155498174847,1.683797586613401
45.27001111240938,2336634315616.051,15047941695389.947,242294976.79026228,2110235381.6801574,2352530358.47042,347651582.4130664,7.350775791574874e-05,46.688050298594824,34.55839955780532,0.22635222409629746,0.03344981653752558,0.0432364928580744,0.7401979593661769,0.8070975924412281,1.6738867233581998
46.45950932951398,2419172243022.5986,15767565874127.48,239232737.6641036,2088502035.2545097,2327734772.9186134,354246264.2422762,7.493071360297977e-05,47.91480839353696,35.55035310972881,0.22396647977754164,0.03408433370491279,0.043921213216591655,0.7419491865175456,0.8101178539273712,1.6637100246250305
47.68026236573013,2505014812713.507,16517512460434.156,236352974.71532178,2065970207.5487752,2302323182.264097,361105484.29742813,7.636761950822263e-05,49.17380033448213,36.572238556445846,0.22152146560726146,0.034744303813038856,0.044631036410196674,0.7437342305796997,0.8132228382057773,1.6533799350374816
48.93309146122749,2594351841334.2812,17298664819039.387,233538954.73026097,2042630127.568265,2276169082.298526,368342450.24130297,7.781757025423387e-05,50.465873086151724,37.62505226064699,0.21900500979400128,0.03544061930635742,0.04537880492294764,0.7455543708996413,0.8164356095123562,1.6428531347307154
50.21883943478147,2687319427045.108,18111894656588.49,230730687.48387355,2018474119.1102133,2249204806.5940866,376003130.4142208,7.927932201432829e-05,51.79189586780175,38.70986868772419,0.21641060171128734,0.036177703097428154,0.04616920950747539,0.7474116951912845,0.8197671013861408,1.6321107503683563
51.53837125076462,2784048049251.4526,18958057976195.543,227923689.8717036,1993496861.9000263,2221420551.77173,384075128.1048646,8.075149918682225e-05,53.15276073797471,39.82780688679147,0.2137372981123541,0.03695436241814585,0.04700001962375483,0.7493083394695,0.8232170643057918,1.6211569766207674
52.89257460103629,2884692625518.0156,19837990827233.0,225160869.81943524,1967695665.359198,2192856535.178633,392499333.08203316,8.223270671044267e-05,54.54938319461638,40.9800125574289,0.21098896856936158,0.037764909889280295,0.047863601882479116,0.7512461215413582,0.8267759413199187,1.6100150164917644
54.28236050212166,2989400516396.2954,20752504882338.027,222386560.99445254,1941070753.608821,2163457314.6032734,401311636.79425955,8.372140721488519e-05,55.982702790960936,42.1676789371807,0.2081602786270745,0.0386127988601888,0.048763402261811625,0.7532269225127367,0.8304525202331142,1.598671961183311
55.708663908082244,3098299007388.0605,21702382882812.97,219530769.24300224,1913625559.8774543,2133156329.1204565,410557574.72011876,8.521588397479435e-05,57.45368376759894,43.39205354665536,0.20524482402660565,0.03950241059499135,0.049703873330060266,0.755252765378403,0.8342575865683858,1.5871117654753508
57.17244433948971,3211546758816.0166,22688374003884.27,216824412.07438815,1885367027.9931893,2102191440.0675774,419982545.97131634,8.67144251365077e-05,58.96331570115322,44.654408438606595,0.20226549095199597,0.04040924828874137,0.05065500844004447,0.7573252607592627,0.8381437573367454,1.5754297499231706
58.67468652892655,3329340886645.321,23711189202653.785,214103973.54897526,1856305918.0963538,2070409891.645329,429726906.3119445,8.821533694293913e-05,60.51261416999924,45.956038681391256,0.1992075817757346,0.041346816481030724,0.05163237755511737,0.7594456017432347,0.8421392347052961,1.5635775544909374
60.216401083447565,3451827896569.8013,24771496623989.168,211326921.77003223,1826457113.1127517,2037784034.882784,439801776.6352849,8.971664983816725e-05,62.10262143747751,47.29831153840591,0.19606843621076478,0.04231618518522574,0.05263655153154263,0.7616153786040095,0.846247748974461,1.5515535479484528
61.798625164448104,3579134823882.343,25869917152967.992,208568829.48790592,1795839921.8802736,2004408751.3681796,450095671.3623221,9.121624273986998e-05,63.73440715305804,48.68264666282748,0.19285718343089117,0.043306627649735724,0.053654231643685504,0.7638361889193731,0.8504494442188445,1.5393992402028638
63.422423185396156,3711497053225.5596,27007020216675.457,205872426.38411677,1764478374.1296592,1970350800.5137758,460535881.36806345,9.271224389756393e-05,65.4090690719282,50.11045067084363,0.18958024679273064,0.04431114805744195,0.054676786791139735,0.7661086051498274,0.8547309012647113,1.527144928069053
65.0888875278978,3849075995790.4165,28183319952951.074,203117540.30106515,1732401501.7911477,1935519042.092213,471202547.005399,9.420246118136263e-05,67.12773379348829,51.58321188925126,0.18622885710310644,0.04533745723216064,0.055712785625165615,0.7684336856647329,0.8591086001290542,1.514765965939395
66.79913927657769,3991963032311.331,29399271878806.207,200242969.9442489,1699643600.3443503,1899886570.2885993,482108592.2897308,9.568443320937919e-05,68.89155751925139,53.10249267672935,0.18280042557883033,0.04638679867734756,0.05676312143236709,0.7708127757438221,0.8635863730985172,1.5022607311217153
68.55432897326921,4140423393930.126,30655270206320.316,197613399.59882376,1666244463.1643085,1863857862.7631323,492850575.4314444,9.715614804637747e-05,70.70172683065776,54.6698116078631,0.17933386964243558,0.04742035463830558,0.057782760716156914,0.7732457757192588,0.86808648499587,1.4897707702405192
70.35563739102116,4294710073476.5093,31951645968399.297,194950020.10927203,1632249581.0622225,1827199601.1714945,503663010.6245036,9.86154871647923e-05,72.55945948732663,56.286736024413536,0.17580674022074935,0.0484606892486684,0.058797725744139134,0.7757325705305822,0.872653949027919,1.4772225044236205
72.20427632844206,4454970803513.183,33288666130269.82,192151482.84432194,1597710298.4997315,1789861781.3440535,514592168.8805249,0.00010006000048000888,74.46600524628248,57.954919976387316,0.17221422608786346,0.04951225454296678,0.05981288408590378,0.7782735193691698,0.8772980284551034,1.464605270766561
74.10148942491658,4621363442056.214,34666533874286.617,189512861.5304588,1562683917.300899,1752196778.831358,525285669.67764425,0.00010148725897921592,76.42264670270735,59.67604687485157,0.16859023158396916,0.05054114570268693,0.06078969435128954,0.7808686227133439,0.8819509141187178,1.4520367666980454
76.04855299724187,4794201793885.081,36085390254728.28,186858822.887006,1527233738.1323013,1714092561.0193074,535867300.36600375,0.00010289523714891868,78.43070015278407,61.4517672497075,0.1649239773236776,0.05155927311271242,0.06174201116141605,0.78351674956361,0.8866352957890349,1.439483525967985
78.04677689824747,4973644176333.5,37545317424807.375,184119793.94208568,1491429029.6102934,1675548823.5523791,546342594.7232194,0.00010428151962212992,80.4915164792115,63.283830547816436,0.16121543402296734,0.05256716921372631,0.06267064434178643,0.7862173967633064,0.8913517351907589,1.4269482935557953
80.09750539797558,5159753384380.842,39046343639056.53,181330411.56332898,1455344914.6730268,1636675326.2363558,556605889.1896572,0.00010564351832913544,82.60648205998693,65.17405020933369,0.1574751623855784,0.053554667428433254,0.0635644968996657,0.7889701701859884,0.8960795050428549,1.4144671710295955
82.20211808801534,5352943220465.213,40588450229408.93,178734889.38852805,1419062163.875427,1597797053.263955,566357510.4437356,0.00010697956554562336,84.77701970106789,67.12412423448205,0.1537344312512743,0.054492934240361036,0.06439223838556186,0.7917726345083647,0.9007585029890868,1.4021392352017208
84.36203080959876,5553453810151.141,42171580741415.8,176078814.23713887,1382666885.5847301,1558745699.821869,575784615.822809,0.00010828764276613879,87.00458959353956,69.13584589165563,0.14997704692092542,0.05539997727241391,0.06517468389734206,0.7946229758066606,0.9054229303514885,1.3899122826935395
86.57869660608308,5761365978093.172,43795652396842.13,173245368.89399076,1346250103.7316027,1519495472.6255934,584928349.1313531,0.0001095654936328126,89.29069029593293,71.21108606515988,0.14620052765511735,0.0562797552372254,0.06591683066125371,0.7975197171076572,0.910079227582108,1.3777783918424638
88.85360670046002,5976964940726.202,45460570019059.69,170684645.999643,1309907214.8673189,1480591860.866962,593271565.7215698,0.00011081148139708031,91.63685974235344,73.35165277200034,0.1424573585116294,0.05708251028967903,0.06656521498523423,0.8004601311986915,0.9146251517780496,1.3658944933372368
91.18829149855009,6200629430290.157,47166242516994.87,168072734.15720993,1273737317.8487394,1441810052.0059493,601073996.6059368,0.00011202432691113125,94.04467627709941,75.55933543101537,0.1387259088159599,0.05783323283728619,0.06714846461685585,0.8034408583467539,0.9191073240213262,1.3541908015603763
93.5843216185561,6432490684360.303,48912601970815.3,165309027.75673246,1237842411.5720935,1403151439.328826,608362530.4735901,0.0001132024162020359,96.51575971646541,77.83602018315005,0.1350063126252295,0.05853451001545497,0.06767044762269354,0.8064591773593155,0.9235281973902255,1.3426643306673964
96.04330894766908,6672596913671.767,50699625297245.234,162644543.99368933,1202326458.8457377,1364971002.839427,614811905.6130574,0.00011434422409782386,99.05177243844513,80.1836210778386,0.13133272487099457,0.05915504628254015,0.06809862415244669,0.8095122288464653,0.9278223214115455,1.3314098625835424
98.56690772643681,6921554173479.889,52527358393945.09,160088130.27876216,1167294317.7580667,1327382448.0368288,620361117.8657854,0.00011544960657785684,101.65442050106695,82.60386793822057,0.12771608589777186,0.059688972032261006,0.06842837643486074,0.8125949420699672,0.9319728861344891,1.3204519662620084
101.15681566162557,7179548664074.779,54395942570848.31,157440307.27411842,1132850545.7651365,1290290853.039255,625145445.4612474,0.00011651783590927607,104.32545479011482,85.09863173462149,0.12414726265485365,0.060149303261628116,0.06867513304114405,0.8157034340835182,0.9360020406067745,1.3097575595926998
103.81477506832205,7446536161192.111,56305642972443.99,154663608.64998567,1099098086.171641,1253761694.8216267,629136446.6695232,0.00011754808032327575,107.06667219700543,87.66984661016312,0.12063255510723173,0.06053330340709344,0.06883732591951364,0.8188341414856748,0.9399007482998617,1.299337767805423
106.5425740420456,7723084251303.935,58256878580261.695,152177016.28777546,1066136851.6526234,1218313867.940399,631873978.4798312,0.00011854099159907592,109.87991682761586,90.31924911943103,0.11722188947009908,0.06079669912123014,0.06886974019409701,0.8219814114086708,0.943574809651131,1.2893228084518578
109.34204766165794,8009583801958.193,60250253261734.414,149629231.7850707,1034062224.8655205,1183691456.6505911,633668560.6426716,0.00011949719714032532,112.76708124287315,93.04862829431879,0.11389064242760813,0.06096936752587787,0.06880569198920451,0.825139990046514,0.9470787250982697,1.2796355109946573
112.2150792238803,8306060576219.83,62286587203740.79,146848858.92783368,1002963501.8900746,1149812360.8179083,634649039.4028718,0.00012041703390392995,115.7301077319415,95.85987082210987,0.11063091459264604,0.06106370575503246,0.06865957762301093,0.8283053796523214,0.9504327911623864,1.270246790817952
115.16360151024809,8612733361477.789,64366947941186.35,144406247.9701187,972922310.0146798,1117328557.9847984,634217708.7005885,0.00012130156349399107,118.77098961886314,98.75479484959534,0.10750543695878431,0.06102220462692531,0.06837263458388966,0.8314723584142903,0.953516767668141,1.261315838919364
118.18959808735593,8930329291261.766,66492680068888.9,141945263.70746195,944011037.016648,1085956300.7241101,632725476.8760898,0.00012215303872867842,121.89177260353222,101.73507433498715,0.10448690834328321,0.06087862731191792,0.06798183954998499,0.8346344643447989,0.9563917189686347,1.2527600024377896
121.29510464126723,9258975126888.346,68665432615883.5,139361843.6181605,916291314.2650068,1055653157.8831673,630267338.061136,0.00012297304045747674,125.09455613790342,104.80254787135014,0.10157124616937828,0.06064211381235824,0.0674979663705097,0.8377866400182634,0.95907086764298,1.2445600904738938
124.48221034698581,9598538546075.145,70887182973164.86,136763716.6383769,889812600.3665305,1026576317.0049074,626734040.928935,0.00012376311304440935,128.3814948383611,107.95911523671217,0.09877357447141663,0.060302152348572176,0.06691121192235794,0.8409242731800112,0.9615285778771555,1.2367471405541481
127.7530592739124,9949846975397.525,73160256207737.12,134365378.7699169,864610915.3031783,998976294.0730952,621942773.32185,0.00012452661615432263,131.75479993520023,111.20643327687397,0.09611799701915098,0.0598411533756155,0.06620460765704989,0.8440408496052335,0.9637231563564644,1.229374610545335
131.10985182822924,10313415555452.447,75487338576914.78,131989079.62016861,840707776.6782548,972696856.2984234,616108075.2585505,0.00012526664695896154,135.21674076019227,114.54626025358371,0.09358948164128152,0.0592797591819963,0.06540056407259819,0.8471307591767222,0.9656902775407148,1.2223953517914472
134.55484623318483,10689235125579.398,77871484086256.98,129464800.75237876,818109389.4101557,947574190.1625345,609440010.6974626,0.0001259857613524482,138.76964627323852,117.98050337393849,0.09117226677533415,0.0586381813853972,0.06452067783774552,0.8501895518392686,0.967465914610063,1.2157619958273
138.09036004827385,11077938279138.436,80316113020628.45,127252470.08185339,796806137.6308393,924058607.7126927,601543684.1144714,0.00012668763866323585,142.4159066291368,121.51094565996044,0.08890967986788936,0.05787842452282779,0.06352654972169527,0.8532118956092829,0.9689687446549384,1.2095764693515154
141.71877172833476,11480234255442.484,82825001527376.38,125009366.29972667,776772422.3723484,901781788.672075,592839532.2403383,0.00012737614467189145,146.15797478551627,125.13940216969577,0.0867662824330894,0.057040941542645135,0.062460398083654715,0.8561927760242655,0.9702746591095558,1.2037429367447332
145.44252222361365,11896252361504.242,85402261547688.44,122616008.87099908,757966880.6746275,880582889.5456266,583526546.7604575,0.00012805439364098431,149.9983681530218,128.86787642357757,0.08472659867369063,0.05614487872723554,0.061342194196703205,0.8591285225990738,0.9714182800535449,1.1982173137026868
149.26411662186996,12326101833900.94,88052310677645.61,120427431.8367255,740333010.979481,860760442.8162065,573340166.1471715,0.0001287254984674096,153.93967028885692,132.6984383139501,0.08281935233866271,0.055164780893850796,0.06014603669899936,0.8620158667674864,0.9723454285551881,1.1930651597782558
153.18612583363128,12770886764786.408,90779831890788.9,118293634.45361613,723800216.2240365,842093850.6776526,562544038.7262809,0.0001293937676837321,157.98453263482773,136.6330283237125,0.08102331828042114,0.05412601536015776,0.05889813793629428,0.8648506663594211,0.9731026970797365,1.1882291416550097
157.21118832172766,13230901343102.13,93589723460659.66,116112668.18760097,708285260.2522438,824397928.4398447,551348329.8163501,0.00013006227243779042,162.1356763010531,140.67386078721313,0.07932067867726326,0.05304880349635624,0.057619197333704866,0.8676305178263806,0.973728124819093,1.183661348811102
161.34201187627124,13706136822659.7,96487039870700.38,113889481.47167633,693694115.5834429,807583597.0551193,539857825.9728882,0.00013073350635733511,166.39589389654392,144.82331683534753,0.07770286265549708,0.05194322749747913,0.05631940661448343,0.8703539098470238,0.9742403648419821,1.1793371952876055
165.58137543627456,14197466831196.082,99476924970441.27,111813700.98996723,679924161.9881988,791737862.978166,528006436.86685836,0.00013141072995127373,170.7680514078817,149.0837244321074,0.0761782416711843,0.050802928383751784,0.05499213233043328,0.8730188299450639,0.9746246867125675,1.1752736016206617
169.93213095913296,14705317547205.682,102564539106028.38,109673840.05418536,666866676.6904976,776540516.744683,516123067.84374714,0.0001320962731654513,175.25509012726076,153.45764040102492,0.07471600629219137,0.0496595522745112,0.05366952482936063,0.8756244414332974,0.9749435459823199,1.1713930844743397
174.39720533922883,15229266644939.39,105754982390362.38,107343881.92597179,654409539.4533409,761753421.3793126,504439606.98753774,0.00013279110540561186,179.860028631191,157.94792335517974,0.07329324381355885,0.048535410628294785,0.052374076593577894,0.8781713455581464,0.975242166814736,1.1676381257975208
178.97960237694858,15770661803861.744,109053216650748.14,105525735.63395602,642440060.4962775,747965796.1302335,492374125.3109391,0.00013349770754481427,184.58596481119218,162.5572618126515,0.07196664684578817,0.04737451227794707,0.05104828626786953,0.8806588408762648,0.975407865432159,1.1641422395342296
183.682404799436,16331176175905.818,112463988866026.3,103720939.4792479,630847827.3069869,734568766.7862349,480538376.70779943,0.00013421828264597614,189.43607795784567,167.28847153254532,0.07067763164673709,0.046235718038578705,0.04975207701123917,0.8830866503146843,0.9755580863918416,1.1607629760844962
188.50877633444367,16911357599695.264,115991759047641.84,101909867.35333127,619527458.9983425,721437326.3516738,469042784.7117944,0.00013495322438934255,194.41363089960709,172.1447503814133,0.06941417048150754,0.045129652475500846,0.048495959259181945,0.8854561770429916,0.9757154819939933,1.1574699689699504
193.46196383867482,17511732659726.566,119640635500391.16,100189021.15082707,608381154.7699312,708570175.9207582,457869420.9440279,0.00013570235766902907,199.5219721978164,177.1294758151405,0.0681761383739376,0.044054590582945585,0.047277809033639595,0.8877692710431169,0.9758784522090079,1.1542613743223993
198.54529948204905,18134055015147.688,123414320195107.56,98696091.09302786,597320926.8112915,696017017.9043193,446955521.98410916,0.00013646615434346617,204.76453839938372,182.24600651840683,0.06696831751576145,0.04300449348462542,0.04609113955286495,0.8900271889996132,0.9760361759688639,1.1511470672081203
203.76220298936136,18781067090120.67,127316066582327.86,97281438.40291283,586270417.8496405,683551856.2525533,436516603.42872274,0.00013724538263324814,210.1448563486662,187.49774257007203,0.06576896335931535,0.042000097335745064,0.04495686365416562,0.8922309393049396,0.9762311339764297,1.1480744897706412
209.11618394084186,19449061949595.68,131348651569143.9,95132865.55648324,575166219.3743516,670299084.9308349,427365351.78633034,0.00013803422643786343,215.6665455600903,192.8892632100375,0.06449382816145928,0.04111959598320685,0.04395438236649463,0.8943865758553339,0.9766257678217475,1.1448446240363488
214.61084413316428,20137203709120.348,135514362580650.61,93039833.0408741,563958627.9431627,656998460.9840368,418724149.2706975,0.00013882941919353384,221.33332065311689,198.42482207947933,0.0632140887517695,0.04028816976962474,0.043006805808962614,0.8964977414786057,0.9770740810178553,1.14162457074567
220.24988000249158,20845636466465.867,139814999658483.53,90874013.86984894,552611803.250375,643485817.120224,410726894.3900893,0.00013962830821487226,227.14899385118605,204.108669126347,0.06191394952891846,0.03951870194007137,0.0421269476507258,0.8985673485310102,0.9776047524111529,1.1383768684223403
226.0370851111877,21573598280784.523,144251891456815.03,88483402.49220076,541103322.0410346,629586724.5332353,403512461.9640173,0.00014042720912615323,233.1174775463231,209.94532470830114,0.06057662756465238,0.03882455454284263,0.0413280696244489,0.900598817892505,0.9782479269781902,1.1350622788932911
231.97635269987128,22318043106913.117,148825922848352.06,85751788.29846199,529423155.63764566,615174943.9361076,397160138.00192595,0.0001412204367113409,239.24278693113263,215.93974214593266,0.05918997655732225,0.03821335619982339,0.040617505391779746,0.9025966672428544,0.9790233796425011,1.131652823344913
238.07167830652406,23082698796847.47,153537570742976.7,84158213.1684326,517572134.8621031,601730348.0305357,390186354.8473017,0.00014200789305364892,245.52904269994795,222.09605829100423,0.05789638467046523,0.03754236323187682,0.03984950553315202,0.9045612520976579,0.9796459785614116,1.1284773837583357
244.32716245441912,23872897286388.297,158386943772419.1,82547359.15421638,505560003.3054623,588107362.4596786,383738996.7356278,0.000142790367133382,251.98047382095626,228.4183719206076,0.056585628755374644,0.03692202103613505,0.03913658956395233,0.9064923502084903,0.9803363922807604,1.1252803407957066
250.74701341067592,24688844360466.14,163373820857583.72,80954570.76038302,493403196.5323533,574357767.2927363,377739187.37179494,0.00014356431131193207,258.6014203811623,234.91160852413893,0.05526269090878947,0.03634474041199027,0.03847073685165675,0.9083925686792202,0.9810820495032009,1.1220729622520191
257.3355500172981,25532632525359.984,168497683526133.4,79497445.53221379,481122518.3229911,560619963.8552048,372033151.2316165,0.00014432762952785926,265.3963365061065,241.58056810210346,0.0539408876210713,0.03579572561757843,0.037836669135364806,0.9102633867613503,0.9818548379965071,1.1188854878329153
264.0972045965989,26404402376358.68,173757737369543.12,77922266.8330951,468740911.5860683,546663178.4191633,366828201.7636404,0.000145076745645871,272.3697933562989,248.43041191969337,0.05259801465311656,0.035294923626163856,0.0372544328300525,0.9121070617207196,0.9826969089730473,1.1156670114756033
271.036525932967,27303909216202.35,179152919381615.3,76304162.64863637,456281535.7367197,532585698.38535607,362003675.17571187,0.00014580791644596734,279.52648220238706,255.46644892319372,0.05124352887407,0.03483072459066262,0.036711975781653965,0.9139257465352674,0.9835871957165926,1.1124390393227104
278.158182332983,28232445930639.195,184681890195806.38,74857909.43748821,443766357.3895796,518624266.8270678,357309669.53590256,0.00014651859290350792,286.87121758112687,262.69391426861887,0.04990020887252005,0.03437908382323711,0.03618470832673226,0.9157207073042428,0.9844788749507171,1.109252876277468
285.4669647659399,29192528243715.496,190343013396376.34,73492964.25678554,431215429.8852602,504708394.14204574,352809621.0890025,0.00014720706609501323,294.4089405342772,270.11803099034347,0.04856127238604526,0.033946104936979846,0.03567870841468778,0.9174926226769748,0.9853848325509346,1.1060927506490748
292.9677900868832,30183088759893.39,196134327876128.1,71850774.22819892,418646973.2364826,490497747.4646815,348823764.27341676,0.00014786921804285305,302.1447219325985,277.74454947421384,0.04719397377938267,0.03356259976694505,0.03522500786447986,0.9192434264536723,0.9863686259875624,1.1028849672498933
300.66570434433953,31202868244231.555,202053523145677.3,70284988.2817651,406078266.8194736,476363255.1012387,344963355.98898625,0.00014850098489856562,310.0837658871928,285.57934441446355,0.04583400247384016,0.03319116481480749,0.034785524637077105,0.9209748327113524,0.9873571623409673,1.0997094488955537
308.56588617495663,32254301650371.914,208097930770110.34,68819972.96343723,393527236.19914633,462347209.1625836,341183476.65266705,0.00014910078296002233,318.2314132504776,293.6280179931199,0.04448542766806668,0.03282747807575611,0.03435581102195087,0.9226870942561772,0.9883420504076895,1.0965748483689528
316.67365028734054,33338851588627.0,214264546673488.25,67315517.03110713,381014465.5812056,448329982.61231273,337598217.0238281,0.00014966641189115415,326.59314520915075,301.8964144783947,0.04313673926798226,0.0324825169627025,0.03394687443413052,0.9243807437693152,0.9893457776947203,1.0934552282508356
324.99445103743255,34453386503905.363,220550097754132.03,65635511.40357665,368565221.75765944,434200733.1612361,334300112.99792594,0.00015019305213773707,335.17458697156263,310.39095436217207,0.04177727241708815,0.03216518495511502,0.03356754544556748,0.9260575426277968,0.9903879125380268,1.0903268208620331
333.53388609783053,35598948650141.06,226951161081284.47,64061266.06718006,356210966.80341804,420272232.8705981,330974167.8441622,0.00015067871741833943,343.9815115519756,319.1177384186775,0.04043712094666814,0.03184517417180415,0.03318716768537502,0.9277177048815277,0.9914080532251359,1.0872557490112025
342.2977002235263,36776004168816.89,233464334383543.34,62489553.741654016,343989803.06664497,406479356.808299,327683385.7380882,0.00015112136555986639,353.01984365425903,328.0830283345303,0.03911001876405661,0.031528546653674924,0.032811817449820195,0.9293614345822685,0.9924185278896183,1.084227677668816
351.2917891165878,37984734834886.21,240086442981929.12,60854852.21969682,331945370.09278893,392800222.31248575,324449032.6046452,0.00015151919408761883,362.29566365762946,337.29320191862223,0.037793860396241594,0.031217348533475676,0.03244351417912501,0.9309887910702828,0.9934234881372341,1.0812375598360189
360.52220339238903,39224852207705.51,246814752407483.16,59311063.610768974,320123920.0992626,379434983.71003157,321071667.21469337,0.00015187064123839696,371.81521170711835,346.7547570254115,0.03650790399089677,0.03089239027529681,0.03206294104877113,0.9325997057338065,0.9943844862844,1.0783267672148713
369.9951526500559,40495847437464.734,253647140718483.78,57741031.440259725,308569632.2574162,366310663.69767594,317627060.0194166,0.00015217458987034634,381.58489191152086,356.47428210533155,0.03524512792773057,0.030560962246331452,0.03167743758648999,0.934193909825938,0.9953158343186008,1.0754792980159893
379.7170096498644,41803260956772.28,260582174246051.56,56454645.799835056,297318648.26987237,353773294.0697074,313787606.93564796,0.00015243352445225858,391.6112766516471,366.457939572414,0.034038826172945486,0.03019154353014134,0.03125544209041556,0.9357696302969132,0.9961527173571958,1.0727663186438618
389.6943146004039,43149618506396.14,267619029957454.56,55274572.88693088,286392748.6326489,341667321.51957977,309719828.35694635,0.00015264859226419037,401.9011110017764,376.71228518613935,0.03287403193269102,0.02980015613524326,0.030813107205461016,0.9373258119320658,0.9969261242025522,1.070154412557976
399.9337795583861,44541162352637.62,274757221082181.12,54154734.51195204,275793938.0975127,329948672.60946476,305485654.245069,0.00015282285422047503,412.4613172672864,387.2437361647644,0.03174650461528253,0.029392758745456736,0.03035647057878998,0.9388607366392607,0.9976462541301743,1.0676336329158707
410.44229294406534,45971256313105.19,281996112313428.6,52748445.701777875,265501356.50159657,318249802.20337445,301443143.561166,0.00015295307216921518,423.2989996415141,398.0599310350444,0.030620880316196065,0.029003802538817416,0.029919978623304776,0.9403753171449866,0.9983829222226214,1.0651275918154481
421.22692417530135,47435494035202.96,289334255397510.75,51241661.10866726,255471777.60858905,306713438.7172563,297445152.2700876,0.00015303706400611626,434.4214489849763,409.1685207305514,0.029510891863267462,0.028619129832089155,0.029489387971633987,0.9418699783046434,0.9991082379688216,1.0626653158454977
432.2949284233857,48939164098710.62,296768629018678.9,50105649.20006743,245644447.62172186,295750096.82178926,293092224.3447765,0.00015307656333400866,445.83614773016774,420.57670161877894,0.02845603753901527,0.028200306366675656,0.029026279258884412,0.943343656094309,0.9997442688276604,1.0603302307971445
443.65375149383163,50488643082993.8,304293917034209.1,49084429.57720192,235950162.96196836,285034592.53917027,288717224.7600399,0.00015307271292419665,457.550774915237,432.2919641670745,0.027425029281055436,0.027779359243566316,0.028562691905418172,0.9447956114753783,1.0003543299625108,1.0580550792162442
455.3110348354083,52087306493707.52,311901990437410.75,47903366.67587173,226323407.54995525,274226774.225827,284658142.4422176,0.0001530241979162449,469.57321134992367,444.3224061527238,0.026385138890674016,0.027388808572404555,0.02813105024013094,0.9462260525369214,1.0010036696817304,1.0557702717893445
467.27462068079166,53725921284840.984,319581753733169.6,46641748.69932334,216715288.03512788,263357036.73445123,280860658.775737,0.00015292355995836344,481.9115449172354,456.6773461751224,0.02533929085404527,0.027023428006418524,0.027725984799467057,0.9476372811395362,1.0016841371523733,1.053481869346019
479.5525573222892,55407031428935.23,327319462653685.25,45410167.82269995,207104246.0736414,252514413.89634132,277229812.1520471,0.00015276785827230714,494.57407601442935,469.365569894771,0.024296051694301032,0.02667408067252945,0.0273382932587787,0.9490298676331695,1.0023780289782285,1.0512078140551266
492.15310452618525,57127980836971.55,335099515851795.9,44067912.740647495,197501456.60972157,241569369.35036907,273882009.1875539,0.00015255185095035042,507.5693231369566,482.39646078398465,0.02324295787687431,0.02635196680729461,0.026979039485617345,0.9504050753158311,1.0031090089304202,1.0489218260082258
505.0847390893568,58883536483277.36,342905585707581.06,42694356.21606701,187948721.7749393,230643077.9910063,270682437.0302354,0.00015226973864040263,520.9060286091341,495.77971812886733,0.02219166842532226,0.02604411519069039,0.026635194597645268,0.9517642163839873,1.0038524467653682,1.0466482354309659
518.3561605418874,60679924087248.5,350721821304276.56,41513388.32453068,178508550.20076674,220021938.52529743,267349111.49926582,0.00015192090531694592,534.5931644653864,509.524415615351,0.021169739619241606,0.025723394293357314,0.02627972932033291,0.9531068660874011,1.0045536546741156,1.0444442512388459
531.9762969995245,62517671995524.58,358533782118147.6,40306647.549364224,169248533.43522945,209555180.9845937,264032868.28832692,0.0001515034643463421,548.6399384860266,523.6400723406457,0.02016266490078595,0.02540431699697406,0.025927075941030282,0.95443301810224,1.005241652096188,1.0422791968528975
545.9543111699116,64398421740712.98,366328788687210.25,39167791.61845952,160224201.35666567,199391992.9751252,260588946.7582308,0.00015101694585159056,563.0558003916274,538.1362155605948,0.019184798578436878,0.02507295494030873,0.025563383299900704,0.9557422464812544,1.0058881563618718,1.0401824495400895
560.2996065166398,66326759039505.63,374095515208042.75,38196151.440790094,151465218.02531168,189661369.46610177,256897549.23937958,0.0001504626241860316,577.8504482001551,553.022333009769,0.018248552095928895,0.024717781611553562,0.025177229597494605,0.9570336662925175,1.0064692295156246,1.0381791021635627
575.0218335852628,68304660401750.04,381822853144118.75,37161798.959038064,142968508.31248334,180130307.2715214,253197956.23662817,0.00014984108138130727,593.0338347511426,568.3082814855862,0.017331506703517425,0.024361819742067487,0.024791493680989773,0.9583066735544151,1.00703031303855,1.0362223227875174
590.13089649553,70331644126219.195,389498259251027.4,36078041.619406134,134699218.1122717,170777259.73167783,249514264.7591293,0.00014915181137776273,608.6161744012829,584.0043588505766,0.01643158925713918,0.024007387861597056,0.024408457611469005,0.9595610228812638,1.0075757986044578,1.0343074999163273
605.6369596042124,72396613291405.47,397105895924186.75,34833110.780172616,126597950.04905295,161431060.82922557,246008602.06875828,0.00014839020040876056,624.6079498959637,600.1218091762722,0.015532330762642247,0.023670085286928978,0.024043537463516295,0.9607975839504288,1.0081377545242867,1.0324005290366824
621.5504543429928,74498666133484.05,404624887050081.75,33802291.26194231,118592218.18506427,152394509.44700658,242376154.09589416,0.000147553938732526,641.0199194213463,616.671771783586,0.014662865467046378,0.02332058387683603,0.023667618990011886,0.9620165506561176,1.0086577184097896,1.0305608501471113
637.8820862360294,76657161423246.78,412028048963552.3,33071867.14171373,110611686.5746208,143683553.71633452,238611352.22841454,0.00014664540659129662,657.8631238417494,633.6648947686734,0.013824727843639039,0.022958347838981038,0.023280190131699963,0.9632169243173799,1.009133619995342,1.0287911507197094
654.6428421019083,78869105540115.53,419281603778039.0,31926832.016886782,102608161.81743811,134534993.8343249,235465269.42289102,0.00014565855715860542,675.1488941271938,651.1135068995461,0.01294448548284866,0.022655642780295047,0.022952754376107967,0.9643998717368563,1.0097111572974464,1.0269414910613353
671.8439974448336,81116913908483.9,426346553040541.6,30837169.550526123,94579079.62398124,125416249.17450736,232447763.1176507,0.00014458259494768252,692.8888589761156,669.0310182578273,0.012067111838217801,0.02236530890173042,0.022638490093537526,0.9655675792600518,1.0102981970635125,1.0251035722813462
689.4971240400243,83408381645711.38,433182247466404.9,29889337.404196374,86586491.26926295,116475828.67345932,229409175.10095987,0.00014341472322227985,711.0949526383679,687.429824587978,0.011206895919013202,0.022072946614793764,0.022323119491522957,0.966720157466193,1.0108660506957805,1.0233062210884545
707.6140977184242,85740877061508.89,439751861978539.5,28730927.21961347,78756973.78899558,107487901.00860906,226571650.27699715,0.00014215099931727426,729.7794229437791,706.3228243062722,0.010342109027047965,0.02179992992341724,0.022027743245683924,0.9678579610495348,1.0114578208963692,1.0215052346411577
726.2071063559551,88100407767744.8,446028032236204.25,27671448.42838401,71249919.24226612,98921367.67065012,223463643.22559285,0.00014078775467034034,748.9548395416624,725.7231924182596,0.009517867219982476,0.021500888380314796,0.02170749745880582,0.9689812443997027,1.0119830211603322,1.019791535745566
745.288658072701,90500369627955.4,451995657686670.06,26737950.044915944,64197245.94473803,90935195.98965397,219948298.71862057,0.0001393322737433442,768.63410235683,745.6426268262622,0.00874946577704268,0.02116265425519378,0.02134945054207029,0.9700878799677636,1.012413188478151,1.0181953922984595
764.8715896475233,92946475875624.25,457649134578965.0,25932341.57181443,57640475.845027775,83572817.4168422,216002351.18226755,0.00013779196363103682,788.83045026779,766.0931441504181,0.008041083520212466,0.020782989016101375,0.020951461467633128,0.9711759274636862,1.0127419054958888,1.0167245501436535
784.9690751537792,95444745068872.84,462983810706864.75,25111499.170145467,51504400.383142084,76615899.55328755,211862068.62335426,0.00013617417255224823,809.5574700129685,787.0871185860084,0.00737171327144989,0.02038462554239621,0.020536011128172403,0.9722436611861539,1.0130129122709464,1.015336265770814
805.5946348219479,97987556706414.12,467985382047327.75,24249965.967885703,45634424.50949377,69884390.47737947,207711264.0329062,0.0001344803329094065,830.8291053309497,808.6382575082504,0.006724031066044945,0.01998524967570265,0.020120540817223285,0.9732907192582524,1.0132612186096577,1.0139954282792363
826.7621441351291,100578491872370.56,472623734699721.75,23518632.774459433,39887633.679111116,63406266.453570545,203523391.67861518,0.00013271101174284951,852.6596663408823,830.7607774679203,0.00610072868209008,0.019582307278716325,0.019702506927840077,0.9743169640391935,1.0134815785966262,1.0127071508148502
848.48584316353,103213233190349.47,476856642321450.8,22570512.108770724,34227024.35701057,56797536.4657813,199675219.25064543,0.000130862552103515,875.0638391693598,853.4699680315226,0.00546485985013137,0.01921204961779358,0.019317617691113936,0.975323090532075,1.0137471897676622,1.0113973946172257
870.7803461442207,105877851003730.12,480643088569122.5,21730656.65218396,28754385.74668977,50485042.39887373,195731037.44221985,0.00012893017662068615,898.0566958302527,876.7816895356835,0.004857493799999619,0.018832554270852443,0.018924479814218225,0.9763099519291479,1.0139750604708528,1.0101480048945646
893.6606513126095,108582403794280.02,483958599244068.6,20929396.046985783,23648377.807816237,44577773.85480202,191591428.9731021,0.0001269186507681724,921.6537043641453,900.7106236613622,0.0042891171291225185,0.018434255655704324,0.018513662924476496,0.9772766272151732,1.0141451385265818,1.0089795746712327
917.1421509922395,111321591765008.69,486801326916291.2,20130484.49241554,19039888.171414215,39170372.66382976,187172729.4999259,0.00012483416609639477,945.870739244185,925.2716232025493,0.003768835942633027,0.018009103882523015,0.018077234011810113,0.9782220601748439,1.01424026793989,1.0079098706313623
941.2406419497047,114111319808822.4,489182361569113.6,19536002.544223793,14913234.145132903,34449236.6893567,182309974.20813632,0.00012268960821817517,970.7240920553566,950.4788534654863,0.0033145847895138677,0.017541226615150247,0.017599561855177526,0.9791441885953359,1.0142266418256365,1.0069741800562564
965.9723360216475,116952458697382.34,491105531501075.94,18820038.239475567,11114106.071538303,29934144.31101387,177493076.6648443,0.00012049249157108611,996.2304824543597,976.3477941356663,0.0028801584289109674,0.017077761619579673,0.01712709035322323,0.9800420799515094,1.0141976031906688,1.0060804195454183
991.3538710209872,119834324990265.61,492551576847217.06,18119400.93621169,7460340.443511259,25579741.37972295,172763724.43574774,0.00011824319373666348,1022.4070694174648,1002.8955418839341,0.0024611930435928463,0.01662271992724342,0.016663732589974153,0.9809160870291638,1.0141615268836506,1.0052197477225044
1017.4023219297161,122750493216766.34,493478834499480.06,17380369.263318934,3860988.0021805875,21241357.26549952,168257694.83669847,0.00011593893677423976,1049.2714627839123,1030.1401649426443,0.0020437689326976306,0.016189165555493802,0.01622232022959532,0.9817670655118086,1.0141453966227962,1.0043644153036142
1044.1352123857953,125699043335957.95,493838965816033.3,16685933.727917923,353417.38905327395,17039351.116971195,163846500.4861585,0.00011357712940979889,1076.8417351026244,1058.1001634516251,0.0016394666315770123,0.015764735898902697,0.015790624100206763,0.9825957974695203,1.0141252692673257,1.0035372402768628
1071.5705264718697,128678890609314.7,493596269537127.5,16003486.759188756,-2938241.0312004834,13065245.727988273,159435538.12845746,0.00011115816777812692,1105.1364337901905,1086.7940194605337,0.0012570921426143117,0.015340328563849285,0.015359637042889309,0.9834025792935364,1.014083236421235,1.0027555016096907
1099.7267208137512,131685173492263.94,492741349570366.0,15295884.61846454,-5867950.683888765,9427933.934575776,154919116.47414756,0.00010868665892415269,1134.1745936083228,1116.2400075141002,0.0009071227527587361,0.014905774304972724,0.014919307948668376,0.9841871029422685,1.013998651552214,1.0020397568802366
1128.6227369967837,134712556776370.66,491293857197753.56,14634551.820684241,-8345401.599312026,6289150.221372215,150144910.83199343,0.00010617191776018273,1163.975749469153,1146.4561254535915,0.0006051199871481794,0.014446416974469536,0.014455164083173771,0.9849484630383822,1.0138412969873214,1.0014205879749127
1158.278014308465,137766687111397.22,489287043713893.75,14042625.546957409,-10420655.695625769,3621969.85133164,145152789.89565322,0.0001036266878918407,1194.5599495770039,1177.4603186374572,0.0003484932419710413,0.013966092598280406,0.013970961383906536,0.9856854141597485,1.0136175993563092,1.0008927130045737
1188.7125028158841,140860062873717.03,486736424695871.1,13505702.541672692,-12276086.792662214,1229615.7490104772,140146801.10928163,0.00010106094338626026,1225.9477689154642,1209.2715162100687,0.00011830931684695443,0.013484433906176185,0.01348602942910492,0.9863972567769769,1.0133661245893293,1.0004186097551726
1219.9466767867814,143971546773614.94,483621026834076.06,12836821.538197208,-14063483.171862433,-1226661.6336652245,135455622.0211371,9.847287593636473e-05,1258.1603230888509,1241.9111321678297,-0.0001180250822243374,0.013033065099643137,0.013031527052591247,0.9870849599825812,1.0131510901818674,0.9999338010741109
1252.0015484632506,147082727965676.16,479904471431010.06,12214665.96891654,-15753274.354828946,-3538608.385912407,130859323.61925171,9.585912989160388e-05,1291.21928252736,1275.4013906630237,-0.00034047249399912636,0.012590825380129612,0.012586540009461772,0.9877496471138695,1.0129312978741287,0.999477740871356
1284.8986821973529,150214837718801.22,475578491993639.6,11661770.195273157,-17171744.39307486,-5509974.197801702,126164409.0163652,9.322700241063688e-05,1325.1468870654633,1309.76332741251,-0.0005301504016282005,0.012139097155463257,0.012132665018231022,0.9883910532461649,1.0126692475570915,0.999087609034539
1318.6602089581636,153348291077369.25,470688899666424.25,11043780.969715554,-18153502.56455474,-7109721.5948391855,121343567.29115945,9.058519967580421e-05,1359.9659609033754,1345.0183299932946,-0.0006840724881202674,0.011675252664535606,0.011667271405155905,0.9890088198235847,1.012359325152656,0.9987692152910992
1353.3088412199866,156482968539941.1,465317181388363.4,10524906.738565266,-18733861.733164407,-8208954.994599141,116279442.74347398,8.794954106961048e-05,1395.6999279616266,1381.1872119404168,-0.0007898368723887771,0.011188000353277631,0.011179170632109664,0.9896018365191112,1.0119778372256665,0.9985469880806063
1388.8678882417753,159636189894445.3,459500955450235.25,10068534.089454293,-19263901.4822208,-9195367.392766505,111363419.68643467,8.533075690010158e-05,1432.3728276390975,1418.2922420248312,-0.0008847460153876868,0.01071499784826723,0.010705526176639817,0.9901697481671204,1.011599743863655,0.9983472724030239
1425.3612717480269,162796312563354.4,453164726885094.44,9460338.582740821,-20042917.457206156,-10582578.874465335,107088389.16434745,8.271951187119385e-05,1470.0093309851002,1456.359631730279,-0.0010182186411686386,0.010303669397915943,0.010293188681323553,0.9907145492432528,1.0113218880390846,0.9980724143140434
1462.8135420217018,165905382449297.2,446219910637678.25,8857040.817676283,-20760446.56103551,-11903405.743359227,102960231.75324807,8.009972536968915e-05,1508.634757296396,1495.41735384517,-0.0011453039722224185,0.009906472563427691,0.00989513962071439,0.9912388314087948,1.0110517765356501,0.9978110206752905
1501.2498944199963,168975779013074.72,438740994773692.06,8355443.717367164,-20936257.730486117,-12580814.013118953,98412050.9265209,7.748683246639403e-05,1548.2750911503051,1535.488845977317,-0.0012104818212262602,0.009468862548315627,0.00945741451996341,0.9917416192729106,1.0106793443695419,0.9976726595980906
1540.696186324078,172050965560288.88,430861957086615.9,7939935.050282501,-20899482.731251102,-12959547.680968601,93807812.73217,7.490611261954894e-05,1588.9569998853792,1576.596604055231,-0.0012469222470635935,0.009025858889804688,0.009014618361620794,0.9922210633572589,1.0102727811368684,0.9975918798605884
1581.1789545341785,175082614622103.84,422496210167236.94,7313084.244664981,-21339862.58437173,-14026778.339706749,90109015.90523659,7.234255595279729e-05,1630.707851541376,1618.7704729260574,-0.0013496074397793217,0.008669973625564757,0.0086582883352118,0.9926796338142145,1.010019581065344,0.9973810092465579
1622.7254331217696,177997626140409.2,413396049615401.0,6688165.436504549,-22204526.772879,-15516361.33637445,87004949.02945556,6.976077669855195e-05,1673.555733270639,1662.0443788129298,-0.0014929298938585053,0.008371311192348163,0.008358832042114748,0.9931216187015104,1.0098642410862066,0.9970904802308248
1665.3635717507993,180840629543244.47,403427047547358.7,6107718.056725184,-23013556.43922639,-16905838.382501204,83962799.29878177,6.715563724593068e-05,1717.5294702332287,1706.4479946425581,-0.0016266205043065825,0.008078606209777957,0.008065486723695982,0.9935480142945287,1.0097052267140845,0.9968195246732212
1709.122054480341,183545509474594.22,392639210417876.3,5552007.043559935,-23392928.501963194,-17840921.45840326,80627339.52240235,6.453099072769581e-05,1762.6586449885447,1752.010267161796,-0.0017165909198564391,0.007757679962833325,0.007744386020111339,0.9939589109570232,1.0094742708826898,0.99663541174568
1754.0303190612885,186144267289462.25,381249845369059.0,5113543.938945786,-23134885.12386156,-18021341.184915774,76724403.91984096,6.191949467767191e-05,1808.973617396474,1798.7561673506277,-0.001733950273464741,0.007382153181228352,0.007369375051342811,0.9943517970922364,1.0091161034546932,0.9965952211787406
1800.1185767400875,188664888196674.3,369482383428236.75,4689623.101522846,-22615855.6608769,-17926232.559354052,72753513.1979594,5.93509078809653e-05,1856.5055450414513,1846.7119422414585,-0.0017247992549245872,0.007000087996264854,0.0069880350386368265,0.9947247112586597,1.0087248872511894,0.9966079727991543
1847.417832582822,191088456666308.25,357320999053820.8,4244123.896738795,-22290653.82351454,-18046529.926775746,69194075.59438616,5.682238745981184e-05,1905.2864041931814,1895.9100372124974,-0.0017363738459052257,0.006657611387961001,0.00664607132353679,0.9950787624579442,1.0083939852338664,0.996580295610108
1895.9599063333217,193376581719770.8,344702868096015.2,3817859.051979537,-21854925.280202713,-18037066.228223175,65684359.5575944,5.432464926246481e-05,1955.349011318104,1946.3848007251918,-0.0017354632820062994,0.0063199188145096705,0.0063089698290241135,0.9954155444674966,1.0080553820965161,0.9965777549562981
1945.7774538193457,195582199526637.22,331821026593183.9,3490797.96043941,-20914761.849961396,-17423963.889521986,61765075.42331363,5.1883502879001954e-05,2006.7270451561064,1998.1656526313564,-0.0016764727242589866,0.005942819034493829,0.0059328727351768045,0.9957336536897652,1.007619291758753,0.9966905499155984
1996.903988921211,197664674804337.06,318951609050166.1,3119758.3273729645,-19812493.90507427,-16692735.577701304,57931329.5291387,4.9521133965286986e-05,2059.455069377299,2051.283495705099,-0.0016061164994787855,0.005573949444079378,0.005565011387470176,0.9960321670553994,1.0071800659435581,0.9968263603584423
2049.373906117669,199647641241416.6,305753548452391.25,2936526.9604327297,-20130665.52422746,-17194138.56379473,55498125.693102464,4.720573151240708e-05,2113.568555834116,2105.7790509921206,-0.001654359737089782,0.005339835100779451,0.005331015683075577,0.9963145246363103,1.0069941948378691,0.9967277999034853
2103.2225036241853,201240609756223.6,290936840252838.2,1879168.262378087,-22185446.93260105,-20306278.670222964,55722432.828265935,4.4793620495923065e-05,2169.1039084243844,2161.712430471081,-0.0019537989482578517,0.005361417146997095,0.005350962442205347,0.9965923818012608,1.007315216095255,0.9961323463912898
2158.4860071391968,202426677317426.9,273508537198893.53,1307545.866042004,-25142572.513188586,-23835026.647146583,56351204.59628677,4.220639666104694e-05,2226.098487581405,2219.1339322060053,-0.0022933227082705815,0.005421915362303025,0.005409509611071346,0.9968714073459676,1.0077152380705736,0.9954582143520532
2215.201594214312,203077533305554.06,252315049680560.3,0.0,-29085527.448466882,-29085527.448466882,58625464.7836511,3.9350691809813226e-05,2284.590635407529,2278.0973051578358,-0.002798507489295453,0.005640736704918251,0.00562499511396457,0.9971577707843772,1.0084392441942138,0.9944578578053931
2273.407419264861,203077533305554.06,227987388105275.56,0.0,-29240092.404992875,-29240092.404992875,55788487.01206881,3.629485654338626e-05,2344.619701468136,2338.6306202331607,-0.002813379187571752,0.005367772649004035,0.0053527134364249615,0.9974456065385677,1.0081811518365758,0.9944253899916323
2333.1426392375956,203077533305554.06,204143619404804.75,0.0,-25823381.889679737,-25823381.889679737,49635491.60297052,3.340940279324886e-05,2406.2260692633536,2400.7131220747733,-0.00248463527935831,0.004775753000590552,0.0047639164058207355,0.9977088822787678,1.007260388279949,0.9950717715678452
2394.447439952855,203077533305554.06,182006627395714.78,0.0,-23004400.084475808,-23004400.084475808,44383783.01744816,3.0784352368172166e-05,2469.4511833953616,2464.371400620116,-0.002213402732242626,0.004270452010803748,0.004261020656041523,0.9979429507214389,1.0064838547430464,0.995605925251893
2457.3630631388596,203077533305554.06,161062032996149.25,0.0,-20707682.848580763,-20707682.848580763,39902295.20594653,2.8364701582244464e-05,2534.3375774495134,2529.6570657142256,-0.001992420651142872,0.003839258963818634,0.0038316247555282897,0.9981531616873243,1.0058316796149613,0.9960416595933987
2521.931834176363,203077533305554.06,141314683659480.4,0.0,-18418111.32372486,-18418111.32372486,35654122.535299465,2.6139643402729374e-05,2600.9289026080583,2596.61555182776,-0.0017721261053094048,0.0034305146817804302,0.00342444613139476,0.998341611423529,1.0052026407870898,0.9964768323861435
2588.1971905723058,203077533305554.06,122914306030579.48,0.0,-16217368.200230584,-16217368.200230584,31707750.377404876,2.4109546488496758e-05,2669.2699570157088,2665.2915962723505,-0.0015603783168594198,0.003050808587091843,0.0030460555880003786,0.9985095697297676,1.0046111869039513,0.996895782192928
2656.2037111816408,203077533305554.06,105914099312207.64,0.0,-14172252.220493488,-14172252.220493488,28112615.391808495,2.2267169455754325e-05,2739.4067159168058,2735.7323692064374,-0.0013636044266175308,0.002704897301829939,0.0027012139145787786,0.9986587071247875,1.0040685017284474,0.9972856360241856
2725.997146196973,203077533305554.06,90328761782433.66,0.0,-12281952.036476744,-12281952.036476744,24850026.961401787,2.0602679419447928e-05,2811.3863625843614,2807.9866764455355,-0.0011817263695198842,0.002390982480338086,0.0023881603283034884,0.9987907438891818,1.003572708849858,0.9976464199878765
2797.624447926189,203077533305554.06,76172543956245.89,0.0,-10535143.421555303,-10535143.421555303,21892168.902414717,1.910660659952173e-05,2885.2573200617626,2882.1045036589076,-0.0010136545681786592,0.002106387746925935,0.00210425475947638,0.9989072668212527,1.0031200423151045,0.9979801881341552
2871.1338023788157,203077533305554.06,63455765563843.08,0.0,-8930763.484707711,-8930763.484707711,19222644.043450277,1.7769602651935136e-05,2961.069283738544,2958.137088823585,-0.000859286754945827,0.0018495354232433486,0.0018479475064272406,0.9990097513317024,1.002708822178189,0.9982870481365244
2946.574661682298,203077533305554.06,52172172275101.27,0.0,-7473856.389863384,-7473856.389863384,16831801.15096769,1.658163969887557e-05,3038.873254782074,3036.137087825554,-0.0007191082615919291,0.0016194969014322546,0.0016183331446978945,0.9990996113601597,1.002338605163024,0.9985659485871597
3023.997777350054,203077533305554.06,42292691822954.984,0.0,-6168871.991189781,-6168871.991189781,14709878.512074593,1.553173843153945e-05,3118.7215744477007,3116.1586536361615,-0.0005935472374856153,0.0014153329436986668,0.0014144933750634562,0.999178214293787,1.0020088801811844,0.9988159600066864
3103.4552344236654,203077533305554.06,33764983471914.133,0.0,-5017143.136939303,-5017143.136939303,12844566.497781277,1.4608104143753306e-05,3200.6679592904093,3198.2574490766183,-0.0004827319246133185,0.0012358591606936489,0.0012352628598758977,0.9992468727639197,1.0017185910853068,0.9990367591959624
3185.000486512171,203077533305554.06,26515371959996.37,0.0,-4016528.8103335383,-4016528.8103335383,11220792.242687862,1.3798396962596428e-05,3284.767537301693,3282.490638363612,-0.0003864563218461368,0.0010796252941476397,0.0010792082273056091,0.9993068310276985,1.0014660816159937,0.9992286989630896
3268.6883917520486,203077533305554.06,20452029994315.617,0.0,-3161435.2036428084,-3161435.2036428084,9820880.49646335,1.3090044508097625e-05,3371.0768849959413,3368.916872603146,-0.00030418221261389026,0.0009449306934358867,0.0009446433497316343,0.999359251519178,1.00124911290605,0.9993928048519172
3354.5752497120616,203077533305554.06,15469224631472.62,0.0,-2443113.725179081,-2443113.725179081,8624977.331637964,1.2470575732641922e-05,3459.6540654713,3457.5962727639385,-0.00023506783809329053,0.000829865083256884,0.0008296700545108393,0.9994052027548364,1.0010649329213501,0.999530718071906
3442.718839267795,203077533305554.06,11452064696310.498,0.0,-1850388.6424291104,-1850388.6424291104,7611870.969720173,1.192793701371137e-05,3550.5586674705846,3548.590416579294,-0.00017803790847939615,0.0007323875406438738,0.0007322571711086605,0.9994456503678355,1.0009104254491235,0.9996445552629382
3533.178457471399,203077533305554.06,8281001426108.693,0.0,-1370594.6580896769,-1370594.6580896769,6759974.197067879,1.1450748865751354e-05,3643.851845468587,3641.962336273908,-0.0001318738132649707,0.0006504210195760313,0.0006503352573857392,0.9994814527936889,1.000782294832841,0.9997367273610054
3626.014959442625,203077533305554.06,5835707076484.472,0.0,-990384.7375750507,-990384.7375750507,6048129.507397957,1.1028489857033922e-05,3739.596360812655,3737.7765293559873,-9.529134757134287e-05,0.0005819298189682363,0.0005818743713752707,0.9995133615286032,1.0006772211665396,0.9998097830561002
3721.290799308043,203077533305554.06,3998429967639.8647,0.0,-696256.6493180293,-696256.6493180293,5456099.333298339,1.0651622230048416e-05,3837.856623944292,3836.098980109999,-6.699137401034027e-05,0.0005249667510286173,0.0005249315851404673,0.9995420246229817,1.0005919581250389,0.9998663062306388
3819.0700722159586,203077533305554.06,2657096288484.649,0.0,-474870.1601172537,-474870.1601172537,4964828.098446831,1.0311680456297714e-05,3938.6987377301534,3936.9971883150715,-4.5690342108652874e-05,0.0004776983550044002,0.00047767652980033637,0.9995679919871042,1.000523388697113,0.9999088537322932
3919.4185574553,203077533305554.06,1708269218817.0344,0.0,-313310.7429637465,-313310.7429637465,4556639.519630872,1.0001332689190153e-05,4042.1905419315863,4040.5402035740844,-3.0145661350452284e-05,0.00043842388089059,0.00043841066471115913,0.9995917217804599,1.000468569542241,0.9999399035958323
4022.403762707476,203077533305554.06,1059796375339.7778,0.0,-199402.42746339436,-199402.42746339436,4215472.041912462,9.714410277469027e-06,4148.4016588426375,4146.798666081609,-1.9185802548319146e-05,0.00040559794217620245,0.00040559016060346564,0.9996135878603721,1.0004247837447244,0.9999617939962537
4128.09496946099,203077533305554.06,632798185245.0194,0.0,-122069.88507653207,-122069.88507653207,3927150.1553214598,9.445893610712806e-06,4257.403540127236,4255.844855796747,-1.1745136415675243e-05,0.0003778566209853693,0.00037785218305993426,0.9996338885154303,1.000389601757401,0.9999766529099459
4236.56327961933,203077533305554.06,362669582302.2557,0.0,-71676.58478119013,-71676.58478119013,3679618.293404993,9.191846366594284e-06,4369.269514887025,4367.752751360955,-6.896469719267689e-06,0.0003540399729758111,0.00035403753136669655,0.9996528564967434,1.000360936442695,0.9999863325441045
4347.881663333546,203077533305554.06,198950255471.66437,0.0,-40252.133351221644,-40252.133351221644,3463054.5973016596,8.949300647795281e-06,4484.074838992256,4482.598098382694,-3.872919163769563e-06,0.00033320297331924725,0.0003332016828560643,0.9996706699458445,1.000337075892483,0.9999923652291846
4462.125008091624,203077533305554.06,104159369304.40887,0.0,-21555.75372277122,-21555.75372277122,3269819.1279713684,8.716106241611018e-06,4601.8967457088365,4600.4584849384355,-2.0740190576727296e-06,0.00031461053386369777,0.0003146098813568081,0.999687463485194,1.0003166845529212,0.9999959509537661
4579.370169097735,203077533305554.06,51885471287.10231,0.0,-10974.192199888801,-10974.192199888801,3094243.4425359108,8.490763599473329e-06,4722.814497655658,4721.4134210903485,-1.0558983025069868e-06,0.0002977172569066313,0.00029771694254781704,0.9997033386413958,1.000298773155209,0.9999979768419385
4699.696020975217,203077533305554.06,24512778065.110733,0.0,-5294.551053164834,-5294.551053164834,2932309.1532225874,8.272260541529869e-06,4846.909440127126,4845.544419154502,-5.094231418354396e-07,0.0002821365072633595,0.0002821363635365668,0.9997183729158785,1.0002826459304053,0.9999990607553477
4823.183510828101,203077533305554.06,10946382758.11775,0.0,-2412.543484609037,-2412.543484609037,2781280.069133863,8.0599282673993e-06,4974.265055816786,4972.935072184427,-2.3212647671222535e-07,0.00026760501823767203,0.0002676049561194764,0.9997326271082391,1.0002678371447145,0.9999996073595926
4949.915712696854,203077533305554.06,4603971199.2858305,0.0,-1034.606194223115,-1034.606194223115,2639347.166490577,7.85332545663256e-06,5104.967020978842,5103.671129257428,-9.954618110793343e-08,0.00025394873190322513,0.0002539487066236012,0.9997461508142779,1.0002540482780844,0.9999998653976044
5079.977883444963,203077533305554.06,1816963799.0770538,0.0,-416.015294736424,-416.015294736424,2505326.7247794257,7.65215252645387e-06,5239.103263065329,5237.8405672602485,-4.002753328245745e-08,0.0002410537548218619,0.0002410537451730751,0.9997589862727114,1.0002410937823552,0.9999999780518449
5213.45752011402,203077533305554.06,670177211.0479137,0.0,-156.23143231016803,-156.23143231016803,2378429.539385237,7.4561931177401825e-06,5376.764019877797,5375.533659696253,-1.5032040734279576e-08,0.00022884415249213453,0.00022884414905213995,0.9997711708795486,1.0002288591845327,1.0000000223055652
5350.444418785804,203077533305554.06,230062427.4301656,0.0,-54.569222454601714,-54.569222454601714,2258100.5699168784,7.2652771981577025e-06,5518.041900273184,5516.843043479733,-5.250459287520401e-09,0.00021726652087334966,0.00021726651973260068,0.9997827387295859,1.0002172717713325,1.0000000367038242
5491.030734991024,203077533305554.06,73180762.20392074,0.0,-17.649887278547414,-17.649887278547414,2143917.1064654295,7.0792595565608234e-06,5663.031946464805,5661.863784785559,-1.698210280757313e-09,0.0002062801882999166,0.00020628018794960947,0.9997937215099104,1.00020628188651,1.0000000391550972
5635.311045705326,203077533305554.06,21469395.159715973,0.0,-5.261857234326036,-5.261857234326036,2035529.453501966,6.898008218599272e-06,5811.831697960331,5810.693444898735,-5.062774571977395e-10,0.00019585150829392974,0.00019585150819477454,0.9998041489979835,1.0001958520145713,1.0000000373452598
5783.382412974306,203077533305554.06,5780678.3886276325,0.0,-1.438847843860205,-1.438847843860205,1932629.136019969,6.721398677934864e-06,5964.541257179786,5963.432146784304,-1.3844089553244956e-10,0.0001859508004716472,0.00018595080044590402,0.9998140493379692,1.0001859509389124,1.0000000343008197
5935.344449210283,203077533305554.06,1421085.3190135853,0.0,-0.3590264448275345,-0.3590264448275345,1834933.1196274182,6.549311232515027e-06,6121.26335679768,6120.182642869033,-3.454426592349579e-11,0.0001765508322560701,0.00017655083224997129,0.9998234492022882,1.0001765508668004,1.0000000311011088
6091.299384204815,203077533305554.06,317223.43308820826,0.0,-0.08130281818739532,-0.08130281818739532,1742176.44296452,6.381629830830531e-06,6282.103428854629,6281.050384343413,-7.822672152030904e-12,0.00016762610999400366,0.00016762610999269237,0.9998323738978286,1.0001676261178167,1.0000000280828683
6251.352133901973,203077533305554.06,63929.86782799703,0.0,-0.016613151352975256,-0.016613151352975256,1654108.8499260698,6.218241586402699e-06,6447.169675684883,6446.143592169299,-1.5984591843649295e-12,0.0001591525549202992,0.00015915255492004478,0.9998408474466781,1.0001591525565188,1.0000000253263395
6415.610370978727,203077533305554.06,11560.761023964682,0.0,-0.0030445696331545826,-0.0030445696331545826,1570493.1490663646,6.059036561212185e-06,6616.573142707575,6615.573329906899,-2.929378171037334e-13,0.000151107345305546,0.00015110734530550174,0.9998488926549874,1.0001511073455984,1.0000000228328445
6584.184597279835,203077533305554.06,1863.8760018145103,0.0,-0.0004972105468750909,-0.0004972105468750909,1491104.2570894435,5.903907647798276e-06,6790.427793130567,6789.453578438075,-4.7839855806361654e-14,0.00014346882442405542,0.00014346882442404856,0.9998565311756238,1.0001434688244717,1.0000000205832085
6757.1882181560195,203077533305554.06,266.09986750272583,0.0,-7.18709050811495e-05,-7.18709050811495e-05,1415728.498950205,5.752750484830826e-06,6968.850584617186,6967.90131264701,-6.915166537323402e-15,0.00013621643321204389,0.00013621643321204294,0.9998637835667948,1.0001362164332188,1.0000000185549034
6934.737618755426,203077533305554.06,33.40066076514003,0.0,-9.12973831173719e-06,-9.12973831173719e-06,1344163.0078529736,5.605463383778615e-06,7151.96154796745,7151.036580113535,-8.784314152793847e-16,0.00012933065253759835,0.00012933065253759824,0.9998706693474633,1.0001293306525385,1.0000000167264163
7116.952242319691,203077533305554.06,3.658150550005363,0.0,-1.011526625566481e-06,-1.011526625566481e-06,1276215.1733828443,5.46194725979641e-06,7339.883867866681,7338.982581873141,-9.732554591918758e-17,0.00012279295010180882,0.00012279295010180882,0.9998772070498982,1.0001227929501018,1.0000000150781088
7303.9546705372895,203077533305554.06,0.3468132997826353,0.0,-9.697264347061955e-08,-9.697264347061955e-08,1211702.121889948,5.322105564926761e-06,7532.74396575584,7531.865755298351,-9.330367808874346e-18,0.00011658573044316412,0.00011658573044316412,0.9998834142695568,1.0001165857304433,1.0000000135922327
7495.870706008183,203077533305554.06,0.028222618673248916,0.0,-7.976660006861344e-09,-7.976660006861344e-09,1150450.224080765,5.185844223124307e-06,7730.671584879305,7729.815859157202,-7.674862629985291e-19,0.00011069228755971407,0.00011069228755971407,0.9998893077124403,1.0001106922875598,1.0000000122527826
7692.829456875359,203077533305554.06,0.0019539061969697275,0.0,-5.580038867496385e-10,-5.580038867496385e-10,1092294.627678949,5.053071566963904e-06,7933.799877567408,7932.966060906237,-5.368917785285503e-20,0.00010509675994333231,0.00010509675994333231,0.9998949032400567,1.0001050967599434,1.000000011045329
7894.963423680033,203077533305554.06,0.00011400897168907555,0.0,-3.2887308855818916e-11,-3.2887308855818916e-11,1037078.8137397425,4.92369827597249e-06,8142.26549481229,8141.453026276534,-3.164301568842038e-21,9.978408788984482e-05,9.978408788984482e-05,0.9999002159121102,1.0000997840878898,1.0000000099568642
8102.408588499071,203077533305554.06,5.551397418642681e-06,0.0,-1.616961805862707e-12,-1.616961805862707e-12,984654.1753970395,4.797637316540237e-06,8356.208678197474,8355.41701121319,-1.5557839656265218e-22,9.473997296754888e-05,9.473997296754888e-05,0.9999052600270325,1.0000947399729676,1.0000000089756624
8315.304506424542,203077533305554.06,2.2323142937255534e-07,0.0,-6.563254474895536e-14,-6.563254474895536e-14,934879.6179054271,4.67480388337021e-06,8575.77335424292,8575.001956230046,-6.314933375263651e-24,8.995083953466054e-05,8.995083953466054e-05,0.9999100491604653,1.0000899508395347,1.0000000080911535
8533.794399446955,203077533305554.06,7.3317832780061116e-09,0.0,-2.1752241343318264e-15,-2.1752241343318264e-15,887621.1789002741,4.555115342427096e-06,8801.107231229063,8800.355583243132,-2.092924407717662e-25,8.540379820207146e-05,8.540379820207146e-05,0.9999145962017979,1.000085403798202,1.000000007293809
8758.025252805346,203077533305554.06,1.9440741765931403e-10,0.0,-5.818448293546893e-17,-5.818448293546893e-17,842751.6678537895,4.438491175346605e-06,9032.36189856498,9031.629494948007,-5.5983069773856256e-27,8.108661114307484e-05,8.108661114307484e-05,0.999918913388857,1.0000810866111431,1.0000000065750385
8988.147913869014,203077533305554.06,4.110876716364169e-12,0.0,-1.2408045919689982e-18,-1.2408045919689982e-18,800150.3237566827,4.324852925268153e-06,9269.692928767485,9268.979276807799,-1.1938586809298047e-28,7.698765915669475e-05,7.698765915669475e-05,0.9999230123408434,1.0000769876591566,1.0000000059270997
9224.31719361741,203077533305554.06,6.843064663552586e-14,0.0,-2.0824459742969695e-20,-2.0824459742969695e-20,759702.4901041215,4.2141241440544e-06,9513.259982119798,9512.56460172057,-2.0036565145496164e-30,7.309591039597439e-05,7.309591039597439e-05,0.999926904089604,1.000073095910396,1.000000005343012
9466.69197078656,203077533305554.06,8.845621109783982e-16,0.0,-2.713250288423323e-22,-2.713250288423323e-22,721299.306311232,4.106230340862084e-06,9763.226914080238,9762.549337436518,-2.6105943122189975e-32,6.940089067705725e-05,6.940089067705725e-05,0.9999305991093229,1.000069400890677,1.0000000048164839
9715.435298751909,203077533305554.06,8.752022892845449e-18,0.0,-2.705186039363347e-24,-2.705186039363347e-24,684837.4147276495,4.001098932029632e-06,10019.761885513073,10019.101656797071,-2.602835174472614e-34,6.589265528915428e-05,6.589265528915428e-05,0.9999341073447109,1.0000658926552892,1.000000004341842
9970.71451521962,203077533305554.06,6.528121632823355e-20,0.0,-2.032811489324937e-26,-2.032811489324937e-26,650218.6824625641,3.8986591922477705e-06,10283.037475815796,10282.394150870237,-1.955899953088711e-36,6.256176222952498e-05,6.256176222952498e-05,0.9999374382377705,1.0000625617622296,1.000000003913974
10232.701354800098,203077533305554.06,3.612457070321492e-22,0.0,-1.1329971482902692e-28,-1.1329971482902692e-28,617349.9372715892,3.798842206980314e-06,10553.230799018897,10552.603945058218,-1.0901301379039765e-38,5.939924679143773e-05,5.939924679143773e-05,0.9999406007532086,1.0000593992467914,1.0000000035282706
10501.572064539365,203077533305554.06,1.458159142831888e-24,0.0,-4.605208059017402e-31,-4.605208059017402e-31,586142.7167946373,3.7015808261031372e-06,10830.523622936158,10829.912818255367,-4.430969754892066e-41,5.639659743671723e-05,5.639659743671723e-05,0.9999436034025633,1.0000563965974367,1.0000000031805762
10777.507522486301,203077533305554.06,4.217407019359622e-27,0.0,-1.3409503932485386e-33,-1.3409503932485386e-33,556513.0304698709,3.6068096187300677e-06,11115.102491445889,11114.50732513686,-1.2902154602245396e-43,5.354573288793957e-05,5.354573288793957e-05,0.999946454267112,1.0000535457328878,1.0000000028671456
11060.693359375,203077533305554.06,8.577303630044364e-30,0.0,-2.7450422375123522e-36,-2.7450422375123522e-36,528381.133483009,3.5144648291954628e-06,11407.158849984864,11406.578921659913,-2.6411834111385833e-46,5.083898037862686e-05,5.083898037862686e-05,0.9999491610196214,1.0000508389803786,1.000000002584602
