radius_kpc,baryon_projected_mass_Msun,field_equivalent_projected_mass_Msun,baryon_surface_density_Msun_kpc2,field_equivalent_surface_density_Msun_kpc2,sigma_Msun_kpc2,delta_sigma_Msun_kpc2,alpha_rad,theta_arcsec,beta_arcsec,kappa,gamma_t,reduced_shear_t,lambda_t,lambda_r,signed_magnification
1.0,1334073227.4332323,5703610536.802564,424348373.6889314,1815446919.3919675,2239795293.080899,369024.9105091095,1.3471297349383817e-06,1.0313240300000002,0.8090316672528827,0.2155052513069002,3.550628324090312e-05,4.5260064901713503e-05,0.7844592424098589,0.7845302549763407,1.6248748596406428
1.0264513812918705,1405529513.8503487,6009325778.649197,424316094.71351475,1815439554.6119823,2239755649.325497,388885.98486089706,1.382750966154886e-06,1.0586039751529985,0.8304336873287984,0.21550143692373003,3.741724619034281e-05,4.769574853473002e-05,0.7844611458300796,0.7845359803224603,1.624859059137648
1.053602438155989,1480810149.7336102,6331426761.139313,424282072.13111746,1815431795.1176667,2239713867.248784,409820.5524497032,1.41931343047988e-06,1.0866055125368603,0.8524019850239589,0.21549741679877932,3.943149689582637e-05,5.0263055521019744e-05,0.7844631517043248,0.7845420146981165,1.6248424066509346
1.0814716779776976,1560119479.4528947,6670791652.241386,424246210.98548746,1815423619.7574959,2239669830.7429833,431887.1537704468,1.456841943155309e-06,1.1153477292628216,0.8749515526407472,0.2154931797605649,4.155466791855619e-05,5.29691608109583e-05,0.7844652655715165,0.7845483749073536,1.6248248559488776
1.1100780976882447,1643672728.7220557,7028345675.613658,424208411.0620935,1815415006.2468662,2239623417.30896,455147.5799331665,1.4953619691109026e-06,1.1448502173225743,0.8980977801558235,0.2154887140226494,4.3792704582526204e-05,5.582163745161281e-05,0.7844674932727681,0.7845550786819332,1.6248063582582473
1.1394411967139508,1731696579.8606892,7405063631.114786,424168566.5870607,1815405931.1074173,2239574497.694478,479667.0598039627,1.5348996395947564e-06,1.1751330869430545,0.9218564658306686,0.21548400714883584,4.615188298056722e-05,5.88284794715753e-05,0.7844698409681836,0.7845621447341447,1.6247868621207167
1.1695809902678969,1824429776.996688,7801972550.223136,424126565.9077362,1815396369.603115,2239522935.5108514,505514.4586958885,1.5754817691975025e-06,1.2062169802944782,0.9462438271104305,0.21547904601628293,4.8638829091688e-05,6.199812617458464e-05,0.7844723151546253,0.7845695928128087,1.62476631324084
1.2005180229931964,1922123762.713716,8220154493.574737,424082291.15363264,1815386295.672948,2239468586.8265805,532762.4894347191,1.6171358732765897e-06,1.238123085560976,0.971276511819347,0.2154738167764063,5.1260539089083615e-05,6.533948794220692e-05,0.7844749226845046,0.7845774437626828,1.6247446543249477
1.2322733829671522,2025043347.71673,8660749498.21336,424035617.8763975,1815375681.8600028,2239411299.7364,561487.9366111755,1.6598901857868983e-06,1.2708731513834168,0.9969716096613059,0.21546830481341395,5.4024400916898316e-05,6.886197364409813e-05,0.7844776707856691,0.784585719587503,1.6247218249103434
1.2648687160758394,2133467415.1602645,9124958682.551134,423986414.6673491,1815364499.2367563,2239350913.904105,591771.894990921,1.70377367752382e-06,1.3044895016842606,1.0233466640343747,0.2154624947003182,5.69382172291996e-05,7.257551977384438e-05,0.7844805670824526,0.784594443516911,1.6246977611841562
1.2983262407689202,2247689661.35791,9614047517.46302,423934542.75099564,1815352717.326301,2239287260.0772967,623700.0230231285,1.7488160747845217e-06,1.3389950508845532,1.0504196841684643,0.2154563701522466,6.001022978168389e-05,7.649062142449533e-05,0.7844836196179716,0.784603640077535,1.6246723957911295
1.3326687632047398,2368019374.6675324,10129349272.390518,423879855.55281866,1815340304.019604,2239220159.5724225,657362.8128595352,1.7950478784534066e-06,1.374413319523428,1.078209157595505,0.21544991397689417,6.32491454119634e-05,8.061836527553532e-05,0.7844868368776938,0.7846133351685178,1.6246456576297088
1.367919692796034,2494782254.425038,10672268645.792784,423822198.23946524,1815327225.4879608,2239149423.727426,692855.8774766922,1.8425003835160378e-06,1.4107684502907678,1.106734062962079,0.21544310802185912,6.666416366546242e-05,8.497046466238906e-05,0.7844902278144754,0.7846235561418063,1.6246174716353758
1.4041030581668403,2628321271.879856,11244285589.7944,423761407.22932065,1815313446.0911934,2239074853.320514,730280.2570185661,1.8912056990075428e-06,1.4480852244839502,1.136013883194442,0.215435933118719,7.02650062706286e-05,8.955929698633647e-05,0.7844938018750104,0.7846343318875516,1.6245877585506503
1.4412435235314929,2768997575.167537,11846959339.385607,423697309.671259,1815298928.2805684,2238996237.9518275,769742.7449731827,1.9411967683985822e-06,1.486389078899899,1.1660686190266507,0.21542836902353685,7.406194852250607e-05,9.439794353809347e-05,0.7844975690279407,0.7846456929249858,1.6245564346805017
1.4793664055068634,2917191440.4388995,12481932657.097,423629722.8891715,1815283632.4968085,2238913355.38598,811356.236433506,1.9925073904237315e-06,1.5257061231739526,1.1969188029024989,0.2154203943536029,7.80658527911765e-05,9.950023200878365e-05,0.7845015397936059,0.7846576714991882,1.6245234116323848
1.5184976903693095,3073303271.350748,13150936304.638634,423558453.78965026,1815267517.0625386,2238825970.852189,855240.0997395515,2.0451722403548336e-06,1.5660631575773685,1.2285855132626682,0.21541198652009547,8.228820427986025e-05,0.00010488078184483743,0.7845057252756247,0.7846703016841845,1.62448859603961
1.558664051768093,3237754649.2097054,13855793753.609343,423483298.2299624,1815250538.0689986,2238733836.298961,901520.5735135078,2.099226891722001e-06,1.6074876912855984,1.261090389228781,0.2154031216563694,8.674114922624406e-05,0.00011055505269070668,0.7845101371944043,0.7846836194928568,1.6244518892668822
1.5998928689073426,3410989436.1485443,14598426148.022526,423404040.3431704,1815232649.2567067,2238636689.5998774,950331.1911473274,2.1547078384839647e-06,1.6500079611297822,1.2944556456965228,0.2153937745415396,9.143753574518893e-05,0.00011653939616877273,0.7845147879227152,0.7846976629942055,1.624413187096644
1.6422122452089554,3593474933.8021135,15380857532.072212,423320451.816955,1815213801.889842,2238534253.706797,1001813.2351107597,2.211652517648743e-06,1.6936529508442482,1.3287040888504646,0.21538391851900518,9.63909575406564e-05,0.00012285111128325913,0.7845196905234542,0.7847124724385355,1.624372379394816
1.6856510274691563,3785703100.037979,16205220357.26889,423232291.1223568,1815193944.62378,2238426235.7461367,1056116.2233271599,2.2700993323439663e-06,1.738452410823131,1.363859132113805,0.21537352540949659,0.00010161580070308387,0.0001295085037197058,0.7845248587898004,0.7847280903912065,1.6243293497542204
1.7302388255217762,3988191826.383894,17073761283.831402,423139302.68825746,1815173023.3656943,2238312326.0539517,1113398.4307165146,2.3300876753360334e-06,1.7844368783995852,1.399944812546643,0.2153625654182347,0.00010712729389042623,0.0001365309494155453,0.7845303072878749,0.7847445618756557,1.6242839751140545
1.7760060324216511,4201486278.879915,17988847292.001076,423041216.0170057,1815150981.1276891,2238192197.144695,1173827.4487524033,2.39165795299509e-06,1.831637698661408,1.4369858077070965,0.21535100703570811,0.0001129415621667651,0.00014393896274573424,0.7845360514021251,0.7847619345264587,1.6242361253534003
1.8229838451618985,4426160305.166037,18952972119.776367,422937744.73609245,1815127757.8720884,2238065502.608181,1237580.7865056992,2.454851609701752e-06,1.8800870458172652,1.4750074529901294,0.21533881693154328,0.00011907568483262672,0.00015175426974350294,0.7845421073836241,0.7847802587532893,1.6241856628566762
1.871204285939196,4662817910.696116,19968763044.437767,422828585.58024406,1815103290.3485105,2237931875.928755,1304846.5169739723,2.519711152689853e-06,1.929817945128084,1.5140357594595968,0.2153259598408886,0.00012554775761253135,0.00015999988681551582,0.7845484924014989,0.784799587916724,1.6241324420486736
1.9207002239815563,4912094807.043774,21038988026.148773,422713417.29765904,1815077511.922255,2237790929.219914,1375823.9729046822,2.5862801773174668e-06,1.9808642954185613,1.554097432189735,0.21531239844266462,0.00013237695960466162,0.00016870020546003124,0.7845552245977307,0.7848199785169401,1.6240763088965966
1.9715053979534733,5174660035.334869,22166563232.884064,422591899.473436,1815050352.3935518,2237642251.8669877,1450724.496849537,2.654603392756478e-06,2.03326089218413,1.5952198891330445,0.2152980932289672,0.00013958362544846354,0.00017788108356055324,0.7845623231455843,0.7848414903964812,1.6240171003762143
2.023654438953722,5451217667.902183,23354560966.950745,422463671.26239955,1815021737.8072157,2237485409.0696154,1529772.2507314682,2.724726648088562e-06,2.0870434513091416,1.6374312805323274,0.21528300236482983,0.00014718932321834287,0.00018756994389303896,0.7845698083119519,0.7848641869583886,1.6239546438989483
2.077182894121473,5742508591.308675,24606218014.435608,422328350.0226395,1814991590.2521913,2237319940.274831,1613205.0909070969,2.796696958792769e-06,2.142248633412421,1.6807605088954767,0.21526708153746063,0.0001552169386191079,0.00019779588056941883,0.7845777015239203,0.7848881354011584,1.6238887566963387
2.1321272508668314,6049312373.924631,25924944440.030552,422185529.84000814,1814959827.6503603,2237145357.4903684,1701275.51527977,2.870562533606601e-06,2.198914068836802,1.7252372495526147,0.21525028379395447,0.00016369076611386581,0.0002085897742088343,0.7845860254399317,0.7849134069721594,1.6238192451578644
2.1885249617422975,6372449221.267233,27314332850.87615,422034779.932606,1814926363.5342462,2236961143.466852,1794251.6902689934,2.946372801739777e-06,2.257078383299662,1.7708919718160367,0.21523255936638971,0.0001726366077354212,0.00021998441677962177,0.7845948040258749,0.7849400772413456,1.6237459041177584
2.2464144699721196,6712782022.316033,28778168154.293976,421875642.92289907,1814891106.812825,2236766749.735724,1892418.5659832954,3.0241784404150905e-06,2.3167812242219603,1.8177559607646796,0.21521385548304436,0.00018208188038429973,0.00023201464711940486,0.7846040626365713,0.7849682263973399,1.623668516085724
2.3058352356569274,7071218490.000223,30320437835.590103,421707632.96348363,1814853961.5249398,2236561594.4884233,1996079.089439869,3.1040314027070566e-06,2.3780632877537022,1.8658613396758792,0.2151941161643383,0.00019205573256048913,0.0002447174983217959,0.7846138281031012,0.7849979395682223,1.6235868504159736
2.366827762671519,7448713399.009117,31945342783.481346,421530233.70063794,1814814826.579654,2236345060.280292,2105555.526983261,3.185984945643969e-06,2.4409663465142746,1.9152410931285355,0.21517328200191105,0.0002025891716019296,0.0002581323583359746,0.784624128826487,0.7850293071696909,1.6235006624082118
2.429433626274128,7846270923.999828,33657308692.13351,421342896.0576151,1814773595.482802,2236116491.540417,2221190.9084911346,3.270093658533006e-06,2.505533278066548,1.9659290908032352,0.2151512899190275,0.0002137152026409293,0.00027230114529828357,0.7846349948783315,0.7850624252836134,1.6234096923333123
2.493695501445997,8264947081.160024,35460998070.31955,421145035.81707275,1814730156.049048,2235875191.866121,2343350.608045101,3.356413491462088e-06,2.5718080941441563,2.017960112006388,0.21512807291026326,0.00022546898069077099,0.00028726849936753113,0.784646458109046,0.7850973960704275,1.6233136643754915
2.559657191980567,8705852275.920708,37361322889.796646,420936030.97902536,1814684390.0987582,2235620421.0777836,2472424.077911854,3.4450017839248154e-06,2.639835970651882,2.0713698709471573,0.21510355975813017,0.00023788797748329772,0.00030308199309706554,0.7846585522643865,0.7851343282193531,1.6232122854815976
2.627363660342124,9170153959.395262,39363457906.66676,420715218.86717343,1814636173.1387522,2235351392.0059257,2608826.755168438,3.535917293506083e-06,2.709663278459591,2.126195042797929,0.21507767472394035,0.0002510121649177127,0.0003197923626766902,0.7846713131111419,0.7851733374409774,1.623105244106697
2.6968610583142385,9659079395.835201,41472854691.25054,420481892.9522575,1814585374.0262494,2235067266.978507,2753002.1636919975,3.6292202245571452e-06,2.7813376150107056,2.182473290571061,0.21505033720982664,0.000264884217306664,0.0003374537627866601,0.7846847785728667,0.78521454700748,1.6229922088436235
2.7681967584589056,10173918543.028486,43695256403.837524,420235299.35611707,1814531854.614978,2234767153.971095,2905424.2377228737,3.7249722567771947e-06,2.8549078367667753,2.240243292847151,0.2150214613883252,0.0002795497349413403,0.0003561240482265366,0.7846989888767335,0.7852580883466161,1.6228728269220822
2.8414193864078223,10716027047.105125,46036713355.62445,419974632.9941545,1814475469.3826835,2234450102.376838,3066599.8980054855,3.823236573606801e-06,2.9304240925102425,2.2995447723925535,0.2149909557953772,0.0002950574919587157,0.00037586508606110423,0.7847139867126641,0.7853041016965815,1.622746722560741
2.9165788540078084,11286829352.640827,48503599396.17089,419699033.3067614,1814416065.0388954,2234115098.345657,3237071.9166555405,3.924077890323027e-06,3.007937857528115,2.3604185257070203,0.2149587228818821,0.0003114597119890298,0.000396743102646012,0.7847298174061288,0.7853527368301069,1.6226134951527984
2.9937263933429756,11887821928.23743,51102629170.85334,419407579.52162325,1814353480.1121173,2233761059.6337404,3417422.1138706207,4.027562481710325e-06,3.087501968699843,2.422906453545556,0.2149246585181344,0.00032881237573207354,0.0004188290707378799,0.7847465291061335,0.7854041538575978,1.622472717262351
3.0729145916568275,12520576606.883617,53840876294.01781,419099285.37832344,1814287544.5151978,2233386829.8935213,3608274.9373235703,4.133758209160458e-06,3.169170660513324,2.487051592462612,0.21488865144442476,0.0003471755653538734,0.0004421991428255327,0.7847641729902214,0.7854585241209291,1.6223239324046486
3.1541974271980946,13186744039.324501,56725792485.89589,418773093.2338669,1814218079.0878596,2232991172.3217263,3810301.485346794,4.242734547032739e-06,3.2529996020335705,2.552898147431006,0.214850582659878,0.000366613851583381,0.0004669351380599269,0.7847828034885387,0.7855160311917054,1.6221666525784817
3.237630306014749,13888057257.355442,59765227723.80803,418427867.45200545,1814144895.115222,2232572762.5672274,4024224.0471668243,4.354562608078552e-06,3.3390459348492643,2.620491525593123,0.21481032474007117,0.0003871967305579268,0.0004931250916280189,0.7848024785293709,0.7855768719904868,1.6220003555128415
3.3232700997212605,14626335342.349413,62967451460.75416,418062386.95978534,1814067793.8209925,2232130180.780778,4250821.2486867905,4.4693151677019085e-06,3.4273683120230323,2.6898783712079193,0.21476774107208718,0.00040899911893237047,0.0005208638772568793,0.7848232598089805,0.7856412580468451,1.6218244815823848
3.41117518426486,15403487192.367323,66341174967.21153,417675336.83050215,1813986565.8340995,2231661902.664602,4490933.911661148,4.587066686790504e-06,3.518026938072028,2.761106601864103,0.21472268499333758,0.00043210191762835335,0.0005502539158726205,0.7848452130890341,0.7857094169242907,1.6216384303369584
3.5014054797172163,16221515378.80415,69895574854.7925,417265298.7218473,1813900990.6274107,2231166289.349258,4745471.75825882,4.707893332806299e-06,3.6110836100060433,2.834225446038055,0.21467499881754992,0.00045659265692386055,0.0005814059863577207,0.7848684085255262,0.785781593839374,1.6214415565786209
3.5940224911186616,17082520080.590256,73640317843.38617,416830739.959576,1813810835.9270575,2230641575.8866334,5015421.123828888,4.831872998769937e-06,3.7066017594511376,2.909285482084802,0.21462451272760397,0.00048256623854849815,0.0006144401580757856,0.7848929210338476,0.7858580535109445,1.6212331659047146
3.6890893504028,17988703080.366257,77585586836.52937,416370001.0080054,1813715857.0909305,2230085858.098936,5301853.880355835,4.959085319707788e-06,3.804646495887498,2.986338678761918,0.21457104351018783,0.0005101257942670744,0.0006494868696296801,0.7849188306955451,0.7859390822840793,1.6210125096166104
3.7866708594300835,18942371802.614372,81742108373.00682,415881281.0055661,1813615796.45473,2229497077.460296,5605937.824334621,5.089611686049429e-06,3.9052846510309975,3.065438437400343,0.2145143931011586,0.0005393836853645243,0.0006866881845156314,0.7849462232134768,0.7860249905842059,1.620778778869297
3.8868335341596834,19945943368.240334,86121181526.09962,415362620.9616657,1813510382.6439786,2228873003.605644,5928948.849966049,5.223535253364395e-06,4.0085848243887074,3.146639635853213,0.2144543469026081,0.000570462673908093,0.0007261992624601376,0.7849751904234838,0.7861161157713,1.6205310979052967
3.98964564998977,21001948633.271576,90734708325.46667,414811884.10353255,1813399329.850242,2228211213.9537745,6272285.317228317,5.360940947703299e-06,4.114617430019419,3.229998674375037,0.21439067182226523,0.0006034973051928128,0.0007681900959509466,0.7850058308725419,0.7862128254829276,1.6202685161747161
4.095177288297102,22113036170.784782,95595225780.3776,414226732.7188436,1813282337.069752,2227509069.7885957,6637485.142992973,5.501915465653445e-06,4.22345474453104,3.3155735236099138,0.21432311397211795,0.0006386355521887652,0.0008128475758240665,0.7850382504756933,0.7863155215800708,1.6199899990879296
4.203500384207658,23281976144.38289,100715939586.92993,413604600.64797556,1813159087.302619,2226763687.9505944,7026246.303963184,5.646547268022661e-06,4.33517095634759,3.4034237749007707,0.21425139594466505,0.000676040788261927,0.0008603779692038982,0.785072563267073,0.7864246448435969,1.6196944170730976
4.314688775630859,24511664007.795414,106110759605.9448,412942660.31827235,1813029246.7105947,2225971907.028867,7440451.660163403,5.794926565811419e-06,4.449842216279384,3.493610693174313,0.21417521356003194,0.0007158941756033246,0.0009110099197132086,0.7851088922643648,0.7865406806155715,1.6193805325093804
4.4288182535908245,25805123947.49056,111794337202.50237,412237782.8515475,1812892463.7313366,2225130246.582884,7882199.314069748,5.947145296804611e-06,4.567546689430851,3.586197272711479,0.2140942319424319,0.0007583975862781331,0.0009649981169531002,0.7851473704712899,0.7866641656438462,1.6190469839668222
4.545966613888951,27165511962.15779,117782104542.53061,411486489.2690942,1812748368.1470912,2224234857.4161854,8353840.153499603,6.103297090680126e-06,4.6883646084814075,3.681248296185807,0.21400808073567523,0.0008037772144709035,0.0010226278346770097,0.7851881420498539,0.7867956964787957,1.6186922669874213
4.666213710133042,28596118442.521736,124090315946.47755,410684890.0944755,1812596570.1054494,2223281460.199925,8858024.848992348,6.2634772199479695e-06,4.812378328375661,3.778830397449271,0.21391634819774188,0.0008522880984087833,0.0010842206124688357,0.7852313637038493,0.7869359399006669,1.6183147103612074
4.789641508169125,30100370074.198997,130736091404.95088,409828609.6003171,1812436659.0899377,2222265268.6902547,9397763.48985815,6.427782533239891e-06,4.939672382460261,3.8790121286771284,0.21381857381302738,0.0009042198583330722,0.001150141466351594,0.7852772063286395,0.7870856460453057,1.6179124464425063
4.916334141953077,31681830830.702633,137737462366.22845,408912689.3775643,1812268202.837926,2221180892.2154903,9976502.411344051,6.59631136636398e-06,5.070333540105639,3.98186403266671,0.21371423890999972,0.0009599040885398184,0.0012208081794704475,0.7853258570014605,0.7872456651785401,1.6174833734434626
5.046377970900118,33344201746.269318,145113419910.78708,407931463.5174363,1812090746.2033272,2220022209.7207637,10598224.865169525,6.76916342496986e-06,5.204450865851933,4.08745872134497,0.2136027545422174,0.0010197240435458415,0.001296703478344756,0.7853775214142368,0.7874169695013284,1.6170251067154322
5.1798616387512935,35091319047.841934,152883965433.4552,406878393.95864445,1811903809.9614549,2218782203.9200993,11267585.496484756,6.946439630388525e-06,5.342115780119388,4.195870961917148,0.2134834455310235,0.0010841275769902365,0.0013783913012767985,0.7854324268919863,0.7876006820459668,1.6165349145784735
5.316876133997038,36927150064.05122,161070163959.4519,405745848.5209374,1811706889.553268,2217452738.0742054,11990093.972788334,7.128241916801009e-06,5.4834221215246455,4.307177772652623,0.21335552898788746,0.0011536448097651086,0.0014665390176591543,0.7854908262023474,0.7877981158218776,1.6160096319180977
5.45751485189904,38855786085.33938,169694200226.45242,404524794.0644147,1811499453.7660818,2216024247.8304963,12772372.175317764,7.3146729626368676e-06,5.628466210845371,4.42145853117198,0.2132180846643321,0.0012289128760695617,0.0015619485553951323,0.7855530024595984,0.7880108282117374,1.6154455408543875
5.601873658152669,40881430968.22713,178779437670.94565,403204359.6612705,1811280943.347849,2214485303.0091195,13622525.266775131,7.505835830717311e-06,5.777346916676853,4.53879509948425,0.21307001278852147,0.0013107116262454513,0.0016656013210146132,0.785619275585233,0.788240698837724,1.6148382009724964
5.750050954233349,43008383655.12657,188350480463.44247,401771192.6054094,1811050769.5518239,2212821962.157233,14550696.221552372,7.701833477699225e-06,5.930165722825284,4.659271972327734,0.21290997196273614,0.0014000169817317083,0.001778725345082667,0.7856900110555322,0.7884900450189957,1.6141821991504146
5.90214774447146,45241011715.50574,198433238743.66068,400208468.0745264,1810808312.6084344,2211016780.682961,15569930.464273453,7.90276806897359e-06,6.087026797483716,4.782976459395851,0.2127362837294992,0.0014980841275538026,0.001902900002366001,0.7857656321429469,0.7887618003980545,1.6134707649287627
6.058267704901429,47583711073.820816,209054997213.57364,398494284.6662353,1810552920.121024,2209047204.787259,16697596.526734352,8.108739989878814e-06,6.248037064237793,4.909998919504356,0.21254677804133099,0.0016065842029542741,0.002040228115338893,0.7858466377557147,0.7890598061616232,1.612695147398131
6.218517253932002,50040843282.01445,220244487253.18982,396598887.12504745,1810283905.381991,2206882792.507038,17957880.61439705,8.319846353560453e-06,6.413306274949686,5.040433079696123,0.2123385258792599,0.0017278443198358695,0.002193638227342079,0.7859336298009043,0.789389318440576,1.6118435365147303
6.383005624885834,52616633473.73229,232031962731.14835,394479421.2488626,1810000545.6057892,2204479966.854652,19386567.10058546,8.536178606854606e-06,6.582947084569926,5.174376505110553,0.21210733441829746,0.0018653075251546447,0.0023674640044751335,0.7860273580565479,0.7897579731068572,1.6108990255103293
6.551844940457842,55314991973.77765,244449279689.6067,392068755.9253332,1809702080.0750582,2201770836.0003915,21041380.142241,8.75781833908761e-06,6.757075127928092,5.311931367371973,0.2118466713445897,0.0020245278349345494,0.00256869794407694,0.7861288008204758,0.7901778564903449,1.6098352672960181
6.725150289143106,58139163184.6962,257529980090.54355,389246921.6131375,1809387708.1961305,2198634629.809268,23028822.525282383,8.984828912260761e-06,6.935809098554734,5.453205904530209,0.21154491657911795,0.0022157525738820865,0.002810245783778281,0.7862393308469999,0.7906708359947642,1.6086053721018339
6.903039803686364,61090870851.50904,271309379818.37814,385741040.7439906,1809056587.459957,2194797628.2039475,25599795.51883793,9.217234554863765e-06,7.119270829588229,5.598317951735853,0.21117573373559026,0.002463122582556995,0.003122523847068581,0.7863611436818527,0.7912873888469667,1.607102993908014
7.085634741606632,64166818223.819046,285824661141.8408,380289096.2654996,1808707831.304477,2188996927.569977,29966154.032505512,9.454931454157506e-06,7.307585376821761,5.747409695113684,0.21061761065544019,0.0028832382921000856,0.003652524215157747,0.7864991510524597,0.79226562763666,1.6048369952803876
7.273059567851794,67354901239.16252,301114969846.15485,375940399.60153794,1808340506.8742743,2184280906.475812,32985211.610595226,9.697605481101921e-06,7.500881103946971,5.900661333367751,0.21016385163817364,0.0031737214287001613,0.0040182023009236465,0.7866624269331262,0.7930098697905266,1.6029980712592637
7.465442039639528,70696384081.88963,317221517254.9262,374306568.77318525,1807953632.6733124,2182260201.446498,33276214.69018078,9.946355275071392e-06,7.699289770052458,6.058023337076715,0.20996942648400677,0.0032017207248817795,0.004052654203789449,0.7868288527911115,0.793232294240875,1.6022096237643633
7.662913293542393,74201603792.84592,334187687369.56775,372665592.127867,1807546176.1064343,2180211768.2343016,33579395.92015219,1.0201407786306871e-05,7.9029466194367135,6.219593501061133,0.2097723334212865,0.0032308917600019802,0.004088558141718967,0.7869967748187114,0.7934585583387155,1.6014109676782446
7.865607934876426,77878441596.03777,352059149362.6355,371017256.76214474,1807117050.9052784,2178134307.6674232,33895403.731672764,1.0462917428391114e-05,8.111990473796734,6.385485166947844,0.2095724474482566,0.003261296923834167,0.0041259909441487665,0.7871662556279092,0.7936888494755776,1.600601621908243
8.073664129454206,81735147072.72485,370883975670.03986,369361335.2613622,1806665114.4340813,2176026449.6954436,34224922.74864149,1.0731041992579108e-05,8.326563826855155,6.5558147910334075,0.20936963674346853,0.0032930020884898922,0.004165033676326734,0.7873373611680415,0.7939233653450214,1.5997810797104828
8.287223697764897,85780354393.27469,390712765935.7797,367697584.18365806,1806189164.8709466,2173886749.0546045,34568676.18377733,1.1005942687635015e-05,8.546812941490396,6.730702034840672,0.20916376224871,0.0033260768389616908,0.004205771916091316,0.7875101609123283,0.7941623145902517,1.5989488071701181
8.5064322116455,90023099155.12247,411598777071.454,366025742.25426114,1805687938.2599719,2171713680.514233,34927428.52370024,1.128778417675687e-05,8.77288794943605,6.91026985872515,0.2089546772116325,0.0033605947314721612,0.004248296064284092,0.7876847280568954,0.7944059175198397,1.5981042415346371
8.731439093509186,94472835832.4413,433598059701.4099,364345528.1735896,1805160105.429726,2169505633.6033154,35301988.587607384,1.1576734611126047e-05,9.00494295361744,7.094644618675521,0.20874222667836065,0.0033966335877690713,0.004292701698853794,0.7878611397338703,0.7946544069094085,1.5972467893630211
8.962397718198343,99139455838.57368,456769601272.8434,362656637.89524597,1804604268.7734838,2167260906.66873,35693213.08641052,1.1872965659541886e-05,9.243136133195119,7.283956166467062,0.20852624692179647,0.0034342758375730765,0.00433908998778099,0.7880394772406305,0.7949080289157766,1.5963758244355866
9.199465517531797,104033306195.68819,481175476118.4819,360958741.1509694,1804018958.8867252,2164977700.0376945,36102010.88028669,1.2176652533500326e-05,9.487629851386929,7.478337953345447,0.20830656478373374,0.003473608928224325,0.004387568184489798,0.788219826288042,0.7951670441444906,1.5954906853394264
9.442804087617446,109165208796.2869,506881002767.5266,359251476.86186874,1803402631.0574403,2162654107.919309,36529348.257611275,1.2487974006930734e-05,9.738590766142098,7.6779271374440095,0.20808299689565296,0.003514725832602889,0.004438250244438521,0.7884022772717442,0.7954317289369499,1.5945906725920656
9.692579299003448,114546480225.82597,533954908808.2427,357534446.8203714,1802753661.6048722,2160288108.4252434,36976255.791680336,1.2807112429585908e-05,9.996189943742811,7.88286469517583,0.20785534871854688,0.0035577257088585546,0.004491257629655415,0.7885869255725946,0.7957023769903118,1.5936750450689992
9.94896140974308,120188952090.23587,562469503612.9019,355807206.52157414,1802070344.0624795,2157877550.5840535,37443837.79903364,1.3134253732722238e-05,10.260602975410714,8.09329553690293,0.2076234132934836,0.0036027148104575014,0.00454672042422663,0.7887738718960589,0.7959793015169739,1.5927430153081958
10.2121251814503,126104991746.47159,592500859242.5521,354069250.9230658,1801350885.201103,2155420136.124169,37933286.44875193,1.346958742506215e-05,10.532010096997805,8.309368627293418,0.2073869694888294,0.003649807843729427,0.0046047790071980016,0.7889632226674412,0.7962628383549001,1.5917937428454012
10.482249998425155,132307523243.41747,624128999855.2051,352319990.2143735,1800593400.8884957,2152913391.102869,38445905.11173582,1.3813306575728006e-05,10.810596311843327,8.531237110994477,0.2071457792704883,0.0036991302144533133,0.004665586835181016,0.7891550905150584,0.7965533509439651,1.5908263237045106
10.75951998993021,138810048071.87677,657438099946.396,350558702.8136713,1799795911.7817416,2150354614.5954127,38983153.013726234,1.4165607777773514e-05,11.096551516880384,8.759058444756748,0.20689958276495005,0.00375082232421451,0.004729315787388981,0.7893495949108355,0.7968512395592645,1.5898397711640644
11.044124155701358,145626664726.2428,692516691755.4938,348784422.6492213,1798956338.849397,2147740761.498618,39546752.23179197,1.4526691076933476e-05,11.390070632078272,8.99299453863378,0.20664808698306134,0.0038050498652316893,0.004796169017557343,0.789546863151707,0.7971569628821703,1.5888329713937512
11.336256494778572,152772083500.48178,729457882174.4552,346995508.60950786,1798072498.7206285,2145068007.3301363,40139101.76977348,1.4896759809938675e-05,11.691353733308713,9.233211915528234,0.2063909239465376,0.0038620436612444666,0.004866430813077414,0.789747032392218,0.7974711197147069,1.5878045175444024
11.636116137744398,160261614097.6134,768359579497.8016,345188464.3142272,1797142098.859164,2142330563.1733913,40764382.17393017,1.5276019998635476e-05,12.000606188726588,9.479881947550055,0.20612753666611947,0.00392220594975866,0.004940599568458757,0.7899502573841218,0.7977946692836392,1.5867522578501525
11.943907482460364,168111255629.98505,809324730353.1595,343368250.79264635,1796162732.560455,2139530983.3531015,41418419.41347289,1.5664681456485135e-05,12.318038798758177,9.733180813419215,0.20585817090997688,0.003985135120164161,0.005018165489067079,0.790156693969859,0.7981269642101873,1.5856772411600475
12.25984033339375,176337809895.2125,852461567150.5476,341535620.5843785,1795131873.771147,2136667494.3555255,42101526.595086575,1.606295906911748e-05,12.643867939792187,9.99328943085022,0.20558265603683493,0.004050861298488569,0.0050991601949168875,0.7903664826646766,0.7984682052616536,1.5845788609999898
12.584130044629802,184958824667.82227,897883866385.5881,339689045.9643301,1794046871.730855,2133735917.6951852,42816353.72220707,1.6471071259871232e-05,12.978315711671687,10.260393857248076,0.2053005900074689,0.00411963945877267,0.005183896460689946,0.7905797705337585,0.7988190494513038,1.5834555978184972
12.91699766666679,193992617421.0728,945711218126.4055,337830590.6468899,1792904945.4370997,2130735536.0839896,43562005.93641329,1.6889239837587474e-05,13.32161008908739,10.534685466217429,0.20501190380693315,0.004191383500876188,0.005272259447590884,0.7907967126921907,0.7991794796939431,1.582307259493767
13.258670097093997,203458306245.96747,996069307006.1841,335962188.7571399,1791703177.9354444,2127665366.6925843,44337769.562301874,1.731768993675175e-05,13.673985076975473,10.816361112837672,0.20471650287083268,0.0042660247574536625,0.005364156018392506,0.7910174723717136,0.799549521886621,1.5811335555890569
13.609380235255353,213375837351.22906,1049090205032.625,334080006.5097344,1790438510.4381013,2124518516.9478357,45148747.568139315,1.7756649881939462e-05,14.0356808700259,11.105623315539367,0.204413724019943,0.004344054218222805,0.005460192501273989,0.7912422217618342,0.7999303301982797,1.5799319527750582
13.96936714100414,223766016005.39938,1104912676511.5505,332183485.833554,1789107736.2757058,2121291222.1092598,45996819.107759714,1.8206351080536616e-05,14.406944016409968,11.402680437534148,0.20410320502413243,0.0044256526887779995,0.005560586142217334,0.7914711422870896,0.8003224476646456,1.5787011196678955
14.338876197656969,234650537324.61035,1163682495364.3645,330272031.3438388,1787707494.6886082,2117979526.0324469,46883954.35672569,1.8667027887551822e-05,14.788027585838663,11.70774687718069,0.2037845652370544,0.004511009732505261,0.005665564287695966,0.7917044250304404,0.8007264444954508,1.5774396615239463
14.71815927925812,246052017267.49576,1225552775097.372,328345007.0978131,1786234264.465875,2114579271.563688,47812219.25202012,1.9138917448362868e-05,15.179191342066382,12.021043266437117,0.20345740467195236,0.004600324126618766,0.005775364875150426,0.7919422712014289,0.8011429194546664,1.57614611746553
15.107474922268253,257994023826.41144,1290684311654.8435,326401732.97553,1784684357.4422972,2111086090.4178271,48783780.495966434,1.9622259519258388e-05,15.580701919957631,12.342796677540443,0.20312130302774192,0.004693804343620513,0.005890236947548768,0.7921848926286376,0.8015725013158786,1.5748189575919052
15.507088501794545,270501108266.84222,1359245939356.3882,324441480.6288651,1783053911.8659859,2107495392.494851,49800910.85462475,2.0117296263769154e-05,15.992833007237413,12.673240838364718,0.20277581866109085,0.0047916690610934325,0.006010441194904547,0.7924325122778157,0.8020158504000026,1.5734565799664837
15.917272412482294,283598836237.3258,1431414900082.4487,322463468.93031394,1781338885.651852,2103802354.5821657,50865994.788006306,2.0624272022609727e-05,16.415865531049064,13.012616356941205,0.20242048749939148,0.004894147703420879,0.006136250526391429,0.7926853647971877,0.8024736602040294,1.572057307468753
16.338306254191437,297313818537.41986,1507377225828.736,320466858.83928007,1779535049.539165,2100001908.3784451,51981534.458452225,2.1143433054857762e-05,16.85008784944692,13.361170955659539,0.20205482188845766,0.00500148101989177,0.006267950677675037,0.7929436970916506,0.802946659131434,1.5706193844961538
16.77047702258441,311673741290.0632,1587328134700.5203,318450747.5857074,1777637980.1746364,2096088727.7603438,53150156.17562413,2.167502724778175e-05,17.295795947954154,13.719159715707422,0.20167830936737222,0.005113921704814995,0.006405840859419067,0.7932077689278128,0.8034356123374428,1.5691409734967066
17.214079304755344,326707395215.85425,1671472440360.5269,316414162.04808575,1775643053.1462173,2092057215.194303,54374617.352684975,2.2219303792488268e-05,17.753293641319882,14.086845332349757,0.20129041136107875,0.005231735066818747,0.0065502344547210605,0.7934778535721025,0.80394132370574,1.567620151307267
17.669415480033926,342444703648.57733,1760024974878.5767,314356051.17291737,1773545435.9967523,2087901487.1696696,55657814.07027316,2.2776512822285224e-05,18.222892780612973,14.464498381696835,0.2008905617788074,0.0053551997566295955,0.0067014597757100725,0.7937542384645631,0.8044646379778222,1.5660549052639456
18.136795926100785,358916748861.64343,1853211024856.777,312275277.24258566,1771340081.2512183,2083615358.493804,57002789.37566686,2.334690501034808e-05,18.704913465793844,14.852397599665943,0.20047816550300507,0.005484608565588984,0.006859860893029305,0.7940372259314059,0.805006443062584,1.5644431290396252
18.61653923055492,376155796191.25104,1951266780619.8042,310170605.74318767,1769021719.4961584,2079192325.239346,58412742.48871994,2.39307311229163e-05,19.199684263909,15.250830173903804,0.20005259674858128,0.005620269311416115,0.007025798556970499,0.7943271339400026,0.8055676725628348,1.5627826181467053
19.1089724080774,394195315340.4419,2054439798165.1792,308040693.5041998,1766584852.5554547,2074625546.0596545,59891039.1522851,2.4528241523829795e-05,19.70754243305719,15.660092049510071,0.1996131972651451,0.005762505834089374,0.007199651236626308,0.7946242969007655,0.8061493085689442,1.561071065018073
19.614431123339276,413069998124.15826,2162989473462.2043,305884074.6610738,1764023746.812565,2069907821.473639,61441223.46904588,2.5139685625719198e-05,20.228834152279692,16.080488249487725,0.1991592743438644,0.00591165913474482,0.0073818163154744,0.7949290665213908,0.8067523847908804,1.5593060535398091
20.13325991980586,432815771762.5715,2277187528569.9795,303699143.7946824,1761332426.7359524,2065031570.5306349,63067031.74331999,2.5765311282569048e-05,20.763914757531655,16.512333210948682,0.19869009857224193,0.006068088707485968,0.007572711502346306,0.7952418127202721,0.807377990135244,1.5574850528426212
20.66581245459298,453469806639.6855,2397318508913.128,301484135.2461328,1758504668.6716473,2059988803.9177802,64772409.17571998,2.6405364117640535e-05,21.313148983895026,16.955951138227437,0.1982049012466013,0.006232174145685521,0.007772776555225985,0.7955629246077132,0.8080272728990843,1.5556054100358183
21.212451739535705,475070517204.3262,2523680290908.548,299237096.8734871,1755533994.974778,2054771091.8482652,66561530.957019806,2.706008677982603e-05,21.876911214198476,17.41167637421129,0.19770287128240704,0.006404317171563262,0.007982475497326091,0.7958928115460298,0.8087014458891563,1.5536643413086664
21.77355038863357,497657554383.13196,2656584598975.848,296955854.7193675,1752413668.5604527,2049369523.2798202,68438831.06047535,2.7729718120326233e-05,22.45558573421364,17.87985379139462,0.19718315129041036,0.006584944406482202,0.008202299711405577,0.7962319043031074,0.8094017931160719,1.551658920178386
22.349490872041073,521271787472.4328,2796357530788.042,294637959.47378814,1749136687.963682,2043774647.43747,70409047.55483532,2.8414492279966736e-05,23.049566994601616,18.360839204428945,0.19664483195017365,0.0067745117308076344,0.008432772950540676,0.7965806563190188,0.810129679780634,1.5495860596400621
22.940665776776616,545955272929.80347,2943340089426.3755,292280581.22233546,1745695783.008073,2037976364.2304087,72477317.56334162,2.9114637675253106e-05,23.65925987978834,18.85499980631124,0.19608694146636632,0.006973513420529274,0.008674462177849448,0.7969395451131044,0.810886571954163,1.5474424760893832
23.5474780743275,571751206675.9438,3097888720893.5283,289880116.0412631,1742083411.1939244,2031963527.2351875,74649557.75847149,2.983037586765561e-05,24.285079983952077,19.362714630952823,0.19550840736919883,0.007182518757131481,0.008928022148303167,0.7973090738736697,0.8116741113879327,1.5452245488040344
24.170341395333498,598703854755.3376,3260375855211.746,287432555.8238269,1738291754.927932,2025724310.751759,76932077.89980865,3.056192029061225e-05,24.927453894311167,19.884375046526685,0.19490809183126862,0.007402134843562001,0.009194148852394949,0.7976897733251693,0.8124940430122933,1.5429284611579899
24.809680311536148,626858464310.8013,3431190449087.0938,284941202.3372289,1734312719.729247,2019253922.0664759,79323849.65812278,3.1309474869908506e-05,25.586819481905117,20.420385273902276,0.1942855337144698,0.007632262737587188,0.0094726643953324,0.798082203547943,0.8133467290231174,1.5405530175379276
25.465930625185994,656261128382.4375,3610738527857.0557,282396165.30116975,1730137933.5599196,2012534098.8610892,81836979.21170425,3.207323235354053e-05,26.26362620006724,20.971162960710473,0.19363897588256063,0.0078740672532429,0.009764940290685618,0.7984869568641965,0.8142350913706823,1.5380921590497805
26.13953966610511,686958606020.9862,3799443724156.781,279792096.62923354,1725758747.4418542,2005550844.0710878,84478937.65644717,3.285337241100437e-05,26.958335390792378,21.537139801351124,0.1929670715870617,0.008128267233185509,0.010071791307413024,0.7989046611797528,0.8151611956461238,1.535541461124681
26.830966596607237,718998070014.1117,3997747810439.366,277122363.0080963,1721166237.5373802,1998288600.5454764,87258338.75855803,3.365005934586112e-05,27.67142059920836,22.118762228918335,0.19226832397344115,0.008395691463803107,0.010394158992381835,0.7993359845627557,0.816127367490362,1.532896010886299
27.54068272448354,752426711784.7141,4206111222168.827,274377828.9194678,1716351208.8861127,1990729037.8055806,90186069.66656661,3.446343900423479e-05,28.40336789636574,22.716492248124684,0.1915409693473,0.008677387468361403,0.010733243292929533,0.7997816431843385,0.8171364181210614,1.5301499822384195
28.269171824267286,787290822579.6399,4425013568171.926,271541414.1110052,1711304201.0072381,1982845615.1182432,93280474.93050408,3.529363245267539e-05,29.154676210565793,23.330808809856677,0.1907824540523347,0.008975120295156014,0.011091109356316978,0.8002424256525092,0.8181926662428213,1.5272947023676482
29.016930466996385,823635870756.0437,4654954124288.569,268617715.55861676,1706015495.5932145,1974633211.1518312,96537944.83403373,3.614073705235022e-05,29.925857667452494,23.962207974012472,0.18999228533196874,0.009288542629935188,0.011467227363065238,0.8007191720380961,0.8192962572979664,1.524329315350061
29.784468358698604,861507716592.4868,4896452306103.089,265594439.1642851,1700475126.5383544,1966069565.7026396,99972061.38723588,3.7004834568134435e-05,30.71743793910053,24.611201920493855,0.18916832138743672,0.009618961286095962,0.011863080266616166,0.8012127173264674,0.8204506398986593,1.521246905739744
30.572308687830194,900949377100.9049,5150048116172.953,262487515.27360576,1694672892.563444,1957160407.8370497,103567384.5739634,3.788597002260111e-05,31.52995660233705,25.278322796870142,0.18831111344942206,0.009964890679410948,0.01227673662227728,0.801723995871167,0.8216537772299889,1.518050648019792
31.38098848190476,942012709401.9635,5416302560802.593,259308058.35097688,1688598372.7154207,1947906431.0663977,107316545.33949614,3.878422457902117e-05,32.363967506541606,25.964111059619814,0.1874207282451544,0.010325621785267827,0.012707217799155303,0.8022536499695778,0.8229048935401134,1.5147419509138185
32.2110589735554,984738329266.19,5695798031042.447,255986498.31484577,1682240945.0387714,1938227443.3536172,111289219.1805594,3.9699588337248434e-05,33.220039151174824,26.669136841844896,0.18648944997794722,0.01070785853570811,0.01316253186319199,0.8028026914863446,0.8242184085577609,1.511293693529253
33.06308597627985,1029157060408.6444,5989138642234.8,252478516.37061012,1675589808.732562,1928068325.1031723,115527547.47548342,4.063197665272109e-05,34.09875507329342,27.393997647957384,0.18551197523354454,0.011115655626424541,0.013647414435113175,0.803372369140031,0.82560368039288,1.5076880374693398
33.93765027012433,1075300538816.6951,6296950526085.295,248849112.26147288,1668634010.1233697,1917483122.3848426,119965679.3736031,4.158129599821065e-05,35.00071424531521,28.139307883475613,0.18449350413531737,0.011542677119411895,0.014153997764509747,0.8039638187452707,0.8270491729840945,1.5039457262845701
34.83534799756954,1123191665130.0417,6619882068923.475,244987789.01075494,1661362472.799449,1906350261.810204,124711899.79744315,4.254738917734673e-05,35.92653148330585,28.905708303728307,0.18342233931801746,0.011999341810313471,0.014694673131630812,0.8045783188716691,0.828577002492296,1.5000260440799869
35.75679106988826,1172830149164.2427,6958604089537.028,240804705.88134956,1653764032.2647114,1894568738.146061,129849343.28141117,4.352996234438937e-05,36.87683786606517,29.693878475542952,0.18228876241218922,0.01249364861259477,0.015278802636307326,0.805217588975216,0.8302048862004056,1.4958962103449598
36.70260758425162,1224188650245.925,7313809949737.956,236269621.66409826,1645827475.481846,1882097097.1459444,135397432.56113958,4.452857869787869e-05,37.852281165298955,30.504538248040006,0.18108878483555874,0.01302746631379029,0.015908276834594715,0.805883748850651,0.8319386814782316,1.4915447383981144
37.673442251868565,1277216001429.0737,7686215590658.9,231181177.43169773,1637541585.6814604,1868722763.1131582,141544628.07578588,4.5542689992592066e-05,38.853526287169366,31.33844299433725,0.17980195329979218,0.013618927916691627,0.016604438368858377,0.8065791187835162,0.8338169746168994,1.4869018210148741
38.66995683745001,1331757688194.9668,8076559487703.672,225038080.51085714,1628895192.8175907,1853933273.3284478,148761215.51341605,4.6571254522452436e-05,39.881255725525,32.19644710212478,0.17837896043852458,0.014313282661577921,0.01742078400185244,0.8073077568998975,0.8359343222230533,1.4817970217285132
39.69283061029758,1387359349786.8652,8485602517107.676,215311988.28061497,1619877230.048387,1835189218.329002,159491756.01448846,4.761185069927733e-05,40.93617002711946,33.07965070888954,0.17657547317536065,0.015345737651766595,0.018636483553561553,0.8080787891728728,0.838770264476406,1.4753778766209051
40.742760807324196,1443201539947.2622,8914127727225.416,209018008.8519429,1610476796.6130555,1819494805.4649982,166586400.46234536,4.8660548838172546e-05,42.01898826913565,33.989421336368295,0.17506541178768847,0.016028359469658453,0.019429855043892608,0.808906228742653,0.84096294768197,1.47002580661624
41.82046310832219,1501386902043.9858,9362940007979.771,207300493.25199935,1600683227.461026,1807983720.7130253,169328620.26034522,4.972716057089366e-05,43.13044854934117,34.92487804687218,0.17395785556594257,0.01629220624553672,0.019723214312144965,0.8097499381885207,0.8423343506795942,1.4661032779010272
42.92667212380302,1562180446945.0679,9832865652411.094,205532104.3982454,1590486169.9654517,1796018274.363697,172374541.48607397,5.0812263258810226e-05,44.2713084892092,35.886683190409656,0.17280658226410245,0.016585274108139817,0.02005005570950407,0.8106081436277577,0.8437786918440373,1.4620441374465805
44.06214189574085,1625693669751.0537,10324751804984.725,203847648.86242273,1579875668.018888,1783723316.8813107,175586040.24884796,5.191563426412573e-05,45.4423457503473,36.87565116646182,0.17162360455616882,0.016894273260911235,0.020394440684007593,0.8114821221829199,0.8452706687047424,1.4578916369924806
45.2276464115616,1692062231158.1592,10839465792289.822,202156859.78959495,1568842253.7627573,1770999113.5523522,179052833.11732626,5.3037093442368576e-05,46.64435856458675,37.892609932831526,0.17039932631763596,0.01722783591757827,0.020766419874165186,0.8123728377647857,0.8468285095999423,1.453614127792651
46.42398013172772,1761402292085.4268,11377894333026.982,200431491.9902072,1557377047.142207,1757808539.132414,182798047.3294735,5.4176309776733126e-05,47.87816627809336,38.938433457378345,0.16913017548763265,0.017588187299903375,0.021168403016953684,0.8132816372124639,0.8484580118122708,1.449201178019878
47.651958531278275,1833818579257.3003,11940942625776.79,198695025.82444775,1545471863.4020276,1744166889.2264752,186790524.57478023,5.533284466483524e-05,49.144609909870795,40.01403513369449,0.16781762375564993,0.017972329464477445,0.021596623501673757,0.8142100467798726,0.8501547057088276,1.4446597733642914
48.91241865569352,1909480475776.367,12529533315008.93,197050012.26430443,1533119328.5457501,1730169340.8100545,190928045.76714468,5.6506455604019725e-05,50.44455272503703,41.120318242708436,0.1664708287166212,0.018370427249173486,0.022039333333575682,0.8151587440342053,0.8518995985325523,1.4400228880584784
50.20621969146288,1988530666021.0793,13144605338171.768,195379716.97404164,1520313002.6663876,1715692719.6404293,195321938.32043982,5.7696715038421354e-05,51.77888082326485,42.25823943587504,0.1650779389767095,0.018793192187486617,0.022508917975473608,0.8161288688358039,0.8537152532107771,1.4352521914464529
51.534243551745185,2071090544859.1382,13787112659538.086,193628339.5218894,1507047510.9217143,1700675850.4436038,200018547.14366293,5.89030451235733e-05,53.14850374278736,43.42880360260889,0.16363306846550613,0.019245083424094526,0.023010335175238584,0.8171218481103993,0.8556120149585884,1.4303301810983189
52.89739547752052,2157321156090.4917,14458022899813.414,192004875.46572754,1493318681.7671933,1685323557.232921,204803015.68521285,6.012494939743822e-05,54.55435508038023,44.63302626180231,0.16215592463154685,0.01970542821480011,0.023519206967160783,0.818138647153653,0.8575495035832533,1.4253249644158292
54.29660465464326,2247403864216.869,15158315874372.652,190358495.36737448,1479123691.8738124,1669482187.2411869,209820646.09841442,6.136192677319577e-05,55.99739312774345,45.8719483904159,0.1606317235442152,0.020188207023427194,0.024051667890847006,0.8191800694323577,0.859556483479212,1.420189188314354
55.73282484721718,2341484974102.6636,15888982057409.498,188644005.29393288,1464461216.9443874,1653105222.2383204,215105282.88431334,6.261327393420234e-05,57.47860152471616,47.146669683865674,0.15905598938248636,0.020696676249221616,0.024611241637863428,0.820247334368292,0.8616406868667353,1.414910514877619
57.20703504772396,2439700724863.451,16651020994278.307,186961694.7347415,1449331587.3989482,1636293282.1336896,220542922.06516528,6.387818705577946e-05,58.99898992976992,48.45833244121627,0.15743840344130805,0.021219866829095477,0.0251849442411862,0.8213417297295964,0.8637814633877874,1.4095232099448733
58.720240144348715,2542282653828.8037,17445439689887.834,185326912.81023622,1433736947.626715,1619063860.4369512,226112105.56259632,6.515611169555905e-05,60.559594708237505,49.80806451735845,0.15578064888485443,0.021755714141970767,0.02577021494855955,0.8224636369731748,0.8659750652571163,1.4040349121901294
60.27347160595709,2649401741039.9316,18273251007157.543,183643708.0394858,1417681417.198703,1601325125.2381887,231894346.34950948,6.644621007652061e-05,62.16147963874625,51.19706793405123,0.154073889968678,0.02231206108034953,0.026375898338831725,0.8236140489509725,0.8682381711116716,1.3984192020584936
61.867788185190996,2761192891389.515,19135472116238.08,181879564.6339607,1401171252.1017106,1583050816.7356713,237902959.27863336,6.774746644686102e-05,63.805736638337564,52.62660221941493,0.15231560006671213,0.02289018875268497,0.02700319689083155,0.8247942111806029,0.8705745886859729,1.392670606327069
63.504276640162175,2877898869796.419,20033123042366.742,180259700.61238545,1384215003.693193,1564474704.3055785,243900906.11699557,6.90591393248578e-05,65.49348650676693,54.097910526471914,0.15052827164883434,0.02346729017115821,0.02762574596415173,0.8260044381800075,0.8729390185223239,1.386863483486062
65.18405247523553,2999749061305.1357,20967225367781.914,178602782.14997327,1366823672.6903296,1545426454.840303,250053768.8082049,7.038036743815967e-05,67.22587969049138,55.612285421818804,0.1486955158605479,0.02405929704992167,0.028261682509804,0.8272451870895304,0.8753637811893739,1.3809475296639375
66.90826070140729,3126911797503.3213,21938801150922.793,176821440.3642918,1349010855.1002479,1525832295.4645395,256426260.59334517,7.171004510752074e-05,69.004097066866,57.171090232982785,0.14681023453440806,0.024672435870174658,0.028917876032784718,0.8285173295954174,0.8778622013357666,1.374902980858294
68.6780766167961,3259576852852.488,22948872134010.605,175181605.90274084,1330792876.5786254,1505974482.4813662,262729687.39333677,7.30470817725311e-05,70.82935074908292,58.775717028541116,0.14489958538242342,0.025278929499669832,0.02956252747342572,0.8298214851179068,0.8803793441172464,1.368817284540872
70.49470660777924,3398063169617.107,23998459317809.453,173542565.8424999,1312188911.279739,1485731477.1222389,269088430.84845877,7.439069344323285e-05,72.70288491240251,60.427539351383395,0.1429518743703492,0.0258907455038044,0.03020920847914246,0.8311573801258464,0.8829388711334553,1.362655575669018
72.35938897132016,3542577672766.465,25088582989601.914,171835537.20549583,1293221080.8441167,1465056618.0496125,275544666.020406,7.573972734957693e-05,74.62597664223946,62.128024507636766,0.14096261190786213,0.02651194181916637,0.030862384090228654,0.8325254462729714,0.8855493299113042,1.356406069908404
74.27339475904732,3693275167037.5654,26220263296821.17,170087166.3521893,1273914528.7747297,1444001695.126919,282040336.6815829,7.709286551788306e-05,76.59993680468156,63.878700844657374,0.1389367810340678,0.027136932479057553,0.03151560986619174,0.8339262864868746,0.8882001514449898,1.3500861856750583
76.23802864366051,3850525223678.7715,27394521463927.555,168474319.93484965,1254297465.0969005,1422771785.0317502,288377852.4158573,7.844932197231272e-05,78.6261109400354,65.6810435980749,0.13689411350797037,0.02774670602630775,0.03214751105345865,0.8353591804657219,0.8908525925183374,1.3437575024130983
78.25462980825452,4014608953281.6733,28612381753484.637,166821946.7762708,1234401175.9016662,1401223122.677937,294703523.9896562,7.98080413000839e-05,80.70588018000718,67.53660805520575,0.1348207767569594,0.02835533996995771,0.032773949267610084,0.8368238832730829,0.8935345632129984,1.3373792389368742
80.32457285916685,4185726639331.09,29874874273403.78,165050983.626336,1214259992.1617572,1379310975.7880933,301061593.59883285,8.116775894598561e-05,82.84066218914458,69.4470205471858,0.13271246679811757,0.02896709113899764,0.03339963971585746,0.8383204420628848,0.8962546243408801,1.330940173572283
82.44926876297131,4364180813643.218,31183038730324.156,163451922.767595,1193911212.1112103,1357363134.8788054,307130532.5754385,8.252746450384509e-05,85.0319121311807,71.4139029667347,0.13060072248585325,0.029551023172143673,0.03399016301996274,0.839848254342003,0.8989503006862904,1.3245351689227238
84.63016580825658,4550357368343.471,32537929223368.965,161824246.95810884,1173394971.52477,1335219218.482879,313081750.81809306,8.388634123461228e-05,87.28112366093939,73.4388837402937,0.1284701124776239,0.030123628528949002,0.034564079740955066,0.841406258993427,0.901653516051325,1.3181188813831248
86.868750592845,4744523134432.689,33940620162305.625,160133461.35812235,1152754056.4548657,1312887517.812988,318913451.4071269,8.524331076614112e-05,89.5898299424778,75.52367397609716,0.1263214345248475,0.030684734316102268,0.03512130837204904,0.8429938311590502,0.9043632997912547,1.3116944277971654
89.16654903712477,4946909891756.966,35392213378661.54,158457458.96362278,1132033653.416959,1290491112.3805819,324509401.7203965,8.659726393746738e-05,91.95960469416013,77.67003041720614,0.12416653090664995,0.03122315703816419,0.03564965046435819,0.8446103120551859,0.9070566261315142,1.3052966404568513
91.52512742418598,5157980121097.979,36893846476839.21,156840146.60082948,1111281032.6937,1268121179.2945294,329796154.3095758,8.794764141078754e-05,94.39206326137501,79.87966070637209,0.12201417436481746,0.03173182983913312,0.03614161973079302,0.8462539957960494,0.9097176554743157,1.298950628071571
93.94609346747016,5378056377874.338,38446702444031.41,155181972.55044103,1090545161.3887775,1245727133.9392185,334837320.1678841,8.92936310088219e-05,96.888863717628,82.15435693597182,0.11985949782496455,0.032216873145782865,0.03660423883024057,0.8479236290292526,0.9123573753208183,1.2926420363797242
96.43109740665993,5607384760109.043,40052020502155.695,153448669.46135306,1069876244.13311,1223324913.594463,339628953.1872351,9.063434810373964e-05,99.45170799475908,84.49596701191561,0.1177040347162854,0.03267790727742678,0.03703735318218161,0.8496180580062878,0.9149738725611414,1.2863749453586715
98.98183313255701,5846401807014.289,41711108141704.74,151831995.8426425,1049325190.9539949,1201157186.7966373,343948708.147748,9.196938641873478e-05,102.08234304305624,86.90630492497674,0.1155711337546547,0.03309353895645805,0.037417976978690926,0.8513353272888873,0.9175224052018034,1.280214277755582
101.60003934171465,6095538153568.632,43425354226176.92,150183150.40860343,1028943013.777458,1179126164.1860614,347915326.4503212,9.329841382701251e-05,104.7825620220557,89.38721863954653,0.11345138599069302,0.03347519306421303,0.03775900445303906,0.853073420945094,0.9200238070735199,1.2741322942789464
104.28750072161134,6355099133598.344,45196242996818.13,148430813.5719005,1008780155.348488,1157210968.9203885,351567871.17110753,9.462096898631982e-05,107.5542055228401,91.9406248736439,0.11134278272781525,0.03382662811294019,0.03806487749773095,0.8548305891592446,0.922483845385125,1.2681224059422194
107.04604916717486,6625407212814.19,47025368741404.36,146786954.8660648,988885757.0094109,1135672711.8754756,354665540.9495261,9.593675811943035e-05,110.39916282266891,94.56846138125033,0.10927044713914996,0.03412467503987413,0.03831092718353434,0.8566048778209759,0.9248542279007242,1.2622522998340007
109.87756502948417,6907062385326.012,48914450818915.89,145148766.12060165,969306874.7395573,1114455640.860159,357293121.6404121,9.724611335072949e-05,113.3193731727947,97.27261260916092,0.1072290149443074,0.03437749164274307,0.038506506392116384,0.8583934934129496,0.9271484766984357,1.2565052104620507
112.78397839750131,7200443084462.795,50865348656035.17,143464172.70002788,950087656.0707675,1093551828.7707953,359481778.8988893,9.854908954177328e-05,116.31682712034402,100.0550600516956,0.10521772342516418,0.03458807657162915,0.038655299146100545,0.8601942000032067,0.9293703531464649,1.250877197286627
115.76727041370778,7505839643247.949,52880076253993.875,141738118.42753348,931268493.8667532,1073006612.2942867,361208182.0685024,9.984573965017168e-05,119.39356786516488,102.91783817006956,0.10324093471880237,0.03475418503255583,0.03875532055163326,0.8620048802486417,0.9315132503137534,1.2453781405231112
118.8294746245398,7823855181744.85,54960815668755.516,140095691.181655,912885176.3723109,1052980867.5539658,362341580.98531604,0.0001011367792195274,122.55169265256313,105.86292613641862,0.10131412776184408,0.034863236703105115,0.03879357379490016,0.8638226355350508,0.933549108941261,1.2400473002502264
121.97267836654622,8154972764564.928,57109928858013.7,138417856.40453896,894968056.2511451,1033385912.6556841,362997541.0716907,0.00010242283708349581,125.79335420288027,108.89237290608277,0.0994287698933163,0.034926350883092074,0.03878244131666811,0.8656448792235916,0.9354975809897758,1.2348595559901918
125.19902418921038,8499523170466.026,59329967229961.68,136634995.4269483,877541264.3572366,1014176259.7841849,363245037.46513796,0.00010370442421291989,129.12076217888392,112.00830382558824,0.09758048443509643,0.03495016411844987,0.03872939748712271,0.8674693514464538,0.9373696796833534,1.2298013308049376
128.51071131540937,8857988203738.73,61623678186906.555,134987196.45683116,860621996.5138495,995609192.9706807,362853249.4360032,0.000104982403236254,132.5361846919746,115.21284466242284,0.09579402635473662,0.034912467647732856,0.03861118889425703,0.8692935059975305,0.9391184412929962,1.224935428859524
131.9099971405027,9231046046742.145,63994007937726.375,133309327.5040336,844219903.3734831,977529230.8775166,362006819.1937548,0.00010625800649973853,136.04194984823172,118.50812017093948,0.09405443578298081,0.03483102709705709,0.03844715231555935,0.8711145371199621,0.9407765913140763,1.22022027276216
135.39919877107565,9619106704861.129,66444099863342.8,131566226.07196963,828336614.2547494,959902840.326719,360761855.3917818,0.000107532120419374,139.64044733535678,121.89637376970012,0.0923584862749978,0.034711241044357986,0.03824333783709547,0.8729302726806443,0.9423527547693602,1.2156454830418704
138.98069460438322,10022458629325.363,68977287765104.58,129820716.27469797,812965425.4522033,942786141.7269013,359081607.9836321,0.00010880551114051036,143.33413005159176,125.3799319338892,0.0907115775397695,0.034549573528996354,0.03799627563223203,0.8747388489312342,0.9438379959892268,1.211223053979289
142.6569259495727,10441983934815.742,71597083412977.22,128149172.75231065,798091181.6632158,926240354.4155264,356932368.6655395,0.00011007977352715314,147.1255157777249,128.96104927284316,0.08911959988733696,0.03434278125615114,0.037702843591654205,0.8765376188565119,0.9452231813688141,1.206966111096663
146.43039869179108,10878206296091.004,74307157943244.08,126435746.4495649,783690375.6811445,910126122.1307094,354472261.3585465,0.00011135594661880749,151.01718889332471,132.64213871230496,0.0875691449467069,0.03410607835518816,0.03737935665623243,0.8783247766981049,0.9465369334084813,1.2028384475751703
150.30368500030818,11331419309686.453,77111316836763.33,124633969.60209097,769731486.2359911,894365455.8380821,351792345.07454586,0.00011263470237013196,155.01180213836838,136.42574211177396,0.08605270888638959,0.033848226205016624,0.03703520600599826,0.8800990649085938,0.947795517318627,1.1988194766424498
154.27942508182463,11802399632955.768,80013468438895.75,122984019.7054035,756175566.7780154,879159586.483419,348708885.99656796,0.00011391722761402484,159.11207842147047,140.31438653837873,0.08458965344255523,0.033551546581862254,0.036651919773507596,0.8818587999755825,0.948961893139307,1.194956714382533
158.3603289801545,12291997776351.969,83017586257991.67,121325787.01904161,742977089.1612391,864302876.1802808,345442332.88842356,0.00011520460868712978,163.32081267593873,144.31068766701333,0.0831601928586518,0.03323725029297699,0.03625197121033472,0.8836025568483712,0.9500770574343251,1.19119868487925
162.5491784235147,12800909063506.832,86127665593987.06,119596510.77460337,730085035.7866657,849681546.561269,342115546.1332617,0.00011649751120075594,167.64087376492822,148.41740452708282,0.08175337977902794,0.032917158533729896,0.035847840665951515,0.8853294616872421,0.9511637787547019,1.187516847286315
166.8488287206753,13329034643036.932,89347675391086.4,117824508.65807399,717444222.1484704,835268730.8065444,338751950.3458854,0.00011779543399300564,172.0752064369866,152.6375645647841,0.08036662917246266,0.032593525138440334,0.03544186865371236,0.887039845689097,0.9522268959659778,1.1839038345120594
171.26221070726783,13877256402009.436,92681506563145.98,116061682.58255047,704996819.3790549,821058501.9616053,335363127.4143908,0.0001190987761392523,176.62683333332862,156.97412456916837,0.07899937076817128,0.03226746447577961,0.03503522522312788,0.8887331647560491,0.9532680937076083,1.1803574779401376
175.79233274357452,14446019318685.635,96132918387276.28,114234740.49862422,692684033.9440173,806918774.4426415,332078493.5566094,0.0001204071171900203,181.29885704820424,161.43025651362922,0.07763889575431682,0.031951428520547887,0.03464091056471653,0.8904096757251353,0.9543125327662311,1.1768456380843566
180.4422827651621,15035361690353.465,99705484876695.94,112338666.40292135,680447889.85453,792786556.2574513,328951752.26430154,0.00012171929027383586,186.09446224376654,166.00933760793419,0.07627914326223344,0.031650584434460186,0.034264230588273284,0.8920702723033064,0.9553714411722268,1.173352973265789
185.21523038775905,15646583937771.496,103402543301586.31,110624547.65758714,668233048.4930501,778857596.1506373,325787962.7121049,0.00012303514742836858,191.01691782088213,170.71466116848705,0.0749389475499129,0.031346175694681816,0.033885520973625835,0.8937148767554053,0.9564072281447689,1.169925381463795
190.11442906780724,16280608674411.324,107227147199171.73,108890180.10063447,655988593.2850025,764878773.3856369,322833924.9902197,0.0001243537325208717,196.06957914736012,175.54974033632533,0.07359395422741948,0.031061948540713088,0.03352951838176837,0.8953440972318675,0.9574679943132937,1.1665027304599842
195.14321832016617,16937863646011.617,111182026275117.97,107069348.47459105,643669701.8757385,750739050.3503295,320187677.9816643,0.0001256732273104477,201.25589034512362,180.5183192646569,0.07223347964496672,0.030807335930194368,0.03320591469328422,0.8969591844248389,0.9585738562852276,1.1630589797528041
200.30502599447556,17619832479669.535,115269555525034.0,105471270.16355723,631239127.9878534,736710398.1514106,317571465.0986949,0.00012699251641427328,206.5793866378773,185.62411722856376,0.07088369190902297,0.03055561309795235,0.03288674715088567,0.8985606949930247,0.9596719211889293,1.159657641900492
205.60337061173357,18325980238922.22,119491735681743.83,103564861.98480335,618668419.3790095,722233281.3638128,315521433.2613175,0.00012830822355799855,212.04369676087663,190.87132008856048,0.0694907544824874,0.03035836622112127,0.03262553958207814,0.9001508792963914,0.9608676117386339,1.1561685064881582
211.04186376267822,19056089590549.3,123850186715635.6,101551171.74899727,605938807.6969376,707489979.4459348,313835586.015352,0.0001296171188607339,217.6525454344363,196.2641855335657,0.06807220565585093,0.03019615990899571,0.03240182350205197,0.9017316344351534,0.9621239542531448,1.1526346384659292
216.62421256961193,19809607496489.83,128346155589960.17,99499251.04837798,593041720.6171649,692540971.6655428,312432696.83511305,0.0001309155476733426,223.40975590286885,201.80713986828823,0.06663386453224279,0.030061178830020734,0.032207273960025935,0.9033049566377365,0.9634273142977778,1.149070438073234
222.35422221334187,20588144911186.477,132980538824837.23,97545753.07706395,579978886.1238893,677524639.2009532,311169655.5974698,0.00013220167435670416,229.31925254057927,207.50441036933069,0.06518904566353359,0.029939653429833436,0.032027495282278495,0.9048713009066329,0.9647506077662998,1.1455079956387073
228.23579852696417,21391253912055.77,137753919695301.97,95303299.21752767,566762022.3318908,662065321.5494184,310404362.8211187,0.0001334717585598954,235.38506352709675,213.36064241842823,0.06370160431305885,0.029866019641692002,0.03189797160741686,0.9064323760452492,0.9661644153286332,1.1418618221828851
234.27295065825558,22218205112638.04,142666619139753.25,93300567.86180484,553412132.4355055,646712700.2973104,309570481.7121203,0.00013472190413750876,241.61132359286333,219.38061365616426,0.062224428916103636,0.02978578652462549,0.031762169375129476,0.9079897845592708,0.9675613576085219,1.1382575045855563
240.46979380248857,23072687508821.79,147718758759200.9,91623024.79921162,539958451.1277571,631581475.9269687,308564261.90319204,0.00013595189310970112,248.00227683765152,225.56860415156734,0.06076855555098634,0.029688971581999735,0.031609856928732125,0.909542472867014,0.9689204160310134,1.1347205208079534
246.83055200753583,23956483045990.453,152910333723725.25,89909949.18622524,526437113.3624891,616347062.5487144,307709717.42327726,0.00013715988720799387,254.56227962353645,231.92927360278549,0.05930275370126555,0.02960675030782086,0.031473197592861595,0.9110904959909136,0.9703039966065553,1.1311772535314824
253.35956105316993,24869635594113.125,158241293040767.88,88071699.68622406,512889635.1672865,600961334.8535106,307046919.5039041,0.00013834282551086812,261.2958035443863,238.46759869199343,0.057822392918413124,0.029542978215513386,0.03135606067631275,0.9126346288660735,0.9717205852971003,1.12761710040969
260.0612714065284,25811699745641.18,163711624520992.6,86323902.07551543,499361305.4254042,585685207.5009196,306307758.8108574,0.00013949757507386725,268.2074384739047,245.18868626583935,0.05635257749631355,0.029471858764819257,0.0312318542519032,0.9141755637388672,0.9731192812685058,1.1240983596028566
266.94025125575104,26785630076129.414,169321441886208.78,84722591.50668177,485899583.2132389,570622174.7199206,305400309.1526419,0.00014062381141866285,275.3018956942937,252.09730114929286,0.054903265286871374,0.029384547139847894,0.031091576195919436,0.9157121875732808,0.9744812818529764,1.1206435713513767
274.0011896238648,27792353086131.79,175071071700686.9,83076957.35117517,472552574.33511615,555629531.6862913,304470539.47301733,0.0001417199462507813,282.5840111076784,259.19854133188016,0.05346072573216385,0.029295087960661298,0.03094968033241044,0.9172441863071749,0.9758343622284974,1.1172205752797044
281.2488995650316,28831325126440.867,180961137965587.78,81367928.57537231,459367622.1561384,540735550.7315108,303489714.96988356,0.000142783730408046,290.05874853247366,266.4977417704161,0.05202767909681482,0.029200716465333676,0.03080334290510988,0.9187716044378516,0.9771730373685188,1.113835255920772
288.68832144534514,29905358471932.418,186992641979209.47,79915704.51066956,446389994.3698339,526305698.8805034,302107948.58723176,0.0001438156032320313,297.73120308694877,273.9999250866064,0.050639289336786714,0.02906776774789477,0.03061825439098732,0.9202929429153185,0.978428478411108,1.1105671505957602
296.3245263104062,31017499120577.16,193167034038432.22,78595606.7259052,433661586.89216703,512257193.6180722,300424685.7946717,0.00014481639164681237,305.6066046622892,281.7101847193694,0.049287591408668424,0.02890581010281586,0.030404368178643566,0.9218065984885158,0.9796182186941474,1.107396977944484
304.16271934197556,32166668504931.145,199486271354727.5,76776342.4873623,421219512.94761175,497995855.4349741,299036549.38238657,0.00014578455249914275,313.69032148752524,289.63414353629923,0.04791541544302751,0.028772248483456317,0.030220265037527862,0.9233123360735161,0.9808568330404288,1.10419490794633
312.20824340606254,33350417585604.03,205952852964187.97,75184334.04739818,409094419.9921217,484278754.0395199,297187142.2534089,0.00014671818390693002,321.9878637887614,297.77762559657316,0.04659560403322525,0.028594305012760442,0.029991790612382416,0.9248100909540143,0.9819987009795351,1.1011247562516826
320.4665826948613,34571010009503.4,212569817596880.2,73524846.6391823,397308403.23820543,470833249.87738776,295167377.6728742,0.0001476187153849764,330.5048875451926,306.14605099251156,0.04530192475710597,0.028399970345278316,0.029747593591882754,0.9262981048976158,0.9830980455881724,1.09812654975139
328.94336646502603,35826099604141.836,219340685246852.62,71556012.72574452,385872483.68276393,457428496.4085084,293212022.01403356,0.0001484850340768691,339.2471983444775,314.7454089462625,0.044012166369836445,0.028211832878450624,0.029510661000069528,0.927776000751713,0.9841996665086142,1.0951501128443855
337.6443728748238,37116639907342.97,226269319196846.8,70163159.53229249,374783800.697523,444946960.2298155,290453189.88225913,0.0001493182108047481,348.220755340086,323.5814819129592,0.04281123671381175,0.02794638772205252,0.02919631821220709,0.9292423755641357,0.9851351510082408,1.0923836165621652
346.57553292279044,38451378565200.08,233359685000017.28,68897058.82186398,364022921.8415302,432919980.6633942,287393359.1971829,0.00015012357722247007,357.43167531332995,332.6595068878749,0.04165404290153287,0.027651981540031803,0.028853861525906813,0.9306939755584354,0.9859979386384989,1.0897254413536779
355.74293449056427,39832251458281.11,240615489434676.44,67653596.4184322,353551950.4542477,421205546.87267995,284184791.4451368,0.0001509021185681234,366.88623684283476,341.98559987368037,0.040526921148136656,0.027343264398837715,0.02849820907070947,0.9321298144530257,0.9868163432507011,1.0871444855542407
365.1528264926633,41260832285509.08,248039698499940.75,66400697.73987083,343314333.40607476,409715031.1459456,280922259.85858434,0.00015165412863408622,376.5908845843043,351.56615704685726,0.039421344005892735,0.02702935504666225,0.028138617153313117,0.933549300947445,0.9876080110407696,1.0846213222269192
374.8116231360248,42738180246821.94,255633960352958.28,65208353.953111455,333237328.1705365,398445682.123648,277609734.9347548,0.00015237892105565581,386.5522336634864,361.4079067914591,0.038337046748630976,0.026710635510829885,0.02777546480346529,0.9349523177405391,0.9883735887621988,1.0821548388584494
384.7259082922205,44267173658286.984,263397994862078.4,64080513.6619132,323237869.28425175,387318382.94616497,274327465.1266632,0.00015307581211545054,396.7770741853433,371.5177520339146,0.03726641702946944,0.02639482701617194,0.02741654335432058,0.9363387559543586,0.9891284099867025,1.0797279020072452
394.90243998531946,45852098141936.03,271329049903946.72,63201372.843450904,313232008.900408,376433381.74385893,270974317.3093928,0.00015374366292274238,407.2723758624928,381.90285041730175,0.036219100372083216,0.026072198887939713,0.027051997915714356,0.937708700739977,0.9898530985158565,1.0773611418204978
405.348154998461,47498030093069.93,279421554625618.8,61973375.32451215,303147214.9680221,365120590.29253423,268216124.0341854,0.00015438048900398444,418.04529276607747,392.57068347440395,0.03513062323659161,0.02580681520008092,0.02674643409934742,0.9390625615633275,0.9906761919634893,1.0749140695495423
416.0701736022818,49192090450954.71,287667107251199.94,60483609.08835313,292935744.5852059,353419353.67355907,265972328.76288676,0.00015497494829892528,429.10316820230486,403.53046608571464,0.03400477126879632,0.025590925084892174,0.02649177172283225,0.9404043036463114,0.9915861538160958,1.072395389701178
427.0758044084103,50931502502631.055,296054905668166.0,58794840.19292696,282586354.9582358,341381195.15116274,264172495.729115,0.0001555203303335157,440.4535397179735,414.7908431057347,0.03284650185656231,0.02541775145985079,0.02628099004826337,0.941735746683587,0.9925712496032885,1.069816403710845
438.37254935134973,52714408529741.4,304572655105182.8,57389777.67179899,272131137.50967705,329520915.18147606,262286928.79227906,0.00015601042326604392,452.1041442384079,426.3605764872492,0.03170534729510159,0.025236328819204082,0.02606265432604347,0.9430583238856943,0.9935309815241026,1.0672840837757023
449.96810880213144,54549838994326.92,313207873019545.75,56055907.38463174,261644597.48090798,317700504.8655397,260460034.7654826,0.00015644429429652505,464.0629233412927,438.24776173098894,0.030568028851958255,0.02506055148027848,0.025850758202868772,0.9443714196677633,0.9944925226283202,1.0647695988216939
461.8703868172388,56436700482415.22,321949377254901.0,54616237.03366616,251233408.46843016,305849645.5020963,258755770.6950401,0.0001568175646088301,476.3380286700136,450.4612730368674,0.02942778070820552,0.02489657316586349,0.025651438059941568,0.945675646125931,0.995468792457658,1.0622583302815374
474.0874965263651,58376411005657.55,330788625076858.75,53388225.64510393,241017404.2608891,294405629.90599304,256740724.6115268,0.00015712850832865706,488.9378274901819,463.009762460198,0.028326677645520746,0.02470269249562367,0.025422837004278484,0.9469706298588556,0.9963760148501029,1.0598398034115735
486.62776566269207,60373829393260.836,339720510894021.06,52176766.4534377,231104854.62840897,283281621.08184665,254515861.89026207,0.00015737842591312563,501.8709083931432,475.90160400149824,0.027256364512622644,0.02448862400402952,0.02517479746013439,0.9482550114833478,0.9972322594914068,1.0574955154608587
499.4997422394473,62429688484554.945,348743267117065.75,50959501.66912734,221567207.24487436,272526708.9140017,252044115.27483875,0.00015756833559487667,515.1460871503481,489.1454454117719,0.02622156456609407,0.024250801209611966,0.024903818288814387,0.949527634224294,0.998029236643518,1.0552348544891164
512.7122003766137,64546085396727.445,357857263856450.75,49798166.5147516,212419552.1670377,262217718.68178928,249264071.48577935,0.00015770061079655337,528.7724127225769,502.7499440089507,0.025229669664994698,0.023983315141909173,0.02460406764090438,0.9507870151930962,0.9987536454769145,1.0530727637859476
526.2741462817697,66724222798814.375,367062756514257.1,48628140.90582385,203612585.04041928,252240725.94624314,246302211.71329054,0.00015777716593874932,542.7591734281243,516.7240722092555,0.024269718399179026,0.023698335377652233,0.02428779328112255,0.9520319462231688,0.9994286169784732,1.0509854355792676
540.1948243891222,68966469805148.52,376356938403606.94,47550249.7546253,195039683.9318677,242589933.68649298,243173493.2547341,0.00015779919362848163,557.1159032741318,531.0771672255437,0.02334115299962087,0.023397301055559216,0.023956472751380437,0.9532615459448199,1.0000561480559382,1.0489711447506258
554.4837236609343,71277888333342.25,385730939360513.5,46556531.96012437,186559142.60990897,233115674.57003334,240032437.62604865,0.00015776674340248074,571.8523884554011,545.8190070784696,0.022429573000258142,0.023095079694205385,0.023624977859739903,0.9544753473055365,1.0006655066939472,1.046999211380113
569.1505840556256,73665018487900.4,395167571415292.0,45533798.19217089,178027272.00470355,223561070.19687444,237133982.74610758,0.00015767770186851787,586.9786740251016,560.959985555953,0.021510262461952957,0.02281620052643813,0.023317771920475516,0.955673537011609,1.001305938064485,1.0450177037530264
584.2054031669721,76115627176420.98,404640561444270.7,44314309.71485602,169334056.8644342,213648366.57929024,234729196.34447095,0.00015752119158742598,602.5050707419365,576.5122083230011,0.020556496869696603,0.022584820409056395,0.02305882915847138,0.956858682721247,1.0020283235393597,1.0429709216736291
599.6584430389124,78626182012698.03,414115673083998.0,43061333.12198067,160430832.06963283,203492165.1916135,232683744.8946392,0.00015728784987957547,618.4421620984167,592.4878038251625,0.019579302775604133,0.022388014241058015,0.022835109769142208,0.9580326829833379,1.0028087114654538,1.04088218806259
615.5202371606244,81197034072167.4,423553549186548.56,41843296.42869156,151340653.85875002,193183950.28744158,230890672.22442278,0.00015696909972086825,634.800811535051,608.8990508135154,0.01858748247385084,0.0222154910744989,0.022636241822651282,0.9591970264516503,1.003628008600648,1.0387700115698155
631.8015976466224,83826153171693.44,432913486971651.5,40611241.74081821,142147545.8528429,182758787.5936611,229301219.98239252,0.00015655636637382814,651.5921698453532,625.7585150148232,0.017584409865751858,0.022062559551731083,0.022457460746033366,0.9603530305825171,1.0044781496859791,1.0366415089366712
648.5136226067859,86517500101241.19,442156992402921.2,39467638.357212394,132969378.17377958,172437016.53099197,227692213.00308806,0.00015604466603513778,668.8276827767296,643.0784645630716,0.016591285237950233,0.021907746540693544,0.02227735651701485,0.9615009682213562,1.0053164613027432,1.034540460031241
665.6677037113307,89270448604152.1,451250121125639.7,38272734.90013155,123926815.70038976,162199550.60052133,226082558.2236433,0.00015542984481102168,686.5190988324156,660.8713334031712,0.015606272154429916,0.021752871200597424,0.02209773445855394,0.9626408566449727,1.0061465990461675,1.0324628795557018
683.2755339558826,92082763980729.8,460164310321256.75,37133077.38377449,115122177.9694629,152255255.3532374,224268004.97756714,0.00015470958736279883,704.6784772797827,679.1495628608005,0.014649466926311003,0.02157828124833107,0.02189909126148242,0.963772251825358,1.00692881432202,1.030449737385718
701.3491156319565,94962682468711.16,468876222440040.75,36113888.67006287,106634186.59490487,142748075.26496774,222120666.31286383,0.00015388647779060184,723.3181963704853,697.9251047804839,0.01373471938644799,0.02137167184969207,0.021669293515429063,0.96489360876386,1.007636952463244,1.0285288652876223
719.9007685082532,97906724119451.62,477367356466088.2,34967032.31425026,98520971.20228063,133488003.51653089,219841302.1237927,0.00015296139795452173,742.4509617780288,717.2105193183663,0.012843747744784337,0.021152359417925128,0.02142756971816907,0.9660038928372905,1.0083086116731408,1.0266623766903498
738.9431382283761,100904165487057.42,485623392901137.6,33764624.29175696,90814881.22288206,124579505.51463902,217334199.06212348,0.00015193473620543998,762.089815258536,737.018784148075,0.011986603296541502,0.020911134750194828,0.021164829161189076,0.9671022619532637,1.0089245314536532,1.0248703268248518
758.489204930666,103961541843279.52,493631900886642.4,32779322.37696018,83499554.12905152,116278876.5060117,214362455.93542734,0.00015081206741394276,782.2481435405904,757.3623660785137,0.011187945871894004,0.020625204044243,0.020858568580486674,0.968186850083863,1.009437258172349,1.0232022578512758
778.5522920960552,107091064000774.64,501376631855572.3,31828594.237151287,76482289.1276179,108310883.36476919,211219439.41546878,0.0001495992487803849,802.9396874502409,778.2540394282954,0.010421293504322884,0.020322794012804943,0.02053681418102919,0.9692559124828721,1.0099015005084822,1.021603856348538
799.1460756299474,110292372986646.06,508828579585146.1,30895236.65489582,69595511.30667135,100490747.96156716,208093168.6859483,0.00014829585251785392,824.1785512773621,799.7079790772023,0.009668867489978113,0.02002199520261904,0.02021747529220124,0.9703091373074029,1.010353127712641,1.0200387929308805
820.2845931843367,113555115432237.92,515937858045413.06,29856657.97998853,62654596.24060509,92511254.22059363,205279976.71397573,0.00014689465936470347,845.9792123897806,821.7398536567434,0.008901108575017205,0.019751319732960123,0.01992870732058035,0.9713475716920227,1.010850211157943,1.0184472387656174
841.982253726503,116886952762454.7,522633104765879.5,28882965.79699882,55557710.92069644,84440676.71769527,202702447.37159637,0.00014538878465737094,868.3565311016996,844.3656595321568,0.008124585899785782,0.019503318895385226,0.019663073222837953,0.972372095204829,1.0113787329955994,1.0168425140461725
864.2538473608108,120262736706332.5,528832764069661.75,27638528.19707552,48365616.60769628,76004144.8047718,200611082.02496254,0.00014376294194592376,891.3257608031563,867.6031725387841,0.007312852374106127,0.019302095053191633,0.019444288262776888,0.9733850525727022,1.0119892426790855,1.0151715333096165
887.1145554103183,123671762095400.7,534465002106512.75,26561445.467098236,41295122.99697641,67856568.46407464,198342706.86442482,0.00014200908228301933,914.9025583574279,891.4693777115519,0.006528921140627695,0.0190838399472272,0.019209255662618593,0.9743872389121451,1.0125549188065996,1.0135608444940938
910.5799607650443,127131018611993.23,539485576650760.4,25637052.287368637,34617329.1140357,60254381.401404336,195657277.11398208,0.00014013212469800236,939.1029947734474,915.9795343612865,0.005797465351572398,0.018825457310642526,0.01893523367177859,0.9753770773377851,1.0130279919590701,1.012059414523601
934.6660585039776,130640679889255.25,543882668202061.25,24654279.696953215,28524380.430708658,53178660.12766187,192594339.68756527,0.00013814023462641105,963.9435661605381,941.1487912037292,0.005116664255157033,0.018530752208860964,0.018626055481155965,0.976352583535982,1.013414087953704,1.010663037809956
959.3892667980357,134196734554404.94,547665540914131.6,23675590.56290354,23048615.904503144,46724206.46740668,189083003.49773568,0.0001360446545623143,989.4412049728953,966.9922255483891,0.004495639350604831,0.018192903749963917,0.01827506183709349,0.9773114568994312,1.0136972643993591,1.0093893902494113
984.7664381014392,137791265481048.9,550843965211363.0,22807511.28239717,18077606.133761983,40885117.41615915,185148422.6743345,0.00013385533115382279,1015.6132915515219,993.5255764215149,0.003933822671518249,0.017814332176144757,0.01788468736477332,0.978251845152337,1.0138805095046266,1.0082368116170466
1010.8148706390972,141458369164156.8,553411409587703.0,22032677.71350374,13453033.640819836,35485711.35432358,180990563.6377687,0.00013158654244876215,1042.4776659714425,1020.7643278511187,0.0034143107483266826,0.01741427755537571,0.01747393901316396,0.9791714116962976,1.013999966807049,1.0071712821556424
1037.5523201978642,145162904083961.75,555343720550266.9,21068124.661975004,9088460.194617834,30156584.856592838,176973108.4894333,0.0001292355260898107,1070.0526402023117,1048.7272476285334,0.00290156087842228,0.017027732104534392,0.017077282880450056,0.9800707070170434,1.014126171226112,1.0061218959337588
1064.9970122296836,148901728727734.56,556613273115676.2,20204782.796397693,5005454.964257732,25210237.760655425,172787214.2281504,0.00012680533851380256,1098.3570105906765,1077.4326277520256,0.002425640700692606,0.016624980032722933,0.016665404315724653,0.9809493792665844,1.0141993393320303,1.005148155388248
1093.1676542748733,152687185639613.1,557202475892611.0,19438225.90611552,1253874.9569229037,20692100.863038424,168397407.61351737,0.00012430361322130902,1127.4100706724091,1106.8985021394553,0.001990921407117967,0.016202608229104267,0.01623493070017833,0.9818064703637778,1.0142116868219864,1.004258461153446
1122.0834487140385,156520989703968.78,557102464661059.1,18667820.630614117,-2164220.2062922996,16503600.424321817,163909857.25125644,0.00012173729101381117,1157.2316243240605,1137.143529352917,0.0015879185780500152,0.01577083186473788,0.015795914490815136,0.9826412495572121,1.014182913286688,1.003433785341358
1151.76410585727,160393140208340.0,556306761850577.75,17828607.132048234,-5260506.539093632,12568100.592954602,159404949.0348001,0.00011911144122430987,1187.8419992620663,1168.187200608856,0.0012092585805060245,0.01533738538849025,0.015355954708483346,0.9834533560310037,1.0141281268079843,1.002659343596332
1182.2298573795915,164287538795090.0,554813101480046.4,17057979.50070923,-8038275.898038277,9019703.60267095,154750902.4208882,0.0001164306779832476,1219.2620608990458,1200.0496199337151,0.0008678442613090842,0.014889589338456811,0.014902522407006761,0.9842425664002341,1.0140217450771478,1.0019604711665948
1213.5014701117723,168212399092438.2,552615914823523.44,16341695.749542575,-10584954.424109843,5756741.325432733,150055419.67851168,0.0001137028118197756,1251.5132265665975,1232.7509158292692,0.0005538934695856554,0.01443780644940039,0.014445807888052472,0.9850083000810139,1.0138839129798147,1.0013176643508375
1245.600260195945,172193177659415.66,549683638825971.0,15687851.77848421,-13026754.430446295,2661097.3480379153,145439169.53845266,0.00011093384815898309,1284.6174801143309,1266.312081178854,0.0002560414581245944,0.013993647043582315,0.013997230914995497,0.9857503114982931,1.0137376055854577,1.0007083409082875
1278.5481076156404,176164111963952.9,545980707319896.75,14795519.998488234,-15227218.218234994,-431698.21974675916,141049491.97415227,0.00010811523594731727,1318.597386895036,1300.7570923603819,-4.153648934912129e-05,0.013571287656734257,0.013570723976502348,0.9864702488326149,1.0136128241460833,1.0001011153679675
1312.3674711101821,180142283477255.84,541554712083903.0,14135042.202595228,-16780005.86132079,-2644963.6587255616,136026006.96480784,0.00010526381707596488,1353.4761091462617,1336.106332499867,-0.00025448913109698304,0.01308794553939009,0.013084615646923366,0.9871665435917069,1.0133424346704871,0.999662365327205
1347.0814034835648,184153920709423.56,536556076050279.44,13542954.624344477,-17588040.137035392,-4045085.512690915,130467183.12787244,0.00010241094641395024,1389.2774217787262,1372.3784025832463,-0.00038920394763900895,0.01255309499673102,0.012548211183402632,0.987836108950908,1.01294229894437,0.999379406194839
1382.713567318296,188205822358469.8,531091700128626.0,12923855.21203797,-18204283.659623288,-5280428.447585318,125035590.65502417,9.957630677192212e-05,1426.0257285823816,1409.5944585035759,-0.0005080643142345764,0.01203048620990402,0.012024377053022478,0.9884775781043306,1.0125385505241387,0.9991291049599142
1419.2882511048756,192270668267252.8,525073352746101.75,12291364.015602339,-19271224.22023636,-6979860.204634022,120333741.39833581,9.674678668982994e-05,1463.7460788611322,1447.7817131109714,-0.0006715776803949007,0.011578090757158871,0.011570320388231116,0.9890934869232361,1.0122496684375537,0.9987919070620875
1456.8303857979222,196313154543475.3,518287969656213.6,11524408.534994142,-20739101.96883122,-9214693.433837077,116390272.84509015,9.389325136264743e-05,1502.464184507568,1486.9706858859474,-0.0008866054993104126,0.011198664037130771,0.01118874403513884,0.9896879414621796,1.0120852695364413,0.9983541263741338
1495.3655618102468,200305356892186.34,510649676081100.7,10876318.563885473,-21867596.48639383,-10991277.922508359,112195239.02202435,9.100692337272633e-05,1542.206437529358,1527.1892172140522,-0.0010575422308419834,0.010795032588724074,0.010783628446240465,0.9902625096421179,1.0118525748195661,0.9980043205718764
1534.9200464564212,204270429841594.38,502351969958922.9,10211021.434512492,-22029067.8672357,-11818046.43272321,107287846.13857113,8.812138544500323e-05,1582.9999280392237,1568.4588556606118,-0.0011370909985873613,0.010322860448762317,0.010311135749116785,0.9908142305498251,1.0114599514473497,0.99783578047972
1575.5208018577764,208242276412008.3,493717805574176.5,9777622.038123814,-21445941.028694678,-11668318.990570864,101683189.30173527,8.528407603474411e-05,1624.8724627207935,1610.7995800022368,-0.0011226847489857754,0.009783600015524313,0.009772628434623256,0.9913390847334614,1.01090628476451,0.9978537053991057
1617.1955033209895,212197038899182.88,484860186237523.9,9219049.746117843,-21044796.679871723,-11825746.93375388,96664350.25926645,8.250600946669515e-05,1667.8525837828813,1654.2381149536957,-0.0011378319138017695,0.009300704916826085,0.00929013430552975,0.9918371269969757,1.010438536830628,0.9978143322306003
1659.9725582028323,216143293390209.62,475547576468686.75,8556677.661360476,-21332086.21990543,-12775408.558544952,92677905.8938465,7.976104013883308e-05,1711.9695884151547,1698.8080720386793,-0.0012292050262193816,0.008917143214805948,0.00890619567431858,0.9923120618114134,1.0101463482410253,0.9976252473201473
1703.8811252738965,219961380153825.47,465556023478946.4,7935916.137516987,-21655009.70678751,-13719093.569270525,88879657.18842171,7.701208245971035e-05,1757.25354875841,1744.5456429598437,-0.0013200030897831414,0.008551689039454614,0.008540415664389588,0.9927683140503285,1.0098716921292377,0.9974379636882477
1748.951134594537,223727316340881.3,455009061188552.6,7463153.500289744,-21407326.934190843,-13944173.4339011,84575262.46182778,7.428534163235611e-05,1803.7353324031103,1791.477371138757,-0.0013416594853212416,0.008137535268284413,0.008126632095250105,0.9932041242170369,1.0094791947536057,0.9973879411790716
1795.2133079165476,227429374185888.38,444115443653213.75,6879100.729023505,-20880453.34439789,-14001352.615374386,80328758.39860582,7.160421985403087e-05,1851.4466234301246,1839.6310790165464,-0.0013471610657161059,0.007728951533803208,0.0077185533991801815,0.9936182095319129,1.0090761125995193,0.9973705320474956
1842.6991796244877,231024722693882.94,432933501436037.94,6404258.914098225,-20346466.14333756,-13942207.229239333,76183986.19830705,6.897091481966884e-05,1900.4199440080206,1889.0389261160835,-0.0013414703040013844,0.007330156082542753,0.007320336069090758,0.9940113142214586,1.008671626386544,0.997375895081175
1891.4411182309532,234546041426238.5,421396755627383.94,5865291.487858908,-20080173.239838794,-14214881.751979886,72576918.91044486,6.63823794870587e-05,1950.6886765616532,1939.7347976602798,-0.0013677060906956953,0.006983096712986535,0.0069735589339587345,0.9943846093777091,1.008350802803682,0.9973186895927694
1941.4723484404012,237904083938389.7,409283073968610.1,5305526.230041573,-20160380.36180391,-14854854.131762339,69508306.32256913,6.380847361350803e-05,2002.2870865271188,1991.7579325822817,-0.0014292819896006275,0.00668784556706416,0.006678300392591885,0.9947414364225364,1.008117127556665,0.997192027364836
1992.8269737966227,241103112554848.3,396475296283033.75,4781675.809446586,-20145959.66536148,-15364283.855914893,66467065.79848192,6.12411987197148e-05,2055.2503457086377,2045.1448225301342,-0.001478297531809259,0.006395228065164414,0.006385787970568864,0.9950830694666448,1.0078735255969737,0.9970906077764966
2045.5399999292408,244125189781900.8,383098557165326.44,4279470.050320366,-19816242.298059933,-15536772.247739566,63251963.293145254,5.8694065233926975e-05,2109.6145562532247,2099.9293402701624,-0.0014948937601978669,0.006085882172916841,0.006076798005496441,0.995409011587281,1.0075807759331148,0.9970537219393846
2099.647358415143,246989486159599.12,369289277119839.25,3788230.170387053,-19416404.640210707,-15628174.469823655,60125571.821498096,5.6183723325000015e-05,2165.41677525956,2156.1457954259686,-0.0015036881615885162,0.005785071745346783,0.0057763858623088625,0.9957186164162417,1.0072887599069351,0.9970326609602918
2155.18593127105,249632141249906.88,354854542107805.25,3355292.2029832224,-19645906.415042408,-16290614.212059185,57716077.916713014,5.368854925408444e-05,2222.6950400377623,2213.8357934807104,-0.001567425791347429,0.005553238688514656,0.005544548020945263,0.9960141871028327,1.007120664479862,0.9969031503240722
2212.193576093977,251965230715344.3,339052176353125.5,2586650.446799014,-20863457.762857012,-18276807.316058,56718645.45893894,5.1139540282608216e-05,2281.488394037352,2273.0497641530947,-0.0017585303290449446,0.005457269234012148,0.005447689307142324,0.9963012610950328,1.0072157995630573,0.9965217690180767
2270.7091518666643,253804723921852.88,321066973069189.9,1897301.1267553149,-23117540.854453165,-21220239.72769785,56709588.80818624,4.846063395481415e-05,2341.83691346101,2333.840334851949,-0.0020417370772396826,0.0054563978348255845,0.005445280004743947,0.9965853392424141,1.0074981349120653,0.9959585291979766
2330.772545445628,255083617433157.75,298827049644547.1,908267.8954474947,-28516102.737554558,-27607834.84210706,60063466.69081618,4.549037418923852e-05,2403.7817345823432,2396.275284016735,-0.002656329086888917,0.005779096207387399,0.00576378569579307,0.9968772328795015,1.0084354252942762,0.9947414818850302
2392.4246987498354,255275460973392.78,270702822655843.72,0.0,-31763121.355684265,-31763121.355684265,61014166.375541255,4.2083244034820526e-05,2467.3650817862163,2460.420848052862,-0.0030561361885142013,0.0058705691982928535,0.005852682603189359,0.9971855669902213,1.008926705386807,0.99394968043255
2455.707636668555,255275460973392.78,241353906973709.03,0.0,-28576332.393161,-28576332.393161,54790085.4270482,3.871109099934902e-05,2532.63029635079,2526.2425078107667,-0.0027495145261005965,0.005271709948475223,0.005257255049349621,0.9974778045776254,1.0080212244745757,0.9945510557083014
2520.6644957074345,255275460973392.78,214239809837377.03,0.0,-25115169.193880223,-25115169.193880223,48636926.29418913,3.5654500130921765e-05,2599.621865990909,2593.738451148884,-0.0024164935364684617,0.004679674547135425,0.004668393404647401,0.9977368189893331,1.007096168083604,0.9952061643968361
2587.3395533922712,255275460973392.78,188753691759448.25,0.0,-22581155.422563262,-22581155.422563262,43694389.19952296,3.2850178305026064e-05,2668.3854551829177,2662.964786658796,-0.0021726796145936454,0.004204120954371785,0.00419500654915934,0.9979685586602218,1.0063768005689653,0.9956862836340299
2655.77825845059,255275460973392.78,164729943927055.5,0.0,-20058384.428969722,-20058384.428969722,39013279.47519579,3.0272113445732017e-05,2738.967936291644,2733.972679005969,-0.0019299474333788608,0.0037537209867262314,0.0037464904570844028,0.9981762264466526,1.0056836684201051,0.9961652329050797
2726.0272617915252,255275460973392.78,142390330416566.06,0.0,-17604778.449913997,-17604778.449913997,34638438.31950353,2.792336238815808e-05,2811.417421520701,2806.809735980012,-0.00169387006739905,0.0033327891071041516,0.0033271533416490856,0.9983610809602949,1.0050266591745032,0.996631880717965
2798.134448305208,255275460973392.78,121819133831104.28,0.0,-15322497.119908454,-15322497.119908454,30653242.766482145,2.5796536672461654e-05,2885.783295707954,2881.52656160218,-0.0014742769585576849,0.0029493475614351854,0.0029450058072307667,0.9985249293971225,1.004423624519993,0.9970666013844597
2872.148969503246,255275460973392.78,103037457531403.2,0.0,-13213189.932688052,-13213189.932688052,27039257.353872173,2.3880047095955298e-05,2962.116249988435,2958.175759363221,-0.0012713268153595023,0.0026016225541678124,0.0025983192412415575,0.9986697042611917,1.0038729493695273,0.9974689211535989
2948.121277022628,255275460973392.78,86066737025384.03,0.0,-11263328.919699091,-11263328.919699091,23764463.129685268,2.2162783796403817e-05,3040.468316347723,3036.8111945075752,-0.0010837180240937125,0.0022865333339868797,0.0022840580591001565,0.9987971846901068,1.0033702513580807,0.9978412878612857
3026.1031570158316,255275460973392.78,70922362885576.02,0.0,-9474307.255033253,-9474307.255033253,20813019.385540858,2.0633694924340264e-05,3120.8929030892905,3117.488099024785,-0.0009115846310875263,0.002002555763462962,0.0020007319269873943,0.9989090288676246,1.0029141403945503,0.9981833163270241
3106.147765450589,255275460973392.78,57594160166475.41,0.0,-7854990.628559823,-7854990.628559823,18177120.033451777,1.9280618366037342e-05,3203.4448312399963,3200.2633008345315,-0.0007557796619407348,0.0017489387681748415,0.0017476179540683143,0.9990068408937659,1.0025047184301155,0.9984932021261254
3188.309664343416,255275460973392.78,46038307365188.34,0.0,-6412394.960417816,-6412394.960417816,15847529.841523679,1.8089982869878048e-05,3288.180371918599,3285.1953104728404,-0.0006169781638942078,0.0015247937664845368,0.0015238535820994094,0.9990921843974097,1.002141771930379,0.9987695039920272
3272.644858951518,255275460973392.78,36177894376887.875,0.0,-5148821.794353923,-5148821.794353923,13810886.600964995,1.7047074325370004e-05,3375.157284692661,3372.3443155097893,-0.000495401583418994,0.0013288350935044852,0.0013281771124599114,0.9991665664899145,1.0018242366769237,0.9990116949263361
3359.2108359485264,255275460973392.78,27906685435282.71,0.0,-4061607.5188530283,-4061607.5188530283,12049670.335265221,1.61364605636166e-05,3464.434856950103,3461.7721498239584,-0.0003907936371526264,0.0011593770385126172,0.001158924138333414,0.99923141659864,1.001550170675665,0.9992202127039065
3448.0666026099825,255275460973392.78,21094675143582.65,0.0,-3143302.8272639355,-3143302.8272639355,10542591.10193472,1.5342464980402336e-05,3556.0739443121356,3553.54225586194,-0.00030243757892330634,0.0010143711578762882,0.0010140644666741152,0.9992880664210471,1.0013168087367996,0.9993964268430806
3539.2727270353857,255275460973392.78,15594943914499.629,0.0,-2382376.647493846,-2382376.647493846,9265469.452237802,1.4649648405632732e-05,3650.137012115224,3647.719646606139,-0.00022922392939742092,0.0008914909898012693,0.0008912866855649844,0.9993377329395962,1.0011207149191987,0.9995425037523958
3632.8913794341156,255275460973392.78,11250680642617.896,0.0,-1764458.3080567417,-1764458.3080567417,8192595.15184459,1.4043232093387978e-05,3746.688177990251,3744.3708783555667,-0.00016976999294219958,0.0007882627856697576,0.0007881289850175337,0.9993815072072725,1.0009580327786118,0.9996611673969311
3728.986374503479,255275460973392.78,7901385148698.324,0.0,-1273628.2161529963,-1273628.2161529963,7298061.682940204,1.3509415396986786e-05,3845.7932555680172,3843.564042011191,-0.00012254404214595197,0.0007021939111551125,0.0007021078720184528,0.9994203501309908,1.000824737953301,0.9997554497943867
3827.623214927659,255275460973392.78,5388089136850.107,0.0,-893346.1848029995,-893346.1848029995,6556678.854131944,1.3035593233496031e-05,3947.5197993407496,3945.3687720532284,-8.595463820053545e-05,0.0006308606543478913,0.0006308064336091159,0.9994550939838527,1.0007168152925485,0.9998285107341767
3928.869136027324,255275460973392.78,3558005333548.267,0.0,-606993.1329485014,-606993.1329485014,5944462.910011986,1.2610506760230407e-05,4051.9371507103183,4049.8562677259497,-5.84027513861307e-05,0.000571955382379853,0.0005719219805626099,0.9994864473690063,1.0006303581337659,0.999883531785731
4032.7931515902474,255275460973392.78,2268943445146.717,0.0,-398249.1561839618,-398249.1561839618,5438943.365373172,1.222435197134563e-05,4159.116485254454,4157.099322384179,-3.8318137711652806e-05,0.0005233160639365659,0.0005232960122079062,0.9995150020737751,1.0005616342016483,0.9999236419469972
4139.466100914203,255275460973392.78,1393380206477.9895,0.0,-251515.05683114112,-251515.05683114112,5019497.157231437,1.18688459688353e-05,4269.130861243222,4267.172361074258,-2.4199897060818856e-05,0.0004829584201936088,0.00048294673293238595,0.9995412414768672,1.0005071583172545,0.9999518351890399
4248.96069709426,255275460973392.78,821684463695.97,0.0,-152426.73447449924,-152426.73447449924,4667756.123869851,1.1537233917914804e-05,4382.055269438862,4380.151489186177,-1.466596604622414e-05,0.00044911513102173566,0.00044910854441107225,0.9995655508350245,1.000463781097068,0.9999708704057758
4361.35157658727,255275460973392.78,463937814447.52435,0.0,-88370.3078971476,-88370.3078971476,4367993.894851961,1.1224221196449501e-05,4497.966684212837,4496.1145547667675,-8.502681236215583e-06,0.000420273060187683,0.0004202694867702037,0.9995882296210485,1.0004287757414239,0.9999831714778811
4476.715350087484,255275460973392.78,250047165629.08954,0.0,-48859.76194782067,-48859.76194782067,4107358.6023687045,1.0925830381905904e-05,4616.944116015085,4615.141224587795,-4.7011150125584704e-06,0.0003951956460241812,0.0003951937881727307,0.9996095054689884,1.0003998967610368,0.9999907540129619
4595.130654747815,255275460973392.78,128240983872.93224,0.0,-25681.389027541874,-25681.389027541874,3875866.2899281206,1.0639200607570585e-05,4739.068665231055,4737.313071111603,-2.470973223931488e-06,0.00037292226723718435,0.0003729213457585243,0.9996295487059867,1.0003753932404613,0.9999951971415311
4716.678207782515,255275460973392.78,62380148088.00716,0.0,-12790.33477240165,-12790.33477240165,3666153.2315196358,1.0362358388947917e-05,4864.423577463441,4862.713665589202,-1.2306411741915578e-06,0.00035274441192412436,0.0003527439778228613,0.9996484862292501,1.0003539750530985,0.999997663150218
4841.440861487625,255275460973392.78,28680072783.43853,0.0,-6015.22333263949,-6015.22333263949,3473054.1985898856,1.0093990743160268e-05,4993.094300276089,4991.428672242167,-5.787637021883775e-07,0.00033416509990074554,0.0003341649064982271,0.9996664136638015,1.000334743863603,0.9999989541396683
4969.503659716874,255275460973392.78,12417902458.52143,0.0,-2661.721411717816,-2661.721411717816,3293104.120629343,9.833244874257392e-06,5125.168541438955,5123.545939561884,-2.56101503344166e-07,0.0003168509342297213,0.0003168508530837415,0.9996834051672736,1.000317107035733,0.9999995881916118
5100.953895851394,255275460973392.78,5044103716.493262,0.0,-1103.988049170133,-1103.988049170133,3124053.6302479296,9.579568041484092e-06,5260.73632871366,5259.155586518748,-1.0622185996692815e-07,0.0003005854886661274,0.00030058545673738107,0.9996995207331938,1.0003006917105262,0.9999998779079196
5235.881172302809,255275460973392.78,1914383876.5067225,0.0,-427.47940150615153,-427.47940150615153,2964459.4918332105,9.332590682124769e-06,5399.890071220458,5398.350083215238,-4.1130569447437026e-08,0.0002852299001387208,0.00028522988840705307,0.9997148112304307,1.0002852710307082,0.9999999990949553
5374.37746159032,255275460973392.78,675969281.0020038,0.0,-153.87747268544314,-153.87747268544314,2813375.9485570714,9.09204817440074e-06,5542.7246224285,5541.224326786231,-1.4805550991194687e-08,0.0002706931712409316,0.0002706931672331701,0.99972932163431,1.0002707079767919,1.0000000436636929
5516.537169033279,255275460973392.78,221063927.6553295,0.0,-51.262499441297614,-51.262499441297614,2670144.7968407464,8.857732707038815e-06,5689.337344812193,5687.875713997459,-4.932297991179704e-09,0.0002569119719317997,0.0002569119706646333,0.9997430929603662,1.0002569169042297,1.0000000561391686
5662.457197102157,255275460973392.78,66639594.99104094,0.0,-15.730229764623868,-15.730229764623868,2534265.673491543,8.629466051833876e-06,5839.828176217901,5838.404212105049,-1.5135075642906565e-09,0.00024383815901899008,0.00024383815864993918,0.9997561633544886,1.0002438396725266,1.0000000564300358
5812.2370114716,255275460973392.78,18424053.30711805,0.0,-4.423949588607894,-4.423949588607894,2405322.9509615605,8.40708540045013e-06,5994.299697986048,5992.912429314729,-4.256569208834242e-10,0.00023143174227686144,0.00023143174217835094,0.99976856868338,1.0002314321679338,1.0000000527093404
5965.978708820761,255275460973392.78,4646960.011920412,0.0,-1.134309060551979,-1.134309060551979,2282948.0126476097,8.190436585649908e-06,6152.857204875225,6151.505685824509,-1.0913924138919908e-10,0.00021965725470807188,0.00021965725468409868,0.9997803428544312,1.000219657363847,1.0000000480310336
6123.787086426958,255275460973392.78,1063278.4960160684,0.0,-0.2636788353296926,-0.2636788353296926,2166801.291858909,7.979371083665213e-06,6315.608776835809,6314.29208609295,-2.5370253186786985e-11,0.00020848202439601444,0.0002084820243907252,0.9997915180009742,1.000208482049766,1.000000043414016
6285.769713600267,255275460973392.78,219404.99909017977,0.0,-0.05524351112960144,-0.05524351112960144,2056564.222662798,7.773744770302559e-06,6482.665352682174,6481.382592716621,-5.3153369800524415e-12,0.00019787540004340845,0.0001978754000423567,0.999802124605272,1.0001978754053586,1.000000039144045
6452.0370050076035,255275460973392.78,40574.24636391382,0.0,-0.01036678957126325,-0.01036678957126325,1951935.6660757577,7.573417413178264e-06,6654.140805713572,6652.891102134783,-9.974561508823324e-13,0.0001878084071129282,0.00018780840711274087,0.9998121915938846,1.0001878084081104,1.000000035270004
6622.702295936315,255275460973392.78,6680.206849857984,0.0,-0.0017310378477402258,-0.0017310378477402258,1852630.1635082578,7.378252443521449e-06,6830.152021335294,6828.934522288188,-1.665543934088172e-13,0.00017825357977978849,0.0001782535797797588,0.9998217464203868,1.0001782535799464,1.0000000317740065
6797.881919548677,255275460973392.78,972.3787268967068,0.0,-0.00025541672693747686,-0.00025541672693747686,1758376.8743430087,7.188116824462114e-06,7010.818976733077,7009.632852315234,-2.4575302080813304e-14,0.00016918485870924852,0.00016918485870924435,0.9998308151413153,1.000169184858734,1.000000028623468
6977.695286179769,255275460973392.78,124.21907557707654,0.0,-3.3058557589812885e-05,-3.3058557589812885e-05,1668918.7595219372,7.00288095028078e-06,7196.264822654924,7195.109264350403,-3.1807785216999012e-15,0.0001605775125042129,0.0001605775125042124,0.999839422487499,1.0001605775125073,1.0000000257851318
7162.264964733002,255275460973392.78,13.818818328618079,0.0,-3.7242796862183357e-06,-3.7242796862183357e-06,1584011.8616401597,6.822418555727468e-06,7386.615967356248,7385.490187484369,-3.58337135627991e-16,0.00015240806843839716,0.0001524080684383971,0.9998475919315619,1.0001524080684387,1.0000000232282191
7351.7167662285565,255275460973392.78,1.327752489658135,0.0,-3.6221580626478753e-07,-3.6221580626478753e-07,1503424.635585575,6.64660662947385e-06,7582.002162765403,7580.9053939438145,-3.4851135100409865e-17,0.00014465424805281605,0.00014465424805281605,0.9998553457519472,1.0001446542480528,1.0000000209248519
7546.17982956191,255275460973392.78,0.10923497931917428,0.0,-3.015106197254846e-08,-3.015106197254846e-08,1426937.3163339708,6.47532533017641e-06,7782.556592928502,7781.4880875500885,-2.9010294858804707e-18,0.00013729490632724493,0.00013729490632724493,0.9998627050936728,1.0001372949063272,1.0000000188498916
7745.786709530672,255275460973392.78,0.0076248182492732386,0.0,-2.1285352916177218e-09,-2.1285352916177218e-09,1354341.3195126653,6.308457904773532e-06,7988.415964793612,7987.374994516903,-2.0480020399753342e-19,0.00013030997400455464,0.00013030997400455464,0.9998696900259955,1.0001303099740046,1.0000000169806895
7950.673467189975,255275460973392.78,0.0004472224661863555,0.0,-1.262156029342206e-10,-1.262156029342206e-10,1285438.6725632728,6.145890608899403e-06,8199.720601396439,8198.706456649124,-1.2144022854774657e-20,0.00012368040285918696,0.00012368040285918696,0.9998763195971409,1.0001236804028593,1.0000000152968422
8160.979762597772,255275460973392.78,2.1817928427526222e-05,0.0,-6.222658278450995e-12,-6.222658278450995e-12,1220041.4748593818,5.987512629350565e-06,8416.614537510777,8415.626527006045,-5.98722365493474e-22,0.00011738811375157028,0.00011738811375157028,0.9998826118862484,1.0001173881137515,1.0000000137799696
8376.84895001348,255275460973392.78,8.758344749593936e-07,0.0,-2.5234770986877187e-13,-2.5234770986877187e-13,1157971.38529282,5.833216008550554e-06,8639.24561782917,8638.283068094484,-2.4280012017163478e-23,0.00011141594732546619,0.00011141594732546619,0.9998885840526746,1.0001114159473254,1.0000000124135136
8598.428175614697,255275460973392.78,2.860302062013897e-08,0.0,-8.322477169332245e-15,-8.322477169332245e-15,1099059.1359293887,5.682895570961173e-06,8867.765597740497,8866.827852658527,-8.00759578079935e-25,0.00010574761721362929,0.00010574761721362929,0.9998942523827864,1.0001057476172137,1.0000000111825587
8825.868477798642,255275460973392.78,7.50881567944862e-10,0.0,-2.205617990526472e-16,-2.205617990526472e-16,1043144.0704075804,5.536448851390117e-06,9102.330246773261,9101.416667134652,-2.12216831066561e-26,0.00010036766562414987,0.00010036766562414987,0.9998996323343758,1.0001003676656242,1.0000000100736683
9059.324890136799,255275460973392.78,1.5645866307872036e-11,0.0,-4.6380701650017584e-18,-4.6380701650017584e-18,990073.705821416,5.393776025146027e-06,9343.09945477519,9342.209417842843,-4.462588521261074e-28,9.526142118635647e-05,9.526142118635647e-05,0.9999047385788137,1.0000952614211864,1.0000000090747383
9298.956547052736,255275460973392.78,2.5532311369460284e-13,0.0,-7.636125248741134e-20,-7.636125248741134e-20,939703.3168926984,5.254779839993526e-06,9590.237340901313,9589.370239985898,-7.347212023458278e-30,9.041495894132776e-05,9.041495894132776e-05,0.9999095850410586,1.0000904149589414,1.0000000081748648
9544.92679229537,255275460973392.78,3.2174722267573575e-15,0.0,-9.705427454804338e-22,-9.705427454804338e-22,891895.541298635,5.119365549861666e-06,9843.912365485034,9843.067609531445,-9.338222064979367e-32,8.581506236789997e-05,8.581506236789997e-05,0.9999141849376321,1.000085815062368,1.000000007364225
9797.403290281361,255275460973392.78,3.084650490654142e-17,0.0,-9.382090588978594e-24,-9.382090588978594e-24,846520.0050786023,4.987440850260769e-06,10104.297444868234,10103.474458052702,-9.027118667531315e-34,8.144918734061894e-05,8.144918734061894e-05,0.9999185508126593,1.0000814491873407,1.0000000066339703
10056.558140382826,255275460973392.78,2.2148173160159104e-19,0.0,-6.79058321949907e-26,-6.79058321949907e-26,803452.9670984605,4.858915815363487e-06,10371.57006926892,10370.7682906065,-6.53366112411823e-36,7.730542792134283e-05,7.730542792134283e-05,0.9999226945720786,1.0000773054279213,1.0000000059761294
10322.567994237963,255275460973392.78,1.1714059319116548e-21,0.0,-3.619415361049944e-28,-3.619415361049944e-28,762576.9816029086,4.733702836707329e-06,10645.912423766515,10645.131306728694,-3.4824745787111994e-38,7.337248389121268e-05,7.337248389121268e-05,0.9999266275161088,1.0000733724838913,1.0000000053835214
10595.614176164796,255275460973392.78,4.484490863156634e-24,0.0,-1.3960363546167044e-30,-1.3960363546167044e-30,723780.5779356112,4.6117165634767765e-06,10927.511512487408,10926.750524629575,-1.343217241167652e-40,6.963962993444581e-05,6.963962993444581e-05,0.9999303603700656,1.0000696396299344,1.0000000048496782
10875.882806760084,255275460973392.78,1.2199272645650548e-26,0.0,-3.8252958758142845e-33,-3.8252958758142845e-33,686957.9565536776,4.492873844324281e-06,11216.559286075522,11215.817908674017,-3.680565592700489e-43,6.609668638991455e-05,6.609668638991455e-05,0.9999339033136101,1.00006609668639,1.000000004368772
11163.5649297674,255275460973392.78,2.3126291753554913e-29,0.0,-7.302701242282019e-36,-7.302701242282019e-36,652008.7005075539,4.377093670690608e-06,11513.252772534384,11512.53050023292,-7.02640313290611e-46,6.273399149075305e-05,6.273399149075305e-05,0.9999372660085093,1.0000627339914907,1.0000000039355537
11458.856642301216,255275460973392.78,2.992945376441725e-32,0.0,-9.515366104079339e-39,-9.515366104079339e-39,618837.5015994638,4.264297121585724e-06,11817.79421153036,11817.09055199555,-9.155351696074451e-49,5.954237501628225e-05,5.954237501628225e-05,0.9999404576249837,1.0000595423750163,1.0000000035452945
11761.959228515625,255275460973392.78,2.5875553311485414e-35,0.0,-8.280792634395206e-42,-8.280792634395206e-42,587353.9004736446,4.154407309792658e-06,12130.391192248426,12129.705665834186,-7.96748838256984e-52,5.6513133284403675e-05,5.6513133284403675e-05,0.9999434868667156,1.0000565131332844,1.0000000031937344
