radius_kpc,baryon_projected_mass_Msun,field_equivalent_projected_mass_Msun,baryon_surface_density_Msun_kpc2,field_equivalent_surface_density_Msun_kpc2,sigma_Msun_kpc2,delta_sigma_Msun_kpc2,alpha_rad,theta_arcsec,beta_arcsec,kappa,gamma_t,reduced_shear_t,lambda_t,lambda_r,signed_magnification
1.0,394228097.7816402,1725902288.4698315,125443995.6400494,549360756.5701213,674804752.2101707,53709.73233127594,4.058282214639818e-07,1.0313240300000002,0.9643575665043256,0.06492734767207622,5.167762160869894e-06,5.526588921197103e-06,0.9350674845657629,0.9350778200900847,1.1436925415000796
1.0260878380002123,415058050.60361534,1817125089.6356835,125439475.9300459,549359593.313343,674799069.2433889,56553.67670869827,4.1641365056796345e-07,1.0582290442203661,0.9895158595402438,0.06492680087693459,5.441396519176008e-06,5.819219847471923e-06,0.9350677577265463,0.9350786405195846,1.1436912039287161
1.05285625129195,436988185.52409565,1913169377.3576288,125434716.63211551,549358368.5790879,674793085.2112033,59548.355889201164,4.2727508975099807e-07,1.0858359520931065,1.0153305012962086,0.06492622511433524,5.729534051820831e-06,6.127360434765057e-06,0.9350680453516129,0.9350795044197167,1.1436897954998477
1.0803229946131652,460076565.8982241,2014289974.6918945,125429705.00691724,549357079.1187339,674786784.1256511,62701.78923022747,4.3841972818415343e-07,1.1141630645061178,1.0418186163617362,0.0649256188459724,6.0329463532649724e-06,6.4518357842499925e-06,0.9350683482076744,0.9350804141003809,1.1436883124509127
1.1085062858845378,484384314.5054457,2120755171.229033,125424427.63347876,549355721.5120578,674780149.1455365,66022.42534291744,4.498549416752091e-07,1.1432291700387738,1.0689977762205511,0.06492498045144525,6.3524463192550225e-06,6.793515158090655e-06,0.9350686671022355,0.9350813719948741,1.1436867508185837
1.1374248182929108,509975774.2151698,2232847434.6176376,125418870.37225825,549354292.1581442,674773162.5304024,69519.16535806656,4.615882974638316e-07,1.1730535474238626,1.0968860109212646,0.06492430822382922,6.688890385392448e-06,7.1533143725369865e-06,0.9350690028857854,0.9350823806665561,1.143685106427942
1.167097772689957,536918677.0306928,2350864159.668216,125413018.32615168,549352787.2658929,674765805.5920446,73201.38757002354,4.736275591359753e-07,1.2036559783346303,1.1255018210534822,0.06492360036501081,7.043180898283073e-06,7.5321983327056555e-06,0.935069356454091,0.9350834428158875,1.143683374881072
1.1975448303143013,565284321.9417583,2475118457.0188723,125406855.79932871,549351202.843909,674758058.6432377,77078.97333192825,4.85980691659862e-07,1.2350567605054115,1.1548641900374377,0.0649228549807542,7.41626860708609e-06,7.931183696007721e-06,0.9350697287506387,0.9350845612878529,1.1436815515450023
1.2287861858455327,595147762.0375048,2605939983.452369,125400366.25376633,549349534.6899819,674749900.9437482,81162.33453452587,4.986558665465209e-07,1.2672767211945437,1.1849925967353598,0.06492207007550684,7.809155307429227e-06,8.351341698397064e-06,0.9350701207691857,0.9350857390798005,1.1436796315390059
1.2608425607987697,626588001.3539023,2743675816.0608907,125393532.26334722,549347778.3799622,674741310.6433095,85462.44257390499,5.116614671373269e-07,1.300337230998507,1.2159070283931024,0.06492124354691264,8.222896628582967e-06,8.79380113368612e-06,0.9350705335564587,0.935086979349716,1.1436776097211911
1.293735217268661,659688201.953166,2888691372.571741,125386335.46537793,549345929.256003,674732264.721381,89990.85890758038,5.250060940212314e-07,1.334260218026441,1.2476279939207553,0.06492037318001594,8.658604973459704e-06,9.259751496143555e-06,0.9350709682150106,0.9350882854249575,1.1436754806743334
1.3274859720319352,694535901.757013,3041371380.270377,125378756.50937195,549343982.4142635,674722738.9236355,94759.76742196083,5.386985705845837e-07,1.3690681824444428,1.2801765375211578,0.06491945664115037,9.117452632898042e-06,9.75044630930696e-06,0.9350714259062167,0.9350896608114825,1.1436732386909376
1.3621172110178588,731223243.6811666,3202120896.083086,125370775.00293487,549341932.6919258,674712707.6948607,99782.0085953474,5.527479486961062e-07,1.4047842113992985,1.3135742526755385,0.06491849147148299,9.600675072706716e-06,1.0267206639359959e-05,0.9350719078534443,0.9350911092035897,1.1436708777574607
1.3976519041561937,769847216.6450932,3371366380.51761,125362369.45457709,549339774.6534972,674702144.1080743,105071.11558282375,5.671635145297722e-07,1.4414319943315395,1.34784329649573,0.06491747508019395,1.0109574405626246e-05,1.0811424806054693e-05,0.9350724153454004,0.9350926344942116,1.1436683915376435
1.4341136206125087,810509909.0587286,3549556828.3031816,125353517.21326587,549337502.5764685,674691019.7897344,110641.35243833065,5.819547945285004e-07,1.4790358386879836,1.383006404452631,0.06491640473728053,1.0645523068922957e-05,1.1384568313308939e-05,0.9350729497396506,0.9350942407857884,1.1436657733549238
1.4715265444209458,853318775.4168837,3737164958.718004,125344194.4045187,549335110.4361364,674679304.8406551,116507.75445723534,5.971315615111707e-07,1.5176206860441839,1.419086905490921,0.06491527756594787,1.1209967706009574e-05,1.1988183997734139e-05,0.9350735124663461,0.9350959324017581,1.1436630161738426
1.5099154905248118,898386916.662179,3934688468.7525663,125334375.86282566,549332591.8896761,674666967.7525017,122686.17089521885,6.127038409259088e-07,1.5572121286474758,1.456108737540246,0.06491409053457446,1.180443327670681e-05,1.2623902421388452e-05,0.9350741050321488,0.9350977138987023,1.1436601125804098
1.5493059212356342,945833375.0087206,4142651352.420557,125324035.0601712,549329940.2593628,674653975.3195341,129193.31014811993,6.28681917252271e-07,1.5978364263915967,1.4940964634333986,0.0649128404482204,1.2430527404289562e-05,1.329344251743116e-05,0.9350747290243753,0.9350995900791839,1.1436570547613574
1.5897239631215991,995783443.9513919,4361605289.704121,125313144.03041324,549327148.5149077,674640292.545321,136046.78756654263,6.45076340555063e-07,1.639520524234139,1.533075287242315,0.06491152393965174,1.3089944976040841e-05,1.3998616506526221e-05,0.9350753861153722,0.9351015660053243,1.1436538344822071
1.6311964243365709,1048368994.2195587,4592131108.8032055,125301673.28925803,549324209.2548618,674625882.5441198,143265.17606413364,6.618979331924678e-07,1.6822920700683826,1.5730710710429863,0.06491013745985166,1.3784473012602798e-05,1.4741335100305353e-05,0.9350760780671358,0.935103647013161,1.14365044306409
1.673750812401189,1103728816.4691973,4834840325.551619,125289591.7495507,549321114.687038,674610706.4365886,150868.05970168114,6.791577966811317e-07,1.7261794330613685,1.6141103521207116,0.06490867726798615,1.4515995823650876e-05,1.552361301058826e-05,0.9350768067361902,0.9351058387278376,1.1436468713592307
1.717415352447835,1162008981.5440211,5090376764.065905,125276866.6315821,549317856.6079348,674594723.239517,158876.09047663212,6.968673187208756e-07,1.7712117224703716,1.6562203606274104,0.06490713942079437,1.5286500471982086e-05,1.634757478793441e-05,0.9350775740787336,0.9351081470796776,1.1436431097250324
1.7622190059415719,1223363219.1740031,5359418262.904633,125263463.36808902,549314426.3810287,674577889.7491176,167311.04844117165,7.150381803814155e-07,1.8174188069502561,1.6994290377030834,0.06490551976135939,1.6098082557865852e-05,1.7215461002141243e-05,0.9350783821560827,0.9351105783211985,1.1436391479966455
1.8081914898894706,1287953316.0188851,5642678471.243016,125249345.50360133,549310814.9139622,674560160.4175636,176195.9054607153,7.336823634537228e-07,1.8648313343645133,1.7437650540737901,0.06490381390722894,1.695295235366262e-05,1.8129634796714606e-05,0.9350792331404174,0.9351131390451248,1.1436349754579551
1.8553632965510698,1355949534.0047288,5940908739.80194,125234474.58776443,549307012.6345217,674541487.2222861,185554.89280593395,7.528121579683219e-07,1.9134807521131345,1.7892578291389127,0.06490201723783981,1.785344130729156e-05,1.9092588837112844e-05,0.9350801293208529,0.9351158362034675,1.1436305808108675
1.903765713663034,1427531049.9433289,6254900111.519611,125218810.06223351,549303009.4653442,674521819.5275776,195413.5728327036,7.724401698827948e-07,1.9633993279907864,1.8359375505608007,0.06490012488120175,1.880200893902404e-05,2.010695267886264e-05,0.9350810731098592,0.9351186771277372,1.1436259521427914
1.953430845191434,1502886417.4673197,6585485417.216919,125202309.14070962,549298794.7973317,674501103.9380413,205798.91509211063,7.925793289407739e-07,2.014620171589136,1.8838351943702727,0.06489813169979683,1.980125016452154e-05,2.117550059066355e-05,0.9350820670500386,0.9351216695503677,1.143621076892205
2.004391632625406,1582214052.3580377,6933541481.77897,125184926.68164875,549294357.4616048,674479284.1432536,216739.37704956532,8.132428967041988e-07,2.067177256257513,1.9329825456018574,0.06489603227563351,2.0853903061345757e-05,2.2301159850807845e-05,0.9350831138213052,0.9351248216274278,1.1436159418121667
2.0566818768263184,1665722742.3885536,7299991446.670155,125166615.05313963,549289685.7000486,674456300.7531881,228264.9898878336,8.344444747610064e-07,2.1211054416364825,1.9834122194730017,0.06489382089441163,2.196285712462556e-05,2.348701956566325e-05,0.9350842162484637,0.935128141962713,1.1436105329316533
2.1103362604469362,1753632182.850754,7685807214.898981,125147323.98940487,549284767.1342704,674432091.1236753,240407.44963431358,8.5619801310969e-07,2.1764404967792643,2.03515768312194,0.06489149152872883,2.313116203500407e-05,2.473634003482572e-05,0.9350853773092361,0.9351316396333061,1.1436048355145636
2.16539037093545,1846173538.982706,8092012024.873351,125127000.43833447,549279588.7329638,674406589.1712983,253200.21407914162,8.785178187223793e-07,2.233219123876343,2.088253277919291,0.06488903782027039,2.436203698375907e-05,2.605256271081619e-05,0.9350866001427458,0.9351353242167133,1.143598834016248
2.2218807241396337,1943590036.5608215,8519683159.920467,125105588.39940906,549274136.7775422,674379725.1769513,266678.60583770275,9.014185642875459e-07,2.2914789825990054,2.14273424236895,0.06488645306090834,2.565888058911647e-05,2.743932078955087e-05,0.9350878880585025,0.9351392058196808,1.143592512037375
2.2798447885267827,2046137581.9702065,8969954800.601643,125083028.75131889,549268396.8259704,674351425.5772893,280879.92205405235,9.249152971333549e-07,2.3512587150779396,2.1986367356142247,0.06488373017263553,2.7025281451528963e-05,2.890045048250332e-05,0.9350892445459129,0.935143295108816,1.143585852274967
2.3393210100354977,2154085413.116023,9444021027.323439,125059259.06851836,549262353.674693,674321612.7432114,295843.5512049198,9.490234483322798e-07,2.41259797153348,2.2559978615657132,0.06488086168625198,2.8465029392147783e-05,3.0440003017666066e-05,0.9350906732843559,0.9351476033431402,1.1435788364703878
2.400348837575797,2267716782.588316,9943138981.140486,125034213.42589383,549255991.3186009,674290204.7444947,311611.0976176262,9.7375884198743e-07,2.4755374365744864,2.314855693667829,0.06487783971871887,2.9982127433500247e-05,3.206225743220729e-05,0.9350921781538476,0.9351521424087147,1.1435714453540962
2.4629687491944727,2387329674.5424213,10468632191.053753,125007822.19064336,549249292.9088881,674257115.0995314,328226.5142183304,9.991377047003775e-07,2.540118856183303,2.3752493003214563,0.06487465594907908,3.158080457206063e-05,3.377173420971996e-05,0.9350937632463489,0.9351569248554931,1.1435636585869013
2.5272222789230434,2513237556.806395,11021894076.542582,124980011.80038568,549242240.7086874,674222252.5090731,345736.2441846132,1.0251766752199843e-06,2.6063850654046976,2.4372187709807176,0.06487130159283896,3.326552940756526e-05,3.557320983114694e-05,0.9350954328777534,0.9351619639365686,1.143555454697477
2.593152044326115,2645770169.775427,11604391634.525394,124950704.52642255,549234816.0464113,674185520.5728338,364189.37223911285,1.0518928142713286e-06,2.674380016757148,2.500805242942372,0.06486776737470094,3.5041024699955675e-05,3.747173231488468e-05,0.9350971916005991,0.9351672736499991,1.1435468110158609
2.6608017747684145,2785274353.7006483,12217669320.42026,124919818.22097434,549226999.2666515,674146817.4876258,383637.78634750843,1.0793036145631267e-06,2.7441488093853135,2.566050928846944,0.0648640434995192,3.691228292739185e-05,3.947263782426579e-05,0.9350990442175534,0.9351728687834081,1.143537703602631
2.7302163404192505,2932114916.025361,12863353133.480017,124887266.04709429,549218769.6785082,674106035.7256024,404136.35067534447,1.1074270109714518e-06,2.8157377189730335,2.632999144911284,0.06486011962134125,3.888458292755147e-05,4.158156842996177e-05,0.9351009957957312,0.9351787649615864,1.1435281071734245
2.8014417820136406,3086675540.465077,13543154917.106226,124852956.18983465,549210105.5012244,674063061.6910591,425743.0907717943,1.1362813908969425e-06,2.8891942284366894,2.701694339912875,0.06485598481038664,4.0963507715362476e-05,4.380449112648875e-05,0.935103051681898,0.9351849786973286,1.1435179950184429
2.8745253413898384,3249359739.5679493,14258876885.40139,124816791.54709348,549200983.8069953,674017775.3540888,448519.39203703403,1.1658856047918773e-06,2.964567059419294,2.7721821249468226,0.06485162751779847,4.3154963578838065e-05,4.614771821105792e-05,0.9351052175186227,0.9351915274457804,1.1435073389165349
2.9495154928235214,3420591852.5284424,15012416387.802937,124778669.39840476,549191380.4608014,673970049.8592061,472530.212639451,1.1962589768526284e-06,3.04190620460619,2.8445093039771776,0.06484703553798665,4.546520056522407e-05,4.86179291442228e-05,0.9351074992614481,0.9351984296625786,1.143496109043433
3.026461975179418,3600818090.0584526,15805770924.254389,124738481.04974848,549181270.0570929,673919751.1068413,497844.31215810776,1.2274213158719332e-06,3.1212629608837976,2.918723905204926,0.06484219596836067,4.7900834480175314e-05,5.1222194022940196e-05,0.9351099031971591,0.9352057048661194,1.1434842738736388
3.1054158249017014,3790507628.145194,16641043424.016804,124696111.45224771,549170625.8531909,673866737.3054386,524534.4974273443,1.2593929262445453e-06,3.2026899633633974,2.994875213275715,0.06483709516623411,5.046887054206144e-05,5.396799881731062e-05,0.9351124359632238,0.9352133737043079,1.1434718000754371
3.186429409865032,3990153752.5429196,17520447801.90048,124651438.79237595,549159419.6992563,673810858.4916322,552677.8872169256,1.2921946191185532e-06,3.2862412202925264,3.0730138023511406,0.0648317187026576,5.31767288485628e-05,5.686327253827693e-05,0.9351151045684938,0.9352214580261909,1.1434586523984513
3.2695564641087036,4200275055.8540387,18446314806.402733,124604334.05102858,549147621.9645731,673751956.0156018,582356.197478056,1.325847723682965e-06,3.371972148877139,3.1531915700683326,0.0648260513129016,5.603227182204204e-05,5.991641651342663e-05,0.9351179164152763,0.9352299809589204,1.1434447935530565
3.354852123476919,4421416689.052838,19421098174.99322,124554660.52849731,549135201.4600378,673689861.9885352,613656.0492662191,1.3603740985811544e-06,3.459939612038274,3.2354617724132604,0.06482007684329316,5.904383383680033e-05,6.31363359870873e-05,0.93512087932287,0.9352389669905437,1.1434301840809418
3.442372962188853,4654151669.289419,20447381112.569767,124502273.33202633,549122125.3566557,673624398.6886821,646669.301633358,1.3957961434378185e-06,3.5502019561276454,3.319879059534246,0.06481377819406847,6.222025324879586e-05,6.653247427944648e-05,0.9351240015526827,0.9352484420591802,1.1434147822159997
3.532177030362747,4899082245.780292,21527883109.92475,124447018.82221912,549108359.0997682,673555377.9219873,681493.4119839668,1.4321368104847956e-06,3.6428190496271404,3.406499512523056,0.06480713725785528,6.557090706784382e-05,7.011484976005778e-05,0.9351272918350769,0.9352584336492126,1.1433985437346055
3.624323892518921,5156841325.5419445,22665467119.94088,124388734.01408291,549093866.3189012,673482600.3329841,718231.8269461393,1.4694196162697034e-06,3.7378523228579006,3.4953806811919286,0.06480013485336944,6.910574856585844e-05,7.389409594816751e-05,0.9351307593980647,0.9352689708951964,1.1433814217942864
3.718874667087254,5428093960.651912,23863147110.129044,124327245.9279458,549078608.7329206,673405854.6608665,756994.4070055485,1.5076686534281085e-06,3.8353648087253354,3.586581622876031,0.06479275065383677,7.283534813364586e-05,7.788150507234375e-05,0.9351344139980295,0.9352800846942968,1.1433633667595882
3.8158920669453202,5713538898.623142,25124096011.084183,124262370.88483569,549062546.0503219,673324916.9351577,797897.8887580633,1.5469086024977481e-06,3.9354211845270775,3.6801629422919344,0.06478496310960317,7.677093775723051e-05,8.208907548417416e-05,0.9351382659526396,0.9352918078281541,1.1433443260138478
3.9154404410140846,6013910197.34836,26451654081.428955,124193913.7401506,549045635.8643754,673239549.6045259,841066.3891228437,1.5871647437498642e-06,4.0380878148516235,3.776186832483939,0.06477674936431224,8.092445953147151e-05,8.652956337052754e-05,0.9351423261761562,0.9353041750952192,1.1433242437553655
4.01758581693874,6329978905.904687,27849337710.86805,124121667.04856399,549027833.5428907,673149500.5914546,886631.9565650225,1.6284629690093798e-06,4.1434327955961034,3.874717116891381,0.06476808516394901,8.530861869677678e-05,9.121653928130934e-05,0.9351466062173542,0.9353172234547478,1.1433030607762729
4.12239594488299,6662554812.299068,29320848684.073395,124045410.15205061,549009092.1123205,673054502.2643712,934735.1751244068,1.6708297934314584e-06,4.251525999132383,3.9758192925714546,0.06475894475794178,8.993694175662725e-05,9.616445006613814e-05,0.9351511183003016,0.9353309921838149,1.143280714222156
4.229940342465828,7012488258.97403,30870083929.27486,123964908.18167032,548989362.135912,672954270.3175822,985525.8279989958,1.7142923671974298e-06,4.362439120651438,4.079560574613631,0.06474930079139338,9.482384032525661e-05,0.00010138868691089454,0.9351558753682814,0.9353455230489318,1.1432571373301683
4.34029034087064,7380672026.570915,32501145776.64669,123879910.96224023,548968591.5856538,672848502.547894,1039163.6286206245,1.7588784870880677e-06,4.476245725716782,4.186009941783348,0.06473912418737192,9.9984681469187e-05,0.00010690566028682902,0.9351608911311589,0.9353608604940973,1.143232259143055
4.453519132157159,7768043286.053097,34218352752.83812,123790151.80721793,548946725.7076625,672736877.5148804,1095819.0284484625,1.8046166078857284e-06,4.593021299058424,4.295238183434481,0.06472838401800642,0.00010543586543028756,0.00011273288275682844,0.9351661801165633,0.9353770518474239,1.1432060041960492
4.569701817807721,8175585618.811062,36026250939.33409,123695346.18891312,548923706.880709,672619053.0696222,1155674.1124778986,1.8515358535503007e-06,4.712843294639785,4.407317947732108,0.0647170473629273,0.00011119491178850015,0.00011888906076496,0.9351717577252842,0.9353941475488612,1.1431782921731024
4.688915458539966,8604331103.78734,37929625923.72327,123595190.26643631,548899474.4675581,672494664.7339945,1218923.5955619812,1.8996660281058395e-06,4.835791187030735,4.522323791229102,0.06470507915332713,0.00011728055532439557,0.00012539419675050486,0.9351776402913485,0.9354122014019973,1.1431490375282778
4.811239125419047,9055362469.952614,39933515374.40742,123489359.2504379,548873964.6587633,672363323.9092011,1285775.935243249,1.949037626165328e-06,4.961946524120847,4.640332229842694,0.06469244199959197,0.0001237128530919512,0.00013226970319414144,0.9351838451473161,0.9354312708535,1.1431181490673408
4.936753952303262,9529815311.608965,42043222270.81268,123377505.57946482,548847110.3085381,672224615.8880029,1356454.5801411867,1.999681843010069e-06,5.091392981207829,4.761421791279673,0.06467909600004507,0.00013051330453401567,0.00013953853054696826,0.9351903906954209,0.935451417304489,1.1430855294835922
5.065543189657857,10028880362.961395,44264328822.76935,123259256.8773799,548818840.7623589,672078097.6397388,1431199.3773139715,2.0516305841276406e-06,5.224216416496996,4.885673068961992,0.0646649985278293,0.0001377049868937225,0.00014722531144133568,0.9351972964852769,0.9354727064590644,1.1430510748407463
5.197692259772731,10553805827.14452,46602711114.38775,123134213.65430155,548789081.6758497,671923295.3301512,1510268.1675642729,2.104916474096541e-06,5.360504928048621,5.013168777508039,0.06465010399227347,0.0001453127087092216,0.00015535652415149382,0.9352045832990173,0.9354952087164358,1.1430146739939893
5.333288813420641,11105899753.366863,49064554509.52427,123001946.70425509,548757754.8245918,671759701.5288469,1593938.6053923368,2.1595728646879558e-06,5.500348912210893,5.1439938098287135,0.064634363570204,0.00015336318492318517,0.00016396067906509611,0.9352122732448728,0.9355189996147192,1.1429762079382244
5.4724227879935015,11686532453.973482,51656369857.74677,122861994.14012459,548724777.9043881,671586772.0445126,1682510.250647664,2.215633842032143e-06,5.643841123577294,5.278235295902259,0.0646177249014404,0.00016188523813419952,0.000173068532987908,0.9352203898604254,0.9355441603366939,1.1429355490695285
5.615186467155347,12297138950.939102,54385010541.632645,122713857.9887893,548690064.3215473,671403922.3103366,1776306.9939666986,2.2731342326698446e-06,5.791076736508115,5.415982663297232,0.06460013174101331,0.00017091003196387708,0.00018271333764669374,0.9352289582270228,0.9355707782909506,1.1428925603417237
5.761674542051479,12939221438.460312,57257690408.22691,122557000.2434482,548653522.9727252,671210523.2161734,1875679.900193572,2.3321096082742326e-06,5.942153408256937,5.5573276995198,0.06458152355814994,0.00018047134464083245,0.00019293113102417044,0.9352380050972092,0.9355989477864909,1.1428470942938898
5.911984174114467,13614351744.734924,60282002629.58058,122390838.23040004,548615058.0138425,671005896.2442425,1981010.5886149406,2.3925962887842583e-06,6.097171343743954,5.70236461627003,0.06456183506824804,0.00019060589423502877,0.00020376108371517542,0.9352475590375169,0.9356287708259869,1.1427989919153645
6.066215059508584,14324173771.40712,63465939539.45949,122214739.08262691,548574568.6175544,670789307.7001814,2092715.326257944,2.4546313436298813e-06,6.256233362019083,5.851190115702813,0.06454099567780809,0.00020135373250055786,0.00021524591838896595,0.9352576505896913,0.9356603580546924,1.1427480812995316
6.224469495255493,15070405883.036617,66817913495.60536,122028012.99802633,548531948.7187879,670559961.7168143,2211250.1136512756,2.518252590645708e-06,6.419444964458961,6.003903458804134,0.06451892881128041,0.00021275873420974184,0.0002274324310372079,0.9352683124545098,0.9356938299229294,1.1426941760108886
6.386852447084982,15854843210.408367,70346778819.28412,121829904.73774716,548487086.7477796,670316991.4855268,2337117.245755911,2.5834985921413087e-06,6.586914404743045,6.160606536015605,0.06449555106737878,0.000224869228422888,0.00024037216357384098,0.9352795797041983,0.9357293181610441,1.1426370730377062
6.553471619055793,16679359818.614586,74061854866.34312,121619582.33206132,548439865.350072,670059447.6821333,2470874.2840331793,2.65040864738426e-06,6.758752760655246,6.321403940276496,0.06447077110545801,0.0002377388617492262,0.00025412232392797365,0.9352914900327928,0.9357669677562913,1.1425765500880904
6.724437524992711,17545910668.79059,77972950286.5626,121396120.70339903,548390161.0928743,669786281.7962734,2613147.559886217,2.7190227803427724e-06,6.935074007758708,6.486403042721121,0.06444448804152687,0.00025142789760070815,0.00026874717147930006,0.9353040840608724,0.9358069398560738,1.1425123616920385
6.89986356178727,18456533256.111816,82090388530.78345,121158473.83813685,548337844.1572301,669496317.995367,2764656.219859123,2.789381720569953e-06,7.115995094992601,6.655714071429956,0.0644165887410965,0.0002660055297367774,0.00028432048552340757,0.9353174057291667,0.9358494167886403,1.1424442326146858
7.079866084610743,19413348669.846294,86425034668.05902,120905409.5897171,548282778.0153326,669188187.6050497,2926271.7161689997,2.8615268719513114e-06,7.301636022241073,6.829450194155614,0.06438694151511751,0.00028155560623481355,0.0003009316764889541,0.9353315028786476,0.9358946140911173,1.142371842495694
7.264564484089267,20418560882.8257,90988323577.99718,120635115.12170288,548224819.0923882,668859934.2140911,3099398.567322135,2.935500240535643e-06,7.492119919925814,7.007727609824183,0.06435535812455971,0.0002982132649418324,0.000318724921401872,0.9353464286104984,0.9359428551403821,1.1422947331457123
7.454081265492285,21474454978.024868,95792289586.46597,120346617.50591749,548163816.4123888,668510433.9183064,3284539.2504070997,3.01134434757622e-06,7.687573130675004,7.1906656445534,0.06432173043130239,0.00031602685244181973,0.00033775162117155165,0.9353622427162558,0.9359942964211394,1.142212642167938
7.648542129986864,22583413743.405785,100849597615.94641,120039812.4894802,548099611.2270982,668139423.7165785,3481357.1344314814,3.0891026179649254e-06,7.888125293122836,7.378386771355934,0.06428603313030003,0.00033496397928077444,0.0003579768937310507,0.9353790028904192,0.9360489308489808,1.1421255095330467
7.8480760580117614,23747911643.40486,106173575925.07251,119713168.28011732,548032036.6275986,667745204.9077159,3690922.4917559624,3.168819161165769e-06,8.093909427895204,7.571016732273652,0.06424810277847891,0.0003551276233133103,0.00037951044969053454,0.9353967695982077,0.9361070248448344,1.1420329382885117
8.052815394826515,24970510036.890324,111778250515.24643,119364956.85988042,547960917.1377021,667325873.9975826,3914451.6268570423,3.2505386152729306e-06,8.305062025838524,7.7686846523387,0.06420775622830613,0.00037663481309229714,0.0004024769553274745,0.9354156089586015,0.9361688785847861,1.1419344837429561
8.262895938292367,26253854850.956177,117678381285.68991,118993213.81519267,547886068.2885226,666879282.1037153,4153339.156899214,3.3343060741283532e-06,8.521723138550316,7.971523142130551,0.06416478672184418,0.00039961973379235304,0.00042701933857833486,0.9354355935443635,0.9362348330119481,1.1418296440080147
8.47845702894315,27600672710.04239,123889500021.87505,118595686.01441562,547807296.1734821,666402982.1878977,4409200.552969933,3.4201669948267052e-06,8.744036471271476,8.17966840593105,0.06411895881365418,0.0004242378203783413,0.0004533031461355035,0.9354568033659675,0.9363052790067242,1.141717847702992
8.69964164240598,29013765030.182026,130427950305.99588,118169762.12895644,547724396.9830492,665894159.1120056,4683929.313781738,3.508167079712818e-06,8.972149478201954,8.393260356511915,0.0640700016410145,0.0004506712586585614,0.00048152239959051065,0.9354793271003269,0.9363806696176441,1.141598437655254
8.92659648423297,30495999397.830517,137310929441.94412,117712378.31851035,547637156.5184591,665349534.8369694,4979775.537635803,3.598352124536802e-06,9.206213460302978,8.612442737993161,0.06401759980249734,0.00047913654520364077,0.0005119076438857585,0.9355032636522991,0.9364615367427063,1.1414706488052229
9.159472087206902,32050297263.425285,144556532491.20102,117219886.91252035,547545349.6837088,664765236.5962291,5299456.704260349,3.6907678206511697e-06,9.446383665650734,8.837363258836609,0.06396138067408061,0.0005098951463866719,0.0005447372959396363,0.9355287241795327,0.936548514472306,1.1413335774778324
9.398422911185424,33679616524.155148,152183798520.0761,116687868.07652077,547448739.9550668,664136608.0315876,5646318.600499988,3.785459493063379e-06,9.692819392408085,9.068173738042024,0.06390089623730183,0.0005432689820889025,0.0005803541312081221,0.9355558347806092,0.9366423727447871,1.1411861373525798
9.643607445549915,35386926822.36108,160212759162.89697,116110850.05349821,547347078.8274053,663457928.8809035,6024577.50006175,3.882471746007848e-06,9.945684094482544,9.305030269289913,0.06383559610859063,0.000579663727385916,0.0006191900962869277,0.9355847401640235,0.9367440676187954,1.1410269941052524
9.895188314327061,37175174096.405136,168664489609.97418,115481875.28697155,547240105.2366165,662721980.5235881,6439700.817166686,3.981847969892266e-06,10.205145489940692,9.548093410715635,0.06376478573757945,0.0006196054377075753,0.00066180531160186,0.935615608824713,0.9368548197001281,1.140854464095394
10.153332384052819,39047228562.90201,177561162133.52216,114791770.72888322,547127544.9574167,661919315.6862999,6899058.361759901,4.083629630356932e-06,10.471375672250861,9.797528413465722,0.06368755614074559,0.0006638032103313013,0.0007089548095668411,0.9356486406489231,0.9369762470695857,1.1406663440212224
10.418210874450299,41005805685.01439,186926102269.1352,114028083.08435822,547009109.9758635,661037193.0602217,7412865.616714835,4.187855194223764e-06,10.744551224427907,10.053505513073782,0.06360268139402041,0.0007132399432079304,0.0007616851618816413,0.9356840786627717,0.9371105585491876,1.1404596625833368
10.68999947199501,43053339723.069595,196783847774.93134,113172485.15271221,546884497.8359407,660056982.988653,7996576.737452149,4.294558402782092e-06,11.024853336155767,10.316200331511352,0.06350836901714403,0.0007694025809961794,0.0008215797723559845,0.9357222284018598,0.9372610335638522,1.1402300750208068
10.968878446442773,45191765255.6419,207160210495.02866,112196098.01863745,546753390.9595805,658949488.978218,8675200.579919457,4.403765246591387e-06,11.3124679239655,10.585794496559329,0.06340180982587465,0.0008346973881446509,0.0008912011542425362,0.9357634927859807,0.9374328875622701,1.1399707718856045
11.255032770397593,47422092753.76643,218082341258.65552,111047242.12412003,546615455.9395652,657662698.0636852,9494810.170957923,4.515487961533407e-06,11.607585754548511,10.862476755843693,0.06327799931503356,0.0009135573497830784,0.000975270516882331,0.9358084433351834,0.9376355580347495,1.1396696211080686
11.548652241998802,49743404096.63624,229578797950.84445,109611017.09838308,546470342.8047858,656081359.9031689,10561108.200915337,4.629710420144637e-06,11.91040257128674,11.14644551396889,0.06312584850074442,0.0010161528082269341,0.0010846203906904796,0.9358579986910287,0.9378903043074825,1.1392997371339029
11.849931610808857,52149206137.24278,241679616895.35095,107447316.51475503,546317684.2574207,653765000.7721757,12294204.686631322,4.7463332300507934e-06,12.221119224083782,11.43791802175756,0.06290297654535465,0.001182905276565048,0.0012623082209825196,0.9359141181780803,0.9382799287312105,1.1387583518736384
12.159070706985235,54614591176.66796,254416387695.09442,105036102.74043861,546157094.8816448,651193197.6220834,14158664.87773037,4.864982785188522e-06,12.53994180258296,11.737162018278761,0.06265552666192796,0.001362297100128452,0.0014533580117851853,0.9359821762379436,0.9387067704382005,1.1381577793409816
12.476274573822193,57188440446.6561,267822331680.10468,104679521.43037018,545988170.3236141,650667691.7539843,13959391.692106128,4.98646190709994e-06,12.867081772860837,12.04425649454535,0.06260496432950509,0.0013431237327768278,0.0014328257369275756,0.9360519119377181,0.9387381594032717,1.1380349325864887
12.801753603750237,59891806531.558975,281932384117.5381,104562375.18881439,545810486.4425423,650372861.6313567,13544450.580583692,5.111083833049053e-06,13.20275611768672,12.35936674546784,0.06257659680865799,0.0013031995536375795,0.0013901931071925427,0.9361202036377044,0.9387266027449795,1.1379659201536494
13.135723677883503,62745103678.32638,296783280342.8555,105366988.87858173,545623598.4328262,650990587.3114079,12256424.29727137,5.239126116187171e-06,13.547187480441238,12.682669614869335,0.06263603220810249,0.0011792701799432093,0.0012580707392894123,0.9361846976119543,0.9385432379718407,1.1381098364279465
13.478406309207681,65753915429.98526,312413645975.71106,104666144.6697168,545427039.9173394,650093184.5870563,12515787.3806566,5.370632098808851e-06,13.900604312789493,13.014386402422948,0.06254968726388713,0.0012042251866071362,0.0012845749478629903,0.9362460875495058,0.93865453792272,1.1379002689243078
13.830028789503332,68900662696.63043,328864091388.3002,103969989.85486221,545220322.0121446,649190311.8670068,12767416.083113313,5.505324057945589e-06,14.2632410262066,13.354797347183176,0.062462816015861254,0.001228436018251653,0.001310279783284239,0.9363087479658871,0.9387656200023904,1.1376894812003424
14.19082434010217,72191938650.08241,346177310598.0754,103301731.5650408,545002932.3631061,648304663.928147,12989415.751190424,5.643282687469113e-06,14.635338147456261,13.704129660469082,0.062377602075898514,0.0012497960480752708,0.0013329417586891296,0.9363726018760262,0.9388721939721768,1.1374827654584723
14.561032266576227,75635787671.26358,364398184760.51074,102634333.49317601,544774334.1550636,647408667.6482396,13211770.845671415,5.784605113046619e-06,15.017142478125429,14.062614116982092,0.06229139245483717,0.0012711902757814922,0.0013556346455103516,0.9364374172693813,0.9389797978209443,1.1372736921551614
14.940898117462526,79235785957.90302,383573890441.2199,101877950.3984595,544533965.0945075,646411915.4929669,13520026.10024321,5.929326977986633e-06,15.408907258320866,14.430498075260884,0.062195488456656484,0.0013008495157613164,0.0013871222624217388,0.9365036620275822,0.9391053610591049,1.1370411970660448
15.330673847128567,82998084428.61725,403754012849.9159,101126807.44356215,544281236.366956,645408043.8105181,13819690.285053015,6.077518106430994e-06,15.810892334636238,14.808029860088658,0.062098899442529026,0.0013296821531253694,0.0014177210713741896,0.9365714184043457,0.9392307827105963,1.1368071120880894
15.730617982886551,86930985270.43265,424990664221.5471,100437482.12402174,544015531.5705574,644453013.6945791,14056502.06290555,6.22927331601545e-06,16.22336433250103,15.195460450861908,0.06200700979271286,0.0013524673522264648,0.0014418736241595825,0.9366405228550607,0.9393454575595136,1.1365844689008593
16.140995796467326,91040738957.8389,447338607532.28174,99599694.16770075,543736205.6277758,643335899.7954766,14439866.86437738,6.3846594992395864e-06,16.646596833025743,15.593052390636377,0.06189952500947922,0.0013893533695060905,0.0014810283189763118,0.9367111216210147,0.9394898283600268,1.1363241608823975
16.562079479967675,95331239580.82278,470855385739.8646,98750506.83025855,543442583.6774473,642193090.5077059,14829049.54834497,6.543715598954646e-06,17.080870554460567,16.001079971630524,0.061789567906025314,0.0014267991630443752,0.0015207666790273567,0.9367836329309303,0.939637231257019,1.136057960431624
16.994148326387712,99809792347.50726,495601456739.0553,97907921.96855369,543133959.9498975,641041881.9184512,15206663.535031796,6.7065212540582525e-06,17.526473538387933,16.41981809406537,0.06167880265122708,0.0014631318570853594,0.001559308114555484,0.9368580654916876,0.9397843292058583,1.1357898964351323
17.437488914878088,104485196398.55064,521640334223.3718,97028320.12581919,542809596.6283281,639837916.7541473,15618245.74037075,6.8731708967665665e-06,17.983701340772395,16.849546731471275,0.06156296134372028,0.0015027328540465654,0.0016013145178053545,0.9369343058022331,0.9399397715103263,1.1355096591422338
17.892395300819928,109358738914.51584,549038734644.0963,96014298.40913242,542468722.7002094,638483021.1093419,16155133.420005202,7.043675588554459e-06,18.452857227994674,17.290567324954573,0.061432598034479285,0.0015543903044754612,0.0016561307171123801,0.9370130116610452,0.9401217922699961,1.135194448126778
18.35916921086348,114434129826.37611,577866730456.3337,94926677.59114332,542110532.8030304,637037210.3941737,16753806.938752532,7.218077170902561e-06,18.93425237799965,17.74318414812025,0.06129348719587853,0.001611992571748272,0.0017172487351056062,0.9370945202323732,0.9403185053758697,1.1348582486238554
18.838120243054977,119712792263.6161,608197909839.7899,93683823.06217417,541734186.0694227,635418009.1315969,17491663.585745454,7.396397008116927e-06,19.42820608669204,18.207712971509466,0.06113769332664145,0.0016829865517025522,0.0017925808073665517,0.9371793201216561,0.9405452932250611,1.134481945355625
19.329566072184317,125199085399.17148,640109543078.6842,92511321.0575226,541338804.9774051,633850126.0349276,18142265.48351443,7.578690635361872e-06,19.9350459797164,18.684472256806853,0.060986837111427786,0.001745585185565466,0.001858957099382648,0.9372675777030067,0.9407587480741376,1.1341177314078463
19.833832660489854,130898240437.53554,673682755780.8191,91182097.56078427,540923474.2123141,632105571.7730983,18932833.015760303,7.765023958911933e-06,20.45510822976202,19.17378730138576,0.060818982216038264,0.0018216508221162834,0.0019396163121083382,0.9373593669618454,0.941002668606078,1.1337127251710692
20.351254473860035,136800693732.71332,709002709110.0657,89408837.93897949,540487239.5478721,629896077.4868516,20139588.15032816,7.955324833722731e-06,20.988737779536862,19.67601495274102,0.060606392421386185,0.0019377605707814017,0.002062778110419746,0.9374558470078325,0.9413313681493952,1.133200211338064
20.882174703675194,142870296775.51562,746158787199.3662,87702213.47640061,540029106.7548108,627731320.2312114,21223774.843482137,8.149292729242369e-06,21.53628857055836,20.191558743490848,0.060398107066989594,0.002042077213687797,0.0021733430179811143,0.9375598157193226,0.9416439701466982,1.132698395388533
21.426945494436808,149194582664.01434,785244791902.6509,87001824.50309658,539548040.5465415,626549865.049638,21309480.026834726,8.347771243858838e-06,22.09812377791291,20.720642644995376,0.06028443159111046,0.0020503234659831563,0.0021818553772124144,0.9376652449429064,0.9417658918748727,1.132424413516383
21.985928177335058,155803062300.27057,826359145033.6646,86393910.44142964,539042963.5725081,625436874.0139377,21323995.71548438,8.55102326920163e-06,22.67461605113975,21.26359592656106,0.06017734349534033,0.002051720114659042,0.002183092842525945,0.9377709363900006,0.9418743766193187,1.1321663661273216
22.559493509909668,162718044035.3604,869605098227.5641,85940391.6951623,538512755.4711282,624453147.1662905,21211638.429901004,8.759231259252718e-06,23.266147761398884,21.820770852279765,0.060082692746598054,0.002040909490518253,0.002171371326784201,0.9378763977628837,0.9419582167439202,1.1319382989347884
23.148021921963036,169962365592.54044,915090950547.0542,85542881.15005021,537956251.9955616,623499133.1456118,21075835.154046893,8.972570261988938e-06,23.873111255087263,22.39253088355885,0.05999090086190582,0.002027842975385531,0.0021572588789245607,0.9379812561627087,0.9420369421134797,1.1317171730536977
23.751903767888574,177564066947.17303,962930273938.8279,85388688.26755497,537372244.2270525,622760932.4946074,20735897.643643737,9.191245871408008e-06,24.495909114071033,22.97924467681961,0.0599198737830915,0.001995135379814462,0.0021223035400645372,0.9380849908370941,0.942075261596723,1.1315459980847458
24.371539585581885,185576378950.8228,1013242146627.9216,85873866.6126962,536759477.89212745,622633344.5048237,19814154.435681224,9.415646710948703e-06,25.13495442270684,23.581261188948144,0.05990759771398508,0.0019064484795937038,0.0020279373335619017,0.9381859538064212,0.9419988507656086,1.1315160028461293
25.007340362106312,194100547967.6834,1066151394517.3118,86250972.53050582,536116652.80165154,622367625.3321574,19096676.74758494,9.646495025273586e-06,25.790671041829142,24.198885101854728,0.05988203114669234,0.0018374152916242803,0.0019544518374278444,0.9382805535616834,0.941955384144932,1.1314541292662623
25.6597278062891,203018169794.9978,1121788840637.6035,85501922.98235494,535442422.431538,620944345.413893,19525452.041507125,9.882805464860702e-06,26.46349388988514,24.832713928328953,0.05974508814238603,0.0018786705472971267,0.0019980438534328232,0.9383762413103168,0.9421335824049112,1.131124767900593
26.329134628429117,212325444328.60968,1180291562666.9883,84750741.6370528,534735393.66684175,619486135.3038945,19966897.550740123,1.0124527950638526e-05,27.15386923140407,25.48320219654004,0.05960478427748183,0.0019211448866706597,0.0020429122294019953,0.9384740708358476,0.9423163606091888,1.1307874779340392
27.016004827301362,222035085052.3695,1241803158514.6619,83951871.36504817,533994126.732975,617945998.0980232,20465890.62599969,1.0371740403612497e-05,27.862254972991895,26.1507949552051,0.05945659767461516,0.0019691562511093704,0.002093636770233951,0.9385742460742754,0.9425125585764942,1.1304314224692065
27.720793984648957,232170120169.6446,1306474019931.9673,83303922.45359983,533217135.3399633,616521057.7935631,20827465.550104737,1.0624590401971924e-05,28.58912096704792,26.83593770457416,0.059319494913769734,0.002003945722775037,0.0021303149283308886,0.9386765593634552,0.9426844508090053,1.130102104226253
28.44396956735774,242760107671.82837,1374461614084.4014,82688252.35327646,532402887.06787,615091139.4211465,21175689.892859936,1.0883260760528424e-05,29.33494932340474,27.539082387870497,0.05918191318067656,0.0020374506483048223,0.0021656159430277814,0.9387806361710186,0.9428555374676283,1.1297717758793375
29.186011237513927,253829393495.6789,1445930772984.7734,82106063.57898057,531549804.02387404,613655867.6028546,21511655.577056885,1.1147887474422022e-05,30.10023472909815,28.26070125132096,0.05904381635778823,0.0020697760886819057,0.0021996519334941903,0.9388864075535299,0.9430259597308936,1.1294403523838836
29.94741117055057,265403531980.08844,1521053990653.4187,81557877.77557883,530656263.8038945,612214141.5794734,21836944.470612407,1.1418605876077788e-05,30.885484776479235,29.00127955582352,0.05890509853391197,0.0021010742456918706,0.0022325848779105113,0.9389938272203961,0.9431959757117798,1.129107581674959
30.728674381693647,277517798516.5866,1600011727835.7659,81184584.5234864,529720600.79412866,610905185.317615,22015445.060162902,1.169560317096928e-05,31.69122029988605,29.76130724459568,0.05877915535105373,0.0021182489466693853,0.00225053339894894,0.9391025957022769,0.9433390935956156,1.1288055247372981
31.530319060924548,290231509194.0512,1682992724071.2776,81033812.87752473,528741107.8503746,609774920.7278993,22010844.77405405,1.1979198163681438e-05,32.51797572109852,30.541266132884672,0.058670405254470155,0.0021178063232666867,0.0022498031880525274,0.9392117884222632,0.9434474010687964,1.1285447183947341
32.35287691668096,303638651466.2342,1770194316871.4783,81372657.59020682,527716038.3955327,609088695.9857396,21575376.01186037,1.2269886433961726e-05,33.366299403805385,31.34162280785087,0.05860437911539888,0.0020759070455412805,0.002205137775753209,0.9393197138390599,0.9434715279301424,1.1283861951950849
33.19689352852413,317737101527.07336,1861822767729.1584,80900038.70365028,526643608.9781687,607543647.681819,21997380.66170335,1.2567561861854252e-05,34.236754017318425,32.16295744985573,0.058455719983894185,0.0021165108535758956,0.002247914302596253,0.9394277691625299,0.9436607908696817,1.1280301195104512
34.06292870900656,332509514598.298,1958093594646.8333,80575042.99963015,525522002.3374092,606097045.3370394,22302702.369076252,1.2872044561304794e-05,35.129916909775346,33.00587709036664,0.058316532977467334,0.0021458878379280425,0.0022787782870533242,0.9395375791846046,0.9438293548604607,1.127696841174431
34.951556874979914,348015393458.39355,2059231910841.4497,80455410.13013394,524349371.0217558,604804781.1518898,22441052.194996476,1.3183595140922e-05,36.046380491078494,33.87093113577864,0.05819219584771451,0.002159199373180977,0.0022926114687746267,0.9396486047791045,0.9439670035254665,1.1273991758548414
35.863367428589605,364335970441.5531,2165472769255.3318,80309898.83190648,523123841.6114688,603433740.4433752,22654698.735625744,1.3502565639702896e-05,36.986752625823776,34.7586693600833,0.05806027911704133,0.0021797556943641636,0.0023141137867303194,0.9397599651885945,0.9441194765773228,1.127083529715384
36.798965148208744,381447128786.6787,2277061512482.2476,79944039.53413007,521843519.596005,601787559.130135,23121746.92078197,1.3828725145599114e-05,37.95165703648019,35.66975358897273,0.05790188932191029,0.0022246934334626666,0.00236142436572918,0.939873417244627,0.9443228041115523,1.126704830043729
37.75897058957066,399390199757.7476,2394254127704.084,79675984.17864767,520506494.9594725,600182479.1381202,23524995.746048927,1.4162197339236177e-05,38.94173371708749,36.60480340771848,0.05774745415182336,0.002263492621806719,0.0024022143869818014,0.9399890532263699,0.9445160384699833,1.1263357453786877
38.744020497366165,418250221220.9148,2517317606230.1987,79628408.7665575,519110848.5280654,598739257.2946229,23751453.621153474,1.4503309264452975e-05,39.95763935774628,37.56442154031396,0.057608592405379265,0.0022852816046818915,0.00242498136789563,0.9401061259899388,0.9446766891993026,1.1260039615484914
39.75476822757836,438047833322.45776,2646530307240.6133,79245250.97748217,517654659.1339122,596899910.1113944,24351592.517968893,1.4852043924860535e-05,41.00004778018207,38.54928461309021,0.057431616867397374,0.0023430248654954062,0.0024857876706074326,0.9402253582671072,0.944911407998098,1.1255815029753877
40.79188418083542,458802849140.82526,2782182325358.783,78939691.40117598,516136011.64949286,595075703.0506688,24907095.220145464,1.5208379909735402e-05,42.06965038467243,39.560087559347735,0.05725609805892772,0.0023964733881367563,0.0025420195062545755,0.9403474285529355,0.945140375329209,1.1251627415612686
41.85605624706848,480588199816.68915,2924575861723.026,78798945.38405055,514553005.94570625,593351951.3297567,25335854.981672287,1.557253836540229e-05,43.16715660863334,40.597503324739534,0.05709024471110017,0.0024377271493369714,0.0025853239248649746,0.9404720281395629,0.9453474824382369,1.1247672045488741
42.94799026176976,503502190689.2195,3074025598291.3945,78601704.01248741,512903766.82453245,591505470.8370199,25867271.87585461,1.5944828198722888e-05,44.29329439716915,41.662208881078826,0.056912582831083816,0.0024888582199679684,0.0026390535751599255,0.9405985589489482,0.9455762753888841,1.1243437854543055
44.06841047415351,527523546542.05817,3230859075207.25,78260091.16431284,511186454.9739394,589446546.1382523,26575630.04895997,1.6325003369401028e-05,45.44881068589821,42.75499176354713,0.05671448031430445,0.002557013960174202,0.0027107529022879565,0.9407285057255214,0.9458425336458697,1.123872011813282
45.21806002753009,552714045857.499,3395417071176.111,77987405.95063287,509399278.98797464,587386684.9386075,27249100.63816583,1.6713188651273985e-05,46.63447189637425,43.876597804537106,0.05651628769069367,0.0026218129393590257,0.002778864017632883,0.9408618993699474,0.9461055252486653,1.1234003097779615
46.39770145221218,579174767912.7793,3568053986964.0234,77851676.32661244,507540508.4886579,585392184.8152703,27826227.23161328,1.710965290185067e-05,47.85106444443232,45.02776905521027,0.05632438388071638,0.0026773420370140655,0.0028371423307769783,0.9409982740822695,0.9463529581562977,1.1229438193067394
47.608117171279716,606941742665.1456,3749138232328.2866,77509406.42877802,505608488.378145,583117894.806923,28646165.456752658,1.75143696983947e-05,49.099395261796396,46.209316807355066,0.05610555966883071,0.0027562336186736282,0.002920065529474453,0.9411382067124957,0.9466506739498429,1.1224237486160635
48.850110019539194,636055146260.6775,3939052616939.1084,77211892.24404164,503601654.2393569,580813546.4833986,29454123.39930916,1.7927323527607732e-05,50.38029233129454,47.422071603677544,0.055883843351230686,0.002833972499540968,0.0030017201586724504,0.9412821841492284,0.9469501291483103,1.121897172830753
50.12450377602146,666606977168.4523,4138194746151.081,77032970.07907699,501518548.8906977,578551518.9697747,30179490.113871694,1.834868980265994e-05,51.69460523603668,48.666854082036814,0.055666198993600084,0.0029037647419813194,0.003074934667049623,0.9414300362644186,0.9472375657483812,1.1213805951451135
51.43214371037134,698712269307.1614,4346977422842.3545,76794581.2219142,499357840.0852669,576152421.3071811,31005146.924992085,1.8778702688746588e-05,53.04320572291933,49.94449734929854,0.05543536622674671,0.002983206545936984,0.0031582873625280315,0.9415814272273163,0.9475478403191903,1.1208331583306457
52.773897143491155,732371474713.4121,4565829056962.709,76471773.00995925,497118339.3269251,573590112.3368844,31946192.91396737,1.9217146451970206e-05,54.426988280830784,51.2559314929994,0.055188829840017294,0.003073750692079247,0.003253296308466353,0.9417374194679035,0.947884920852062,1.1202489829164501
54.15065402281043,767670613104.5505,4795194084925.569,76199167.90303904,494799021.7544017,570998189.6574407,32868691.635325193,1.966411769604809e-05,55.84687073394057,52.60205839655134,0.05493944412600713,0.0031625102851503854,0.003346357294772178,0.9418980455888425,0.9482230661591432,1.1196585185581909
55.563327512563056,804736359751.9647,5035533401547.844,76032874.13265869,492399047.02014005,568431921.1527988,33720645.89623952,2.0119831324753826e-05,57.30379485046641,53.98378436650395,0.05469252676676351,0.0032444823375372706,0.0034321979138069894,0.9420629908956992,0.9485519555707738,1.119074329289739
57.01285459946352,843628479384.263,5287324807890.421,75705041.52594048,489917781.06256115,565622822.5885017,34765949.20063877,2.05842427579379e-05,58.79872696732276,55.40208309602438,0.05442224515044134,0.0033450577570867204,0.0035375808493072246,0.9422326970924719,0.9489228126066453,1.118435495317753
58.50019671418399,884407503493.0554,5551063479084.025,75410432.26284361,487354818.6387348,562765250.9015784,35805940.428438425,2.105729998725719e-05,60.332658631065,56.85795471366067,0.054147299620186745,0.003445122067247694,0.0036423452254925985,0.9424075783125656,0.949297822447061,1.1177862049897647
60.026340369044185,927194363131.1053,5827262457041.801,75215336.66268535,484710006.4490367,559925343.1117221,36775737.016951084,2.1539133966758044e-05,61.906607255554334,58.35239502430525,0.05387405364818563,0.003538432495289765,0.0037399169834985255,0.9425875138565246,0.9496643788471041,1.1171414582598018
61.59229781233742,972133377841.8977,6116453173861.316,74949422.56796555,481983466.6462146,556932889.2141801,37847938.17593753,2.2029919703494025e-05,63.52161679678001,59.88641910571059,0.053586130224466386,0.0036415959321148728,0.0038477837745325635,0.9427722738434188,0.9500554657076485,1.1164627491605463
63.19910769972652,1019242416094.8152,6419186012701.172,74624409.81833741,479175620.4785584,553800030.2968959,39001645.68188131,2.2529415072631933e-05,65.17875844528598,61.46113810188606,0.05328469752194931,0.0037526016239167663,0.003963812155665213,0.9429627008541339,0.9504679041019675,1.1157529135820654
64.84783578315493,1068636614831.6732,6736030913975.0,74334103.78075223,476287211.7707975,550621315.5515497,40142057.29292154,2.303767222429309e-05,66.87913133666156,63.077642543033235,0.05297885273240762,0.0038623280313209345,0.004078396815598867,0.9431588192362714,0.9508834752989133,1.1150333825266747
66.53957561773025,1120479127572.2822,7067578035828.207,74128192.73712893,473319329.89741457,547447522.6345435,41221171.00374782,2.3554859253489248e-05,68.6238632805673,64.7370325011447,0.05267348150393493,0.00396615656965153,0.004186683780316875,0.9433603619264135,0.9512926750657166,1.114315632461134
68.27544928704849,1174850176467.4143,7414438479034.506,73782156.63507189,470273431.8518812,544055588.4869531,42458153.39498055,2.408087734564742e-05,70.41411150877948,66.44048151357168,0.0523471214909681,0.004085174678988717,0.004310834453873062,0.9435677038300432,0.9517380531880206,1.113549426169748
70.05660814744073,1231832777015.1206,7777245087650.155,73452539.96972583,467151362.9627868,540603902.9325126,43691210.62013352,2.46156273172312e-05,72.25106344274941,68.18919336822381,0.052015012407097806,0.004203815122605714,0.004434474361540184,0.9437811724702965,0.9521888027155079,1.112770542992661
71.88423359163552,1291572411563.8425,8156653337966.098,73185971.05494046,463955375.7550881,537141346.8100286,44872202.55954814,2.51591688010762e-05,74.13593748118693,69.98437662368674,0.05168185739527806,0.004317446026948266,0.004552740091093949,0.9440006965777736,0.9526355886316702,1.1119900042224196
73.75953783234351,1354251346324.3171,8553342329467.514,72872618.16851863,460688146.40319884,533560764.5717175,46110725.352256656,2.571163384234745e-05,76.06998380818999,71.82725967504211,0.05133734632434405,0.0044366123483154446,0.004676701808725681,0.9442260413273404,0.9530992660239714,1.111183773949356
75.68376470628422,1419920893529.5193,8968015892605.22,72513207.0496315,457352788.1741381,529865995.22376966,47397336.6620661,2.627279308882196e-05,78.05448522245682,73.71916316682162,0.05098184857001344,0.004560405578219678,0.004805393417763432,0.9444577458517669,0.9535785570082063,1.1103527963541124
77.65819049918797,1488718579375.0088,9401403829152.006,72143220.95939788,453952861.21557343,526096082.17497134,48692794.269414544,2.6842636407368195e-05,80.09075798813025,75.66140503525477,0.05061912075220965,0.004685049967861664,0.004934847615188653,0.9446958292799287,0.954065929215652,1.1095058974713048
79.68412479232042,1560842173850.3105,9854263301701.365,71886012.01157592,450492378.0077841,522378390.01936007,49872454.32921004,2.7421284587599923e-05,82.18015270783881,77.65531595125313,0.05026141744568352,0.00479855272341628,0.005052498457534072,0.9449400298309002,0.9545371352777328,1.1086716035615363
81.76291133109119,1636444165614.2915,10327380389397.57,71526800.78380162,446975803.7731427,518502604.5569443,51146565.500739634,2.8008726509111365e-05,84.32405521851364,79.70228358674652,0.04988850295538623,0.0049211432338355275,0.005179542873802788,0.9451903538107782,0.9550326402784493,1.1078029172132218
83.89592891632238,1715646632219.0352,10821571827188.121,71173419.06075495,443408051.1247667,514581470.18552166,52400889.04416579,2.8604870152845787e-05,86.52388751057514,81.80374511638959,0.049511225152038756,0.005041829848045879,0.00530446016982406,0.9454469449999153,0.9555306046960071,1.1069251003474598
86.08459231876874,1798633817540.0894,11337686945680.62,70872094.14853661,439794468.24091744,510666562.38945407,53585321.43539637,2.920976020782754e-05,88.78110867109963,83.96115225304037,0.04913454644794416,0.005155791780601364,0.005422209589528542,0.9457096617714544,0.9560212453326572,1.1060496698168467
88.33035321749512,1885656160993.2297,11876609827974.717,70537378.45213984,436140819.87704617,506678198.329186,54783507.06919807,2.982357175345638e-05,91.09721585159053,86.17597325802751,0.04875080003961539,0.005271077001943878,0.005541215700537142,0.9459781229584407,0.9565202769623284,1.105158901879178
90.63470116273467,1976801443877.528,12439261698537.17,70168963.85795099,432453260.57673675,502622224.43468773,55986595.910049915,3.044611216234981e-05,93.4737452609972,88.44977612610015,0.04836054845004903,0.005386833992680147,0.005660582885573439,0.9462526175572709,0.9570262855426311,1.104254149554743
92.99916456386575,2072261046240.342,13026603557199.805,69805676.67173311,428738299.51965606,498543976.1913892,57150812.00073755,3.107741717988138e-05,95.91227318463922,90.78413124416778,0.047968153700725734,0.0054988507836673545,0.005775910548625464,0.9465329955156069,0.9575306970829417,1.1033455213599397
95.42531170316293,2172308339757.7927,13639639068601.84,69503391.60297468,425002756.55219245,494506148.1551671,58217840.89866185,3.1717682557723315e-05,98.41441702971217,93.18062371808146,0.04757964804203085,0.005601516563664865,0.00588134908304864,0.9468188353943043,0.958021868521634,1.102446919722935
97.91475177599483,2277105015273.3545,14279417713791.229,69113245.88952221,421253709.0873962,490366954.9769184,59329583.84241861,3.236686799984276e-05,100.98183639806865,95.64091979901652,0.04718138938471432,0.005708484572403474,0.005991155618504556,0.9471101260428822,0.9585270951876892,1.1015269479650835
100.46913595815799,2386814337999.403,14947038206184.893,68708468.52892107,417498429.73691213,486206898.2658332,60406018.963157594,3.3024945131501085e-05,103.61623418698541,98.16672706641764,0.04678112331140715,0.005812055386185897,0.006097293631423371,0.9474068213024069,0.9590309320747787,1.1006034701537113
103.09015850105568,2501671220159.1523,15643652168627.363,68371341.4466776,413744314.749429,482115656.19610655,61360412.566948056,3.369203006688333e-05,106.31935771864751,100.759773682254,0.04638747834165591,0.0059038837930344736,0.006191072011898026,0.9477086378653097,0.9595164054513786,1.099696281282415
105.7795578554475,2621987142268.4385,16370468061875.33,67976542.40161926,409998803.57684696,477975345.9784662,62315666.471511304,3.4368378105250906e-05,109.09299989909827,103.42181042516691,0.04598911220672498,0.005995794975007551,0.006284828665715167,0.9480150928182675,0.9600066827682826,1.098779358409603
108.53911782451446,2747903675882.47,17128755347505.86,67559415.43063319,406269290.16805243,473828705.5986856,63228985.06850469,3.505393479322319e-05,111.9390004074231,106.15468595969443,0.045590137005783855,0.006083671288694052,0.006374275376417521,0.9483261917055221,0.9604935342829102,1.0978621406543125
111.37066874700642,2879630258761.1216,17919848860078.133,67143774.91198632,402563026.8957692,469706801.8077555,64071519.379244566,3.574878663902944e-05,114.85924691595773,108.9602736832899,0.04519354187270569,0.00616473698649759,0.006456530466487178,0.9486417211407967,0.9609711951137919,1.0969514563396285
114.27608871125359,3017586326168.563,18745153354504.527,66801762.55092001,398887022.34678227,465688784.8977023,64771604.13974768,3.645338597031965e-05,117.85567634232758,111.8404358741587,0.044806942371121185,0.0062320966879463886,0.006524436749379877,0.9489609609409324,0.9614251543168253,1.0960646542328751
117.25730480085062,3161995457819.8594,19606148185201.03,66387954.71921906,395247934.53937197,461635889.25859106,65470080.525488496,3.71678456904356e-05,120.93027613415161,114.79714134953109,0.044416986960497076,0.006299301637213855,0.00659210298975192,0.9492837114022891,0.9618823146767167,1.0951712421786377
120.31629437283681,3313062207347.2236,20504392063934.42,65948977.261069715,391651961.4606994,457600938.7217691,66115941.556075454,3.789226507355503e-05,124.08508558726038,117.83241302382245,0.04402875816470716,0.006361444121456029,0.006654430429563133,0.9496097977138368,0.9623326859567488,1.0942828078869629
123.45508636922118,3471145664254.2393,21441527833677.402,65596837.893287405,388104731.12486935,453701569.01815677,66596828.47443682,3.862700385037519e-05,127.32219719830326,120.94828403385614,0.0436535744813985,0.006407713374950671,0.006700201102833564,0.9499387121436509,0.9627541388935522,1.0934250498477436
126.67576266272371,3636648289599.461,22419287186575.27,65181545.7887204,384611193.62080413,449792739.40952456,67063474.602098346,3.9372484135599755e-05,130.64375805264376,124.14683181106972,0.043277480599191336,0.006452612429486481,0.006744497279658187,0.9502699069713222,0.9631751318302951,1.0925662044406232
129.98045943762216,3809726876736.4443,23439495245708.04,64723332.8058915,381175517.8272174,445898850.6331089,67491971.9801802,4.012875774708902e-05,134.05197124846,127.43025090308058,0.04290282427148368,0.006493840945071429,0.006784933766133512,0.9506033347834448,0.9635910166735877,1.0917115976034752
133.37136860662395,3990625316780.84,24504074923109.293,64247096.993812904,377800995.5984353,442048092.5922482,67856594.90049058,4.089603079097288e-05,137.5490973579989,130.80076787218286,0.04253231783195265,0.006528923684246962,0.00681894940773683,0.9509387584838004,0.9639966058522943,1.0908673576341417
136.85073926470025,4179559892493.803,25615050960855.9,63743672.23065657,374489956.24839383,438233628.4790504,68166199.16060269,4.167448522021751e-05,141.1374559269499,134.2606722396715,0.0421653034669099,0.006558712720810821,0.006847436979000937,0.9512759838122793,0.9643934092539008,1.0900319649743915
140.42087918084698,4377294026240.0127,26774553558312.96,63430920.62808734,371243694.06193537,434674614.6900227,68212561.33153081,4.246506525111777e-05,144.81942701293423,137.81218825629492,0.0418228676365559,0.006563173526370982,0.006849645336642743,0.9516139588370731,0.9647403058898152,1.089253020239854
144.0841563287644,4584502307468.967,27984821487043.64,63167428.073589094,368062411.3276808,431229839.4012699,68144719.86181378,4.3268534725063226e-05,148.59745276413133,141.4576320273558,0.04149142343422555,0.006556646057978866,0.00684046676084065,0.9519519305077956,0.9650652226237534,1.0884997046390457
147.84300045746642,4802113743040.75,29248204595573.676,63176815.48513398,364945179.0070812,428121994.4922152,67750213.24588275,4.408593772705333e-05,152.4740390390861,145.19933712500713,0.04119239749189158,0.006518688014370556,0.006798744604567765,0.9522889144937379,0.965326290522479,1.0878202447065317
151.69990470286606,5030924609378.625,30567165609068.203,62828334.617903456,361889916.6304513,424718251.2483548,67668332.19409901,4.491806773255284e-05,156.4517570687758,149.03974384737592,0.04086490124907945,0.006510809706608931,0.0067882092054476414,0.9526242890443116,0.9656459084575294,1.0870773444626929
155.65742724140216,5270122837320.355,31944281133731.855,62359156.95577714,358893392.3551476,421252549.31092477,67649096.19677192,4.576367513055103e-05,160.5332451620347,152.98169670391457,0.04053144355797352,0.0065089588863795475,0.0067839209973868855,0.952959597555647,0.965977515328406,1.0863217977808108
159.71819298680563,5520094237467.432,33382241781876.453,61896637.257828414,355951243.35939735,417847880.61722577,67571410.80254722,4.662308070994032e-05,164.72121045547013,157.02784989726356,0.04020385827162216,0.006501484270080018,0.006773817884256444,0.9532946574582978,0.9662976259984578,1.085580236827451
163.88489533113218,5781126591437.672,34883851340367.727,61401194.31768849,353058015.9185709,414459210.23625934,67480610.83720773,4.749646493033819e-05,169.01843070903143,161.18095140939784,0.039877812286838475,0.006492747815722073,0.006762418261770028,0.9536294398974394,0.9666149355288836,1.0848428945404973
168.16029793121245,6054217075079.498,36452024911654.14,61068816.22775402,350207223.6755298,411276039.9032838,67195269.60131663,4.8384796238381614e-05,173.4277561484187,165.44369166085124,0.039571538796274536,0.006465293282292659,0.006731676062774701,0.9539631679214328,0.9668937544860181,1.0841506584378515
172.54723654170928,6340269297257.811,38089785961816.34,60778427.01013647,347391421.8441529,408169848.8542894,66849132.8769263,4.928883117244284e-05,177.95211135555888,169.81887039575835,0.03927267198255783,0.006431989220083617,0.00669491647891049,0.9542953387973585,0.9671593172375258,1.0834757049225825
177.04862089599382,6640332572072.453,39800262213126.09,60735765.98912774,344602294.4581293,405338060.44725704,66250003.246070325,5.020938471097227e-05,182.59449720839856,174.30935401096812,0.039000207229108845,0.006374343067302652,0.006633032717856515,0.9546254497035885,0.9673741358381939,1.0828605200705186
181.66743663608943,6955247189795.582,41586680318847.99,60263237.760843396,341830751.3845808,402093989.1454242,66086130.364228606,5.114693380000609e-05,187.3579928713014,178.91814296909894,0.038688074060814995,0.0063585757930822,0.006614477175938478,0.9549533501461028,0.9676705017322672,1.0821571694349736
186.4067472929657,7284107874596.147,43452359255355.59,59757342.02028507,339067031.7510997,398824373.7713848,65955264.88434398,5.210006549135986e-05,192.24575783737296,183.64862991644287,0.03837348313144035,0.0063459843753677974,0.006599219410081223,0.9552805324931919,0.9679725012439274,1.081449023444448
191.26969631849104,7627381267173.095,45400702361819.58,59219575.69875184,336300810.75906247,395520386.45781434,65864881.276697576,5.30688209019118e-05,197.26103402406235,188.50404998567709,0.0380555850545378,0.006337287981487502,0.006587998103660488,0.9556071269639747,0.9682817029269497,1.0807341990218482
196.25950917039756,7985146477522.289,47435187952669.086,58633534.98757896,333521307.621462,392154842.609041,65837115.97297263,5.4052789074912524e-05,202.40714792343638,193.48779748159978,0.0377317642236097,0.006334616501296727,0.006583004889676885,0.9559336192750936,0.968602852277687,1.0800068767975257
201.3794954516362,8358809768586.586,49559358425998.54,58211222.62349957,330717393.5708687,388928616.19436824,65676635.256408334,5.505277863022175e-05,207.68751280854812,198.6031522454092,0.03742134802780163,0.0063191756093277434,0.006564840801715865,0.9562594763628707,0.9688978275815261,1.079310161508806
206.6330511055429,8749447198193.969,51776807796891.39,57813953.94838784,327877700.46976346,385691654.4181513,65534592.329752564,5.606911342320051e-05,213.1056309973645,203.8535631551017,0.0371098989131395,0.006305508736868514,0.006548523792851523,0.956584592349992,0.969195609823729,1.0786118327009737
212.02366066827403,9158022111123.527,54091167604369.6,57458901.74875107,324990732.3768139,382449634.12556493,65404344.21374786,5.7101867494999996e-05,218.66509617575687,209.24261167888176,0.036797963085765356,0.0062929767197424154,0.006533392246452188,0.9569090601944922,0.969495013633977,1.0779131091830374
217.55489957999987,9585380631011.555,56506091181280.66,57040645.72122593,322044984.2384212,379085629.9596471,65400090.76634747,5.8150871676985235e-05,224.3695957810908,214.7740131689434,0.03647429039772413,0.006292567467944372,0.00653077277049703,0.9572331421343315,0.9698182770702203,1.0771889973316304
223.23043655639526,10032003896793.066,59025236344579.125,56625009.33450937,319029073.3439701,375654082.6784795,65461630.904120326,5.9215511383711e-05,230.22291344800087,220.45165267379934,0.03614411894791172,0.006298488644266677,0.006534678854054008,0.9575573924078216,0.9701543696963549,1.0764511906370933
229.05403602199533,10498913681670.871,61652246663850.81,56239072.22851309,315931889.87475204,372170962.10326517,65570364.703448296,6.029552007950624e-05,236.22893151796941,226.27945651647468,0.03580898529654071,0.006308950629262411,0.006543258060958755,0.9578820640741968,0.9704999653327216,1.0757031352636228
235.02956060703184,10987400366019.96,64390731598977.36,55872951.36386459,312742772.3042165,368615723.6680811,65744972.448158324,6.139069585680106e-05,242.39163361437335,232.2614416374869,0.035466912717498716,0.0063257507743560756,0.006558355392637071,0.9582073365081452,0.9708588380568574,1.0749404849092403
241.16097370940932,11497842097742.662,67244245956755.32,55431606.25596709,309451711.0957804,364883317.35174745,66082670.79750109,6.249993600204104e-05,248.71510728471208,238.40187754513337,0.03510779366600963,0.006358242925699484,0.006589588851439665,0.9585339634082909,0.97125044925969,1.0741409200460939
247.45234212351377,12031095058795.777,70216269284007.86,55011939.82178096,306049579.7332316,361061519.5550126,66490517.04128778,6.362240694548668e-05,255.203546711761,244.70509597106988,0.03474007367964579,0.006397484461536863,0.006627732372486,0.9588624418588173,0.971657410781891,1.0733232197237692
253.90783873760526,12588645504770.336,73310185961499.44,54698681.4206502,302528385.50272375,357227066.92337394,66889430.03562188,6.475761140992157e-05,261.86125549545716,251.17548257186448,0.034371136089430106,0.0064358664714281805,0.00666494831706297,0.9591929974391418,0.972064730381998,1.072503738300928
260.5317453015758,13171487816102.115,76529266845377.56,54177205.57078642,298881523.94241863,353058729.51320505,67595177.02158123,6.590450800727555e-05,268.69264950735476,257.8176250604379,0.033970073276285796,0.006503770972360965,0.006732473593668544,0.9595261557513532,0.9725336976960752,1.0716143584089903
267.32845526691585,13779002598752.621,79876653266284.5,53620641.88381967,295104011.3936775,348724653.2774972,68426798.27305841,6.7060763701097e-05,275.70225981955036,264.6364394875355,0.03355306365435971,0.006583786653858906,0.006812362279044236,0.9598631496917813,0.9730307229994992,1.0706909404812657
274.3024767007663,14411811078378.611,83355343981735.81,53022784.16124861,291192661.2441367,344215445.4053853,69387523.25345647,6.822490241267874e-05,282.8947357100154,271.63681870159934,0.033119203480317716,0.006676224243569486,0.006904909341048829,0.9602045722761128,0.9735570207632518,1.0697316301167057
281.4584352759928,15070089444247.57,86968185234840.28,52390723.70572176,287146163.5817671,339536887.2874888,70463905.15529466,6.939505303776527e-05,290.2748477463311,278.82384202457564,0.03266904901929805,0.006779789936815837,0.0070087594426109625,0.9605511610438862,0.9741107409175178,1.0687377913894456
288.8010773392663,15755545571218.79,90717863380468.17,51833774.35712024,282965027.94342273,334798802.30054295,71545026.45324433,7.057030986165062e-05,297.8474909498738,286.20255393149523,0.032213167091614966,0.006883811638141678,0.0071129420282093556,0.9609030212702434,0.9746706445465267,1.067732728506578
296.33527305917977,16469568743554.11,94606898630426.34,51277852.494318046,278651357.58011293,329929210.074431,72700194.14203113,7.174941830065683e-05,305.61768804254376,293.77818416542544,0.03174463199838916,0.006994957823617932,0.007224290259350563,0.9612604101779929,0.9752503258252287,1.0667013378975088
304.0660196564962,17213177819916.953,98637637452571.69,50719940.04655234,274208443.4303874,324928383.47693974,73925149.71975547,7.293078355708857e-05,313.59059277819694,301.55614964073226,0.03126346999400251,0.007112818755120362,0.007342366613424113,0.9616237112508771,0.9758493487611178,1.0656437936916163
311.9984447186645,17986974589180.66,102812240242015.72,50089990.5893134,269640197.34410757,319730187.93342096,75280985.63291472,7.411248178827842e-05,321.7714933609853,309.54205601839504,0.03076331784152276,0.007243272533686166,0.007473172102355323,0.9619934096247911,0.9764799546921634,1.0645463389868133
320.13780960080305,18791790129484.562,107132660367921.78,49493037.831390716,264950484.75377876,314443522.5851695,76655070.26474202,7.529268236138027e-05,330.1658159528729,317.7416315364811,0.030254653434570074,0.00737548213998977,0.007605586524453755,0.9623698644254401,0.9771208287054196,1.0634319737949027
328.4895129154118,19628777665270.836,111600610951019.53,48869162.821356066,260142460.92804486,309011623.7494009,78101784.86614394,7.646967960623987e-05,338.77912827265953,326.160725369569,0.029732015170576862,0.007514679947355295,0.00774495300767489,0.9627533048820678,0.9777826647767784,1.0622889123382484
337.0590941131176,20498374852571.676,116217517094480.06,48201345.75225148,255218052.1391039,303419397.8913554,79631980.11335659,7.764126902930183e-05,347.61714328888974,334.80541425375156,0.02919395080254021,0.007661909969812206,0.007892317910612639,0.9631441392276476,0.978467959167272,1.061114147452971
345.85223715683884,21401761082931.582,120984453987489.77,47592788.39738493,250177740.41457507,297770528.81196,81140193.03486294,7.880559106087071e-05,356.68572300910677,343.68186704759813,0.02865043642231291,0.007807024929950574,0.008037296996557697,0.9635425386477365,0.9791565885076376,1.0599294441793452
354.8747742917977,22341101121107.445,125902075250443.36,47000842.79925358,245020794.28038427,292021637.0796379,82670500.95129877,7.99611914970781e-05,365.9908823679572,352.79633864661827,0.028097298213058942,0.00795426579304517,0.008184220270630435,0.9639484359938959,0.9798569675799862,1.0587258373449882
364.13268991388384,23318189978021.965,130970540579555.06,46471119.049970955,239746027.74837273,286217146.79834366,84177749.9553864,8.110622922246518e-05,375.5387932167271,362.15530470795636,0.02753881050632833,0.008099288008428603,0.008328649097703976,0.964361901485243,0.9805604775021003,1.0575126492419114
373.632124538939,24332804748171.79,136189456143817.47,45727455.74114069,234353064.07773256,280080519.8188733,85932872.58197856,8.223765781895082e-05,385.3357884169605,371.7656007882243,0.02694836577083272,0.008268159754827309,0.008497143896559185,0.96478347447434,0.9813197939839946,1.0562326424712125
383.37937887558587,25384615084835.97,141557843795041.72,45020932.869702026,228843941.33309063,273864874.20279264,87677690.3696981,8.335232736830628e-05,395.3883660408661,381.6342447334484,0.026350318139129032,0.00843604000575418,0.008664348341007976,0.9652136418551168,0.9820857218666251,1.0549385227099326
393.380918004314,26474213807614.375,147074154284382.56,44261350.13363821,223224751.28127658,267486101.4149148,89494060.85904121,8.444752370424359e-05,405.7031936813087,391.76835200607974,0.02573657498281123,0.008610804806797177,0.008838271647778688,0.9656526202103916,0.982874229823986,1.0536130190678217
403.6433756655856,27600440876391.207,152736333949142.94,43420015.5965681,217506893.45135385,260926909.04792196,91394282.99152017,8.551969496815886e-05,416.2871128742357,402.1753502408065,0.025105472487067196,0.008793637518993622,0.009020091169684986,0.9661008899939392,0.9836881650319265,1.0522527549809122
414.1735586598081,28765516221168.85,158541943314019.56,42706971.867067635,211707499.50471574,254414471.37178338,93154070.3285507,8.656700220146109e-05,427.14714363647477,412.86256290440605,0.024478868563774604,0.008962958087478167,0.009187866668026267,0.9665581733487473,0.9844840895237036,1.0509046182498245
424.9784513620969,29971425764022.375,164488310915953.34,41958781.751894966,205848677.6739806,247807459.42587554,94917711.29968446,8.758756604969384e-05,438.2904891219168,423.837503266515,0.023843165035782984,0.009132649439126882,0.009355719400829332,0.9670241855250902,0.9852894844033439,1.0495395678106008
436.0652203548122,31217438090440.28,170572689534594.12,41101270.120109975,199955454.3540637,241056724.47417367,96733551.2888766,8.857846288471751e-05,449.724540399163,435.1080448290075,0.023193632984007104,0.009307363197305065,0.009528360493531344,0.9674990038186878,0.986113730213298,1.048147656635909
447.4412191809553,32502849919928.543,176792369699364.0,40354042.5608846,194052619.46541715,234406662.02630174,98358196.78317255,8.953709373205637e-05,461.4568813538162,446.682200339059,0.0225537872876337,0.00946368089143294,0.009682047736592769,0.9679825318209334,0.9869098936037992,1.0467789414829993
459.1139932215658,33832402368395.113,183144702259481.25,39632925.14308444,188161036.8152936,227793961.95837805,99865698.95499876,9.046343078870285e-05,473.495293718658,458.567756117277,0.021917536468481907,0.009608727465728679,0.009824046360094098,0.9684737360657895,0.9876911909972468,1.0454204034516155
471.0912847003604,35206437808948.98,189626992110760.25,38876881.235276766,182294248.81815636,221171130.05343312,101307450.58397073,9.135566648749625e-05,485.84776223505304,470.77299517501774,0.02128031079948995,0.009747447753285116,0.009959386595407665,0.9689722414472249,0.9884671369537951,1.0440623358964471
483.3810378189356,36623770111638.95,196236249624665.2,38076245.569804505,176456271.68944752,214532517.259252,102691337.10795534,9.221148039621473e-05,498.52247994900716,483.3064934570887,0.020641566748656942,0.009880600463290728,0.010088850136806823,0.9694778327880523,0.9892390337146338,1.0427035979063206
495.9914040259303,38086923927501.69,202968820591137.84,37348173.70889141,170641268.31923306,207989442.02812445,103913386.39924109,9.302999762995425e-05,511.5278536453807,496.1768021147223,0.020012014987225872,0.009998181762100272,0.01020235137063435,0.9699898032506739,0.9899861667748745,1.0413667453087787
508.93074742365644,39597173837197.5,209819949995725.72,36594222.04268986,164835311.17575026,201429533.21844012,105090606.16044867,9.380959288433572e-05,524.8725094238775,509.39281544209626,0.019380843557877614,0.010111449720679434,0.010311291243142492,0.9705077067214429,0.9907306061628018,1.0400289584535405
522.2076503157721,41153564300093.14,216783357062189.4,35774577.47142053,159019824.97362185,194794402.44504237,106282319.86224794,9.45474796373495e-05,538.5652984204928,522.9638443843434,0.01874243453487786,0.010226112235412584,0.010421435304364094,0.9710314532297095,0.9914836777005347,1.0386784791218215
535.8309188996813,42756490244929.62,223850897658207.44,35025979.29894521,153175743.50947887,188201722.8084241,107372643.57018766,9.524103015002677e-05,552.6153026782224,536.8994045925141,0.018108110011442944,0.010331019360367835,0.010521544648350475,0.9715608706281892,0.9922229093489249,1.03733906781174
549.8095891074414,44407811490895.445,231012362129232.84,34248807.02429422,147287180.62280044,181535987.64709467,108479542.70146394,9.588774645231429e-05,567.0318411709306,551.2092272351197,0.017466756341522692,0.01043752131444997,0.010623071923333303,0.9720957223440273,0.9929707649729272,1.0359874771570055
564.1529325990394,46106057657204.84,238255411749084.44,33400521.218342207,141343690.16911456,174744211.38745677,109654207.06428951,9.648361653744742e-05,581.8244759843598,565.9035364265399,0.016813275438971015,0.010550543401554981,0.010730966090155015,0.972636181159474,0.993737267962584,1.034613168342277
578.8704629120276,47848321107395.29,245565618880836.3,32587804.045340694,135340968.77730763,167928772.82264832,110791199.56055817,9.702396695101537e-05,597.0030186583979,580.9929148819966,0.016157517832366054,0.010659940833721827,0.010835007663254688,0.9731825413339121,0.9945024230013557,1.0332367512953564
593.9719417715849,49640024256430.95,252926573908565.2,31816303.861802272,129280835.67699349,161097139.53879577,111888152.99550086,9.750676017965281e-05,612.5775366947962,596.4877663170805,0.01550020202666664,0.01076548584776823,0.01093498025081345,0.9737343121255652,0.9952652838211016,1.031859746390698
609.4673855651934,51480141047928.05,260320072430934.7,31001366.274555527,123171918.68778321,154173284.96233875,113020034.33489424,9.792771303806644e-05,628.5583602346591,612.3991276492028,0.014834013011482428,0.010874391502338132,0.011038131285448933,0.9742915954861795,0.9960403784908557,1.030467025571308
625.3670719862314,53364205702727.375,267726479157585.88,30141385.53966202,117032041.42736995,147173426.96703196,114167732.36972332,9.828163449902032e-05,644.9560889101404,628.7384550914977,0.014160511213772953,0.010984818983896083,0.011142603952110575,0.9748546698023309,0.9968243077701231,1.0290619109239991
641.6815468508751,55296364514576.625,275125412192766.22,29366202.619814098,110891616.12534525,140257818.74515933,115176760.35182184,9.856637532563406e-05,661.7815988748783,645.5169794471462,0.01349511563391855,0.011081904119099992,0.011233501521101051,0.9754229802469815,0.9975867884851815,1.0276762691590136
658.4216310928462,57276452021110.94,282496809785195.9,28549001.481629677,104795104.90811169,133344106.38974136,116133257.33426589,9.877903597408348e-05,679.0460500178474,662.7463390641983,0.012829902467688293,0.011173934905669043,0.01131915860660812,0.9759961626266427,0.9983440324379808,1.0262937014459697
675.5984279406323,59298667412580.17,289822184581137.1,27588767.7777955,98796549.44662708,126385317.22442257,117086476.53967828,9.891606532312358e-05,696.7608933653976,680.4385709460716,0.01216035216882998,0.011265650316022637,0.011404330997198474,0.9765739975151474,0.9991052981471927,1.0249049284619423
693.2233302819453,61359162730760.88,297085529931711.4,26817266.16839882,92947179.5062145,119764445.67461333,117660277.82900742,9.897571738691697e-05,714.9378786763968,698.6057129599783,0.011523315118336985,0.01132085946457255,0.01145283408068228,0.9771558254170905,0.9997975443462356,1.0235854616365085
711.3080282203089,63469822412462.55,304273179737115.4,26082169.468600463,87278488.96524353,113360658.433844,117994466.14390185,9.896152543210774e-05,733.5890622355228,717.2592383597486,0.01090716515905226,0.011353013892706066,0.011478208609742583,0.9777398209482416,1.0004458487336538,1.022311179869359
729.8645168287704,65628696140230.42,311372240288073.1,25298147.79337209,81790089.11304578,107088236.90641788,118184199.08853975,9.887348744209233e-05,752.7268148498504,736.4115182852212,0.010303654748191712,0.011371269331514111,0.011489654767413454,0.9783250759202942,1.0010676145833224,1.0210650310300242
748.9051041059023,67830987715520.42,318368068322946.25,24561162.63432163,76452842.86746281,101014005.50178444,118169442.32229203,9.871066818160757e-05,772.3638300540687,756.075400595981,0.009719213496173903,0.011369849487196857,0.011481440054328397,0.9789109370166292,1.0016506359910229,1.0198599753731041
768.4424191393497,70084627993332.55,325242226209370.6,23837504.58198277,71230367.85865477,95067872.44063753,118032291.00461099,9.847469861570166e-05,792.5131325297433,776.2636408450423,0.009147097417706706,0.011356653268205223,0.011461492658101206,0.9794962493140881,1.0022095558504984,1.0186821197342129
788.489420482348,72384924969973.78,331972571368005.5,23078431.758248433,66108406.00207343,89186837.76032186,117838682.64122683,9.816333451661745e-05,813.1880867442196,796.9899738239131,0.008581244877235165,0.011338024950191023,0.011436161452066806,0.9800807301725738,1.0027567800729558,1.017519035084323
809.0594047487733,74723024739525.22,338536022377110.06,22248578.892294012,61111617.94282383,83360196.83511785,117600753.60145369,9.777360619721253e-05,834.4024058149062,818.2686026835554,0.008020625913198524,0.011315132252064585,0.011406620487932114,0.9806642418347369,1.003294506338866,1.0163685686427992
830.1660154324072,77103130888353.38,344912473831720.5,21562667.334170893,56291840.06331878,77854507.39748967,117062051.65863568,9.730680961074085e-05,856.1701606047924,840.1133844393216,0.007490887776173627,0.01126330023959222,0.01134830914988332,0.9812458119842341,1.0037724124634186,1.0152825652667166
851.8232519562893,79531483812287.06,351086825503651.44,20880573.82076636,51691685.94276271,72572259.76352906,116332820.39276683,9.67659746007501e-05,878.5057890552657,862.538257072526,0.006982648426203333,0.01119313616357269,0.0112718434837348,0.981824215410224,1.0042104877373694,1.0142418067394317
874.0454789581396,82003335794759.72,357046774473565.0,20136667.857585847,47308819.25531363,67445487.11289948,115489239.79055724,9.61523125974343e-05,901.4241057623889,885.5578352789,0.0064893683340983424,0.011111969795271799,0.011184550462876716,0.9823986618706299,1.0046226014611734,1.0132329239582019
896.8474358180172,84518233408508.78,362776983317444.4,19531899.619880207,43089654.27791905,62621553.89779925,114392292.73017845,9.546745769683752e-05,924.9403118030039,909.1870504900827,0.006025226390850528,0.011006425394563589,0.011073143591561141,0.9829683482145859,1.004981199003713,1.0122843651726208
920.2442464345439,87081521286228.28,368253316272623.4,18856485.936037928,38959105.29015628,57815591.22619421,113333573.91293651,9.471253108392865e-05,949.0700048171869,933.4413153373505,0.005562813510300547,0.01090455918139764,0.010965558538584066,0.9835326273083018,1.0053417456710971,1.0113407622125656
944.2514292561555,89683375087730.31,373441042167805.9,18145970.148426056,34861747.03707165,53007717.18549771,112330216.00898,9.388359304710403e-05,973.8291893537181,958.3372844685631,0.005100216724517053,0.010808019601235614,0.010863425425275146,0.9840917636742473,1.0057078028767186,1.0103982453072142
968.8849075740586,92313469069504.62,378297572169424.94,17431686.081271596,30781283.817857265,48212969.89912886,111363134.08134791,9.297572970188028e-05,999.2342874854558,983.8921908057224,0.004638882949018011,0.010714970368346996,0.010764907514262666,0.984646146682635,1.0060760874193289,1.0094597046872367
994.1610200837019,94979617925280.1,382776963263139.1,16780107.297836628,26733972.39803418,43514079.69587081,110352161.1991623,9.198767064310855e-05,1025.3021497016343,1010.1230944699604,0.004186772206020712,0.01061769810167472,0.010662338885772848,0.9851955296923046,1.006430925895654,1.0085410831689772
1020.0965317217709,97677976505817.58,386834421708761.0,16102209.332205052,22763613.55991699,38865822.892122045,109342461.49415044,9.091662342771902e-05,1052.0500660843197,1037.047746329525,0.0037395332312244985,0.010520548335646873,0.010560037948478198,0.9857399184331286,1.0067810151044225,1.0076335946043595
1046.7086447859076,100395119128992.03,390432516553249.5,15359076.405792326,18949788.824796602,34308865.23058893,108293757.34737004,8.976000551761292e-05,1079.495777776441,1064.6843136767213,0.003301078739835348,0.010419645698965451,0.010454155690056826,0.9862792755611992,1.00711856695913,1.0067450198574945
1074.0150103445037,103128127809816.75,393549282773237.9,14690316.9645802,15395956.556839455,30086273.521419656,106971550.78818728,8.852047414125389e-05,1107.6574887489853,1093.0505620083663,0.002894795768234296,0.0102924276189487,0.010322308594185555,0.986812776612817,1.0073976318507145,1.0059220094933004
1102.033739944167,105884745072924.03,396181549348260.6,14092203.401509162,12173428.196678512,26265631.598187674,105323921.39377603,8.720589621773894e-05,1136.5538778751904,1122.163872062864,0.0025271869959668887,0.010133898494523752,0.010159573636903502,0.9873389145095094,1.007606711498557,1.0051773501068195
1130.7834176225992,108663367595110.53,398336175063858.9,13442563.367171355,9265795.51977266,22708358.886944015,103503113.30259281,8.582381401449852e-05,1166.2041113197122,1152.0421654414076,0.002184918686013773,0.00995870672298809,0.009980513333065516,0.9878563745909982,1.0077737880369744,1.0044842581435816
1160.2831122348637,111455763347236.69,400013234203150.5,12872794.495772291,6583554.553973191,19456349.04974548,101475724.41395213,8.437912497560292e-05,1196.627855251002,1182.704300176168,0.00187202169967625,0.00976363847130767,0.00978195049489928,0.9883643398290161,1.0078916167716314,1.003850638108151
1190.5523901012298,114270083328629.88,401197361573484.75,12303886.745358393,4057337.6036213413,16361224.348979734,99397663.81144291,8.287669143052659e-05,1227.8452888853324,1214.169653141461,0.0015742196511920699,0.009563694764952831,0.009578773858995988,0.9888620855838551,1.0079894751137608,1.003247940357016
1221.6113279849558,117095703964364.44,401870257226569.1,11702368.407619633,1719121.7157880198,13421490.123407653,97272208.3670427,8.13177767768224e-05,1259.8771178710963,1246.4587215101185,0.001291368729496466,0.0093591908930579,0.009371292687389354,0.9893494403774457,1.0080678221635615,1.0026758051054752
1253.480526408651,119914159445350.19,402030364106521.3,11101454.79567691,-367763.1096820971,10733691.685994811,95006304.36087337,7.970515819950936e-05,1292.7445880222915,1279.5922928277146,0.0010327581861551613,0.00914117355290395,0.00915062393468092,0.9898260682609409,1.0081084153667488,1.0021526347194685
1286.1811233180215,122750081853958.12,401680063688104.3,10632332.865508303,-2292348.423248388,8339984.442259915,92569854.41534635,7.804861324069287e-05,1326.469499410269,1313.5905537553406,0.0008024440665077977,0.008906746880328333,0.008913899786321311,0.9902908090531639,1.0081043028138206,1.0016864135591486
1319.7348081020727,125590423191220.03,400778347028155.0,10048320.28718426,-4282492.365819286,5765827.921364975,90432361.6805559,7.634544261653175e-05,1361.0742208231063,1348.47631849488,0.000554767749992419,0.0087010848225498,0.008705914583194746,0.9907441474274578,1.0081463170725573,1.0011863423503002
1354.1638359790818,128402371462794.23,399230121800549.4,9403114.599871399,-6421763.082826109,2981351.51704529,88606788.06599897,7.458302532420898e-05,1396.5817046022057,1384.274622002693,0.0002868551915881927,0.00852543452906107,0.008527880795940631,0.9911877102793507,1.0082385793374729,1.0006467291194137
1389.4910427578495,131179747428763.44,396945365025208.6,8834808.638055973,-8544895.871102124,289912.7669538483,86781470.32909933,7.275464761432186e-05,1433.0155018659277,1421.0101232453146,2.7894390122379477e-05,0.008349808855223522,0.00835004177454632,0.9916222967546541,1.0083219144651012,1.0001255230641286
1425.739859984062,133918248783451.84,393889451885756.4,8274968.084134149,-10455640.06189904,-2180671.9777648905,84831130.35843132,7.086227727750331e-05,1470.3997781303985,1458.7066630301088,-0.00020981661316901603,0.008162153980328882,0.008160441784071786,0.9920476626328402,1.008371970593498,0.9996470681131432
1462.9343304817723,136615156282914.62,390081263743649.9,7686323.010400657,-12031179.486982305,-4344856.476581648,82680755.25836548,6.891522987973603e-05,1508.7593293378134,1497.387500120542,-0.0004180468589119057,0.007955252426523781,0.007951928147939241,0.9924627944323882,1.0083732992854357,0.9992276146005202
1501.0991243003293,139247904797514.25,385580665796390.4,7175430.327758033,-13233166.121225972,-6057735.793467939,80197099.29470685,6.692490629514184e-05,1548.1195983028865,1537.076196052058,-0.0005828541021382352,0.007716283756368261,0.007711788908568078,0.99286657034577,1.0082991378585064,0.9988947161160591
1540.2595550773378,141846481208021.56,380432510102578.8,6712758.680865901,-14281106.771168858,-7568348.090302957,77643631.14865582,6.490651917743236e-05,1588.5066915883672,1577.7963471193523,-0.0007281999217595135,0.007470598002755502,0.007465161872464052,0.993257601919004,1.0081987979245148,0.9986008401071803
1580.4415968284738,144387443228651.94,374578545182121.75,6183409.134753439,-15450617.182545066,-9267208.047791626,75402324.14523987,6.285504170909876e-05,1629.9473968207772,1619.5755704333778,-0.0008916582713706633,0.007254947299979593,0.007248484129150936,0.9936367109713911,1.0081466055713504,0.9982715154948589
1621.6719011753314,146826304990654.62,367926255562313.4,5625842.8826733595,-16578515.802985795,-10952672.920312434,73257638.364072,6.075964086157651e-05,1672.4692004579047,1662.4431400299504,-0.0010538277928638178,0.007048593152494461,0.007041172968725657,0.9940052346403694,1.0081024209453582,0.997945147639221
1663.977815022691,149183776190304.56,360490007666739.75,5172217.194242604,-17435707.523379844,-12263490.32913724,70856709.47963674,5.863061339620706e-05,1716.100306019796,1706.4255603415324,-0.001179950048758766,0.006817584191894987,0.006809549263909012,0.9943623658568638,1.0079975342406537,0.9976905330585054
1707.3873986969493,151453341272933.97,352284796938009.5,4694311.196946032,-18276154.038157124,-13581842.841211092,68585405.0096602,5.647450528090682e-05,1760.8696527953546,1751.5506904947847,-0.0013067973058733906,0.006599047238045293,0.006590434875505449,0.9947077500678281,1.0079058445439186,0.9974348420510457
1751.9294445577605,153593541857711.62,343202405808581.9,4139165.935408749,-19243260.62181658,-15104094.68640783,66626359.83385803,5.4280158493461406e-05,1806.806935036971,1797.8500659479287,-0.0014532630420346045,0.0064105547788294815,0.006401252075765026,0.9950427082632052,1.007863817820864,0.9971406564451857
1797.6334960951845,155590537416802.5,333166579122754.56,3695398.6716777994,-20106013.82334644,-16410615.15166864,64554476.263498366,5.204411362511343e-05,1853.9426216558752,1845.3547264556144,-0.0015789718610831269,0.00621120540485396,0.006201413547363734,0.9953677664562292,1.007790177265937,0.996887857863486
1844.5298675250704,157444931861673.5,322154942121792.44,3217674.009928816,-20951010.365862917,-17733336.355934102,62603515.53198978,4.9770619061072315e-05,1902.307976431322,1894.0952347632165,-0.0017062394584456053,0.0060234908025273695,0.0060132307908792315,0.9956827486559182,1.007729730260973,0.9966322721865495
1892.6496638956187,159122374426168.06,310051444765958.2,2705645.7980072373,-21873808.296900928,-19168162.49889369,60859270.09069221,4.745076428352872e-05,1951.9350787469753,1944.1051405953801,-0.0018442934000158127,0.00585566562076681,0.005844885936210811,0.995988627779249,1.0076999590207827,0.9963556306094123
1942.024801718483,160569262800647.56,296824342224137.4,2196326.2356587956,-22566182.91513097,-20369856.679472174,58973711.31360753,4.508322656620471e-05,2002.856844868257,1995.4175784830313,-0.0019599162014296793,0.00567424376522276,0.005663144476612011,0.9962856724362069,1.0076341599666525,0.9961236082558205
1992.6880301381104,161783942743946.6,282324334961008.8,1672128.6645860898,-24073217.09379096,-22401088.42920487,58001938.75724234,4.266082307650113e-05,2055.107049774798,2048.067508658258,-0.002155354199732897,0.005580743216480842,0.005568740608024114,0.9965746109832521,1.007736097416214,0.9957340668937568
2044.672952653315,162666564047342.44,265212376143925.03,950935.2392356447,-28152805.77108824,-27201870.531852596,59779789.18671088,4.0056844416433895e-05,2108.7203495624162,2102.110495768394,-0.0026172686240987304,0.005751801752398061,0.0057367870396759805,0.9968654668717006,1.008369070376497,0.9948186817612795
2098.0140494055495,162884764369500.2,244300114489708.0,0.0,-31384143.873804875,-31384143.873804875,60830054.17485958,3.715035121523582e-05,2163.732304429551,2157.6020564405567,-0.003019672303745637,0.005852854567764278,0.0058352340730480215,0.9971668177359814,1.00887252687151,0.994021747328073
2152.746700048612,162884764369500.2,221719088126797.06,0.0,-29715047.313040417,-29715047.313040417,56131706.49512157,3.4197973564282954e-05,2220.179402263336,2214.536331557072,-0.0028590776838291663,0.005400796024478215,0.005385398751090451,0.9974582816593509,1.0082598737083073,0.9943351126804828
2208.9072072149715,162884764369500.2,200180409989171.4,0.0,-26382272.535171524,-26382272.535171524,50067620.84665017,3.146203391848961e-05,2278.0990828409895,2272.9074745829394,-0.0025384097780287262,0.004817330961551504,0.0048051335635291076,0.9977210788164772,1.0073557407395803,0.9949654188618571
2266.5328205942983,162884764369500.2,179859819614706.5,0.0,-23915166.570152342,-23915166.570152342,45152339.50994855,2.8945980343428586e-05,2337.529762662579,2332.7533330465653,-0.0023010334907248636,0.004344399822271832,0.004334426162508825,0.997956633668453,1.0066454333129968,0.9954324701289091
2325.661761640126,162884764369500.2,160404440215490.75,0.0,-21713134.033943348,-21713134.033943348,40739166.14626198,2.6608740902104472e-05,2398.510860431594,2394.120103007533,-0.002089161639503614,0.003919779751973362,0.00391160777106926,0.9981693818875302,1.006008941391477,0.9958499713087949
2386.3332489210834,162884764369500.2,141915204309880.8,0.0,-19480367.49651612,-19480367.49651612,36517749.48560816,2.4449135078568806e-05,2461.082823200285,2457.0484263172057,-0.0018743326704258082,0.003513609839421234,0.0035070364863584768,0.9983607228310045,1.005387942509847,0.9962741012295053
2448.587524133456,162884764369500.2,124536696586172.97,0.0,-17313108.90273808,-17313108.90273808,32572529.901120216,2.246897362521454e-05,2525.287153197038,2521.579506408379,-0.0016658066460422459,0.0031340146413053895,0.003128802661038477,0.9985317920047369,1.0047998212873477,0.9966864499602243
2512.4658787923895,162884764369500.2,108336107026292.27,0.0,-15271663.967372576,-15271663.967372576,28948098.453640416,2.0663439300843666e-05,2591.166435353659,2587.7567231147136,-0.0014693859708206324,0.0027852845531823075,0.002781197900005963,0.9986841014176383,1.004254670524003,0.9970754051166805
2578.010681619388,162884764369500.2,93349044416745.42,0.0,-13361757.07782629,-13361757.07782629,25633807.601654552,1.9025294758605993e-05,2658.7643655507545,2655.6249665647733,-0.0012856214252499108,0.0024663951059333547,0.002463228326821111,0.9988192263193165,1.0037520165311833,0.9974397590904137
2645.2654066442906,162884764369500.2,79606968037593.64,0.0,-11578441.619762633,-11578441.619762633,22609280.93993661,1.7547181085123218e-05,2728.1257795999786,2725.2302868780826,-0.0011140370634393929,0.0021753857532789103,0.0021729649897427807,0.9989386513101605,1.0032894228167184,0.997780354882296
2714.2746620403946,162884764369500.2,67135760341187.836,0.0,-9923907.366736693,-9923907.366736693,19862139.395298265,1.6221554557244627e-05,2799.296682982388,2796.6199343393732,-0.0009548435777241111,0.0019110654241926888,0.0019092423963522134,0.9990437781535314,1.0028659090019167,0.998096682813797
2785.084219711784,162884764369500.2,55946304244659.48,0.0,-8405462.386409504,-8405462.386409504,17385588.655186616,1.5040086112529347e-05,2872.3242813625625,2869.8424890071833,-0.0008087441247553559,0.0016727803937388928,0.0016714286356498632,0.9991359637310164,1.0024815245184941,0.9983872610061303
2857.7410456525718,162884764369500.2,46028962770894.59,0.0,-7029931.256522249,-7029931.256522249,15172686.094690278,1.3993417085899924e-05,2947.2570118988247,2944.947932330424,-0.0006763953414792449,0.0014598626668865123,0.0014588758900306992,0.9992165326745928,1.0021362580083657,0.9986507060593636
2932.2933310981152,162884764369500.2,37352725466769.78,0.0,-5801038.770042507,-5801038.770042507,13213811.656095754,1.3071266039860032e-05,3024.144575370233,3021.987661647124,-0.0005581556144175394,0.001271386635406287,0.0012706773996815411,0.9992867689790113,1.001829542249824,0.9988862355119199
3008.790524488905,162884764369500.2,29866568625982.36,0.0,-4718992.577777449,-4718992.577777449,11496400.28270606,1.2262671992566724e-05,3103.037969141711,3101.0144830140407,-0.0004540449230029676,0.0011061433335907106,0.0011056413227614483,0.9993479015894122,1.0015601882565937,0.9990937495850604
3087.283364268347,162884764369500.2,23501797177724.895,0.0,-3780600.147316917,-3780600.147316917,10005204.303451791,1.1556272606658612e-05,3183.9895209891897,3182.0825991273537,-0.0003637560929587187,0.0009626656839814955,0.0009623156358056216,0.9994010904089772,1.0013264217769402,0.9992738099560227
3167.823912536129,162884764369500.2,18175185816784.28,0.0,-2979513.4071898623,-2979513.4071898623,8722667.360168453,1.0940597429923209e-05,3267.052923807128,3265.247595642002,-0.0002866783351015542,0.0008392644753413645,0.0008390239453536001,0.9994474138597602,1.001125942810443,0.9994275933472206
3250.465589579569,162884764369500.2,13792700442392.604,0.0,-2306739.798780091,-2306739.798780091,7629539.704159119,1.0404357353270961e-05,3352.2832712215272,3350.5664290207055,-0.0002219464169656047,0.0007340875643323344,0.0007339246723809767,0.9994878588526332,1.000956033981298,0.999556793309678
3335.2632093057873,162884764369500.2,10253324890411.715,0.0,-1751393.5143511964,-1751393.5143511964,6705696.033819911,9.936700081899529e-06,3439.737094131978,3438.09742092024,-0.00016851294429160013,0.0006451985649850403,0.0006450898589935686,0.9995233143793065,1.0008137115092768,0.9996634752830015
3422.2730155982235,162884764369500.2,7452587384453.292,0.0,-1301466.9199341813,-1301466.9199341813,5930930.932681707,9.527411258917363e-06,3529.4723982070127,3527.9002624990103,-0.0001252225846328282,0.0005706533829586336,0.0005705819332142118,0.9995545692016742,1.0006958759675915,0.9997499273472964
3511.5527196216503,162884764369500.2,5285677383344.2,0.0,-944434.300938117,-944434.300938117,5285550.456107327,9.167061528697151e-06,3621.5487023576607,3620.036028623415,-9.087015764131004e-05,0.0005085571359389265,0.0005085109274707848,0.9995823130217024,1.0005994272935803,0.9998185429903144
3603.1615381003435,162884764369500.2,3650273542199.5176,0.0,-667654.0507680743,-667654.0507680743,4750737.740124537,8.847112738911414e-06,3716.027078214645,3714.567199820444,-6.423933224671121e-05,0.00045709933123863145,0.00045706996936900916,0.999607140001008,1.0005213386634855,0.999871742600684
3697.1602325948998,162884764369500.2,2449220143954.841,0.0,-458653.5190684859,-458653.5190684859,4308786.353914741,8.559995443727021e-06,3812.9701906355094,3811.5576899958605,-4.413003375575811e-05,0.00041457631815578595,0.00041455802369620655,0.9996295537155999,1.0004587063519115,0.9999119176177418
3793.6111498036653,162884764369500.2,1593041772714.306,0.0,-305399.84458860307,-305399.84458860307,3943308.6309661698,8.299160541462483e-06,3912.4423392684503,3911.0728794772126,-2.938450244112465e-05,0.0003794113328669894,0.0003794001843813453,0.9996499731695742,1.000408795835308,0.9999413775214249
3892.578262915541,162884764369500.2,1002113461765.0297,0.0,-196606.6528154751,-196606.6528154751,3639468.5537192747,8.059099223502238e-06,4014.5095012004554,4013.179654370159,-1.8916802912522726e-05,0.00035017690577158654,0.0003501702816693824,0.9996687398971409,1.0003690937086842,0.9999622900822864
3994.1272140416318,162884764369500.2,608221611878.6361,0.0,-122057.75845419939,-122057.75845419939,3384219.3248299547,7.835323044827129e-06,4119.239374718089,4117.946453607858,-1.1743969634585302e-05,0.0003256177197657882,0.00032561389576608375,0.9996861262498687,1.0003373616894002,0.9999766184964171
4098.325357753788,162884764369500.2,355297801138.5821,0.0,-72887.57571745275,-72887.57571745275,3166486.531144524,7.624300281725843e-06,4226.7014242098285,4225.443324355032,-7.012987021922913e-06,0.00030466823363824614,0.0003046660970188617,0.9997023447533837,1.0003116812206603,0.999986066993638
4205.241805759029,162884764369500.2,199249818306.4853,0.0,-41756.5581265415,-41756.5581265415,2977239.5847832784,7.423352673183112e-06,4336.966926239879,4335.741985120677,-4.017669641761538e-06,0.000286459555880671,0.00028645840498543366,0.9997175581137611,1.0002904772255226,0.9999920467669062
4314.947472739394,162884764369500.2,106983840589.0837,0.0,-22887.964169261773,-22887.964169261773,2809424.3522033547,7.230524115163581e-06,4450.109016823907,4448.915894700793,-2.202199676656759e-06,0.0002703129624924349,0.00027031236721062723,0.9997318892371843,1.000272515162169,0.9999956686836552
4427.515123387643,162884764369500.2,54845047861.93783,0.0,-11969.69704584125,-11969.69704584125,2657767.7443968877,7.044437038818104e-06,4566.202739938091,4565.0403243867395,-1.1516822889574266e-06,0.00025572109533446416,0.000255720800825347,0.9997454305869545,1.0002568727776233,0.9999977620323829
4543.019420670073,162884764369500.2,26765635863.73844,0.0,-5954.958371628711,-5954.958371628711,2518493.676980962,6.864152179653196e-06,4685.325097293725,4684.192430879572,-5.729652189038788e-07,0.00024232063280482031,0.00024232049396360548,0.9997582523324141,1.0002428935980237,0.999998912789705
4661.53697534833,162884764369500.2,12396319742.847418,0.0,-2809.671035481612,-2809.671035481612,2389001.614716712,6.689044042206566e-06,4807.5550994102505,4806.451327912898,-2.7033669749269954e-07,0.0002298613605192177,0.00022986129837927342,0.9997704089761783,1.0002301316972166,0.999999512163015
4783.146396793215,162884764369500.2,5430807284.230258,0.0,-1253.1521958285723,-1253.1521958285723,2267554.849838084,6.518699247515581e-06,4932.973818020758,4931.898155432229,-1.2057391125077072e-07,0.00021817617854458384,0.0002181761522382318,0.9997819443953667,1.000218296752456,0.999999806453045
4907.928345124059,162884764369500.2,2242829653.3304124,0.0,-526.547255167538,-526.547255167538,2153011.599535374,6.352839812048717e-06,5061.664439844575,5060.61614602747,-5.066253103592902e-08,0.0002071552285415859,0.00020715521804657823,0.9997928954339894,1.0002072058910727,0.9999999415882274
5035.965584708303,162884764369500.2,869981862.6017863,0.0,-207.67666678174015,-207.67666678174015,2044614.886120064,6.1912694348743915e-06,5193.712321762674,5192.690688971572,-1.9981920849479063e-08,0.00019672567677068452,0.0001967256728397277,0.9998032943051501,1.0001967456586915,0.9999999987371497
5167.343039056822,162884764369500.2,315748321.45587164,0.0,-76.59485826802388,-76.59485826802388,1941842.3873476796,6.033838565487639e-06,5329.205047432529,5328.209392599612,-7.369688752743838e-09,0.00018683726721656157,0.00018683726583962906,0.9998131701024722,1.0001868446369053,1.0000000201687873
5302.147847151258,162884764369500.2,106790378.62581974,0.0,-26.3103112412702,-26.3103112412702,1844307.8056271484,5.880423294663683e-06,5468.23248537986,5467.262145883802,-2.5314859145959914e-09,0.00017745283167920316,0.00017745283122998383,0.9998225496998067,1.000177455363165,1.0000000264265365
5440.469421240913,162884764369500.2,33514287.409660995,0.0,-8.381519094590244,-8.381519094590244,1751701.1348046209,5.7309135061299324e-06,5610.886848605946,5609.941179995911,-8.064403851517573e-10,0.00016854254245323892,0.0001685425423173194,0.9998314582639871,1.0001685433488936,1.0000000267937086
5582.399506147359,162884764369500.2,9715813.38014511,0.0,-2.4651507628030838,-2.4651507628030838,1663755.2283631375,5.585206701189764e-06,5757.2627557499045,5756.341130488552,-2.3718816460075805e-10,0.00016008069563731186,0.00016008069559934258,0.9998399195415508,1.0001600809328255,1.0000000251514534
5728.032240116194,162884764369500.2,2589503.676027239,0.0,-0.6662448989700699,-0.6662448989700699,1580228.4403409234,5.443205006423984e-06,5907.457293846561,5906.559100546827,-6.410374860060898e-11,0.00015204404090409055,0.00015204404089434395,0.9998479560231996,1.000152044105008,1.0000000229891832
5877.464217256342,162884764369500.2,631343.0932682634,0.0,-0.16463637897073072,-0.16463637897073072,1500896.1826443744,5.304813817495011e-06,6061.570082721606,6060.694725607261,-1.584073523770187e-11,0.00014441096917452108,0.00014441096917223352,0.9998555890466662,1.0001444109850153,1.000000020822847
6030.794551608168,162884764369500.2,140064.9464518294,0.0,-0.03700249289585149,-0.03700249289585149,1425546.9828836576,5.169941212668403e-06,6219.703341066579,6218.850239529569,-3.5602501510454973e-12,0.00013716113331658825,0.00013716113331609992,0.9998628388702436,1.0001371611368768,1.0000000188060565
6188.124942883082,162884764369500.2,28118.09574387805,0.0,-0.007522022103347534,-0.007522022103347534,1353980.613281019,5.038497697420479e-06,6381.9619542377,6381.130542437629,-7.237425976943592e-13,0.00013027526811543207,0.0001302752681153378,0.9998697247326083,1.000130275268839,1.0000000169701986
6349.559743918093,162884764369500.2,5077.8385092340795,0.0,-0.0013749545948556873,-0.0013749545948556873,1286007.0929470626,4.910396079274777e-06,6548.453543823376,6547.643270307636,-1.322933110964662e-13,0.0001237350942758691,0.00012373509427585273,0.9998762649058565,1.000123735094408,1.0000000153101092
6515.206029890095,162884764369500.2,819.8078536257788,0.0,-0.00022459660569892158,-0.00022459660569892158,1221446.033299334,4.785551389748953e-06,6719.288539026555,6718.498866363347,-2.160989805780195e-14,0.00011752325544086314,0.00011752325544086061,0.9998824767445808,1.0001175232554624,1.0000000138116725
6685.173669335879,162884764369500.2,117.55499131962367,0.0,-3.257179407641306e-05,-3.257179407641306e-05,1160126.1156068915,4.663880822381725e-06,6894.580249909367,6893.810654330939,-3.1339438428315633e-15,0.00011162326792269534,0.00011162326792269499,0.9998883767320804,1.000111623267926,1.0000000124597477
6859.575397024796,162884764369500.2,14.86843847179381,0.0,-4.164952025403798e-06,-4.164952025403798e-06,1101884.6249470373,4.5453036764069135e-06,7074.444942548463,7073.694913603643,-4.007370832899636e-16,0.0001060194758619148,0.00010601947586191476,0.9998939805241385,1.0001060194758624,1.0000000112401286
7038.526888732618,162884764369500.2,1.6467202109882504,0.0,-4.661755100968738e-07,-4.661755100968738e-07,1046567.0157641771,4.429741302913296e-06,7259.001916151086,7258.270956366706,-4.485377336352879e-17,0.00010069700942693485,0.00010069700942693485,0.9998993029905731,1.0001006970094268,1.0000000101398878
7222.146837966017,162884764369500.2,0.15847684153115088,0.0,-4.5323928504119626e-08,-4.5323928504119626e-08,994026.5012241845,4.317117052616635e-06,7448.37358218287,7447.6612067338,-4.360909513771125e-18,9.56417453031496e-05,9.56417453031496e-05,0.9999043582546968,1.000095641745303,1.0000000091473435
7410.557034688618,162884764369500.2,0.013145641573332216,0.0,-3.796895237043566e-09,-3.796895237043566e-09,944123.6636097117,4.2073562250094026e-06,7642.685545559916,7641.991281947497,-3.653239493683907e-19,9.084026920653653e-05,9.084026920653653e-05,0.9999091597307934,1.0000908402692066,1.0000000082519547
7603.882446100913,162884764369500.2,0.0009318658580914517,0.0,-2.717339735685625e-10,-2.717339735685625e-10,896726.0843549932,4.100386018812289e-06,7842.066687959052,7841.390075697695,-2.6145290350157242e-20,8.627984028690227e-05,8.627984028690227e-05,0.9999137201597131,1.000086279840287,1.0000000074442108
7802.251299527448,162884764369500.2,5.594523018901145e-05,0.0,-1.6464984681532672e-11,-1.6464984681532672e-11,851707.9926672132,3.996135483686965e-06,8046.649253301385,8045.98984361315,-1.584203106649622e-21,8.19483573194623e-05,8.19483573194623e-05,0.9999180516426805,1.0000819483573196,1.0000000067155332
8005.795167466464,162884764369500.2,2.8175977824214825e-06,0.0,-8.366699379192748e-13,-8.366699379192748e-13,808949.93178992,3.894535473176654e-06,8256.568935466039,8255.92629098297,-8.05014484087986e-23,7.783432659387671e-05,7.783432659387671e-05,0.9999221656734061,1.000077834326594,1.0000000060581824
8214.649054858217,162884764369500.2,1.1785381676534808e-07,0.0,-3.529960420309732e-14,-3.529960420309732e-14,768338.4420211819,3.7955185988432364e-06,8471.964968292068,8471.3386627661,-3.396404170650176e-24,7.392683141536827e-05,7.392683141536827e-05,0.9999260731685846,1.0000739268314154,1.0000000054651765
8428.951488629951,162884764369500.2,4.050993601878044e-09,0.0,-1.2235383793796262e-15,-1.2235383793796262e-15,729765.7596451195,3.6990191855704006e-06,8692.980217928342,8692.369835948579,-1.177245736458113e-25,7.021550313696997e-05,7.021550313696997e-05,0.999929784496863,1.000070215503137,1.0000000049302171
8648.844609576983,162884764369500.2,1.1315832012778697e-10,0.0,-3.445527720054821e-17,-3.445527720054821e-17,693129.5309778803,3.604973228003149e-06,8919.761277592712,8919.166414309904,-3.315165986325188e-27,6.669049364603106e-05,6.669049364603106e-05,0.999933309506354,1.000066690493646,1.000000004447622
8874.474266640635,162884764369500.2,2.5386801485244765e-12,0.0,-7.790729951111185e-19,-7.790729951111185e-19,658332.5407693103,3.5133183480948774e-06,9152.458564803115,9151.878825661126,-7.495967248279098e-29,6.33424492319781e-05,6.33424492319781e-05,0.999936657550768,1.000063342449232,1.0000000040122659
9105.990113645805,162884764369500.2,4.517905183264875e-14,0.0,-1.3970116089172294e-20,-1.3970116089172294e-20,625282.4542395766,3.4239937537337345e-06,9391.226421145351,9390.661421619463,-1.3441555966672462e-30,6.016248576598299e-05,6.016248576598299e-05,0.999939837514234,1.000060162485766,1.000000003619525
9343.545708562136,162884764369500.2,6.294938624382395e-16,0.0,-1.9608435295758044e-22,-1.9608435295758044e-22,593891.5720662699,3.336940198420931e-06,9636.223214643509,9635.67257998538,-1.886654905116278e-32,5.7142165126680974e-05,5.7142165126680974e-05,0.9999428578348734,1.0000571421651268,1.000000003265227
9587.29861535468,162884764369500.2,6.772976673560135e-18,0.0,-2.1248053412465584e-24,-2.1248053412465584e-24,564076.5976718204,3.2520999419742093e-06,9887.61144480101,9887.07480979011,-2.044413212484791e-34,5.427347280938153e-05,5.427347280938153e-05,0.9999457265271906,1.0000542734728093,1.00000000294561
9837.410508491721,162884764369500.2,5.546052424956001e-20,0.0,-1.751922535677321e-26,-1.751922535677321e-26,535758.4161937078,3.169416712230375e-06,10145.557850382032,10145.034859083407,-1.6856384486907048e-36,5.154879665935685e-05,5.154879665935685e-05,0.9999484512033406,1.0000515487966593,1.0000000026572786
10094.047280178835,162884764369500.2,3.403642920485088e-22,0.0,-1.082363130430365e-28,-1.082363130430365e-28,508861.8845509862,3.0888356677215783e-06,10410.233520004576,10409.723825532761,-1.0414118609378383e-38,4.896090667277879e-05,4.896090667277879e-05,0.9999510390933273,1.0000489609066727,1.0000000023971705
10357.379150390625,162884764369500.2,1.5404132455029285e-24,0.0,-4.9303114963179665e-31,-4.9303114963179665e-31,483315.6320500224,3.010303361300477e-06,10681.814005618837,10681.31726990778,-4.743772885484522e-41,4.650293581170204e-05,4.650293581170204e-05,0.9999534970641883,1.0000465029358117,1.000000002162523
