radius_kpc,baryon_projected_mass_Msun,field_equivalent_projected_mass_Msun,baryon_surface_density_Msun_kpc2,field_equivalent_surface_density_Msun_kpc2,sigma_Msun_kpc2,delta_sigma_Msun_kpc2,alpha_rad,theta_arcsec,beta_arcsec,kappa,gamma_t,reduced_shear_t,lambda_t,lambda_r,signed_magnification
1.0,1045271923.4195037,4854161918.822164,332564309.03389037,1545066502.6312215,1877630811.665112,217303.20763587952,1.1292497666025085e-06,1.0313240300000002,0.8449844427729508,0.18065905450353756,2.090815286380472e-05,2.5518257056146346e-05,0.8193200373435987,0.8193618536493262,1.4896034959270301
1.0266631489629123,1101727582.0608177,5116456385.9219055,332547396.1128211,1545059886.06424,1877607282.177061,229089.12042689323,1.1593518710143952e-06,1.0588223762409212,0.867515585232504,0.18065679057868192,2.2042152076034017e-05,2.690222097721643e-05,0.819321167269242,0.8193652515733941,1.4895952642082353
1.054037221438443,1161230838.8811588,5392923301.293237,332529561.9525857,1545052912.0082252,1877582473.960811,241516.75917601585,1.1902559952407077e-06,1.0870539149838976,0.8906475774249684,0.18065440361908164,2.3237895910327494e-05,2.8361531462389242e-05,0.819322358485008,0.8193688342768287,1.4895865852104138
1.0821411728861103,1223946031.1081297,5684328369.710844,332510755.94657457,1545045561.1512465,1877556317.0978212,254621.3512890339,1.2219834743943956e-06,1.1160381954498302,0.9143964480248974,0.1806518868974199,2.4498773824177264e-05,2.9900323723708977e-05,0.8193236143287559,0.8193726118764043,1.489577434486079
1.1109944641776732,1290046337.5837529,5991478657.530738,332490924.6595076,1545037813.1384351,1877528737.7979426,268440.09055018425,1.254556208372473e-06,1.1457952881034086,0.9387786537545736,0.18064923331386715,2.5828364473116615e-05,3.1522963696707735e-05,0.8193249383216598,0.8193765950506059,1.4895677862350019
1.1406170750730134,1359714252.2000437,6315224826.092727,332470011.6637154,1545029646.515651,1877499658.1793664,283012.2506406307,1.2879966765755388e-06,1.1763457985511128,0.9638110908531141,0.18064643537490882,2.7230446633069892e-05,3.323406134875319e-05,0.8193263341784581,0.8193807950717242,1.4895576132274344
1.1710295180553263,1433142082.4282413,6656463485.626874,332447957.36529547,1545021038.6703098,1877468996.0356052,298379.30584716797,1.3223279529915037e-06,1.207710881809777,0.9895111068560413,0.18064348517092488,2.8709010814520827e-05,3.503848482917082e-05,0.8193278058182606,0.8193852238398897,1.489546886722824
1.2022528525352028,1510532474.242059,7016139676.151499,332424698.81943476,1545011965.7687438,1877436664.5881786,314585.0589838028,1.357573721650187e-06,1.2399122569556011,1.015896512694102,0.18064037435239416,3.026827157067866e-05,3.694137546349713e-05,0.8193293573760352,0.8193898939191766,1.4895355763835474
1.2343086994334351,1592098964.7990663,7395249482.2055025,332400169.53414094,1545002402.6903384,1877402572.2244792,331675.7774794102,1.3937582924565605e-06,1.272972222163749,1.042985595120194,0.18063709410467269,3.191268059135532e-05,3.8948163703461737e-05,0.8193309932147359,0.8193948185759187,1.4895236501834954
1.2672192561526472,1678066564.3109384,7794842788.620864,332374299.26155645,1544992322.9581337,1877366622.21969,349700.338054657,1.4309066174096994e-06,1.3069136701489505,1.0707971294736482,0.18063363512123767,3.364694062327187e-05,4.106458608201527e-05,0.8193327179381391,0.8194000118193856,1.4895110743111106
1.301007311948116,1768672368.602521,8216026184.927671,332347013.77595586,1544981698.665598,1877328712.4415538,368710.3805208206,1.469044307214412e-06,1.3417601040177982,1.0993503927914103,0.18062998757528137,3.547602026804165e-05,4.329670323552521e-05,0.8193345364044506,0.8194054884449866,1.4894978130664653
1.3356962637084266,1864166203.9317899,8659966026.394463,332318234.63746494,1544970500.3995996,1877288735.0370646,388760.4715862274,1.5081976482929567e-06,1.3775356535437173,1.128665177275875,0.1806261410895656,3.7405169743051576e-05,4.5650919096676145e-05,0.8193364537406913,0.8194112640801775,1.4894838287520533
1.37131013215689,1964811305.7176402,9127891660.129927,332287878.94043,1544958697.1590335,1877246576.0994635,409908.279075861,1.548393620203259e-06,1.4142650918758763,1.1587618041295862,0.18062208470438137,3.94399376442621e-05,4.8134001305164287e-05,0.8193384753579743,0.8194173552332629,1.489469081556744
1.4078735784849399,2070885032.9002354,9621098825.130999,332255859.0452947,1544946256.269263,1877202115.3145578,432214.7577302456,1.589659913471003e-06,1.4519738526936097,1.189661137767151,0.18061780684351883,4.1586188823124425e-05,5.07531029725252e-05,0.8193406069676581,0.8194237793453043,1.4894535294325528
1.4454119214290322,2182679619.739192,10140953235.630636,332222082.29271984,1544933143.2918043,1877155225.5845242,455744.34714460373,1.6320249478416864e-06,1.490688047818233,1.2213846004152524,0.18061329527807093,4.3850123431592355e-05,5.35157858663005e-05,0.8193428545984975,0.8194305548453606,1.4894371279635947
1.4839511548028637,2300502966.9383564,10688894357.606024,332186450.6985711,1544919321.92929,1877105772.627861,480565.1830701828,1.6755178909594518e-06,1.5304344852944434,1.253954187111819,0.18060853708794236,4.623829725279525e-05,5.643004515627695e-05,0.8193452246148049,0.8194377012093105,1.4894198302267603
1.523517965497058,2424679474.0721045,11266439388.828342,332148860.6282698,1544904753.925143,1877053614.553413,506749.3227844238,1.720168677478256e-06,1.571240687953827,1.2873924811159638,0.18060351862086355,4.8757643385365534e-05,5.950433580493406e-05,0.8193477237357512,0.8194452390225219,1.4894015866433963
1.5641397519587792,2555550915.377114,11875187453.399868,332109202.44884616,1544889398.958081,1876998601.406927,534372.9861373901,1.7660080286118778e-06,1.6131349124733285,1.3217226697404714,0.18059822544876195,5.141549543608113e-05,6.274760078990537e-05,0.819350359055802,0.8194531900466742,1.4893823448214576
1.6058446431640687,2693477361.0650587,12516824022.296896,332067360.156886,1544873214.5306988,1876940574.6875849,563516.8130016327,1.813067472127292e-06,1.6561461689418793,1.3569685606192823,0.18059264232124447,5.421961229078895e-05,6.616930124277146e-05,0.8193531380664647,0.8194615772910463,1.489362049387253
1.6486615180960469,2838838146.4058332,13193125572.066133,332023210.9803595,1544856155.8522995,1876879366.832659,594266.1390571594,1.8613793627872572e-06,1.700304240948733,1.3931545984225593,0.18058675311601285,5.7178204649467844e-05,6.977944872980941e-05,0.8193560686793377,0.8194704250886367,1.48934064180614
1.6926200257424628,2992032890.9272037,13905964494.45676,331976624.9521258,1544838175.7152398,1876814800.6673656,626711.2909712791,1.9109769032457393e-06,1.7456397062074207,1.4303058820326502,0.1805805407859305,6.029996342739844e-05,7.358863979778317e-05,0.8193591592506421,0.8194797591774969,1.4893180601911646
1.7377506056264425,3153482570.1752615,14657314270.463295,331927464.4526692,1544819224.364716,1876746688.8173852,660947.9030070305,1.9618941654005434e-06,1.7921839577296035,1.4684481821945035,0.1805739873024973,6.359409021811625e-05,7.760809302205114e-05,0.8193624186072845,0.8194896067877209,1.4892942390987707
1.784084508884651,3323630642.580221,15449254922.967453,331875583.7193527,1544799249.3615925,1876674833.0809453,697077.2568664551,2.0141661122061996e-06,1.8399692255634894,1.5076079596547005,0.18056707359543345,6.707032999194008e-05,8.184968876735914e-05,0.8193658560745746,0.8194999967345585,1.4892691093105108
1.8316538199074668,3502944234.0735865,16283978762.920923,331820828.3191791,1544778195.4377546,1876599023.7569337,735206.646740675,2.0678286199491543e-06,1.889028599111863,1.547812383803815,0.18055977948803312,7.073900621981076e-05,8.632601189091585e-05,0.8193694815057471,0.8195109595181866,1.489242597599543
1.8804914785561468,3691915383.205235,17163796444.813263,331763034.5817031,1544756004.3438106,1876519038.9255137,775449.7721710205,2.1229185009872044e-06,1.939396050045184,1.5890893518372349,0.18055208362794753,7.461105867301166e-05,9.105039769133556e-05,0.8193733053133795,0.8195225274307255,1.4892146264806931
1.9306313029723765,3891062349.6115394,18091143347.998333,331702028.9883478,1544732614.6885588,1876434643.6769066,817927.16112566,2.179473526953167e-06,1.9911064558256224,1.6314675084503178,0.1805439634129813,7.869808413011886e-05,9.603698138327381e-05,0.8193773385028886,0.8195347346711488,1.4891851139426011
1.9821080129959905,4100930988.7880526,19068586301.338657,331637627.5139254,1544707961.7698474,1876345589.2837727,862766.6263926029,2.2375324524222097e-06,2.044195623858317,1.6749762660842602,0.1805353949114617,8.301238028953602e-05,0.00010130075145901759,0.8193815927082487,0.8195476174688279,1.4891539731603654
2.034957254207084,4322096196.221171,20098830669.55201,331569634.91564804,1544681977.3963912,1876251612.3120391,910103.7585778236,2.29713503904071e-06,2.098700316286585,1.7196458257397573,0.1805263527766858,8.756699320404557e-05,0.00010685760731996152,0.8193860802301102,0.8195612142165182,1.4891211121869252
2.0892156226091667,4555163424.03189,21184727820.619297,331497843.96432096,1544654589.7000256,1876152433.6643465,960082.4594898224,2.3583220801129302e-06,2.154658275448245,1.7655071983762367,0.180516810154884,9.237576860120132e-05,0.00011272442161828911,0.8193908140765148,0.8195755656137172,1.4890864336211689
2.1449206899704385,4800770273.379664,22329282994.63801,331422034.61170983,1544625722.9379041,1876047757.549614,1012855.5201590061,2.4211354256400618e-06,2.2121082500106932,1.8125922269151935,0.1805067385860755,9.745340749832706e-05,0.00011891910780350338,0.8193958080064262,0.8195907148214229,1.4890498342505358
2.2021110298407525,5059588165.9643345,23535663595.584885,331341973.08727634,1544595297.2840822,1875937270.3713584,1068585.2483866215,2.4856180078041936e-06,2.271090021802815,1.8609336088669446,0.18049610789710596,0.00010281552658307493,0.00012546069344374238,0.8194010765763109,0.8196067076294772,1.48901120466558
2.260826244262269,5332324098.046826,24807207928.586353,331257410.9165356,1544563228.609992,1875820639.5265276,1127444.1513791084,2.5518138668875613e-06,2.3316444333623276,1.9105649196009895,0.1804848860860757,0.00010847872389410982,0.00013236939996875226,0.8194066351900302,0.8196235926378184,1.4889704288436587
2.321106991192295,5619722480.482866,26147434406.487415,331168083.8521827,1544529428.25318,1875697512.1053627,1189615.679883957,2.6197681776146918e-06,2.393813416217612,1.961520636281078,0.1804730391972449,0.000114460650419253,0.0001396667295815806,0.8194125001523358,0.8196414214531743,1.488927383698494
2.3829950126573123,5922567068.325747,27560051250.76021,331073710.70782924,1544493802.7735953,1875567513.4814246,1255295.041023016,2.689527275901772e-06,2.4576400199236406,2.0138361624871703,0.18046053118537084,0.00012078008830345358,0.00014737556017667858,0.8194186887263257,0.8196602489029325,1.488881938591863
2.446533163657671,6241682983.600565,29048966713.12234,330973992.0826559,1544456253.6969755,1875430245.7796314,1324690.0886011124,2.761138685995028e-06,2.523168441872079,2.0675478535473912,0.1804473237683079,0.00012745703651116276,0.00015552024928673403,0.819425219195181,0.8196801332682032,1.4888339548032496
2.5117654418429805,6577938834.879918,30618299845.607216,330868608.96341884,1544416677.2444315,1875285286.2078505,1398022.3005347252,2.8346511479747165e-06,2.5904440578962333,2.1226930426044874,0.1804333762664793,0.00013451280487109443,0.0001641267481810372,0.8194321109286496,0.8197011365383918,1.4887832849524794
2.578737017978735,6932248937.294705,32272391848.299015,330757221.18805,1544374964.0477073,1875132185.2357574,1475527.8552429676,2.910114645598005e-06,2.6595134536920115,2.1793100674423864,0.180418645427653,0.0001419701176427921,0.0001732227274946626,0.8194393844547042,0.8197233246899898,1.4887297723697477
2.647494267225278,7305575636.587814,34015818025.460835,330639465.75237525,1544330998.8491375,1874970464.601513,1557458.8204419613,2.987580434447516e-06,2.7304244570766705,2.2374382981001006,0.18040308523515147,0.0001498532278982561,0.00018283771595364125,0.8194470615369502,0.8197467679927468,1.48867325040635
2.7180848012507615,7698931740.756147,35853400382.40699,330514954.9381844,1544284660.1857002,1874799615.1238847,1644084.470767498,3.0671010703473963e-06,2.8032261711076845,2.297118165301606,0.1803866466973415,0.00015818804429897714,0.00019300325410945697,0.8194551652583595,0.8197715413469575,1.488613541678426
2.7905575012003383,8113383062.718713,37790220897.15112,330383274.23681366,1544235820.0562575,1874619094.2930713,1735692.753570795,3.1487304380009657e-06,2.877969008084663,2.3583911897322114,0.1803692776158318,0.00016700227212966534,0.0002037530653364039,0.8194637201120385,0.8197977246562979,1.488550457234517
2.8649625515444153,8550051077.285074,39831635502.63391,330243980.0372683,1544184343.5710492,1874428323.6083174,1832591.9262962341,3.232523779795632e-06,2.9547047244578692,2.4213000121939228,0.18035092232930766,0.00017632557084099637,0.00021512324681933955,0.8194727520998514,0.8198254032415334,1.4884837956359631
2.941351474829409,9010115695.465134,41983288817.2018,330096597.0414091,1544130088.582568,1874226685.623977,1935112.3941044807,3.318537724711273e-06,3.03348645666751,2.485888424674508,0.18033152142931358,0.00018618973085926603,0.0002271524838724287,0.8194822888398272,0.8198546683015457,1.488413341936944
3.0197771673550675,9494818158.842274,44251129662.962875,329940615.3602294,1544072905.2968626,1874013520.657092,2043608.7833220959,3.4068303172566987e-06,3.1143687579386126,2.5522014023675155,0.1803110114434679,0.00019662887308644316,0.00023988229173690077,0.8194923596834457,0.8198856174296186,1.4883388665480026
3.1002939358030566,10005464056.303072,46641427413.690834,329775487.2339229,1544012635.8641713,1873788123.0980942,2158462.295366764,3.4974610463442993e-06,3.19740763605697,2.6202851366835587,0.18028932448049145,0.00020767967538660333,0.0002533572900645488,0.819502995844122,0.8199183551948951,1.4882601239629358
3.1829575348421866,10543426464.851446,49160789216.11439,329600623.3027127,1543949113.947949,1873549737.2506616,2280083.3992033005,3.5904908739969976e-06,3.2826605921523098,2.690187069296501,0.1802663878299334,0.00021938163164460708,0.0002676255168600954,0.819514230538422,0.8199529938017112,1.488176851323554
3.267825205736308,11110149215.490612,51816178130.66685,329415388.3325987,1543882164.2709677,1873297552.6035664,2408914.9393396378,3.685982263759346e-06,3.3701866605155484,2.7619559272725387,0.1802421235072447,0.00023177735080657854,0.00028273879087104675,0.8195260991419487,0.8199896538435619,1.4880887667887641
3.3549557159816144,11707150284.17503,54614932240.16301,329219096.2647407,1543811602.1375058,1873030698.4022465,2545435.767499447,3.7839992086596326e-06,3.460046449477694,2.8356417593350276,0.18021644773147383,0.0002449129063067138,0.0002987531350549599,0.8195386393622195,0.8200284651748329,1.487995567662285
3.444409400000807,12336025306.526207,57564784777.33304,329011004.39722556,1543737232.930259,1872748237.3274846,2690165.058833599,3.884607258533726e-06,3.5523021833787145,2.9112959733245938,0.18018927031705162,0.00025883825135801687,0.0003157292799255254,0.8195518914315904,0.8200695679343064,1.4878969282123178
3.5362482009222833,12998451213.20729,60673885324.75531,328790306.3937959,1543658851.5807354,1872449157.9745314,2843667.5771005154,3.987873546473445e-06,3.6470177456554187,2.988971374922717,0.18016049395015865,0.0002736077255494956,0.00033373327770918845,0.8195658983242918,0.8201131137753909,1.4877924970768683
3.630535713473304,13696189980.236326,63950822143.4533,328556123.5605753,1543576242.0117402,1872132365.5723155,3006560.387634754,4.093866814087186e-06,3.7442587230782136,3.0687222077201883,0.1801300132957602,0.000289280700744466,0.00035283728571079063,0.8195807060034953,0.8201592674049843,1.4876818940600616
3.727337228016816,14431092484.243034,67404645689.27348,328307493.1385755,1543489176.5505385,1871796669.689114,3179522.1699254513,4.202657435125042e-06,3.844092451167332,3.1506041947349117,0.1800977138146891,0.00030592247710420394,0.00037312065383735324,0.8195963637082067,0.8202082086624152,1.4875647058832298
3.8267197757624367,15205102443.857239,71044893379.15549,328043349.7859514,1543397415.3112037,1871440765.097155,3363308.7458381653,4.314317436699117e-06,3.946588060820013,3.234674581537484,0.1800634699225047,0.0003236057771590155,0.0003946717401753405,0.8196129243003363,0.8202601358546544,1.4874404795570828
3.9287521751829133,16020260398.566101,74881615672.52832,327762478.7577959,1543300705.5445855,1871063184.3023813,3558795.628154516,4.428920516071161e-06,4.051816526180908,3.320992181351438,0.1800271404220732,0.00034241483967956343,0.00041759289430118237,0.8196304447382472,0.8203152744176063,1.4873087058795225
4.03350507966818,16878707479.699654,78925403536.33499,327463408.37895405,1543198780.9542234,1870662189.3331776,3767075.812717676,4.546542042119738e-06,4.159850713788859,3.4096174239579216,0.17998855809185849,0.0003624548288942877,0.00044201191638358904,0.8196489870792472,0.8203738967370358,1.4871687817670818
4.141051026450036,17782690278.29004,83187417365.61687,327145251.9892118,1543091360.9765348,1870236612.9657466,3988629.071139574,4.667259104606561e-06,4.2707654330340885,3.5006123980233634,0.17994761062567852,0.00038377190674580776,0.0004679846211272132,0.8196686174675757,0.8204361612810672,1.4870203037841554
4.251464486831295,18734565945.15083,87679417435.1556,326806643.628199,1542978150.0234654,1869784793.6516643,4224396.315799475,4.79115056387666e-06,4.384637487960734,3.5940408947008855,0.17990413815516865,0.0004064566045248079,0.0004956208456051358,0.8196894052403065,0.8205023184493561,1.4868626966073046
4.364821917754208,19736805563.692528,92413795961.39972,326445933.3556898,1542858836.6856828,1869304770.0413725,4475560.325990438,4.918297014581699e-06,4.501545730450598,3.6899684668001393,0.17985795196615006,0.0004306227251085328,0.0005250587092088219,0.8197114253087414,0.8205726707589585,1.4866952810477112
4.481201814743872,20791998256.472076,97403610857.81519,326061275.1845071,1542733092.894431,1868794368.0789382,4743450.598503828,5.048780783768054e-06,4.621571114824964,3.7884624837046075,0.17980884287858223,0.00045639818801758306,0.0005564534365615207,0.8197347589334002,0.8206475553094353,1.4865173045756443
4.600684766263262,21902855196.272705,102662621270.84068,325650589.9363198,1542600573.039908,1868251162.9762278,5029572.909888983,5.182685923381103e-06,4.744796753902236,3.889592188666128,0.1797565775878512,0.000483927873792908,0.0005899808039542536,0.819759494538356,0.8207273502859417,1.4863279282234718
4.72335350951754,23072213376.55178,108205324987.8856,325211517.47460115,1542460913.0440698,1867672430.518671,5335647.774126053,5.320098192675847e-06,4.8713079765502725,3.993428759259685,0.17970089397958108,0.0005133773242582692,0.0006258416234888475,0.8197857286961606,0.8208124833446772,1.486126209810077
4.849292987746299,24303039006.593754,114046997813.21597,324741353.825765,1542313729.3856277,1867055083.2113929,5663661.735013485,5.4611050275143004e-06,5.001192386773254,4.100045371536565,0.17964149498583837,0.0005449376776939547,0.0006642677248583503,0.8198135673364677,0.8209034426918556,1.4859110819353556
4.9785904090433855,25598430343.76172,120203735012.16426,324236966.07164323,1542158618.074885,1866395584.1465282,6015937.825842857,5.605795492352006e-06,5.134539924373973,4.209517268609444,0.1795780402977473,0.0005788324482196887,0.0007055301742895307,0.819843127254033,0.8210007921504724,1.4856813222845986
5.111335306745035,26961619696.7564,126692494928.88895,323694703.46545035,1541995153.5759878,1865689857.041438,6395205.604509354,5.754260208946969e-06,5.2714429272335765,4.3219218346960036,0.17951013770968205,0.000615324264327448,0.0007499474309284334,0.8198745380259905,0.8211051865546454,1.4854355226938118
5.2476196014281715,28395974210.13733,133531144887.86845,323110183.3668715,1541822887.674061,1864933071.0409327,6804790.427400827,5.906591252943623e-06,5.411996195251896,4.437338676124124,0.17943732241369126,0.0006547330801515516,0.000797907457937831,0.8199079445061572,0.8212174106664603,1.4851720147454652
5.387537664561749,29904994845.19269,140738509494.4848,322478101.87775284,1541641348.284612,1864119450.1623647,7248769.389186621,6.0628820049099975e-06,5.556297055992611,4.5558497115576895,0.1793590386649728,0.0006974511794484806,0.0008498858968894994,0.8199435101555788,0.8213384125144757,1.484888804162255
5.531186383855259,31492312640.593628,148334421455.38547,321791867.656497,1541450038.2024248,1863241905.8589218,7732291.057497263,6.223226934429206e-06,5.704445432078733,4.67753927501952,0.1792746044284019,0.0007439739393469018,0.0009064833906214851,0.8199814216322512,0.821469369510945,1.4845834439428902
5.6786652303496234,33161680743.233093,156339775044.87613,321043039.3002559,1541248433.7871413,1862291473.087397,8262071.069156408,6.387721281302182e-06,5.856543910385052,4.802494237689159,0.1791831571189489,0.0007949475148797498,0.0009684834342452081,0.8200218953661713,0.8216117903959309,1.4842528396487098
5.830076327296946,34916959565.71634,164776582349.31067,320220372.64061356,1541035983.5825286,1861256356.2231421,8847243.477524042,6.5564605696064225e-06,6.012697813075485,4.930804159126271,0.1790835618029607,0.0008512507526411197,0.0010369517688191298,0.8200651874443982,0.8217676889496804,1.4838929198690232
5.9855245208768135,36762090049.70019,173668032427.4068,319308071.6953781,1540812106.8664372,1860120178.5618153,9500946.846250534,6.729539829880802e-06,6.173015270534495,5.062561488550785,0.17897424277135549,0.000914147799167095,0.0011134215840594112,0.8201116094294774,0.8219399050278117,1.483498031417464
6.145117452798115,38701044411.14111,183038553530.49445,318282202.9289045,1540576192.1282082,1858858395.0571127,10243625.299693584,6.907052259605249e-06,6.337607296243088,5.197861860755617,0.17885283838582264,0.000985605716434753,0.0012002790273271966,0.8201615558977426,0.8221327673306121,1.483059699546014
6.308965634836662,40737728165.83939,192913878533.0504,317102052.7149407,1540327595.4702976,1857429648.1852384,11111110.064796448,7.0890866416219904e-06,6.506587863651256,5.336804598970175,0.17871536937040486,0.0010690720594911528,0.001301707130050156,0.820215558570104,0.8223537026890863,1.4825636396193171
6.477182525360208,42875751257.5628,203321113730.3314,315682874.29204726,1540065638.9307108,1855748513.222758,12180529.764845371,7.275721338711621e-06,6.680073985100067,5.479493784748537,0.17855361645767692,0.001171967874087933,0.001426712561608776,0.8202744156682351,0.822618351416411,1.481980332470616
6.649884607893858,45117650693.6439,214288811166.6025,313737027.9776372,1539789608.7227862,1853526636.7004232,13724355.969390154,7.467003505731147e-06,6.858185792848064,5.6260417692393,0.17833983528767544,0.0013205094194748597,0.0016071235727208337,0.8203396552928497,0.8229806741317993,1.4812100743564522
6.827191471780309,47461333379.291016,225847044664.26492,311290525.9396089,1539498753.388683,1850789279.328292,15671662.262008429,7.66285373617773e-06,7.0410466222581,5.77658499081884,0.17807645635736857,0.0015078724045023723,0.001834565290367188,0.8204156712381291,0.8234314160471338,1.480262100959878
7.0092258949907125,49921238385.95346,238027489731.1835,310473908.4111591,1539192281.8629234,1849666190.2740824,15962356.13241744,7.863660984769239e-06,7.228783097202179,5.931185891223622,0.17796839666565697,0.001535841949660983,0.001868349031145842,0.820495761384682,0.8235674452840039,1.4798731376629037
7.196113929143551,52507218364.33322,250863507530.62476,309647963.0389939,1538869361.4421728,1848517324.4811666,16263252.489943743,8.069661441530384e-06,7.421525217743461,6.089935496365105,0.1778578568265096,0.0015647931423643307,0.001903312164882082,0.8205773500311261,0.8237069363158548,1.4794754114457827
7.387984986790393,55225633209.16538,264390233105.4644,308812523.88805264,1538529115.657401,1847341639.5454538,16574844.65106368,8.28098504596079e-06,7.619406450156165,6.252945830960963,0.17774473654345907,0.0015947734477944069,0.0019395113885807265,0.8206604900087465,0.8238500369043354,1.4790685728805604
7.584971931028945,58083156001.56662,278644668055.66144,307967419.33188546,1538170622.0444548,1846138041.3763404,16897651.079877853,8.497764675726466e-06,7.822563819345653,6.420331993527755,0.17762893054694298,0.001625832750749451,0.001977006258051807,0.8207452367023076,0.8239969022038065,1.478652255547844
7.787211167505477,61086787821.903625,293665777875.40765,307112471.76087594,1537792909.8090093,1844905381.5698853,17232216.66985202,8.720136188502308e-06,8.031138003732755,6.592212244360748,0.1775103283415599,0.0016580234789685675,0.002015859330641059,0.8208316481794715,0.8241476951374087,1.478226075204521
7.9948427388703305,64243873210.99214,309494594163.8329,306247497.2663865,1537394957.3818014,1843642454.6481879,17579114.093068123,8.948238462231279e-06,8.245273432667986,6.768708096304889,0.17738881394045217,0.0016914007329519307,0.002056136315206261,0.8209197853265959,0.8243025867924998,1.477789628911987
8.208010421751887,67562116303.16638,326174321930.6217,305372305.29420555,1536975689.8600376,1842347995.154243,17938945.22503376,9.1822134335555e-06,8.465118386443155,6.94994440842482,0.1772642655857829,0.0017260224230509554,0.002097906230218471,0.8210097119911661,0.8244617568372681,1.4773424941218047
8.426861826316193,71049597655.13806,343750452225.3383,304486698.25651336,1536533976.3307745,1841020674.587288,18312342.657268524,9.422206134153259e-06,8.690825098969576,7.136049482687071,0.1771365554538659,0.0017619494150040533,0.0021412415713471023,0.8211014951311301,0.8246253939611382,1.4768842277143057
8.65154849848114,74714791794.89786,362270880326.62646,303590471.0840708,1536068627.0720906,1839659098.1561613,18699971.317440987,9.668364724693507e-06,8.92254986319402,7.3271551637730985,0.17700554934278515,0.001799245685820534,0.002186218490761048,0.8211952049713943,0.8247936963430355,1.4764143649831416
8.882226024856003,78566585515.20218,381786029734.7227,302683410.6860012,1535578390.6279116,1838261801.3139129,19102530.2312057,9.920840526095927e-06,9.160453139325375,7.523396942147682,0.1768711063389672,0.0018379784932983842,0.0022329169920443466,0.8212909151677344,0.8249668721543312,1.4759324185539713
9.119054140478996,82614296936.42734,402348982217.7427,301765295.2558303,1535061950.7522995,1836827246.0081298,19520754.48857522,1.017978804775843e-05,9.404699665946985,7.724914060513376,0.17673307845640068,0.0018782185652216911,0.0022814211479553815,0.8213887029783776,0.825145140108821,1.4754378772156882
9.362196839427448,86867695363.76918,424015614169.0458,300835893.30078435,1534517923.219165,1835353816.5199494,19955417.53948164,1.0445365012388144e-05,9.655458574091577,7.931849623788036,0.17659131023628064,0.0019200403202315267,0.0023318193554436382,0.8214886494434879,0.8253287300839509,1.4749302046216342
9.611822488377207,91337021963.90543,446844739539.4381,299894962.12701446,1533944852.4934216,1833839814.620436,20407334.08750415,1.0717732377042959e-05,9.91290350435781,8.144350712749263,0.17644563828097218,0.001963522146250267,0.0023842046591214124,0.8215908395727776,0.8255178838652781,1.4744088377689473
9.86810394318988,96033011286.32907,470898259614.0232,298942245.13464564,1533341208.2597115,1832283453.3943572,20877364.22961402,1.0997054349960943e-05,10.17721272714948,8.362568501496558,0.17629589065975584,0.0020087467987933453,0.0024386752184619737,0.8216953625414508,0.8257128561390376,1.473873185034708
10.13121866860865,100966913654.55089,496241319909.04596,297977466.1125202,1532705381.8050492,1830682847.9175694,21366420.653682947,1.128349840272241e-05,10.448569266120707,8.586658378889629,0.17614188601183828,0.0020558020934882707,0.002495335129415028,0.8218023118946735,0.8259139160816501,1.4733226231493213
10.401348861145605,106150518452.06451,522942474469.00336,297000314.19163847,1532035682.2519538,1829035996.4435923,21875485.235688686,1.1577235277251584e-05,10.727161024912595,8.816780074129673,0.17598343173619044,0.0021047825029995725,0.002554296338281544,0.82191178576081,0.8261213507668091,1.472756490936781
10.678681575245546,111596178326.06577,551073857848.3894,296010386.46985275,1531330332.6388783,1827340719.108731,22405668.020189762,1.1878438987097186e-05,11.013180917268985,9.053097786663836,0.1758203180939693,0.0021557948319233166,0.002615685486128146,0.8220238870741073,0.826335476737954,1.4721740685283344
10.963408852813822,117316834310.2235,580711365065.7439,295006390.6311776,1530587465.8451436,1825593856.4763212,22959006.202079296,1.2187286812026427e-05,11.30682700062163,9.295780320662438,0.1756522410952547,0.0022090350920105583,0.002679736880640705,0.8221387238127347,0.8265567939967559,1.4715743030957467
11.255727856197709,123326042004.87213,611934839819.8455,293991331.7180878,1529805120.35797,1823796452.076058,23533279.262682915,1.250395928734703e-05,11.608302613237083,9.545001223927855,0.17547930114481572,0.0022642896327386675,0.0027461889506019046,0.8222564092224456,0.8267849884879229,1.4709575844519143
11.555841004713507,129637999084.28482,644828271258.8563,292963495.57365,1528981235.879689,1821944731.453339,24131028.24593234,1.2828640191099285e-05,11.917816515020384,9.800938930811666,0.1753011350778622,0.0023218029444469082,0.002815334230714767,0.8223770619776909,0.8270206678665848,1.4703226538647152
11.863956114813918,136267572871.5313,679479999592.8159,291922047.5588651,1528113648.773845,1820035696.33271,24753957.39131546,1.3161516506735466e-05,12.235583032073034,10.063776912930962,0.17511745441084065,0.0023817390030844475,0.002887367438940447,0.8225008065860749,0.8272642845922438,1.4696685224882846
12.180286543992654,143230329847.0421,715982930837.7501,290866687.55064666,1527200087.3495088,1818066774.9001555,25403281.894544363,1.3502778392389287e-05,12.561822205105278,10.333703832651542,0.17492801169282218,0.0024442147305227314,0.0029624260248340174,0.8226277735766551,0.8275162030377005,1.4689943511402022
12.505051338526084,150542566027.7135,754434760975.7643,289797111.93875384,1526238166.983988,1816035278.922742,26080268.105253696,1.385261913664628e-05,12.896759941805616,10.61091370275583,0.1747325482714578,0.0025093519704843083,0.0030406530213065003,0.8227580997580579,0.8277768036990265,1.4682992646277166
12.83847538515407,158221338522.33856,794938209809.3965,288713016.5987582,1525225385.085017,1813938401.6837752,26786232.914198875,1.42112351048221e-05,13.2406281732729,10.895606051739682,0.17453079409430633,0.0025772774295811916,0.0031221969410154286,0.8228919284761125,0.8280464833352748,1.4675823513812736
13.180789566805112,166284498343.245,837601264779.9917,287614101.3788115,1524159115.894521,1811773217.2733326,27522541.84912014,1.4578825675490639e-05,13.593665014619404,11.187986094889087,0.17432246764057208,0.0026481224941055734,0.0032072115206264475,0.8230294098653224,0.8283256548535335,1.4668426635746856
13.532230922473643,174750724587.3949,882537435008.7212,286500076.9183892,1523036605.1373632,1809536682.0557523,28290605.14356613,1.495559316727841e-05,13.956114929856135,11.488264911245249,0.17410727606230136,0.00272202285178581,0.0032958552277924493,0.8231707010859128,0.8286147467894844,1.4660792180105298
13.893042811360083,183639560159.62378,929866015804.4656,285370675.1732912,1521854964.5197282,1807225639.6930194,29091870.53611827,1.534174275647625e-05,14.32822890117441,11.796659626481228,0.17388491566771525,0.0027991177989530346,0.0033882903871867293,0.8233159665333317,0.8289142021312378,1.4652909982367128
14.263475081387492,192971449315.06744,979712363865.1909,284225666.0638958,1520611166.0835087,1804836832.1474047,29927810.60108185,1.573748238699361e-05,14.710264602741129,12.113393601555805,0.1736550729798447,0.0028795490215446683,0.003484681671524842,0.8234653779986106,0.8292244760416999,1.4644769587111774
14.643784242211312,202767777488.81744,1032208183377.7223,283064884.74288005,1519302036.4247007,1802366921.1675808,30799900.490862846,1.614302267599779e-05,15.102486579127868,12.43869662671324,0.17341742680384953,0.002963458453553941,0.003585193481753581,0.8236191147425965,0.8295460316497044,1.4636360325310807
15.034233642842139,213050914250.1985,1087491823195.0426,281888278.45217,1517924250.7859182,1799812529.2380881,31709577.80641985,1.6558576822159674e-05,15.505166428497537,12.772805119810446,0.17317165216703242,0.0030509844159054555,0.0036899852598205824,0.8237773634170621,0.829879332248873,1.4627671457472566
15.435093654004472,223844260987.93988,1145708585239.549,280695992.53740525,1516474327.0353403,1797170319.5727456,32658166.36942959,1.6984360530986246e-05,15.918582990675318,13.11596232670897,0.1729174280155244,0.0031422542820801775,0.0037992026292377945,0.8239403177023954,0.8302248262665558,1.461869244849082
15.846641855357692,235172306702.34433,1207011044244.7478,279488543.6979328,1514948619.5469415,1794437163.2448742,33646718.70261145,1.7420591989369915e-05,16.343022540234173,13.468418518560142,0.17265445329496912,0.003237369322124457,0.0039129591438759005,0.8241081773829064,0.8305829160271554,1.46094135359462
16.269163227709015,247060699976.61484,1271559378906.133,278267220.10197544,1513343312.999692,1791610533.1016674,34675644.67248583,1.786749196900703e-05,16.77877898472867,13.830431172973636,0.1723824848515827,0.003336368971958066,0.004031293334046649,0.8242811461764592,0.8309538841203754,1.4599827061648378
16.70295035035135,259536360672.3189,1339521714463.7092,277035233.8977554,1511654416.1165588,1788689650.0143142,35743622.0914731,1.8325284297367134e-05,17.226154068214267,14.202265099821243,0.17210144772032224,0.0034391260153271335,0.004154042794080572,0.8244594262643506,0.8313376782950049,1.45899313350835
17.148303603662896,272627730194.79456,1411074476683.426,275802877.49762666,1509877755.367673,1785680632.8652997,36842630.91553831,1.8794197722485903e-05,17.68545758019314,14.584192342469782,0.1718119306386102,0.003544868791709564,0.004280270294696455,0.8246432005696802,0.8317329381530993,1.457974797597957
17.6055313771086,286366253086.3358,1486402757141.7097,274620495.13543314,1508008968.6659052,1782629463.8013384,37926372.3524611,1.9274480782901642e-05,18.157007570131093,14.976489938582343,0.17151835784740913,0.003649142593622278,0.004404614909922378,0.8248324995589686,0.8321307847462132,1.4569432862066005
18.074950282787682,300780811170.98694,1565700689645.9202,273276201.63501334,1506043499.0874426,1779319700.722456,39206633.13129687,1.976633960768455e-05,18.641130567694233,15.379450404086898,0.1711999040466157,0.0037723247976985527,0.004551549663322827,0.8250277711556857,0.8325724207510828,1.4558258006776346
18.55688537467488,315898986833.4348,1649171837542.872,271905197.992561,1503976588.6547103,1775881786.6472712,40546116.522423506,2.0269955572708206e-05,19.13816180885776,15.793379045791138,0.17086912000620227,0.003901205193919538,0.0047051741625504535,0.8252296747998782,0.8330320851877173,1.454666489658502
19.051670373707523,331753139437.1872,1737029591577.1655,270506336.4576208,1501803272.22428,1772309608.681901,41947744.19296193,2.0785548898561747e-05,19.64844546804365,16.218583699111367,0.17052541756494874,0.004036064894853457,0.00486580900767925,0.8254385175401978,0.8335106473299047,1.453463458111175
19.559647898873987,348376911845.30725,1829497577859.6785,269078381.8939265,1499518371.528165,1768596753.4220915,43414581.0991776,2.1313338845172682e-05,20.172334896447754,16.655381534758305,0.17016817964758052,0.004177198799847705,0.005033789615435208,0.8256546215525717,0.8340090191522672,1.452214726840143
20.081169704463775,365805256185.20825,1926810075393.9797,267620001.59483486,1497116489.4233,1764736491.0181348,44949843.740180254,2.18535431707795e-05,20.710192866721492,17.104099392694724,0.16979675873155076,0.00432491638917091,0.005209467000590079,0.8258783248792784,0.8345281576576201,1.4509182288056268
20.61659692364342,384074456082.6481,2029212442483.2725,266129753.19082743,1494592004.4109192,1760721757.6017466,46556909.617763996,2.240637753643942e-05,21.262391824177538,17.565074131604387,0.16941047515621613,0.00447954263420558,0.00539320867915844,0.8261099822095783,0.8350690674779895,1.4495718050512405
21.16630031852684,403222144460.2744,2136961551202.3157,264606069.9854911,1491939065.4951608,1756545135.4806519,48239328.442415476,2.297205485103492e-05,21.829314144693388,18.038652994877324,0.1690086152172293,0.004641419075650928,0.005585399753409286,0.8263499657071198,0.8356328038584216,1.4481732000665621
21.730660536913458,423287315804.8366,2250326228966.7915,263047242.56465352,1489151587.4584827,1752198830.0231361,50000836.092227936,2.3550784551073274e-05,22.411352399491552,18.52519399423161,0.16859042894245144,0.004810905166600647,0.0057864442918081896,0.8265986658909479,0.8362204762241492,1.4467200562485332
22.31006837587166,444310331563.8994,2369587706065.799,261451394.296247,1486223246.6404314,1747674640.9366784,51845373.525167465,2.414277180871257e-05,23.008909626979516,19.025066312238422,0.168155127328483,0.00498838009221487,0.005996767253243269,0.8268564925793022,0.8368332527637319,1.4452099067280484
22.90492505235028,466332917015.87134,2495040067841.343,259816444.40598252,1483147477.316009,1742963921.7219915,53777116.73144555,2.4748216660297444e-05,23.622399611837853,19.538650725212076,0.16770187843947362,0.0051742456516324555,0.006216817649342939,0.8271238759088939,0.8374723672121589,1.4436401645412138
23.515642481005433,489398147528.30615,2626990710000.804,258140033.9784696,1479917468.7803397,1738057502.7588093,55800542.07946682,2.5367313046052086e-05,24.252247171549723,20.06634004820156,0.1672298000067062,0.005368932545329006,0.006447075730342225,0.8274012674479648,0.8381391325386228,1.4420081000943323
24.14264355943508,513550421483.5597,2765760795334.3687,256419204.12431636,1476526163.257564,1732945367.3818805,57920737.39412928,2.6000247748883093e-05,24.89888845057013,20.608539604269883,0.16673792826176448,0.005572930305980404,0.006688088291784277,0.8276891414322551,0.8388350020442159,1.4403107375222703
24.786362461018786,538835416117.45935,2911685709878.7246,254651711.77041188,1472966254.7639227,1727617966.5343347,60142072.651518345,2.6647199215365576e-05,25.562771222338615,21.16566772105803,0.16622534442787146,0.005786659397366265,0.006940315778003005,0.8279879961747623,0.8395613149694948,1.438545292909211
25.447244935565664,565300025307.5271,3065115516321.227,252837106.96533757,1469230189.067799,1722067296.0331366,62467107.539979696,2.7308336267359098e-05,26.24435519934467,21.738156253449002,0.16569127837059483,0.006010366103726004,0.0072040072792092565,0.8282983555256791,0.8403190877331311,1.4367095291352672
26.125748617978363,592992262253.9874,3226415402174.91,250969352.75740942,1465310164.903075,1716279517.6604843,64903948.21100521,2.7983816594273574e-05,26.94411235146038,22.326451150694442,0.16513439862512871,0.006244830370539365,0.007480042728141234,0.828620771004332,0.8411104317454107,1.434799329913289
26.822343345147114,621961126249.2529,3395966119975.552,249044202.10078663,1461198136.6065207,1710242338.7073073,67458842.18921304,2.867378505601057e-05,27.662527232760805,22.93101306326983,0.16455352243009952,0.0064906533127238744,0.0077690833428414475,0.8289558242571766,0.8419371308826243,1.4328111406778872
27.537511481293162,652256408659.523,3574164416457.5425,247056451.44837362,1456885818.3649864,1703942269.81336,70138884.32465386,2.9378371656380614e-05,28.40009731705854,23.55231801281914,0.1639473518865525,0.00674851757187981,0.008071881103549923,0.8293041305415677,0.8428011656853273,1.4307410698820815
28.271748251986786,683928392025.5299,3761423447357.621,244999219.0816541,1452364690.2738352,1697363909.3554893,72952673.31313038,3.0097688935272474e-05,29.15733334238447,24.19085816695861,0.16331440510429956,0.007019250484373843,0.008389352616078982,0.8296663444113266,0.8437048453800742,1.4285846637377
29.02556208707146,717027303491.5774,3958173174176.6743,242861658.36486602,1447626006.424334,1690487664.7892,75912467.24475932,3.083182797469127e-05,29.93475966465375,24.8471428519937,0.16265279695739276,0.007304031480665229,0.008722823046551184,0.8300431715619421,0.8446512345232725,1.4263361772770173
29.7994749727313,751601724952.2065,4164860738902.0063,240612200.51456004,1442660805.2543519,1683273005.7689118,79050485.03860116,3.158084816008224e-05,30.732914620761385,25.52170060551753,0.16195862775806286,0.0076059605521997965,0.009075877163262538,0.8304354116897373,0.8456473327941368,1.4239831697757468
30.59402281294581,787695545246.959,4381950812360.059,238293441.850999,1437459922.4135995,1675753364.2645984,82323221.73831606,3.234475927060012e-05,31.55235090135921,26.215082504505578,0.16123511421326217,0.00792085180458886,0.009443470916357359,0.830844033982149,0.8466857375913267,1.4215372687339118
31.409755800582133,825374507747.5676,4609925911536.445,235967372.55226308,1432014006.4116366,1667981378.9638996,85675248.24487495,3.312368666011558e-05,32.39363593357224,26.92783529120942,0.160487321032986,0.008243372044235276,0.00981923471885905,0.8312693069227788,0.8477560510112493,1.419016209332039
32.247238798381744,864692160265.995,4849286680872.299,233547616.169581,1426313537.3335366,1659861153.5031176,89194738.55481052,3.391765110289458e-05,33.25735227391942,27.660538094148034,0.15970602140529214,0.008582005063983955,0.010213098371044312,0.8317119735307239,0.8488759836586919,1.4163898292523123
33.107051730105596,905697133082.7577,5100552132230.436,231015877.09672096,1420348848.924337,1651364726.0210578,92900265.72440743,3.47266203189195e-05,34.14409801171098,28.41379432921691,0.15888852493791922,0.00893853789820118,0.010627054989995761,0.8321729371638796,0.8500500129602819,1.4136501172784157
33.98978998210824,948439394200.9868,5364259837929.33,228402471.22308984,1414110154.3585978,1642512625.5816877,96762407.95504451,3.5550547296134956e-05,35.0544871832015,29.18822579021662,0.15803680686543575,0.009310139684564239,0.011057656392203208,0.8326530534500001,0.8512733328191285,1.41080468172683
34.89606481561929,992966782816.3347,5640966070978.478,225665865.3618555,1407587576.0252953,1633253441.3871508,100823203.13922954,3.638934938746486e-05,35.989150196785694,29.984476523288365,0.15714592062109695,0.009700855161722819,0.011509531007871913,0.8331532242171802,0.8525549345406258,1.4078382102628995
35.826503790017604,1039319836955.8298,5931245886426.329,222782210.61326796,1400771179.6701593,1623553390.2834272,105105469.71589899,3.724288122894821e-05,36.94873426953123,30.80321773227519,0.15621261570825276,0.010112879839879404,0.01198510433806484,0.8336745044518679,0.8539002641316267,1.4047412385591882
36.78175119739118,1087532088219.6295,6235693137565.776,219751842.24874032,1393651013.2469068,1613402855.495647,109606809.74861407,3.811094019849148e-05,37.9339038753508,31.645147326135245,0.15523596683453758,0.010545982997996022,0.01248393940077986,0.8342180501674664,0.8553100161634585,1.4015121256830878
37.762468508683995,1137635416989.3445,6554920420648.52,216550537.26133907,1386217150.8348188,1602767688.096158,114349883.30336928,3.8993296806606633e-05,38.945341205124066,32.510985364231956,0.15421268830984472,0.011002344908185871,0.01300840619871637,0.8347849667819693,0.8567896565983412,1.3981416250613088
38.76933483173831,1189645037116.69,6889558941756.571,213127212.56312698,1378459741.981886,1591586954.545013,119381493.05790138,3.9889619851067355e-05,39.98374663908773,33.4014868790924,0.15313691732256818,0.011486468760030007,0.013563548813244439,0.8353766139174018,0.8583495514374618,1.3946123356161544
39.80304738154997,1243555639135.457,7240258299588.128,209426415.03359297,1370369066.8293743,1579795481.8629673,124750084.60864735,4.079946666422368e-05,41.04983923182107,34.31744397070142,0.15200238315711445,0.012003015818987427,0.01415453956542346,0.8359946010238981,0.860000632661873,1.3909059231244325
40.86432196306209,1299347823895.6636,7607686178159.761,205436079.65854132,1361935597.3639457,1567371677.0224872,130460042.05472445,4.172232359908086e-05,42.14435721016271,35.2596796237358,0.15080700820807047,0.012552407907706361,0.014781572656668804,0.8366405838842231,0.8617453996996359,1.3870180050981946
41.95389346683164,1356963608364.8591,7992527943833.995,201001672.46648744,1353150065.126205,1554151737.5926924,136653477.55904293,4.265749973365985e-05,43.268058484403475,36.22906575879676,0.14953503197976029,0.01314831856031573,0.015460153039487478,0.837316649459924,0.8636132865805555,1.3829005768500056
43.07251637791192,1416276117532.3232,8395486141680.49,195908147.14461112,1344003535.6783283,1539911682.8229394,143524487.96525598,4.360401155778207e-05,44.42172117310913,37.22654278527898,0.14816490382954065,0.013809423094688814,0.01621138076697116,0.8380256730757705,0.8656445192651482,1.3784883267571695
44.22096529830365,1477033033339.626,8817279887002.535,189719219.96042007,1334487490.0966702,1524206710.0570903,151473172.47588396,4.456037338394107e-05,45.60614414193668,38.25315472487574,0.14665382640513153,0.014574217653510255,0.017078904323334386,0.8387719559413582,0.8679203912483787,1.3736503669041278
45.40003548333609,1538627596203.6592,9258644148943.467,180463391.32796994,1324593913.7063203,1505057305.0342903,162388680.7061348,4.552369592232671e-05,46.82214755681718,39.31019851055981,0.14481133778370953,0.015624469590180335,0.018270201980564452,0.8395641926261102,0.8708131318064709,1.3677953494465886
46.61054339234978,1599485250613.5952,9720328924467.361,171666799.22678038,1314315392.2116582,1485982191.4384387,172539258.99173522,4.648735168889192e-05,48.07057345188805,40.399609789837605,0.14297599722295354,0.016601122649103284,0.019370662426384855,0.8404228801279432,0.8736251254261498,1.3619997153236632
47.85332725406231,1662516580820.3525,10203098302724.393,170168951.83401555,1303645215.2980661,1473814167.1320817,175548257.36597443,4.746328390703513e-05,49.352286312568374,41.520282274802355,0.1418052325802424,0.016890637924372263,0.019681590433317995,0.8413041294953854,0.8750854053441299,1.3583026207088917
49.129247647008356,1728384559785.3093,10707729421903.883,168724291.70368487,1292577487.6831787,1461301779.3868635,178738800.97477078,4.84533997209635e-05,50.66817367418068,42.672788799392684,0.14060133449463944,0.01719762084568803,0.020011225914081616,0.8422010446596726,0.8765962863510486,1.3545174294771816
50.43918809545634,1797224455340.5588,11235011323188.252,167299492.9476718,1281107247.4792292,1448406740.426901,182138606.44138908,4.945731277660878e-05,52.01914673653406,43.858104316415236,0.13936061905057026,0.017524738209378145,0.02036246376507361,0.8431146427400515,0.8781641191588079,1.3506340048240566
51.784055681213836,1869172011058.921,11785743709388.463,165883831.44252795,1269230591.589217,1435114423.031745,185751266.8247366,5.0474571096895657e-05,53.40614099489385,45.07723890270634,0.13808167886816014,0.017872335726974886,0.02073553292556258,0.844045985404865,0.8797906568588147,1.346649412249609
53.16478167174578,1944370599233.1206,12360735619303.047,164502529.46320695,1256944807.6967192,1421447337.1599262,189543776.15221667,5.150468393640398e-05,54.83011688777499,46.33123397558805,0.1367666797767084,0.018237237679500258,0.021126660952780242,0.8449960825437913,0.8814705579027918,1.3425717155489039
54.58232216504023,2022974773026.1726,12960804032830.926,163133958.6179357,1244248512.2204614,1407382470.838397,193529542.57041383,5.254713219975285e-05,56.29206046200762,47.62116123877692,0.13541340764483878,0.01862073415181522,0.021537153497941428,0.845965858203346,0.8832073265069764,1.338395602447972
56.037658751668395,2105137960447.4175,13586772426407.402,161773537.4384577,1231141793.3886101,1392915330.8270679,197702996.65822172,5.3601323269271084e-05,57.79298405553543,48.948130819151835,0.13402143014874132,0.019022289273745,0.02196623558134041,0.8469562805775137,0.8850008591250037,1.3341212903556563
57.53179919449696,2191012858728.5698,14239469303437.07,160424067.50777102,1217626358.343089,1378050425.85086,202049394.34762335,5.4666595326137306e-05,59.333926998419365,50.313291254718386,0.13259118110212226,0.01944048442275159,0.022412136006932124,0.8479683344751261,0.8868493033206293,1.3297516443233637
59.06577812652419,2280786806669.834,14919726730068.355,159118240.65716833,1203705682.9104028,1362823923.5675712,206525605.04528308,5.574233512057303e-05,60.91595633253278,51.71781078082719,0.13112614043022602,0.019871169724342212,0.02287002826184861,0.8490026898454317,0.8887450292941163,1.3252986300622982
60.64065776732202,2374640269510.374,15628378912870.93,157818328.45371464,1189385162.3727012,1347203490.8264158,211156051.59063435,5.6827835557023124e-05,62.540167550445354,53.16290156918993,0.12962319715063067,0.020316695058510796,0.023342413299618784,0.8500601077908585,0.8906934979078801,1.3207544488726326
62.2575286585811,2472749412901.7207,16366260861700.742,156504332.0740065,1174672261.242244,1331176593.3162506,215945029.5471301,5.792231085966361e-05,64.20768535400836,54.64981798397619,0.1280811452558581,0.02077747372931433,0.02382959562838141,0.8511413810148276,0.8926963284734563,1.3161171420980924
63.91751041926765,2575311869325.9883,17134207188193.213,155243080.4997949,1159576659.6864035,1314819740.1861985,220809780.91320324,5.902498023421018e-05,65.9196644331661,56.179843555435546,0.12650734618802756,0.02124554305195725,0.024322520583591023,0.8522471107600151,0.8947381968639297,1.311409980085475
65.62175252091507,2682543257704.5977,17933051097811.18,153986264.04038924,1144110393.8727894,1298096657.9131787,225781829.6390381,6.0135054626095774e-05,67.67729026553279,57.754293964531946,0.12489830983590816,0.021723936150416397,0.02482447056677825,0.8533777540136754,0.8968256263145081,1.3066241265536551
67.37143508358758,2794648785576.3174,18763623641038.46,152721917.47190893,1128287987.110553,1281009904.5824618,230853261.1237197,6.125165554783971e-05,69.48177993728893,59.37453125828575,0.12325428232949705,0.022211891509537052,0.025334473909440512,0.8545338261609658,0.89895760918004,1.3017618162518625
69.16776969306645,2911834123991.8438,19626753296960.35,151468870.7381668,1112126568.2623603,1263595439.0005271,235983308.11821747,6.237385636104958e-05,71.33438298596515,61.04195788053814,0.12157872349909699,0.022705486647530547,0.025848060896219886,0.8557157898533725,0.9011267631484335,1.2968345308498659
71.01200023982508,3034350772387.9375,20523265969856.49,150240783.8916889,1095645973.5020213,1245886757.3937101,241137275.58627844,6.350081223886908e-05,73.23638226569737,62.75799609186317,0.1198748562341821,0.023201383329635037,0.026361459496955834,0.8569237604361828,0.9033265270954529,1.2918528603691457
72.90540378037393,3162434463650.371,21453985486237.492,149006611.5041228,1078868827.1083438,1227875438.6124666,246321755.80280566,6.463159101141087e-05,75.18909483555248,64.52411677040048,0.11814187028126431,0.023700215841431907,0.026875315929775434,0.8581579138773038,0.9055583455601676,1.2868156994930295
74.8492914215713,3296311682144.2173,22419734685608.61,147749062.23980597,1061820596.6324564,1209569658.8722625,251526976.85319448,6.576520543294597e-05,77.19387287153934,66.34183499939793,0.11638055232713333,0.024201043963554176,0.02738853703060854,0.8594184037093124,0.9078204916364209,1.2817265159243048
76.84500922851306,3436253109812.692,23421337202695.523,146540609.58464274,1044529617.4728459,1191070227.0574887,256653985.72361875,6.69007600824983e-05,79.2521046029373,68.21268676320204,0.11460060184925111,0.024694346783899725,0.027890629737807034,0.8607050513668492,0.9100937449346486,1.2766137528400614
78.89393915662927,3582541830321.8647,24459620041399.98,145324775.43497205,1027027081.662225,1172351857.097197,261731307.92844772,6.803737122918515e-05,81.36521527358971,70.13824313171942,0.11279958591051349,0.025182868927462534,0.028384645146167044,0.862017545162024,0.912383283016949,1.2714713398971473
80.99750000863341,3735439520938.015,25535417040790.547,144078627.21403807,1009346985.5391512,1153425612.7531893,266750912.36435914,6.917409582883971e-05,83.53466812882884,72.12012296374002,0.1109785690272961,0.025665837669634657,0.028869762612531092,0.8633555933030692,0.9146872686423386,1.26630306710661
83.15714841698711,3895207015152.159,26649573330326.96,142857002.88683134,991526030.9739531,1134383033.8607845,271625501.2582736,7.030999909237758e-05,85.76196542871527,74.15998277059572,0.10914635884165261,0.026134853524720177,0.029336865582923245,0.8647187876336272,0.9169884946830676,1.261133953589252
85.37437985256024,4062197058155.282,27802950864586.27,141652380.31634694,973603474.9749261,1115255855.291273,276333000.32696533,7.144437660448999e-05,88.04864948829324,76.25948110420039,0.1073060087716493,0.026587792582570394,0.029783770075550164,0.8661061986457803,0.9192817838109211,1.2559726976861574
87.65072966018529,4236709766044.837,28996435116288.92,140428044.8372348,955620922.8503859,1096048967.6876206,280876702.5611429,7.257642627837434e-05,90.39630374558283,78.42033375639708,0.10545798937780775,0.027024971683207423,0.030210958638387925,0.8675170389389848,0.9215669823053997,1.2508207578212294
89.98777412182275,4419021512608.172,30230942989713.25,139172080.60176602,937622060.6796465,1076794141.2814126,285233440.251014,7.370534082347262e-05,92.80655385804796,80.64429959715399,0.10360535748043787,0.027444161710811432,0.030616159902152152,0.8689504808087507,0.9238388042303736,1.2456865407770163
92.38713154807381,4609508047660.867,31507431993975.168,137970775.4616361,919652323.6847906,1057623099.1464267,289285448.35905623,7.483058479199068e-05,95.28106882829962,82.93313598431043,0.10176078701193207,0.0278340317263074,0.030987326453623818,0.8704051812617606,0.9260732447143754,1.2406040519367865
94.85046339879626,4808535965766.689,32826910686578.3,136752248.07054564,901758498.2261004,1038510746.2966461,293072394.294585,7.595166377127117e-05,97.82156215981406,85.28863800528728,0.09992186342070844,0.028198398388762157,0.031328833845391424,0.8718797381905294,0.9282765349680537,1.2355662658128181
97.37947543359967,5016427940958.814,34190450361701.78,135481790.7769288,883988256.5925398,1019470047.3694686,296595531.4054333,7.706807443492233e-05,100.42979304346602,87.71264790577577,0.09808983411872874,0.02853738229091049,0.031641047379731155,0.8733727835903607,0.9304475481721818,1.2305760263468388
99.97591889301597,5233525301085.125,35599197914722.125,134259490.0533896,866389625.5415033,1000649115.594893,299723044.958693,7.817945068999848e-05,103.10756757569838,90.2070321918911,0.0962789500417599,0.02883830068123976,0.03191062184793897,0.8748827492770004,0.9325593506394798,1.2256703087036407
102.64159171116442,5460289547108.969,37054389764604.35,133033865.5901184,849010391.6638588,982044257.2539772,302479906.5237776,7.928576183846158e-05,105.85674000917268,92.77365018183471,0.09448885579311397,0.029103556236618956,0.032140472729477024,0.8764075879702671,0.934614700443505,1.220847064393094
105.37833976074972,5697091399472.963,38557366659598.445,131777074.38486814,831897449.0995934,963674523.4844615,304866306.1392753,8.038691258092692e-05,108.67921403676564,95.41442129401057,0.09272138440647894,0.02933316724189485,0.03233093642651961,0.8779454483516262,0.9366117828354159,1.216109976763897
108.18805813125496,5944263469824.48,40109589130186.85,130488772.30643305,815096097.8741952,945584870.1806283,306856609.24942446,8.148286959023515e-05,111.57694410980015,98.13130547911761,0.09098086138040593,0.029524667229976174,0.0324796981445422,0.8794944713896179,0.9385438058495702,1.2114690916695883
111.0726924412168,6202292465113.473,41712653288082.71,129234386.01044253,798649304.1097139,927883690.1201564,308366949.2385992,8.257401001691438e-05,114.55193679142624,100.92624706600154,0.08927771588798306,0.029669986849108976,0.0325785229665684,0.881052297262908,0.9403922709611259,1.2069499499762977
114.0342401854887,6471603904668.359,43368306603564.3,127943854.86876468,782596936.5021735,910540791.3709382,309450792.7076329,8.366073098797833e-05,117.60625214608615,103.80124058844333,0.08760904296734333,0.029774270468193722,0.03263323714323928,0.8826166865644629,0.9421652275008504,1.202543497886435
117.07475211842689,6752531118817.5625,45078463228559.68,126556298.01776987,766974996.6319886,893531294.6497586,310154607.66692877,8.474341630355674e-05,120.74200516602707,106.75833770712276,0.08597244882107226,0.02984198907629383,0.032648894486608356,0.8841855621026339,0.9438695402552216,1.1982421978645628
120.19633367395652,7045465986887.189,46845218373377.45,125224523.22569355,751814863.7363408,877039386.9620343,310317798.3499254,8.582269584067977e-05,123.96136723584955,109.79960586946969,0.08438565527714778,0.029857690711732915,0.032609461487598856,0.8857566540111192,0.9454720354345851,1.194089524471842
123.4011464235011,7351017122389.639,48670861195223.89,123939760.97827914,737142577.3395991,861082338.3178782,309951391.34054875,8.689967370531928e-05,127.26656763610525,112.92709216547246,0.08285032399540145,0.0298224363137617,0.03251643335216331,0.8873272396908368,0.9469721123183602,1.1900877819693152
126.69140957278505,7669694870772.114,50557885621611.8,122596166.09821478,722978183.3973635,845574349.4955783,309166515.8845296,8.797540008282974e-05,130.65989508698524,116.14291202229943,0.08135819967549664,0.02974691834883136,0.03238141170837587,0.888894881975672,0.9483887186733347,1.1862144634368796
130.06940149854555,8001812466778.803,52508998516787.13,121226324.05943775,709335171.126715,830561495.1861527,307937933.5789919,8.905073449463735e-05,134.14369933316803,119.44927335341292,0.07991371546268433,0.029628708466292532,0.03220209774259589,0.8904575760710232,0.9497149930036082,1.1824790975322435
133.53746132621808,8348089522675.194,54527124609779.05,119908296.05393606,696220028.2225187,816128324.2764547,306208915.22928834,9.012723254267836e-05,137.72039277092438,122.84833186233841,0.07852500635446426,0.02946234838190528,0.03197303083108794,0.8920126452636304,0.9509373420274411,1.1789003240749096
137.0979905496883,8709011608405.904,56615407643701.57,118535382.37054752,683631941.4537477,802167323.8242953,304108715.11820793,9.120615392776719e-05,141.39245211860643,126.34235640187282,0.07718172783243475,0.02926027448964766,0.031707515306258025,0.8935579976779175,0.9520785466572129,1.1754508503504495
140.75345469423056,9084839976196.812,58777207281759.52,117033739.3760512,671562667.4748502,788596406.8509014,301736095.38898253,9.228849599358885e-05,145.16242013167627,129.93372515395677,0.07587598177526117,0.029031989336722318,0.031415685302166874,0.8950920288880165,0.9531560075614611,1.1721098642772259
144.50638502378732,9476174220334.426,61016091418903.46,115678658.88464056,659996594.9033325,775675253.787973,298852216.58891165,9.337575073762961e-05,149.03290736346398,133.62480247466274,0.0746327537237498,0.028754512628262483,0.031073622655192173,0.8966127336479877,0.9541217589045127,1.168937516890142
148.3593802937685,9883754719106.04,63335823700061.62,114265700.91981527,648911013.2099597,763176714.129775,295704711.32670414,9.446955892850556e-05,153.00659397287194,137.41799777663692,0.07343018805253426,0.0284516707057809,0.030706451191174836,0.8981181412416849,0.9550214826532466,1.1658787595975069
152.3151085505866,10307888607278.332,65740346234536.266,112727073.74983945,638276596.7504166,751003670.5002561,292402250.16053665,9.557093349434787e-05,157.08623158027842,141.315895535118,0.07225894046814416,0.028133919469431418,0.030325185223156963,0.8996071400624244,0.9558749790012873,1.1629097524310155
156.37630897917302,10748591325381.645,68233757716430.555,111118522.3798492,628058103.4769077,739176625.8567569,288930234.8566457,9.668047206839946e-05,161.27464517292591,145.32122212078443,0.07112098369325993,0.027799854328336673,0.029928390931759873,0.9010791619784034,0.9566788706350767,1.160034408662467
160.54579379975507,11206509094591.186,70820287404224.2,109625227.46734549,618215277.798065,727840505.2654104,285156157.22989845,9.779946820400156e-05,165.57473506111242,149.43666439231117,0.07003026190969772,0.027436725809441915,0.029502815721491514,0.9025330122808604,0.9574064638997442,1.1572855979539236
164.82645021520693,11683218310333.404,73504265666431.61,108262770.62580733,608703936.163888,716966706.7896953,281128816.5765171,9.893012554602993e-05,169.98947888654158,153.66483636389557,0.06898402313939196,0.027049229209959554,0.02905345330503321,0.9039667476506484,0.9580652060705676,1.154655627346866
169.22124241032301,12178983715081.895,76290092048728.25,106763635.98571879,599477202.8596772,706240838.845396,277162908.68804264,0.00010007285388538097,174.52193368422127,158.0087274501937,0.06795201772623595,0.02666764345575874,0.028611878318433866,0.9053803388180053,0.9587156257295228,1.1520707091264246
173.73321360439851,12694759083916.953,79182202042224.56,105427781.67485443,590486852.9589293,695914634.6337837,273012332.9046782,0.00010122864963544464,179.17523799933912,162.47131177638153,0.0669584665563838,0.026268289604080664,0.02815339795982197,0.9067732438395355,0.9593098230476969,1.1495885023746515
178.36548815853803,13231334180066.783,82185033912195.02,104064929.94130614,581684710.264753,685749640.2060591,268916139.50196934,0.00010239806010221816,183.95261406058071,167.05572125917243,0.06598042642680267,0.025874168234427192,0.02770195504088061,0.9081454053387701,0.9598937418076245,1.1471532761419452
183.12127373915186,13789641576986.453,85302997060937.22,102646279.68999967,573024041.2424695,675670320.9324692,264949052.10562694,0.00010358151689096172,188.85737001139526,171.76519282203532,0.06501062966021083,0.02549246899211419,0.027264982684081045,0.909496901347675,0.9604818393319033,1.1447472754138999
188.00386353913706,14370058763349.32,88540443428834.9,101353275.07448488,564460882.2274957,665814157.3019805,260965038.67310965,0.00010477860150011666,193.8929022007529,176.6031918716546,0.06406230414730706,0.025109141185936105,0.026827791312604668,0.9108285546667568,0.961046837038629,1.1424016163529294
193.0166385582841,14974464097770.594,91901643369490.19,100112696.16795862,555955237.2263285,656067933.3942871,257080249.69079316,0.00010599016159047575,199.06269753498296,181.57306544028845,0.06312455664912758,0.02473536040851657,0.026401973265567646,0.9121400829423558,0.9616108037593889,1.1400899708142542
198.1630699444842,15603550847987.873,95390767259438.06,98819080.33189483,547472087.7799233,646291168.1118182,253424806.066846,0.00010721553079417277,204.3703358923173,186.67850336475965,0.06218387056693259,0.02438364643748963,0.02600045539015216,0.9134324829955778,0.9621997758705569,1.1377800038556056
203.44672139736196,16257462054693.75,99011873819642.45,97453084.85147262,538982164.62215,636435249.4736226,250031657.3369509,0.00010845329964595066,209.81949260181457,191.92341355258907,0.06123556862632842,0.02405716956167126,0.02562641782930461,0.9147072618120003,0.9628216009353429,1.1354605449740702
208.8712516359959,16938342742307.752,102768905742302.56,96389047.75536866,530462442.8084847,626851490.5638534,246548609.6061778,0.00010970374501311686,215.4139409883794,197.31152364229618,0.06031345294071431,0.023722042919137026,0.02524463396158462,0.9159645041401486,0.9634085899784227,1.1332111570135033
214.44041693243636,17647578701934.484,106665692748214.84,95116291.08253467,521896336.75465834,617012627.837193,243494232.3598187,0.00011096615218848159,221.1575549856405,202.8468255026616,0.059366792060127106,0.02342816144787218,0.02490679815481249,0.9172050464920007,0.9640613693877451,1.130912185810411
220.1580737127749,18384578216065.766,110705961669360.19,93668241.65959536,513273588.0112578,606941829.6708531,240822835.19290745,0.00011223788510664083,227.05431181849607,208.53373134059882,0.0583978151646034,0.023171128977282487,0.024608193726029935,0.9184310558581141,0.9647733138126791,1.1285691055211038
226.0281812275664,19150141077359.53,114893352585025.48,92467479.1984493,504589855.23064697,597057334.4290962,238104587.5425701,0.00011351750114521122,233.10829475718415,214.3765624761267,0.05744676368338228,0.022909588717415896,0.02430588303631926,0.9196436475992018,0.9654628250340336,1.1262761009049407
232.05480429345312,19946801287012.812,119231439465711.6,91243511.79657409,495846031.3430383,587089543.1396124,235608267.53145134,0.00011480490742353565,239.3236959447854,220.37952637873457,0.05648769774845027,0.02266940155700866,0.024026609407118014,0.9208429006945411,0.9661817038085584,1.1239723991583292
238.2421161078891,20775069030392.35,123723753225246.31,89965287.85571302,487047326.4798335,577012614.3355465,233346197.2573384,0.0001160981885838818,245.70481930011613,226.5472430239515,0.055518130984456036,0.022451753085113702,0.02377150247311333,0.9220301159304303,0.9669336221006577,1.1216522497967614
244.59440113891318,21635375794115.273,128373804576216.81,88682382.31524388,478202166.2958878,566884548.6111317,231247853.0501547,0.00011739537859987256,252.25608349802053,232.8844555042611,0.05454364400525066,0.02224985776142299,0.023533458335063068,0.9232064982333263,0.9677062137561723,1.1193286437929553
251.1160580919743,22530083154797.562,133185103659648.72,87518584.74019752,469320964.42182803,556839549.1620256,229177792.16519654,0.00011869602086294889,258.98202502912903,239.39577565611455,0.05357714937185958,0.02205068375984722,0.02329897650422556,0.9243721668682932,0.9684735343879877,1.1170314029445128
257.8116029558599,23460790243750.566,138161173121310.19,86379734.96883835,460414835.8637334,546794570.8325717,227213674.73508358,0.0001199989907309348,265.8873013411973,246.08604650654766,0.05261065677052741,0.021861703266102848,0.023075732719961155,0.9255276399633697,0.9692510464955754,1.114741907753945
264.6856721298392,24429619090835.203,143305551200546.7,85291505.0795282,451494326.58940005,536785831.66892827,225316684.52060366,0.00012130351214629625,272.9766940642045,252.96017774422492,0.051647650974690026,0.021679181517726506,0.022859838476709384,0.9266731675075834,0.9700315305430365,1.112468086097388
271.7430256341856,25435863531303.906,148621781579867.12,83911688.70045573,442568244.20383626,526479932.904292,223805332.54114044,0.00012260674735928723,280.25511232144163,260.0235467547581,0.05065605352376343,0.02153376452843576,0.022682784894099268,0.9278101819478008,0.9708777110046724,1.1101363796737487
278.98855040630235,26478068920735.58,154113387341642.5,82209518.28079565,433642685.0384383,515852203.31923395,222688722.87925893,0.00012390547417015144,287.7275961288859,267.2817252552505,0.049633490639501225,0.021426328261139885,0.0225453317747462,0.9289401810993589,0.9717928376216387,1.107741834844503
286.4272636847325,27556927342923.766,159783827532115.9,81084685.14819944,424720361.299676,505805046.44787544,221059832.6747164,0.00012519805616560467,295.399319885211,274.74015767195056,0.04866678842650405,0.02126960215587228,0.022357678568471883,0.9300636094176237,0.9726028137293682,1.1054823836157353
294.0643164833978,28678232724798.07,165636436651630.78,79958382.70125371,415800332.3096837,495758715.0109374,219513013.45925218,0.00012648613857089533,303.2755959548533,282.4038848876414,0.047700165633913175,0.021120772633466938,0.022178700311888965,0.9311790617326199,0.9734206069995537,1.103230505772317
301.9049971584716,29844052177827.82,171674349878090.38,78925060.39071578,406878227.83596706,485803288.22668284,217956154.28912562,0.00012776858450788304,311.3618783466135,290.27854850948296,0.046742289368329505,0.020970977101819905,0.021999273510123103,0.9322867335298506,0.9742286877334905,1.1010057367034782
309.9547350703555,31058202977993.53,177900419791313.72,78034176.4883691,397947009.69034994,475981186.17871904,216349966.4878881,0.0001290451527910545,319.6637664903414,298.3697877657916,0.045797241141490495,0.020816435342213096,0.021815526258921438,0.9333863235162965,0.9750191942007226,1.0988170804095045
318.2191043432967,32324820586792.27,184317133306426.88,77223009.52606717,388998243.4555515,466221252.98161864,214767898.0546286,0.00013031547433365063,328.18700911431927,306.6834122885365,0.04485817458354336,0.020664214263640634,0.02163470776146853,0.934477611152816,0.9758060396800973,1.0966488750630916
326.70382772524647,33644510026083.117,190926539610646.97,76370082.12343526,380023746.218033,456393828.3414683,213329536.57632595,0.00013157676981947057,336.937508226027,315.2257827052911,0.04391261423554296,0.020525820164497135,0.021468560792782913,0.9355615655999598,0.9766132059289542,1.0944729576227792
335.41478055063834,35023164204884.71,197730200021475.22,75485438.05477118,371017352.09936523,446502790.1541364,212036515.2648008,0.00013282916567041768,345.92132319905,324.0029375285295,0.04296093321503547,0.020401410186698624,0.021317217755001616,0.9366376565982659,0.9774404769716631,1.092290272716723
344.35799480882247,36449376719024.41,204729167703574.66,73816338.50453618,361976424.5437898,435792763.048326,211600918.61903572,0.0001340627654394082,355.1446749689539,333.02273072480745,0.04193045195182745,0.020359498604464284,0.02125054349753802,0.9377100494437083,0.9784290466526369,1.0899387485071905
353.53966332097986,37915385065505.5,211923998360490.12,72118696.8309603,352902686.059564,425021382.89052427,211238789.3955686,0.00013527029268156797,364.6139503410361,342.2927497990147,0.040894067513035176,0.020324655800057143,0.021191252302397132,0.9387812766869077,0.979430588287022,1.087581765286864
362.9661440284049,39432055339057.7,219314782605873.0,70796270.47545272,343801980.33334243,414598250.80879515,210564283.33958143,0.00013645473415454796,374.33570641293505,351.8190589983995,0.03989119028330929,0.02025975719188854,0.021101522022141217,0.9398490525248022,0.9803685669085792,1.0853067743577447
372.6439643951281,41002680388324.11,226901178497138.2,69746443.81682652,334682763.3058304,404429207.12265694,209673361.00125992,0.0001376146126412095,384.31667511516,361.60863401179665,0.038912760548278635,0.020174035767699453,0.02099084759382331,0.9409132036840219,0.9812612752194209,1.0830930697569014
382.5798259279255,42637480457385.12,234682412203840.47,68922040.63019152,325553438.467198,394475479.0973895,208621315.56510168,0.00013875180211708087,394.56376787268664,371.6680770360226,0.03795504773132956,0.020072811643867268,0.020864733603697064,0.9419721406248032,0.9821177639125378,1.080932003124651
392.78060881684684,44334221836232.984,242657210782213.0,67641518.42616168,316419052.10184085,384060570.5280025,208072042.6317222,0.00013986162424761697,405.084080390844,382.00525575702034,0.036952961739133004,0.02001996252774059,0.02078814609501727,0.9430270757331264,0.9830670007886076,1.0786802315829327
403.25337669947373,46087124998990.6,250823638249439.56,66371797.81420229,307278232.13137865,373650029.94558096,207542526.24714863,0.0001409378373087612,415.8848975688094,392.6284850323684,0.03595129601932992,0.01996901431748175,0.020713698628531264,0.9440796896631883,0.9840177182981519,1.0764365284736896
414.0053815522091,47908029416830.72,259178827080837.25,65652619.667540655,298121437.90104103,363774057.5685817,206520705.04532778,0.0001419825319485161,426.973698544112,403.54489901791237,0.03500106457827815,0.01987069826352388,0.020591419880520413,0.9451282371581979,0.9848696336852457,1.0743122164352876
425.04406871198336,49800374879801.734,267718629864682.56,64394125.88137549,288931450.43623435,353325576.31760985,206112383.66117936,0.00014299321761283737,438.3581618716396,414.76258723945745,0.033995748340351406,0.019831411011346542,0.020529320629050114,0.9461728406483021,0.9858356626709951,1.0720745775001588
436.37708203185326,51753386490699.1,276437252334299.8,62932156.57966705,279686520.7369621,342618677.3166291,205977085.23636752,0.00014396069333259291,450.0461708407316,426.2909512552333,0.03296556805242426,0.019818393071211308,0.020493989062310543,0.9472160388763644,0.9868528250187871,1.0697900841432582
448.0122691740695,53769503469092.91,285326956776729.0,61824617.71455847,270365799.7871089,332190417.5016674,205575864.30490744,0.00014488152975616227,462.0458189340461,438.13865043153567,0.03196219745018244,0.0197797889997004,0.020432868373115504,0.9482580135501172,0.987817591549518,1.0675708882627433
459.95768704427,55856851742187.99,294377930523517.8,60653924.36492655,260955846.45546132,321609770.82038784,205345361.52365726,0.00014575419631311122,474.36541543197535,450.31424661100755,0.030944164717868667,0.019757610830135656,0.020388516441246562,0.9492982244519956,0.988813446112267,1.0653270832465513
472.2216073705679,58012259081021.97,303578389899520.94,59388865.6835984,251456485.0479171,310845350.7315155,205304264.3144306,0.00014657199863738106,487.01349116649186,462.8273752753145,0.02990844995250967,0.019753656600733638,0.02036267257432209,0.9503378934467567,0.989845206648224,1.0630523922591828
484.81252243139517,60235723329413.47,312914938904504.25,58068503.64459215,241884343.95592663,299952847.60051876,205390655.07738143,0.00014732961775803743,499.9988044284119,475.68767240847933,0.02886041148584348,0.01976196881709458,0.020349256740043304,0.9513776196970619,0.9909015573312511,1.0607585921024645
497.7391509360686,62526826156744.16,322373140162319.1,56785054.93862324,232273107.27848127,289058162.2171045,205473833.3854202,0.00014802182169402654,513.3303470321646,488.9049931637765,0.027812163050499748,0.019769971942305422,0.020335547505242406,0.9524178650071948,0.9919578088918057,1.0584717374016255
511.01044406215044,64889829296600.49,331938206644334.7,55592305.64422415,222670583.954477,278262889.5987012,205455860.5963863,0.00014864566402850128,527.0173505422666,502.4890552994026,0.02677347976290545,0.019768242663549727,0.020312067388724514,0.9534582775735448,0.9929947629006443,1.0562126107968128
524.6355916537834,67326184057935.83,341595704244670.6,54361438.29671608,213133611.20098126,267495049.49769735,205411125.30412847,0.00014919775275533924,541.0692926658144,516.4498962436415,0.0257374359359683,0.019763938390552058,0.020286049284403283,0.9544986256734797,0.9940265024545837,1.0539663102603005
538.6240285852938,69839203720554.62,351332165772277.25,53204528.51614109,203722021.0382644,256926549.55440548,205175101.84258202,0.00014967621469750924,555.4959038154204,530.7975555055035,0.02472057192020228,0.019741229040482422,0.020241613297791398,0.9555381990393153,0.9950206571202802,1.0517677491287845
552.9854412944674,72426208741871.75,361135529837131.75,51901782.332953915,194492235.71934676,246394018.0523007,204914656.65969747,0.00015007796279378025,570.3071738471385,545.5425323427111,0.02370716866175684,0.019716169917998065,0.020194934639612513,0.9565766614202451,0.9960090012562413,1.0495834062559053
567.729774490024,75090350933813.9,370995295936521.5,50747437.30402533,185489994.65703818,236237431.9610635,204302250.4651124,0.00015040291470749868,585.5133589780429,560.6950965588615,0.022729937552836397,0.01965724634079721,0.02011444645257409,0.9576128161063664,0.9969273087879609,1.0474819727474545
582.867238037932,77834688050389.78,380902215628806.4,49555474.34629442,176741311.025607,226296785.3719014,203511235.76698107,0.00015065158600281587,601.1249888882494,576.2656927598788,0.021773483385811285,0.019581137679512473,0.020016976995559453,0.9586453789346763,0.9978076542937011,1.0454305467576706
598.4083140313386,80655665233332.4,390847267417837.0,48284462.015226535,168242072.42400375,216526534.4392303,202594336.59215304,0.00015082261060603297,617.1528740123057,592.2653567986522,0.020833424091517234,0.019492916855178746,0.01990766161221647,0.959673659053304,0.9986594927636615,1.0434196011963703
614.3637640490012,83559688517040.4,400819710616827.8,47257630.60118352,159949827.16386142,207207457.76504493,201285530.53367037,0.0001509175498683308,633.6081130249851,608.7049297085158,0.01993677520274486,0.019366988124362754,0.019760957899802013,0.9606962366728924,0.9994302129216179,1.0415051852248194
630.7446366072552,86555383010611.3,410804316572126.75,46231399.334227294,151784542.93154714,198015942.26577443,199920384.49787968,0.0001509373427669811,650.50210052668,625.5956511474905,0.019052399803046217,0.019235638558434784,0.019609241670577173,0.961711961638519,1.0001832387553886,1.0396218771278058
647.5622748106723,89640542106612.06,420778453135368.5,45108768.58612777,143645241.5812027,188754010.16733044,198694393.19352978,0.00015087766787479748,667.84653493371,642.949932618568,0.018161249165026493,0.01911767797294727,0.019471301124231705,0.9627210728620262,1.0009564288079207,1.0377299440471066
664.8283242067115,92810803422456.88,430710313113906.5,44025353.94771853,135443538.49658155,179468892.4443001,197551901.5295867,0.00015073161917210492,685.6534265790123,660.7809240297322,0.017267867687488253,0.019007751430144593,0.019341742073108556,0.9637243808823671,1.0017398837426563,1.035838833174451
682.5547408497983,96078109249446.5,440559733569187.56,42993970.71902254,127143928.55479908,170137899.27382162,196516117.75726375,0.00015049548881735395,703.9351060288196,679.1015677849903,0.016370072235216845,0.018908091946599995,0.019222770081393368,0.9647218358181832,1.0025380197113831,1.0339440536031188
700.7537995804184,99427534173563.27,450282267721971.44,41714821.83019197,118790486.01013222,160505307.8403242,195824936.60755244,0.0001501577299098252,722.7042326210894,697.9264285976891,0.01544325805535618,0.018841588919369216,0.019137128533754506,0.9657151530252746,1.003398330864013,1.031994968240228
719.4381025249578,102846617082640.31,459835477484445.1,40396739.397914454,110500175.1444375,150896914.54235196,195143124.84738594,0.00014970949131934525,741.9738032315927,717.269963884918,0.014518772135267118,0.018775987381955246,0.01905260785396963,0.9667052404827776,1.0042572152466882,1.030056308898768
738.6205878221764,106351961570930.78,469184713672285.0,39433588.85005598,102419479.01028527,141853067.86034125,193946639.63346344,0.0001491527514143299,761.757161273736,737.1451906058616,0.013648604911499586,0.018660865769052543,0.018919084883920294,0.9676905293194479,1.005012260857553,1.0282344473364873
758.3145385823527,109953160375632.38,478305364356042.2,38239761.373711556,94665932.12816587,132905693.50187743,192720694.49251437,0.00014849044927782746,782.0680059383425,757.5653229678275,0.01278771991651178,0.018542909625245626,0.018783102681499724,0.9686693704582426,1.0057551897087338,1.0264366493757324
778.5335920853161,113642324077737.83,487180432945000.1,37399920.22515608,87289752.57216585,124689672.79732193,190841149.1252905,0.00014772319492300162,802.9204016798043,778.5443247658097,0.01199720320628045,0.018362066358917864,0.018585034797985085,0.9696407304348017,1.0063648631526374,1.0247871824294041
799.2917492237178,117428997679451.72,495795291634680.1,36240889.7518806,80277266.36470872,116518156.11658932,189015330.4486134,0.000146856675619652,824.3287879551541,800.0956969899602,0.01121096851720871,0.018186392486411015,0.018392591247840442,0.9706026389963802,1.0069754239692024,1.023150829826992
820.6033841980965,121303821806281.81,504133060535033.25,35225765.3377842,73584919.0251333,108810684.3629175,186831912.3669824,0.00014589145608236614,846.3079892228193,822.2341709141099,0.010469382604269706,0.017976311652754703,0.018166503730895338,0.9715543057429756,1.007506929048485,1.021609393499599
842.4832544704401,125272346527844.4,512172729619750.1,34215292.14147307,67171024.76138578,101386316.90285885,184484842.66999274,0.00014483087939623363,868.8732252079699,844.974414614791,0.009755035994015927,0.01775048483436327,0.01792534724191337,0.9724944791716208,1.0079954488403473,1.0201270984432327
864.9465109831445,129334648541828.27,519889318151318.1,33282063.259823937,61004635.102386095,94286698.36221004,181940328.40045464,0.00014367624427644748,892.040121441576,868.331839319584,0.009071935586352739,0.01750566059136001,0.017665924722516033,0.9734224038222873,1.0084337250050073,1.0187117164797894
888.0087086504392,133496157558731.31,527254214887525.25,32301995.84635833,55060516.12953034,87362511.97588867,179355959.80367222,0.00014242947254176433,915.8247200804669,892.3221700624595,0.008405714645586567,0.017257001704702037,0.017403288784116056,0.9743372836497114,1.0088512870591155,1.0173339227439362
911.6858171295492,137762618421838.84,534235118336719.3,31342771.872521035,49316788.407930985,80659560.28045201,176692435.39822236,0.00014109196631447097,940.2434910158897,916.9616453678794,0.00776078013122025,0.017000726723621525,0.017133697583401122,0.9752384931451582,1.0092399465924013,1.0160023987283637
935.9942318790486,142109842890819.47,540795844437394.2,30299861.861128535,43752583.934990816,74052445.79611935,174069119.41689825,0.00013965845442830317,965.313343278255,942.2680440711239,0.007125066737340847,0.01674832045615633,0.01686850971362539,0.9761266128065028,1.0096232537188154,1.0146926204164493
960.9507855120662,146553070166136.3,546895385403866.1,29426259.611742117,38341466.87799129,67767726.4897334,171267562.14426905,0.00013813149537480226,991.0516367459697,968.2583038691909,0.006520373077299696,0.016478764436481802,0.01658691732564735,0.9770008624862185,1.009958391359182,1.013448235703685
986.5727594522028,151095315257357.97,552486990265186.8,28638130.217049483,33066596.509401496,61704726.72645098,168390069.24163142,0.00013651031324148796,1017.4761941664665,994.9503755442626,0.005937012494439206,0.01620190215668669,0.016298667549571204,0.9778610853488741,1.0102648896622475,1.0122495132767266
1012.8778959002282,155732810886330.7,557523188070205.5,27507207.240703702,27976798.6089442,55484005.8496479,165815973.37433687,0.00013479320934259526,1044.605313497744,1022.3628373576097,0.005338476538940568,0.015954231676048113,0.016039860092841637,0.9787072917850114,1.0106157551371076,1.011023176855348
1039.884410119857,160435535630791.94,561971865250101.44,26585761.921066657,23223702.92837274,49809464.8494394,162838964.44507903,0.00013297708039905208,1072.4577805789836,1050.5149872262182,0.00479249209648774,0.015667794313033515,0.01574324368396198,0.9795397135904788,1.0108753022165458,1.0099046356657009
1067.6110030510927,165235299110739.1,565834002485464.9,25747561.990164667,18986704.082103007,44734266.072267674,159431345.01590177,0.0001310766040124676,1101.0528821389953,1079.4236899007788,0.0043041742616902546,0.01533992511725849,0.015406236242764115,0.9803559006210513,1.0110357508555683,1.0089037123817806
1096.0768742598882,170126052676006.9,569140807672246.6,24840253.24434744,15310546.66274349,40150799.90709093,155719837.16075295,0.00012910405931373112,1130.4104191515114,1109.1067201529838,0.0038631692150083337,0.014982816842443266,0.015040922471098941,0.9811540139425484,1.011119647627435,1.0079993814385593
1125.3017352330826,175110372689811.3,571921028807915.0,24039661.69661052,12024508.044876792,36064169.74148731,151716553.73844963,0.00012707190581734353,1160.5507205465758,1139.5823509454042,0.0034699679865043864,0.01459763494540056,0.014648464648783279,0.9819323970680951,1.0111276669588962,1.007192346689935
1155.305823027826,180201348863765.34,574163903135732.6,23301120.33101321,8878337.211280797,32179457.542294007,147723323.99792904,0.0001249868685955669,1191.4946572875244,1170.8703435247946,0.0030961945968877953,0.014213420378374949,0.014257564572769938,0.9826903850247373,1.011117225781487,1.0064258520264742
1186.1099142849366,185373665916486.94,575821544909840.0,22372008.223854758,5801374.977105204,28173383.20095996,144051660.02321345,0.00012284310506333195,1223.2636568232954,1202.993089435835,0.0027107441673997574,0.013860145742058889,0.013897819174325268,0.9834291100905413,1.0111494015746592,1.0056378510083406
1217.7353396159028,190615599670478.16,576859411334635.2,21546344.785252836,2977281.0986432396,24523625.883896075,140219973.9181815,0.0001206399110284542,1255.8797179260916,1235.9727036507786,0.0023595773128872897,0.013491474337335012,0.013523383806959381,0.9841489483497777,1.0111318970244478,1.0049196917774879
1250.203998373484,195943204298277.0,577294982797084.9,20771115.839357574,573886.6340241134,21345002.473381687,136126385.0509367,0.00011838919967176103,1289.365425924655,1269.8298056824221,0.0020537413112629403,0.013097603566953471,0.013124558013938765,0.9848486551217835,1.0110438622556905,1.0042931644592479
1283.5383738161458,201348845982932.5,577162256163027.0,20029094.25207664,-1528555.774240246,18500538.477836393,131916565.5922445,0.00011610091095242711,1323.743968343714,1304.5859428444935,0.001780056957122601,0.012692549496519111,0.012715183246918877,0.9855273935463583,1.0109124925393966,1.0037319215807652
1317.7615486768198,206849076705888.0,576446954240823.9,19221961.762377538,-3568502.6318170317,15653459.130560506,127929331.94368891,0.00011378074398692502,1359.039150960419,1340.26398049242,0.0015061209630070822,0.012308911852442561,0.012327478526272,0.9861849671845504,1.0108027908894355,1.0031715095095308
1352.8972211467876,212380680872698.44,575096395732357.5,18359316.774816796,-5554816.135640349,12804500.639176447,124144364.65117125,0.0001114173410476464,1395.2754142889064,1376.8902332999235,0.0012320041642329752,0.011944735568082026,0.01195946968453539,0.986823260267685,1.010712731403849,1.0026119718253286
1388.9697212857343,217979817292442.06,573084779805828.5,17642793.99792017,-7334205.335215864,10308588.662704308,120211247.24184589,0.0001090181591912359,1432.4778505043803,1414.4885629395344,0.0009918562634890376,0.011566304798835119,0.011577788300678498,0.9874418389376759,1.010574448535346,1.0021209972628333
1426.0040278693505,223624526591468.78,570425478701745.4,16846983.387180347,-8846298.267755775,8000685.119424572,116295121.15569012,0.00010658762247735246,1470.6722208184508,1453.084000600617,0.0007697978751072827,0.011189508875139057,0.01119812917118021,0.9880406932497536,1.0104197110000317,1.0016669824763367
1464.0257856861435,229307850381760.1,567152480591193.2,16083055.637695927,-10044211.88368364,6038843.754012287,112242656.75367688,0.00010413461080531409,1509.8849733177499,1492.7015290812349,0.0005810363763294672,0.010799594956636781,0.010805873562254468,0.9886193686670337,1.0102185585803074,1.0012800027130768
1503.0613232954377,235023914694053.06,563338688787882.5,15364283.980959637,-10846617.713161096,4517666.267798541,107967929.70569898,0.00010167241990253306,1550.1432612781837,1533.3661077047864,0.00043467401122333993,0.010388295705500438,0.010392813191298195,0.9891770302832762,1.009953621694277,1.0009780313793772
1543.1376712588558,240784385956129.34,559072347956909.4,14677640.119143909,-11373863.278972667,3303776.840171242,103614754.8247188,9.921725473387381e-05,1591.4749619674983,1575.1029397278703,0.0003178778258899146,0.00996944847887818,0.009972618553182296,0.9897126736952319,1.0096515706529883,1.0007355851962996
1584.282580857912,246576345416680.16,554375033545817.56,13977973.702958636,-11863312.829963528,2114660.8729951084,99461311.0120413,9.677277181582596e-05,1633.9086959491829,1617.940042345444,0.00020346525607562284,0.009569818675473721,0.009571766197334158,0.9902267160684507,1.0093663534193982,1.0004987191403232
1626.5245433106734,252372735765160.62,549224770176532.1,13244953.792307023,-12275390.082637008,969563.7096700147,95476663.3217062,9.433555538492709e-05,1677.473846901073,1661.9073628767737,9.328802125620863e-05,0.00918642984323185,0.009187286907048122,0.9907202821355119,1.0090931418219757,1.000271031271168
1669.8928095007986,258173364038984.7,543663533110768.94,12590061.676619606,-12451774.736565547,138286.94005405903,91390767.27787943,9.191303700833711e-05,1722.200581962386,1707.0338421644694,1.330548459534415e-05,0.008793299249351745,0.0087934162500162,0.9911933952660529,1.0087799937647564,1.0001039437070147
1714.417410232616,263975530522763.12,537746833819866.4,11926188.141876869,-12556945.026276378,-630756.884399509,87454996.6040864,8.951320442691783e-05,1768.1198726232649,1753.3491336268196,-6.068921624489007e-05,0.008414613192299003,0.00841410254701002,0.9916460760239458,1.008475302408544,0.9999494261573482
1760.1291770262583,269753176145524.2,531435662947380.6,11222478.360853609,-12738151.084517177,-1515672.7236635685,83833885.68223731,8.713046321239097e-05,1815.2635161713044,1800.885957698349,-0.00014583271615096368,0.008066202593511722,0.008065026448798864,0.9920796301226392,1.0082120353096626,0.9997734282711784
1807.0597634672774,275475514279971.25,524717242616590.1,10567211.18256243,-12766144.44758423,-2198933.265021801,80199850.82222737,8.476211296585588e-05,1863.6641577099194,1849.6774050802774,-0.00021157365021237667,0.0077165484987005714,0.007714916225713614,0.9924950251515118,1.007928122148913,0.9996364852479269
1855.2416671254903,281156538260071.28,517676059192080.4,9933236.324455371,-12643847.201362565,-2710610.876907194,76586875.21884257,8.242044655125173e-05,1913.355312763779,1899.7549628291172,-0.0002608054762984999,0.007368920651736872,0.007366999297976073,0.9928918848245616,1.0076297261280354,0.9995328403596075
1904.7082520582585,286769539431356.0,510279780383862.5,9280755.38442821,-12716320.60262658,-3435565.21819837,73367959.2768917,8.010071752351285e-05,1964.371390486979,1951.1538233186202,-0.00033055804162829066,0.007059207843986608,0.007056875137161253,0.9932713501976417,1.0073897658856148,0.9993889806364321
1955.4937719137758,292268064916592.56,502390656216675.75,8601730.592251249,-12881752.588325849,-4280021.9960746,70428203.15279199,7.778643915690784e-05,2016.7477174900162,2003.912033664312,-0.00041180871248031617,0.006776354815291444,0.006773565402044327,0.9936354538971889,1.0071881635277717,0.999222736581568
2007.63339365036,297649100450445.4,494021179607351.25,7981224.720782444,-12891022.340990625,-4909797.620208181,67430758.94234592,7.548134059704024e-05,2070.5205623020656,2058.065247042171,-0.0004724035153023102,0.006487951241158536,0.006484887757385606,0.9939844522741438,1.006960354756461,0.9990978778747824
2061.1632218881764,302890505386587.6,485154183177797.8,7341915.49681253,-13098722.922437362,-5756807.4256248325,64800866.26849074,7.31843358446993e-05,2125.7271604854986,2113.650878217302,-0.0005538998295144193,0.00623491218739316,0.00623146058243892,0.9943189876421212,1.0067888120169077,0.9989319097026161
2116.1203239102565,307937575200038.7,475503553831813.06,6642610.779119739,-13690667.995279636,-7048057.216159897,62737872.58291791,7.086726680820794e-05,2182.405740420031,2170.711801988075,-0.0006781393577734826,0.006036418166967578,0.006032327408333011,0.9946417211908058,1.0067145575247411,0.9986814406499829
2172.5427553301215,312739306183757.25,464874112259329.94,6004502.664240432,-14242964.032497179,-8238461.368256747,60680215.41412782,6.851333189405303e-05,2240.5955497743653,2229.2900384851328,-0.0007926758722250037,0.005838437607479217,0.0058338132844455715,0.9949542382647458,1.0066311134797041,0.9984505119134981
2230.4695864437845,317287540331239.9,453223648153551.25,5349721.88796499,-14909573.826525263,-9559851.938560273,58858665.22583558,6.612448732600062e-05,2300.336882683637,2289.4255590435196,-0.0009198154406523154,0.005663174433961211,0.005657970145658484,0.9952566410066911,1.0065829898746135,0.9981948590295935
2289.9409292843825,321509787077530.5,440109647064559.25,4645214.79838879,-16252868.691855136,-11607653.893466346,57839324.32904108,6.36639252793949e-05,2361.6711076515144,2351.165805893952,-0.0011168477660090483,0.005565097026258058,0.005558888593950411,0.995551750739751,1.006681944792267,0.9978008742368345
2350.9979653981613,325295501333237.25,424888111880422.1,3878931.96422177,-17901212.444102917,-14022280.479881147,57225209.747005,6.107943264279715e-05,2424.6406961962325,2414.561866336507,-0.0013491746714745334,0.005506009074005567,0.005498590514953982,0.995843165597469,1.00685518374548,0.9973372556579261
2413.6829743610756,328558855674930.2,407368042836825.75,3063580.311817961,-19583730.69313587,-16520150.381317908,56729250.175313376,5.836253187842114e-05,2489.289252260451,2479.658743207994,-0.001589510956894894,0.005458289582645958,0.005449627340277593,0.9961312213742489,1.007047800539541,0.996858146819444
2478.03936305571,331100720931450.6,385775483027547.2,2029818.2212502074,-25166845.24619361,-23137027.024943404,60297213.99073053,5.53752421212951e-05,2555.6615424052484,2546.5239715465664,-0.002226163631519372,0.005801586553164071,0.005788699959839699,0.9964245770783553,1.0080277501846833,0.9955958576118599
2544.111695728824,332263440490829.6,354485684852306.9,0.0,-34249283.2826812,-34249283.2826812,68022769.57263196,5.167037515107489e-05,2623.803526809185,2615.277302883998,-0.003295345973677264,0.006544912428660925,0.006523415517600377,0.9967504335450164,1.0098402584023383,0.9934840210773926
2611.945724850329,332263440490829.6,315958650512538.6,0.0,-34046559.59618147,-34046559.59618147,64291007.30227883,4.750500339485374e-05,2693.7623910939124,2685.9235028464977,-0.0032758406112274254,0.006185855345018322,0.006165657633348076,0.9970899852662091,1.0094616959562457,0.9935181410563172
2681.5884227950546,332263440490829.6,279368903931988.62,0.0,-29412319.037845183,-29412319.037845183,56486562.32402231,4.365942342751771e-05,2765.5865789983395,2758.382256995661,-0.0028299502304296575,0.005434939008357684,0.005419601804980842,0.997395011222072,1.0082648892387873,0.994393242459273
2753.08801436926,332263440490829.6,245382114272288.56,0.0,-26429455.494720284,-26429455.494720284,50688370.42152281,4.016252548641496e-05,2839.325825924003,2832.6985335016625,-0.002542949556992621,0.004877057309555196,0.004864686656776439,0.9976658922474374,1.0074200068665478,0.9949569809272708
2826.4940102043956,332263440490829.6,213215528214540.75,0.0,-23565419.590120025,-23565419.590120025,45299036.07382052,3.694108232561814e-05,2915.0311933748585,2908.9354772313995,-0.0022673820623740084,0.004358514451390281,0.004348654390429956,0.9979088676109837,1.0066258965137642,0.9954994381304597
2901.8572410412544,332263440490829.6,183241856963305.94,0.0,-20680893.033513356,-20680893.033513356,40167273.30633633,3.400452898881117e-05,2992.755104315348,2987.1439542553494,-0.001989843029051067,0.0038647542277348203,0.003857079245485693,0.9981250888013162,1.0058545972567858,0.9960469791819789
2979.2298929282424,332263440490829.6,155655808080087.1,0.0,-17970685.539391708,-17970685.539391708,35468751.32379875,3.1348994007736214e-05,3072.5513794712238,3067.378424137383,-0.0017290763648300993,0.003412678913644417,0.003406788316486401,0.9983163974511857,1.0051417552784745,0.9965623620611488
3058.6655433581523,332263440490829.6,130515495500783.16,0.0,-15450645.201816648,-15450645.201816648,31196263.863251805,2.8961514360488083e-05,3154.4752745982696,3149.6962816854434,-0.0014866069177648655,0.0030015951477596146,0.0029971395793274794,0.9984850117700053,1.0044882020655244,0.9970423593252535
3140.219198368437,332263440490829.6,107878783456790.6,0.0,-13105108.889146663,-13105108.889146663,27312791.018050328,2.6829510145342683e-05,3238.5835187447065,3234.1563317805426,-0.001260927636237262,0.0026279410044394557,0.0026246315340032913,0.9986329866317978,1.0038888686406766,0.9974897779350138
3223.9473306307314,332263440490829.6,87792852667355.48,0.0,-10943234.749811128,-10943234.749811128,23807404.036317106,2.4940159791563128e-05,3324.934353533828,3320.8189317570154,-0.0010529196851844934,0.002290664957489986,0.0022882556081154676,0.9987622547276945,1.0033435846426746,0.9979027070181874
3309.9079185559212,332263440490829.6,70257871395823.85,0.0,-8984786.970653284,-8984786.970653284,20679974.310719535,2.3278374019776454e-05,3413.5875734940046,3409.746366053057,-0.0008644847053795745,0.0019897546327645064,0.001988036006043538,0.9988747300726151,1.002854239338144,0.9982772154874358
3398.1604864419005,332263440490829.6,55214372899314.29,0.0,-7244977.208168335,-7244977.208168335,17925910.34325952,2.1826426077981125e-05,3504.604567464022,3501.0029486315034,-0.000697086309084715,0.0017247682524215275,0.0017235667776180567,0.9989723180566632,1.0024218545615062,0.9986102503699705
3488.7661456917826,332263440490829.6,42545998387826.67,0.0,-5730710.912288905,-5730710.912288905,15532761.234993048,2.056450849939004e-05,3598.0483611024165,3594.654973617527,-0.0005513889144847887,0.001494507834612344,0.0014936842336841498,0.9990568810798724,1.002045896749097,0.9989003622293392
3581.7876371311277,332263440490829.6,32087534443380.367,0.0,-4440411.355776273,-4440411.355776273,13480452.290324278,1.9471516505034073e-05,3693.9836605302526,3690.7706296707033,-0.00042724081441223736,0.0012970418625002811,0.0012964879499326764,0.9991301989519119,1.0017242826769124,0.999147745112003
3677.289374453472,332263440490829.6,23636135802318.09,0.0,-3364578.480764618,-3364578.480764618,11742224.083246749,1.8525900977382324e-05,3792.476897137534,3789.4199040406743,-0.00032372794660247474,0.0011297956379224463,0.0011294300098645216,0.99919393230868,1.0014535235845248,0.9993541331587654
3775.337488824259,332263440490829.6,16964203800149.1,0.0,-2487435.165241226,-2487435.165241226,10286583.502341734,1.770649120781952e-05,3893.596273584315,3890.674492805178,-0.00023933229168348358,0.0009897390040999163,0.000989502184274528,0.9992495932875836,1.0012290712957832,0.999522485848683
3875.9998746740466,332263440490829.6,11831518649940.55,0.0,-1789208.1987636304,-1789208.1987636304,9079768.879897457,1.699316327889446e-05,3997.411811028333,3994.6077378066943,-0.0001721513406631646,0.0008736235317198687,0.0008734731621439723,0.9992985278089433,1.001045774872383,0.9996565488998497
3979.346236712714,332263440490829.6,7995410332658.424,0.0,-1248061.5349876587,-1248061.5349876587,8087746.553902822,1.636731259973292e-05,4103.99539761189,4101.294597165391,-0.00012008410571040358,0.0007781746211314992,0.0007780811859481146,0.9993419094845789,1.0008982587268418,0.9997604803075555
4085.4481381971887,332263440490829.6,5219411530143.273,0.0,-841286.4519449191,-841286.4519449191,7277381.280148846,1.5812177579501167e-05,4213.420838241522,4210.811641648823,-8.094563320476261e-05,0.000700204115295443,0.0007001474414174608,0.9993807415179093,1.0007811497485002,0.9998386185153852
4194.379050486193,332263440490829.6,3281253323935.2817,0.0,-546034.2196179054,-546034.2196179054,6617102.979154411,1.531307374955338e-05,4325.763905694994,4323.237067146021,-5.2537498442128224e-05,0.0006366744518356317,0.0006366410043098595,0.9994158630466065,1.0006892119502777,0.9998953385524498
4306.214403916224,332263440490829.6,1980315430572.5852,0.0,-340030.4951630489,-340030.4951630489,6077523.004892055,1.4857554357567157e-05,4441.102393090928,4438.65072063717,-3.2716542238699955e-05,0.0005847579582557072,0.0005847388276231547,0.9994479585839829,1.0006174745004943,0.9999349120237407
4421.03164003408,332263440490829.6,1143736546428.505,0.0,-202454.09832571822,-202454.09832571822,5632178.988589456,1.4435472230014427e-05,4559.516167757457,4557.134143854223,-1.9479423620799586e-05,0.0005419085181984861,0.0005418979623385185,0.9994775709054223,1.0005613879418194,0.9999613359331202
4538.910265222056,332263440490829.6,630097179237.037,0.0,-114857.46133361594,-114857.46133361594,5258281.120113591,1.403891168269766e-05,4681.08722653718,4678.770639821434,-1.1051182286898148e-05,0.0005059333760245913,0.0005059277849244161,0.9995051178062623,1.0005169845583115,0.9999781539591385
4659.931905752963,332263440490829.6,330012394717.4345,0.0,-61877.039550483365,-61877.039550483365,4937214.50142797,1.366198485674844e-05,4805.8997525667255,4803.645363241884,-5.953591830310307e-06,0.0004750414715010638,0.0004750386433148779,0.9995309121203293,1.0004809950633315,0.9999883185817507
4784.180364313082,332263440490829.6,163752957846.0202,0.0,-31544.535316610876,-31544.535316610876,4654626.377822627,1.3300521607172209e-05,4934.040173570235,4931.845429963034,-3.035104606106554e-06,0.00044785183288451584,0.00044785047361148056,0.9995551832717215,1.0004508869374906,0.9999941303872927
4911.7416780322,332263440490829.6,76702553964.46693,0.0,-15162.743935191245,-15162.743935191245,4400084.959315711,1.2951705440334042e-05,5065.597221707131,5063.460036899115,-1.4589060671526032e-06,0.00042336074991242275,0.0004233601322697572,0.9995780981561547,1.0004248196559795,0.9999972614275616
5042.704178060917,332263440490829.6,33786058207.08709,0.0,-6846.271058640843,-6846.271058640843,4166429.9010818354,1.2613711658612031e-05,5200.661995015623,5198.58058318506,-6.587242010755769e-07,0.0004008792793068851,0.00040087901523817605,0.9995997794448942,1.000401538003508,0.9999988432566984
5177.158550736454,332263440490829.6,13938894967.435503,0.0,-2892.2193158427376,-2892.2193158427376,3948991.185640572,1.2285391065629207e-05,5339.3280204944795,5337.30078545065,-2.78279203649013e-07,0.00037995808835708056,0.0003799579826226757,0.9996203201908466,1.0003802363675607,0.999999587809834
5315.19790037936,332263440490829.6,5363419688.621824,0.0,-1138.3918194903663,-1138.3918194903663,3744836.4742239923,1.1966022170390707e-05,5481.691318866781,5479.716783473527,-1.0953207014179119e-07,0.00036031503770632243,0.0003603149982402748,0.9996397944943638,1.0003604245697764,0.9999999107627822
5456.917813764533,332263440490829.6,1916170208.009091,0.0,-415.63738421505735,-415.63738421505735,3552149.073202926,1.1655135412638079e-05,5627.850471070427,5625.927235674595,-3.99911720568891e-08,0.0003417753314621865,0.0003417753177941909,0.9996582646597099,1.0003418153226344,1.0000000368280326
5602.416426311306,332263440490829.6,632633010.0392454,0.0,-140.1096242528172,-140.1096242528172,3369774.163597074,1.135239966561509e-05,5777.906686521575,5776.033406109845,-1.3480856879373819e-08,0.00032422785699070454,0.00032422785261983526,0.9996757856238662,1.0003242413378475,1.0000000781619955
5751.79449003831,332263440490829.6,192054977.5973684,0.0,-43.39131592541845,-43.39131592541845,3196922.512227242,1.1057555366569697e-05,5931.963873198105,5930.13924558809,-4.17496030638665e-09,0.0003075966770420989,0.000307596675757895,0.9996924074979182,1.0003076008520024,1.0000000862658025
5905.155443330259,332263440490829.6,53328937.31626689,0.0,-12.281350865613867,-12.281350865613867,3032996.0518803666,1.0770378542379122e-05,6090.1287095918,6088.351469559327,-1.1816685269669138e-09,0.00029182424768570413,0.0002918242473408646,0.9997081769339828,1.0002918254293542,1.0000000827980613
6062.605482564925,332263440490829.6,13469200.692719638,0.0,-3.1593224639617,-3.1593224639617,2877494.9072332345,1.0490663136393484e-05,6252.510718578954,6250.779634901643,-3.039789322081631e-10,0.00027686247267027624,0.0002768624725861159,0.9997231378313086,1.0002768627766492,1.0000000760448768
6224.253635649921,332263440490829.6,3076117.864418664,0.0,-0.7343516156582464,-0.7343516156582464,2729972.3135117367,1.0218213071002356e-05,6419.222343260629,6417.536217071223,-7.065673812644383e-11,0.0002626683658554224,0.00026266836583686305,0.9997373317048013,1.0002626684365121,1.0000000688533617
6390.211837520203,332263440490829.6,631309.2776570559,0.0,-0.15328098316698452,-0.15328098316698452,2590014.5318503524,9.952838967813618e-06,6590.379024825042,6588.7366885059655,-1.4748158860773455e-11,0.0002492021187378991,0.0002492021187342238,0.9997507978960103,1.0002492021334861,1.0000000620722034
6560.595007648569,332263440490829.6,115665.04470942773,0.0,-0.028543315216099423,-0.028543315216099423,2457232.3936540107,9.694356871016134e-06,6766.099282486003,6764.499598774567,-2.7463377290682605e-12,0.00023642628687975232,0.00023642628687910305,0.9997635737158665,1.000236426289626,1.0000000558918998
6735.52112962284,332263440490829.6,18787.27764535116,0.0,-0.004709205634699637,-0.004709205634699637,2331257.681777632,9.44258774456096e-06,6946.50479555278,6944.946656729365,-4.531032576489838e-13,0.00022430544171809906,0.0002243054417179974,0.999775694558735,1.0002243054421713,1.0000000503120272
6915.111332844823,332263440490829.6,2685.5768154134325,0.0,-0.0006833474544384205,-0.0006833474544384205,2211741.32208942,9.197357238001406e-06,7131.720487688194,7130.202814803068,-6.574929653330748e-14,0.00021280599656368706,0.00021280599656367307,0.999787194003502,1.0002128059966293,1.000000045286263
7099.489976407586,332263440490829.6,335.2379792504222,0.0,-8.654234412868384e-05,-8.654234412868384e-05,2098352.199045957,8.958495536951042e-06,7321.874613413277,7320.3963555380915,-8.326800970496826e-15,0.00020189609263968235,0.00020189609263968064,0.9997981039073687,1.0002018960926482,1.0000000407620169
7288.784735209244,332263440490829.6,36.24518024094387,0.0,-9.487683729132238e-06,-9.487683729132238e-06,1990776.1854025505,8.72583723881824e-06,7517.098846918481,7515.6589804182795,-9.128716685329604e-16,0.00019154550572380053,0.00019154550572380037,0.9998084544942771,1.0001915455057246,1.0000000366896804
7483.126688362728,332263440490829.6,3.3648616379988,0.0,-8.926594934212922e-07,-8.926594934212922e-07,1888715.2606214401,8.49922123690893e-06,7717.528373242802,7716.125901067137,-8.588856716304276e-17,0.00018172556132463468,0.00018172556132463468,0.9998182744386754,1.0001817255613246,1.0000000330241807
7682.650409962886,332263440490829.6,0.2657849124308177,0.0,-7.142369225642058e-08,-7.142369225642058e-08,1791886.683131625,8.278490608623064e-06,7923.301981884077,7921.935932876588,-6.8721372870706675e-18,0.00017240905503939773,0.00017240905503939773,0.9998275909449607,1.0001724090550395,1.000000029724883
7887.494062273705,332263440490829.6,0.0176905713262079,0.0,-4.813286901248249e-09,-4.813286901248249e-09,1700022.2066979504,8.063492506754145e-06,8134.562162905188,8133.231591131119,-4.6311759225053835e-19,0.00016357017715570323,0.00016357017715570323,0.9998364298228443,1.0001635701771556,1.0000000267552036
8097.799491400194,332263440490829.6,0.0009821269298080555,0.0,-2.704327677335935e-10,-2.704327677335935e-10,1612867.3372444364,7.854078053643508e-06,8351.455205602799,8350.159189693964,-2.602009288620451e-20,0.000155184441145711,0.000155184441145711,0.9998448155588543,1.0001551844411458,1.0000000240822113
8313.712325511191,332263440490829.6,4.499081355159739e-05,0.0,-1.2531989745596981e-11,-1.2531989745596981e-11,1530180.6278182084,7.650102238087865e-06,8574.131299806873,8572.86894232366,-1.2057841213629282e-21,0.0001472286158300283,0.0001472286158300283,0.99985277138417,1.00014722861583,1.000000021676266
8535.382075681095,332263440490829.6,1.6813703795470682e-06,0.0,-4.735709641839306e-13,-4.735709641839306e-13,1451733.0097033703,7.451423814924736e-06,8802.744639881192,8801.515066691103,-4.556533803039063e-23,0.0001396806610198316,0.0001396806610198316,0.9998603193389801,1.0001396806610199,1.0000000195106875
8762.96223942035,332263440490829.6,5.064786549072952e-08,0.0,-1.4419067163827062e-14,-1.4419067163827062e-14,1377307.1578271142,7.257905207225778e-06,9037.453531496822,9036.255891169194,-1.3873520952342623e-24,0.00013251966645846686,0.00013251966645846686,0.9998674803335416,1.0001325196664586,1.000000017561462
8996.610406966389,332263440490829.6,1.2142236075272206e-09,0.0,-3.492732389036036e-16,-3.492732389036036e-16,1306696.8886995337,7.06941241103022e-06,9278.420501252516,9277.25396446892,-3.360584664018999e-26,0.00012572579389332904,0.00012572579389332904,0.9998742742061066,1.0001257257938934,1.0000000158069755
9236.48837040863,332263440490829.6,2.2858514273166772e-11,0.0,-6.641230651699719e-18,-6.641230651699719e-18,1239706.5892191965,6.885814902552417e-06,9525.81240921796,9524.67616819794,-6.389959319063282e-28,0.00011928022211753679,0.00011928022211753679,0.9998807197778825,1.0001192802221175,1.0000000142277716
9482.76223572304,332263440490829.6,3.331612993778818e-13,0.0,-9.773249615232972e-20,-9.773249615232972e-20,1176150.674762103,6.7069855477993455e-06,9779.800564477697,9778.693832419405,-9.403478170180145e-30,0.00011316509482915158,0.00011316509482915158,0.9998868349051708,1.0001131650948292,1.0000000128063389
9735.602537794,332263440490829.6,3.703557683061285e-15,0.0,-1.0965885087789046e-21,-1.0965885087789046e-21,1115853.0750527123,6.532800514535301e-06,10040.560843755937,10039.482854291324,-1.0550990213020381e-31,0.00010736347116349019,0.00010736347116349019,0.9998926365288365,1.0001073634711635,1.0000000115269152
9995.18435850291,332263440490829.6,3.090856781613112e-17,0.0,-9.234339092522974e-24,-9.234339092522974e-24,1058646.7463927977,6.363139186533026e-06,10308.273813204185,10307.223819868297,-8.884957357196384e-34,0.0001018592787614952,0.0001018592787614952,0.9998981407212385,1.0001018592787614,1.0000000103753128
10261.68744796543,332263440490829.6,1.9045281833148492e-19,0.0,-5.739639123226133e-26,-5.739639123226133e-26,1004373.2088968039,6.1978840800517514e-06,10583.124853436124,10582.102129150218,-5.5224795564256416e-36,9.663726924414322e-05,9.663726924414322e-05,0.9999033627307559,1.0000966372692441,1.0000000093387618
10535.296349001379,332263440490829.6,8.513212665214694e-22,0.0,-2.5872248636752985e-28,-2.5872248636752985e-28,952882.1074517062,6.036920762484335e-06,10865.30428789639,10864.30812446446,-2.48933706645515e-38,9.168297596954168e-05,9.168297596954168e-05,0.9999083170240305,1.0000916829759696,1.000000008405768
10816.200524923248,332263440490829.6,2.7096856806753894e-24,0.0,-8.30197625473846e-31,-8.30197625473846e-31,904030.7951851131,5.880137773117251e-06,11155.00751465196,11154.037222270339,-7.987870519454248e-41,8.698267395568986e-05,8.698267395568986e-05,0.9999130173260443,1.0000869826739558,1.0000000075659856
11104.594490732006,332263440490829.6,6.021920632326601e-27,0.0,-1.859527863515091e-33,-1.859527863515091e-33,857683.9382876664,5.7274265459484885e-06,11452.435141697531,11451.490048477228,-1.7891725229397057e-43,8.252334185787549e-05,8.252334185787549e-05,0.9999174766581421,1.0000825233418578,1.000000006810102
11400.677947811126,332263440490829.6,9.152461577234466e-30,0.0,-2.8477279349324e-36,-2.8477279349324e-36,813713.1410949483,5.578681334509837e-06,11757.7931258687,11756.87257737014,-2.73998398946149e-46,7.829262589537024e-05,7.829262589537024e-05,0.9999217073741047,1.0000782926258953,1.0000000061297354
11704.655922211801,332263440490829.6,9.307271020695407e-33,0.0,-2.9172125341076645e-39,-2.9172125341076645e-39,771996.5903903047,5.433799138641689e-06,12071.292915458842,12070.396274238703,-2.806839634946069e-49,7.42788056274943e-05,7.42788056274943e-05,0.9999257211943725,1.0000742788056276,1.0000000055173408
12016.738906625367,332263440490829.6,6.188057215391622e-36,0.0,-1.9533566511317113e-42,-1.9533566511317113e-42,732418.7179431501,5.292679633169519e-06,12393.151596638667,12392.278241808463,-1.879451293136278e-52,7.047076148423498e-05,7.047076148423498e-05,0.9999295292385157,1.0000704707614843,1.0000000049661282
12337.143006141141,332263440490829.6,2.6250761962555322e-39,0.0,-8.34355271157358e-46,-8.34355271157358e-46,694869.8803478872,5.155225098432665e-06,12723.592043779798,12722.741370575945,-8.027873928722863e-56,6.685794396147004e-05,6.685794396147004e-05,0.9999331420560386,1.0000668579439616,1.0000000044699846
12666.090087890625,332263440490829.6,6.924761783281271e-43,0.0,-2.2156438996878694e-49,-2.2156438996878694e-49,659246.0552764923,5.02134035261735e-06,13062.843073786415,13062.01449315146,-2.131814888993914e-59,6.343034439545616e-05,6.343034439545616e-05,0.9999365696556045,1.0000634303443954,1.0000000040234087
