radius_kpc,baryon_projected_mass_Msun,field_equivalent_projected_mass_Msun,baryon_surface_density_Msun_kpc2,field_equivalent_surface_density_Msun_kpc2,sigma_Msun_kpc2,delta_sigma_Msun_kpc2,alpha_rad,theta_arcsec,beta_arcsec,kappa,gamma_t,reduced_shear_t,lambda_t,lambda_r,signed_magnification
1.0,595722332.8101867,2613150837.555355,189543138.19772512,831769175.1783735,1021312313.3760986,103740.26117658615,6.142317001245388e-07,1.0313240300000002,0.9299685240278096,0.09826709049566613,9.98152426008164e-06,1.1069269131552827e-05,0.9017229279800738,0.901742891028594,1.2298273873560106
1.0262617130149945,627408274.6156737,2752200729.823168,189534488.98065153,831766773.1858121,1021301262.1664636,109270.86914229393,6.303590697426029e-07,1.0584083657013277,0.9543916527166889,0.09826602718701602,1.0513659970524332e-05,1.1659381023126676e-05,0.9017234591530134,0.9017444864729545,1.2298244869930866
1.053213103600471,660778760.2170451,2898649464.244677,189525378.0731246,831764243.3918668,1021289621.4649913,115096.64625513554,6.469096958290598e-07,1.0862039824540455,0.9794562201262854,0.09826490715952782,1.1074195821563632e-05,1.2280985745691492e-05,0.9017240186446506,0.9017461670362937,1.2298214319314948
1.0808722838708582,695923258.3109719,3052890708.740661,189515780.74901226,831761578.997584,1021277359.7465962,121233.40798127651,6.63894671472141e-07,1.1147295597169975,1.0051790752244896,0.09826372737996834,1.1664653521911522e-05,1.2935770552979304e-05,0.9017246079665098,0.9017479372735535,1.229818213899512
1.1092578415957364,732935979.7588395,3215339074.341932,189505670.94898736,831758772.8424212,1021264443.7914085,127697.82272279263,6.813253792701448e-07,1.1440042675036166,1.0315775097611903,0.09826248465203817,1.228663684678323e-05,1.3625513675165296e-05,0.901725228711115,0.9017498019848087,1.2298148241808724
1.138388852691356,771916127.8762537,3386431229.0707974,189495021.20765087,831755817.3849859,1021250838.5926368,134507.45844638348,6.992134987869407e-07,1.1740477792647255,1.0586692699208298,0.09826117560750654,1.2941836124348588e-05,1.435208929045234e-05,0.9017258825563691,0.9017517662286177,1.2298112535906152
1.168284894040205,812968161.8152553,3566627071.034561,189483802.57656217,831752704.6828455,1021236507.2594076,141680.8320506811,7.175710141913676e-07,1.2048802851096674,1.0864725682829426,0.09825979669686294,1.36320329856814e-05,1.5117472788444294e-05,0.9017265712701514,0.9017538353361227,1.2298074924496174
1.1989660566472422,856202073.7110236,3756410963.8738704,189471984.54293245,831749426.3712019,1021221410.9141343,149237.4614365101,7.364102220841349e-07,1.2365225053746423,1.1150060960989614,0.09825834417944226,1.4359105374777346e-05,1.5923746321457217e-05,0.9017272967151829,0.9017560149259325,1.229803530557696
1.2304529591416318,901733680.2978256,3956293037.8767695,189459534.9437235,831745973.6404035,1021205508.584127,157197.92051136494,7.557437395161329e-07,1.2689957045473732,1.1442890358937654,0.09825681411299593,1.5125032840891958e-05,1.6773104668391972e-05,0.9017280608541631,0.9017583109198449,1.2297993571652002
1.2627667616330602,949684929.7334228,4166810560.2451563,189446419.87487897,831742337.2123291,1021188757.0872082,165583.89736628532,7.755845122021374e-07,1.3023217055574572,1.1743410744006741,0.0982552023426862,1.5931902136115624e-05,1.7667861436523814e-05,0.9017288657551776,0.90176072955945,1.2297949609430372
1.2959291799319415,1000184224.4070408,4388529378.183776,189432603.59539315,831738507.3155056,1021171110.9108988,174418.25577628613,7.959458229336966e-07,1.336522904442005,1.2051824158388615,0.0982535044894619,1.678191313272936e-05,1.8610455617271917e-05,0.9017297135974054,0.9017632774236708,1.2297903299510158
1.3299625001430713,1053366760.543484,4622045438.676728,189418048.4259051,831734473.6589152,1021152522.0848203,183725.1002138853,8.16841300195085e-07,1.371622285396428,1.2368337955424062,0.09825171593778133,1.7677385078578562e-05,1.9603458516100554e-05,0.9017306066771401,0.9017659614472973,1.2297854516044118
1.3648895936425334,1109374885.4549594,4867986389.019771,189402714.6414865,831730225.4043149,1021132940.0458014,193529.84450268745,8.382849269860151e-07,1.40764343622048,1.2693164939504844,0.09824983182263344,1.862076320268014e-05,2.064958107001716e-05,0.9017315474141638,0.9017687889405692,1.229780312638631
1.400733932447926,1168358473.3328257,5127013262.395863,189386560.35826367,831725751.1372472,1021112311.4955108,203859.28458952904,8.602910498553342e-07,1.4446105641699427,1.3026523509683854,0.09824784701583962,1.961462571710322e-05,2.1751681603634342e-05,0.9017325383584432,0.9017717676098774,1.2297748990719117
1.437519604992238,1230475320.513719,5399822253.00243,189369541.4134977,831721038.8363874,1021090580.2498851,214741.67540478706,8.828743881490768e-07,1.4825485122246032,1.3368637807094528,0.09824575611156625,2.0661691212198614e-05,2.2912774020451303e-05,0.9017335821972216,0.9017749055796459,1.2297691961658852
1.4752713323119726,1295891561.1984127,5687146585.482014,189351611.23871028,831716075.8413181,1021067687.0800284,226206.81224668026,9.06050043476888e-07,1.5214827757834528,1.3719737866282113,0.0982435534110166,2.176482648711097e-05,2.4136036475746184e-05,0.9017346817624963,0.9017782114154704,1.229763188383907
1.5140144846603982,1364782104.6473572,5989758483.656627,189332720.72542602,831710848.8185804,1021043569.5440063,238286.11689937115,9.298335094004067e-07,1.561439519798335,1.408005977055316,0.09824123290624663,2.2927054835760657e-05,2.542482055334095e-05,0.9017358400389176,0.9017816941485891,1.2297568593470047
1.5537750985570944,1437331094.92416,6308471243.831785,189312818.083058,831705343.7259634,1021018161.8090214,251012.72885274887,9.542406813473288e-07,1.60244559635755,1.4449845811452182,0.09823878826305536,2.4151564823691507e-05,2.678266098535277e-05,0.901737060172121,0.9017853633017684,1.2297501917873161
1.5945798942852456,1513732394.3072124,6644141418.21189,189291848.68844205,831699545.7748207,1020991394.4632628,264421.6018258333,9.79287866754454e-07,1.6445285627312334,1.4829344652478245,0.09823621280288168,2.544171957521437e-05,2.8213285936323605e-05,0.9017383454775431,0.9017892289166936,1.2297431674988275
1.636456293848445,1594190091.5403652,6997671114.265252,189269754.92647976,831693439.3904802,1020963194.3169599,278549.60609972477,1.0049917954434297e-06,1.6877166998906425,1.5218811497156581,0.09823349948366243,2.68010666195248e-05,2.9720627905537545e-05,0.901739699449718,0.9017933015829571,1.2297357672852915
1.6794324393990745,1678919036.1459427,7370010416.180891,189246476.02131546,831687008.1705022,1020933484.1918176,293435.6369073391,1.0313696302322242e-06,1.7320390315137841,1.561850826158471,0.09823064087957262,2.8233348319583414e-05,3.130883527371323e-05,0.9017411257721077,0.901797592468747,1.2297279709051119
1.7235372121506451,1768145400.0773602,7762159934.885751,189221947.85742843,831680234.8407217,1020902182.6981502,309120.7293301821,1.0584389777855379e-06,1.7775253434901683,1.6028703751575506,0.098227629159582,2.9742512927080713e-05,3.29822845418981e-05,0.901742628327491,0.901802113353345,1.2297197570130154
1.768800251786809,1862107268.0442686,8175173493.433069,189196102.78997248,831673101.2090434,1020869203.9990158,325648.1802085638,1.0862178997072605e-06,1.8242062039377867,1.64496738445231,0.09822445606476092,3.1332726312210575e-05,3.4745593316357145e-05,0.9017442112089269,0.9018068766615512,1.2297111030983314
1.8152519763800843,1961055257.900301,8610160954.9258,189168869.44364733,831665588.116643,1020834457.5602903,343063.67731523514,1.1147249238772576e-06,1.8721129837457733,1.6881701676122474,0.09822111288423337,3.3008384392304695e-05,3.660363406586078e-05,0.9017458787313744,0.9018118955001589,1.2297019854196014
1.8629236028336797,2065253172.5421355,9068291200.526665,189140172.4993286,831657675.3867621,1020797847.8860908,361415.436622262,1.1439790560356391e-06,1.9212778776565502,1.7325077832075468,0.09821759042972021,3.477412633917007e-05,3.856154873961308e-05,0.9017476354439407,0.9018171836966189,1.229692378935366
1.9118471678601574,2174978684.8285875,9550795265.4913,189109932.46762002,831649341.7706397,1020759274.2382597,380754.3478704691,1.1739997916160472e-06,1.9717339259016242,1.7780100544922446,0.09821387900854912,3.663484858527052e-05,4.062476426782114e-05,0.9017494861428657,0.9018227558400361,1.2296822572307948
1.962055549511031,2290524057.089615,10058969641.59061,189078065.4484279,831640564.890698,1020718630.3391259,401134.12930595875,1.2048071278304313e-06,2.0235150364055814,1.8247075896140923,0.09820996839505512,3.8595719711932126e-05,4.279900903677331e-05,0.901751435885233,0.9018286273246569,1.2296715924399577
2.013582489271767,2412196896.8574,10594179754.718931,189044482.87558395,831631321.1806604,1020675804.0562444,422611.49204039574,1.2364215760064881e-06,2.0766560075731904,1.8726318023658366,0.09820584780024745,4.066219626351363e-05,4.509033038673633e-05,0.901753490003489,0.9018348143960161,1.229660355163394
2.0664626147370404,2540320950.5147715,11157863626.952318,189009091.24545586,831621585.822517,1020630677.0679729,445246.3148034811,1.268864174179058e-06,2.131192551674942,1.9218149334930272,0.09820150583963247,4.284003956147687e-05,4.7505113214192836e-05,0.901755654120806,0.901841334199929,1.2296485143806921
2.1207314628814795,2675236936.619822,11751535732.807045,188971791.82840708,831611332.6801969,1020583124.5086039,469101.82987475395,1.302156499936271e-06,2.187161318846723,1.9722900725739279,0.09819693049906954,4.513533359409297e-05,5.005009976188199e-05,0.9017579341673364,0.9018482048345245,1.2296360373577397
2.1764255039415428,2817303420.729642,12376791059.956434,188932480.3618557,831600534.2296757,1020533014.5915313,494244.8209069967,1.3363206835203586e-06,2.244599921719773,2.0240911804876816,0.09819210909851339,4.7554504050316845e-05,5.273241067205487e-05,0.9017603363974362,0.901855445405537,1.2296228895482575
2.2335821659245703,2966897733.60985,13035309385.207747,188891046.72358644,831589161.4854451,1020480208.2090316,520745.83364999294,1.3713794211830319e-06,2.3035469606974566,2.0772531124872886,0.09818702825350654,5.010433859488854e-05,5.555956740991885e-05,0.9017628674078986,0.9018630760850883,1.22960903448924
2.2922398597614912,3124416934.7800255,13728859777.102331,188847374.583839,831577183.923095,1020424558.5069339,548679.4004840851,1.4073559887942438e-06,2.364042049895856,2.13181164189459,0.09818167383425548,5.2792008472165e-05,5.853951615356993e-05,0.9017655341572723,0.9018711181742167,1.2295944336898639
2.352438005120079,3290278823.407491,14459305337.098324,188801341.03457066,831564569.3977964,1020365910.4323671,578124.279833436,1.4442742557025727e-06,2.4261258437656004,2.187803484434972,0.09817603092211649,5.562509154162479e-05,6.16806532637423e-05,0.9017683439863419,0.9018795941694252,1.2295790465133927
2.4142170568961085,3464922998.622498,15228608191.921278,188752816.1941381,831551284.058489,1020304100.2526271,609163.7116250992,1.4821586988446872e-06,2.4898400644128342,2.245266323230105,0.09817008376330277,5.8611596857244345e-05,6.499185245686722e-05,0.90177130463984,0.9018885278335544,1.229562830051569
2.4776185324002187,3648811971.3864136,16038834750.32663,188701662.7854823,831537292.2575785,1020238955.0430608,641885.69010818,1.5210344171005241e-06,2.555227529637679,2.304238834467629,0.09816381571961037,6.175999091720124e-05,6.848249382062881e-05,0.9017744242894724,0.9018979442713068,1.2295457389909523
2.5426850392587452,3842432330.0996494,16892161238.205545,188647735.6857121,831522556.4558396,1020170292.1415517,676383.2553647757,1.5609271458895153e-06,2.6223321817090377,2.36476071376741,0.09815720921593084,6.507922571203492e-05,7.216249481293136e-05,0.9017777115583572,0.9019078700097812,1.229527725470579
2.6094603040472784,4046295962.187228,17790879526.697353,188590881.44478208,831507037.1223453,1020097918.5671275,712754.8051314354,1.60186327200245e-06,2.6911991168950644,2.4268727032645763,0.09815024568431147,6.857876872701452e-05,7.604234341567368e-05,0.9017811755469616,0.9019183330844155,1.2295087389303012
2.6779892016761884,4260941333.945878,18737403268.731266,188530937.77072626,831490692.6291203,1020021630.3998466,751104.4285798073,1.6438698486619975e-06,2.7618746157691696,2.4906166194303565,0.09814290550429038,7.226863505734254e-05,8.013313361775227e-05,0.9017848258606522,0.901929363130767,1.2294887259490719
2.748317785547863,4486934830.975822,19734274360.224842,188467732.97865242,831473479.1402597,1019941212.1189122,791542.2639603615,1.6869746108036624e-06,2.834406174311898,2.5560353816524235,0.09813516793921201,7.615942181938018e-05,8.44466034287573e-05,0.9017886726389686,0.9019409914826074,1.229467630072387
2.820493318505926,4724872161.551935,20784169743.009323,188401085.40040913,831455350.4952263,1019856435.8956354,834184.882188797,1.7312059905673424e-06,2.908842535829605,2.6231730415972767,0.09812701106819859,8.026234505798674e-05,8.899517564335889e-05,0.9017927265867434,0.9019532512768594,1.229445391628014
2.894564304597238,4975379825.310405,21889908567.438457,188330802.75151592,831436258.0860281,1019767060.837544,879155.6986987591,1.7765931329879372e-06,2.9852337237113713,2.69207481337802,0.09811841171342092,8.458927937354422e-05,9.379200160217197e-05,0.9017969990072056,0.9019661775659525,1.2294219475290498
2.970580521668018,5239116649.636774,23054459733.56692,188256681.45156625,831416150.7279567,1019672832.1795229,926585.4161108732,1.8231659118714183e-06,3.063631075046163,2.762787104551786,0.09810934536227273,8.915280051402004e-05,9.885100821876358e-05,0.9018015018372132,0.9019798074382412,1.2293972310632484
3.048593054815996,5516775396.136774,24280949830.76191,188178505.8939008,831394974.5235353,1019573480.4174361,976612.5005813837,1.8709549458406051e-06,3.1440872751228444,2.8353575479720017,0.0980997860840108,9.39662312075631e-05,0.00010418694857557262,0.9018062476847817,0.9019941801471968,1.2293711716674431
3.1286543307210795,5809084439.549913,25572671496.639957,188096047.65986806,831372672.7193539,1019468720.3792219,1029383.6950596571,1.919991614532561e-06,3.226656392836217,2.9098350345216684,0.09808970644037908,9.904369054634155e-05,0.00010981545643019569,0.9018112498690746,0.9020093372501673,1.2293436946857763
3.210818152877596,6116809521.423998,26933092217.298767,188009064.67244118,831349185.5554483,1019358250.2278895,1085054.5730592012,1.9703080749267814e-06,3.3113939170228788,2.986269746754874,0.09807907738968041,0.00010440014726844889,0.00011575310501312721,0.9018165224630511,0.902025322757588,1.229314721110295
3.295139737751802,6440755580.803341,28365863591.938858,187917300.28334272,831324450.1067475,1019241750.3900902,1143790.136891961,2.0219372777798925e-06,3.398356793751332,3.0647131934749816,0.09806786818368747,0.00011005147731791078,0.0001220174705343837,0.9018220803389946,0.9020421832936304,1.2292841673022885
3.381675751888944,6781768664.089469,29874831086.168716,187820482.28710878,831298400.1162921,1019118882.4034009,1205765.4650161266,2.0749129841398387e-06,3.4876034645913863,3.1452182452789983,0.09805604625673243,0.0001160145261302218,0.00012862720089062716,0.9018279392171373,0.9020599682693977,1.2292519446926
3.470484349994818,7140737916.105942,31464044299.52355,187718321.85470748,831270965.8197348,1018989287.6744423,1271166.4135674238,2.1292697819080825e-06,3.579193905888586,3.22783917109904,0.0980435771062174,0.000122307176131227,0.00013560209010854874,0.9018341157176514,0.9020787300699139,1.2292179594588806
3.561625214017411,7518597654.232492,33137767774.040432,187610512.37837237,831242073.7607076,1018852586.13908,1340190.3779203892,2.1850431024143182e-06,3.673189669070049,3.312631675773147,0.09803042416370374,0.00012894842001187796,0.0001429631591423895,0.9018406274162843,0.9020985242563081,1.2291821121775381
3.6551595932549046,7916329527.2611885,34900492372.10212,187496728.2182211,831211646.5965688,1018708374.8147899,1413047.120881319,2.2422692369631848e-06,3.769653922008809,3.3996529386792256,0.09801654865562563,0.0001359584404140551,0.00015073274372319565,0.9018474929039603,0.9021194097847884,1.2291442974478237
3.7511503455169697,8334964760.360271,36756947253.2031,187376623.33994395,831179602.8940775,1018556226.2340214,1489959.675103426,2.3009853533071636e-06,3.868651491474454,3.488961653467459,0.09800190945255391,0.00014335869675779055,0.00015893459006191736,0.9018547318506883,0.9021414492442038,1.2291044034851912
3.8496619793670335,8775586487.200901,38712112480.79338,187249829.83136874,831145856.9144301,1018395686.7457988,1571165.3282990456,2.3612295119932477e-06,3.970248906698586,3.5806180689283766,0.09798646290578199,0.00015117202003493295,0.00016759395931232303,0.901862365074183,0.902164709114253,1.2290623116806383
3.950760697473906,9239332169.896349,40771232291.947426,187115956.28395852,831110318.3871996,1018226274.6711582,1656916.701265335,2.4230406825245373e-06,4.074514444084399,3.6746840310355746,0.09797016266984854,0.00015942271653300106,0.00017673774185215875,0.9018704146136185,0.9021892600466844,1.229017896122333
4.054514441101886,9727396106.909515,42939829064.24803,186974586.0232544,831072892.2725317,1018047478.2957861,1747482.9300910234,2.486458759269201e-06,4.181518173090395,3.771223026204265,0.09795295950939617,0.0001681366815829728,0.0001863945825835501,0.9018789038090209,0.9022151771721868,1.2289710230752449
4.160992935769254,10241032028.487185,45223718016.023994,186825275.16986096,831033478.5110792,1017858753.6809402,1843150.9658529758,2.551524577040836e-06,4.291332003319079,3.8703002258090304,0.09793480108854592,0.00017734152461153273,0.00019659501865889012,0.9018878573868425,0.9022425404360657,1.2289215504139166
4.270267738105845,10781555778.459534,47629022677.889595,186667550.50969812,830991971.7610286,1017659522.2707268,1944227.007183671,2.6182799262634376e-06,4.4040297328423055,3.9719825320067677,0.09791563174067788,0.00018706670697769254,0.00020737163125735095,0.9018973015523444,0.9022714349662998,1.2288693270027422
4.382412283941171,11350348080.379204,50162191175.43917,186500907.14884406,830948261.1215726,1017449168.2704167,2051038.0836877823,2.6867675676224786e-06,4.519687097795714,4.07633862491352,0.09789539221618193,0.00019734369432358373,0.00021875921331162906,0.9019072640894945,0.9023019514781416,1.2288141920172375
4.497501937655421,11948857384.939194,52830013364.94568,186324805.924195,830902229.8421867,1017227035.7663817,2163933.811329603,2.757031246090112e-06,4.638381823275597,4.1834390111870245,0.09787401940534811,0.00020820612547168207,0.00023079495541680268,0.9019177744691802,0.9023341867201236,1.2287559741987486
4.615614042826509,12578602794.370852,55639638865.987175,186138670.53626937,830853755.0169628,1016992425.5532322,2283288.344566822,2.829115704196376e-06,4.760193675572428,4.293356074070333,0.09785144603308497,0.00021969000025227593,0.00024351865253927207,0.9019288639666627,0.9023682439671673,1.2286944910337385
4.736827974207198,13241177058.044151,58598596037.11534,185941884.36453602,830802707.2633079,1016744591.627844,2409502.554706335,2.9030666944006236e-06,4.885204515776104,4.40616412495562,0.09782760032158706,0.0002318338890972264,0.0002569729346407245,0.9019405657893157,0.9024042335675101,1.2286295478472993
4.861225191067225,13938249631.726006,61714811942.94956,185733786.91842735,830748950.3842182,1016482737.3026456,2543006.46943748,2.978930990395804e-06,5.013498354788971,4.521939456531869,0.09780240561636913,0.0002446791677633028,0.00027120352491126324,0.9019529152158676,0.9024422735513942,1.2285609367986354
4.988889291936294,14671569790.840399,64996633363.465706,185513669.86836395,830692341.013335,1016206010.881699,2684262.015438795,3.0567563971537685e-06,5.145161409783586,4.6407603975850416,0.09777577997023372,0.0002582702812161907,0.0002862595300397387,0.90196594974855,0.9024824903109825,1.2284884357640045
5.1199060707847055,15442969785.547861,68452848898.731186,185280772.59024328,830632728.2419392,1015913500.8321824,2833766.11445415,3.136591759490602e-06,5.280282162143148,4.762707369525126,0.09774763567868815,0.0002726550415240837,0.0003021937678480666,0.9019797092797878,0.9025250193628359,1.2284118070897772
5.254363574679381,16254368022.433746,72092712224.93811,185034277.14337116,830569953.2270314,1015604230.3704026,2992054.193880558,3.2184869688969206e-06,5.418951416923546,4.887862944721104,0.09771787875902965,0.0002878849656341361,0.0003190631387422242,0.9019942362753363,0.9025700062066045,1.2283307961948233
5.392352162954051,17107772253.957607,75925966560.2915,184773302.5850029,830503848.779582,1015277151.3645849,3159704.186256051,3.302492968337292e-06,5.561262363876989,5.016311906732624,0.09768640836369322,0.0003040156601891655,0.00033692904884414544,0.9020095759761176,0.9026176072964959,1.2282451299970727
5.533964567933336,18005282752.432865,79962870402.1301,184496898.50352776,830434238.9319917,1014931137.4355195,3337341.108908057,3.3886617546742283e-06,5.707310640078217,5.148141312536217,0.09765311611641987,0.00032110726216536553,0.0003558578944533647,0.9020257766214148,0.9026679911457455,1.228154515133652
5.679295957251549,18949095440.006386,84214224599.60774,184204037.6255511,830360938.4838114,1014564976.1093625,3525642.3366138935,3.4770463783139657e-06,5.857194394195376,5.28344055685463,0.09761788535722679,0.00033922494618921455,0.00037592161977135797,0.902042889696584,0.9027213395889624,1.2280586359371064
5.828443997808107,19941504939.671158,88691400829.32095,183893607.31790924,830283752.5246704,1014177359.8425796,3725343.7078129053,3.567700939600035e-06,6.011014352448769,5.422301438710674,0.0975805902788588,0.00035843951205580206,0.0003971983627508237,0.9020609702090854,0.902777849233197,1.2279571521213646
5.981508921402512,20984907504.48692,93406371544.45978,183564399.7615373,830202475.9333663,1013766875.6949036,3937246.6408923864,3.6606805813939763e-06,6.168873886301793,5.5648182303424365,0.0975410949331566,0.000378828069432913,0.00041977320773941933,0.9020800769974104,0.9028377331362764,1.2278496961197505
6.138593592093014,22081803772.535843,98371741471.37753,183215100.5166742,830116892.8520191,1013331993.3686932,4162226.4842375517,3.756041477175588e-06,6.3308790819295435,5.711087748635482,0.09749925208024571,0.00040047484127356427,0.0004437390685787802,0.9021002730784807,0.9029012227610279,1.2277358700025138
6.299803575324244,23234801283.210613,103600780730.91841,182844275.1233514,830026776.1341293,1012871051.2574806,4401242.38617444,3.853840813861804e-06,6.4971388115118085,5.8612094292509385,0.0974549018461767,0.00042347211346731116,0.00046919773242747986,0.902121626040356,0.9029685702672906,1.2276152418818795
6.465247208870247,24446616675.569244,109107459665.41898,182450353.28066027,829931886.7653732,1012382240.0460335,4655349.054502606,3.95413676837565e-06,6.667764806398315,6.015285403657139,0.09740787014498063,0.00044792136630125874,0.0004962611034213283,0.9021442084887181,0.9030400512213206,1.2274873416866932
6.635035675640592,25720077470.80857,114906485456.01593,182031610.0131045,829831973.255909,1011863583.2690134,4925710.888652563,4.056988476783759e-06,6.8428717321954275,6.173420579308997,0.0973579668080913,0.0004739346342067094,0.0005250526972811017,0.902168098557702,0.9031159678261155,1.227351656153875
6.809283078398514,27058123317.19026,121013340618.72961,181586143.04807913,829726771.0029157,1011312914.0509949,5213619.122887135,4.162455994546239e-06,7.022577265824762,6.335722723265868,0.09730498334635145,0.0005016361552179005,0.0005557094544262575,0.9021933804984307,0.9031966528088665,1.227207622836344
6.988106516441276,28463806545.30082,127444323471.77994,181111845.373867,829616001.6220853,1010727846.9959524,5520512.835308552,4.270600246065068e-06,7.207002174605478,6.502302549598948,0.0972486902453177,0.0005311643923850174,0.0005883839620563479,0.9022201453622973,0.9032824741470673,1.2270546228613723
7.171626164294269,29940291841.93567,134216590670.6945,180606371.59032363,829499372.2466822,1010105743.8370059,5848004.982896566,4.381482961243665e-06,7.396270397413408,6.6732738110188246,0.09718883366019952,0.0005626745387742939,0.0006232472080019823,0.9022484918010262,0.9033738408785749,1.2268919720811367
7.35996535247179,31490854798.686256,141348201912.03564,180067096.1551967,829376574.7928364,1009443670.9480331,6197915.061282039,4.4951665961351874e-06,7.590509127971577,6.8487533952599735,0.09712513132777552,0.0005963416598769343,0.0006604920355729022,0.9022785270123476,0.9034712103321014,1.2267189101258291
7.5532506503587085,33118879021.362007,148858166910.92664,179491060.89037627,829247285.1895995,1008738346.0799758,6572310.628176928,4.611714233888829e-06,7.789848900328065,7.02886142690365,0.0970572674415475,0.0006323646888479832,0.0007003375364196164,0.9023103678696045,0.9035750972473005,1.2265345866790114
7.75161195126875,34827851391.00168,156766494762.0931,178874908.02072984,829111162.572354,1007986070.5930839,6973560.8820204735,4.731189460997811e-06,7.994423676578651,7.213721375521085,0.0969848861313646,0.0006709715816558375,0.0007430347192986693,0.9023441422869796,0.9036860854502913,1.2263380440131462
7.95518255973657,36621354934.60406,165094245798.7448,178214793.37251288,828967848.4380372,1007182641.81055,7404406.932762027,4.853656212142245e-06,8.204370936893236,7.4034601713026635,0.09690758303039729,0.000712426078290629,0.0007888739456823594,0.902379990891312,0.9038048430478933,1.2261281943984137
8.164099281102263,38503058575.25991,173863586068.3968,177506271.82596007,828816965.760701,1006323237.586661,7868055.640029311,4.979178574444782e-06,8.419831771906491,7.598208329748722,0.09682489416868946,0.0007570367315438174,0.000838194860172787,0.9024180690997667,0.9039321425628544,1.225903790344245
8.378502513448494,40476702757.22265,183097844549.5833,176744143.14114517,828658118.065836,1005402261.2069812,8368307.428478956,5.10782053829074e-06,8.64095097753483,7.798100087604145,0.09673628104999787,0.000805169204953151,0.0008913999179432548,0.902458549745049,0.9040688881549552,1.2256633846068774
8.598536341952087,42546079532.571014,192821573238.40167,175922239.93518114,828490888.4619026,1004413128.3970838,8909734.156187534,5.239645676309851e-06,8.867877152283485,8.003273553137253,0.09664111015851894,0.0008572633866757195,0.0009489732113292755,0.9025016264548054,0.9042161532281567,1.2254052752599103
8.824348635713434,44715005071.147095,203060610238.87448,175033129.46125427,828314838.6274716,1003347968.0887258,9497932.188778996,5.3747167235211575e-06,9.100762797108983,8.213870875283344,0.096538624167659,0.0009138577393933224,0.0010115072584607212,0.9025475180929476,0.9043752335717343,1.2251274285127516
9.056091147128798,46987281582.83107,213842145996.29092,174067685.48215705,828129507.7523816,1002197193.2345386,10139889.550530314,5.513095018197337e-06,9.339764417904195,8.430038438393764,0.09642790064532847,0.0009756246263047754,0.0010797418678615282,0.9025964747283668,0.9045477239809763,1.224827368006432
9.293919613872326,49366644145.41627,225194792817.89218,173014470.1796032,827934411.4313139,1000948881.6109171,10844519.961634517,5.6548397426299825e-06,9.585042630674852,8.651927092695122,0.09630779247696641,0.0010434216943192454,0.0011546206613634548,0.9026487858287143,0.9047356292173528,1.2245020151354804
9.537993863556272,51856686023.162674,237148657830.5404,171858914.2517314,827729040.5081716,999587954.759903,11623366.202352524,5.800006880127694e-06,9.836762269478125,8.879692434335562,0.09617684886620693,0.001118359549289238,0.001237365460141535,0.9027047915845038,0.9049415106830823,1.2241474776201156
9.788477921139764,54460760287.18031,249735419530.3175,170583963.29767394,827512859.8696831,998096823.1673571,12489815.387401342,5.9486479086001015e-06,10.095092497195884,9.113495131732119,0.0960333774116611,0.001201726252463152,0.0013293922833370042,0.9027648963358758,0.9051683488408021,1.2237592207427048
10.04554011915835,57181851343.819664,262988408084.31073,169158806.32315767,827285307.1866701,996444113.5098277,13470206.53741014,6.100808172775615e-06,10.36020691921707,9.35350130785645,0.09587435948212822,0.001296056052072243,0.001433491092377248,0.9028295844657995,0.9054216965699441,1.223329140056409
10.309353210848299,60021928412.33417,276942689550.1317,167514225.68585607,827045791.6014378,994560017.2872939,14626849.25867331,6.256515953514391e-06,10.632283700105509,9.599884460595467,0.09569307834845595,0.0014073441600025213,0.0015562682605948384,0.9028995774915416,0.9057142658115466,1.222839170776771
10.580094486241808,62981287201.52953,291635154183.9659,165554719.2350558,826793692.3598158,992348411.5948716,16044773.979261518,6.415773085960215e-06,10.911505683331681,9.852827130599197,0.09548028540170336,0.0015437719059615317,0.0017067310762232876,0.9029759426923352,0.9060634865042582,1.222264480044951
10.857945891311015,66056978762.98689,307104609013.10956,163065536.93642944,826528357.3864326,989593894.3228621,17921552.789946556,6.578531119941659e-06,11.19806051414882,10.112524957973037,0.09521525540598573,0.0017243489839175285,0.0019058112929294145,0.9030603956100968,0.9065090935779317,1.2215494108073646
11.143094150240962,69236513175.56229,323391874853.9898,159177788.6857199,826249101.801889,985426890.4876089,21088046.531881213,6.744590264071628e-06,11.492140765695936,10.379203483801357,0.09481432090474486,0.0020290179113527235,0.0022415488426427085,0.9031566611839024,0.9072146970066078,1.2204692264745198
11.435730890913655,72480325370.25592,340539887961.53766,155278323.28228337,825955206.3806068,981233529.6628902,24061604.002418876,6.913326277533786e-06,11.793944068412562,10.653163345652395,0.09441085042637427,0.0023151231871086464,0.0025564829130281267,0.9032740263865171,0.9079042727607344,1.2193837909898764
11.736052773687542,75868257908.04634,358593806500.43384,154715254.51328108,825645915.9482411,980361170.4615222,23694703.72499621,7.086135980065258e-06,12.103673242852114,10.93437687227789,0.0943269150821482,0.0022798213286152388,0.0025172673965706154,0.9033932635892366,0.9079529062464671,1.2191575404697659
12.044261623558953,79427981218.15854,377601122033.1229,154603299.95526093,825320437.7177116,979923737.6729724,22920821.31267512,7.2634566704774426e-06,12.421536435983164,11.222980051162814,0.09428482683269186,0.002205361075812474,0.0024349388650521026,0.9035098120914957,0.9079205342431206,1.219043738484662
12.36056456579437,83192110446.25116,397611776223.5509,155938953.45051104,824977939.5630801,980916893.013591,20791890.72985947,7.445765195333729e-06,12.747747261070248,11.519107810240598,0.09438038475797547,0.002000522838281603,0.0022090100574367177,0.9036190924037429,0.9076201380803061,1.2192997315199787
12.68517416512457,87159531624.1683,418678282959.16846,154740261.37178633,824617548.2307122,979357809.6024985,21260743.21694553,7.632987169656265e-06,13.082524941228156,11.822991647028445,0.09423037521765996,0.00204563418098666,0.002258448644133141,0.9037239906013533,0.9078152589633267,1.2188961641694436
13.018308568594293,91305845332.50839,440855856096.93634,153545917.11605996,824238347.4874185,977784264.6034784,21719929.522742867,7.824718619591874e-06,13.426094456746199,12.134923202286434,0.09407897423405039,0.002089815477613739,0.002306840682770129,0.9038312102883359,0.9080108412435633,1.2184890542386835
13.36019165216336,95639478050.23213,464202543041.58344,152406081.83718657,823839376.2055465,976245458.0427331,22121603.087747455,8.021073188977848e-06,13.778686696281476,12.455114612092423,0.09393091566119305,0.0021284630999375553,0.0023491178947914063,0.9039406212388694,0.9081975474387445,1.21809110580679
13.711053171157804,100170759109.25484,488779364366.2968,151224554.11695522,823419626.3853412,974644180.5022964,22566713.790142298,8.222187502601682e-06,14.140538612022748,12.78378028392694,0.09377684634966717,0.0021712900913484737,0.0023959772850675456,0.9040518635589844,0.9083944437416812,1.2176772302133518
14.07112891467208,104902453997.12456,514650459687.10034,149903414.12606347,822978041.1152617,972881455.2413251,23144480.4580065,8.428089447051987e-06,14.511893378929136,13.121158791131675,0.09360724310444019,0.002226880774720058,0.0024568607347958465,0.9041658761208398,0.90861963767028,1.2172219315606785
14.440660864026189,109842278761.31165,541883240002.4023,148587732.09401703,822513512.4713867,971101244.5654037,23710070.107429028,8.63887782207604e-06,14.893000558150773,13.467483391728198,0.09343595747388332,0.002281299828064761,0.0025164243462689954,0.904282742698052,0.9088453423541815,1.2167623731860255
14.819897355384105,115001028658.8623,570548546708.3635,147356303.6611373,822024879.3575318,969381183.0186691,24189119.55422318,8.85468966345918e-06,15.284116264741078,13.822987588242189,0.09327045918167891,0.002327392286486619,0.0025667987880775927,0.9044021485318344,0.9090569331048077,1.2163185528312381
15.209093246642878,120384143630.37022,600720817498.7488,145871485.06853974,821510925.288276,967382410.3568157,24915246.11128986,9.075589316139064e-06,15.685503339773517,14.187923604070239,0.09307814428302333,0.002397257638309026,0.0026432901833795246,0.9045245980786676,0.9093191133552857,1.2158032456755803
15.608510088704504,125995641137.66,632478259354.5856,144356599.94224983,820970376.1177181,965326976.059968,25659823.498066068,9.301625839286674e-06,16.097431526978387,14.562553087598346,0.0928803776004808,0.0024688982642851283,0.002721689844779657,0.9046507241352341,0.9095885206638042,1.2152736852623611
16.018416301245715,131843998256.03824,665903028824.1443,142863872.25122422,820401897.7175025,963265769.9687266,26371788.30866444,9.532905598594611e-06,16.520177654018426,14.94713531489008,0.09268205557611522,0.0025374010225075647,0.0027965952157142948,0.9047805434013773,0.9098553454463923,1.2147429751436356
16.439087353103737,137938974232.7155,701081419787.2722,141227152.28761742,819804093.608483,961031245.8961004,27219698.95957005,9.769548390897677e-06,16.95402581852498,15.341934615680083,0.09246705750316177,0.0026189840129146307,0.002885828040257343,0.9049139584839236,0.9101519265097529,1.2141681043367545
16.870805947399372,144277582408.48242,738104058889.695,139374711.69851127,819175502.5512537,958550214.2497649,28262941.801766276,1.0011526652039966e-05,17.399267579019888,15.747247096902406,0.0922283413356193,0.002719361182014031,0.0029956445060369827,0.9050522974823667,0.9104910198463947,1.2135303939911564
17.313862211521638,150861884965.3866,777066108822.4724,137365912.05998543,818514596.101817,955880508.1618024,29437658.55195856,1.0258881044739444e-05,17.856202150851207,16.163365264075,0.09197147157471784,0.0028323883096478195,0.003119272380747545,0.9051961401156343,0.91086091673493,1.2128448232593005
17.768553892101774,157688259296.92603,818067479609.0015,135103449.6572072,817819776.1397731,952923225.7969804,30832048.70374465,1.0511597058117942e-05,18.325136607274587,16.590598584920293,0.0916869322325801,0.002966551641899127,0.0032660012799229417,0.9053465161255208,0.911279619409319,1.2120862031806217
18.235186555107614,164761684991.818,861213048046.5865,132910032.65565738,817089372.3776442,949999405.0333016,32124701.986241937,1.0769762570212139e-05,18.8063860858154,17.029247696046706,0.09140561244840188,0.003090926209234735,0.003401876845799033,0.9055034613423634,0.911685313760833,1.2113368424943673
18.714073791192746,172081117870.04074,906612885431.4802,130374403.78902271,816321639.8613546,946696043.6503773,33722950.56844914,1.1033406043432956e-05,19.300274000050283,17.47963131439594,0.09108777459635184,0.0032447040850180553,0.003569876160018732,0.9056675213186302,0.9121569294886662,1.2104912227682554
19.20553742643848,179616701129.7888,954382493674.979,126596919.32488829,815514756.4733914,942111675.7982798,36498989.3929199,1.1302277235306563e-05,19.80713225695036,17.942122639911382,0.09064668279251534,0.0035118048090678733,0.0038618705651750477,0.9058415123984168,0.9128651220165526,1.209319807771537
19.70990773863034,187321679764.2886,1004643049893.5826,124199830.67246985,814666820.4518713,938866651.1243411,37795481.22256696,1.1575999188954354e-05,20.32730147993243,18.41712449835977,0.0903344578940996,0.0036365487079538785,0.003997676662056661,0.9060289933979465,0.9133020908138542,1.208491089445883
20.22752367921427,195343768237.04773,1057521659527.8242,122892750.67620829,813775847.9405735,936668598.6167817,38027249.367149234,1.1856087102870995e-05,20.86113123776769,18.904736432813458,0.09012296898728268,0.003658848626342595,0.0040212561715841965,0.9062181823863747,0.9135358796390599,1.2079295875320055
20.758733101081795,203709102024.32855,1113151618012.1724,121767324.99327825,812839770.5870609,934607095.5803392,38113878.955221176,1.214279526624685e-05,21.408980279502074,19.405275231589975,0.08992461839189082,0.0036671838216194713,0.0040295385368402485,0.9064081977864897,0.9137425654297286,1.2074031898011186
21.30389299233727,212449163016.62494,1171672680981.669,120901885.0087869,811856433.2081883,932758318.2169752,37989685.124941826,1.24364098173787e-05,21.971216775546036,19.919061848891545,0.0897467355150346,0.0036552343266420518,0.0040156234196097465,0.9065980301583233,0.9139084988116074,1.2069311961903493
21.863369716204197,221592376984.6454,1233231342959.8364,120191203.85660549,810823591.5447848,931014795.4013903,37767744.07456577,1.2737170100508687e-05,22.54821856509567,20.44643462927933,0.08957897986178688,0.00363387993680814,0.003991427983787624,0.9067871402014049,0.9140549000750213,1.2064862212291585
22.43753925723187,231184229155.11316,1297981124426.1113,120010356.75682363,809738910.1298925,929749266.8867161,37089654.90426457,1.3045444999190442e-05,23.14037341005158,20.987720464498228,0.08945721514452304,0.003568636573941153,0.003919240955280946,0.9069741482815358,0.9141114214294181,1.2061628729614957
23.026787473967964,241327745966.28555,1366082867109.6523,121954513.55068222,808599960.2978368,930554473.848519,34407619.93535304,1.3362051863198125e-05,23.748079255606164,21.543182427346565,0.08953468933566605,0.0033105805713347144,0.003636141358223854,0.9071547300929992,0.9137758912356686,1.2063655732749838
23.63151035826658,252127291518.02005,1437705037299.3022,121129750.84199117,807404218.364513,928533969.2065042,34653408.699659705,1.3687741956994165e-05,24.371744497674236,22.113104946204267,0.08934028346206267,0.003334229504602835,0.0036613341339821236,0.9073254870333345,0.9139939460425401,1.2058507847684432
24.252114301406245,263367636727.21313,1513024036896.6455,119679193.92107901,806149064.0126234,925828257.9337025,35539700.408474445,1.4020670940564457e-05,25.011788257346925,22.698211480110633,0.08907994940849522,0.003419505385853847,0.003753902862971778,0.9075005452056509,0.9143395559773587,1.20516246446793
24.889016367196618,275062655404.5228,1592224521870.092,118195470.64060256,804831778.9192016,923027249.5598042,36474510.25610244,1.436094622156459e-05,25.668640662553173,23.298914433459213,0.08881044620193236,0.0035094495123369988,0.0038515032330086853,0.9076801042857306,0.9146990033104047,1.2044505603782216
25.542644572257448,287220936521.8856,1675499727692.5952,116686507.36842984,803449545.6666307,920136053.0350606,37447993.02230489,1.4708632902240931e-05,26.342743137118177,23.915644487433422,0.08853226540765743,0.003603114611474172,0.003953090685196529,0.9078646199808684,0.9150708492038168,1.2037164281026933
26.21343817365808,299877904205.1633,1763051801263.8984,115413301.38687569,801999446.9824907,917412748.3693664,38210227.304217935,1.5063993402520017e-05,27.03454869741289,24.548811356008034,0.088270238579501,0.003676454122002588,0.0040323945510724315,0.9080533072984964,0.9154062155425016,1.203025404553821
26.901847964110985,313065286667.7038,1855092138729.8442,114198941.93453197,800478465.357952,914677407.2924839,38945580.78859806,1.5427244856034357e-05,27.74452225679424,25.198844122918697,0.0880070536500547,0.0037472072564253152,0.004108811665071208,0.90824573909352,0.9157401536063706,1.2023319093251643
27.60833657491748,326811137324.4794,1951841728516.3853,113036920.35163316,798883483.0990617,911920403.4506949,39665094.13799703,1.579856358543688e-05,28.473140938040295,25.86619081561725,0.08774178440530978,0.003816436308589099,0.004183504454493961,0.9084417792861011,0.9160746519032793,1.201633519735902
28.33337878686934,341150193811.8682,2053531498794.719,112052968.44851209,797211282.8701746,909264251.3186867,40249340.68128717,1.6178159044936356e-05,29.220894393990598,26.55130652451784,0.08748621875853568,0.003872650462858411,0.004243936412214745,0.9086411307786059,0.9163864317043228,1.2009611481330558
29.07746184931523,356131537419.3479,2160402668486.4646,111252602.83632898,795458548.7938592,906711151.6301882,40703236.66813457,1.6566318913592468e-05,29.988285136607036,27.254646291130012,0.08724056845661696,0.003916322743541791,0.004290640675078744,0.9088431087998412,0.9166757542869248,1.20031528592182
29.841085807606397,371818017547.7169,2272707100804.6875,110793666.32660013,793621868.1769423,904415534.5035424,40882121.00749338,1.696339399501985e-05,30.775828874676435,27.97666793748897,0.08701969222417265,0.003933534367580594,0.0043084547761641665,0.9090467734082468,0.916913842143408,1.1997347582814966
30.624763839141597,388339919549.6446,2390707658208.263,110837766.82774943,791697733.937814,902535500.7655635,40657594.13494754,1.7370123567949484e-05,31.584054860381784,28.717778726030478,0.08683880196852285,0.003911931179002326,0.004283943719285672,0.9092492668524749,0.9170731292104795,1.1992592362042702
31.42902259823711,405652035876.90857,2514678557524.6885,110028711.44617078,789682547.8157241,899711259.261895,41355416.84083712,1.7786103580734964e-05,32.41350624497497,29.47858848131401,0.08656706335165923,0.0039790732334860366,0.00435617446430873,0.9094538634148548,0.9174120098818268,1.198546551270993
32.25440257005379,423765228360.07294,2644905723870.842,109401177.6877428,787572624.4484465,896973802.1361893,41932913.5415833,1.8211301921382053e-05,33.26474044379024,30.259659917533195,0.08630367482341315,0.004034637941567917,0.00441573182510957,0.909661687235019,0.9177309631181547,1.197856273762257
33.10145843381864,442774098702.68115,2781687141874.1187,109392003.34354922,785364196.4103613,894756199.7539105,41970782.552101016,1.8646172865274725e-05,34.138329510843334,31.061490127884646,0.0860903048961845,0.004038281565006887,0.004418687739764221,0.9098714135388086,0.9179479766688223,1.197297044805373
33.97075943558535,462735661247.5661,2925333202569.6133,108589098.88003352,783053420.308558,891642519.1885915,42884461.73532677,1.9090910751105945e-05,35.034860523268414,31.884634121316264,0.08579071746746215,0.004126192573036601,0.004513400434533156,0.9100830899595013,0.9183354751055745,1.1965134744044004
34.86288977078411,483615620945.657,3076167044224.632,107910724.70961604,780636384.0399066,888547108.7495227,43733917.70280874,1.9545184544961554e-05,35.954935975850844,32.72974901713029,0.08549288792624014,0.004207924248387405,0.004601302923544693,0.9102991878253724,0.9187150363221473,1.1957352170120008
35.77844897681785,505490680205.8505,3234524885223.12,107492177.28544594,778109115.3170993,885601292.6025453,44393501.97611284,2.0009285194207684e-05,36.89917418592116,33.59740512289562,0.08520945182338761,0.004271387134935826,0.004669251495273624,0.9105191610416765,0.9190619353115482,1.1949951181691056
36.71805233596866,528492117918.74384,3400756347032.259,107217141.0590918,775467591.5761877,882684732.6352795,44999865.80361593,2.0483752980864855e-05,37.86820970888211,34.4881478410821,0.0849288306475869,0.004329729336758082,0.004731576604934663,0.910741440015655,0.9194008986891712,1.194263001651453
37.682331288885415,552573321724.7024,3575224765176.1484,106499386.16853413,772707751.3820362,879207137.5505704,46115199.228907704,2.0968161661226763e-05,38.8626937646484,35.40269872686474,0.08459422863954222,0.004437042809043252,0.004847077599750117,0.9109687285514145,0.919842814169501,1.1933914199778994
38.67193385893007,577780795945.9263,3758307486061.1377,105923310.17952822,769825507.4511282,875748817.6306565,47155042.603787184,2.146257865555225e-05,39.883294675285214,36.34171497716743,0.08426148122028342,0.004537092893314557,0.004954572511987963,0.9112014258864021,0.9202756116730312,1.1925255604662177
39.687525087668135,604236785487.6035,3950396147440.0557,105804501.05994403,766816761.413065,872621262.473009,47818719.03080642,2.1967419275153748e-05,40.93069831414,37.305813934051805,0.0839605588269258,0.004600949512548055,0.005022654381187025,0.9114384916605262,0.9206403906856223,1.191743000448522
40.72978748179587,631996671649.6414,4151896940274.0312,105062188.82342447,763677420.4326181,868739609.2560426,49185716.0921936,2.2482729903957783e-05,42.00560856676927,38.295691829177066,0.08358707976185556,0.004732477177669994,0.005164131881117722,0.9116804430604745,0.9211453974158145,1.1907735379137858
41.79942147180452,661039301217.1139,4363230849758.1113,104403349.13884299,760403415.8130302,864806764.9518732,50533503.12808001,2.3008186358858545e-05,43.10874780396997,39.31212452739253,0.08320867526982936,0.00486215652148063,0.005303449531344176,0.91192916820869,0.9216534812516513,1.189792495291624
42.89714588268985,691457537172.3844,4584833873328.457,103943290.606242,756990723.6980231,860934014.304265,51753491.63781774,2.354398921522035e-05,44.24085736723361,40.355820272878795,0.08283605277877405,0.004979539539113868,0.005429279633374828,0.9121844076821121,0.9221434867603399,1.188827526912554
44.0236984170234,723405351011.8407,4817157213573.59,103546351.08880873,753435387.9843234,856981739.0731322,52996362.52968252,2.4090566509626195e-05,45.40269806694919,41.427469244918676,0.08245577871107221,0.00509912421933923,0.005557360725542136,0.9124450970695885,0.922643345508267,1.1878439890693155
45.17983615070993,756840246992.4238,5060667444139.695,102854936.98438706,749733545.5479783,852588482.5323653,54600548.13828933,2.4647449690465786e-05,46.595050693689856,42.52792955065091,0.08203307496765495,0.005253473334989969,0.005722944031785088,0.9127134516973551,0.9232203983673349,1.186752505172513
46.36633604176435,791832068995.775,5315846646961.463,102249005.76749457,745881453.8758602,848130459.6433548,56186663.129359365,2.5214657855512947e-05,47.81871654292666,43.65799933418766,0.08160413963325365,0.005406083759169409,0.005886441775783459,0.912989776607577,0.9238019441259158,1.1856464728410225
47.583995452449955,828528459516.0995,5583192519477.132,101982411.36548452,741875521.1780217,843857932.5435061,57511718.55075526,2.5792496702279814e-05,49.07451795352237,44.81845049068126,0.0811930520534142,0.005533575946721381,0.006022566502232275,0.9132733719998645,0.9243405238933071,1.184587679675985
48.833632685129025,866993970531.3833,5863218450912.097,101270294.45736536,737712339.0364517,838982633.4938171,59357566.97794247,2.6380888226351138e-05,50.363298860366996,46.0101398266742,0.08072396786962956,0.005711177011606313,0.0062126899995107905,0.9135648551187642,0.9249872091419767,1.183381808495015
50.11608753218553,907232406315.9524,6156453567252.057,100612560.5678415,733388717.6206548,834001278.1884964,61213396.95073688,2.697950013452703e-05,51.68592536152634,47.233988272546185,0.08024467932471728,0.00588973846581841,0.006403592709302485,0.9138655822094643,0.9256450591411012,1.1821516462080575
51.43222184039013,949355941769.2297,6463442745189.941,100120582.3443009,728901723.4698416,829022305.8141425,62971341.27047372,2.7588405087503727e-05,53.04328630028517,48.49087268170648,0.07976562005706907,0.00605888170563981,0.0065840636230256435,0.9141754982372912,0.9262932616485707,1.1809239162581302
52.78292009008598,993553495560.564,6784746596131.847,99620088.27976969,724248719.8046647,823868808.0844344,64816491.160942316,2.8207913026320333e-05,54.43629386247544,49.78165409604437,0.07926976857154219,0.006236415559770458,0.006773336365957087,0.9144938158686874,0.9269666469882283,1.1796552880905296
54.1690899895852,1039787857553.6609,7120941422302.3955,98930871.55109504,719427409.2878712,818358280.8389663,66912273.042365074,2.883746666760792e-05,55.86588418949167,51.10736061531117,0.07873956495760628,0.006438064345458903,0.0069883217606785016,0.9148223706969348,0.9276984993878526,1.1783013351173497
55.5916630851751,1088154290660.4424,7472619148110.301,98281621.88782302,714435879.1023557,812717500.9901787,69029106.97893,2.9476981659908486e-05,57.333018007405016,52.46896688456775,0.07819682889479058,0.006641738686093354,0.007205159294613996,0.9151614324191161,0.9284449097913027,1.1769178536192593
57.05159538714426,1138843063960.6143,7840387231232.449,97911633.01083913,709272648.1563845,807184281.1672236,70935277.75317621,3.0126660338452087e-05,58.83868127259903,53.867425472488065,0.07766444188059964,0.006825143755747174,0.0073998488897720986,0.9155104143636532,0.9291607018751475,1.1755629164905916
58.54986801224902,1191920582050.7173,8224868559359.343,97192070.08341928,703936716.1588572,801128786.2422765,73253060.28788388,3.078623639238166e-05,60.38388583436075,55.303792172804954,0.07708180338697493,0.007048152666052477,0.0076368118993841135,0.9158700439469726,0.9299663492790776,1.1740833023029567
60.08748784305251,1247416820158.8486,8626701340221.741,96494723.74127503,698427614.2320291,794922337.9733042,75600867.85780501,3.145530835958147e-05,61.969670114872926,56.779171653705525,0.07648464069176793,0.007274050479990701,0.00787648024115094,0.9162413088282414,0.9307894097882228,1.172569783688404
61.665488204578715,1305467170667.247,9046538994389.555,95963472.08281167,692745456.6450547,788708928.7278664,77834435.65387344,3.213379524711169e-05,63.597099807063586,58.294642972912214,0.0758868082358077,0.007488956543366083,0.00810393857604086,0.9166242352208263,0.9316021483075584,1.1710574005822885
63.28492955873689,1366306840277.6768,9485050062396.912,95354967.74438193,686890993.1591557,782245960.9035376,80203336.97442913,3.282187755401462e-05,65.26726859078266,59.85127002579499,0.07526496412823547,0.007716883924044421,0.008344967612013936,0.9170181519477201,0.932451919795809,1.1694875966844271
64.94690021698257,1429903354157.8447,9942918139989.309,94630192.78540507,680865661.3745028,775495854.1599078,82729803.36766386,3.351887770459696e-05,66.98129886778634,61.45028702212521,0.07461549252043806,0.007959971663658142,0.00860179914329714,0.9174245358159038,0.93334447914322,1.1678516704305193
66.65251707169449,1496373049925.7297,10420841857692.172,93929537.03434475,674671638.3608366,768601175.3951814,85268890.80410469,3.4224561359132894e-05,68.74034251602376,63.092884508682445,0.07395211069958027,0.008204273755805012,0.008859448685750915,0.9178436155446147,0.9342521630562247,1.1661843168585655
68.40292634675833,1565961727430.9846,10919534923433.156,93423376.23243506,668311890.7395421,761735266.9719772,87653643.21490109,3.493902770197418e-05,70.54558166373198,64.78022824711091,0.07329149706012686,0.008433726272818964,0.009100732588579866,0.9182747766670541,0.9351422292126921,1.1645273035083918
70.19930436786271,1638739692591.1448,11439726249572.46,92668010.28393573,661790222.2660158,754458232.5499516,90317278.92729473,3.5661833784181295e-05,72.39822948386077,66.51360450218205,0.07259132631830409,0.008690011963463414,0.009370207773629244,0.9187186617182325,0.9360986856451593,1.162775376469973
72.04285835302376,1714765225974.6196,11982160188347.04,91871189.11487862,655111317.8399516,746982506.9548303,93040821.81750727,3.6392494888282535e-05,74.29953100935964,68.29433829096956,0.0718720382083349,0.008952061712747879,0.009645288237482634,0.9191759000789173,0.937080023504413,1.160979874097173
73.93482722387077,1794212533064.9941,12547596902344.37,91340543.51011117,648280782.7504431,739621326.2605543,95512260.66947412,3.713082164183833e-05,76.25076396987612,70.12373859181662,0.07116377120717814,0.009189854895244542,0.00989394535911707,0.9196463738975773,0.9380260836880665,1.1592156140622487
75.87648243823726,1877361532516.895,13136812899096.03,90610191.96224216,641305175.8461902,731915367.8084323,98197614.63243198,3.7876857684797446e-05,78.25323965042708,72.0031094886316,0.07042233089880925,0.009448230239823103,0.010164003024038434,0.9201294388613677,0.9390258993410139,1.1573734178190043
77.86912884461755,1964196427280.3843,13750601761109.09,89833546.96570413,634192035.2128888,724025582.1785929,100925702.62186527,3.8629862855219565e-05,80.30830377262022,73.93391883850944,0.06966320338382224,0.009710717302621354,0.010437851472650752,0.9206260793135564,0.9400475139187991,1.155491942653302
79.91410555906252,2054854635632.732,14389775104501.145,89084039.89043033,626949894.8452502,716033934.7356806,103613984.89630103,3.9389487558900186e-05,82.41733739901777,75.917605391197,0.06889427508226662,0.009969374399064873,0.010707027281940194,0.9211363505186685,0.9410750993167982,1.153590834180775
82.0127868651046,2149657591330.1416,15055163800717.916,88462460.87091161,619588290.7259483,708050751.5968599,106160605.84190679,4.015579910806689e-05,84.58175786125075,77.95557537101044,0.06812616118637836,0.010214401339054232,0.010961141855917206,0.9216594374745675,0.9420882401526759,1.1516962238520525
84.16658313731588,2248669773585.743,15747619496412.82,87650961.25063217,612117754.6748747,699768715.9255068,108868451.94280577,4.092822806977731e-05,86.80301971250667,80.04937729431757,0.06732929274746285,0.01047494079829738,0.0112311244653051,0.9221957664542397,0.9431456480508345,1.149735948940601
86.37694178912074,2351952759843.498,16468016466261.273,86775926.0114058,604549794.3167686,691325720.3281745,111596337.57123256,4.17062132589375e-05,89.08261570503142,82.20059651555191,0.06651693730872837,0.010737408390628981,0.011502520848822445,0.9227456543006427,0.9442204710819005,1.1477428067004036
88.6453482454995,2459771200977.3174,17217253832052.52,86157745.76626083,596896857.5415395,683054603.3078004,114017600.7778008,4.248965080383094e-05,91.42207779330198,84.41078212925405,0.06572111942413382,0.010970373848420393,0.011742076243507215,0.9233085067274458,0.9452492544242865,1.1457947279922032
90.9733269412371,2572440042503.457,17996258178623.727,85364712.29108712,589172279.9077115,674536992.1987987,116558261.53673446,4.327852025101863e-05,93.82297816354422,86.68150969670948,0.06490158474243754,0.011214827320142106,0.01199320535374141,0.9238835879374203,0.9463132425777045,1.1437940423803337
93.36244234538712,2689960336014.962,18805986592840.83,84510925.1734857,581390213.5736825,665901138.7471683,119085563.82813644,4.407213109645499e-05,96.2869302902873,89.01450663379383,0.06407067319704216,0.011457995486947169,0.012242372536916383,0.9244713313160107,0.947387322289905,1.1417709349204295
95.81430001264064,2812485376388.044,19647430145660.266,83716315.61901502,573565536.5418743,657281852.1608893,121467293.93522704,4.487014382018341e-05,98.81559002066561,91.41148481245583,0.06324135565735431,0.01168715720849349,0.012476166917781422,0.9250714871341522,0.9484458015511391,1.1397567854280277
98.3305476623052,2940439919997.1504,20521617829107.02,82997014.25337377,565713741.2744546,648710755.5278283,123683990.0110054,4.5672766194447866e-05,101.41065668719567,93.87410928033076,0.062416674786031134,0.011900439934087816,0.012692674468556679,0.9256828852798811,0.9494837651480568,1.1377588503266831
100.91287628561994,3073912432152.1895,21429620949593.625,82155989.12563457,557850802.0918039,640006791.2174385,125917196.32272828,4.647953804745229e-05,104.07387424977699,96.4041999311151,0.061579209852574326,0.012115311216706684,0.012910318424214974,0.926305478930719,0.9505361013641324,1.1357353699941293
103.56302128215047,3212998488371.2764,22372557966234.758,81284695.08075276,549993021.1998234,631277716.2805761,128061046.83248079,4.729005610608405e-05,106.80703246768321,99.00361306892277,0.06073932886266578,0.012321584997304343,0.01311838702070252,0.9269390861400298,0.9515822561346385,1.1337112841736225
106.28276362602813,3358095210140.554,23351599747607.293,80594788.92268816,542156853.7102269,622751642.632915,129898898.31204915,4.8104506512280325e-05,109.61196810233275,101.67415473954776,0.05991897994516586,0.012498416623923371,0.013295041977546093,0.9275826034309108,0.9525794366787576,1.131738793693506
109.0739310628153,3509500988965.0957,24367975202763.5,79754620.45694534,534358712.6161836,614113333.0731289,131754108.42798376,4.8922896568038165e-05,112.49056615164487,104.41770873599332,0.05908783208165382,0.012676918437681381,0.013473009351901063,0.9282352494806648,0.9535890863560276,1.1297456333334988
111.93839933780431,3667215463973.6387,25422977222338.734,78824337.89118145,526614755.3566562,605439093.2478377,133550870.68525028,4.974474165771206e-05,115.44476111681368,107.2362895267752,0.058253227133951486,0.012849796603372297,0.013644640973141957,0.9288969762626762,0.9545965694694207,1.1277493397802525
114.87809345657162,3831481160755.032,26517968843525.555,78044583.9952542,518940654.3340413,596985238.3292955,135040773.98164856,5.057003801647072e-05,118.47653830234808,110.13188303764412,0.057439826849398475,0.012993149875568719,0.013784955322414926,0.9295670232750328,0.9555533230261702,1.1258080877932497
117.89498897863776,4002854735398.6016,27654389528893.66,77270777.89130478,511351354.5229897,588622132.4142945,136368745.46865046,5.1399327321981504e-05,121.58793515025427,113.10643732737506,0.05663515811583782,0.013120922636730785,0.01390864070206883,0.9302439192474314,0.956485764520893,1.123892179951574
120.99111334510074,4181346102849.795,28833761424037.21,76354267.44328746,503860822.0993835,580215089.542671,137671593.63801885,5.223227200836023e-05,124.78104260925608,116.16209904706115,0.0558262619223357,0.013246278120342084,0.014029492228105685,0.9309274599573222,0.9574200161980063,1.1219710632285196
124.16854724113438,4366983944546.895,30057695433519.305,75396875.9496696,496481788.79712903,571878664.7467986,138838544.359141,5.30686424855929e-05,128.0580065399721,119.30105194239275,0.05502416035252467,0.01335855802788322,0.014136401659609254,0.9316172816195921,0.9583343976753586,1.120070572490133
127.42942599426989,4559993667496.371,31327896929408.125,74328882.99386537,489225497.4309907,563554380.4248561,139936717.12327683,5.3908578444454654e-05,131.42102915699718,122.52547517733221,0.0542232268965557,0.013464220361510126,0.014236150373337067,0.9323125527419341,0.9592409934649544,1.1181774717713113
130.7759410093968,4760859561458.77,32646170882849.11,73665713.4636443,482101454.66605234,555767168.1296966,140454688.40377784,5.475263865609261e-05,134.87237050885338,125.83753659654374,0.053473968628252024,0.013514057742327452,0.014277534155867086,0.9330119736294206,0.9600400891140755,1.1164092192283988
134.2103412414515,4970532311259.813,34014426187726.535,73031972.46475407,475117197.62562805,548149170.0903821,140781060.70296443,5.560204564238876e-05,138.41434999680897,129.2393538707046,0.05274099156245075,0.013545460140829267,0.014299637184946645,0.93371354829672,0.9608044685783785,1.1146828651708054
137.73493470677903,5189875672322.229,35434678927730.734,72725291.16991553,468278081.2664718,541003372.4363873,140629497.31270278,5.645782968697352e-05,142.04934793358223,132.7331373035305,0.05205344796238622,0.013530877242736676,0.01427388201755892,0.9344156747948771,0.9614774292803505,1.1130656780870045
141.3520900341874,5420443381605.254,36909054325323.984,72382651.39712352,461587093.5724519,533969744.9695754,140385552.7183435,5.732189707112312e-05,145.77980714298099,136.32101515983925,0.05137669698451029,0.013507405749035998,0.014238956291816332,0.9351158972664537,0.9621307087645257,1.1114770080899739
145.06423805673495,5660733274498.08,38439787104403.94,71484155.71801674,455044705.491568,526528861.2095848,140543764.21274763,5.819196562034188e-05,149.6082346015513,140.00587100200048,0.05066076123377635,0.013522628304403683,0.014244253004835138,0.93581661046182,0.9628618670706273,1.1098013866684617
148.87387344531967,5910597638533.576,40029219999039.125,70584186.18073109,448648762.14269435,519232948.3234254,140552021.5624225,5.906775339280553e-05,153.53720312333706,143.7903241677988,0.0499587740723147,0.013523422797642556,0.01423456417318876,0.9365178031300427,0.9635646487253278,1.108161618299962
152.78355638517135,6170219198967.4,41679800149488.56,69558947.47560608,442394421.1387608,511953368.6143669,140544376.25229275,5.9949446400662574e-05,157.56935308888717,147.67698434357513,0.049258358431896354,0.013522687192703157,0.014223303788818531,0.9372189543754005,0.9642643287608067,1.1065290897915485
156.79591429636886,6440250277552.541,43394073144583.09,68845742.22253583,436274142.9214032,505119885.1439391,140102178.65050715,6.083779971672967e-05,161.70739421966576,151.6684366548353,0.04860086460773065,0.013480140489620738,0.014168754193856577,0.9379189949026486,0.9648792758818902,1.1049985041585753
160.91364359954383,6721730611234.498,45174674496998.89,68172768.9140482,430277736.80832887,498450505.72237706,139521562.58181977,6.173395209282412e-05,165.95410739906526,155.76727407743354,0.047959160299866084,0.013424275646890764,0.014100524984956564,0.9386165640532431,0.9654651153470246,1.103507272520338
165.13951152795224,7015752768970.301,47024318375263.92,67750347.57111594,424392465.07034636,492142812.6414623,138617047.369712,6.263896753512681e-05,170.31234654123918,159.9761749519006,0.0473522561837763,0.013337246364036942,0.014000186795813,0.9393104974521868,0.9659849901802607,1.1020985876707947
169.4763579871356,7323875693796.092,48945783463609.73,67195851.28040524,418603205.8517686,485799057.13217384,137801029.36572033,6.355428486445004e-05,174.78504050901537,164.29783071858776,0.046741882267248305,0.013258731972313543,0.013908858184023,0.9399993857604382,0.9665168497050652,1.100684879642616
173.9270974634203,7644230236155.773,50941895877939.59,66235236.20864312,412892674.2125904,479127910.42123353,137339908.92455816,6.447735403912418e-05,179.3751950821774,168.7356679443588,0.046100007916995145,0.013214364579961935,0.013852987409200093,0.940685627503043,0.9671143566629669,1.0992023824653208
178.4947209825355,7976761942587.184,53015509133151.36,65269207.00815462,407241699.09701127,472510906.1051659,136849426.36782295,6.54077338788786e-05,184.0858949774341,173.29284414589287,0.045463342958175855,0.01316717206778129,0.013794307395786432,0.9413694849740428,0.9677038291096054,1.097734779562907
183.18229811967046,8321280264725.705,55169481233845.484,64131929.15949017,401629552.7085932,465761481.86808336,136511882.6019013,6.634477217252735e-05,188.92030592144,177.97263267241553,0.04481393701876583,0.013134694789912756,0.013750928011782352,0.9420513681913214,0.968320757771147,1.0962413346816007
187.9929790623165,8678759033147.801,57406649047268.43,63324991.570437886,396034327.66443586,459359319.2348738,135853729.13954878,6.72889296830582e-05,193.88167677825388,182.77820635663497,0.0441979433735253,0.013071369570978267,0.013675812350848006,0.9427306870554965,0.968873426197453,1.0948265266308101
192.92999672728482,9050471294757.06,59729800214655.72,62536144.05308544,390433356.43686295,452969500.4899484,135216250.4160484,6.824075186921071e-05,198.9733417326702,187.7128093761927,0.04358313741394292,0.013010033602939073,0.01360289023738166,0.943406828983118,0.9694268961889961,1.0934172460610199
197.99666893332068,9437293412654.441,62141642965498.29,61817955.96737085,384803666.9422433,446621622.90961415,134570340.587848,6.920014925773847e-05,204.19872253088812,192.77987824143335,0.04297236688618918,0.012947886423561596,0.013529271230585062,0.9440797466902492,0.9699755195373724,1.0920198822788865
203.1964006307723,9840016459159.645,64644774319000.7,61050976.53076705,379122467.60269475,440173444.13346183,134056331.26889586,7.016673457614087e-05,209.56133078002262,197.98298846402167,0.04235194572898822,0.01289843024879551,0.013468862794917024,0.9447496240222163,0.9705464845198073,1.0906036112359767
208.53268618981758,10258494064942.77,67241647287548.516,60220064.92943157,373367654.6109355,433587719.54036707,133701259.93940765,7.11390450926092e-05,215.06477030800804,203.3259852399662,0.04171829039545964,0.012864266530204968,0.01342430561000036,0.9454174430743354,0.9711459761347454,1.0891604786819347
214.00911174878036,10693527633432.035,69934537835803.62,59471803.16515219,367518333.2265055,426990136.3916577,133375942.84264028,7.211633535042902e-05,220.71273958547252,208.8126900490828,0.041083494073281,0.012832965659580827,0.013382776894823345,0.9460835402671381,0.9717494715862998,1.0877177109310023
219.62935762412081,11146320734925.855,72725512490191.45,58779438.06582496,361555343.4376402,420334781.5034652,133124251.95399618,7.309798721269136e-05,226.50903421121953,214.4470004900865,0.04044313915685305,0.01280874884459936,0.013348608474691662,0.9467481119985476,0.9723656096877463,1.0862654383163013
225.39720078371317,11616823414579.06,75616397626037.58,57894904.60764392,355461777.96532094,413356682.57296485,133199737.06786352,7.40820624974975e-05,232.45754946297825,220.23313166367728,0.039771730940081,0.012816011757636173,0.01334683863263397,0.9474122573022828,0.9730442808175551,1.0847468469651713
231.31651738507801,12105112183952.629,78608751565815.03,57102906.51793896,349223477.1866287,406326383.7045677,133321529.763013,7.50665911015973e-05,238.56228291514373,226.17540623462187,0.03909530022827584,0.012827730223808781,0.013349638342757802,0.9480769695479154,0.9737324299955329,1.083220246227451
237.39128538027302,12612645302903.91,81703840676447.88,56433359.84480642,342829481.136129,399262840.98093545,133468435.57408494,7.605057707244614e-05,244.82733712526326,232.27809110443434,0.03841567090925914,0.012841864985959277,0.013354902526440239,0.9487424641047816,0.9744261940767002,1.0816897409327217
243.62558718919027,13140459266799.578,84902620623439.8,55536236.23356351,336272413.64963263,391808649.8831961,133992189.57318729,7.703245181721726e-05,251.25692239107212,238.54565540724596,0.037698454773137026,0.012892258759688613,0.013397316905117572,0.9494092864671744,0.9751938039865515,1.0800791720726803
250.0236124430624,13686177655253.936,88205723786755.1,54502261.10759115,329548768.7196877,384051029.82727885,134782151.00969863,7.800785126263012e-05,257.85535957993727,244.98314013420665,0.036952043766355115,0.012968266079832572,0.013465857017702183,0.9500796901538123,0.9760162223134775,1.0784075745374455
256.5896608000144,14250484726329.078,91613453530486.92,53490818.962700814,322659065.5125954,376149884.47529626,135673198.23302293,7.897480601634844e-05,264.62708303260393,251.59530459912415,0.036191823258725955,0.013053999520018834,0.013544188392503197,0.9507541772212552,0.9768621762612929,1.0767092983543514
263.32814483455905,14832937586581.928,95125785518481.94,52390302.37196831,315607838.006445,367998140.3784133,136762236.84070486,7.993041773766158e-05,271.57664354320116,258.387177856675,0.03540749101835775,0.013158782997132308,0.013641805088269393,0.9514337259845099,0.9777512919787746,1.0749618695711505
270.2435930029753,15434238144186.037,98742375578495.4,51357686.4239737,308403429.91214734,359761116.336121,137880249.02214444,8.08726038572704e-05,278.7087114175083,265.3637738612405,0.03461495344059838,0.013266354209943411,0.013742034079794617,0.9521186923494582,0.978651400769345,1.073200549759409
277.34065268656025,16055677001186.902,102462572776446.89,50450251.44123976,301057577.4462933,351507828.88753307,138957474.8514266,8.179963586429359e-05,286.02807961153366,272.53017079359836,0.033820851054898,0.013370001102929963,0.013838014531288174,0.9528091478421721,0.979549150048032,1.0714399850270557
284.62409331480603,16698448796870.035,106285435465804.31,49537289.08970773,293584783.02021265,343122072.1099204,140109178.58316314,8.270965695931724e-05,293.5396669525218,279.89159387488974,0.03301400293474138,0.013480813998602037,0.013941064337555514,0.9535051830666565,0.9804668110638606,1.0696557856170423
292.0988095705923,17362585541447.297,110209747289399.75,48518797.2509224,286001511.99548286,334520309.24640524,141414040.60276276,8.360002060597436e-05,301.2485214445458,287.45352781903597,0.03218637146622698,0.013606363247822863,0.014058867168915933,0.9542072652859501,0.9814199917815959,1.0678306459744207
299.7698246795569,18047190018682.63,114234029662527.72,47530330.53351223,278325280.13452846,325855610.6680407,142712242.77001607,8.446756038686707e-05,309.1598236609141,295.2216756957218,0.03135268454385628,0.013731271709397606,0.014175718540995948,0.9549160437467461,0.9823785871655413,1.0659968523285446
307.6422937858468,18753999706897.18,118356547428778.55,46573095.77909411,270573736.1934189,317146831.972513,143989042.21199918,8.53108948366611e-05,317.27889022566353,303.2015820871273,0.030514756387138752,0.013854120875775928,0.014290182307620776,0.9556311227370853,0.9833393644886372,1.064158430016487
315.7215074165251,19482767578725.758,122575305412643.0,45563486.04500428,262763874.1809851,308327360.22598934,145308847.43383378,8.612741760686989e-05,325.6111773864856,311.399133319316,0.029666177733098317,0.013981107907531135,0.014408554650675124,0.9563527143593705,0.9843149301744328,1.062301592645815
324.0128950369595,20233082392218.95,126888035655286.81,44544385.34651743,254911522.7089252,299455908.05544263,146611563.88218683,8.691453207210673e-05,334.16228468148404,319.82035740433696,0.028812597704880195,0.014106450717408098,0.014524952325443671,0.9570809515777117,0.9852938530125279,1.060438664100833
332.5220286995775,21007196167517.02,131292178163383.31,43682286.4587968,247031243.6200627,290713530.0788595,147723678.06042308,8.767128498971936e-05,342.93795870222397,328.4711582300838,0.027971436743124654,0.014213454445026929,0.014622465822818396,0.9578151088118484,0.9862420177019023,1.0586071314950956
341.2546267884497,21807093129846.652,135784861658822.66,42913437.09965384,239136720.2751131,282050157.37476695,148701615.16900057,8.8396520105792e-05,351.9440969556099,337.3576240990529,0.027137877391728443,0.014307548125372351,0.014706655540266487,0.9585545744828992,0.9871696707336439,1.0567964653528248
350.2165578622072,22632051000925.82,140362894335634.03,41776387.66977036,231241625.5407235,273018013.21049386,149992258.79304028,8.908757464508103e-05,361.1867518271797,346.4862467862372,0.02626883614319345,0.0144317293304162,0.014821061362824451,0.9592994345263903,0.9881628931872228,1.0549145198434566
359.4138445978835,23478714938618.664,145022776891880.8,40813958.92633313,223360839.07883883,264174798.00517195,151031825.9647051,8.974052841386902e-05,370.67213464848294,355.8638845015836,0.025417972976782166,0.014531752839382446,0.01491075398113847,0.9600502741838354,0.9891137798626003,1.0530761371935011
368.85266783832907,24349380609206.695,149760749793756.97,39811991.64849945,215511754.23107138,255323745.87957084,152026807.0529136,9.03547078668777e-05,380.4066198712769,365.4970228397984,0.02456635576937461,0.01462748643169884,0.014995880568827714,0.9608061577989265,0.9900611306623243,1.0512408084515108
378.53937074591414,25242421596740.46,154572882670745.53,38730088.39040281,207715309.861866,246445398.2522688,152997466.55775958,9.092750420184436e-05,390.3967493513403,375.39263413993416,0.0237121122844801,0.014720879886525477,0.015078421100738872,0.9615670078289944,0.9910087676020454,1.0494045655773543
388.4804630653201,26157081412111.723,159455205375355.3,37712123.457095265,199996341.6745608,237708465.13165605,153779560.77432668,9.145705506809397e-05,400.6492367447921,385.55773936803075,0.022871475207678627,0.014796130250345613,0.015142460664005668,0.9623323945419757,0.991924655042667,1.047601735908895
398.6826254982735,27096946417856.016,164403868140296.62,36793046.623907685,192382906.30020595,229175952.92411363,154324722.94765133,9.194391458802391e-05,411.17097201986024,395.99913705555673,0.02205050679451784,0.014848583843550436,0.015183385181662465,0.9631009093619317,0.9927980770490327,1.0458448923793353
409.1527141931739,28061613519097.047,169415304496540.2,35801209.074412555,184904407.1737927,220705616.24820524,154781979.77972454,9.238693906097914e-05,421.96902608714237,406.724086837265,0.021235520693049254,0.014892579492979714,0.01521569264908851,0.963871899813971,0.9936570587999305,1.0441049595089642
419.89776535262126,29048811552970.62,174486358718970.44,34776329.911220744,177588629.19006735,212364959.10128808,155088606.0405389,9.278453076040363e-05,433.0506555514598,417.7401089617832,0.02043301190125756,0.014922081996890775,0.015233345119003334,0.9646449061018516,0.9944890700956333,1.0423954578400463
430.924999961949,30061605806515.055,179614333954009.9,33951665.21946387,170458115.22174197,204409780.44120586,155004513.43550938,9.31379301566105e-05,444.4233075885071,429.05444591251126,0.019667592498141425,0.01491399090122863,0.015213197877680438,0.96541841660063,0.9952463984030872,1.0407677013163923
442.2418286419365,31102548731724.062,184796921894011.16,33118032.7575869,163526602.7682723,196644635.5258592,154739435.79193756,9.344830633461705e-05,456.09462494957137,440.67454752786074,0.018920457475764256,0.014888486059616428,0.015175615650194475,0.9661910564646193,0.9959680285838522,1.0391819374687985
453.8558566289571,32170977846846.68,190031991887007.25,32196214.98425041,156796379.69254184,188992594.67679226,154378788.75231278,9.37155350873051e-05,468.07245109767825,452.60827776650297,0.01818420493014857,0.014853785865742673,0.015128892751909638,0.9669620092041088,0.9966695809355941,1.0376225107797166
465.7748888859215,33264498613919.617,195317245067696.7,31369958.345152516,150257330.36640692,181627288.71155944,153754538.73185858,9.393882954301461e-05,480.3648354786308,464.8638159173852,0.01747554100988183,0.014793722717136235,0.015056849304639065,0.9677307362729819,0.9973181817072544,1.036123988004822
478.0069353474347,34388067508064.004,200649771473063.88,30599509.55384141,143888103.34181398,174487612.8956554,152943178.01381338,9.412029113890121e-05,492.9800389304658,477.44907605652264,0.016788586431617774,0.014715656433140092,0.01496693003159144,0.9684957571352422,0.9979270700015224,1.03467385229163
490.5602163027058,35542465401072.95,206025575729842.8,29850118.43584016,137659304.6345802,167509423.07042035,152015659.39696494,9.425986799841942e-05,505.9265392349783,490.3725445259546,0.016117169469272986,0.014626413843322517,0.01486601187606122,0.9692564166874045,0.9985092443740495,1.033259067522077
503.4431679198213,36724256562298.01,211439149832242.5,28964149.293275975,131538065.65378505,160502214.94706103,151162018.84124228,9.435544442243527e-05,519.2130368150368,503.6432708639669,0.015442960468008799,0.014544279541560625,0.014772409273996194,0.9700127599904306,0.9991013190735519,1.031841570094585
516.664447915091,37935170434969.78,216883163812724.56,28201800.322195426,125492964.69324327,153694765.01543868,150158314.92492634,9.440647200376685e-05,532.8484605815169,517.2702744751157,0.014787971499684171,0.01444770666930235,0.014664565851164614,0.9707643218310135,0.9996597351696183,1.0304667756671848
530.232941371288,39176310923622.586,222348319139914.97,27430015.332631852,119498279.26070563,146928294.59333748,149165505.04274207,9.441164514862575e-05,546.8419739337904,531.2629341972128,0.014136925436108503,0.01435218198281826,0.014557987161824801,0.9715108925810733,1.0002152565467097,1.0291030161509658
544.1577667086768,40445824991274.45,227823377641640.7,26574460.922178254,113536958.48787689,140111419.41005516,148272660.25519812,9.43681976537501e-05,561.2029809177924,545.6311105324961,0.013481029603110177,0.014266275587304299,0.014461227827747484,0.9722526948095855,1.0007852459841942,1.027732168270251
558.4482818128606,41743239041159.56,233295358228637.88,25852682.640731856,107602351.71531528,133455034.35604714,147267873.30522758,9.427365815508377e-05,575.9411325458152,560.3848622976003,0.012840575567738793,0.014169598509344445,0.014353910988079475,0.9729898259229167,1.0013290229416056,1.0263958721960484
573.1140903235471,43071996936766.11,238749896547718.47,25127100.502163768,101699220.1583409,126826320.66050467,146286874.98668918,9.412680486187824e-05,591.0663332822646,575.5342955668765,0.012202783973474659,0.014075210290107916,0.014249088843078855,0.9737220057364174,1.0018724263166332,1.0250677988491996
588.1650480884733,44431557703973.35,244171781257610.7,24382568.002849765,95844464.00997806,120227032.01282781,145327093.59177238,9.392513170855156e-05,606.5887476997482,591.0899884434372,0.01156782355416414,0.013982863488884525,0.01414650779496428,0.9744493129569514,1.0024150399347203,1.023748249567138
603.6112697868235,45818063615107.516,249545681547592.8,23615535.92458462,90067173.64659828,113682709.5711829,144360618.22039938,9.366547086713491e-05,622.5188073099641,607.0628951681175,0.010938151790509294,0.01388987261671282,0.01404348235841652,0.9751719755927779,1.0029517208262035,1.0224421857302763
619.4631357265812,47234873441431.7,254857019281484.62,22904427.915318035,84406513.80283402,107310941.71815205,143275901.0434905,9.334762607662736e-05,638.8672175739747,623.4637535873699,0.01032508262446607,0.013785504932519186,0.013929326378278062,0.9758894124430147,1.0034604223080532,1.0211725818663684
635.7312988204014,48680459244621.19,260092799693071.34,22152159.688097753,78905614.89044246,101057774.5785402,142130494.67194495,9.29706275290104e-05,655.6449650965907,640.303710335815,0.009723424803303113,0.013675297946768755,0.013809574304080105,0.9766012772499282,1.0039518731434656,1.0199287118363187
652.4266917446729,50149727223086.25,265242055460058.38,21398438.200143583,73601111.80886246,94999550.00900605,140851090.74934778,9.253335905816726e-05,672.8633250096838,657.5942247259549,0.009140523672845234,0.013552198186395975,0.013677215094748117,0.9773072781407588,1.0044116745135507,1.0187253539805845
669.5605342865933,51650270527825.78,270295521076806.8,20779460.738790948,68511214.94626397,89290675.68505491,139297196.64557946,9.203914582085584e-05,690.5338685494027,675.346319303687,0.008591235798340282,0.01340268794303964,0.013518831411413098,0.9780060762586201,1.0048114521446994,1.0175924375461332
687.1443408841945,53184438339532.71,275244384833700.56,20165973.15728253,63628381.763934374,83794354.9212169,137614733.15842387,9.14898602657411e-05,708.6684708323813,693.5715602094372,0.008062399082264792,0.013240807204324714,0.013348427554388897,0.9786967937134105,1.0051784081220598,1.0165030436705373
705.1899283643725,54752141922948.69,280078468268858.0,19531427.29418826,58922728.47915789,78454155.77334616,135866031.25838622,9.088636361990034e-05,727.2793188361559,712.2819923080725,0.007548583840780036,0.01307255323772668,0.013171983056175555,0.9793788629214932,1.0055239693969467,1.01544602896638
723.7094238841424,56350278903399.08,284784701699379.7,18922946.249186657,54357332.821672864,73280279.07085952,134042931.94760391,9.02280769834297e-05,746.378919589172,731.4902181533799,0.00705077156193263,0.01289714101307326,0.012988721521402227,0.9800520874249941,1.0058463694511406,1.0144232379823117
742.7152730804344,57980317706825.33,289346858432253.56,18314846.694248594,49908347.07359896,68223193.76784755,132198248.55308731,8.95150554271646e-05,765.9801085758642,751.2090641424535,0.006564196542120467,0.012719652043547773,0.012803698033908309,0.9807161514143318,1.0061554555014274,1.0134249353358549
762.2202484339264,59640390192487.72,293746879440280.25,17686961.15571998,45577211.09549544,63264172.25121542,130351302.08729684,8.874626680625198e-05,786.0960583624782,771.4518731576655,0.0060870568760628095,0.012541945329237704,0.012618756417254715,0.9813709977946995,1.006454888453175,1.0124473946577823
782.2374578525163,61326711317283.13,297966990381937.0,17075896.31232217,41385253.322367266,58461149.634689435,128444536.74702413,8.792060541894204e-05,806.7402874494123,792.2323461532999,0.005624926877305923,0.012358483052525116,0.0124283918478719,0.982016590070169,1.0067335561752193,1.0115017316254553
802.7803534802174,63044669453945.09,301990986416537.6,16520216.751998713,37352835.85442684,53873052.60642555,126425376.9477337,8.703986851566933e-05,827.9266693560425,813.5640600811224,0.005183476265211643,0.012164206574974202,0.01222758798708605,0.9826523171598142,1.0069807303097627,1.0105992171669094
823.8627407373912,64794427673257.95,305803380451033.9,15969749.474133316,33477812.49931936,49447561.97345267,124349827.60523252,8.610485869373794e-05,849.6694419441316,835.4611203648346,0.004757671070441682,0.0119645044932539,0.012021699786545884,0.9832778244363044,1.0072068334228121,1.0097296091884402
845.4987875983828,66575064008207.46,309386618929468.9,15411600.116882531,29730112.748021387,45141712.86490392,122263020.67025799,8.511581659249317e-05,871.9832169860782,857.9380990684924,0.004343377363738247,0.011763719245450263,0.011815036407132747,0.9838929033908115,1.007420341881712,1.0088845143668261
867.7030341128177,68383499331680.21,312718157638802.25,14859825.384158665,26066812.585171185,40926637.96932985,120193094.5443968,8.407161597108366e-05,894.8829899844586,881.010177537753,0.003937817633590494,0.011564558209922396,0.011610277364860621,0.9844976241564871,1.007626740576332,1.0080582847294102
890.490402176928,70218492315260.38,315769392278970.2,14303392.45942244,22455015.662014723,36758408.12143716,118182220.86033812,8.297057590211805e-05,918.3841502494303,904.6930224557034,0.003536765169711336,0.011371078993331398,0.01141143857180847,0.9850921558369573,1.00783431382362,1.0072423982522578
913.8762055615059,72076247148202.72,318506973145007.75,13719808.304175755,18885254.398522444,32605062.7026982,116258692.23812222,8.180990460085806e-05,942.5024912408007,929.0028879597012,0.003137144833426714,0.011186003812395352,0.011221206361958586,0.9856768513541779,1.0080488589789687,1.006430663877464
937.8761602031947,73951690063142.98,320895502463774.2,13169627.306894302,15371965.006424759,28541592.31331906,114343917.36535108,8.058667403233386e-05,967.2542211816843,953.9564654333127,0.0027461719574025166,0.011001770886543864,0.011032066839129672,0.9862520571560536,1.0082555989291413,1.005637444034279
962.5063947660555,75848660784765.05,322900875107946.2,12634974.452788217,11952861.592004694,24587836.044792913,112419262.9824202,7.930055763839696e-05,992.6559739508992,979.5704426413186,0.0023657553894745904,0.010816587388858273,0.01084223747058828,0.9868176572216671,1.0084508319993837,1.0048664804824967
987.7834614804991,77762309052804.17,324494795817075.0,12075112.168992113,8691796.162752718,20766908.33174483,110462251.97933786,7.795099218002386e-05,1018.7248202614182,1005.8619832378021,0.0019981191195129386,0.010628290650610597,0.010649569759561765,0.9873735902298765,1.0086301715310977,1.0041221285091764
1013.7243472668572,79680213849942.44,325660068586689.0,11485236.762110338,5667837.095458729,17153073.85756907,108400806.16910589,7.653843232771152e-05,1045.4782791323746,1032.848531215879,0.0016504086350125776,0.010429945561324105,0.010447187690099441,0.9879196458036633,1.0087795369263115,1.003418523676096
1040.3464851510926,81613000268060.38,326392966511526.2,11017282.23679506,2939658.597612703,13956940.834407764,106037363.76365781,7.507030570131e-05,1072.93432966236,1060.546840028887,0.0013428879198407817,0.010202543418320727,0.01021626271410542,0.9884545686618385,1.00885965549848,1.0027958594199904
1067.6677659802892,83563905714720.84,326699257084954.6,10546361.924754709,515850.8914268948,11062212.816181604,103499734.95179494,7.355396129914611e-05,1101.1114231118888,1088.974148265569,0.0010643673376429061,0.009958381669917417,0.009968992339753064,0.9889772509924397,1.0088940143322744,1.0022317407388606
1095.7065504458233,85526136291843.53,326587125796641.75,10038488.663579095,-1630399.790985236,8408088.87259386,100856189.53452012,7.199494543951588e-05,1130.0284953031849,1118.1484765399348,0.0008089968360486433,0.009704028997041057,0.009711885881991653,0.9894869741669103,1.0088950321609924,1.0017144416545276
1124.4816814222816,87497846200306.19,326064170558987.6,9611498.040348986,-3523590.2883684617,6087907.7519805245,98020547.39454506,7.039923403556929e-05,1159.7049793456035,1148.0882718648875,0.0005857571422159435,0.00943119345091792,0.009436721077688276,0.9899830494068661,1.008845436308702,1.0012617084852193
1154.0124966304113,89484356884233.05,325138569297049.25,9185972.713892983,-5183496.701619925,4002476.0122730583,95099523.2912686,6.877371345724223e-05,1190.1608186952374,1178.8123413639112,0.000385104210880039,0.009150142751599671,0.009153667867640497,0.9904647530375202,1.0087650385407196,1.0008545148009966
1184.318841632637,91481455067473.08,323815784143803.94,8754218.97526158,-6665038.054246455,2089180.9210151248,92158765.06232277,6.71228023274429e-05,1221.416480557503,1210.3404231173058,0.00020101366441825267,0.008867193303889177,0.008868976089272519,0.9909317930316925,1.008666179639471,1.000480845140357
1215.4210831698433,93485485766169.34,322085325264097.1,8347334.5347399535,-8084148.906472844,263185.6282671094,89281874.44246605,6.544823584001783e-05,1253.492969641688,1242.693235506821,2.5322798532204633e-05,0.008590388973631888,0.008590606511829857,0.9913842882278359,1.0085650661750998,1.0001244552257142
1247.340122848424,95493771170878.69,319906420997133.9,7919029.879067026,-9565408.645837646,-1646378.76677062,86632309.6199023,6.37472530158001e-05,1286.411842276732,1275.8927904556622,-0.00015840879341754728,0.008335457134680167,0.00833413693410426,0.9918229516587374,1.0084938659280975,0.9997526983387034
1280.0974111867579,97495601992829.81,317215911920242.4,7472834.370204083,-11108975.397438869,-3636141.027234786,84194420.44477981,6.20130009177546e-05,1320.1952208976943,1309.9623412146716,-0.00034985674283817677,0.008100891984478217,0.008098058823994742,0.99224896475836,1.0084507487273164,0.9993661905347373
1313.7149620305813,99472252770401.98,313971202673922.5,6962138.276752887,-12525573.353361908,-5563435.076609021,81817668.00360383,6.024134362376338e-05,1354.8658089126761,1344.9252736680883,-0.0005352942199753725,0.007872209196496565,0.007867997502910477,0.9926630850234788,1.0084075034164721,0.9989921135577405
1348.2153673469334,101427547773580.56,310190946238877.4,6595825.981607447,-13605620.106214374,-7009794.124606927,79091733.11882477,5.844068268748257e-05,1390.44690596017,1380.803501098537,-0.0006744578172387853,0.00760992929788025,0.0076048001809496685,0.9930645285193586,1.008284387115119,0.9987102062125387
1383.621812406603,103375085742560.9,305936958782082.1,6225308.888510805,-14339063.205815684,-8113754.317304879,76170292.15432726,5.662611920273273e-05,1426.962423567082,1417.6184431735744,-0.0007806769969536134,0.007328838489636656,0.007323121497137944,0.993451838507317,1.0081095154865902,0.9984940198201074
1419.9580913653124,105304304343980.27,301260417952413.1,5822582.94145327,-14854991.00980832,-9032408.06835505,73216701.6688023,5.480672350934571e-05,1464.4369012179823,1455.3931426642616,-0.0008690666404606207,0.007044654367182687,0.0070385374091227835,0.9938244122732779,1.0079137210076434,0.9983135873891386
1457.2486232540682,107208226071603.05,296183489219198.1,5484455.8512866665,-15252233.243902925,-9767777.392616259,70233576.17936307,5.298744699877702e-05,1502.8955228463374,1494.1519664658272,-0.0009398212989411773,0.006757628490189561,0.006751283490170309,0.9941821928087516,1.0076974497891307,0.9981685002271129
1495.5184683894615,109093492316146.1,290704022786469.0,5139639.505253635,-15615844.534019105,-10476205.02876547,67375470.06052564,5.117148073095614e-05,1542.3641337588472,1533.9202333222845,-0.001007983722637982,0.006482631538769678,0.006476103731622088,0.9945253521838683,1.0074906152614076,0.9980289338100485
1534.7933452149305,110947808847587.1,284795489631859.5,4778091.984124164,-15979819.772821233,-11201727.788697068,64678339.398403496,4.935638418423206e-05,1582.8692580042434,1574.7248699973456,-0.0010777909792167141,0.006223123081481753,0.0062164230767666195,0.9948546678977349,1.0073009140606985,0.9978864601809118
1575.0996475842874,112750882572087.42,278448193307657.06,4412688.7629015315,-16222133.246440308,-11809444.483538777,62001141.39615227,4.754112561197247e-05,1624.4381161982074,1616.5932673571074,-0.0011362633491917014,0.00596553247485097,0.005958761752265306,0.9951707308743407,1.0071017958240425,0.9977667682716582
1616.4644624991656,114515689641873.31,271701729878775.0,4100192.8254491254,-16293295.589192078,-12193102.763742952,59242023.194392264,4.573465116118486e-05,1667.0986438164232,1659.5518846570317,-0.0011731776039661387,0.005700059793801695,0.005693380447369982,0.9954731178101645,1.0068732373977678,0.9976901070865134
1658.915588312255,116235990500405.56,264569932858477.03,3776621.5877624084,-16374823.310300691,-12598201.722538283,56644077.15766071,4.393990172980572e-05,1710.879509968016,1703.62890572325,-0.0012121548056724905,0.005450094533468693,0.005443496173422419,0.9957620602722038,1.0066622493391413,0.9976096520537177
1702.481553408613,117889333490547.03,257008055582269.88,3409103.402519265,-16482525.066722997,-13073421.664203731,54245018.671064734,4.21511739976754e-05,1755.8101366620313,1748.854693680189,-0.0012578788025355216,0.005219265535992475,0.005212708580365439,0.9960386132665431,1.0064771443385279,0.9975160860605256
1747.191635377553,119469003147146.06,249033585740977.8,3120349.606182338,-16391893.202922825,-13271543.596740486,51696164.09723746,4.037194525946312e-05,1801.9207185798687,1795.2588694144401,-0.0012769414003508835,0.004974023684125814,0.004967680247554007,0.996302917716225,1.0062509650844766,0.9974756161726587
1793.075880688036,120990035817388.8,240726162599492.12,2839585.1410008967,-16170041.96014585,-13330456.819144953,49141811.3124322,3.8614370863075174e-05,1849.2422433669844,1842.8704147950773,-0.0012826098240853179,0.004728252813673299,0.004722196078591641,0.9965543570104121,1.0060108626377586,0.9974619497286757
1840.1651248807746,122436197535773.7,232077523381167.06,2531888.674245953,-16023364.361224283,-13491475.686978329,46816431.68263014,3.6877029201302725e-05,1897.806512457494,1891.7213658382434,-0.0012981024950828772,0.004504512937510277,0.004498673198606603,0.9967935895575726,1.0058026154325932,0.9974290275137488
1888.491013290594,123783491147493.05,223057640647779.38,2253818.0659541944,-15821571.065905169,-13567752.999950975,44524183.45817211,3.5155667354016745e-05,1947.6461624456392,1941.8450609203778,-0.0013054416307404818,0.004283960849024493,0.004278375679300786,0.997021480781716,1.0055894024797651,0.9974124775229043
1938.0860223130285,125048870374353.73,213707420491945.66,1990294.6493746531,-15560870.535924185,-13570575.886549532,42277813.07182601,3.3457539078981075e-05,1998.7946870185426,1993.273796772652,-0.0013057132389931254,0.004067822965293164,0.0040625184811287005,0.9972378902736999,1.0053735362042862,0.9974101406065614
1988.9834812293864,126210945837471.9,203967413068233.4,1708042.7617695783,-15500347.962320857,-13792305.200551279,40358929.824427456,3.177584457926657e-05,2051.28645946492,2046.0430687308171,-0.0013270472562953606,0.0038831947460372857,0.0038780483925581607,0.997443852510258,1.0052102420023328,0.9973661789667602
2041.217594604996,127233038288819.39,193713417336231.38,1395653.9308531107,-15483405.48559485,-14087751.55474174,38606827.84439777,3.0096982450257552e-05,2105.156755774931,2100.1903971779006,-0.0013554740687831853,0.003714613635661688,0.00370958538886115,0.9976408604331215,1.0050700877044447,0.9973082778303388
2094.823465275671,128104753046927.44,182954702228694.75,1102950.0713301257,-15483098.668178547,-14380148.59684842,36943243.72238935,2.8423375422821325e-05,2160.44177834667,2155.751584732707,-0.0013836074871519319,0.003554549403277999,0.0035496380974297157,0.9978290580838739,1.0049381568904299,0.9972510828525378
2149.8371179378155,128787240093242.88,171240701647552.0,743297.8450382308,-16764799.704399675,-16021501.859361444,36684851.10796917,2.6713809215511443e-05,2217.178680315213,2212.770585374926,-0.0015415327441671467,0.0035296877717358277,0.003524255017227975,0.9980118449724313,1.0050712205159031,0.9969364311794896
2206.2955233580824,129131639012681.95,157367218894047.38,0.0,-18999924.210574415,-18999924.210574415,37734577.26184459,2.4856437566204875e-05,2275.405590520617,2271.3039839026615,-0.0018281061016873943,0.0036306887423571983,0.00362406356963265,0.9981974173593302,1.0054587948440445,0.996366875450079
2264.2366232187783,129131639012681.95,141785752753389.53,0.0,-18730981.743788213,-18730981.743788213,35551655.66259098,2.2903125318696e-05,2335.161639131582,2331.3823521710588,-0.0018022294003339706,0.0034206556784947776,0.0034145019626701557,0.9983815737218392,1.0052228850788287,0.9964168789782915
2323.699355615791,129131639012681.95,126679280481483.72,0.0,-16492054.370218256,-16492054.370218256,31572331.788861725,2.1072633576973635e-05,2396.4869839420808,2393.00974980075,-0.0015868076571998477,0.0030377790852236276,0.003032966350993841,0.9985490285719762,1.0046245867424235,0.996843092455657
2384.7236812261017,129131639012681.95,112667724646383.77,0.0,-14672303.298607249,-14672303.298607249,28206396.161582146,1.940871413236483e-05,2459.422837358539,2456.2201696343614,-0.001411717588381953,0.0027139205587410763,0.002710094670428652,0.9986977970296409,1.0041256381471229,0.9971898564025042
2447.350610162521,129131639012681.95,99448561300042.84,0.0,-13158275.590897832,-13158275.590897832,25306039.801802367,1.787813004164853e-05,2524.01149409577,2521.0613908760233,-0.0012660431498993541,0.0024348584372495424,0.0024317796992192812,0.9988311847126499,1.003700901587149,0.9974786128337637
2511.622229533682,129131639012681.95,87031337889351.92,0.0,-11661931.349134013,-11661931.349134013,22569370.617164113,1.64742885592924e-05,2590.2963596002623,2587.5779068533257,-0.0011220701525191431,0.002171545721930779,0.0021691118262930193,0.9989505244305884,1.0032936158744499,0.9977643257033916
2577.5817317277747,129131639012681.95,75501918418946.66,0.0,-10232031.761981022,-10232031.761981022,20036004.420396253,1.519651781202511e-05,2658.3219792198674,2655.8143737811693,-0.000984490226878185,0.0019277941074089496,0.001925898079571648,0.9990566961194692,1.002912284334287,0.9980376252020021
2645.273443439103,129131639012681.95,64889274444403.17,0.0,-8907591.440476991,-8907591.440476991,17733461.48231886,1.4039694159553957e-05,2728.134068139593,2725.817352305897,-0.0008570572220815236,0.0017062514976677054,0.0017047903947477515,0.9991508057244138,1.0025633087197494,0.9982909880249531
2714.7428554568887,129131639012681.95,55198142508484.1,0.0,-7688833.887280617,-7688833.887280617,15650211.769646265,1.2997100698428523e-05,2799.779542103506,2797.634866540207,-0.0007397926427714711,0.0015058085133238144,0.0015046953507736997,0.9992339841294476,1.0022456011560952,0.9985243157428726
2786.0366532364023,129131639012681.95,46430856428678.38,0.0,-6569195.290130353,-6569195.290130353,13768792.85046317,1.2062146359744844e-05,2873.306548943479,2871.31615192041,-0.0006320649419422248,0.0013247849803944306,0.0013239481591780652,0.9993072799615478,1.0019568499223366,0.9987388182532104
2859.202748272954,129131639012681.95,38585976665903.18,0.0,-5547408.152904835,-5547408.152904835,12077794.89530636,1.122828432459275e-05,2948.7645009359385,2946.9117010255986,-0.0005337521655603031,0.0011620830850867328,0.00116146315161434,0.9993716690804736,1.001695835250647,0.9989346972947248
2934.2903102997802,129131639012681.95,31651553830290.406,0.0,-4625384.1153378235,-4625384.1153378235,10569463.720176168,1.0488593243702957e-05,3026.20410800832,3024.4733658878195,-0.0004450382448994721,0.0010169567469992262,0.0010165043636812807,0.9994280814979003,1.0014619949918988,0.9991115496980422
3011.3498003315535,129131639012681.95,25601929513646.344,0.0,-3804462.680593573,-3804462.680593573,9235868.535254013,9.835648717658554e-06,3105.677411817633,3104.054413277928,-0.0003660520622584539,0.0008886428933376271,0.0008883177228032543,0.9994774091689208,1.001254694955596,0.9992690861933209
3090.43300457562,129131639012681.95,20397849875653.03,0.0,-3084015.3955197483,-3084015.3955197483,8067559.540296902,9.261624941894288e-06,3187.237820723937,3185.7095429064298,-0.0002967331500780269,0.0007762322974496348,0.0007760020319222355,0.9995205008526284,1.0010729654475277,0.9994073995693616
3171.5930692338534,129131639012681.95,15987922905357.527,0.0,-2461333.320669658,-2461333.320669658,7053537.248702411,8.758468509260943e-06,3270.940145682327,3269.4948946359914,-0.00023682086370104864,0.0006786666272940021,0.0006785059429305709,0.999558154236407,1.0009154874909951,0.9995269866244038
3254.8845362184197,129131639012681.95,12310703787399.26,0.0,-1931738.317685719,-1931738.317685719,6181439.5077420585,8.318088342306542e-06,3356.840637077462,3355.4680539748883,-0.00018586508905436532,0.0005947564398717747,0.0005946459159556499,0.9995911086491825,1.000780621528926,0.9996287269061896
3340.3633798055293,129131639012681.95,9297294235164.703,0.0,-1488816.0801215959,-1488816.0801215959,5437838.248291425,7.932550262084573e-06,3444.997022525459,3443.688057772744,-0.00014324866405760855,0.0005232097334450424,0.0005231347950845246,0.9996200389306126,1.0006664583975027,0.9997138378123679
3428.0870442517808,129131639012681.95,6874174134586.033,0.0,-1124856.195521883,-1124856.195521883,4808722.981565783,7.594257256382201e-06,3535.4685456685347,3534.215403268773,-0.00010822971985382746,0.00046267846789790104,0.0004626283977560155,0.999645551251956,1.0005709081877516,0.9997837896749988
3518.11448239834,129131639012681.95,4965874680676.28,0.0,-831395.5041936176,-831395.5041936176,4280059.775051168,7.2960941954143166e-06,3628.3160059884203,3627.1120640254003,-7.999396088569293e-05,0.0004118123474410041,0.00041177940757518094,0.9996681816134447,1.0004918063083268,0.999840200808467
3610.506195288983,129131639012681.95,3497285021198.3633,0.0,-599688.3401132841,-599688.3401132841,3838250.1079993816,7.031529871934556e-06,3723.6017996654014,3722.4415139494668,-5.769990982710011e-05,0.0003693029700787336,0.00036928166256010303,0.9996883969397483,1.0004270028799058,0.9998847465206455
3705.324272828523,129131639012681.95,2395632646291.671,0.0,-421020.8906848079,-421020.8906848079,3470414.5706716953,6.79468400661416e-06,3821.3899615103323,3820.2687581675673,-4.050915417706762e-05,0.00033391112415589796,0.0003338975982466112,0.9997065980300212,1.000374420278333,0.9999190980929414
3802.632435509037,129131639012681.95,1592273763681.7153,0.0,-286905.5416993254,-286905.5416993254,3164545.591703124,6.580370768763161e-06,3921.746207997895,3920.660368877873,-2.760504545047378e-05,0.0003044814832493233,0.0003044730782561596,0.9997231235622012,1.0003320865286998,0.9999448848938765
3902.4960772318864,129131639012681.95,1024350603433.8773,0.0,-189237.90855479322,-189237.90855479322,2909616.4192625512,6.384124644945736e-06,4024.7379814299807,4023.6845252448848,-1.8207808171521113e-05,0.0002799530919530383,0.00027994799471365255,0.9997382547162185,1.0002981609001245,0.9999636637462379
4004.9823092542897,129131639012681.95,636227267360.3418,0.0,-120472.33234697487,-120472.33234697487,2695702.711517295,6.20220670229321e-06,4130.434495258841,4129.411057689064,-1.1591425492394535e-05,0.0002593710648865285,0.000259368058441004,0.9997522203606058,1.000270962490379,0.9999768848223273
4110.160005290058,129131639012681.95,380522491734.78784,0.0,-73817.00612531787,-73817.00612531787,2514117.012443586,6.031585617531514e-06,4238.906780600563,4237.911497530746,-7.102413557570167e-06,0.00024189952548580462,0.00024189780742753762,0.9997652028880718,1.0002490019390433,0.9999858538379377
4218.099847794691,129131639012681.95,218569980554.43396,0.0,-43410.24522010249,-43410.24522010249,2357517.854526652,5.869889870459608e-06,4350.227733970009,4349.259132613711,-4.176781616762892e-06,0.0002268321034827355,0.00022683115605853278,0.9997773446781341,1.0002310088850996,0.9999916979410487
4328.874375466069,129131639012681.95,120237054657.33354,0.0,-24431.763235010272,-24431.763235010272,2219949.8409622377,5.715333101769677e-06,4464.4721662694,4463.529068610631,-2.3507386108438446e-06,0.00021359579147396687,0.00021359528936727305,0.9997887549471369,1.0002159465300848,0.9999953441620912
4442.558031992525,129131639012681.95,63163801220.67128,0.0,-13121.151384577184,-13121.151384577184,2096791.2118479286,5.5666204162935974e-06,4581.7168530634,4580.798294759205,-1.2624711889092514e-06,0.00020174589992366177,0.00020174564522559718,0.9997995165712652,1.0002030083711126,0.999997515763608
4559.227216081168,129131639012681.95,31591153093.81232,0.0,-6703.855134273232,-6703.855134273232,1984613.971989334,5.422846798297899e-06,4702.040586174511,4701.145752220256,-6.450214400840892e-07,0.0001909525991513453,0.00019095247598290425,0.9998096924222888,1.0001915976205913,0.9999987464211704
4678.960332800047,129131639012681.95,14995072118.276016,0.0,-3248.1400490964015,-3248.1400490964015,1880983.9657737638,5.283398914966287e-06,4825.524226633485,4824.652403231713,-3.125246488922076e-07,0.00018098168323710443,0.0001809816266758851,0.9998193308414118,1.000181294207886,0.9999994077053249
4801.837846268581,129131639012681.95,6732294640.393764,0.0,-1487.4947336954763,-1487.4947336954763,1784237.5214084815,5.147869025116162e-06,4952.250759020234,4951.401299655611,-1.431215287365799e-07,0.0001716730795131854,0.00017167305494307535,0.9998284700420156,1.0001718162010418,0.9999997432286343
4927.9423337318285,129131639012681.95,2848893213.47458,0.0,-641.5984320507214,-641.5984320507214,1693268.1052423837,5.015985839690098e-06,5082.305347231915,5081.477650155017,-6.173235195392018e-08,0.00016292032119072703,0.00016292031113327305,0.9998371414111612,1.0001629820535427,0.9999999030783328
5057.358541054733,129131639012681.95,1132063863.1823275,0.0,-259.6880745130507,-259.6880745130507,1607345.659312236,4.8875633662228644e-06,5215.775391715488,5214.968885867851,-2.498627617096196e-08,0.00015465316465178736,0.00015465316078758077,0.9998453718216244,1.0001546781509278,0.9999999739450491
5190.173439673847,129131639012681.95,420766987.5695864,0.0,-98.24866112550279,-98.24866112550279,1525978.5415443853,4.762465930736459e-06,5352.750588203394,5351.964724914365,-9.453141754438542e-09,0.00014682430581953272,0.00014682430443158174,0.9998531851473222,1.0001468337589614,1.0000000026510931
5326.47628504461,129131639012681.95,145676181.3533547,0.0,-34.60175916971399,-34.60175916971399,1448817.414159587,4.640586046258322e-06,5493.322987991636,5492.55723632719,-3.3292599678932887e-09,0.0001394001326374775,0.00013940013217337823,0.9998606031966225,1.0001394034618976,1.000000012773877
5466.358676623622,129131639012681.95,46774844.44851204,0.0,-11.29478652608823,-11.29478652608823,1375593.973954434,4.521831452159724e-06,5637.587059800941,5636.840904051145,-1.0867447647031544e-09,0.00013235482991194968,0.00013235482976811378,0.9998676462568328,1.0001323559166566,1.0000000153443118
5609.914619426139,129131639012681.95,13864646.7665861,0.0,-3.4015146873888256,-3.4015146873888256,1306085.070920083,4.406118090922416e-06,5785.639753262482,5784.912691587893,-3.2728181892083486e-10,0.00012566692693136969,0.00012566692689024118,0.9998743334003505,1.0001256672542131,1.0000000151376132
5757.240587200127,129131639012681.95,3775398.3508249978,0.0,-0.9405375984045116,-0.9405375984045116,1240093.3424402846,4.2933665855285296e-06,5937.580564070801,5936.872107730122,-9.049523058374946e-11,0.0001193174341566735,0.00011931743414587585,0.9998806826563386,1.0001193175246519,1.0000000140556597
5908.435587259459,129131639012681.95,939597.9822562077,0.0,-0.23755660694447983,-0.23755660694447983,1177437.5201257847,4.1835005991119515e-06,6093.511600847842,6092.8212736962605,-2.2856863945260352e-11,0.0001132889105788989,0.00011328891057630947,0.999886711112278,1.0001132889334357,1.0000000127886637
6063.60122701965,129131639012681.95,212564.60131478132,0.0,-0.05451286197875763,-0.05451286197875763,1117947.8581575972,4.076446117499266e-06,6253.537653762851,6252.864991868774,-5.2450364801111365e-12,0.00010756502385040146,0.00010756502384983727,0.9998924349813947,1.0001075650290956,1.0000000115597443
6222.841782281004,129131639012681.95,43463.35381295363,0.0,-0.011300425917498342,-0.011300425917498342,1061464.0192575858,3.972131143999422e-06,6417.766264954428,6417.11081626657,-1.0872873671752682e-12,0.0001021303468803549,0.00010213034688024385,0.9998978696542069,1.0001021303479678,1.000000010428433
6386.264267304988,129131639012681.95,7983.902000778657,0.0,-0.0021034863195733165,-0.0021034863195733165,1007834.0330672486,3.870485561853972e-06,6586.3078008019775,6585.669124839144,-2.023900797187277e-13,9.697025761360925e-05,9.697025761358964e-05,0.9999030297425888,1.000096970257816,1.000000009402826
6553.978506730862,129131639012681.95,1309.1755116973784,0.0,-0.00034935999221955715,-0.00034935999221955715,956913.6842622632,3.7714410589118022e-06,6759.275526095055,6758.653193648369,-3.36141937401299e-14,9.207088015721728e-05,9.207088015721419e-05,0.9999079291198764,1.0000920708801908,1.0000000084769798
6726.097209381073,129131639012681.95,190.34834745419593,0.0,-5.142582357829194e-05,-5.142582357829194e-05,908566.063873976,3.674931073672452e-06,6936.785680150643,6936.179272994665,-4.948012467094612e-15,8.741904161016122e-05,8.741904161016079e-05,0.9999125809583947,1.0000874190416151,1.000000007642079
6902.7360440047905,129131639012681.95,24.3660506789091,0.0,-6.661745069311491e-06,-6.661745069311491e-06,862661.18482804,3.5808907484927654e-06,7118.957554929279,7118.366665540842,-6.409697572538931e-16,8.300223507182818e-05,8.300223507182812e-05,0.9999169977649288,1.0000830022350724,1.00000000688937
7084.0137170107055,129131639012681.95,2.7255347228626494,0.0,-7.537835818773096e-07,-7.537835818773096e-07,819075.6285437098,3.4892568855288124e-06,7305.9135752027605,7305.3378064870985,-7.252641379562793e-17,7.880858563903317e-05,7.880858563903317e-05,0.9999211914143611,1.0000788085856391,1.000000006210793
7270.052052241128,129131639012681.95,0.2643107111326102,0.0,-7.391461977515931e-08,-7.391461977515931e-08,777692.2122815974,3.3999679041692597e-06,7497.779380827092,7497.2183458509635,-7.111805600764939e-18,7.482681839938639e-05,7.482681839938639e-05,0.9999251731816006,1.0000748268183994,1.0000000055990528
7460.976072841152,129131639012681.95,0.02203690179774976,0.0,-6.229054797887294e-09,-6.229054797887294e-09,738399.6739339293,3.3129637996341964e-06,7694.683911176111,7694.1372329077785,-5.993378161700905e-19,7.104622810291665e-05,7.104622810291665e-05,0.9999289537718971,1.0000710462281028,1.0000000050475666
7656.914085277851,129131639012681.95,0.0015657963440093455,0.0,-4.472031785704753e-10,-4.472031785704753e-10,701092.3728632507,3.2281861026474725e-06,7896.759491792517,7896.226802848361,-4.30283221331843e-20,6.745665037782034e-05,6.745665037782034e-05,0.9999325433496222,1.0000674566503778,1.0000000045503998
7857.997765565882,129131639012681.95,9.393647814612491e-05,0.0,-2.709880261350467e-11,-2.709880261350467e-11,665670.0058768026,3.1455778401433045e-06,8104.1419233144015,8103.622865712037,-2.6073517903086672e-21,6.404843440251156e-05,6.404843440251156e-05,0.9999359515655974,1.0000640484344026,1.000000004102202
8064.3622477576455,129131639012681.95,4.711838435190012e-06,0.0,-1.3724819983926941e-12,-1.3724819983926941e-12,632037.3375541662,3.0650834969786533e-06,8316.970572737273,8316.464797654971,-1.320554065326947e-22,6.081241695869349e-05,6.081241695869349e-05,0.9999391875830413,1.0000608124169588,1.00000000369815
8276.146214757217,129131639012681.95,1.9557436689122396e-07,0.0,-5.750274486126566e-14,-5.750274486126566e-14,600103.9442003798,2.986648978625464e-06,8535.388467072658,8534.895634614926,-5.5327125297767244e-24,5.77398977954249e-05,5.77398977954249e-05,0.9999422601022045,1.0000577398977955,1.0000000033338958
8493.491991519299,129131639012681.95,6.644463222404286e-09,0.0,-1.9713435806791642e-15,-1.9713435806791642e-15,569783.9707357321,2.9102215748175615e-06,8759.542389466409,8759.062168435572,-1.896757686199688e-25,5.482261623790828e-05,5.482261623790828e-05,0.9999451773837621,1.000054822616238,1.0000000030055192
8716.545640695736,129131639012681.95,1.8265625574618493e-10,0.0,-5.4668023183233436e-17,-5.4668023183233436e-17,540995.8998685941,2.835749924127823e-06,8989.582977841259,8989.115045514887,-5.259965547274968e-27,5.205272897810889e-05,5.205272897810889e-05,0.9999479472710219,1.000052052728978,1.0000000027094869
8945.457060793784,129131639012681.95,4.013850837087767e-12,0.0,-1.2115240785800159e-18,-1.2115240785800159e-18,513662.33293069416,2.76318397945183e-06,9225.6648261298,9225.208868043828,-1.1656859974002845e-28,4.942278898749326e-05,4.942278898749326e-05,0.9999505772110125,1.0000494227889876,1.0000000024426121
9180.38008691231,129131639012681.95,6.961061451137539e-14,0.0,-2.1183545718209772e-20,-2.1183545718209772e-20,487709.7817855749,2.6924749743747453e-06,9467.946588166154,9467.502297903555,-2.0382065082807182e-30,4.6925725495190395e-05,4.6925725495190395e-05,0.9999530742745049,1.0000469257254951,1.0000000022020237
9421.472594123366,129131639012681.95,9.399554423555762e-16,0.0,-2.8831532753858484e-22,-2.8831532753858484e-22,463068.4712507951,2.6235753903988886e-06,9716.591084305865,9716.158163290724,-2.774069010180288e-32,4.455482497774865e-05,4.455482497774865e-05,0.9999554451750222,1.0000445548249777,1.0000000019851325
9668.896603568874,129131639012681.95,9.74236833552183e-18,0.0,-3.0112828002936754e-24,-3.0112828002936754e-24,439672.1515026428,2.556438925009916e-06,9971.765410845963,9971.34356814283,-2.897350747356872e-34,4.2303713109374866e-05,4.2303713109374866e-05,0.9999576962868906,1.0000423037131094,1.0000000017896042
9922.818391343459,129131639012681.95,7.6351171065567e-20,0.0,-2.377511592909795e-26,-2.377511592909795e-26,417457.9199590257,2.4910204605602035e-06,10233.641052318453,10233.230004436822,-2.2875583090020714e-36,4.016633762413048e-05,4.016633762413048e-05,0.9999598336623758,1.0000401663376242,1.0000000016133348
10183.408600236835,129131639012681.95,4.45319026013374e-22,0.0,-1.3966754837926045e-28,-1.3966754837926045e-28,396366.0521616383,2.4272760339484734e-06,10502.393996732912,10501.99346743671,-1.343832188855485e-38,3.813695204400652e-05,3.813695204400652e-05,0.999961863047956,1.000038136952044,1.0000000014544272
10450.842354410664,129131639012681.95,1.9009227130196615e-24,0.0,-6.003537230091697e-31,-6.003537230091697e-31,376339.8412027337,2.3651628070753263e-06,10778.204853845496,10777.81457396745,-5.776393063678575e-41,3.6210100229130484e-05,3.6210100229130484e-05,0.9999637898997709,1.0000362101002291,1.0000000013111714
10725.299377087153,129131639012681.95,5.834867164682742e-27,0.0,-1.8552267973043903e-33,-1.8552267973043903e-33,357325.4452647745,2.3046390380547775e-06,11061.258976534013,11060.878683794745,-1.785034187809312e-43,3.4380601708566e-05,3.4380601708566e-05,0.9999656193982914,1.0000343806017085,1.000000001182026
11006.964111328125,129131639012681.95,1.2641171631408037e-29,0.0,-4.045618421350193e-36,-4.045618421350193e-36,339271.742863088,2.245664053162532e-06,11351.746585360292,11351.376024192079,-3.89255222242048e-46,3.264353775226858e-05,3.264353775226858e-05,0.9999673564622478,1.0000326435377522,1.0000000010656007
