radius_kpc,baryon_projected_mass_Msun,field_equivalent_projected_mass_Msun,baryon_surface_density_Msun_kpc2,field_equivalent_surface_density_Msun_kpc2,sigma_Msun_kpc2,delta_sigma_Msun_kpc2,alpha_rad,theta_arcsec,beta_arcsec,kappa,gamma_t,reduced_shear_t,lambda_t,lambda_r,signed_magnification
1.0,771021175.9894793,2933240688.601694,245319039.26807612,933647337.8914548,1178966377.1595309,136795.35344171524,7.090573363281729e-07,1.0313240300000002,0.9143211708635142,0.11343601184314729,1.3161969360388459e-05,1.484604556040214e-05,0.8865508261874924,0.8865771501262131,1.2722715833383897
1.0253593217584172,810604413.5783432,3083891572.6540427,245308270.25054458,933644033.2446693,1178952303.495214,143842.45525670052,7.270342168657907e-07,1.0574777079139577,0.9375084505562102,0.11343465772450315,1.384001679281016e-05,1.5610825432548238e-05,0.886551502258704,0.8865791822922897,1.2722676968967772
1.0513617387168812,852218840.9860468,3242279573.037717,245296945.02198333,933640558.8897307,1178937503.911714,151253.47685813904,7.454666401590256e-07,1.084294625361301,0.9612837998318025,0.11343323376045998,1.4553079311332556e-05,1.6415096826898748e-05,0.8865522131602287,0.8865813193188513,1.2722636100134401
1.0780235593334917,895968585.6146781,3408802020.920541,245285034.67666554,933636906.1126966,1178921940.7893622,159047.34074044228,7.643661319480535e-07,1.1117916016467608,0.9856621361113723,0.11343173633138515,1.5302977572033502e-05,1.7260912892042695e-05,0.8865529606910428,0.8865835666461869,1.2722593123029857
1.1053615056377837,941963102.0683707,3583876648.7078733,245272508.7866245,933633065.7523205,1178905574.538945,167243.96641778946,7.837445081772096e-07,1.1399858826012268,1.0106587554550368,0.11343016162814328,1.609162816073777e-05,1.8150434928272858e-05,0.886553746743696,0.8865859300000175,1.2722547928365364
1.1333927237186208,990317443.5428106,3767942637.2132626,245259335.3191542,933629028.1770996,1178888363.4962537,175864.3245792389,8.03613882190342e-07,1.1688951513981645,1.0362893421910462,0.11342850564195031,1.6921048803632006e-05,1.9085938259140884e-05,0.886554573309246,0.8865884154068534,1.2722500401126537
1.16213479447805,1041152546.9165924,3961461716.5433826,245245480.54955274,933624783.2612149,1178870263.8107677,184930.49446249008,8.239866720956982e-07,1.1985375396443243,1.0625699787912006,0.11342676415366283,1.7793363887567015e-05,2.0069818451694158e-05,0.8865554424824496,0.8865910292102247,1.2722450420266498
1.191605744657871,1094595532.222725,4164919323.4466925,245230908.96879718,933620320.3590736,1178851229.3278708,194465.72439956665,8.448756083032629e-07,1.2289316387517064,1.0895171559990628,0.1134249327224455,1.871081028555109e-05,2.110459788025306e-05,0.8865563564672689,0.8865937780878401,1.2722397858381174
1.2218240581458282,1150780017.21063,4378825818.020843,245215583.1858166,933615628.2787659,1178831211.4645824,204494.49616909027,8.662937412383155e-07,1.26009651159791,1.1171477832174816,0.11342300667381422,1.9675743548500257e-05,2.2192932702530932e-05,0.8865573175826373,0.8865966690697343,1.2722342581366777
1.2528086875685231,1209846447.742395,4603717762.814793,245199463.82399082,933610695.2539442,1178810159.077935,215042.59294581413,8.882544492338329e-07,1.2920517044821804,1.1454791991622977,0.11342098108697193,2.0690644443104146e-05,2.3337620225291915e-05,0.8865583282685849,0.8865997095574711,1.2722284448057017
1.2845790661783139,1271942444.801821,4840159267.523826,245182509.41148692,933605508.914451,1178788018.325938,226137.1715335846,9.107714466055062e-07,1.3248172593846554,1.1745291827891162,0.11341885078143107,2.175812590182836e-05,2.454160673391932e-05,0.8865593910926671,0.8866029073444708,1.2722223309839917
1.3171551200416567,1337223168.9309974,5088743402.632045,245164676.26499403,933600056.25528,1178764732.5202742,237806.83882045746,9.338587919120465e-07,1.3584137265364953,1.2043159645003891,0.11341661030284048,2.2880940379157747e-05,2.580799577913754e-05,0.8865605087567804,0.8866062706375387,1.2722159010251923
1.3505572805365398,1405851702.9467335,5350093685.534214,245145918.36638808,933594323.604082,1178740241.97047,250081.73307085037,9.575308964043413e-07,1.3928621773087848,1.2348582376401067,0.11341425390799204,2.4061987673242314e-05,2.7140056987500017e-05,0.8865616841043347,0.8866098080796811,1.2722091384548526
1.3848064971668386,1477999453.828273,5624865642.844091,245126187.2318092,933588296.5869489,1178714483.818758,262993.61021876335,9.818025326662585e-07,1.4281842174282877,1.266175170283716,0.1134117755489317,2.5304323228728414e-05,2.8541235413312196e-05,0.8865629201278395,0.8866135287742971,1.2722020259249285
1.4199242507016392,1553846574.7082295,5913748452.787506,245105431.77258334,933581960.0924156,1178687391.8649988,276575.9355812073,1.0066888434501316e-06,1.464402000528345,1.2982864173310602,0.11340916885611414,2.661116696110331e-05,3.001516147732928e-05,0.8865642199769248,0.8866174423108469,1.2721945451655572
1.4559325666477614,1633582407.9407184,6217466671.77808,245083598.1473617,933575298.233696,1178658896.3810577,290863.9815247059,1.0322053507100253e-06,1.501538242043413,1.3312121329103206,0.11340642712054269,2.7985912653823623e-05,3.156566154989332e-05,0.8865655869668034,0.8866215587921111,1.2721866769339243
1.49285402906394,1717405950.2641778,6536782049.4789715,245060629.60478726,933568294.3088884,1178628923.9136758,305894.9313995838,1.058367964835317e-06,1.5396162334559598,1.3649729831012627,0.11340354327480223,2.9432137958508196e-05,3.31967692124792e-05,0.8865670245872392,0.8866258888631563,1.2721784009599753
1.5307117947253222,1805526341.121316,6872495436.8783,245036466.31591597,933560930.7593033,1178597397.0752194,321707.9905130863,1.0851929940877113e-06,1.5786598569046522,1.3995901589862034,0.11340050987292598,3.0953615072382606e-05,3.491273728112127e-05,0.8865685365120016,0.8866304437421465,1.2721696958887934
1.5695296076471656,1898163375.2451298,7225448792.128229,245011045.19553733,933553189.1254319,1178564234.320969,338344.5043992996,1.112697154243605e-06,1.618693600162994,1.4350853900375464,0.11339731906896688,3.255432211779635e-05,3.671805061948451e-05,0.8865701266089153,0.8866352352531509,1.272160539219279
1.6093318139768524,1995548040.667729,7596527289.150658,244984299.71143207,933545050.0009215,1178529349.7123535,355848.0854897499,1.1408975784449899e-06,1.6597425719978178,1.4714809578507573,0.11339396259421684,3.423845533002377e-05,3.861743986112004e-05,0.8865717989504531,0.8866402758611132,1.2721509072389652
1.6501433772635485,2097923083.358008,7986661534.253772,244956159.6804804,933536492.9839746,1178492652.664455,374264.74853539467,1.169811827260267e-06,1.7018325179172535,1.508799710232178,0.11339043173291269,3.6010442087093376e-05,4.061589607867325e-05,0.8865735578250002,0.8866455787091745,1.272140774954518
1.6919898941150961,2205543599.744714,8396829896.281977,244926551.05039656,933527496.6264055,1178454047.6768022,393643.0559720993,1.1994578989575429e-06,1.7449898363180543,1.5470650756511382,0.1133867172963338,3.787495489634436e-05,4.271868652908886e-05,0.8865754077487699,0.8866511576585626,1.2721301160176417
1.734897610251951,2318677658.4331703,8828060956.094597,244895395.66568896,933518038.3800609,1178413434.04575,414034.2740957737,1.2298542399918006e-06,1.7892415950424116,1.5863010780662627,0.1133828095951285,3.983692642105082e-05,4.493137156844363e-05,0.8865773534784505,0.8866570273312926,1.2721189026459303
1.7788934369682392,2437606952.476776,9281436081.464794,244862611.0162381,933508094.5404577,1178370705.556696,435492.5411872864,1.2610197557072652e-06,1.8346155483546356,1.6265323521361341,0.1133786984097001,4.190156565681154e-05,4.7259822859719534e-05,0.8865794000246431,0.8866632031559568,1.272107105538181
1.8240049680102535,2562627483.6180105,9758092133.801895,244828109.96664023,933497640.1876203,1178325750.1542606,458075.0490708351,1.2929738212562126e-06,1.881140154348356,1.6677841588247626,0.11337437295847276,4.4074375400460045e-05,4.971024303405987e-05,0.8865815526661268,0.8866697014169277,1.2720946937836588
1.8702604968829768,2694050279.96805,10259224313.420153,244791800.46415216,933486649.1238387,1178278449.5879908,481842.2395732403,1.3257362927345364e-06,1.928844592795154,1.7100824014127156,0.11336982186380244,4.6361171152689e-05,5.22891869642264e-05,0.8865838169650448,0.8866765393073502,1.2720816347646404
1.9176890345954896,2832202148.6488385,10786089150.421606,244753585.22270155,933475093.8082765,1178228679.0309782,506858.01786637306,1.3593275185343312e-06,1.9777587834458297,1.7534536419250737,0.11336503311528162,4.876810164511082e-05,5.500358486476399e-05,0.8865861987830732,0.8866837349863635,1.2720678940515229
1.9663203278563848,2977426464.9760833,11340007648.6166,244713361.37995136,933462945.288263,1178176306.6682143,533189.9849410057,1.3937683509129809e-06,2.027913404795768,1.7979251179877633,0.11335999403013226,5.130167120807657e-05,5.786076746216665e-05,0.8865887042986597,0.8866913076410757,1.272053435289627
2.0161848777306113,3130083999.815906,11922368590.279871,244671020.12381643,933450173.1270207,1178121193.250837,560909.691908598,1.4290801577774508e-06,2.079339913326191,1.843524760124259,0.11335469121031702,5.3968764238702394e-05,6.086849352687894e-05,0.8865913400254443,0.8866992775539216,1.272038220076634
2.0673139587694367,3290553786.8010373,12534632009.938034,244626446.28407142,933436745.3277831,1178063191.6118546,590092.9195959568,1.4652848346820862e-06,2.1320705632333494,1.8902812095049955,0.1133491104959438,5.677667210248752e-05,6.403498014223532e-05,0.8865941128319537,0.8867076661761587,1.2720222078294503
2.1197396386255383,3459234031.143461,13178332845.794369,244579517.88371035,933422628.2540312,1178002146.1377416,620819.9875195026,1.5024048170368777e-06,2.186138426658034,1.9382238361623723,0.11334323691442477,5.973312286173499e-05,6.73689361527713e-05,0.8865970299627135,0.8867164962084371,1.2720053556389581
2.173494798165514,3636543061.828911,13855084777.830597,244530105.64343262,933407786.5456073,1177937892.18904,653176.0974225998,1.5404630925220436e-06,2.2415774144280944,1.987382757684719,0.11333705462472839,6.284631432950935e-05,7.087959935317952e-05,0.8866000990609421,0.8867257916896011,1.2719876181107628
2.2286131520924393,3822920329.0223722,14566584262.087267,244478072.4309225,933392183.0306631,1177870255.4615855,687251.7181653976,1.5794832137039865e-06,2.2984222973269777,2.03778885840305,0.11333054685591905,6.612495110238788e-05,7.457677815324804e-05,0.8866033281929786,0.8867355780951833,1.2719689471896374
2.285129270091392,4018827448.55147,15314614771.092918,244423272.6442824,933375778.6330317,1177799051.2773142,723143.0203723907,1.6194893108451459e-06,2.356708727901613,2.0894738090851748,0.1133236958389208,6.957828638072511e-05,7.847089862918574e-05,0.8866067258746985,0.88674588244746,1.2719492919646296
2.3430785985112164,4224749295.3638544,16101051250.92391,244365551.51579702,933358532.2749715,1177724083.7907686,760952.3722786903,1.6605061048991472e-06,2.41647326282334,2.1424700871522693,0.1133164827301703,7.321616967724289e-05,8.257305820083517e-05,0.8866103011001525,0.886756733439507,1.2719285984510047
2.402497482596124,4441195147.871374,16927864805.894224,244304744.31775475,933340400.7748961,1177645145.092651,800788.9117205143,1.702558920679308e-06,2.4777533858158893,2.1968109974339,0.11330888752536374,7.704910185195008e-05,8.689508755412732e-05,0.8866140633727844,0.8867681615764882,1.2719068093439048
2.463423189281066,4668699885.093699,17797127622.435947,244240675.44565392,933321338.7399933,1177562014.1856472,842769.2150416374,1.745673700186088e-06,2.540587531164802,2.252530693478253,0.11330088896091434,8.108829947197641e-05,9.14496230597913e-05,0.8866180227396137,0.8867801993385576,1.271883863736896
2.5258939305651906,4907825238.489471,18711018144.299904,244173157.34473807,933301298.4533044,1177474455.7980425,887018.0915224552,1.78987701607394e-06,2.6050151078230326,2.3096641994355527,0.1132924643998024,8.534577124875195e-05,9.625019278874495e-05,0.8866221898289488,0.8867928813714464,1.271859696795917
2.5899488874780263,5159161100.30322,19671826511.825123,244101989.23164618,933280229.7551608,1177382218.9868069,933669.5447425842,1.8351960852333016e-06,2.671076524127855,2.36824743253377,0.11328358969716931,8.983441053694643e-05,0.00010131132061294125,0.8866265758922938,0.8868062447133676,1.2718342393753228
2.6556282346534363,5423326890.144558,20681960278.65169,244026955.54091865,933258079.9185495,1177285035.4594681,982867.961486578,1.8816587824546954e-06,2.7388132131445677,2.4283172261675965,0.11327423903885392,9.456810972680942e-05,0.00010664865496216607,0.8866311928514192,0.8868203290708729,1.2718074175565495
2.72297316552675,5700972981.325181,21743950419.92854,243947823.99056816,933234793.5182076,1177182617.5087757,1034769.6208484173,1.9292936541314476e-06,2.8082676586529054,2.489911353623742,0.11326438474267315,9.956190544491405e-05,0.00011227913228231124,0.8866360533518819,0.8868351771627717,1.2717791520802022
2.7920259181708786,5992782188.162846,22860457646.762474,243864343.1012016,933210312.2930772,1177074655.3942788,1089544.6699011326,1.9781299319404747e-06,2.879483421792441,2.5530685524688446,0.11325399700648665,0.00010483216864616225,0.00011822119106515906,0.8866411708248672,0.8868508351621596,1.271749357625854
2.862829801787614,6299471314.938212,24034279042.38948,243776238.8977055,933184575.0017865,1176960813.899492,1147379.8083188534,2.0281975464148934e-06,2.952505168383704,2.6178285496309486,0.11324304357693933,0.00011039686291870714,0.00012449506273288054,0.8866465595601419,0.8868673532859793,1.2717179418647748
2.9354292238707322,6621792766.304686,25268355036.32324,243683210.32486254,933157517.2708762,1176840727.5957386,1208482.1059205532,2.079527140280236e-06,3.0273786969421357,2.6842320872128256,0.11323148929376496,0.00011627591179462944,0.00013112318535310377,0.8866522347944404,0.8868847866180297,1.2716848041563238
3.0098697180579306,6960536217.386326,26565776733.532906,243584922.50933647,933129071.4353037,1176713993.9446402,1273084.7465193272,2.1321500813514303e-06,3.104150967402469,2.7523209490881992,0.11321929542613188,0.00012249175140297943,0.0001381308262247783,0.8866582128224652,0.8869031963252711,1.2716498336487105
3.086197972689078,7316530338.843728,27929793616.558186,243480996.1152122,933099166.3709682,1176580162.4861803,1341456.3194141388,2.1860984746477904e-06,3.1828701305715303,2.8221379883554323,0.11320641863235646,0.00012907022446454071,0.00014554708917207561,0.886664511143179,0.886922651592108,1.2716129063007462
3.164461860088675,7690644566.041328,29363821639.34137,243370988.80928904,933067727.3187357,1176438716.1280248,1413917.385364294,2.2414051730849535e-06,3.2635855583279487,2.8937271557729374,0.11319280915962701,0.00013604217421182062,0.00015340671074498367,0.8866711486661611,0.8869432330145848,1.2715738797259348
3.2447104665909032,8083790886.708,30871451732.495388,243254358.10240227,933034675.6996615,1176289033.8020637,1490874.4782598019,2.298103785373433e-06,3.346347874587711,2.9671335294213774,0.11317840725094717,0.0001434467159105766,0.00016175374740922467,0.8866781460331422,0.8869650394649634,1.271532582898816
3.3269941233260862,8496925577.08983,32456458740.683903,243130367.3353259,932999928.9208659,1176130296.2561917,1572908.1980547905,2.3562286774944353e-06,3.4312089870549767,3.0424033462109557,0.11316313408075138,0.00015133971285305223,0.00017065112950190835,0.8866855262063955,0.8869882056321017,1.2714887901797642
3.4113644377878756,8931050602.6379,34122810813.81761,242997669.96351203,932963400.1717181,1175961070.13523,1661173.5215113163,2.4158149528865456e-06,3.5182221197780765,3.1195840377068422,0.11314685173662904,0.00015983229285442308,0.00018022408012804088,0.8866933159705166,0.8870129805562253,1.2714421066125992
3.4978743262009595,9387213228.665657,35874679274.820595,242854014.95513427,932924998.2097479,1175779013.1648822,1757635.1752545834,2.4768983354719332e-06,3.607441846531108,3.198724282812835,0.1131293348531584,0.00016911349502304963,0.00019068563395886935,0.8867015516518185,0.8870397786418647,1.2713918866729463
3.5865780467095965,9866514610.987392,37716448987.84152,242703690.70054927,932884627.1358458,1175588317.836395,1857802.9275312424,2.539515547466582e-06,3.6989241250420695,3.279873979656327,0.1131109868171501,0.00017875128500051478,0.0002015486519096856,0.8867102618978494,0.8870677644678505,1.2713392873051834
3.6775312334077808,10370114872.631214,39652729251.94492,242546808.83519801,932842186.1582376,1175388994.9934356,1961492.8298370838,2.6037044475970874e-06,3.7927263320889835,3.3630842578770235,0.11309180867194375,0.0001887279639065907,0.00021279312306721337,0.8867194633641496,0.8870969192919628,1.2712843119661048
3.7707909312323977,10899231016.051971,41688365246.52767,242383047.8837623,932797569.3446271,1175180617.2283895,2068949.9778442383,2.6695037811998452e-06,3.8889072994860494,3.448407555849687,0.11307175929387704,0.00019906711398764597,0.00022444556938356117,0.8867291735921353,0.8871273078201106,1.2712268432818852
3.8664156317412406,11455139449.458965,43828450055.98484,242212068.50057158,932750665.3619887,1174962733.8625603,2180430.255879879,2.736953190726139e-06,3.987527350982372,3.535897655849406,0.11305079532022566,0.0002097933555366169,0.0002365336756938195,0.8867394113242377,0.887158998035311,1.2711667575190346
3.964465309798341,12039178719.065039,46078337302.47414,242033512.02096787,932701357.2034106,1174734869.2243786,2296201.519222021,2.8060932318497776e-06,4.088648340096424,3.6256097192280974,0.11302887098353874,0.0002209324606493646,0.0002490864171580768,0.8867501965558119,0.8871920614771106,1.2711039241160385
4.0650014611896,12652752347.763988,48443654417.00957,241846998.35388964,932649521.9013174,1174496520.255207,2416545.4060251713,2.876965389436108e-06,4.192333688909947,3.7176003225733445,0.11300593788127769,0.00023251152756180912,0.0002621342548860129,0.8867615505911605,0.8872265736462841,1.2710382050304019
4.168087141192344,13297331781.888012,50930316580.57653,241652121.3724764,932595030.2264969,1174247151.5989733,2541761.6189990044,2.9496120933186396e-06,4.298648427845667,3.811927494882769,0.11298194450335795,0.000244559392618042,0.00027570959926076483,0.886773496104024,0.8872626148892601,1.2709694533930513
4.27378700412296,13974459446.964987,53544541368.45556,241448418.3485968,932537746.3721571,1173986164.720754,2672198.121225834,3.024076733806269e-06,4.407659236453718,3.908650755791587,0.11295683326084743,0.0002571095356060292,0.0002898500831151049,0.8867860572035465,0.8873002762747585,1.2708975050059146
4.382167343887457,14685751914.009855,56292864132.5401,241235559.16867152,932477527.6224056,1173713086.7910771,2808061.5190746784,3.1004036768876484e-06,4.519434485232408,4.0078311548844745,0.1129305586597519,0.0002701818354663214,0.00030457799905508106,0.8867992595047818,0.8873396231757145,1.2708222304123464
4.493296135560327,15432903189.960135,59182154158.0588,241013114.43496996,932414224.0043261,1173427338.439296,2949648.7318150997,3.1786382796215883e-06,4.634044278509504,4.109531312037247,0.11290306495505872,0.0002838048607301601,0.00031992542135858267,0.8868131301842112,0.8873807399056715,1.2707434708853595
4.607243078017855,16217688089.517838,62219631632.844604,240780499.1400337,932347677.9229214,1173128177.0629551,3097402.5468912125,3.2588269037679733e-06,4.751560498410979,4.213815459136353,0.11287428069616291,0.0002980212148531888,0.00033594022624781737,0.8868276980889839,0.8874237405186903,1.2706610228289987
4.724079637652548,17041965739.536053,65412885469.0722,240537188.40184885,932277723.7781185,1172814912.1799674,3251695.472053528,3.3410169298967565e-06,4.872056849944766,4.32074948283447,0.1128441394472986,0.00031286673922530404,0.00035266265279517724,0.8868429938134761,0.8874687272919267,1.2705746971419418
4.843879093196167,17907683186.297268,68769892019.25209,240282626.310571,932204187.5629966,1172486813.8735676,3412920.3266909122,3.4252567706050256e-06,4.995608907227816,4.430400968596591,0.11281257097843339,0.00032837922955104073,0.0003701351245623411,0.8868590497920156,0.8875158082511178,1.2704842939974195
4.966716581679399,18816879107.71528,72299034730.19934,240016223.6688897,932126886.4423441,1172143110.1112337,3581491.875912428,3.5115958829547333e-06,5.122294160885422,4.542839246046977,0.11277950100730447,0.0003445985930751983,0.00038840242472580134,0.8868759003996203,0.8875650975857707,1.2703896021208396
5.092669145557073,19771687627.028404,76009124780.72253,239737355.47149613,932045628.3106674,1171782983.7821636,3757848.665021658,3.600084780029959e-06,5.252192066652578,4.658135435663432,0.11274485091437489,0.00036156702508952966,0.00040751189267500824,0.8868935820605356,0.8876167161107146,1.270290397991849
5.221815781028418,20774342222.66684,79909422750.86505,239445358.0216237,931960211.3286986,1171405569.3503222,3942455.1500599384,3.6907750414753637e-06,5.385384095207826,4.77636249687218,0.11270853742080157,0.0003793292139261419,0.0004275136524175488,0.8869121333652723,0.8876707917931246,1.2701864449427527
5.354237487582697,21827179727.33587,84009661372.71017,239139525.43007278,931870423.4374138,1171009948.8674865,4135804.3716983795,3.7837193228605604e-06,5.521953783270862,4.897595277600234,0.11267047220482444,0.0003979325982300131,0.0004484608995474214,0.8869315951969455,0.8877274603934057,1.2700774920832512
5.490017318801287,22932644407.403374,88320069415.02417,238819104.61812398,931776041.848558,1170595146.466682,4338422.04238677,3.8789713636949186e-06,5.661986785995938,5.021910565346268,0.11263056137194422,0.0004174277602101322,0.000470410340991131,0.8869520108678457,0.8877868663882659,1.2699632728098182
5.629240434448051,24093292111.229202,92851396756.3507,238483283.73428988,931676832.5106162,1170160116.244906,4550877.124992132,3.976585993888891e-06,5.805570930693915,5.149387139836467,0.11258870428904046,0.0004378694434790161,0.0004934233377412805,0.8869734262674805,0.8878491651544386,1.269843501499304
5.771994153880712,25311794469.379765,97614940703.60295,238131118.78807002,931572549.549133,1169703668.337203,4773854.058276892,4.076619138333398e-06,5.9527962719166965,5.2801058273533155,0.11254478647147834,0.0004593235023350271,0.0005175737269137864,0.8869958900261866,0.8879145370308567,1.2697178532000357
5.918368010816675,26590943153.695114,102622573615.7178,237762095.8273905,931462934.6802707,1169225030.507661,5007589.5179851055,4.179127820139054e-06,6.1037551479385375,5.414149556682389,0.11249873361742552,0.00048181270888857135,0.0005428867846605153,0.887019453673686,0.8879830790914631,1.2695861181975368
6.068453809487698,27933654139.541878,107886771894.52559,237375002.83032316,931347716.5963949,1168722719.426718,5252999.159510851,4.284170161028259e-06,6.258542238669706,5.55160341696132,0.11245040300611149,0.0005054251642917589,0.0005694613191235996,0.8870441718295967,0.8880550221581802,1.269447891443572
6.22234568221859,29342971940.457626,113420646407.69968,236968814.00272143,931226610.3225343,1168195424.3252559,5510791.635923624,4.391805378463528e-06,6.417254625038776,5.692554717535947,0.11239966851992673,0.0005302290526586928,0.0005973736532686239,0.8870701024274146,0.8881305605327319,1.269302815789935
6.380140148466069,30822073839.876305,119237974411.40076,236542432.5297883,931099316.542411,1167641749.0721993,5781724.308866024,4.502093780894421e-06,6.579991849880824,5.837093049632829,0.11234639582803344,0.0005562972446716284,0.0006267053297108633,0.8870973069272949,0.8882099014166382,1.269150511052737
6.541936175354814,32374274040.334885,125353233043.10999,236094684.04991072,930965520.8927904,1167060204.942701,6066607.936799765,4.615096759242464e-06,6.746855980369714,5.985310350196613,0.11229044169054564,0.0005837077486675686,0.0006575436112000148,0.8871258505607867,0.8882932660581219,1.2689905720804522
6.7078352397486665,34003027699.08137,131781634458.08076,235624309.2662723,930824893.2248175,1166449202.4910898,6366312.013061523,4.730876774539848e-06,6.917951672033611,6.1373009679453165,0.11223165317657278,0.0006125442242472858,0.0006899820504291058,0.8871558025991799,0.8883808910476745,1.2688225665837454
6.877941391895903,35711934799.353226,138539162685.873,235129955.50259006,930677086.830987,1165807042.3335772,6681770.916370153,4.84949734118054e-06,7.0933862343938925,6.293161731772996,0.1121698667773641,0.0006428965740555636,0.0007241211466004029,0.8871872366485803,0.8884730297966915,1.2686460326747777
7.052361320688527,37504743796.72312,145642612286.52463,234610166.8883421,930521737.6363198,1165131904.5246618,7013991.151507854,4.9710230051578605e-06,7.2732696982686145,6.452992021644275,0.1121049073841434,0.0006748616404541568,0.0007600691186004024,0.8872202309754025,0.8885699542563108,1.2684604760307159
7.231204420576482,39385354968.065506,153109628889.12518,234063372.50338686,930358463.3523605,1164421835.8557472,7364060.3061647415,5.095519316561982e-06,7.457714884782752,6.616893842142824,0.11203658706602669,0.0007085440673179773,0.0007979428622817175,0.8872548688666553,0.8886719570012913,1.2682653664989616
7.41458286017877,41357823376.33945,160958751698.78766,233487870.24188167,930186862.5925198,1163674732.8344014,7733159.9102368355,5.223052795485066e-06,7.646837476128496,6.784971898857709,0.11196470343234613,0.0007440575373116661,0.0008378693281534231,0.8872912390303422,0.8887793541049656,1.2680601335312358
7.602611652634489,43426361346.160355,169209458061.33667,232881789.56072474,930006513.947234,1162888303.507959,8122598.962269306,5.3536908903089475e-06,7.840756088119963,6.957333677821128,0.11188903595945088,0.0007815279976864336,0.0008799891334870975,0.8873294360428627,0.8888924920382355,1.2678441558296845
7.795408727737939,45595340318.21047,177882210178.43735,232243159.98338258,929816975.0175012,1162060135.0008838,8533741.139466047,5.487501927028436e-06,8.039592344587865,7.134089528265347,0.11180935248891542,0.0008210866566823518,0.0009244486631144184,0.8873695608544022,0.8890117341677669,1.2676167800311218
7.99309500590302,47869292022.32071,186998504069.28296,231570127.22606888,929617781.4051815,1161187908.6312504,8967784.193640947,5.624555050405567e-06,8.243470953660777,7.315352748614197,0.11172542992529319,0.0008628487577801318,0.0009713761789978557,0.8874117213169267,0.8891374188324869,1.2673773798505719
8.19579447400331,50252908568.268135,196580920878.46704,230860088.9412984,929408445.6585538,1160268534.5998523,9426618.241773605,5.764920149820346e-06,8.452519785980824,7.5012396769342775,0.11163697097893611,0.0009069961614095845,0.0010209746823987638,0.8874560328596544,0.8892700251824734,1.2671251188618986
8.403634263135418,52751041447.38748,206653180633.15784,230110466.75471857,929188456.171548,1159298922.9262667,9912047.33703947,5.9086677732491375e-06,8.6668699549029,7.691869785328751,0.11154367834276008,0.0009537024472429895,0.0010734376288347477,0.887502619209997,0.8894100241044829,1.266859162289549
8.616744728354329,55368699104.60495,217240198556.21326,229318427.4298891,928957276.0350674,1158275703.4649565,10426060.8691988,6.0558690250211365e-06,8.886655898727641,7.887365779041727,0.11144522775317588,0.0010031590273891031,0.0011289782675439214,0.887551613219435,0.8895579312742132,1.26657860043176
8.835259530430811,58111042731.137115,228368144045.42255,228480844.55433077,928714341.8388605,1157195186.3931913,10970863.095932245,6.2065954439208405e-06,9.112015465019812,8.08785370089116,0.11134126418837534,0.0010555779877947447,0.0011878327925631319,0.8876031578238299,0.8897143137994195,1.2662824381391178
9.059315719682125,60983379874.7136,240064502432.55157,227594251.77895558,928459062.422338,1156053314.2012935,11548909.536704779,6.360918858097636e-06,9.34308999706492,8.29346304166712,0.11123139724900123,0.001111195589934801,0.001250264226813735,0.887657407161064,0.8898797983409336,1.2659695820271597
9.289053821928633,63991155347.29861,252358139639.38214,226654785.03852808,928190817.5728284,1154845602.6113565,12162952.41463542,6.518911211949864e-06,9.58002442251834,8.50432685734709,0.11111519547355343,0.001170276643069631,0.0013165672729584976,0.8877145278833769,0.8900550811695163,1.2656388247346781
9.524617926630176,67139938770.00694,265279369851.33984,225658110.06453797,927908956.6697335,1153567066.7342715,12816098.324830055,6.680644358777281e-06,9.822967344302478,8.720581894207925,0.11099217923347683,0.0012331200528898896,0.0013870744712084365,0.8877747007136333,0.8902409408194131,1.265288825239682
9.766155777257579,70435407905.5704,278860026332.6769,224599329.4259323,927612797.2731217,1152212126.699054,13511883.21063757,6.846189811104537e-06,10.07207113380907,8.942368723227746,0.11086181165314601,0.0013000660354690553,0.0014621642085649545,0.8878381223113849,0.890438254382323,1.2649180836856122
10.013818863955876,73883326667.78745,293133535510.4103,223472857.22391137,927301623.6553394,1150774480.8792508,14254375.59027958,7.015618437913653e-06,10.327492026464997,9.169831885611972,0.11072348641215453,0.0013715060493678748,0.0015422717550859879,0.8879050075384776,0.8906480196372133,1.2645249075137752
10.267762518557445,77489516324.85805,308134994457.3248,222272164.9629695,926974685.274294,1149246850.2372634,15048403.201821566,7.189000094095995e-06,10.589390219721615,9.403120051927463,0.11057650314702194,0.001447904602618961,0.0016279135954267465,0.8879755922503592,0.8908714014555971,1.2641073426197649
10.528146012004557,81259817921.93198,323901251907.2745,220990254.14586288,926631195.1871436,1147621449.3330064,15899045.783121824,7.366403162511625e-06,10.857929973528968,9.64238619814237,0.11042011276999578,0.0015297504497915853,0.0017196324599412424,0.8880501367802126,0.8911096376797958,1.263663303188946
10.795132654242575,85200043263.10112,340470992938.7592,219618298.23155928,926270328.4032601,1145888626.6348195,16812949.0174613,7.547893982182543e-06,11.13327971335805,9.887787803003292,0.11025338664453392,0.0016176830152340308,0.0018181389970492014,0.888128930340232,0.8913642963707001,1.2631902019631018
11.068889896646311,89315909971.66074,357884827465.1647,218145743.18922138,925891220.1754285,1144036963.3646498,17798165.02211857,7.733536111686673e-06,11.415612135835557,10.139487075218721,0.11007522609584164,0.0017124770454434587,0.001924294160202676,0.888212296858715,0.8916372509496018,1.262684979660833
11.349589437043857,93612955439.79762,376185382672.2582,216559919.18085438,925492964.2284383,1142052883.4092927,18864462.794368505,7.923389377294129e-06,11.705104317057502,10.397651218841474,0.1098843248778986,0.0018150724790916043,0.0020391422483854384,0.8883006026430098,0.8919307476011931,1.2621440015307914
11.637407327403787,98096420284.59474,395417399545.27527,214845074.2419634,925074610.9243639,1139919685.1663272,20024186.83767104,8.117508599686552e-06,12.001937823649603,10.662452754435462,0.10967907602106877,0.0019266570610266733,0.0021640028995569987,0.8883942669179046,0.8922475810399579,1.2615627975755572
11.93252408425318,102771086969.30542,415627833629.3181,212981077.18493077,924635165.3640957,1137616242.5490265,21293400.824365377,8.315941838888664e-06,12.30629882664405,10.934069922559525,0.10945744684734655,0.0020487763814885708,0.002300593468819201,0.8884937767711649,0.892591329534142,1.2609357148239075
12.235124801895816,107641049135.32697,436865960167.66077,210941286.87785655,924173585.424886,1135114872.3027425,22693790.63111639,8.518727876875887e-06,12.618378218244146,11.212687215931668,0.10921677377101575,0.0021835169795083017,0.0024512327075936744,0.888599709249476,0.8929667432084925,1.260255346177612
12.545399268501486,112709367244.56996,459183483762.83453,208688812.78915548,923688779.7339826,1132377592.523138,24256048.136476994,8.725892417861857e-06,12.938371731550003,11.498496126152286,0.10895340230638983,0.0023338319200472304,0.0026192029980117017,0.888712765773563,0.8933804296136574,1.2595115280053937
12.863542085139224,117977522573.29228,482634652705.06683,206169359.04340085,923179605.5787661,1129348964.6221669,26026433.260240793,8.93744195558089e-06,13.266480063320389,11.791696278437067,0.1086619983468717,0.0025041721704198053,0.0028094529412808823,0.8888338294827085,0.893842173823548,1.2586894217185394
13.189752787829208,123444473780.81436,507276378111.5288,203295797.4135798,922644866.7541412,1125940664.167721,28081114.75796151,9.15335292425037e-06,13.602908999847756,12.092497347711728,0.10833406362523271,0.0027018664212693395,0.0030301330476459345,0.888964069953498,0.8943678027960367,1.2577653773933006
13.524235972689754,129104801312.92517,533168358017.958,199908434.12047446,922083311.3484073,1121991745.4688816,30563633.734123707,9.373549750300977e-06,13.947869546025368,12.401122809403624,0.10795411251130153,0.002940725694473759,0.0032966080957477824,0.8891051617942247,0.8949866131831723,1.2566962786021985
13.86720142425795,134944167593.53131,560373206561.3567,195635907.45447907,921493629.4692844,1117129536.9237635,33818088.00331211,9.597849415791881e-06,14.30157805768745,12.717819219475029,0.10748628784997682,0.003253857875488182,0.003645723120208196,0.889259854274535,0.8957675700255113,1.2553822335414369
14.218864247064493,140920849115.96793,588956588388.5803,188773398.20498872,920874450.912346,1109647849.1173348,39485028.17472124,9.825727262493258e-06,14.664256377305469,13.042894995219804,0.10676642607693669,0.0037991109928392874,0.004253211146277978,0.889434462930224,0.8970326849159026,1.25336562457955
14.579445000545052,146937347361.9635,618987358420.4661,183088768.50034535,920224342.7746856,1103313111.275031,43662601.81907487,1.0055988332553731e-05,15.036131973125476,13.37677478708351,0.10615691980871376,0.004201062484058442,0.00470000000800968,0.8896420177072278,0.8980441426753447,1.2516618892547924
14.949169837373018,153198850642.77228,650537707094.8425,182110572.40755028,919541807.0173936,1101652379.424944,43147824.15016842,1.0291444134229597e-05,15.417438081833986,13.71922789958862,0.10599713001193546,0.004151532381353267,0.004643757330900618,0.8898513376067113,0.8981544023694178,1.2512138395726546
15.32827064530019,159757451140.25275,683683311203.7645,181825716.67960063,918825277.9811361,1100650994.6607368,42012606.478948355,1.0532733610883975e-05,15.808413854841692,14.070388050922762,0.10590078028036311,0.004042305716630797,0.0045210929922278025,0.8900569140030061,0.8981415254362677,1.2509427816780612
15.716985192594455,166683837596.36176,718503490430.875,184024655.95389915,918073119.8600366,1102097775.8139358,38537575.546414375,1.078066667470113e-05,16.20930450827684,14.430366812110526,0.10603998449110924,0.00370795042231956,0.004147781061783611,0.8902520650865712,0.8976679659312102,1.2513283469304635
16.115557277165735,173978729705.1691,755081369683.4792,182029971.38839927,917283624.140002,1099313595.5284014,39370566.08353782,1.10351478163305e-05,16.620361476782392,14.799431377969007,0.10577210042421646,0.0037880978516822367,0.0042361660304708545,0.8904398017241013,0.8980159974274657,1.2505796644741503
16.524236879473584,181564838869.7049,793504047300.5796,180047156.5353527,916455007.0087054,1096502163.544058,40189308.51066041,1.1295190521784246e-05,17.041842571213323,15.17800234584623,0.10550159429439745,0.0038668743778485963,0.004322952789164906,0.890631531327754,0.8983652800834512,1.2498243292347524
16.943280319312457,189454304905.1157,833862769202.7278,178133164.48538613,915585406.7456391,1093718571.2310252,40940411.08131385,1.156092007005574e-05,17.474012140333013,15.566323391987767,0.10523376680015759,0.003939142834142776,0.004402426788118394,0.8908270903656996,0.8987053760339851,1.2490770956111523
17.372950416572962,197664539165.72763,876253109031.6492,176255666.1856795,914672881.1019416,1090928547.287621,41664643.782203436,1.1832515267739422e-05,17.91714123661021,15.96463606365636,0.10496532047699002,0.004008825965762898,0.004478961606157337,0.8910258535572471,0.8990435054887729,1.2483287891240953
17.813516656079862,206195385863.34283,920775154307.179,174102118.14057505,913715404.6811602,1087817522.8217354,42663723.933472395,1.210995623167793e-05,18.37150778622041,16.37322156798398,0.10466598860884399,0.004104953955557355,0.004584829687391348,0.8912290574355987,0.8994389653467133,1.2474954325696297
18.26525535661031,215054246436.40634,967533698605.8346,171954325.60331827,912710866.3337189,1084665191.9370372,43654268.150064945,1.2393311729371169e-05,18.837396763358434,16.792353531713417,0.10436268238188298,0.0042002606476406945,0.004689689191168346,0.8914370569704764,0.8998375782657577,1.246651863163109
18.72844984419825,224255300005.20245,1016638439738.9568,170028362.04012007,911657066.5795786,1081685428.6196988,44425196.99221349,1.2682720907066276e-05,19.31510036897141,17.22230119501287,0.10407598000130301,0.004274436718275449,0.004770981269462633,0.8916495832804215,0.9001984567169724,1.2458550731845455
19.20339062983365,233811304243.03082,1068204183878.8119,167659771.22960484,910551715.0755264,1078211486.3051312,45643935.593755245,1.297830297358268e-05,19.80491821402428,17.663344497980074,0.10374172944999625,0.004391699474123731,0.0049000378779530725,0.89186657107588,0.9006499700241275,1.244927541944467
19.69037559166818,243715782868.245,1122351055547.8604,165250102.28459555,909392428.145618,1074642530.4302135,46895682.7480557,1.3279986171498757e-05,20.307157507412864,18.115802490335366,0.10339833702699075,0.004512138197204159,0.005032489212927089,0.892089524775805,0.9011138011702134,1.2439757633432444
20.189710161841372,253977428191.1413,1179204713349.4172,162829417.51233074,908176726.3955929,1071006143.9079237,48151709.1596086,1.3587857317479138e-05,20.8221332486422,18.579975845805784,0.10304845666347899,0.0046329886554161166,0.005165260810168312,0.8923185546811049,0.9015845319919372,1.243007142453549
20.70170751804469,264611005585.22766,1238896571276.9172,160441187.89541566,906902032.4345546,1067343220.3299702,49374509.93813074,1.3902058987147805e-05,21.35016842539115,19.05616402540347,0.10269602299749918,0.004750642259693143,0.005294351057668278,0.8925533347428076,0.902054619262194,1.242032580613699
21.226688779943434,275607640496.5067,1301564025393.69,157605389.97106043,905565668.7299656,1063171058.701026,51032621.84026098,1.4222514595843712e-05,21.891594216087046,19.54471084493195,0.10229459223143042,0.004910179974263487,0.005469700785771965,0.8927952277943061,0.902615587742833,1.240924361213311
21.7649832105798,286956743827.84344,1367350685625.2053,154592824.91063425,904164855.6248864,1058757680.5355207,52845228.13097465,1.4549147873292008e-05,22.446750197617497,20.045968466777587,0.10186995245581891,0.005084582597310078,0.00566129884109011,0.893045464946871,0.9032146301414912,1.2397538538661508
22.316928422883436,298647857291.9761,1436406612351.1467,151244766.64609677,902696709.5495858,1053941476.1956825,54963671.89191294,1.488189949390037e-05,23.01598455830969,20.560294868693003,0.10140655415785459,0.005288411829602357,0.005885210774763836,0.893305034012543,0.9038818576717478,1.2384787210073205
22.882870591418907,310659291970.55505,1508888557424.966,147822571.8384319,901158241.4630771,1048980813.3015089,57114619.5385797,1.5220630765249636e-05,23.59965431631063,21.088069954717152,0.10092925656420387,0.005495368471834288,0.006112275938191198,0.8935753749639619,0.9045661119076304,1.2371674762887892
23.46316466950292,323000038561.0314,1584960209183.7773,144261209.47300985,899546355.5637716,1043807565.0367814,59372161.50827086,1.5565476052845355e-05,24.19812554350537,21.629637624835134,0.10043150475143461,0.00571258124615214,0.006350357172717193,0.8938559140024133,0.9052810764947176,1.2358024158844148
24.058174611827575,335632061153.1112,1664792440941.2883,140004545.92514473,897857848.3123924,1037862394.2375371,62275052.107360125,1.5916191908453045e-05,24.8117735951137,22.18541340610903,0.09985948125843438,0.005991887203266041,0.006656613138183082,0.8941486315382996,0.9061324059448317,1.2342371702150792
24.66827360272909,348404435407.8281,1748563562380.95,133512909.27925311,896089407.8144776,1029602317.0937307,67291065.99752259,1.627169219464306e-05,25.440983345109185,22.755961398053373,0.09906472559206193,0.006474510475713163,0.007186432432638378,0.8944607639322248,0.9074097848836512,1.2320696148356256
25.29384429024536,361407357361.7453,1836459573185.5024,131356670.8052346,894237613.6142424,1025594284.419477,67913403.03083205,1.6632833042621412e-05,26.086149427608337,23.34153496299498,0.09867908673864548,0.006534389563402674,0.007249792462662972,0.8947865236979519,0.9078553028247572,1.231016660670736
25.935279026109004,374864440172.4113,1928674418152.8276,129389658.2838785,892298936.9563106,1021688595.2401891,68405081.8213551,1.7001384613206652e-05,26.747676484381216,23.94224664520165,0.09830329501754077,0.0065816971730048865,0.007299236136315837,0.8951150078094543,0.9082784021554642,1.2299916806838518
26.592980111826424,388812784170.63416,2025410242956.351,127704208.83355477,890269741.5767652,1017973950.4103199,68685591.10143864,1.7377610287463435e-05,27.425979418638683,24.55846788688888,0.09794588491401489,0.006608686792585329,0.007326264225240389,0.8954454282933998,0.9086628018785704,1.229017669875619
27.26736005099743,403307754982.64484,2126877649611.8457,126318564.82190883,888146285.0901966,1014464849.9121054,68754196.961213,1.7761879836780046e-05,28.121483655255677,25.190563096272676,0.09760825156552765,0.006615287807909127,0.007330838097074532,0.8957764606265632,0.9090070362423814,1.228098240872758
27.958841808033277,418388176128.12897,2233295950611.299,125184033.61874637,885924721.0448484,1011108754.6635948,68666977.46085083,1.8154416143718652e-05,28.834625407593368,25.838931708451447,0.09728533984579395,0.006606895853339675,0.007318919416032362,0.8961077643008664,0.9093215560075457,1.2272195731697944
28.667859073435874,434142528052.04376,2344893420579.5957,124820668.22057027,883601101.723581,1008421769.9441512,67928862.25682998,1.8555752794594813e-05,29.565851951087954,26.503932950799108,0.09702680759554308,0.00653587699593456,0.007238173902517175,0.8964373154085223,0.9095090694003916,1.2265154961264866
29.394856535804102,450814523314.91797,2461907544201.517,127675609.7538274,881171381.7741637,1008846991.527991,64169714.43038988,1.8967381326808508e-05,30.315621903777327,27.185779320015588,0.09706772092568965,0.006174184970087669,0.006837926955515941,0.8967580941042227,0.9091064640443981,1.2266197384335797
30.140290160738065,468433885352.3937,2584585259056.157,124712653.68531986,878631422.7582899,1003344076.4436098,66412086.12371719,1.9389284045254697e-05,31.08440551394173,27.884943984283048,0.09653824972720844,0.006389938113594488,0.00707272677749236,0.8970718121591971,0.909851688386386,1.2251864475887675
30.90462747681627,486570986516.8705,2713183191884.6978,122779233.2631695,875976998.7146521,998756231.9778216,67642736.18537879,1.9818591045624456e-05,31.87268495503889,28.602382685263635,0.09609682341579019,0.006508346948378862,0.00720027002557229,0.897394829635831,0.9104115235325887,1.2239923143952853
31.688347868824884,505341114568.1835,2847967886706.82,120822599.25443465,873203802.8373423,994026402.0917768,68952165.1519295,2.0255998303057748e-05,32.68095462811839,29.33847497986516,0.09564173576497685,0.0066343356132255,0.00733595951471438,0.8977239286217976,0.9109925998482487,1.2227631709517601
32.49194287842306,524744810867.49866,2989216023093.214,118776688.61864868,870307455.3766546,989084143.9953033,70402976.86492372,2.070145685590464e-05,33.509721471905074,30.09373588606464,0.09516620901644125,0.006773927630305661,0.007486377827404488,0.898059863353253,0.9116077186138645,1.2214810091813568
33.31591651243311,544842105157.5321,3137214622798.7944,117224646.40393412,867283512.8749479,984508159.278882,71426566.19722438,2.1155260836377308e-05,34.35950528074606,30.86863666291025,0.09472592380853172,0.006872413807579965,0.007591528342988171,0.8984016623838883,0.9121464899990482,1.220295084432638
34.16078555894846,565712024556.4049,3292261242866.096,115848331.87545645,864127478.8554872,979975810.7309437,72358287.99785602,2.1617777329491072e-05,35.23083903062054,31.663649713005597,0.09428983711978331,0.00696206081300654,0.007686852923088262,0.8987481020672101,0.9126722236932232,1.2191220331734873
35.027079911458124,587409309953.1685,3454664153224.546,114637266.82343933,860834816.0869167,975472082.910356,73216315.2585336,2.208919776635443e-05,36.12426921341704,32.47928993983885,0.09385650421708819,0.007044617188141226,0.007774284338988327,0.8990988785947706,0.913188112971053,1.2179579495977346
35.91534290119059,610007628167.3933,3624742496742.3477,113653960.12315178,857400960.5500875,971054920.6732392,73948909.86737883,2.2569786276201625e-05,37.04035617968778,33.31607410951002,0.0934315003513716,0.007115104873231459,0.007848391904185023,0.899453394775397,0.9136836045218598,1.2168176565369087
36.82613163788576,633573760496.9427,3802826429638.58,112859077.97179341,853821337.2371646,966680415.208958,74602253.66968048,2.30597337328333e-05,37.979674490094844,34.17454528624322,0.0930106007708003,0.007177967323536526,0.007914058675478109,0.8998114319056632,0.9141673665527362,1.2156898185995266
37.76001735920874,658225214505.822,3989257240138.4985,112578649.8341845,850091377.9149793,962670027.7491639,74866786.91892505,2.3559455442392868e-05,38.94281327576912,35.055224070736465,0.09262473534817403,0.007203419785434982,0.007938743831857756,0.900171844866391,0.9145786844372609,1.2146565586528204
38.71758578902433,684248533130.9082,4184387443261.2227,113483014.4276182,846206540.9852816,959689555.4128997,74120834.62265694,2.4070145132815642e-05,39.9303766078073,35.95851755483765,0.09233796474827856,0.007131646870487432,0.007857161138737743,0.900530388381234,0.9147936821222088,1.2138875879907067
39.699437504757306,711560959894.1304,4388580849672.898,112390622.13081142,842162333.5735376,954552955.704349,75509771.28841078,2.459107830625748e-05,40.94298387613945,36.885164679202646,0.09184373913110999,0.007265285487430377,0.00800003898060365,0.9008909753814596,0.9154215463563203,1.212569481006268
40.70618831406863,740020845618.556,4602212606626.819,111488411.92016485,837954335.9748214,949442747.8949863,76804758.85828507,2.5121299390245264e-05,41.98127017800417,37.83595822184669,0.09135205284996223,0.007389884651714356,0.008132835907341927,0.9012580624983234,0.916037831801752,1.2112601434870052
41.73846964108381,769743026901.7986,4825669209154.403,110983426.89893055,833578228.5798811,944561655.4788116,77810876.1966629,2.566109834394255e-05,43.04588671627521,38.81150153894703,0.09088241124876349,0.00748668973498297,0.008235117027343716,0.9016308990162536,0.9166042784862195,1.2100110413738079
42.79692892241598,800948482621.8076,5059348479875.889,110622269.13774695,829029821.3961006,939652090.5338476,78809230.84895635,2.6211187229424642e-05,44.137501207889606,39.81234484876405,0.0904100301206575,0.007582747919809301,0.008336446278992231,0.9020072219595332,0.9171727177991518,1.2087565974899106
43.88223001323165,833501964216.648,5303659516077.535,109712540.85530326,824305086.2664194,934017627.1217227,80454919.67770481,2.6770626525887126e-05,45.256798302633015,40.839327833144566,0.08986790180323469,0.0077410903298089934,0.008505457993566352,0.9023910078669564,0.9178731885265743,1.2073204498816186
44.99505360361405,867482450851.7584,5559022603064.204,109087476.89581408,819400191.8737621,928487668.7695762,81917207.883685,2.7339448786507174e-05,46.40448001254527,41.8931471324686,0.08933582859633157,0.007881786574812439,0.008654987010923805,0.902782384828856,0.9185459579784808,1.205913155819705
46.13609764548534,903093746497.8444,5825869093254.295,109092637.7322799,814311541.5986893,923404179.3309692,82870493.82653832,2.7918169948607985e-05,47.581266152215456,42.97443742555573,0.08884671306315442,0.007973508406408645,0.00875100657674663,0.903179778530437,0.9191267953432543,1.2046208260455598
47.30607779035495,940384260614.0187,6104641251050.162,108074372.70740515,809035814.2731667,917110186.9805717,84961552.32501328,2.8506592186581118e-05,48.78789479024236,44.08396942457335,0.08824112718332593,0.008174702724748075,0.008965860348026192,0.903584170091926,0.9199335755414222,1.2030257304063066
48.505727838169264,979240762872.4846,6395792064205.244,107164732.61834839,803570007.8429967,910734740.4613451,87029727.09700441,2.9103860921889984e-05,50.02512271214392,45.22264093062022,0.08762770406891722,0.008373695251146085,0.00917793677919677,0.9039986006799366,0.9207459911822289,1.2014132161999922
49.735800197543625,1019784091090.0593,6699785023231.297,106532181.74839514,797911485.9149673,904443667.6633625,88912443.22145414,2.9710066538131326e-05,51.29372589500549,46.391213006417686,0.08702239909818735,0.008554843596618763,0.009370266683616922,0.904422757305194,0.9215324444984314,1.1998249488042607
50.997066357665474,1062287653684.0867,7017093871359.856,106177504.13407302,792058027.1214776,898235531.2555506,90631406.58249056,3.032582311226684e-05,52.594499994164984,47.59037997733135,0.08642507397617911,0.008720236225245082,0.00954517902893682,0.9048546897985759,0.9222951622490659,1.1982604571023194
52.29031737216485,1106632960682.1333,7348202328703.154,105191192.2972244,786007877.1847506,891199069.481975,93067474.23754478,3.0950206283030046e-05,53.92826084224007,48.82111020653673,0.08574805029124227,0.008954626115171557,0.00979448402382311,0.9052973235935862,0.9232065758239293,1.1964922071109056
53.61636435525535,1152827577313.2756,7693603795563.482,104300116.84760895,779759803.5041423,884059920.3517512,95483104.63501513,3.158278510104512e-05,55.2958449608103,50.08431132736489,0.08506114638882803,0.009187049603817861,0.010041162387581964,0.9057518040073541,0.9241259032149899,1.1947021592697273
54.976038990456786,1201095187553.5847,8053801041326.81,103985601.13975257,773313152.0230093,877298753.1627619,97409827.27493894,3.222387632082684e-05,56.69811008507503,51.38078880676835,0.08441061058375146,0.009372432101940862,0.010236501438615878,0.9062169573143077,0.9249618215181894,1.1930097917220666
56.370194052219084,1251644855974.2334,8429305887054.329,103188058.07615724,766667906.0556939,869855964.1318511,99914779.42421174,3.2873667246491764e-05,58.13593570181662,52.71139122413168,0.08369449151452867,0.009613449816420584,0.010491533366759207,0.9066920586690508,0.9259189583018919,1.1911520750310673
57.79970394077371,1304309101269.6584,8820638891758.662,102263579.51715362,759824746.6701869,862088326.1873405,102610390.14530337,3.353102747428515e-05,59.61022360100562,54.07720689943435,0.08294711662162486,0.009872812030310834,0.010765804469138038,0.9071800713480643,0.926925695408686,1.1892182828105784
59.26546523054903,1359241463366.1172,9228329054421.496,101581440.34399481,752785114.1277697,854366554.4717646,105129177.7657044,3.419591998993231e-05,61.121898441394706,55.47916659922278,0.08220415481648119,0.010115160945321089,0.01102114484218274,0.9076806842381977,0.9279110061288399,1.1873003078018047
60.76839723249283,1416734405798.0103,9652913546070.225,101191665.35307139,745551269.7776748,846742935.1307461,107432809.6923616,3.4868695626118054e-05,62.67190833045535,56.91816053941993,0.08147063688873592,0.01033680833372594,0.011253650399060584,0.9081925547775381,0.9288661714449901,1.1854108996559485
62.309442570654916,1476738546223.1438,10094937488671.441,100181504.95752832,738126357.6928535,838307862.6503818,110413460.50880003,3.554856504987342e-05,64.26122541902139,58.39529112014897,0.08065904378454093,0.010623596106358107,0.011555664995162397,0.908717360109101,0.9299645523218172,1.1833270174901445
63.88956777339179,1539242949721.9543,10554953800199.43,99397548.67576046,730514465.213195,829912013.8889555,113208641.95200062,3.62348738521018e-05,65.89084651101255,59.91166313058195,0.07985122464908008,0.010892538666076028,0.011837801622810298,0.9092562366848439,0.9310413140169959,1.181257988692384
65.50976387956342,1604503236463.088,11033523127966.176,98845402.88394359,722720681.436184,821566084.3201276,115817440.37104475,3.692775426999305e-05,67.56179368861979,61.46827683220716,0.07904820856333505,0.011143548104591195,0.012100034125790124,0.9098082433320738,0.9320953395412561,1.1792063143022513
67.17104706010319,1672783445306.25,11531213895116.332,98169364.92208743,714751152.563751,812920517.4858384,118597628.22369564,3.762729378841093e-05,69.27511495334528,63.066165790488014,0.07821636243031133,0.011411048033587732,0.012379312854449572,0.9103725895361009,0.9331946856032763,1.1770870183567752
68.87445925535015,1743911571419.0432,12048602488038.133,97290820.81254932,706613132.8803111,803903953.6928605,121597613.12440312,3.833230256269334e-05,71.03188488329852,64.70660092199671,0.07734882027048404,0.011699696064030986,0.012680519269981169,0.910951483665485,0.9343508757935469,1.1748833670163086
70.62106882854356,1818092754937.079,12586273615250.715,96569278.89406548,698315030.0036697,794884308.8977352,124454754.26859772,3.904267333210988e-05,72.83320530716092,66.3907017547057,0.07648098166743085,0.011974600168973537,0.012966273494393112,0.9115444181635957,0.9354936185015427,1.172684904514148
72.41197123588991,1895610194303.348,13144820871010.463,96113278.26882397,689866442.921331,785979721.190155,127059997.29028022,3.975846305843388e-05,74.68020599524206,68.11958865955724,0.0756242134539988,0.012225267519618315,0.013225430282308602,0.9121505190263829,0.9366010540656194,1.1705200257890362
74.2482897136221,1976517489372.1301,13724847539328.215,95185998.54446574,681278191.2043227,776464189.7487885,130133543.9091146,4.047907971090181e-05,76.5740453680603,69.89451774915814,0.07470866237621719,0.012520993400702864,0.01353194706529698,0.9127703442230799,0.9378123310244857,1.1682143580445294
76.131175982482,2060826326827.573,14326967676179.742,94390884.8055681,672562333.6843044,766953218.4898725,133053076.08394074,4.120383431287843e-05,78.51591122289256,71.71679051009095,0.07379355006320486,0.012801900551895706,0.013821865041826599,0.9134045493848995,0.9390083504886908,1.1659163033902993
78.06181097006848,2148761396758.294,14951807509278.184,93697211.0691066,663732174.7937194,757429385.862826,135842039.1030978,4.193258256562308e-05,80.50702147874924,73.58764867236746,0.07287720027443763,0.013070244796651373,0.014097641434899775,0.914052554928911,0.9401930445222138,1.1636216663287813
80.04140555150316,2240609887142.628,15600007195693.133,92994622.54948173,654802256.7101938,747796879.2596755,138604833.41826284,4.266530355065792e-05,82.54862494024061,75.50834449239456,0.07195039425665557,0.013336071180445552,0.014369998217674684,0.9147135345628988,0.9413856769237899,1.1613077078316507
82.07120130887968,2336315126266.0894,16272222977664.957,92170947.11781612,645788335.4231608,737959282.5409769,141429259.2268536,4.340114028364195e-05,84.64200208081508,77.48029985618771,0.07100385518691635,0.013607827530482699,0.014647883746837967,0.915388317282601,0.9426039723435664,1.1589517856348497
84.15247130997142,2436059022828.614,16969129775972.777,91386684.41678157,636707338.8614395,728094023.278221,144142465.64911926,4.4139831637141116e-05,86.78846584585911,79.50487079825305,0.07005465452416135,0.013868882741056684,0.01491365359107227,0.9160764627347819,0.9438142282168953,1.156596184145117
86.28652090668693,2540083839348.161,17691424257962.715,90751654.08940543,627577305.2942492,718328959.3836546,146623957.32546425,4.488125298401329e-05,88.98936247616362,81.58342412433608,0.06911509430849012,0.01410764317107398,0.015155088545123725,0.9167772625204359,0.9449925488625838,1.1542709938757323
88.47468855377403,2648597823490.3804,18439828413610.953,89916269.15908901,618417300.3543063,708333569.5133953,149210036.64265883,4.5625202253340585e-05,91.2460723522731,83.71737355907626,0.06815337293486508,0.014356466657252931,0.015406469520063448,0.917490160407882,0.9462030937223878,1.1518985217374016
90.7183466482849,2761651615045.7217,19215093667572.01,89110018.89447087,609247311.2394005,698357330.1338713,151651131.0238409,4.637115596020095e-05,93.5600108602462,85.90822086974491,0.0671934941543249,0.014591340201145811,0.015642408269780896,0.9182151656445293,0.947397846046821,1.1495375058165616
93.01890239033037,2879458111973.294,20018005547847.42,88328626.74959731,600088116.9368387,688416743.686436,153938113.7194383,4.711897582712332e-05,95.93262927937215,88.15744015305192,0.06623704577392592,0.014811385658903388,0.01586204035175012,0.9189515685671708,0.9485743398849775,1.1471917215046208
95.37779866566159,3002322465213.0645,20849388922328.395,87668855.13665181,590961133.6908954,678629988.8275473,155963675.78529942,4.786873218704951e-05,98.36541569239873,90.46650788597655,0.06529539852970713,0.01500627814010004,0.01605456752485772,0.9196983233301929,0.9497108796103929,1.1448884974179854
97.79651495063362,3130403259593.968,21710113802890.65,86857041.93839322,581888235.4025714,668745277.3409647,157985301.63104987,4.862022084286014e-05,100.85989591884272,92.83698358297896,0.06434432624216693,0.015200791891996402,0.01624613874348255,0.9204548818658367,0.9508564656498295,1.1425692470579054
100.27656824011856,3263817790443.3613,22601101702876.766,86053675.98088308,572891549.216673,658945225.1975561,159825550.184489,4.937320758259008e-05,103.41763447196908,95.27047040507254,0.06340139957984642,0.015377854156660131,0.016418831022982205,0.9212207462634935,0.9519764545768138,1.1402762612316628
102.81951399894965,3402786736480.266,23523332517702.04,85336676.57629938,563993227.2131194,649329903.7894188,161393665.0861081,5.012771316260598e-05,106.04023554003818,97.76856911547132,0.06247624706128435,0.015528732675333447,0.016563561858201296,0.9219950202633822,0.9530524856140492,1.1380323464023696
105.42694713749312,3547788092290.1484,24477851880074.64,84611614.60393727,555215195.8728056,639826810.4767429,162779193.79895616,5.088427394923464e-05,108.72934399243637,100.33283607676458,0.06156189273664243,0.015662043390994668,0.016689479327163945,0.9227760638723629,0.9541001506543522,1.1358205314362897
108.10050301196037,3698817036652.3145,25465778921162.11,83812091.40078053,546578885.8233635,630390977.2241441,164029923.82527542,5.1642579126423606e-05,111.48664641132211,102.965009159441,0.06065400993919525,0.015782384249586376,0.016801460182487994,0.9235636058112184,0.9551283743103911,1.1336302921987935
110.84185845008746,3856077732126.6455,26488314347341.266,83007545.86325213,538104945.2708635,621112491.1341157,165065661.41872823,5.240277873032138e-05,114.31387214943375,105.6667929584972,0.0597612665341367,0.015882039289961975,0.016891496515377916,0.9243566941759014,0.9561207727558253,1.1314820156947865
113.65273280282419,4020035738261.26,27546748719470.64,82398148.17804164,529812941.4670514,612211089.645093,165683420.22290993,5.316552860161947e-05,117.21279441472186,108.43985246040145,0.05890480488748471,0.015941477876494185,0.01693928303883037,0.9251537172360211,0.9570366729890094,1.1294253256159825
116.53488902269434,4190938899776.055,28642470798638.645,81602386.4942827,521721055.5182756,603323442.0125583,166257278.66237855,5.393115151069972e-05,120.1852313824879,111.28595257951903,0.05804966658868868,0.015996692523830174,0.01698252228002033,0.9259536408874811,0.9579470259351415,1.1273772400745905
119.49013476950232,4368856099524.6426,29776975799944.92,80773528.20708212,513845776.77454495,594619304.9816271,166624415.8485335,5.469974745986228e-05,123.23304733572625,114.20694109728028,0.05721218503666687,0.0160320171768513,0.017004904945101373,0.9267557977864819,0.9588198321401844,1.1253760801173085
122.5203235440788,4554109979004.029,30951873375132.703,80073034.34034288,506201603.90097404,586274638.2413169,166622077.0986365,5.547190549261383e-05,126.35815383438323,117.20463237447578,0.05640929045585487,0.016031792150534897,0.016990197114467098,0.9275589173936103,0.95962250169468,1.123461184121061
125.62735585077839,4747270610762.338,32168895127017.863,79377478.74278677,498800760.4791082,578178239.221895,166379318.52529454,5.6248642068720634e-05,129.56251091426884,120.28081871901436,0.055630283324823074,0.016008434771618806,0.016951448663537597,0.9283612819035582,0.9603781514467957,1.1216069949795298
128.81318038945747,4948400349881.755,33429901444988.164,78585571.68004918,491652933.5577184,570238505.2377676,165994486.33978343,5.703023023797362e-05,132.84812831637225,123.43746481543549,0.05486634995428469,0.01597140756779096,0.016898570447701697,0.9291622424779243,0.9611050576135062,1.1197925760511298
132.0797952776788,5157746827739.472,34736887442785.67,77837936.66782567,484765043.9151703,562602980.582996,165330745.37835038,5.781729580399738e-05,136.21706674735069,126.67652810538578,0.054131686538985174,0.0159075447392824,0.01681792752003215,0.9299607687217324,0.9617758582002972,1.1180507072123442
135.42924930391138,5375931584868.079,36091987778748.31,77213094.03577511,478141056.8529904,555354150.8887655,164322529.2828976,5.861104281690969e-05,139.6714391719846,129.99992287111453,0.053434229557196775,0.015810537720965405,0.016703052460442597,0.9307552327218378,0.9623763081637686,1.1163993899919489
138.86364321251006,5603309820715.166,37497480146000.8,76448455.8748095,471781842.0624141,548230297.9372237,163242413.06361628,5.94122977966321e-05,143.21341213840805,133.4096792751788,0.05274879739947326,0.015706612724785643,0.016581253928910987,0.9315445898757411,0.9629578153253124,1.1147797979851515
142.3851310212822,5839949957899.872,38955787236913.66,75679487.17645958,465685090.45133543,541364577.627795,161962822.5679475,6.0221521410300995e-05,146.84520713694678,136.90794279237033,0.05208820185966788,0.015583495013005962,0.016439815438080378,0.9323283031273262,0.963495293153338,1.1132213684963204
145.99592137246532,6086354285841.271,40469477013347.195,74975031.10830131,459845294.760901,534820325.86920226,160432506.19381797,6.103979084430653e-05,150.56910199341408,140.49681349998892,0.05145853689688853,0.01543625333614173,0.016273672724482394,0.9331052097669698,0.9639777164392532,1.1117378480004965
149.69827891796615,6343096205770.306,42041261152237.016,74286401.1031869,454253799.33006644,528540200.43325335,158720467.48752087,6.18682517553693e-05,154.3874322977409,144.17843794103658,0.050854285242956626,0.01527152697351946,0.016089760229733085,0.9338741877835239,0.9644172417305628,1.1103161638387513
153.49452573972818,6610217135051.746,43673991584894.45,73466738.45539045,448898922.4959903,522365660.9513807,156988070.31732118,6.270734355651589e-05,158.3025928688352,147.95513842606712,0.05026019269938538,0.015104841790868812,0.015904189415625686,0.9346349655097458,0.9648446490914834,1.1089209364141168
157.38704280611762,6888016920488.082,45370655107330.734,72678570.73113783,443766152.88629043,516444723.61742824,155093203.90003854,6.355783107008021e-05,162.31703925658775,151.82924430022703,0.04969050086546306,0.014922524386813641,0.01570280461302748,0.9353869747477233,0.9652320235213505,1.1075847306522568
161.37827146524364,7176746227696.744,47134366106602.84,71744285.04779315,438838418.3300216,510582703.37781477,153234809.93271708,6.442038447407454e-05,166.43328928196908,155.80316279717678,0.04912647782781914,0.014743716234036452,0.015505444089299934,0.9361298059381444,0.9656172384062174,1.1062643482074304
165.47071497614797,7476596053492.73,48968357522519.67,71053260.79429433,434096423.37639683,505149684.17069113,151045381.9367919,6.529556001719722e-05,170.65392461618228,159.87938380049545,0.0486037317656217,0.014533057147495022,0.015275503628436321,0.9368632110868833,0.9659293253818733,1.1050411819525419
169.66694007882353,7789375708740.604,50875970242189.5,70561048.34692645,429519048.57367086,500080096.9205973,148610060.50495636,6.618568726126314e-05,174.9815923998608,164.0601700455239,0.04811595385228797,0.014298739056550698,0.015021513507257415,0.9375853070911613,0.9661827852042627,1.1039004537425223
173.96957860404837,8116214977918.465,52860641203250.44,70209560.12162082,425083801.84989387,495293361.9715147,146017408.517789,6.709210101697608e-05,179.41900690332895,168.34801554300978,0.047655390995794675,0.014049283171108021,0.014752310285872561,0.9382953258330973,0.9663938921753134,1.1028241571675628
178.38132912404473,8459223929646.816,54925890555957.44,70161094.23191753,420767309.6841011,490928403.9160186,143143654.072945,6.801701332079231e-05,183.9689512289662,172.74533838311606,0.04723541003342742,0.013772780592616326,0.014455596626549208,0.9389918093739562,0.9665373705591889,1.101842565209898
182.90495864499556,8817496218360.48,57075308299777.11,69408884.86288592,416545833.39043725,485954718.2533232,141001422.5054958,6.895919562241441e-05,188.63427905674016,177.25519497116147,0.046756859434641966,0.01356666258097175,0.014232111413805202,0.9396764779843862,0.9668098031463298,1.100729482298454
187.54330434248405,9190103200885.13,59312540861492.0,68643523.30501364,412395793.8774569,481039317.18247056,138907357.40738654,6.991742824113044e-05,193.41791643400717,181.8807126162666,0.046283916774962026,0.0133651789781554,0.01401379216858794,0.9403509042468826,0.9670812622031933,1.0996312789715594
192.2992753409417,9577351672718.79,61641278113413.8,67798023.19390221,408294286.7924652,476092309.9863674,136947172.31699723,7.089174071831317e-05,198.32286361069964,186.6248866936875,0.04580793308470844,0.013176576840354082,0.013809145241535353,0.9410154900749375,0.9673686437556457,1.0985282289810188
197.17585453822318,9979228195394.957,64065241336394.47,67023988.03200514,404219569.09967524,471243557.13168037,134983463.90062177,7.188173791547174e-05,203.35219692105412,191.490858740192,0.045341403082746944,0.012987635700477696,0.013604482002693812,0.9416709612167754,0.9676462326177308,1.0974486581794243
202.1761004764489,10397870316106.527,66588172607161.91,66453901.10292666,400151497.94057536,466605399.04350203,132912968.73398,7.288897718730823e-05,208.50907071305622,196.48152612179337,0.044895135770961006,0.012788419913840743,0.013389545371191844,0.9423164443151982,0.9678932841428797,1.0964169818979281
207.3031492602931,10834464824321.363,69213826027748.766,65959511.9256347,396071903.15108025,462031415.07671493,130880791.29315788,7.391385234665122e-05,213.79671932681703,201.6000581948213,0.044455043068167485,0.012592890924456101,0.013178752954639331,0.9429520660073765,0.9681378478562886,1.0954011312075256
212.56021652391811,11290960482074.867,71945961111920.7,65763308.50259628,391964876.1417594,457728184.64435565,128682898.35749888,7.49572595878666e-05,219.21845912311983,206.84962343737348,0.04404100132130701,0.012381417371088051,0.012951828884085399,0.9435775813076049,0.9683404160497809,1.0944459729674239
217.95059944778706,11767603029124.459,74788338496721.44,64998744.015463196,387816960.094022,452815704.10948515,127188146.0450412,7.601835917144381e-05,224.77769056340756,212.2337608778586,0.043568339665361076,0.012237597543565033,0.012795056929925667,0.9441940627910739,0.9686692578782039,1.0933600916168007
223.47767882662322,12262757637542.826,77744717956561.75,64203205.14793107,383617229.7389189,447820434.88685,125847274.43153906,7.709462561646162e-05,230.47790034251875,217.75637394538109,0.04308771237210123,0.012108583577453607,0.012653807181711208,0.9448037040504451,0.9690208712053524,1.0922581189528702
229.14492118981184,12776655817845.723,80818858467219.69,63320097.77581602,379357253.55896914,442677351.33478516,124716585.31188887,7.818518594008924e-05,236.32266357550915,223.421181807504,0.042592862902239396,0.011999792634087968,0.012533636077190297,0.9454073444636726,0.9694069297318486,1.0911260093675812
234.95588097557152,13308828931179.812,84014519808854.7,62426388.40067844,375030937.2920799,437457325.6927584,123712784.92253381,7.928853585330974e-05,242.31564603992675,229.23209846728116,0.04209061033420848,0.011903210479532063,0.01242623843961381,0.9460061791862595,0.9698126001453236,1.0899791852067298
240.9142027602632,13861990204140.613,87335464930777.44,61782844.7772137,370634255.272943,432417100.0501567,122585363.09757209,8.040570450101972e-05,248.4606064749518,235.19271284279486,0.04160565749181802,0.011794733903807567,0.012306764951199483,0.9465996086043744,0.9701890764119896,1.0888731752345715
247.02362354423337,14437600502402.246,90785462057309.66,61150663.25781125,366164885.41638505,427315548.6741963,121572897.55293757,8.15365110832759e-05,254.76139893884167,241.30690882643464,0.041114804102346365,0.011697318018387113,0.012198872261696303,0.9471878778792665,0.9705825139160408,1.0877557956376362
253.2879750956218,15036790963840.582,94368285336616.27,60606242.053951405,361621774.2244047,422228016.2783561,120595253.2619741,8.268040124379085e-05,261.2219752261563,247.57872968811418,0.04062529956999715,0.011603252511926015,0.012094599228774016,0.9477714479180769,0.9709779529419289,1.0866433081960425
259.71118635360943,15660909785208.98,98087712776403.47,59975194.85360821,357004669.3208061,416979864.1744143,119823169.34937608,8.383689097226621e-05,267.8463873462855,254.0123073046554,0.040120340772400474,0.01152896530446181,0.012010844477878604,0.9483506939231378,0.9714086245320613,1.0854981276808322
266.29728589261094,16310273095142.32,101947520330853.5,59359338.37073997,352313667.3258178,411673005.69655776,119145943.93912262,8.500465427652872e-05,274.63879006482966,260.6120152460735,0.03960973345330593,0.011463805049558632,0.011936611030825417,0.9489264614971354,0.9718540715962528,1.0843422606498434
273.05040444895496,16986094630096.566,105951471356604.58,58779087.43614565,347548832.3662196,406327919.80236524,118538864.05873251,8.618297079416936e-05,281.60344350942614,267.3822325083358,0.039095448026221,0.01140539395163777,0.011869434823896014,0.9494991580221412,0.9723099459254168,1.0831801378209889
279.974777511642,17690265536855.57,110103301276242.62,58261646.18893324,342709942.60226995,400971588.7912032,117973376.3086623,8.737149317745025e-05,288.74471584166,274.3273845695183,0.03858008063340198,0.01135098470269153,0.01180647963916722,0.9500689346639065,0.9727709040692896,1.0820175626011663
287.0747479788008,18423112172290.273,114406698168904.22,57628775.463950254,337796416.019745,395425191.48369527,117620087.23730451,8.856869273486926e-05,296.06708599673124,281.4522026170261,0.03804642572784216,0.011316992466730442,0.011764593187663146,0.9506365818054274,0.9732705667388883,1.080816304763316
294.3547688815118,19185305864665.152,118865281078323.47,57020552.046808206,332807449.88458323,389828001.9313914,117333445.0030846,8.977323088159708e-05,303.5751464925994,288.7615000511707,0.03750788377054463,0.011289412755802591,0.011729356080368378,0.9512027034736528,0.973781528985258,1.0796062537796782
301.8194061767027,19978712503430.914,123482578933669.25,56525360.31405875,327742379.3322749,384267739.6463337,117023993.55730212,9.098446589558518e-05,311.27360631036396,296.26009174479077,0.036972894825449826,0.011259638422497824,0.01169192264890301,0.9517674667520524,0.9742867435970479,1.078406137393092
309.4733416108719,20805776248351.445,128262013868914.73,55924338.82315745,322601220.3176917,378525559.1408491,116910316.74579233,9.22019790893158e-05,319.1672938476911,303.9528751839521,0.03642040234691539,0.011248700838198107,0.011673867800434636,0.9523308968148865,0.9748282984912827,1.0771693751477904
317.32137565643467,21664361214171.43,133206893071523.38,55199798.92900115,317385314.35931486,372585113.288316,116993329.04752141,9.342243044701291e-05,327.2611599471381,311.8453523533768,0.03584883347172402,0.011256687990863778,0.011675231417700773,0.9528944785374122,0.9754078545191398,1.0758926511224398
325.3684305225298,22554983464079.953,138320412721157.69,54432861.742758796,312097944.52542275,366530806.26818156,117183499.67441386,9.464417530492391e-05,335.5602810012705,319.9428710346304,0.03526630927413607,0.011274985541924024,0.011687148122131763,0.9534587051839399,0.976008676267788,1.0745940544975343
333.61955324218167,23477509856454.656,143605675764926.6,53587381.240079716,306744754.6919085,360332135.9319882,117504980.96940571,9.586518722481476e-05,344.0698621365264,328.2509707404623,0.034669894944354844,0.011305917345148055,0.011711970118756774,0.9540241877104971,0.9766360224007933,1.073267245389276
342.07991883774963,24433739505528.023,149065722044207.3,52908446.31284301,301333790.22483945,354242236.5376825,117704619.86812043,9.708457305859741e-05,352.79524047782087,336.77513597580133,0.03408394617329625,0.011325125900131206,0.011724751706179905,0.9545909279265725,0.977241179726835,1.0719658201424933
350.75483356664944,25426310942443.938,154703564757907.38,52224309.840235636,295875000.68006504,348099310.5203007,117946434.8781451,9.830186537468385e-05,361.74188849593617,345.5209163431783,0.03349289536645461,0.011348392492692646,0.011741654498230957,0.9551587121408527,0.977855497126238,1.070655561216419
359.6497382493859,26456247022436.918,160522221955079.28,51545788.97680347,290379112.9460726,341924901.92287606,118206877.81248039,9.951568232316097e-05,370.91541743980184,354.49415111312635,0.032898815416126125,0.01137345139882948,0.011760353084174197,0.9557277331850444,0.9784746359827033,1.069341050620694
368.77021168198274,27525153774454.0,166524726723751.97,50874877.37445168,284855897.7860825,335730775.1605342,118474152.68293852,0.00010072498729861075,380.32158085581557,363.7007648842152,0.03230283825309301,0.011399167649910117,0.011779684906104409,0.9562979940969969,0.9790963293968171,1.0680247888272143
378.12197413494584,28633964896451.906,172714096465185.16,50175695.928800985,279312003.72156227,329487699.65036327,118776180.9613604,0.00010192840071961635,389.96627819640815,373.1468847561506,0.03170215141313779,0.01142822775207399,0.011802388871102413,0.9568696208347882,0.9797260763389362,1.066700665473735
387.710890940962,29782970120762.07,179093241855282.9,49438554.77109396,273748695.6418925,323187250.41298646,119119032.79619151,0.00010312421518984177,399.85555852012345,382.83884152809543,0.031095944274279315,0.011461215753725107,0.011829051272925594,0.9574428399719955,0.9803652714794457,1.0653669647262778
397.54297617357616,30972847678541.66,185664801414314.5,48672345.973327994,268159974.3247675,316832320.29809546,119498501.52589297,0.00010431085945290656,409.9956242855265,392.7830969345289,0.03048449517637378,0.011497726904636999,0.011859250158901439,0.9580177779189892,0.9810132317282633,1.06402434932784
407.62439641916075,32204825205220.52,192430898966280.3,47959294.89379321,262531621.71351963,310490916.60731286,119846009.89118862,0.00010548685137397505,420.3928352413265,402.9862552939635,0.029874347543577925,0.011531162941325546,0.011886257117444407,0.9585944895150965,0.9816568153977476,1.0626870438654814
417.961474644535,33481092898773.836,199392838274492.88,47257076.65242018,256841670.7680061,304098747.42042625,120226131.88752025,0.00010665084386326791,431.0537124151447,413.4550599197901,0.029259315432709716,0.011567736947262512,0.011916402733670173,0.9591729476200278,0.9823084215145528,1.061341658989305
428.56069416266797,34803493493997.023,206550769499580.38,46589413.095619634,251062607.9087272,297652021.00434685,120640816.12144393,0.00010780088134968628,441.9849422034402,424.19651990086254,0.028639034016503598,0.011607636410539714,0.011949869118723606,0.9597533295729567,0.9829686023940362,1.0599874578530009
439.4287026989498,36175673368652.86,213903381423385.06,45960428.97699593,245165280.58993763,291125709.5669336,121114741.64596641,0.00010893528466400679,453.1933805651528,435.2177682789319,0.02801109520853681,0.011653235863122939,0.01198906263814102,0.9603356689283402,0.9836421406545861,1.0586193157446766
450.57231656057644,37594874385261.49,221447685470407.16,45140436.38860482,239124046.24899265,284264482.63759744,121890925.70812619,0.0001100490486447473,464.6860573216894,446.5266607863347,0.027350932006012012,0.011727917572604551,0.012057707099635079,0.9609211504213835,0.9843769855665925,1.0571845216758395
461.9985249116712,39059758685403.22,229178955814960.28,44294897.24198918,232922254.7231229,277217151.9651121,122810864.34201598,0.00011113747983871717,476.4701805659601,458.1311799913506,0.02667286255372393,0.011816430843034121,0.012140245954753668,0.961510706603242,0.9851435682893102,1.0557141660179354
473.71449415682054,40569956095532.17,237090869306716.47,43379298.80269459,226556835.74171573,269936134.54441035,123914356.9184379,0.00011219606145539728,488.55314118322366,470.0394621031744,0.02597230858173129,0.011922605030350138,0.012240519582138155,0.9621050863879186,0.9859502964486189,1.0541986784191968
485.72757243576933,42124743831222.12,245175848824548.44,42523866.9494742,220040705.25951517,262564572.20898938,125050927.66233307,0.00011322007523666412,500.94251748657456,482.25986400337786,0.02526304269545728,0.012031961882982096,0.012343803928656088,0.9627049954215606,0.9867689191875247,1.0526677377200864
498.04529423210255,43727472299269.1,253425559603845.12,41678718.89020296,213402005.94756258,255080724.83776554,126241932.66716298,0.00011420654648991265,513.6460799699878,494.8006470454504,0.024542973136663086,0.012146556209377251,0.012452169470176981,0.9633104706539597,0.9876035830727141,1.0511170051701477
510.6753850988001,45378036591212.125,261831452586869.56,40796747.17074673,206679858.54674453,247476605.71749127,127491996.06837392,0.00011515144055078956,526.6717961818965,507.6704445452331,0.023811331451798128,0.012266832927637946,0.01256604724359412,0.9639218356205639,0.9884555014758398,1.0495449871067744
523.6257665036244,47074688380711.79,270385209125999.62,39876563.53788184,199917192.81419545,239793756.3520773,128756723.3365652,0.0001160506391991659,540.0278357223569,520.8781056578835,0.023072114618741413,0.012388520551774054,0.012681100352601025,0.9645393648294845,0.9893164059330327,1.0479603038420078
536.9045607973877,48820118020879.81,279078934322582.44,39033630.7574111,193152104.92060164,232185735.67801273,129887232.7385636,0.00011690221570817994,553.7225753669419,534.4323250917276,0.022340097540047982,0.012497294203337254,0.012782864646378582,0.9651626082566147,0.9901571966632893,1.046394295150049
550.52009630821,50615467399544.164,287904982044008.8,38166123.29807024,186409765.14386064,224575888.4419309,130964286.48021215,0.00011770404984901233,567.7646043205713,548.3420419145547,0.021607904715960417,0.012600924538654967,0.012879217441956907,0.9657911707453846,0.9909930198226946,1.044831298705198
564.4809125649649,52459210858699.45,296855371344188.6,37267674.08681716,179696954.76798776,216964628.85480493,131989483.36212999,0.00011845329031769213,582.1627296045773,562.6165336466249,0.020875576000406505,0.012699565388718033,0.012970328466367932,0.9664248586108755,0.9918239893883116,1.0432713933484967
578.795765653185,54354033485555.555,305920856280118.25,36428125.4760587,173000782.5318576,209428908.0079163,132892004.19556412,0.00011914842969628987,596.9259815803783,577.2650793911705,0.020150515357630735,0.012786402779447344,0.013049353987377147,0.9670630818629219,0.9926358874218166,1.0417301248965816
593.4736337067931,56299003373174.484,315089813370597.5,35536763.92622198,166292136.97931844,201828900.9055404,133812937.25114608,0.00011978627700331942,612.0636196132336,592.2974650631921,0.01941926931671293,0.012875011729646103,0.013129986473091871,0.967705718953641,0.9934557424129332,1.040179206651817
608.5237225391008,58291368649141.37,324347183301485.6,34570994.79609531,159533206.91252965,194104201.70862496,134810908.31660122,0.00012036241285493066,627.5851378796274,607.7239140898561,0.018676025839577295,0.01297103300709155,0.013217890674880321,0.9683529411533311,0.9942950071675143,1.0386065697526632
623.9554714165998,60332960653741.94,333673717646406.75,33777960.40472338,152687210.12476772,186465170.5294911,135676210.09438416,0.0001208730998542711,643.5002713219176,623.5547781282697,0.017941025038796066,0.013054289310760674,0.013292775325714407,0.9690046856504433,0.9951132642719647,1.0370545654366863
639.7785589791779,62425366371200.016,343045715907392.75,32835393.587673027,145727571.55869174,178562965.14636478,136756405.29374585,0.00012131370851425459,659.8190017539985,639.8008029125319,0.017180702538686293,0.013158221906126897,0.013388241297373222,0.9696610755551868,0.9959775193674406,1.035453264694714
656.0029093104675,64560582744084.43,352435287207124.6,31790539.039336126,138643506.39320797,170434045.43254408,138005709.97112575,0.00012167620683504056,676.5515641217959,656.4735487636796,0.016398566380443517,0.01327842562264034,0.0134998030388966,0.9703230079969162,0.9968798592421968,1.033810286099957
672.6386981621296,66733876634279.08,361810960827703.1,30845656.100709632,131439710.6310101,162285366.73171973,139211425.636867,0.00012195345047049022,693.7084529225211,673.58468908066,0.015614529081738063,0.013394435357258908,0.013606900704014059,0.9709910355610031,0.9977799062755208,1.0321671331685949
689.6963593359854,68952165809204.266,371138278689093.0,29915123.105877962,124129975.510912,154045098.61678997,140448730.75478545,0.0001221416210960535,711.3004287867167,691.1456145627943,0.014821679370681885,0.01351348451822645,0.013716790387342493,0.9716648361110917,0.9986918051475445,1.030509565907034
707.1865912279958,71209218668131.9,380379960580997.5,28886609.591767237,116727777.8221444,145614387.41391164,141811326.8360256,0.00012223320063328065,729.3385252272193,709.1685992949132,0.014010505893317779,0.013644588736466652,0.013838472740349841,0.9723449053702156,0.9996340828431489,1.0288181133836916
725.1203635381851,73494764864704.88,389495467858959.25,27842536.075775634,109239902.03562403,137082438.11139965,143203786.23380107,0.00012221975305536103,747.8340555592662,727.6663486366006,0.01318959164090571,0.013778566298335482,0.013962728991931697,0.9730318420607588,1.0005889746574297,1.0271106543778674
743.5089241507305,75817236553491.1,398440313769008.6,26918646.117724713,101669533.86229433,128588179.98001905,144493150.29555327,0.00012209777290290264,766.7986199960958,746.6510412434164,0.012372303900850288,0.01390262438838164,0.014076786671022976,0.973725071710768,1.0015303204875314,1.0254147159430373
762.363806188523,78173075280040.02,407166044998789.75,25886637.921892926,94030890.13015641,119917528.05204934,145892209.47486952,0.00012186042914793267,786.2441129244866,766.1356987026664,0.011538044168050555,0.014037236958094227,0.014201089758967647,0.9744247188738552,1.0024991927900437,1.0236881498207724
781.6968352466296,80544270732250.12,415621967627192.1,24741831.01320808,86368743.78388306,111110574.79709114,147353763.2942769,0.00012149783241003916,806.1827303648001,786.1341488996184,0.01069066999938391,0.014177862542996092,0.014331071296969637,0.97513146745762,1.0034871925436122,1.0219390502366819
801.5201368091855,82935337373562.88,423758937306741.0,23757408.50649686,78767958.74869038,102525367.25518724,148528692.6442971,0.00012100720605971432,826.6269776202006,806.6593553141935,0.00986463142587885,0.014290910126240034,0.014433289204505598,0.9758444584478811,1.004426278700361,1.0202376191068958
821.8461438543795,85341788167665.25,431533910196916.75,22684890.600047477,71338267.56257536,94023158.16262284,149564453.62191018,0.00012038580085003923,847.5896771198584,827.724594033868,0.009046578672211095,0.014390567416557561,0.014521941301010383,0.9765628539112313,1.0053439887443465,1.018556474561772
842.6876046522975,87753165802591.47,438912395642682.9,21552722.99365006,64173158.93836515,85725881.93201521,150350117.28793466,0.00011963217244657973,869.0839764610542,849.3432509882124,0.008248243840111205,0.014466161220291476,0.014586474014732436,0.9772855949395973,1.0062179173801802,1.016919221308213
864.0575907605051,90172657584073.19,445866020341332.5,20679544.173206348,57303594.584677115,77983138.75788346,150556151.8690824,0.0001187498615128324,891.1233566552149,871.5282229372378,0.007503264234742518,0.014485985145417723,0.014595499031287401,0.9780107506198398,1.0069827209106752,1.0153934389227486
885.969505222403,92609950051781.05,452365025398195.3,19789313.00306793,50680290.13428253,70469603.13735045,150528802.25281656,0.00011774364085511497,913.7216405830748,894.2925451921035,0.0067803381766744835,0.014483353661217035,0.014582226085445077,0.9787363081621084,1.0077030154845426,1.0139154531324228
908.4370909734838,95053944059764.77,458369523161758.0,18728197.107462645,44205956.05818481,62934153.165647455,150526572.9441939,0.00011661176997123064,936.8930016642499,917.6506783759039,0.006055303596559499,0.014483139164956395,0.014571373253827105,0.9794615572384842,1.0084278355683969,1.012436467672016
931.4744394607612,97482783774009.06,463825631021060.25,17805641.1268057,37804000.662847444,55609641.789653145,150315700.41590443,0.00011534805750469712,960.6519727466633,941.6181769837168,0.005350564788660374,0.014462849749516006,0.01454065044177398,0.9801865854618236,1.0091122849608556,1.0110013885924753
955.0959994807872,99912529301778.66,468670469619724.6,16905193.4431349,31478369.662383452,48383563.105518356,150020218.28608054,0.00011395319807749731,985.0134552214035,966.2098277857759,0.00465529682930778,0.014434419494822147,0.014501930284896268,0.9809102836758701,1.0097791226655144,1.0095883374069812
979.3165862417978,102328235243500.23,472843909440818.9,15901598.983324226,25318245.307168152,41219844.29049238,149678320.13831267,0.00011242280306412808,1009.9927283687335,991.4416342375347,0.003966028917952998,0.014401523253597026,0.014458867540383037,0.9816324478284499,1.0104354943356442,1.008190267866348
1004.1513906556586,104705819725202.67,476298976111859.1,14941749.10923331,19438109.693796054,34379858.803029366,149033707.9403549,0.00011075419821793057,1035.605458941098,1017.3297043738125,0.0033079094925015464,0.014339500927652545,0.014387092126266517,0.982352589579846,1.0110315914351509,1.0068571989464024
1029.615988865458,107070602608573.31,479002394793347.4,14131740.676215498,13896246.100312583,28027986.776528083,147947138.63385853,0.00010895724372673882,1061.8677109891594,1043.888475197487,0.002696754633140483,0.014234955038042799,0.014273447022431425,0.9830682903288167,1.0115382004049023,1.0056202817538287
1055.7263520147071,109414986261246.23,480923928063355.25,13275716.264623318,8657544.243356736,21933260.507980056,146663340.70428097,0.00010703596389816599,1088.7959559370065,1071.133754074224,0.002110341437163306,0.014111432501721932,0.014141275421217665,0.9837782260611148,1.0120010910645587,1.0044349437420483
1082.4988562642884,111713333591414.6,482022530591146.2,12332884.151195534,3628753.746267317,15961637.89746285,145321334.19617882,0.00010498941384504845,1116.4070829128768,1099.0825860498346,0.0015357728436114861,0.013982309340030565,0.014003816020381598,0.984481917816358,1.012446536496419,1.0032753851875027
1109.9502930634135,113972364730413.38,482240198993127.25,11560315.649670452,-1265767.9396602064,10294547.710010245,143749240.58563977,0.00010281992140465442,1144.7184093418407,1127.7519044286676,0.0009905052922425715,0.01383104800393267,0.013844761313283313,0.9851784467038247,1.0128405427116902,1.0021760522945498
1138.0978796810573,116189893388203.9,481508955019291.4,10740958.656335685,-6023893.244208405,4717065.412127281,142166537.87169436,0.00010052694372718092,1173.7476918071231,1157.1595553705952,0.00045385949787995187,0.013678765897096132,0.013684976953864912,0.9858673746050239,1.0132249063992163,1.0010958211533358
1166.9592700044618,118332839433941.12,479766062211761.94,9764320.53932871,-10575731.540366223,-811411.0010375138,140612880.23812228,9.810631895526889e-05,1203.51313718686,1187.3244325095138,-7.807112204939214e-05,0.013529278406073113,0.013528222242583302,0.9865487927159763,1.0136073495281226,1.0000268937582448
1196.552565611473,120401931218887.69,476961526371910.5,9069074.032737367,-14872586.787494311,-5803512.754756944,138611811.8863649,9.556228903925669e-05,1234.0334140732639,1218.2645044655853,-0.0005583936525539982,0.013336742624182718,0.013329299627877522,0.9872216510283712,1.0138951362767368,0.9990616509212296
1226.896327123673,122412713124703.75,473048356586798.75,8335738.840453672,-18933265.04479742,-10597526.204343747,136515511.95945975,9.290202515241634e-05,1265.3276644813848,1249.9977299253285,-0.0010196568208504,0.013135043993974008,0.013121664399368281,0.9878846128268763,1.0141547008148244,0.9981356583010873
1258.0095858474228,124335897978977.0,467977162997627.5,7455030.073366335,-22743213.684600543,-15288183.611234209,134421583.4328471,9.01253642917982e-05,1297.415515854795,1282.5437632297335,-0.0014709754330419788,0.0129335735315883,0.01291457650681863,0.9885374019014537,1.0144045489646303,0.9972308521625219
1289.9118557101012,126139402365329.22,461716386115102.7,6738763.451451737,-26192786.82074642,-19454023.369294684,131914742.79552715,8.723493439680746e-05,1330.31709337572,1315.922295919896,-0.0018717979308561456,0.012692374113408936,0.012668660940074586,0.9891794238174472,1.014564172044265,0.9964268103407257
1322.6231454990498,127865450845789.28,454265396697718.25,6120535.147094518,-29219352.96631118,-23098817.81921666,129023825.42982712,8.424888644030341e-05,1364.0530325873565,1350.1509684134962,-0.002222487275689973,0.012414220178838557,0.012386690915890087,0.9898082670968514,1.0146367074545286,0.9957225738337724
1356.1639714108903,129498172063077.84,445631389437112.1,5433406.571969332,-31879097.026888646,-26445690.454919316,125984264.08978304,8.117703087791608e-05,1398.6444923362842,1385.2493207157327,-0.002544511627949935,0.012121764242140919,0.012090998555722357,0.990422747385809,1.0146662758700908,0.9950758070404169
1390.5553699190725,130998190625492.5,435813574980376.0,4768157.253708413,-34211328.39616368,-29443171.142455265,122749781.09838687,7.802436525735919e-05,1434.1131680430788,1421.238223592613,-0.0028329187117805566,0.011810553627464646,0.01177718980609078,0.991022365084316,1.0146434723392452,0.9944960870360159
1425.8189109677455,132398012585031.83,424817505155869.0,4201791.548878458,-36199117.85354696,-31997326.304668505,119243138.23428999,7.480635711209752e-05,1470.4813053094667,1458.1373703196318,-0.00307867056768005,0.011473156743916748,0.011437943085185589,0.9916055138237633,1.0145518273115968,0.9940010189444597
1461.9767115002114,133675353853437.95,412660375347089.75,3574718.9131350406,-37866441.72065159,-34291722.807516545,115655072.78056808,7.153174555451933e-05,1507.7717138705455,1495.9681285748302,-0.003299429355981549,0.011127925664228959,0.011091330602442363,0.9921715036917526,1.0144273550202105,0.9935558817815162
1499.0514493304584,134779980958771.0,399314885276241.6,2883438.926361127,-39596867.56421393,-36713428.6378528,112368048.51941742,6.819955472331068e-05,1546.007781900829,1534.754047561397,-0.0035324374014802633,0.01081165971276481,0.010773602635865194,0.9927207776887155,1.014344097114245,0.993087652195624
1537.0663773664517,135726862076944.36,384471602893335.5,2317822.9359710314,-42578236.44561198,-40260413.509640954,110346845.03296599,6.478226345185265e-05,1585.2134906830697,1574.5236498805598,-0.0038737158515858685,0.010617186598799585,0.010576217338047374,0.9932565292527863,1.0144909024503854,0.9924083611300806
1576.045338194131,136458089622670.84,367339980702658.0,1474127.899910795,-47489141.2231389,-46015013.323228106,110575859.45454772,6.118817037227268e-05,1625.4134296490845,1615.316656776019,-0.0044274032724089946,0.0106392215636146,0.010592325068941947,0.9937881817087943,1.0150666248360236,0.9913148768259078
1616.01277903125,136742167860446.44,347327105105307.5,0.0,-51900775.72560575,-51900775.72560575,110902956.22383916,5.73379814153421e-05,1666.6328118020083,1657.1713657115547,-0.004993710697723905,0.010670693668090214,0.010617672085412366,0.9943230170296337,1.015664404365814,0.9901985250109677
1656.993767060418,136742167860446.44,325214522086295.06,0.0,-52242906.4687233,-52242906.4687233,105799092.14694783,5.336543579449722e-05,1708.8974895296317,1700.0915605206255,-0.005026629318458188,0.01017961775864236,0.010128704515566413,0.9948470115598158,1.0152062470771006,0.9901236149418954
1699.0140051509934,136742167860446.44,302738977338844.44,0.0,-48898602.25499536,-48898602.25499536,97360058.14799842,4.951342432586831e-05,1752.2339708187633,1744.0636693283864,-0.004704852090756812,0.009367643491016563,0.009323776501649029,0.9953372085997403,1.0140724955817735,0.9907424165952581
1742.0998479796751,136742167860446.44,280901653332115.25,0.0,-45007582.52675479,-45007582.52675479,88811212.55988681,4.588943304010857e-05,1796.669435880786,1789.0971358780116,-0.004330471812806873,0.008545103537235468,0.008508258762488445,0.9957853682755714,1.0128755753500422,0.991466764987221
1786.2783185598819,136742167860446.44,259656070813694.53,0.0,-41895841.902721435,-41895841.902721435,81440114.35154194,4.247782422748277e-05,1842.2317541988011,1835.222410059934,-0.004031071038434419,0.007835882307641684,0.007804422127631273,0.9961951887307927,1.011866953346076,0.9920467704075105
1831.577125190325,136742167860446.44,238813277482278.3,0.0,-39096519.500403926,-39096519.500403926,74731273.81143749,3.924899372939921e-05,1888.9495020071006,1882.472953145269,-0.0037617300501467535,0.00719038118928528,0.0071634342832796166,0.9965713488608615,1.010952111239432,0.9925697133192972
1878.0246788333839,136742167860446.44,218428011177506.47,0.0,-36229972.97519693,-36229972.97519693,68284105.75354049,3.6200525379328095e-05,1936.8519802139012,1930.8784647383293,-0.0034859209924145555,0.006570057279851682,0.006547234138924552,0.9969158637125629,1.0100559782722662,0.9931070150454857
1925.6501109341682,136742167860446.44,198647834114545.78,0.0,-33306465.505946502,-33306465.505946502,62096718.50873274,3.333898758550068e-05,1985.9692327785733,1980.4679049333256,-0.0032046313523279436,0.005974728569569747,0.0059556429295145544,0.9972299027827582,1.0091793599218977,0.9936566598514833
1974.4832916914781,136742167860446.44,179594645055807.8,0.0,-30416362.298973985,-30416362.298973985,56244490.65608756,3.066732855480433e-05,2036.3320655549207,2031.2715930950048,-0.0029265557532562234,0.005411647721071872,0.005395856446345076,0.9975149080321843,1.0083382034743282,0.9942014292239391
2024.5548487921017,136742167860446.44,161355295954094.0,0.0,-27612227.727842085,-27612227.727842085,50762138.11806956,2.8184374980531787e-05,2087.9720656123113,2083.3213099022387,-0.0026567517549547053,0.0048841549787179755,0.004871213374037742,0.9977725967762368,1.0075409067336727,0.9947312004170068
2075.896186620185,136742167860446.44,143999378112607.5,0.0,-24912567.628006473,-24912567.628006473,45649549.7006301,2.5886940785389488e-05,2140.921621046761,2136.6499691915355,-0.0023969999240371505,0.0043922396438064995,0.004381736621457714,0.9980047602802307,1.0067892395678437,0.9952422903231476
2128.539505953758,136742167860446.44,127590762965730.64,0.0,-22323483.28846228,-22323483.28846228,40894597.81650968,2.3771097338635192e-05,2195.213941294439,2191.2914286696705,-0.0021478873051420815,0.003934734842405625,0.00392630158906631,0.9982131524627365,1.0060826221475478,0.9957333761896237
2182.51782416074,136742167860446.44,112189360012084.19,0.0,-19852014.68593944,-19852014.68593944,36486694.02875435,2.1832415089850652e-05,2250.883077960286,2247.2804708698704,-0.0019100912601512142,0.003510621792230312,0.0035039289681320918,0.9983994694679209,1.0054207130523816,0.9962029659165469
2237.8649959071136,136742167860446.44,97847424159282.58,0.0,-17509299.266829867,-17509299.266829867,32419761.28666565,2.006570998654534e-05,2307.963946174858,2304.6528663527565,-0.0016846833951131108,0.003119315780765973,0.0031140695594878763,0.9985653676143471,1.0048039991758793,0.9966487935299357
2294.615734390222,136742167860446.44,84605097898343.98,0.0,-15308317.51271404,-15308317.51271404,28689803.83210952,1.8464768565456657e-05,2366.4923464927333,2363.4454409679424,-0.0014729126464612602,0.0027604323501724203,0.0027563724543260863,0.9987124802962888,1.0042333449966336,0.9970682456786346
2352.8056331105486,136742167860446.44,72487520012951.14,0.0,-13260921.17668587,-13260921.17668587,25291910.237159804,1.702224865138772e-05,2426.5049873462726,2423.696114693663,-0.0012759193483310274,0.0024334989400720286,0.0024303979483056414,0.998842420408259,1.003709418288403,0.9974589287429855
2412.471188195616,136742167860446.44,61503667545269.875,0.0,-11376143.101994898,-11376143.101994898,22218655.54974594,1.5729742447019955e-05,2488.0395080687913,2485.4439142493798,-0.0010945726092344815,0.00213780114760537,0.0021354637275012335,0.9989567714616291,1.0032323737568398,0.9978189940702037
2473.6498212899805,136742167860446.44,51646288892470.06,0.0,-9659681.82005414,-9659681.82005414,19459724.72474145,1.4577926067927623e-05,2551.1345025015626,2548.728972027736,-0.000929420721887495,0.001872346495290646,0.0018706079135332814,0.9990570742265968,1.002801767217178,0.998147239508002
2536.3799030257223,136742167860446.44,42892449522352.2,0.0,-8113881.759870203,-8113881.759870203,17002035.412079602,1.3556744282601229e-05,2615.8295431994975,2613.5925198159434,-0.0007806892590304881,0.001635876245265728,0.001634600130501036,0.9991448130137648,1.0024165655042963,0.9984431157654277
2600.7007770881355,136742167860446.44,35204562000574.305,0.0,-6737824.185078147,-6737824.185078147,14829962.048506413,1.2655613628991798e-05,2682.165206250668,2680.0768800986716,-0.0006482898230711347,0.0014268869606110623,0.0014259625236189195,0.9992214028624601,1.0020751767836822,0.9987067108433566
2666.65278489168,136742167860446.44,28531905208080.45,0.0,-5527494.619539541,-5527494.619539541,12925623.87009088,1.1863639270127205e-05,2750.1830967252104,2748.225455723205,-0.0005318361551884834,0.00124365821690375,0.0012429971460806682,0.9992881779382847,1.0017754943720922,0.9989387190395735
2734.277290881725,136742167860446.44,22812573277272.332,0.0,-4476099.086000486,-4476099.086000486,11269304.232945245,1.1169836920156242e-05,2819.925874769623,2818.082719373313,-0.0004306745627080305,0.0010842929477872874,0.0010838261714248574,0.9993463816149207,1.0015149675104953,0.9991403806663586
2803.616708477929,136742167860446.44,17975696981623.297,0.0,-3574538.597098466,-3574538.597098466,9840003.644732,1.0563345826168107e-05,2891.437282362793,2889.694205180757,-0.00034392957296303057,0.0009467706557244698,0.0009464451452498311,0.9993971589172386,1.0012907002286875,0.999313390697444
2874.7145266754965,136742167860446.44,13943755078289.697,0.0,-2811968.7975763096,-2811968.7975763096,8616048.433309048,1.0033619631361906e-05,2964.7621707505155,2963.106504665123,-0.00027055778010645046,0.00082900597596069,0.0008287817426122161,0.9994415518041457,1.0010995637560671,0.9994597904732483
2947.615337321057,136742167860446.44,10634846014348.107,0.0,-2176347.0387092163,-2176347.0387092163,7575657.059285877,9.57058796584129e-06,3039.946528575762,3038.3672681996977,-0.0002094004826945216,0.0007289031651328362,0.0007287505644128843,0.9994804973175617,1.0009383036478272,0.9995818613989007
3022.364863080225,136742167860446.44,7964870585550.338,0.0,-1654901.3330637307,-1654901.3330637307,6697402.407188017,9.164788310343098e-06,3117.037510722296,3115.5252120960045,-0.00015922880486968772,0.0006444005813045347,0.0006442979905055265,0.9995148282235652,1.0008036293861742,0.9996820334234588
3099.0099861144117,136742167860446.44,5849630815352.194,0.0,-1234508.0878204252,-1234508.0878204252,5960562.562777335,8.807471486972864e-06,3196.0834678897595,3194.630130771671,-0.00011878004053673685,0.0005735044345302296,0.000573436321740688,0.9995452756060065,1.000692284475067,0.9997628109895387
3177.5987774848363,136742167860446.44,4206855543317.8105,0.0,-902004.5110026888,-902004.5110026888,5345390.88567213,8.490684150962516e-06,3277.133976918735,3275.7329134633706,-8.678771199496893e-05,0.0005143147722959246,0.0005142701399671295,0.9995724729396991,1.000601102484291,0.999826711597663
3258.1805273022246,136742167860446.44,2958127082862.733,0.0,-644472.795176897,-644472.795176897,4833345.499619602,8.20732919976959e-06,3360.239871884856,3358.885565352721,-6.200891309759582e-05,0.0004650475602687034,0.0004650187249629984,0.9995969613528289,1.0005270564733664,0.9998762099238128
3340.805775641092,136742167860446.44,2030632699913.883,0.0,-449520.5466687213,-449520.5466687213,4407303.964068424,7.951202228218398e-06,3445.4532759814474,3444.1412334333913,-4.32512911678661e-05,0.0004240553372428922,0.0004240369970952649,0.999619195953925,1.0004673066284109,0.9999136828212175
3425.526344237954,136742167860446.44,1358628243740.7314,0.0,-305558.59729224356,-305558.59729224356,4051764.861878624,7.717000787625095e-06,3532.8276342106547,3531.5542376743656,-2.93997770697478e-05,0.00038984661120282236,0.0003898351501363144,0.999639553165867,1.0004192463882726,0.9999413550013314
3512.3953689934165,136742167860446.44,884497242668.2369,0.0,-202056.67009248247,-202056.67009248247,3753017.829263327,7.500303971737576e-06,3622.4177469036276,3621.1801079086904,-1.9441184469416192e-05,0.0003611022190077697,0.00036109519888939706,0.9996583389654616,1.0003805434034772,0.9999612491496006
3601.467333298496,136742167860446.44,559320270109.7837,0.0,-129747.59657446973,-129747.59657446973,3499254.975757559,7.297522432577809e-06,3714.2798040907587,3713.0756264516895,-1.248385890113462e-05,0.00033668604683076105,0.00033668184374212925,0.9996757978120704,1.0003491699057319,0.9999751461015769
3692.7981022060426,136742167860446.44,342926440983.42645,0.0,-80753.63851665056,-80753.63851665056,3280600.7963861707,7.10582234673195e-06,3808.471420743488,3807.2988758892325,-7.769832009307998e-06,0.0003156479082025123,0.00031564545569034703,0.9996921219238067,1.0003234177402118,0.999984560147606
3786.444957468755,136742167860446.44,203464508895.47842,0.0,-48620.65763091331,-48620.65763091331,3089050.7139366255,6.923029976008006e-06,3905.051672909855,3903.9092909619085,-4.6781092333862115e-06,0.00029721763076436084,0.00029721624035432254,0.999707460478469,1.0003018957399976,0.9999907321838618
3882.4666334657427,136742167860446.44,116587969798.0632,0.0,-28261.772339436935,-28261.772339436935,2918324.378655196,6.7475254269003205e-06,4004.081134766423,4002.967713147895,-2.7192486604483515e-06,0.00028079094127930455,0.00028079017774098984,0.9997219283073812,1.0002835101899397,0.9999946403675634
3980.9233540401206,136742167860446.44,64384586448.47367,0.0,-15826.35997000381,-15826.35997000381,2763653.406437712,6.578134619426698e-06,4105.6219166097735,4104.53644648088,-1.5227568756596845e-06,0.0002659090425448171,0.00026590863763061083,0.9997356137143308,1.0002674317994205,0.9999970252003983
4081.8768702708226,136742167860446.44,34190945993.06712,0.0,-8519.29522039604,-8519.29522039604,2621531.0600080467,6.414027419142723e-06,4209.737703811492,4208.679313314461,-8.196967209908364e-07,0.0002522345285933562,0.0002522343218377097,0.9997485851681276,1.0002530542253143,0.9999984242306267
4185.390499202258,136742167860446.44,17419204244.85304,0.0,-4398.004469420909,-4398.004469420909,2489452.6310361624,6.2546278016651036e-06,4316.493796760985,4315.461709088895,-4.231605724680796e-07,0.00023952640516987402,0.00023952630381178622,0.9997608967554026,1.0002399495657421,0.9999992110521974
4291.529163556152,136742167860446.44,8493102203.361069,0.0,-2172.061749547892,-2172.061749547892,2365671.07365878,6.099539389134669e-06,4425.95715182126,4424.950655574228,-2.0898816719386545e-07,0.00022761657764582414,0.0002276165300766627,0.9997725924105214,1.000227825565813,0.9999996338330623
4400.359432450405,136742167860446.44,3952764353.4413395,0.0,-1023.6031158172009,-1023.6031158172009,2248984.940281154,5.948487272088083e-06,4538.196423323265,4537.214852464728,-9.848750347594575e-08,0.00021638944694541708,0.00021638942563376276,0.999783709040558,1.0002164879344488,0.9999998498493988
4511.949563150597,136742167860446.44,1751247210.8940694,0.0,-459.0419385164739,-459.0419385164739,2138567.234176447,5.8012751036308395e-06,4653.282006625213,4652.324727518171,-4.416740611340603e-08,0.0002057654423427041,0.00020576543325457865,0.9997942787250634,1.0002058096097488,0.9999999540046053
4626.369543880284,136742167860446.44,736474834.8728529,0.0,-195.33926203529498,-195.33926203529498,2033836.32757958,5.657755217556129e-06,4771.286082263877,4770.352485638001,-1.879485901460022e-08,0.000195688601653075,0.0001956885979751354,0.9998043301932059,1.000195707396512,1.0000000007043106
4743.691137716888,136742167860446.44,293101118.4230558,0.0,-78.63782768518296,-78.63782768518296,1934364.7351550248,5.517808979596628e-06,4892.282661225466,4891.372157386489,-7.566256108259428e-09,0.00018611779373613156,0.00018611779232791668,0.99981388977252,1.0001861253599922,1.0000000195073213
4863.987927600799,136742167860446.44,110037591.51806828,0.0,-29.853580506875822,-29.853580506875822,1839818.611890049,5.381334597109912e-06,5016.347631364604,5015.459647415249,-2.872406862100088e-09,0.00017702089719507082,0.0001770208966865948,0.9998229819752118,1.000177023769602,1.0000000255915849
4987.335362485886,136742167860446.44,38839150.636592075,0.0,-10.651936719544882,-10.651936719544882,1749920.0623940376,5.24823998864009e-06,5143.558805000455,5142.692783237977,-1.0248920098823536e-09,0.00016837117390959376,0.0001683711737370315,0.9998316298509824,1.0001683721988015,1.000000026299069
5113.810804660299,136742167860446.44,12843005.26920236,0.0,-3.559545071185485,-3.559545071185485,1664425.0553440421,5.118438853116966e-06,5273.995967719803,5273.151364682154,-3.4248694846076684e-10,0.00016014514404127892,0.0001601451439864313,0.9998398551984456,1.000160145486528,1.000000024961494
5243.4935782673465,136742167860446.44,3963814.3103245148,0.0,-1.1098873450557019,-1.1098873450557019,1583111.2102730223,4.9918486252989585e-06,5407.7409284178,5406.917214267177,-1.0678946953655292e-10,0.00015232141092116135,0.00015232141090489504,0.9998476786958683,1.0001523215177106,1.0000000229882338
5376.465019056824,136742167860446.44,1137378.3524383425,0.0,-0.3216476672620492,-0.3216476672620492,1505771.370150117,4.86838946717497e-06,5544.87757060771,5544.074228680528,-3.094781098063611e-11,0.00014488004262593822,0.00014488004262145447,0.9998551199883219,1.000144880073574,1.0000000209283313
5512.8085253979625,136742167860446.44,302166.5180766059,0.0,-0.08627938170634888,-0.08627938170634888,1432210.317881492,4.747983788834378e-06,5685.491905031784,5684.708431467709,-8.301499648056946e-12,0.00013780225605119098,0.00013780225605004702,0.9998621977522503,1.0001378022643528,1.000000018972859
5652.609610586076,136742167860446.44,74002.57148687977,0.0,-0.02132904463172101,-0.02132904463172101,1362243.078566685,4.630556020858699e-06,5829.672123606363,5828.908027014912,-2.0522059036799244e-12,0.00013107025356044242,0.00013107025356017346,0.9998689297484917,1.0001310702556125,1.0000000171753074
5795.9559564756455,136742167860446.44,16630.88646161869,0.0,-0.004837108537527672,-0.004837108537527672,1295693.9667732045,4.516032497734387e-06,5977.508654734968,5976.763455881341,-4.654096265845677e-13,0.00012466713131725846,0.00012466713131720043,0.9998753328691482,1.0001246671317827,1.000000015540963
5942.937468473528,136742167860446.44,3413.1512976721906,0.0,-0.0010015139014747732,-0.0010015139014747732,1232395.963396114,4.4043413869327174e-06,6129.094220024117,6128.36745152673,-9.636215670754136e-14,0.00011857681932886186,0.00011857681932885044,0.9998814231807674,1.0001185768194252,1.0000000140602696
6093.646331926703,136742167860446.44,636.4430561536204,0.0,-0.00018835639234961464,-0.00018835639234961464,1172190.2340403446,4.295412635728667e-06,6284.523892437365,6283.815098474167,-1.8122991772489035e-14,0.00011278403510656656,0.0001127840351065645,0.9998872159649116,1.0001127840351247,1.0000000127202024
6248.177069940027,136742167860446.44,107.25136148450416,0.0,-3.2006228945388e-05,-3.2006228945388e-05,1114925.7108325874,4.189177924813444e-06,6443.89515592414,6443.203891946572,-3.079527148561114e-15,0.00010727424342918411,0.00010727424342918377,0.9998927257565738,1.0001072742434323,1.0000000115077574
6406.626602660202,136742167860446.44,16.241930199874734,0.0,-4.8862404183950585e-06,-4.8862404183950585e-06,1060458.7077380903,4.085570624770366e-06,6607.307966560727,6606.633799014873,-4.701369239256308e-16,0.00010203361933015429,0.00010203361933015425,0.9998979663806703,1.0001020336193307,1.0000000104108586
6569.0943080631,136742167860446.44,2.1972872738772433,0.0,-6.662346205108122e-07,-6.662346205108122e-07,1008652.5585646816,3.9845257541166015e-06,6774.864815241697,6774.207321296357,-6.410275964329122e-17,9.704901326756134e-05,9.704901326756134e-05,0.9999029509867325,1.0000970490132675,1.000000009418511
6735.682084282654,136742167860446.44,0.2638985134393649,0.0,-8.062711545075648e-08,-8.062711545075648e-08,959377.273701326,3.885979938509141e-06,6946.670791961187,6946.029559242677,-7.757658403445062e-18,9.23079180967211e-05,9.23079180967211e-05,0.9999076920819033,1.0000923079180968,1.0000000085207517
6906.494413520385,136742167860446.44,0.027953169984012313,0.0,-8.603648436051232e-09,-8.603648436051232e-09,912509.2138811424,3.7898713709892045e-06,7122.833651724331,7122.2082780578485,-8.278128916937904e-19,8.779843768080227e-05,8.779843768080227e-05,0.9999122015623192,1.0000877984376808,1.0000000077085658
7081.638427575562,136742167860446.44,0.002593351642060875,0.0,-8.039459786072499e-10,-8.039459786072499e-10,867930.7799376377,3.6961397732161317e-06,7303.463882130092,7302.853975287476,-7.735286376042466e-20,8.350925704025878e-05,8.350925704025878e-05,0.9999164907429597,1.0000835092570401,1.0000000069737962
7261.223975037216,136742167860446.44,0.00020919985241008872,0.0,-6.530553018894803e-11,-6.530553018894803e-11,825530.1177279778,3.6047263576611577e-06,7488.674772668001,7488.079950121725,-6.283469180677164e-21,7.942961396158135e-05,7.942961396158135e-05,0.9999205703860384,1.0000794296139617,1.0000000063090635
7445.363690180121,136742167860446.44,1.4561203247139168e-05,0.0,-4.576368308728454e-12,-4.576368308728454e-12,785200.8374733923,3.5155737907364137e-06,7678.582485772234,7678.002374455495,-4.403221158166073e-22,7.554927199321516e-05,7.554927199321516e-05,0.9999244507280067,1.0000755492719933,1.0000000057076925
7634.173063607837,136742167860446.44,8.674801653213137e-07,0.0,-2.744309171440921e-13,-2.744309171440921e-13,746841.7468108345,3.4286261568358857e-06,7873.306129677481,7872.740365750213,-2.6404780806629083e-23,7.185849476072631e-05,7.185849476072631e-05,0.9999281415052392,1.0000718584947608,1.0000000051636433
7827.770514687312,136742167860446.44,4.385849369055029e-08,0.0,-1.3963497999346968e-14,-1.3963497999346968e-14,710356.5968857739,3.3438289232656885e-06,8072.967833122494,8072.41606174317,-1.3435188272645313e-24,6.834802153674043e-05,6.834802153674043e-05,0.9999316519784632,1.0000683480215367,1.0000000046714521
8026.2774658203125,136742167860446.44,1.865050292931325e-09,0.0,-5.974724363737254e-16,-5.974724363737254e-16,675653.8408490298,3.2611289060417045e-06,8277.692821947992,8277.154697051075,-5.748670333731924e-26,6.500904400435463e-05,6.500904400435463e-05,0.9999349909559957,1.0000650090440044,1.0000000042261759
