radius_kpc,baryon_projected_mass_Msun,field_equivalent_projected_mass_Msun,baryon_surface_density_Msun_kpc2,field_equivalent_surface_density_Msun_kpc2,sigma_Msun_kpc2,delta_sigma_Msun_kpc2,alpha_rad,theta_arcsec,beta_arcsec,kappa,gamma_t,reduced_shear_t,lambda_t,lambda_r,signed_magnification
1.0,2441727452.9961987,4358873291.214772,774747146.0090573,1387418020.3051019,2162165166.3141594,2533282.5570368767,1.3017481013464503e-06,1.0313240300000002,0.816520174331925,0.20803595264843194,0.00024374356700012062,0.0003077710002306685,0.7917203037845679,0.7922077909185682,1.594369978876943
1.02640012294669,2571914077.8134317,4592051222.282951,774480828.6510648,1387412195.7042277,2161893024.3552923,2669873.8567171097,1.336030745485304e-06,1.0585511111898758,0.8380902131678264,0.20800976810316657,0.0002568859030229071,0.00032435488807438937,0.7917333459938105,0.7922471177998563,1.594264572161384
1.0534972123849804,2709016893.9020605,4837702463.781666,774200086.3487318,1387406059.5473135,2161606145.896045,2813891.383424282,1.3712116156252382e-06,1.0864969906706439,0.8602308323651348,0.20798216566349473,0.00027074276457695376,0.0003418392274004313,0.7917470915719284,0.7922885771010822,1.594153469937158
1.081309668315939,2853400542.8533607,5096494186.733302,773904127.4640818,1387399595.171837,2161303722.6359186,2965745.8153705597,1.4073138636472112e-06,1.1151806448055577,0.8829571879525157,0.20795306755757587,0.00028535366568016774,0.00036027368327811913,0.791761578776744,0.7923322861081044,1.5940363611601516
1.1098563765029243,3005448579.2352366,5369129241.172995,773592115.7446154,1387392785.0243213,2160984900.7689366,3125871.3272099495,1.4443612062550926e-06,1.1446215509361932,0.906284843734487,0.20792239163519208,0.0003007603810957213,0.0003797107479362045,0.7917768479837122,0.7923783687459036,1.5939129174245248
1.1391567212957696,3165564416.0540423,5656348063.474321,773263167.6750114,1387385610.6129014,2160648778.287913,3294727.0246300697,1.4823779360092267e-06,1.17483970060834,0.9302297826966411,0.207890051108374,0.0003170070843634429,0.00040020591182703954,0.7917929418072626,0.7924269559759894,1.5937827919504663
1.169230598793526,3334172313.3283863,5958930685.55521,772916349.6561378,1387378052.457063,2160294402.1132007,3472798.4765748978,1.5213889323202098e-06,1.2058556131470526,0.9548084187665923,0.2078559542751391,0.0003341404952249187,0.0004218178461710956,0.791809905229636,0.7924781862200859,1.5936456185077597
1.200098430354707,3511718411.2291994,6277698851.400759,772550674.9983205,1387370090.0348368,2159920765.0331573,3660599.3534555435,1.5614196723732652e-06,1.2376903495900908,0.9800376089447668,0.20782000422511396,0.0003522100372463904,0.00044460859795111265,0.7918277857376397,0.7925322058121325,1.5935010102706688
1.231781176464201,3698671809.218669,6613518246.624826,772165100.714622,1387361701.727234,2159526802.441856,3858673.1799063683,1.6024962419494248e-06,1.2703655269892011,1.0059346658200594,0.20778209852564836,0.0003712680064628042,0.00046864379834368606,0.7918466334678889,0.7925891694808145,1.5933485585990472
1.2643003509662745,3895525692.5862675,6967300847.09511,771758524.0985432,1387352864.7595801,2159111388.8581233,4067595.2114191055,1.6446453461056985e-06,1.3039033330889527,1.0325173704863169,0.20774212888688934,0.0003913697519409676,0.0004939928856637282,0.7918665013611697,0.7926492408650516,1.5931878317400874
1.2976780356733275,4102798507.730006,7340007392.969947,771329779.0691144,1387343555.139802,2158673334.2089167,4287974.4455189705,1.6878943196726534e-06,1.3383265413931,1.0598039858764745,0.20769998080418062,0.000412573869287864,0.0005207293440515431,0.7918874453265315,0.7927125930651072,1.5930183734447703
1.3319368953603226,4321035187.46353,7732649994.830063,770877632.2646502,1387333747.593445,2158211379.858095,4520455.779050827,1.7322711375228029e-06,1.3736585266286963,1.0878132705322638,0.2076555331759649,0.0004349424082171654,0.0005489309592336157,0.7919095244158179,0.7927794092322523,1.5928397014924196
1.3671001931550677,4550808427.541107,8146294878.94197,770400778.864651,1387323415.4951222,2157724194.359773,4765722.324151993,1.7778044245577694e-06,1.409923280618463,1.116564492828583,0.20760865789518668,0.0004585410953840165,0.0005786800928011189,0.7919328010094293,0.7928498832001973,1.5926513061161087
1.403191806334805,4792720015.480206,8582065279.06712,769897838.117221,1387312530.7964387,2157210368.9136596,5024497.897357464,1.8245234653569924e-06,1.4471454285721908,1.1460774456727445,0.20755921941202052,0.0004834395738780143,0.0006100639766662553,0.7919573410141014,0.7929242201618575,1.5924526483211086
1.4402362425398318,5047402212.621079,9041144482.619148,769367348.5471117,1387301063.949988,2156668412.4971,5297549.697262764,1.8724582134236372e-06,1.485350245808237,1.1763724617002904,0.20750707426549359,0.0005097116608585399,0.0006431750294630375,0.7919832140736479,0.7930026373953649,1.5922431580876268
1.4782586564151625,5315519190.190262,9524779039.38879,768807762.8168511,1387288983.8293238,2156096746.646175,5585691.188355446,1.9216392999567405e-06,1.5245636749164708,1.2074704289904286,0.20745207058134094,0.0005374356250269165,0.0006781111969103626,0.7920104937936321,0.793085365043686,1.5920222324483178
1.5172848666915315,5597768519.925419,10034282141.48945,768217442.2105061,1387276257.644653,2155493699.8551593,5889785.210362434,1.9720980420704795e-06,1.5648123433743233,1.2393928073258054,0.20739404753314136,0.0005666944857969106,0.0007149763183498246,0.7920392579810618,0.7931726469526555,1.591789233430013
1.55734137371734,5894882719.566216,10571037183.636814,767594650.7063154,1387262850.8541138,2154857501.560429,6210747.334902763,2.0238664503729036e-06,1.6061235816279034,1.272161645023043,0.20733283476346978,0.0005975763362600912,0.000753880521948674,0.7920695889002701,0.7932647415727904,1.591543485848062
1.598455377453445,6207630853.2141075,11136501513.353344,766937548.600663,1387248727.0701778,2154186275.6708407,6549549.493499756,2.0769772358061508e-06,1.648525441650458,1.3057995963624804,0.20726825176141317,0.0006301746922604438,0.000794940651311951,0.7921015735463264,0.7933619229308473,1.5912842749402876
1.6406547959430138,6536820186.204554,11732210381.203865,766244185.6415989,1387233847.9612536,2153478033.602853,6907223.904455662,2.1314638156402374e-06,1.6920467159907768,1.340329939647534,0.2072001071924343,0.0006645888702244815,0.0008382807266420701,0.7921353039373412,0.7934644816777902,1.5910108438263597
1.6839682842689858,6883297893.710425,12359781101.692848,765512493.6252749,1387218173.1479049,2152730666.77318,7284867.328814983,2.1873603184992025e-06,1.7367169573244763,1.3757765959266073,0.20712819817604133,0.000700924396655117,0.0008840324438864874,0.7921708774273035,0.7935727262206138,1.5907223907765173
1.7284252540120137,7247952821.794221,13020917436.024004,764740278.403103,1387201660.0936136,2151941938.4967165,7683645.690089226,2.244701588285815e-06,1.782566498521444,1.4121641484129115,0.20705230950623424,0.0007392934526253829,0.0009323357158213393,0.7922083970411404,0.7936869839463911,1.590418066271932
1.774055893222095,7631717299.038406,13717414208.50938,763925211.2411237,1387184263.9897504,2151109475.230874,8104799.096503258,2.303523186855338e-06,1.8296264732430605,1.449517862640486,0.2069722128090658,0.0007798153570013714,0.0009833392594774466,0.7922479718339328,0.7938076025479355,1.5900969698368002
1.8208911869174582,8035568996.193716,14451162169.036806,763064819.4657786,1387165937.6343613,2150230757.1001396,8549647.30974722,2.3638613952718118e-06,1.8779288370831964,1.4878637073978926,0.20688766563094788,0.0008226170926263702,0.001037201234905507,0.7922897172764257,0.7939349514616785,1.5897581466198207
1.8689629381246233,8460532830.478741,15224153114.662329,762156476.3219084,1387146631.3045914,2149303107.6264997,9019595.71029234,2.425753213461601e-06,1.9275063892673274,1.5272283764845003,0.20679841045054853,0.0008678338802826401,0.0010940899409639115,0.7923337556691689,0.7940694234297342,1.5894005837000305
1.9183037894739203,8907682910.223415,16038485284.07722,761197389.9591312,1387126292.6222718,2148323682.581403,9516141.816022396,2.4892363580569166e-06,1.978392794924515,1.5676393113383098,0.2067041736061673,0.0009156098058912817,0.001154184574565915,0.7923802165879414,0.7942114361997239,1.5890232060886513
1.968947245365133,9378144514.451687,16896369039.426643,760184591.4515362,1387104866.4123874,2147289457.8639235,10040882.419163704,2.5543492581981684e-06,2.0306226079473677,1.6091247245885767,0.2066046641294144,0.0009660985072026195,0.001217676060752901,0.792429237363383,0.7943614343777883,1.5886248723949759
2.0209276947183192,9873096100.721064,17800132850.716057,759114921.7425911,1387082294.5540166,2146197216.2966077,10595521.415867567,2.62113104903642e-06,2.084231294455507,1.651713624591448,0.20649957247475317,0.0010194639271311789,0.001284767962016936,0.7924809635981156,0.794519891452378,1.588204370119974
2.0742804343252534,10393771333.049393,18752229598.843918,757985017.392001,1387058515.8234107,2145043533.2154117,11181878.413887978,2.689621562646357e-06,2.139255256878471,1.6954358410123365,0.2063885691330149,0.001075881141956259,0.0013556774765465598,0.7925355497250288,0.7946873120089413,1.5877604105363095
2.129041692817354,10941461120.028336,19755243214.135292,756791294.9834158,1387033465.7286599,2143824760.7120757,11801898.216650963,2.759861316024435e-06,2.195731858674416,1.7403220515250681,0.20627130311525482,0.0011355372738458378,0.0014306365365176225,0.7925931596108994,0.7948642341585911,1.5872916231075098
2.1852486552663613,11517515651.20912,20811895668.144432,755529934.031014,1387007076.3356867,2142537010.3667006,12457661.297809124,2.8318914958075783e-06,2.2536994497013847,1.7864038097047448,0.20614740029134143,0.0011986324986814909,0.001509893019335561,0.792653967209977,0.79505123220734,1.5867965493922416
2.242939488434482,12123346417.50124,21925054337.4141,754196858.198307,1386979276.0849376,2141176134.2832446,13151395.398165703,2.905753939300941e-06,2.3131973922583886,1.833713574199473,0.20601646156525844,0.0012653811618737708,0.0015937120867371409,0.7927181572728678,0.7952489195966154,1.5862736363713716
2.3021533666911385,12760428198.593859,23097739758.866173,752787714.613288,1386949989.5984275,2139737704.2117157,13885488.399127007,2.981491111351636e-06,2.374266087813973,1.8822847392750368,0.20587806086631516,0.0013360130170006707,0.0016823776691752652,0.7927859261166842,0.7954579521506856,1.5857212291259781
2.362930498613921,13430300997.225464,24333133797.517933,751297851.0292776,1386919137.4765127,2138216988.5057902,14662502.65262127,3.0591460765441906e-06,2.4369470044404182,1.9321516668371796,0.20573174293208957,0.001410774604582182,0.0017761941158144,0.7928574824633282,0.7956790316724927,1.5851375627828783
2.4253121542918117,14134571896.411074,25634588248.303337,749722290.5392601,1386886636.0839546,2136608926.6232147,15485190.97901392,3.1387624661243837e-06,2.5012827049722133,1.9833497200480312,0.20557702085494617,0.00148993079134362,0.0018754880340282468,0.7929330483537103,0.7959129099363975,1.5845207536306283
2.489340693349217,14874916811.391552,27005633894.90956,748055703.5015602,1386852397.3246462,2134908100.8262064,16356514.582490206,3.2203844389770874e-06,2.567316875907909,2.0359152986670863,0.20541337335914786,0.0015737664939709352,0.0019806103465698868,0.7930128601468812,0.796160393134823,1.583868789292399
2.5550595937098355,15653082102.981922,28449990049.7313,746292376.2744842,1386816328.4044328,2133108704.678917,17279663.179410458,3.304056635890013e-06,2.6350943570749905,2.0898858762630974,0.20524024176979225,0.0016625886157904965,0.002091938599776105,0.7930971696144172,0.7964223468459982,1.5831795178222707
2.6225134811198947,16470886013.025244,29971574600.29757,744426176.2843602,1386778331.5814054,2131204507.8657656,18258077.691652775,3.3898241262257815e-06,2.704661172077899,2.145300039461835,0.20505702662775507,0.0017567282302429692,0.0022098795625436047,0.793186245142002,0.7966997016024879,1.5824506355673373
2.6917481594508117,17330219875.633926,31574514588.841213,742450512.8622158,1386738303.9030464,2129188816.7652621,19295475.92604065,3.4777323459962104e-06,2.776064559549894,2.202197529416427,0.20486308389624164,0.0018565430516678208,0.0023348721636080576,0.7932803730520905,0.7969934591554262,1.5816796736085426
2.7628106418018397,18233049049.61369,33263157353.05419,740358293.1746895,1386696136.929431,2127054430.1041205,20395881.74642396,3.567827026180671e-06,2.84935300522996,2.2606192857125893,0.204657720693981,0.001962420242138689,0.002467390824301471,0.7933798590638803,0.7973046995481576,1.5808639825568955
2.835749182423832,19181413507.656918,35042082257.53482,738141872.439431,1386651716.44195,2124793588.881381,21563658.35160494,3.6601541099517122e-06,2.9245762748865514,2.3206074929511176,0.20444019047710063,0.00207477961334876,0.002607949256000016,0.7934850299095506,0.7976345891362482,1.5800007154370976
2.9106133094857967,20177428006.24031,36916113046.93608,735792997.4468769,1386604922.136604,2122397919.5834808,22803546.404996157,3.7547596572556584e-06,3.001785448110529,2.382205630286157,0.20420968757547964,0.0021940772953127907,0.0027571048064510034,0.7935962351292076,0.7979843897198331,1.5790868083347733
2.9874538587064943,21223281746.263256,38890330853.43345,733302742.199389,1386555627.3011906,2119858369.5005796,24120707.93007803,3.851689734939943e-06,3.0810329530002325,2.445458524240569,0.2039653409691122,0.002320809959834153,0.0029154634581609355,0.7937138490710536,0.798355468990722,1.5781189584138395
3.066323007873909,22321237417.809227,40970087892.80096,730661434.2126479,1386503698.475559,2117165132.688207,25520777.098816633,3.950990290308492e-06,3.162372601762242,2.5104124051715506,0.20370620716439694,0.002455519707188354,0.0030836856060930044,0.7938382731284147,0.7987493125427915,1.5770935988224246
3.1472743122760445,23473629502.349586,43161021885.13341,727858569.6856334,1386448995.0939503,2114307564.7795837,27009919.31308508,4.052707005608811e-06,3.245859627252009,2.577114967822615,0.20343126199767714,0.0025987997507302815,0.003262492772748889,0.7939699382515926,0.7991675377530532,1.5760068698935483
3.230362741067091,24682861681.405163,45469071238.106346,724882715.3111527,1386391369.1086442,2111274084.419797,28594900.33204007,4.156885130493348e-06,3.3315507204791595,2.6456154364747633,0.20313939115158244,0.002751301068088048,0.0034526754585900393,0.7941093077803295,0.7996119099165057,1.5748545859029037
3.3156447145936694,25951403171.04419,47900491032.58384,721721393.9363599,1386330664.5938299,2108052058.5301898,30283167.65799117,4.263569288926318e-06,3.419504069102943,2.7159646353045868,0.2028293791155709,0.002913740231826026,0.0036551023776984493,0.7942568806526031,0.8000843611162551,1.5736321964594433
3.403178142706485,27281783765.19701,50461869852.41609,718360950.547013,1386266717.3287907,2104627667.8758037,32082946.99875641,4.372803256297017e-06,3.509779396943967,2.788215064674949,0.20249989625129924,0.0030869086907145456,0.0038707313970297082,0.7944131950579862,0.8005870124394153,1.5723347413604054
3.4930224640834244,28676587325.70912,53160147502.38005,714786394.0767905,1386199354.3592348,2100985748.4360251,34003357.43012333,4.484629701606274e-06,3.602438004539048,2.862420984232123,0.2021494835298628,0.0032716838502581873,0.004100622588718527,0.794578832619879,0.8011222003203954,1.5709567974194594
3.5852386865907766,30138443400.769386,56002633660.44688,710981209.2425921,1386128393.5357776,2097109602.7783697,36054549.96685696,4.599089888457793e-06,3.697542810766707,2.93863850387126,0.20177653438284224,0.003469042405512394,0.00434595392761381,0.7947544232116454,0.8016925080226701,1.5694924153446501
3.679889428710003,31670016582.34951,58997027512.873695,706927130.846199,1386053643.0283182,2092980773.8745172,38247875.729293585,4.71622332712668e-06,3.7951583955715984,3.0169256838736307,0.20137927293967528,0.0036800765214836037,0.0046080403335257095,0.7949406505388411,0.8023008035818083,1.5679350441574316
3.777038962058171,33273993122.72522,62151438423.05786,702603870.5661796,1385974900.8151479,2088578771.3813276,40596091.93646383,4.836067368081481e-06,3.89535104381685,3.0973426458326445,0.2009557276913756,0.0039060136530654236,0.004888356989006433,0.795138258655559,0.8029502859616898,1.566277439840206
3.8767532550309456,34953064213.19943,65474407687.63344,697988782.8978419,1385891954.1454751,2083880737.043317,43113616.823367596,4.958656724837417e-06,3.998188790294133,3.179951696398785,0.2005036992967321,0.004148241072285192,0.005188568188040693,0.7953480596309828,0.8036445417755531,1.5645115537792376
3.979100017597744,36709905175.03667,68974931435.95409,693056452.1329632,1385804578.974059,2078861031.1070223,45816848.66780567,5.084022910680051e-06,4.103741465921977,3.2648174664251957,0.2000207207885489,0.004408336563947341,0.005510563433958802,0.7955709426475037,0.8043876157753984,1.5626283949822954
4.0841487472795,38547149609.05618,72662484731.89,687778175.4006193,1385712539.3665519,2073490714.7671711,48724570.04636288,5.2121935692655615e-06,4.212080745163746,3.352007068844539,0.19950400777643018,0.004688107321726938,0.00585650317711722,0.7958078849018428,0.8051840995452968,1.5606178577604912
4.191970776340249,40467357275.002075,76547046939.7668,682121306.6875926,1385615586.8740234,2067736893.561616,51858467.22773242,5.343191672840687e-06,4.323280194697455,3.4415902796420146,0.1989503952705424,0.004989639922374579,0.006228877578760874,0.796059964807083,0.8060392446518322,1.5584685031945473
4.3026393202245625,42472974092.11654,80639128419.32913,676048411.567735,1385513459.8752513,2061561871.4429862,55243807.91994381,5.477034553002786e-06,4.437415323370456,3.533639747746123,0.19835625628935433,0.00531536553617876,0.00663058319594065,0.7963283781744669,0.8069591092468243,1.556167277637329
4.416229527273755,44566282117.19322,84949798617.75928,669516158.9587753,1385405882.885069,2054922041.8438442,58910341.24870038,5.613732716216153e-06,4.554563633472964,3.628231241756022,0.19771739516181358,0.0056681465197265584,0.0070650248248493135,0.7966144583184599,0.8079507513579129,1.5536991436879846
4.532818529754585,46749336583.20081,89490715630.10403,662473839.1134226,1385292565.827131,2047766404.9405537,62893516.836108446,5.753288377557021e-06,4.674804673365174,3.7254439445180907,0.19702890486367416,0.006051393711385373,0.007536253481649905,0.7969197014249405,0.8090224888477112,1.5510465866752594
4.65248549623514,49023885932.497406,94274157302.91005,654861336.3061172,1385173203.2694035,2040034539.5755205,67236174.25015283,5.895693617720422e-06,4.798220091493774,3.8253608112581414,0.19628497188296384,0.006469228984208944,0.008049157671426421,0.7972457991328272,0.8101842571012452,1.5481889393832828
4.77531168534344,51391269014.602585,99313053959.44695,646606281.5108869,1385047473.6204412,2031653755.131328,71990947.1759603,6.040928023770829e-06,4.924893691834489,3.928069014328046,0.195478602183298,0.006926716566868301,0.008609735658574053,0.7975946812498337,0.8114481143835703,1.5451014332511663
4.901380500945272,53852280806.3091,104621022828.65868,637619927.4659786,1384915038.2846775,2022534965.7506561,77223792.9253099,6.188955601690414e-06,5.054911490798296,4.033660509578067,0.1946012242357833,0.0074302026406838405,0.009225495325136996,0.7979685731235329,0.8128289784049005,1.5417538230782684
5.030777548778737,56406993325.75396,110212404263.85791,627790947.3874885,1384775540.7746522,2012566488.1621408,83019370.37820578,6.339720625768584e-06,5.188361775640009,4.142232779665324,0.19364209226756435,0.007987832786310644,0.009906063684268045,0.798370074946125,0.8143457405187463,1.5381083180623705
5.1635906945839425,59054510178.930405,116102299841.22514,616975682.3499676,1384628605.7781224,2001604288.12809,89489613.68977308,6.493141869758387e-06,5.325335164408811,4.253889845931858,0.19258734780921472,0.008610376915760129,0.010664159017569574,0.7988022752750251,0.8160230291065454,1.5341163254905734
5.299910123767344,61792617749.53047,122306612432.39354,604981917.7012513,1384473838.1779556,1989455755.879207,96788193.16290522,6.649104244888361e-06,5.465924667481536,4.368743709764996,0.19141845862394266,0.009312620646872351,0.011517231312285438,0.799268920729185,0.8178941620229296,1.5297130292765293
5.439828402641209,64617264708.61743,128842088349.73547,591539877.3566649,1384310822.0225096,1975850699.3791745,105136735.48197317,6.8074460023722846e-06,5.610225750720394,4.486916527492558,0.19010942778119494,0.010115888122286252,0.0124904381768174,0.7997746840965188,0.8200064603410913,1.524807688419702
5.583440541279832,67521730877.954315,135726361667.50548,576245115.4620566,1384139119.4441986,1960384234.9062552,114877195.03679967,6.967937669604775e-06,5.758336400298098,4.6085441509852005,0.1886212987886204,0.011053080994640307,0.013622591988350419,0.8003256202167393,0.8224317822060199,1.5192645182832378
5.730844058035154,70495162876.02797,142978000826.66357,558429588.1512716,1383958269.5238125,1942387857.675084,126591852.40632987,7.130243635957394e-06,5.910357189234369,4.7337825329915795,0.1868897504592717,0.012180224260006414,0.014979794273760796,0.8009300252807219,0.8252904738007347,1.5128594870808414
5.882139045755589,73519565108.25986,150616557636.0549,536801199.32261926,1383767787.0981174,1920568986.4207366,141444063.12364745,7.2938401769109666e-06,6.066391345689009,4.862821322420571,0.18479041515509165,0.01360925190953588,0.016694175537846512,0.8016003329353725,0.8288188367544442,1.5051594106721256
6.037428239753063,76561613873.50897,158662618787.60367,507929890.5623157,1383567161.5080676,1891497052.0703833,162634361.05042362,7.457783179202628e-06,6.226544823057935,4.995922262539301,0.18199321554604492,0.015648108091654414,0.01912955783380209,0.8023586763623007,0.8336548925456095,1.4950136001265395
6.196817087564361,79518847761.96487,167137860008.35983,449059620.8412295,1383355855.2850254,1832415476.1262548,212172033.6707511,7.619104453908931e-06,6.390926371919741,5.133683890256332,0.17630859342420208,0.020414449292647834,0.024784098910918106,0.8032769572831501,0.8441058558684457,1.4748157870985423
6.360413820554211,82394240830.9255,176065102977.52844,442023211.3241211,1383133302.7721307,1825156514.096252,208471985.4202671,7.778333128391343e-06,6.559647613881666,5.276130514896855,0.17561016154458545,0.020058443620820838,0.024331260145567232,0.8043313948345937,0.8444482820762355,1.4722851205668648
6.528329527408668,85375876100.95166,185468375142.07803,435067501.99630255,1382898908.6779702,1817966410.6742728,204892595.27123237,7.94140286613787e-06,6.732823117375103,5.422397580133685,0.17491835499884312,0.01971404724853803,0.02389345026395586,0.8053675977526189,0.8447956922496949,1.4697861702599626
6.700678229568763,88467351494.65723,195372972570.14044,428169198.8382641,1382652046.5595975,1810821245.3978615,201450802.66617894,8.108397011318813e-06,6.910570475452123,5.572588926243599,0.17423087224393283,0.01938289002957718,0.023472529279761234,0.80638623772649,0.8451520177856443,1.4673106174085744
6.877576958655588,91672549027.13927,205805525987.13895,421384725.2118953,1382392057.2318323,1803776782.4437275,198085386.11079836,8.279405966700557e-06,7.093010385635824,5.7268103332224385,0.17355307871345146,0.0190590814463731,0.02306147068308198,0.8073878398401755,0.8455060027329216,1.4648767988828193
7.059145835939417,94995705528.90953,216794070145.44916,414714193.8247512,1382118247.0996888,1796832440.92444,194793106.70046878,8.454528445415736e-06,7.280266731878759,5.885169396186632,0.17288491851644683,0.01874230986287733,0.02265985747625376,0.8083727716206759,0.8458573913464305,1.4624841720985036
7.245508153906833,98441215015.09973,228368116684.39014,408154946.93715596,1381829886.4107447,1789984833.3479006,191573570.43277454,8.633865395625554e-06,7.472466668685056,6.0477766119980005,0.17222606572030433,0.018432537369558643,0.022267598200706923,0.8093413969101371,0.8462064716492543,1.4601312736205767
7.43679045998122,102013631267.48524,240558730643.39594,401704350.1695565,1381526207.4241116,1783230557.593668,188426417.29620147,8.817519957837481e-06,7.669740707453386,6.214745472649805,0.17157619298492155,0.0181297293273712,0.021884606856839416,0.8102940776877072,0.8465535363424497,1.4578166531633105
7.633122642453494,105717672772.55011,253398610797.3985,395359789.3199292,1381206402.4926734,1776566191.8126025,185351324.58104968,9.005597488030952e-06,7.872222805099386,6.386192550073153,0.1709349710719698,0.017833854686318963,0.021510803210910846,0.8112311742417112,0.8468988836143491,1.4555388713244988
7.834638018681431,109558227678.51013,266922173989.66223,389118666.86472917,1380869622.0551515,1769988288.9198806,182348010.42964435,9.198205578327093e-06,8.08005045501775,6.5622375836883435,0.17030206831503147,0.017544886327044533,0.021146113129888126,0.812153045357924,0.8472428180120131,1.4532964972303617
8.041473425617431,113540358746.90344,281165643643.548,382978398.07325083,1380514972.5344758,1763493370.6077266,179416237.6892395,9.395454074831066e-06,8.293364780445675,6.743003570824123,0.16967715004352585,0.017262801431542057,0.02079046895126032,0.8130600485249321,0.8475856513880161,1.4510881060671443
8.253769312726272,117669308269.31578,296167142640.9714,376936406.64294714,1380141514.1389825,1757077920.7819297,176555818.15128422,9.597455092228384e-06,8.51231063029119,6.928616860137429,0.16905987795119395,0.016987581891044542,0.020443809897106834,0.8139525401577615,0.8479277039398506,1.4489122764684998
8.471669837355861,121950502913.77936,311966790761.53314,370990119.729687,1379748258.5628338,1750738378.2925208,173766617.29182172,9.804323024660576e-06,8.737036677491291,7.119207248176934,0.16844990939666968,0.016719214762128454,0.0201060825451872,0.8148308758412018,0.8482693053654587,1.446767587717233
8.695322962625823,126389558458.1607,328606806882.4678,365136962.194162,1379334166.582089,1744471128.7762508,171048559.677464,1.0016174552340796e-05,8.967695519966805,7.314908079246236,0.16784689661859165,0.016457692786857638,0.019777241375394394,0.8156954105945508,0.848610796168266,1.4446526167033604
8.924880557900323,130992284359.15219,346131616145.63184,359374349.79785216,1378898145.5428624,1738272495.3407145,168401635.2856729,1.0233128643294393e-05,9.20444378424241,7.515856348736681,0.16725048583926228,0.016203015000898605,0.01945724941938674,0.8165464991598391,0.8489525291616363,1.4425659345526871
9.160498501913413,135764688094.95233,364587962303.62506,353699680.92539704,1378439046.7379642,1732138727.663361,165825907.14003372,1.045530654951882e-05,9.447442231802304,7.722192810116681,0.16666031621579283,0.015955187468159802,0.019146079058310377,0.8173844963160474,0.849294871252367,1.4405061027902992
9.402336788616898,140712979206.89514,384025025462.8597,348110326.1091384,1377955662.6685572,1726065988.7776957,163321520.9568348,1.0682831796750504e-05,9.696855868253637,7.934062085783738,0.16607601856871798,0.015714224208951664,0.018843713046818724,0.8182097572223304,0.8496382056402336,1.4384716688073753
9.65055963582257,145843572949.55902,404494545446.75714,342603613.9971909,1377446724.1873283,1720050338.1845193,160888718.12658644,1.0915830166895403e-05,9.952854055371864,8.151612782008963,0.16549721375701854,0.015480148449022887,0.01855014591229363,0.8190226377939586,0.8499829346920044,1.436461160196819
9.90533559671265,151163093439.39136,426050951007.3425,337176810.9143547,1376910897.5198545,1714087708.4342093,158527854.8370502,1.1154429672020816e-05,10.215610626104146,8.374997608232132,0.16492351042495063,0.015252994459511237,0.01826538604538265,0.8198234951155381,0.8503294840345605,1.4344730770452288
10.166837674294086,156678376167.33823,448751495118.0887,331827087.13662493,1376346781.1609287,1708173868.2975535,156239434.16052437,1.1398760518603183e-05,10.485304002608805,8.60437350100069,0.16435450145847236,0.015032810644269694,0.017989459250970445,0.8206126878972579,0.8506783091857972,1.4325058799763872
10.435243438874492,162396469709.08633,472656396584.98,326551449.8892751,1375752902.6427908,1702304352.5320659,154024171.02034616,1.1648955060456804e-05,10.7621173174111,8.839901752892828,0.16378975722760503,0.014819665790715537,0.017722416005790602,0.8213905769816794,0.8510299085631106,1.4305579675318842
10.71073514863942,168324636421.4451,497828988216.20197,321346566.5784056,1375127715.1724505,1696474281.7508562,151883166.4165144,1.1905147738349615e-05,11.046238537757457,9.081748146835839,0.16322880825484717,0.014613665833209005,0.017464351040492973,0.8221575259119438,0.8513848575783618,1.4286276183212012
10.993499873412937,174470351826.61755,524335871793.59235,316207988.797994,1374469594.1355042,1690677582.9334984,149818680.14356017,1.2167475003296322e-05,11.33786059325272,9.330083096400907,0.1626710702154629,0.014415028201257977,0.017215490458411937,0.8229139015832792,0.851743957985795,1.4267127406060445
11.283729621685454,180841301784.622,552247080090.8052,311126606.98600495,1373776833.464208,1684903440.450213,147837670.57198477,1.2436075211049436e-05,11.63718150686702,9.585081794220201,0.1621155024674699,0.014224422404878928,0.01697659098213197,0.8236600751276512,0.8521089199374091,1.4248097334116792
11.58162147099516,187445381787.65985,581636246183.9891,306128536.85979795,1373047641.867955,1679176178.727753,145911911.96365047,1.2711088564539168e-05,11.944404529401256,9.846924355950463,0.161564445421939,0.014039132662495976,0.016744438598576737,0.8243964219155651,0.852474687240557,1.4229263100712626
11.887377701751458,194290688958.3433,612580780300.3759,301189972.8334397,1372280138.924707,1673470111.7581468,144063130.2540915,1.299265694417039e-05,12.259738277502452,10.115795986291365,0.1610154276612277,0.013861249367464103,0.016521459183479588,0.8251233229713082,0.8528458217062365,1.421054096275258
12.201205934591439,201385510147.39706,645162054448.5127,296307374.1133181,1371472351.032539,1667779725.1458569,142292804.24060416,1.3280923698827897e-05,12.583396875322759,10.391887155131128,0.16046791860952855,0.013690914804475113,0.01630779229043826,0.8258411665859964,0.8532229961949466,1.419191234363962
12.523319271362539,208738310230.6355,679465595070.5642,291476935.9514457,1370622207.2209876,1662099143.1724334,140602689.69405293,1.3576033468085821e-05,12.91560009991828,10.675393772282895,0.15992135292581014,0.013528297907646581,0.01610360881658245,0.8265503491665432,0.8536069449818364,1.4173357656959147
12.853936439827155,216357713734.3511,715581283952.1033,286694520.96351457,1369727534.8226943,1656422055.7862089,138994876.5479691,1.3878131928843504e-05,13.256573530486396,10.966517378530147,0.1593751234790214,0.013373599763056446,0.015909117296652706,0.8272512767579221,0.853998476284035,1.4154856081772458
13.193281942187534,224252479933.2981,753603567617.7985,281955566.3053539,1368786055.006591,1650741621.311945,137471866.88843203,1.4187365482671129e-05,13.606548701543076,11.26546535039567,0.15882857198715505,0.013227061112655987,0.015724572509438595,0.8279443669001889,0.854398489125501,1.4136385263388023
13.54158620753163,232431469224.29822,793631675432.0762,277254952.11553246,1367795378.1748595,1645050330.290392,136036686.9474256,1.4503880864937688e-05,13.965763260143937,11.57245112186115,0.15828097591636708,0.013088973129877982,0.015550287869669754,0.828630050953755,0.854807997213511,1.4117920894268339
13.89908574830367,240903597369.92563,835769846612.0637,272586799.1678836,1366752999.2269561,1639339798.3948398,134693062.72592878,1.4827824645019334e-05,14.334461127256107,11.887694428210562,0.15773152855613343,0.012959694317474811,0.015386654916880045,0.8293087771263917,0.8552281657613414,1.4099436075016278
14.266023320905466,249677771495.00876,880127566345.3884,267944100.94324645,1365656292.6952186,1633600393.638465,133445748.87213492,1.5159342558172083e-05,14.712892663390209,12.21142158191108,0.1571793031504477,0.012839682151027815,0.015234179937704784,0.8299810146985245,0.8556603790005801,1.408090015819354
14.642648090537719,258762791984.64874,926819811187.5981,263317659.7558515,1364502507.7579722,1627820167.5138237,132301524.39907312,1.5498578496597813e-05,15.101314838605166,12.54386580910395,0.15662315005581018,0.012729588883406246,0.015093595329595094,0.8306472610607836,0.8561064388275961,1.4062275405032383
15.029215800393033,268167142657.7182,975967303892.4597,258694007.071326,1363288763.1375685,1621982770.2088945,131271079.26214647,1.584567223908156e-05,15.49999140700102,12.885267798734024,0.15606149615062379,0.012630443064644436,0.014966070403275121,0.8313080607847317,0.8565689469140206,1.4043510471152671
15.425988945315746,277899113375.28687,1027696777803.1215,254074430.5030488,1362012041.8926263,1616086472.3956752,130350312.86363769,1.6200761669168357e-05,15.909193085818487,13.235875515623889,0.15549417504501048,0.012541850149605027,0.014851111477263621,0.8319639748053845,0.8570476751045946,1.4024600460102903
15.833236950046365,287966847093.95526,1082141250902.2941,249448623.55637798,1360669186.1156304,1610117809.6720083,129546838.17675638,1.6563983770406067e-05,16.329197739266725,13.59594422007476,0.15491989124139524,0.01246454263188232,0.014749539721378992,0.8326155661267225,0.8575446513904871,1.400550366497456
16.25123635217166,298377843468.28625,1139440309585.031,244800782.76089972,1359256891.5493102,1604057674.31021,128873348.94710946,1.6935469075309997e-05,16.760290567204176,13.965737572533921,0.15433680626120416,0.012399741859179603,0.014662742745558786,0.8332634518796163,0.8580629355979754,1.3986161013891922
16.68027098990471,309138603525.60175,1199740402177.7979,240109886.15972704,1357771702.1376562,1597881588.2973833,128347137.17829704,1.73153385848526e-05,17.202764298800616,14.345528335577466,0.153742564915846,0.012349111607464687,0.014592618150807337,0.8339083234766893,0.8586065466916186,1.396649710767652
17.120632194822303,320254104848.9009,1263195142181.6548,235346665.85586756,1356210004.5301592,1591556670.3860269,127992822.68327951,1.7703699314052138e-05,17.65691939131188,14.735599307715644,0.15313400348695425,0.012315020708833769,0.014541876471059917,0.834550975804212,0.8591810172218795,1.3946410932157562
17.57261898969067,331726960040.7023,1329965621165.2983,230467908.11976093,1354568022.560945,1585035930.680706,127847556.93822742,1.810063714832109e-05,18.123064234102312,15.136244706202437,0.1525066007715172,0.01230104374808631,0.014514618944860913,0.8351923554803965,0.859794442976569,1.3925758377492625
18.036538291513846,343555959039.80725,1400220731174.3442,225404488.48728555,1352841811.7277553,1578246300.215041,127972091.54809976,1.8506204378405762e-05,18.601515358053376,15.547772433326802,0.15185332632973933,0.012313026031681534,0.014517566847722551,0.8358336476385791,0.8604596997019421,1.3904315544532526
18.51270511994249,355733239286.3241,1474137496456.5198,220031924.55337965,1351027253.699543,1571059178.2529225,128478401.35389805,1.8920395155970616e-05,19.09259765050072,15.970508341469023,0.15116180664961304,0.012361741386283258,0.01456313050369604,0.8364764519641037,0.8611999347366702,1.3881688421624394
19.001442811184788,368237670924.9911,1551901414227.2126,214076146.89413553,1349120050.8854644,1563196197.7796,129619421.11838603,1.9343086917022188e-05,19.596644575845627,16.40480611954105,0.1504052582328183,0.012471526308080235,0.014679382645588294,0.8371232154591015,0.8620662680752619,1.3857023772218608
19.503083237564567,381012221973.0769,1633706804115.7788,206572863.33144575,1347115721.1025941,1553688584.4340398,132313341.7316289,1.9773834170433427e-05,20.11399840199054,16.851081546758042,0.14949046900645763,0.012730725905718094,0.014968351842978645,0.8377788050878243,0.8632402568992605,1.3827349675183231
20.017967032875806,393846413291.9657,1719757165839.2683,197340504.11471844,1345009592.3846083,1542350096.4993267,136584288.38905525,2.0210787706464344e-05,20.64501043275262,17.309991068447776,0.1483995194454156,0.01314166142092805,0.015431721471516618,0.8384588191336564,0.8647421419755125,1.379213942118228
20.546443823686516,407069015694.4141,1810265544546.1074,195342316.22694826,1342796797.9790864,1538139114.2060347,133752129.75729012,2.0657332279453053e-05,21.19004124641299,17.78133673833385,0.14799435349111245,0.012869161045753136,0.015104549011482277,0.8391364854631345,0.8648748075546406,1.3778887316440356
21.08887246674909,420859799821.35364,1905454903157.1172,193410329.79279846,1340472271.5869436,1533882601.3797421,131108328.24848127,2.1115179580519282e-05,21.749460940563715,18.265206204698938,0.14758480674853516,0.012614783732647124,0.014798872465575269,0.8398004095188177,0.865029976984112,1.3765524383133176
21.645621292678335,435246106813.9497,2005558500904.3354,191541880.8851271,1338030742.9039526,1529572623.7890797,128650740.70636034,2.1584531814656764e-05,22.323649383418832,18.761945969538026,0.1471701158137555,0.012378323274626887,0.014514410791828747,0.8404515609116177,0.8652082074608713,1.3752025891358737
22.217068356062537,450257084742.6791,2110820277128.5923,189726057.51181567,1335466733.5311825,1525192791.0429983,126386094.82774639,2.2065593862542983e-05,22.91299647175989,19.271912121894115,0.14674870366080464,0.012160426987095843,0.014251870509038962,0.8410908693520995,0.8654117233262912,1.3738341495856659
22.803601692177605,465921964502.3104,2221495239244.449,187948186.09961644,1332774553.328778,1520722739.4283946,124324323.22563624,2.2558557254886624e-05,23.51790239569143,19.795473247036163,0.14631861096459448,0.011962050551256924,0.01401231267882403,0.8417193384841486,0.8656434395866625,1.372440902662878
23.405619580478433,482270992279.9508,2337849853614.6987,186206362.313273,1329948297.2954895,1516154659.6087625,122462739.96799135,2.3063608164241565e-05,24.13877791038593,20.333009379460087,0.1458790863381427,0.011782935536145143,0.013795395180792817,0.8423379781257121,0.8659038491980025,1.3710204975946167
24.02353081504652,499335782762.76984,2460162437896.296,184498824.31056333,1326981843.065119,1511480667.3756824,120798867.92013001,2.3580929510032984e-05,24.776044615002963,20.88491193445366,0.14542937119055396,0.011622843600545234,0.013600799288805093,0.8429477852089008,0.8661934724099912,1.3695705838685732
24.657754982177348,517149387840.92566,2588723553224.4883,182824044.07600844,1323868849.120307,1506692893.1963153,119330340.5880816,2.4110700402167797e-05,25.430135238971722,21.451584086189914,0.14496870834296582,0.011481547048703291,0.013428218546776545,0.8435497446083309,0.8665128387057375,1.3680888390037627
25.30872274529619,535746385849.06335,2723836394391.928,181180956.80916092,1320602753.8339725,1501783710.6431334,118054673.01073265,2.4653095662729602e-05,26.10149393583153,22.03344114049364,0.1444963640072566,0.01135880678637222,0.01327733315030419,0.8441448292063711,0.8668624427791156,1.366573038333189
25.976876137395703,555163025148.0979,2865817175954.5806,179569651.95385936,1317176775.4592085,1496746427.4130678,116968590.99329853,2.5208285648401095e-05,26.79057658482977,22.63091086574174,0.1440116942734855,0.01125430778200781,0.013147735438343156,0.8447339979445067,0.8672426135085223,1.365021264393718
26.66266886119388,575437567174.3853,3014995511956.4883,177994584.6314548,1313583913.199534,1491578497.8309886,116064916.79074478,2.577643734688689e-05,27.497851100481984,23.244433621500562,0.14351445420571557,0.011167359418145045,0.01303858479922005,0.8453181863761394,0.8676529052124294,1.3634328770340964
27.36656659721628,596611870591.7115,3171714786711.1567,176473957.15758651,1309816949.5029716,1486290906.6605582,115323774.74500918,2.6357723783982786e-05,28.223797750304485,23.874461123980645,0.14300570071939836,0.01109604932864099,0.0129476349352096,0.8458982499519606,0.8680903486092426,1.361811338320364
28.089047320011574,618727732141.7964,3336332513809.335,174946699.2304111,1305868453.7355623,1480815152.9659734,114803891.44180322,2.6952296017423005e-05,28.96890948093504,24.521461393504374,0.14247884289462678,0.01104602797970175,0.012881347460846848,0.8464751291256715,0.868567185085075,1.3601361395585834
28.830601622715278,641821865157.231,3509220680242.649,173379955.58254796,1301730787.402444,1475110742.9849918,114533354.05893397,2.756025006458518e-05,29.73369225286326,25.185924546556738,0.14192998456355224,0.011019997821113932,0.012842772294646298,0.8470500176153338,0.8690900132575617,1.3583953452198807
29.591733050182004,665926915203.725,3690766072240.973,171715061.1601876,1297396111.097496,1469111172.2576838,114564637.0817213,2.8181637896904857e-05,30.518665383997902,25.86836132514404,0.1413527269001773,0.011023007763901225,0.012837643709164539,0.8476242653359215,0.8696702808637239,1.3565693165802908
30.372958440912427,691055262948.1854,3881370579121.429,169878215.6365466,1292856393.3755949,1462734609.0121415,114958781.37987185,2.8816368483422906e-05,31.32436190230432,26.569319778418127,0.1407391963382773,0.011060930946562832,0.012872612016545963,0.8481998727151598,0.8703217346082854,1.354633987353101
31.174808278007223,717277546024.6599,4081451471140.9473,168399569.23652494,1288103421.7546709,1456502990.9911957,115193815.98700953,2.946470580148758e-05,32.15132890775177,27.289303446959043,0.1401396118977701,0.011083545152527767,0.012889935745254997,0.8487768429497021,0.8709439332547576,1.3527460653503383
31.997827049386107,744662535068.4414,4291441647036.0864,166937278.73674506,1283128816.067729,1450066094.804474,115616990.50027609,3.012686167186739e-05,33.00012794381589,28.02883892130664,0.1395202763117721,0.011124261520719944,0.012927976353746746,0.8493554621675079,0.8716039852089479,1.3508007983797343
32.84257361751683,773261821440.486,4511789846628.066,165482133.94590932,1277924044.397611,1443406178.3435202,116236104.32660294,3.080290877386817e-05,33.871335378789134,28.78849057680704,0.138879482496804,0.011183830482732814,0.012987532238994999,0.8499366870204632,0.8723043479859288,1.3487932599454278
33.709621598904995,803129638110.439,4742960823572.796,164056504.5814761,1272480441.8392274,1436536946.4207034,117027670.4424789,3.149290664844521e-05,34.76554279715774,29.568840172983613,0.1382185490818687,0.0112599921994999,0.013065948666571603,0.8505214587186314,0.8730414431176312,1.3467279220664565
34.59955975360247,834324631355.6936,4985435473052.146,162643739.54759008,1266789232.3449667,1429432971.8925567,118007904.02700233,3.2196909320471325e-05,35.683357401311106,30.370485997481822,0.13753502955635877,0.01135430683871035,0.013164948406971052,0.8511106636049308,0.8738192772823515,1.3445976464064855
35.512992384998924,866904780623.5865,5239710908941.644,161231539.37655762,1260841553.9185684,1422073093.295126,119187874.27363682,3.2914934503439154e-05,36.6254024238564,31.194048359972733,0.13682688783839583,0.011467839439355226,0.013285677319856326,0.8517052727222489,0.8746409516009594,1.342396640201684
36.45053975016776,900927499455.2234,5506300484760.145,159828980.55157346,1254628487.43045,1414457467.9820235,120556661.94217682,3.364696435935553e-05,37.59231755081821,32.040169889961106,0.1360941390679929,0.011599539390420282,0.013426855766328934,0.8523063215415868,0.8755054003224274,1.3401254693814488
37.41283848104541,936464576104.9026,5785733752520.737,158468757.20912176,1248141089.3328671,1406609846.5419888,122082639.24948788,3.439302194448368e-05,38.584759356010835,32.9095033567047,0.1353390684435387,0.011746363577486211,0.01358493618572749,0.8529145679789751,0.8764072951339476,1.337791658702003
38.40054201672965,973584195001.5063,6078556353470.441,157114083.80686423,1241370428.555551,1398484512.3624153,123801923.48748302,3.5153071623894445e-05,39.60340174687795,33.802728547832594,0.13455727727283182,0.011911787079768638,0.01376380754838682,0.8535309356473996,0.8773545098069367,1.3353823160942058
39.41432104719085,1012350779229.807,6385329834644.97,155737058.32068548,1234307627.8611364,1390044686.1818218,125740313.57579923,3.5927020494157915e-05,40.64893642210269,34.72055249219429,0.1337452267842653,0.012098292178874719,0.013966205500909514,0.85415648103686,0.8783530653946094,1.3328873253393396
40.454863968697005,1052842748801.4402,6706631385189.3125,154445801.9133117,1226943909.933744,1381389711.8470557,127789890.31261015,3.671480440218269e-05,41.72207334129839,35.66369573542306,0.13291247549452445,0.012295495267524688,0.014180223933607112,0.8547920292379508,0.8793830197730003,1.3303363587696035
41.52287735126223,1095147222507.8359,7043053486524.41,153166490.22056073,1219270648.4628096,1372437138.6833704,130025366.17845464,3.7516354433313826e-05,42.82354120709949,36.63289835188772,0.13205109028872308,0.01251058491868502,0.014413964668550208,0.8554383247925919,0.880459494629962,1.3277059928673445
42.61908641843589,1139345395790.5044,7395203470694.454,151896111.53110006,1211279424.4665341,1363175535.9976342,132448461.2774179,3.83315258759895e-05,43.954087959979574,37.628932161183606,0.13115997134563934,0.012743726634740826,0.014667517856512682,0.8560963020196198,0.8815837552891015,1.3249936592544647
43.744235539758186,1185521530476.3918,7763702981631.631,150639111.63619927,1202962088.0741487,1353601199.710348,135053141.0869944,3.916014096188246e-05,45.114481286132644,38.65259418338437,0.13023876227172873,0.012994339795091155,0.014940122911238331,0.8567668979331802,0.8827555775233624,1.3221990811414945
44.899088736216775,1233766044525.4507,8149187334649.547,149394771.0152283,1194310825.952347,1343705596.9675753,137838670.1413436,4.000200004537342e-05,46.305509138762694,39.70470531558595,0.12928664206569815,0.013262353635791065,0.015231595467025962,0.8574510042985108,0.8839757115700929,1.3193206324731517
46.08443019904725,1284170808450.6172,8552304770249.699,148155662.97210717,1185318234.517503,1333473897.4896102,140810268.30423117,4.0856858471629846e-05,47.527980273135114,40.78611468399896,0.12830218381002315,0.013548270393833417,0.015542393409966649,0.8581495457961434,0.8852460865838103,1.316354939721914
47.30106482223025,1336828256712.0825,8973715599324.963,146917451.06568068,1175977399.020226,1322894850.0859067,143969203.84838223,4.1724422136794916e-05,48.78272479575374,41.897700925747245,0.12728430495459134,0.013852212097973781,0.015872536928825405,0.8588634829474349,0.8865679071433825,1.3132997328405314
48.54981874904649,1391845265611.6067,9414091238099.402,145716073.41570383,1166281978.5212166,1311998051.9369204,147277520.94577122,4.260440187869218e-05,50.070594728036184,43.0403637774326,0.12623585323635075,0.014170526771496928,0.016217793810816568,0.8595936199921523,0.8879346735351461,1.3101644200714722
49.83153993306081,1449331213445.6323,9874113132683.873,144522967.78270793,1156226296.6956573,1300749264.4783652,150760830.60033822,4.34964602965085e-05,51.39246458487021,44.21503342907339,0.12515353434067195,0.014505678615420417,0.016580827819299943,0.8603407870439077,0.8893521442747484,1.306940243607379
51.14709871391651,1509394179599.0635,10354471574981.87,143322341.69503504,1145805438.3062637,1289127780.0012987,154430571.94854522,4.4400196728261904e-05,52.74923196844419,45.42267359683077,0.1240353558443932,0.01485876826335375,0.01696274885349623,0.8611058758922531,0.8908234124189606,1.303622431365213
52.49738840833041,1572150655505.0469,10855864413876.617,142170221.06018928,1135015351.0712638,1277185572.131453,158226189.11009407,4.531518385632616e-05,54.1418181777546,46.664276092171036,0.12288631846758441,0.015223969240778441,0.017356894050701004,0.8618897122916371,0.892337650773194,1.3002267160863916
53.883325916690474,1637735999962.643,11378995668195.727,141037962.42270935,1123852952.5217428,1264890914.9444523,162172559.76155066,4.624100154976411e-05,55.57116883420466,47.940855863078426,0.1217033696530201,0.015603675190522847,0.01776583747606826,0.862692955156457,0.8939003055375028,1.2967452406900493
55.30585234566768,1706281214974.7512,11924574050902.707,139919655.31351006,1112316241.2920403,1252235896.6055503,166269701.45543694,4.717714886014643e-05,57.03825452371895,49.25346615790197,0.12048574815169659,0.015997887801429092,0.018189458292244217,0.8635163640468744,0.8955121396497325,1.2931769361931542
56.76593364726477,1777921193582.3755,12493311417322.441,138833666.09026432,1100404412.1165206,1239238078.206785,170492245.80842638,4.812307539206634e-05,58.5440714558097,50.603194007915356,0.11923514363032785,0.016404166216584533,0.018624910040347276,0.8643606901530876,0.8971690225862567,1.2895278395683303
58.26456127473621,1852832089873.2085,13085921153975.568,137832933.90386656,1088117973.6157062,1225950907.5195727,174782606.68600297,4.907830410983174e-05,60.08964214004289,51.99114063922413,0.11795669864611388,0.01681696969999914,0.019065923038229588,0.865226331653887,0.8988602710538852,1.2858138123065084
59.80275285582421,1931204162591.2275,13703116528770.635,136928971.24391037,1075458867.744842,1212387838.9887524,179123633.444422,5.004232904748045e-05,61.676016080362636,53.41843904614925,0.11665170773857134,0.01723464807685484,0.01951059194639187,0.8661136441845738,0.9005829403382835,1.2820394932924097
61.38155288376849,2013289680484.2515,14345609027864.902,136332910.5970024,1062430589.5492346,1198763500.146237,183301433.02169228,5.1014762157029826e-05,63.304270487746244,54.88623047218152,0.1153408216164258,0.01763662130654721,0.019936063217896382,0.867022557077027,0.9022957996901214,1.2782643232284852
63.002033426558704,2099528560161.3838,15014106709417.557,135570911.32356793,1049038305.6251101,1184609216.948678,187798861.1832056,5.199569402575889e-05,64.97551101167323,56.39560561882642,0.11397894610620309,0.018069348078130192,0.020393813441250436,0.8679517058156667,0.9040904019719271,1.2743613176096564
64.66529485491134,2189470647354.8765,15709312609667.158,134094160.08590887,1035288969.4249699,1169383129.5108788,193099932.638932,5.298243587103671e-05,66.69087249090542,57.948143005827966,0.11251394534928559,0.018579398590242276,0.020934862573761252,0.8689066560604721,0.9060654532409567,1.270185948875358
66.37246658946496,2283181298029.3184,16431923242185.28,132593529.85256842,1021191431.2766155,1153784961.129184,198494555.0636425,5.3973921624863014e-05,68.45151972408736,59.54518334567811,0.11101314426830794,0.01909845024863912,0.02148338878747526,0.8698884054830529,0.9080853059803311,1.2659303426398152
68.12470786770191,2380791298145.849,17182627236680.506,131105200.5026803,1006756540.7105527,1137861741.213233,203931400.13149214,5.4969244435648475e-05,70.25864826069105,61.18807182910256,0.10948106786820001,0.01962156442174373,0.022033854322189378,0.8708973677100562,0.9101404965535438,1.2616084334287725
69.9232085311166,2482476406293.2197,17962104169206.586,129631136.00570185,991997238.4185748,1121628374.4242766,209394858.06387782,5.59675803304008e-05,72.11348521284157,62.87817153352992,0.10791915022321781,0.020147239191380336,0.022584543986592258,0.8719336105854019,0.9122280889681624,1.2572253822494837
71.7691898331651,2588385696867.7803,18771023640886.504,128142550.1703386,976928634.9057114,1105071185.07605,214896437.7211063,5.696798642952769e-05,74.01729008857487,64.61689755329714,0.10632607550677023,0.020676581899742356,0.023136606465794893,0.8729973425934874,0.9143505063929721,1.2527787222744053
73.663905268545,2698651228850.82,19610044667082.586,126624913.70922789,961568072.6594247,1088192986.3686526,220430867.55300713,5.796944180810417e-05,75.97135564709406,66.40571111231255,0.10470211439510889,0.021209085336752264,0.023689417430515596,0.8740888002681388,0.9165069709416434,1.2482703986144137
75.60864142436792,2813459966113.5234,20479815443060.758,125155506.55994104,945935168.4567541,1071090675.0166951,225902885.7178434,5.897104195796653e-05,77.97700877660407,68.2460883533418,0.10305658995043397,0.021735583741946642,0.02423294881083469,0.8752078263076194,0.9186789937915126,1.2437268822194454
77.60471885380343,2932990197185.794,21380973555317.97,123667508.15831052,930051832.2771113,1053719340.4354218,231359084.84770977,5.997183111105189e-05,80.03561139532154,70.13954890765284,0.10138518103371814,0.02226056009505119,0.024772082125975335,0.8763542588712306,0.920875379061333,1.2391373190305157
79.65349297278716,3057383354261.79,22314146709526.656,122101065.6345546,913942259.2026591,1036043324.8372138,236835715.97245812,6.097074584490858e-05,82.14856137627154,72.08766612557125,0.09968445677763813,0.022787502343077182,0.025310573070323052,0.8775280408792847,0.923103045565439,1.2344935159823007
81.75635498040202,3186798687486.6455,23279954046130.625,120640789.85562289,897632890.6885518,1018273680.5441747,242124437.26744485,6.196676348264353e-05,84.31729349649879,74.0920435379425,0.09797472389676486,0.023296364566017438,0.025826731448877063,0.8787289115372177,0.9253216406692526,1.229850622224912
83.91473280355788,3321490979313.325,24279008112608.395,119167310.31285225,881152341.6920465,1000319652.0048988,247324199.08048558,6.295908295360172e-05,86.54328041133851,76.15428598624845,0.09624725021009337,0.023796667419459898,0.02633094884081056,0.8799560823704468,0.9275494172093665,1.225185774390465
86.13009206661046,3461626052584.603,25311917556899.914,117655478.9840398,864531290.3838567,982186769.3678964,252434217.74962556,6.394669649300171e-05,88.82803365440773,78.27607129723184,0.09450256780912693,0.02428833550219847,0.026823196442901282,0.8812090966886746,0.9297857676930715,1.220500984794363
88.40393708657871,3607325998809.0635,26379290599073.598,116125605.35167876,847802327.5482668,963927932.8999455,257405879.25518656,6.492852460296782e-05,91.17310466399681,80.4591290391189,0.0927457665720885,0.024766691343680303,0.027298512843641872,0.8824875420842312,0.9320209247715917,1.215810119920209
90.73781189463585,3758895497689.165,27481739327628.816,114676990.05703658,830999763.3306491,945676753.3876858,262118652.21139073,6.590391620548895e-05,93.58008583655779,82.70515904394543,0.09098970206048457,0.025220137836498905,0.027744611797760985,0.8837901601030165,0.9342304357760143,1.2111469120967027
93.13330128456784,3916554283315.465,28619884852579.71,113204633.42972356,814159389.7296627,927364023.1593862,266651995.08382344,6.687205934815111e-05,96.05061160800467,85.01592972939117,0.08922771535475457,0.02565632019566447,0.028169851705201872,0.885115964449581,0.9364286048409098,1.2064939667405732
95.59203188891155,4080445378835.4683,29794363329446.977,111657109.60835072,797318198.1700228,908975307.7783736,271028999.9002546,6.783203286724003e-05,98.58635956356078,87.39327068360326,0.08745841762400296,0.026077460255137953,0.028576736401687813,0.8864641221208591,0.9386190426311349,1.2018478088466777
98.11567328350274,4250821666066.9985,31005832846420.77,110236119.93958165,780514052.6372355,890750172.5768172,275024056.4761263,6.878320145159391e-05,101.18905157690538,89.83900861412783,0.08570485900467435,0.02646185059385692,0.02894235067797676,0.8878332904014687,0.9407569915891826,1.1972672968118434
100.70593912118444,4428002425063.67,32254981141374.055,108799929.11169769,763785320.206557,872585249.3182547,278757448.8543165,6.972511540329222e-05,103.8604549793946,92.35498505780446,0.08395709376742252,0.02682106452076112,0.029279266656917293,0.8892218417118164,0.9428639707533386,1.1927264157394815
103.3645882954456,4612182570404.2,33542534086440.01,107311955.88133742,747170462.3417888,854482418.2231262,282240985.67442536,7.065715194417424e-05,106.60238376014979,94.94311676952769,0.08221530282046695,0.027156238221756702,0.029588898469555237,0.8906284589577763,0.9449409354012898,1.188225226364152
106.09342613477938,4803522534695.939,34869264846145.44,105863560.32648607,730707592.0486871,836571152.3751732,285359188.3738824,7.15787177882412e-05,109.416699797828,97.60536352717173,0.08049194361004629,0.027456260754373067,0.029859728322738213,0.8920517956355807,0.9469643171443267,1.1837944886581722
108.89430562857314,5002454740953.02,36236003581555.305,104470040.4720889,714434003.7998455,818904044.2719344,288082159.7983686,7.248980398013021e-05,112.30531412491173,100.34363784096006,0.07879207640190623,0.02771825551922866,0.03008903289820337,0.8934896680788651,0.9489261791173225,1.1794459323485764
111.76912868536192,5209236341405.531,37643647538808.086,103056320.22047901,698385685.0414298,801442005.2619088,290467007.42993045,7.339016481210374e-05,115.27018822537607,103.15994173955478,0.07711194022302797,0.027947717198050864,0.03028288956821567,0.8949403425789212,0.9508357769750229,1.1751691975950065
114.7198474242999,5424041268528.493,39093171327452.47,101604892.27536893,682596819.9658377,784201712.2412066,292513798.6527729,7.427951803046646e-05,118.3133353666141,106.05633506555195,0.07545313966589294,0.028144652274311642,0.03044156384257354,0.8964022080597954,0.9526915126084187,1.1709673509561687
117.74846550072695,5647274717420.428,40585637164102.56,100260697.44593593,667099297.9866481,767359995.432584,294068792.9219434,7.515807801986483e-05,121.43682196652568,109.03484886084546,0.07383268871464131,0.028294268371726255,0.03054984561316329,0.8978730429136325,0.9544615796570849,1.1668811277304594
120.85703946673024,5879318948681.533,42122204832372.16,98913935.92255485,651922240.8623581,750836176.784913,295235030.1891725,7.602610599623174e-05,124.6427689966973,112.09756099329876,0.07224282481001734,0.028406479633234876,0.03061844240376573,0.8993506955567477,0.9561636548232175,1.1628901544885986
124.04768016762478,6120443463239.371,43704141093274.266,97515346.82097037,637091563.5467528,734606910.3677232,296055696.2335818,7.688377756523387e-05,127.93335342262587,115.2466194513938,0.07068130168843233,0.028485441243113155,0.030651961802626932,0.9008332570684545,0.9578041395546808,1.1589878393513724
127.32255417530176,6370971010301.499,45332828273764.46,96242633.21368049,622629584.4489737,718872217.6626542,296351837.87264264,7.773145355648015e-05,131.31080968196557,118.48419913162523,0.06916736471565725,0.02851393495347383,0.030632719430559754,0.9023187003308689,0.9593465702378167,1.1552195093359294
130.68388525941634,6631502176860.857,47009771767185.266,95014521.51609725,608554700.7163119,703569222.2324092,296212368.00504935,7.856999402343542e-05,134.77743120179886,121.81245154206682,0.06769496414131415,0.028500515651737512,0.03056994712625094,0.9038045202069483,0.9608055515104234,1.151569058249029
134.1339558974161,6902523341400.521,48736606199928.664,93847603.31261174,594881143.2671661,688728746.5797778,295629056.1250888,7.940013999821619e-05,138.33557195596543,125.2336083774815,0.06626706559857053,0.02844439142749723,0.030463091082603335,0.9052885429739322,0.9621773258289267,1.148042214004957
137.67510882443378,7184714581873.896,50515100054833.11,92884909.36783504,581618824.4842541,674503733.8520892,294473756.551293,8.022295660468033e-05,141.9876480635036,128.74990999885497,0.06489838474090713,0.028333232552507748,0.030299629569838064,0.9067683827065851,0.9634348478116006,1.1446725820689465
141.30974862409775,7480109186596.091,52347158593759.83,92248716.64065309,568773288.6530019,661022005.293655,292663208.76531255,8.104135992956125e-05,145.73613942929146,132.36335512221373,0.06360122008036338,0.028159027991570322,0.03007161969389471,0.9082397519280663,0.9645578079112069,1.141487691362563
145.0403433613398,7786731380456.5,54234824988124.39,90476668.46936578,556345771.3806379,646822439.8500037,291636226.20717144,8.18527952948163e-05,149.58359142800072,136.0769106743663,0.06223498767116244,0.02806021533000089,0.029922437882723297,0.9097047969988367,0.9658252276588385,1.1381538454488316
148.86942625830935,8103265876603.919,56180279643842.09,88572141.73496003,544333369.4194868,632905511.1544468,290386164.70607793,8.265592333329899e-05,153.53261663250743,139.8934102396324,0.06089594957905592,0.027939938794562833,0.029751696611295664,0.9111641116263812,0.9670439892155068,1.134898872251031
152.79959741453192,8429480865542.732,58185837791195.984,86573320.53391874,532729316.7005193,619302637.2344381,288893848.3975519,8.345100552262635e-05,157.58589658793264,143.8154922162291,0.05958712873650686,0.0277963533507985,0.029557606238898738,0.9126165179126946,0.9682092246142917,1.1317290372532942
156.8335255724803,8764775408133.744,60253945493573.766,84264844.53609763,521523356.22550654,605788200.7616042,287392278.6910566,8.423792786996204e-05,161.74618363251847,147.8459277525667,0.058286817035099955,0.027651877577520138,0.029363375258760493,0.91406130538738,0.9693650605424202,1.1285928989506406
160.97394992975651,9106329632400.092,62387174303026.42,80468084.39458215,510702191.146562,591170275.5411441,287054143.2200359,8.501404021023401e-05,166.0163027665747,151.9879791575826,0.05688033151477034,0.027619343367861246,0.02928508893491897,0.9155003251173685,0.9707390118530909,1.1252240702855418
165.22368199911642,9454298617462.06,64588214844987.39,79354700.64275683,500249992.36515534,579604693.0079122,283744898.72070277,8.578049165520512e-05,170.39915357076723,156.24435639489081,0.0557675317075583,0.02730093946297412,0.028913366548754017,0.9169315288294676,0.9715334077554157,1.1225491222330701
169.58560751759794,9815823475470.572,66859869638476.67,78250691.72987108,490148934.87960744,568399626.6094785,280252794.81053734,8.6546277567602e-05,174.89771217504742,160.61655125304452,0.054689419499016505,0.026964941466605965,0.028524954679249898,0.9183456390343775,0.9722755219675895,1.1199650752292052
174.06268840605165,10191321980670.023,69205045441510.35,77132444.43855451,480379731.5184959,557512175.9570504,276628666.4759414,8.731213746171724e-05,179.51503327956348,165.10749640357434,0.053641867164126306,0.02661624054294198,0.028124913412201868,0.9197418922929317,0.9729743733788156,1.1174616564772497
178.65796478040284,10581112477807.879,71626745346111.03,75982029.10302874,470922131.22614443,546904160.3291732,272916189.199291,8.807864471469338e-05,184.25425222892312,169.72023257706778,0.052621201087715085,0.026259038993788262,0.027717570863879454,0.9211197599184966,0.9736378379060732,1.1150297574435561
183.3745570160109,10985723792853.488,74128060728948.62,74888562.74078993,461755350.2411412,536643912.98193115,269053322.3498375,8.884653561891101e-05,189.11858714121715,174.4578563946517,0.051633996056135216,0.025887367487142897,0.027296810914233496,0.9224786364567219,0.9742533714310078,1.1126838010930393
188.2156678665284,11405836741113.2,76712162993492.11,73797226.64633718,452858408.6860667,526655635.3324039,265121965.0504712,8.961661409783281e-05,194.1113410932496,179.32353827623652,0.05067295899545651,0.025509106069506036,0.026870725227117965,0.9238179349350375,0.9748361470740495,1.110406476414249
193.18458463869817,11841858113813.959,79382294826025.75,72674279.10404588,444210352.3629062,516884631.4669521,261178845.76202536,9.038930459802197e-05,199.2359043634583,184.32059846154957,0.049732827256609775,0.025129712954512596,0.026444892210644232,0.9251374597888776,0.9753968856979028,1.1081852593086732
198.28468142456506,12294241184947.855,82141760447560.75,71597016.05417699,435790349.6791047,507387365.7332817,257168792.16507953,9.116499267248696e-05,204.49575673404863,189.45245311198306,0.04881903364119069,0.024743879654999214,0.02601385070784228,0.9264370867038101,0.9759248460138086,1.1060320017880532
203.51942139261865,12763711972807.81,84993914101365.78,70509092.05157861,427577665.97095025,498086758.0225289,253171148.09646058,9.194422610879887e-05,209.89446985390367,194.72258348498244,0.047924161771335266,0.024359240356798782,0.025585399165384874,0.927716597871866,0.9764350785854635,1.1039294013088252
208.892359139423,13250671258700.3,87942145803392.6,69401888.8913399,419551530.99034154,488953419.88168144,249213713.01430547,9.272712737197489e-05,215.43570966387708,200.1346353132229,0.0470453839931184,0.023978469826319872,0.0251622369245617,0.9289761461805617,0.9769330858332015,1.1018706607301638
214.40714310332794,13755427685526.193,90989863236378.72,68291737.61494413,411690928.56327426,479982666.17821836,245298056.63959873,9.351363340872404e-05,221.1232388861109,205.6923817233864,0.04618224951951305,0.023601719096612822,0.024744474596665268,0.9302160313838741,0.9774194695770998,1.0998543946914197
220.06751804190438,14278963316769.857,94140468623914.05,67224718.60011199,403974348.7623881,471199067.3625001,241400187.55151236,9.43041611522351e-05,226.96091957907456,211.39961597502773,0.0453371224331191,0.023226679797269535,0.024329719258034458,0.9314361977696114,0.9778895573641505,1.0978855774839953
225.87732757478358,14821589741106.29,97397329508687.2,66112808.86065363,396379550.6782216,462492359.5388752,237625131.02974808,9.509837922551724e-05,232.95271576005595,217.26035676656335,0.04449939352843644,0.02286345709252784,0.023928249692019714,0.9326371493790357,0.9783640635640913,1.0959400479785377
231.84051679362767,15383505630322.137,100763742598281.16,64946638.66882755,388883386.57807064,453830025.2468982,233998812.19041026,9.589572854942339e-05,239.1026960968868,223.27876502050643,0.04366593408941374,0.022514545406176593,0.02354255297257352,0.9338195205044096,0.9788486113167628,1.0940105820277854
237.96113494100362,15965304801554.547,104242890234087.98,63856497.50389371,381461735.00237596,445318232.5062697,230410117.84398055,9.669582403947813e-05,245.41503667072968,229.4590803615192,0.042846959230725554,0.022169253816637095,0.02316166054157799,0.9349837869526374,0.9793222945859116,1.092119793897343
244.24333815998003,16567838892938.152,107837789565895.69,62771253.67399858,374089581.08377904,436860834.75777763,226950559.6063885,9.749828506186735e-05,251.8940238118034,235.8056519289084,0.04203321806749445,0.02183638725079232,0.022794514029747248,0.9361303946817132,0.9798031691832978,1.0902467828639901
250.6913923163135,17191603132193.504,111551235138655.88,61649397.16026649,366741268.009946,428390665.1702125,223679548.02409947,9.830222123860501e-05,258.54405700997154,242.32302613545153,0.04121824804268051,0.021521661983154427,0.02244688318193239,0.9372600899741651,0.9803034139404739,1.0883770123216743
257.30967589514114,17836592449842.594,115385736266885.83,60524068.80994674,359390926.0327798,419914994.8427265,220578779.32437366,9.910614361102521e-05,265.3696519021708,249.01596431390183,0.040402748755954704,0.02122331688887583,0.02211690046148153,0.9383739343551695,0.9808205681329211,1.0865119311952678
264.1026829741456,18504392566355.766,119343451229971.47,59509396.51119716,352013067.4796485,411522463.9908456,217555508.36503667,9.990951216444074e-05,272.37544333870824,255.88919042338583,0.03959524885811909,0.02093242835550251,0.02179542357596079,0.9394723227863784,0.9813371794973834,1.0846703202992007
271.07502627521376,19195976864862.023,123426120921239.34,58485971.07848218,344583320.839811,403069291.91829324,214744971.06506884,0.00010071101797672406,279.56618853050935,262.9476776624841,0.03878191427461344,0.020662008309077707,0.021495650795506048,0.9405560774163089,0.9818800940344643,1.0828214505537537
278.2314402966566,19911718469102.523,127635005099500.94,57444540.627655566,337079266.69291556,394523807.3205711,212166825.27883643,0.00010150864727390219,286.9467702794523,270.1966411296332,0.03795969770354538,0.020413948159436267,0.021219431359275495,0.9416263541370183,0.982454250455891,1.0809585950763216
285.576784528123,20652627950413.055,131970824826199.44,56460157.38365446,329481334.19885033,385941491.5825048,209755769.06841534,0.00010230056899364108,294.5222002939855,277.64139468025513,0.03713393736926811,0.020181964783032642,0.020960303375831633,0.9426840978476992,0.9830480274137646,1.0790935158090658
293.1160467503859,21419868423813.43,136433715048645.12,55520490.63534191,321773718.2268402,377294208.86218214,207530055.56952643,0.00010308477442639602,302.29762259227647,285.287413793385,0.036301926139705426,0.019967814432597965,0.02071998997840963,0.9437302594276966,0.9836658882928926,1.0772202492354197
300.85434642224385,22213881102459.4,141023191633763.94,54444667.94703475,313945280.8227102,368389948.769745,205668806.86639333,0.00010385853262163074,310.27831699520465,293.1404289290884,0.03544518944825397,0.0197887316071485,0.02051592236197435,0.9447660789445975,0.9843435421588945,1.0752984299288209
308.7969381568372,23034415280903.812,145738137450950.25,53462672.38302121,305990401.6625221,359453074.0455433,203932828.56776273,0.00010461850461198968,318.4697027115701,301.2064102653284,0.03458531469126751,0.019621701860874183,0.020324635785501137,0.9457929834478583,0.9850363871696067,1.0733754021243016
316.9492152897392,23883902900883.688,150576812243017.66,52561767.91894538,297909735.12218344,350471503.0411288,202328980.1194132,0.00010536288209089596,326.87734201795143,309.4912184706878,0.03372113941488558,0.019467385185601455,0.020146756779728468,0.9468114753995129,0.9857462457707159,1.0714486335453783
325.31671354124524,24762370840612.26,155536890781177.7,51511355.22047656,289710813.1951746,341222168.41565114,201067490.6542018,0.00010608824039802847,335.50694403571265,318.00112777604807,0.03283120086155316,0.019346009091517676,0.0200027224914111,0.9478227900469292,0.9865148082299645,1.0694715706572229
333.905114775347,25669241763264.46,160615532815453.66,50524224.16022125,281408404.7328987,331932628.89311993,199907795.85177284,0.00010679083031302352,344.36436860772346,326.74261669004767,0.031937393933967946,0.019234427323036957,0.019868991119490642,0.9488281787429951,0.9872970333890689,1.0674919135581393
342.7202508579448,26605921201510.367,165809486179254.12,49446324.21706547,273024509.7080111,322470833.92507654,198976483.78099495,0.00010746814480211723,353.4556302774266,335.7221134463957,0.031027013191271696,0.019144819740380566,0.019757846710911128,0.9498281670683477,0.9881178065491089,1.0654822765201983
351.768107616915,27570842514626.523,171115220726549.06,48316725.70148126,264587846.12915692,312904571.8306382,198193929.15981698,0.00010811616106739134,362.7869023729505,344.94645518252634,0.030106580987892137,0.01906952507804276,0.019661464552946616,0.9508238939340651,0.9889629440901506,1.063456901394066
361.0548289067261,28563366424427.223,176529085478097.62,47141099.10356073,256132694.15397376,303273793.2575345,197513716.865169,0.00010873170385741952,372.36452119904527,354.4225021572852,0.02917994123510342,0.01900407743559392,0.019575283044492735,0.9518159813293027,0.9898241362004906,1.0614241579737955
370.5867207803598,29583402031846.016,182047474805663.84,45942069.93386624,247697011.85622597,293639081.79009223,196872710.0533533,0.00010931225473538536,382.1949903396855,364.157173526552,0.02825292307300854,0.01894240200726504,0.019493140197722667,0.9528046749197264,0.9906894789342565,1.0593965878980813
380.37025577137206,30631688118250.695,187666982655186.03,44944247.31007782,239319835.0650883,284264082.3751661,196008861.51259047,0.00010985611008918401,392.28498507426224,374.15742568589405,0.027350893494164023,0.01885928552896754,0.01938960865004854,0.9537898209768685,0.9915083920348036,1.057428283193348
390.41207728900025,31712820836449.3,193384518184021.38,43987908.9154423,231038108.34155133,275026017.25699365,195056392.46009243,0.00011036383705419548,402.64135691036324,384.4300165588439,0.02646203925331829,0.01876764229569764,0.019277771440266468,0.954770318450984,0.9923056030423794,1.0554937038747838
400.71900412930256,32827392867735.336,199197353445438.75,43045036.520811155,222883236.39399195,265928272.9148031,194015300.53708494,0.00011083426393115959,413.271138236219,394.98217187788816,0.025586686185631095,0.018667472080502352,0.019157652934182513,0.9557458417338666,0.9930807858948713,1.0535933082075528
411.29803510539136,33976717876782.258,205103075268439.0,42174640.034510516,214877755.5234777,257052395.55798823,192810038.96393436,0.00011126688015686945,424.1815470959737,405.82119393614823,0.024732680381503117,0.018551506037080997,0.019021970349973317,0.9567158135814159,0.9938188256555779,1.0517434797345155
422.15635379990573,35161214533904.984,211099419831391.2,41131457.967652544,207032569.01060867,248164026.97826123,191679759.16184628,0.00011166095502234018,435.3799920910246,416.9546119106584,0.02387747271569558,0.018442754476816283,0.01889389288876095,0.9576797728074882,0.9945652817611207,1.0498962642298648
433.3013334429492,36375852546799.93,217183979256452.3,40015484.01932272,199345159.3032905,239360643.3226132,190522614.28119633,0.00011201343196986896,446.8740774107562,428.3905343590288,0.023030442001361028,0.018331418052870172,0.01876355092416883,0.9586381399457689,0.9953009760515091,1.0480713912338109
444.7405419188079,37623753572440.75,223353784021900.2,39081263.77972769,191799109.5221686,230880373.3018963,189110462.853564,0.00011232491081782632,458.67160799608894,440.13666724504395,0.022214500148277153,0.018195545792920605,0.018608933959114636,0.9595899540588022,0.9959810456446434,1.0463168849139577
456.481746904842,38907244503972.89,229604782752477.75,38143952.230354056,184365188.370171,222509140.60052508,187663830.14095473,0.00011259523234849029,470.78059483934163,452.20104783383266,0.0214090494838211,0.018056355864607642,0.018451382423967263,0.9605345946515713,0.9966473063807866,1.044589104414915
468.5329211460497,40226585564698.7,235931262943485.25,37194814.93496706,177004214.8827067,214199029.81767377,186231603.90204188,0.0001128228206288997,483.20926042401624,464.59215865650197,0.02060947975609694,0.017918552076690627,0.018295615187523227,0.9614719681672125,0.9973090723205936,1.0428782341105436
480.9022478688773,41582214596037.91,242325284076767.06,36294681.13784096,169671896.6189981,205966577.75683907,184796369.5228916,0.00011300553887740284,495.9660443081895,477.3187918654111,0.019817382078365947,0.01778045885606526,0.01813994507856781,0.9624021590655688,0.9979630767776994,1.041187482081286
493.59812633795525,42975877590646.86,248776227833286.78,35394309.364356235,162325703.59047312,197720012.95482934,183448590.67266452,0.00011314104107083935,509.0596088553092,490.38999694561744,0.01902392652215251,0.017650780299850066,0.01799307931871659,0.9633252931779974,0.9986268537776977,1.039498330872219
506.62917755953316,44403364291127.87,255270600819801.38,34281141.667477146,154933415.32833263,189214556.9958098,182422272.0015806,0.00011322399920677834,522.4988451162833,503.8155441315391,0.018205561366376608,0.017552031515165968,0.017877501465167565,0.9642424071184574,0.9993464701487893,1.0377618219697866
520.0042501354853,45861844003743.34,261792233970723.44,33413043.691975124,147482145.94577953,180895189.63775465,181263589.0037327,0.00011324928194987055,536.2928788668569,517.6054059300334,0.017405101003436046,0.017440547098975072,0.01774947856617772,0.9651543518975889,1.000035446095539,1.03606698057654
533.7324262718636,47366760149524.57,268322980740497.03,32714576.54989207,139985565.27089706,172700141.82078913,180046931.09392074,0.00011321828037574566,550.4510768043763,531.7687194944908,0.01661660223092638,0.017323484539990986,0.01761620602838267,0.9660599132290826,1.0007068823090646,1.034401286438229
547.8230279460754,48904966186141.18,274843899203458.84,31485433.816429943,132486247.6573247,163971681.47375464,179410546.62725043,0.00011312214858437707,564.9830529081491,546.3165584825014,0.015776780374696573,0.01726225385750797,0.017538962212332032,0.9669609657677954,1.0014854734828114,1.0326339585825728
562.2856232368799,50465614359704.19,281336717102256.3,30397368.22839353,125050434.56926405,155447802.79765758,178605370.6265119,0.0001129541334607399,579.8986749677207,561.2599050275786,0.01495664264966588,0.01718478264533002,0.017445711924351563,0.9678585747050041,1.002228139995664,1.0309117877878409
577.1300328214897,52055084398319.8,287785183743631.8,29489382.20367561,117754637.7950689,147244019.99874452,177527258.84220567,0.00011271477208180392,595.2080712834911,576.608798806061,0.014167303427814444,0.017081050508856846,0.017326520583308854,0.9687516460633288,1.0029137470810423,1.0292573150479192
592.3663366442045,53682160578214.72,294175820962800.6,28654122.52757112,110667176.15012422,139321298.67769533,176231008.23734063,0.00011240646150957694,610.9216375442376,592.3732399631022,0.013405006956078101,0.016956329819773734,0.017186717892677224,0.9696386632241482,1.0035513228636956,1.0276624501405913
608.0048807610918,55346709633649.68,300497712477674.75,27794053.833170667,103831311.31648673,131625365.1496574,174779854.12361637,0.00011202959637959373,627.0500438861988,608.5638335154026,0.012664531210761356,0.01681670485809564,0.01703241237622895,0.970518763931143,1.0041521736473342,1.0261161686097862
624.0562843653723,57047577843959.83,306741342930245.25,27026050.06029041,97257604.00521705,124283654.06550746,173055481.0251302,0.00011158488797127634,643.6042421385218,625.1914139225802,0.01195813750723854,0.016650791723496206,0.01685231401176404,0.9713910707692652,1.0046926542162578,1.0246432089856639
640.5314469982728,58790046782410.625,312896972030535.5,26201843.4807516,90929611.1304118,117131454.61116341,171236241.8273352,0.00011107507406703968,660.5954732599902,642.2667703768914,0.011269977948386472,0.016475750905382468,0.0166635487321355,0.9722542711462311,1.005205772956996,1.0232109195015782
657.4415559502485,60567455294008.14,318953313854471.75,25370817.473529197,84819899.12793885,110190716.60146806,169302563.99096647,0.00011049892933948797,678.0352749720807,659.801642793347,0.010602164468442381,0.01628969920263957,0.016464255952094203,0.973108136328918,1.0056875347341971,1.0218233650045985
674.7980938575984,62378544486925.16,324897116179288.6,24522842.820751835,78906658.983057,103429501.80380884,167291928.8986496,0.00010985656886011247,695.9354895935365,677.8078545025312,0.009951624082626481,0.016096242942509567,0.016258036813195997,0.9739521329748639,1.006144618859883,1.0204740800390153
692.612846499631,64226558430538.31,330713599862732.56,23778026.940575313,73180254.22492573,96958281.16550104,165101478.3503093,0.00010914916750547657,714.3082720817708,696.297366593308,0.009328985918224128,0.0158854854695594,0.01603507647216588,0.9747855286122165,1.0065564995513352,1.0191844041187157
710.8979108016777,66112358057720.125,336387017655280.1,23022248.929822896,67636003.81460384,90658252.74442673,162855113.81890628,0.00010837713035865419,733.1660982865668,715.2825880719552,0.00872281926883507,0.015669348149170165,0.015807231775084817,0.9756078325819948,1.006946528880335,1.0179309342644716
729.665703049387,68036270541878.625,341900410557080.0,22268081.861649964,62260296.91409189,84528378.77574186,160557924.57442075,0.0001075406164538405,752.5217734216772,734.7762979096998,0.008133024284363985,0.015448320653058503,0.015574992444841182,0.9764186550625775,1.0073152963686944,1.0167132954910518
748.9289673198739,70000007482290.305,347234262100650.9,21625093.39478238,57023079.15339458,78648172.54817696,158133913.27504975,0.00010663972528453465,772.3884407600707,754.7916229619044,0.007567251454711912,0.015215090783411283,0.015331105110863809,0.9772176577618769,1.0076478393286994,1.0155467395746602
768.7007841354563,72004585021984.73,352364769798032.3,20915904.55632465,51884741.44043102,72800645.99675567,155801073.94374812,0.00010567356636817316,792.7795905587388,775.3422004257313,0.007004622948936987,0.014990633160920593,0.015096377593860365,0.9780047438901425,1.0079860102119835,1.0143890068646788
788.9945793458494,74048852258728.16,357262984615789.4,20199752.97169643,46813119.248023875,67012872.219720304,153530222.99889505,0.00010463983154636745,813.7090692191163,796.4422575760889,0.006447743645645031,0.01477213984366841,0.014868004927966123,0.9787801165106865,1.0083243961980233,1.0132452739518307
809.8241332448519,76113943548051.5,361895604909007.06,19376456.89862728,41798620.65729129,61175077.555918574,151419545.2611956,0.00010353150744246338,835.1910886893377,818.1071636513319,0.0058860515079808984,0.014569057830907714,0.014655319798105295,0.9795448906611114,1.0086830063229268,1.0120942375498536
831.2035899277128,78216580704372.56,366227285124543.1,18792500.801261663,36860368.300265014,55652869.10152668,149110479.553387,0.00010235031426749256,857.2402361147161,840.3512219415775,0.005354723969071819,0.014346887623129058,0.014424124830089622,0.9802983884077991,1.0089921636540573,1.0110064307514923
853.1474668955345,80363711400928.0,370223961011481.56,18086560.392886363,32046440.719813958,50133001.11270032,146919168.86072114,0.00010109620994048218,879.8714837429943,863.1894116384273,0.004823621621554754,0.014136047390107194,0.014204564836175748,0.9810403309883381,1.0093124257685524,1.0099212683465983
875.670664913234,82526598771007.25,373856988280731.56,17330741.351158023,27432057.88975717,44762799.240915194,144688916.48737556,9.976285993476674e-05,903.1001990910961,886.6381455307362,0.004306919623152064,0.013921460325083707,0.013981678289674103,0.9817716200517642,1.0096145407019317,1.0088670299311726
898.7884781277522,84716824033884.48,377107693722160.9,16652151.091184258,23110300.27052503,39762451.36170929,142212712.82132038,9.835561612481271e-05,926.9421553802803,910.7123137170843,0.003825803679360645,0.013683208688878927,0.013735759006223749,0.9824909876317605,1.0098574050095181,1.007885901662933
922.5166044533935,86941353378555.9,379970686804312.1,16104575.14621514,19167562.529048845,35272137.675263986,139365085.3429727,9.688143337184036e-05,951.4135422467898,935.4269581992342,0.0033937614376283076,0.0134092199555132,0.013454882617287564,0.9831970186068585,1.0100154585178849,1.0070045346677434
946.8711562313262,89196715619012.81,382453282335511.75,15456833.278209243,15647704.22325695,31104537.501466192,136346633.8331316,9.534734930060738e-05,976.530976735251,960.7975347303677,0.002992769558783184,0.013118795132675384,0.013158174516818473,0.9838884353085414,1.0101260255738922,1.0061867254611552
971.8686711705078,91481064209275.9,384569034190496.2,14893161.549755909,12519747.544532534,27412909.094288442,133017843.71708247,9.376154412007152e-05,1002.311514582313,986.8397492157634,0.0026375740147626357,0.012798510617066668,0.012832356908195884,0.9845639153681707,1.010160936602304,1.005461660810733
997.5261235774456,93802604357792.84,386325473409651.5,14360188.06223096,9666314.947937597,24026503.010168556,129561988.70299461,9.213242460656489e-05,1028.7726617981693,1013.5697204479432,0.0023117458926838414,0.012466000362405501,0.012494885362321403,0.9852222537449107,1.0101542544697217,1.0047964448447742
1023.8609358824252,96158600470370.56,387709708867336.5,13819616.781696288,6914124.78814131,20733741.5698376,126191143.53709197,9.046193644457557e-05,1055.9323865538345,1041.0050955369347,0.001994927929951136,0.012141669457327444,0.01216593963008961,0.9858634026127214,1.0101467415273764,1.0041504513045205
1050.8909904700345,98545694263930.69,388680645845940.6,13304189.851655137,4118193.0268627983,17422382.878517933,123009444.96702689,8.874681265876276e-05,1083.8091313822476,1069.1648561053053,0.0016763206049225455,0.011835537574631362,0.01185541104444499,0.9864881418204461,1.010159216969709,1.0035021332424623
1078.6346418220123,100955878822362.08,389177446096255.4,12660958.925293395,1254320.2391501144,13915279.16444351,120180661.42555782,8.69800277726555e-05,1112.4218257014845,1098.0690908579634,0.0013388793800053571,0.011563361938813068,0.011578864641926015,0.9870977586811815,1.0102244825588078,1.0028175940319037
1107.1107289806725,103367860425899.89,389141813954172.94,12044127.507554037,-1577614.666012641,10466512.841541396,117437088.82059748,8.51536720300293e-05,1141.789898668585,1127.738534155416,0.0010070511743600701,0.011299385000591442,0.011310775530372227,0.9876935638250485,1.0102923338262313,1.0021453570017198
1136.338588341362,105790837501218.39,388534800088601.6,11487069.857915366,-4261836.848912243,7225233.009003123,114631001.17800695,8.32693269874141e-05,1171.9332923727245,1158.1928671112769,0.0006951865914560118,0.011029393084600832,0.011037065904826884,0.9882754203239431,1.0103342064931449,1.0015138256143785
1166.3380667826411,108228354087792.08,387333571145310.9,10906099.87962059,-6754176.947748529,4151922.9318720605,111805661.07595046,8.133044629298578e-05,1202.8724753766826,1189.45198839547,0.0003994834695849379,0.010757548764451548,0.010761847944807685,0.9888429677659635,1.0103580652948665,1.0009153693422925
1197.1295351431077,110654584236671.4,385521701582910.6,10340513.849767778,-9037400.489803668,1303113.35996411,108902531.39844778,7.93367731286457e-05,1234.6284566158165,1221.5369493213796,0.00012538099932077204,0.010478219804050818,0.010479533738463363,0.9893963991966284,1.01035283880473,1.000360669404028
1228.7339020539998,113079144112555.9,383094068457837.25,9797358.836103544,-11052851.671920357,-1255492.8358168136,105864181.74727479,7.729566662519067e-05,1267.2227996639565,1254.468099119088,-0.00012079911942512628,0.010185880451808675,0.010184650155038293,0.9899349186676164,1.0103066795712339,0.9998621583322458
1261.1726281369915,115488203418192.55,380064024701618.0,9249851.176265305,-12769211.917815385,-3519360.7415500805,102691684.04492825,7.521328737626566e-05,1300.6776373759335,1288.2665540725034,-0.0003386205531328415,0.009880633844350045,0.00987728919122066,0.9904579867087828,1.0102192543974828,0.9994206070458296
1294.4677405768084,117898038408446.11,376443305401920.75,8762639.791246682,-14287564.009720728,-5524924.218474045,99431195.71122007,7.309966324128988e-05,1335.0156869166685,1322.9533766309646,-0.0005315888402087214,0.009566921086800457,0.00956183812036379,0.9909646677534083,1.010098509927009,0.9990290094509767
1328.6418480785605,120291825460378.92,372212533261387.2,8257714.919901092,-15736415.754763048,-7478700.834861957,96285118.43524918,7.095480738278975e-05,1370.2602651870288,1358.551881523366,-0.0007195743771070769,0.009264216560148633,0.009257555060732272,0.9914553578169585,1.0099837909372558,0.9986479895738964
1363.718156219952,122657666678988.81,367341466296136.25,7667522.186230914,-17049116.776918925,-9381594.590688013,93249576.64848909,6.877812992687836e-05,1406.4353046569306,1395.0860985558024,-0.000902664143536376,0.008972147370777093,0.008964055838990579,0.9919305167727592,1.0098748115143135,0.9982773290550107
1399.7204832087923,124987267042981.16,361846277141823.56,7236760.966123125,-18044730.12900933,-10807969.162886204,89902778.94710952,6.657617667257656e-05,1443.565369616439,1432.5795118839665,-0.0010399049045956238,0.00865013022843501,0.008641144260137573,0.9923897746761606,1.0096900351330307,0.9979979497873468
1436.6732760565048,127299771249799.42,355783095842772.9,6831963.999354342,-18740265.0607408,-11908301.061386457,86408208.92732498,6.436403999467303e-05,1481.6756728558971,1471.0548438775952,-0.0011457749825620439,0.00831389495164446,0.008304380000793862,0.9928318800309176,1.0094596699342064,0.9977811921398748
1474.6016271786193,129588333458419.16,349184364493350.06,6340507.690322723,-19277344.462158173,-12936836.77183545,83022645.07969005,6.214902821399431e-05,1520.7920927864113,1510.5367669882928,-0.0012447370830018297,0.007988147866607717,0.00797821708394709,0.9932565892163941,1.0092328849496095,0.9975786640680535
1513.531291433524,131819932877327.12,342065516778662.56,5895356.602339841,-19646456.119700246,-13751099.517360404,79598812.10999167,5.9932396527696184e-05,1560.9411910123267,1551.0516356980063,-0.00132308258990877,0.007658718660801697,0.007648598932716625,0.9936643639291071,1.0089818012507106,0.9974174271959958
1553.4887036110317,134025272736477.66,334453094956696.7,5516352.047197744,-19893913.300992128,-14377561.253794383,76168311.7374714,5.772462450454889e-05,1602.1502303676048,1592.624983587722,-0.001383358542073424,0.007328647940869305,0.0073185237984573406,0.9940547106012041,1.008712006482943,0.9972924291584281
1594.5009963826574,136181920930839.75,326322027036853.9,5142845.70584552,-20213834.538194764,-15070988.832349245,72975977.59106098,5.552266757870038e-05,1644.4471934283777,1635.2852956229995,-0.001450077712812481,0.0070214927403011934,0.0070113257730604105,0.9944285849725113,1.0084715704531138,0.9971551594165649
1636.5960187257792,138261654167184.44,317620483852625.1,4640004.742268631,-20467112.21943722,-15827107.477168588,70004702.55765864,5.332007606557594e-05,1687.860801514226,1679.0623573977691,-0.0015228287981786293,0.006735607072645153,0.0067253654923950575,0.9947872217255335,1.0082584358708238,0.9970063804652978
1679.8023548342035,140275188008792.06,308420048494046.25,4307511.464616998,-20347604.74164519,-16040093.277028192,66655789.47507121,5.1129665025802735e-05,1732.4205341911006,1723.983533841187,-0.0015433215452012419,0.0064133863957388975,0.0064035037304668915,0.9951299351494624,1.0079567079409402,0.9969613680196451
1724.149343527966,142236875056543.5,298841563699996.6,3965685.780947199,-20058064.430433035,-16092378.649485836,63322188.133605525,4.896893082102418e-05,1778.1566492891163,1770.0761956764554,-0.0015483522604482858,0.006092638960886764,0.0060832199934590875,0.9954557132995615,1.007640991221335,0.9969473654449297
1769.6670981755594,144124513067922.56,288873540994725.44,3573660.4059950123,-19848412.03056027,-16274751.624565259,60284908.72730071,4.6835379364272846e-05,1825.1002034488238,1817.3718110980171,-0.0015658995487864162,0.005800402583854004,0.0057913339366557235,0.9957654969649324,1.0073663021326404,0.9969089775752903
1816.3865271421064,145916141562870.06,278515177154062.03,3258513.4572167266,-19463205.058746926,-16204691.6015302,57153475.29821479,4.472793264877862e-05,1873.2830732099017,1865.9024345294367,-0.0015591586189713663,0.005499107036814199,0.005490546404065438,0.9960600515821572,1.0070582656557856,0.9969190137773383
1864.3393547773696,147640804572028.8,267884502059932.1,2963671.298172982,-18886410.13321496,-15922738.83504198,53976507.29519363,4.266307804621083e-05,1922.7379766565966,1915.6980634433448,-0.0015320301121893292,0.0051934303126956755,0.005185485992009581,0.9963385997994937,1.006725460424885,0.9969697745529367
1913.558142957843,149281226671161.75,256984587292280.25,2650454.0288110357,-18472328.435028315,-15821874.406217279,51138327.602243975,4.063949390178663e-05,1973.4984956345988,1966.792497774127,-0.0015223252904366705,0.004920350612120931,0.00491287162339996,0.9966019746783158,1.0064426759025575,0.9969863513262386
1964.0763131975702,150802196595912.25,245726009948195.3,2322286.3631353797,-18090178.403380994,-15767892.040245615,48487455.21208845,3.8645186003864e-05,2025.5990985544606,2019.2221851193235,-0.001517131296422663,0.004665292963599318,0.004658225823416808,0.9968518383328233,1.006182424260022,0.9969942623739769
2015.9281693426678,152220453013135.88,234179183631050.8,2054131.5801412947,-17523615.6929229,-15469484.112781607,45734208.95091997,3.6689460874666115e-05,2079.075163797003,2073.0209681733563,-0.0014884195317365055,0.004400385260089171,0.004393845374813869,0.9970880342716474,1.0058888047918255,0.997049042855757
2069.1489208650105,153526472539155.03,222361140468485.62,1769354.4769201814,-17151497.57760641,-15382143.100686228,43328464.14180634,3.477330258455099e-05,2133.9630037366537,2128.2249969273885,-0.0014800158857340517,0.004168912928099778,0.004162751989027646,0.9973111029576343,1.0056489288138337,0.9970638042502024
2123.774706770858,154679872608967.03,210063717244442.7,1426203.2640211314,-17024510.520267725,-15598307.256246593,41339040.08854504,3.2874480469842966e-05,2190.2998893989898,2184.875210729819,-0.0015008144430001947,0.003977497519790593,0.0039715369797305045,0.9975233169232096,1.0054783119627908,0.9970208410646884
2179.842620140679,155658499361126.12,197281919977046.72,1153907.6239757237,-16667424.535504173,-15513516.91152845,39156444.135086745,3.099245162439386e-05,2248.124075769245,2243.009954151829,-0.0014926562132711967,0.003767495788425019,0.0037618805939828265,0.9977251604248462,1.0052601520016962,0.9970354681555627
2237.390733316828,156455914460184.2,183973324323966.8,835046.9241767934,-16928581.54209197,-16093534.617915176,37740314.997412995,2.9124916769496195e-05,2307.4748277689664,2302.6688715231853,-0.001548463483678211,0.003631240807159469,0.0036256266566761556,0.9979172226765187,1.0051797042908377,0.996923356153222
2296.4581237561774,156978280823347.44,168972744690106.3,355120.9823682028,-18859623.167920895,-18504502.185552694,38178173.8103929,2.7168990105904417e-05,2368.39244691846,2363.9092417397314,-0.001780438331183948,0.0036733700471929987,0.0036668414620995024,0.998107068283991,1.0054538083783768,0.9964620088494914
2357.0849005652663,157026525153229.38,151781583755041.12,0.0,-19359460.86411632,-19359460.86411632,37051926.940313935,2.5078014220464063e-05,2430.91829870312,2426.7801293126804,-0.0018626994581048065,0.003565006521508417,0.00355837833211745,0.9982976929365964,1.0054277059796133,0.9962975994163564
2419.3122317359735,157026525153229.38,134647684598385.03,0.0,-17164033.219638795,-17164033.219638795,33026265.850626584,2.3077341826630613e-05,2495.094840662238,2491.2868059143457,-0.0016514631064119486,0.0031776715237568404,0.0031724323687422756,0.9984737915826551,1.0048291346301688,0.9967152690676553
2483.1823721002343,157026525153229.38,118863584886697.31,0.0,-15069697.336724553,-15069697.336724553,29311633.230214715,2.126704696289921e-05,2560.9656512193733,2557.456336566577,-0.0014499534496309212,0.0028202625949821356,0.0028161792661404164,0.9986296908546488,1.0042702160446129,0.9971142960040207
2548.738692022734,157026525153229.38,104124776950137.72,0.0,-13409064.848537466,-13409064.848537466,26205579.520758055,1.961311423643736e-05,2628.575459273815,2625.339063111387,-0.001290173213106317,0.0025214089955942877,0.0025181601328445793,0.998768764217512,1.0038115822087006,0.9974309634780225
2616.0257068511205,157026525153229.38,90376661440234.72,0.0,-11796567.794449084,-11796567.794449084,23303813.90724071,1.8102683399220193e-05,2697.9701745732964,2694.983017389761,-0.0011350243993078224,0.0022422112806483843,0.002239669201458351,0.9988928131186594,1.0033772356799562,0.9977388149776747
2685.089107143692,157026525153229.38,77708253547042.48,0.0,-10264266.320881011,-10264266.320881011,20627854.858690836,1.673394786899762e-05,2769.1969188885346,2766.435619279884,-0.0009875917231345478,0.0019847398817994873,0.001982781703000821,0.9990028518413351,1.0029723316049342,0.9980316624026894
2755.975789695104,157026525153229.38,66144714390748.61,0.0,-8855532.513180383,-8855532.513180383,18208244.414812908,1.5500385585298598e-05,2842.3040580107877,2839.7463107902463,-0.0008520482945940516,0.0017519334470402373,0.0017504419859313389,0.9991001148475538,1.0026039817416341,0.998301137739784
2828.733889381156,157026525153229.38,55680643651386.68,0.0,-7569864.121794421,-7569864.121794421,16031377.926586209,1.4393609226205356e-05,2917.3412345941483,2914.966118582402,-0.0007283457889950445,0.001542482984734118,0.0015413603414201208,0.9991858628042609,1.0022708287737292,0.9985472706809871
2903.4128118442877,157026525153229.38,46307111809103.19,0.0,-6399305.585533441,-6399305.585533441,14077193.686017012,1.3405410398105005e-05,2994.359401864883,2992.1473503647903,-0.0006157187501287527,0.0013544582276660009,0.0013536247755110797,0.9992612605224628,1.001970176977795,0.9987715289446041
2980.063267041972,157026525153229.38,38009830835089.88,0.0,-5341748.714152089,-5341748.714152089,12332353.224100163,1.25276544018946e-05,3073.4108582206927,3071.343646856819,-0.0005139643353202091,0.0011865757951073496,0.0011859662507515698,0.9993273885402129,1.0017005401304275,0.9989742683378883
3058.7373036807953,157026525153229.38,30761521310420.08,0.0,-4398057.051963169,-4398057.051963169,10787069.172113784,1.1751828328985038e-05,3154.549282743412,3152.610091871073,-0.0004231656317759633,0.001037893980750201,0.001037454965464301,0.9993852716510258,1.0014610596125262,0.999155281044584
3139.4883445595924,157026525153229.38,24518990726062.03,0.0,-3568053.761058552,-3568053.761058552,9431026.888225138,1.1068947450159999e-05,3237.829771649228,3236.0032642104825,-0.0003433056247724156,0.0009074203459162651,0.0009071089303182056,0.9994358852788562,1.0012507259706886,0.9993145644475374
3222.371222845666,157026525153229.38,19223993728722.445,0.0,-2849285.406048543,-2849285.406048543,8252216.02484158,1.0469706521285743e-05,3323.30887570122,3321.581250113628,-0.00027414825335709647,0.000793999297063475,0.0007937816832014786,0.9994801489562937,1.0010681475504206,0.9994525586271151
3307.442219308668,157026525153229.38,14805499723256.469,0.0,-2237021.259484943,-2237021.259484943,7237017.795863044,9.94469610547487e-06,3411.044638609559,3409.40364595922,-0.0002152383435189086,0.0006963204823350983,0.0006961706397197985,0.9995189178611839,1.0009115588258541,0.9995701467009502
3394.7591005374907,157026525153229.38,11182654576821.89,0.0,-1724448.926773953,-1724448.926773953,6370477.72931283,9.484630273214222e-06,3501.0966364455003,3499.531560106871,-0.00016592043053146658,0.0006129450348617131,0.0006128433516289623,0.9995529753956698,1.0007788654653933,0.9996686171619515
3484.3811581660752,157026525153229.38,8268230336640.305,0.0,-1303054.3578749043,-1303054.3578749043,5636744.822540671,9.080569611034616e-06,3593.526018095904,3592.0276165525524,-0.00012537532234658554,0.0005423478267353518,0.0005422798382258322,0.9995830274956112,1.0006677231490821,0.9997495904981248
3576.36924913479,157026525153229.38,5972114229172.505,0.0,-963217.3221300036,-963217.3221300036,5019697.914197452,8.72411338674288e-06,3688.395546785766,3686.955964741575,-9.267739409491132e-05,0.0004829777363251082,0.000482932979355059,0.9996096996577698,1.0005756551304201,0.9998149041570182
3670.7858370147105,157026525153229.38,4204396620532.5073,0.0,-694837.8263329013,-694837.8263329013,4503569.4285270795,8.407540417421289e-06,3785.7696426969346,3784.382298942425,-6.685485983651618e-05,0.0004333176627663117,0.00043328869531131784,0.9996335371970702,1.0005001725226028,0.9998664914018774
3767.6950344228676,157026525153229.38,2877932373259.6675,0.0,-487810.9130305791,-487810.9130305791,4073389.223619738,8.12389874654476e-06,3885.7144267119806,3884.373887192845,-4.69354559890605e-05,0.00039192723148350877,0.000391908837063535,0.9996550082245056,1.0004388626874725,0.9999062892745626
3867.1626465572654,157026525153229.38,1910509691811.9524,0.0,-332317.9498637754,-332317.9498637754,3715227.2769277664,7.867057828969924e-06,3988.2977653129046,3986.999607587398,-3.19744681669889e-05,0.0003574661445400449,0.0003574547151156353,0.9996745083236269,1.000389440612707,0.9999361818963542
3969.2562158812207,157026525153229.38,1226774018146.8064,0.0,-219016.5502240314,-219016.5502240314,3416325.7174946815,7.631735555978595e-06,4093.589316665171,4092.329989902053,-2.107300468136819e-05,0.0003287068843162916,0.00032869995762054585,0.999692366120365,1.0003497798889978,0.9999579633619348
4074.045067987399,157026525153229.38,759895620787.4272,0.0,-139219.71544426217,-139219.71544426217,3165213.9355566646,7.4135030414127055e-06,4201.660577918388,4200.437262105094,-1.3395232973465846e-05,0.00030454578895197464,0.00030454170954482515,0.9997088494440215,1.0003179410219254,0.9999733028155171
4181.600358672623,157026525153229.38,452811792429.2829,0.0,-85096.39461585735,-85096.39461585735,2951838.7045587874,7.208762665992533e-06,4312.584933755695,4311.395402529454,-8.187676777271946e-06,0.00028401557223042156,0.00028401324682175613,0.9997241721045469,1.0002922032490076,0.9999837055097676
4291.995122255504,157026525153229.38,258835593653.0757,0.0,-49865.15012551615,-49865.15012551615,2767680.7720128433,7.014694430243884e-06,4426.437706224889,4425.2801985562455,-4.7978499385423625e-06,0.0002662965415421829,0.0002662952638974674,0.9997385013083964,1.0002710943914805,0.999990475281673
4405.304321169643,157026525153229.38,141514141089.4746,0.0,-27927.846901879708,-27927.846901879708,2605806.8688022946,6.829171110073428e-06,4543.296205885091,4542.169311761762,-2.687119525450684e-06,0.0002507216020380315,0.0002507209283209295,0.9997519655174875,1.0002534087215635,0.9999946886432608
4521.604896866107,157026525153229.38,73777085854.73517,0.0,-14903.338136664142,-14903.338136664142,2460821.5281587145,6.650649866150064e-06,4663.239784303688,4662.142348300155,-1.4339469505874665e-06,0.00023677162081977792,0.00023677128130232113,0.9997646623261308,1.0002382055677703,0.9999971881727494
4640.975822059728,157026525153229.38,36559886372.19655,0.0,-7553.399377193478,-7553.399377193478,2328716.399249019,6.478052927615489e-06,4786.349887939202,4785.280932474904,-7.267616089881076e-07,0.00022406092842187849,0.000224060765583116,0.9997766658331871,1.0002247876900308,0.9999985966815228
4763.498154354721,157026525153229.38,17163146565.689032,0.0,-3623.7829476715747,-3623.7829476715747,2206644.652013902,6.310650949862925e-06,4912.710113446673,4911.668781291547,-3.48667691744906e-07,0.00021231561283583216,0.0002123155388082633,0.9997880330548559,1.0002126642805276,0.9999993477428399
4889.255091286017,157026525153229.38,7606216841.305942,0.0,-1639.910910978231,-1639.910910978231,2092662.818070041,6.147960013521514e-06,5042.406264443113,5041.391778219526,-1.5778647900682348e-07,0.00020134868034678974,0.00020134864857669543,0.9997988091061322,1.0002015064668257,0.999999724968384
5018.332026813699,157026525153229.38,3170361745.710586,0.0,-697.4525588318303,-697.4525588318303,1985480.9108939033,5.989658623637932e-06,5175.526409771573,5174.538045152363,-6.710644023139545e-08,0.00019103601297361473,0.0001910360001538688,0.9998090310934666,1.0001911031194137,0.9999999022818828
5150.816609308888,157026525153229.38,1237991749.7948017,0.0,-277.68769057280997,-277.68769057280997,1884249.4825183812,5.835526304431266e-06,5312.160943303378,5311.198012342505,-2.671813612904342e-08,0.00018129587981072418,0.0001812958749668363,0.9998187308383254,1.0001813225979468,0.9999999794319236
5286.798801070496,157026525153229.38,451026797.5950747,0.0,-103.07758308097075,-103.07758308097075,1788396.706566069,5.685401753638766e-06,5452.402645319192,5451.464486687395,-9.917763696796085e-09,0.00017207326172867033,0.0001720732600220884,0.999827936656035,1.0001720831794925,1.0000000097736799
5426.370939413171,157026525153229.38,152640674.06043032,0.0,-35.51865633949613,-35.51865633949613,1697515.312437222,5.539156536527663e-06,5596.346745510478,5595.4327190717495,-3.4174805993085315e-09,0.0001633289725780675,0.00016332897201989393,0.9998366744449025,1.0001633323900585,1.0000000198413925
5569.627799368025,157026525153229.38,47766598.38240724,0.0,-11.309610268775161,-11.309610268775161,1611290.9979873807,5.396679826153242e-06,5744.090987644264,5743.200471550355,-1.0881710532585973e-09,0.00015503277130838873,0.00015503277113968655,0.9998449683168626,1.0001550338594796,1.0000000218588185
5716.666658038644,157026525153229.38,13754866.608547382,0.0,-3.311621039766567,-3.311621039766567,1529460.9318538476,5.2578702365572334e-06,5895.735695935046,5894.868085067593,-3.1863256727646636e-10,0.00014715936920729308,0.0001471593691604033,0.9998528409494253,1.00014715968784,1.000000021018615
5867.587360656108,157026525153229.38,3626112.4845503746,0.0,-0.8871993449398443,-0.8871993449398443,1451791.6500007156,5.122631788382522e-06,6051.383843168921,6050.538548247289,-8.536321081717382e-11,0.00013968630318367362,0.00013968630317174954,0.9998603137821795,1.000139686388547,1.000000019341537
6022.492388377875,157026525153229.38,870422.3890626489,0.0,-0.2162972852226701,-0.2162972852226701,1378068.1601477843,4.990872062425201e-06,6211.141120626195,6210.3175676200135,-2.081136653555249e-11,0.00013259288743400322,0.00013259288743124379,0.9998674071333774,1.0001325929082454,1.0000000175392512
6181.486927876556,157026525153229.38,189166.02337900555,0.0,-0.04771565665932377,-0.04771565665932377,1308088.8795332683,4.862501405830038e-06,6375.1160098499695,6374.313639522651,-4.591033212457924e-12,0.00012585972637160845,0.00012585972637103063,0.9998741402782194,1.0001258597309626,1.000000015831489
6344.678942765855,157026525153229.38,36996.69635248358,0.0,-0.009467669809015141,-0.009467669809015141,1241663.3144788353,4.7374325980770525e-06,6543.419856309421,6542.638123816797,-9.109459992997964e-13,0.00011946849136255203,0.0001194684913624432,0.9998805315095484,1.0001194684922736,1.0000000142708987
6512.179246912143,157026525153229.38,6470.327152275688,0.0,-0.0016789741488296439,-0.0016789741488296439,1178610.908449977,4.615580699226148e-06,6716.166945007797,6715.405319521794,-1.6154500681337598e-13,0.00011340180989003987,0.00011340180989002154,0.9998865981902715,1.0001134018100517,1.0000000128596476
6684.101579681507,157026525153229.38,1005.1155380187959,0.0,-0.0002643356975793942,-0.0002643356975793942,1118760.3471111588,4.496862963942994e-06,6893.474578086499,6892.732542433006,-2.5433454169766655e-14,0.00010764319868926387,0.00010764319868926112,0.9998923568013361,1.0001076431987148,1.0000000115870074
6860.562683173264,157026525153229.38,137.70598859198634,0.0,-3.6686647374223016e-05,-3.6686647374223016e-05,1061949.0338722062,4.381198777537281e-06,7075.463154477865,7074.740204785147,-3.529860602177808e-15,0.00010217701328631361,0.00010217701328631325,0.9998978229867173,1.0001021770132899,1.000000010440135
7041.682381492513,157026525153229.38,16.515285400602522,0.0,-4.455110157617831e-06,-4.455110157617831e-06,1008022.6329553152,4.2685095993129106e-06,7262.256251660857,7261.551897017327,-4.2865508159752917e-16,9.698840403368602e-05,9.698840403368598e-05,0.9999030115959667,1.000096988404034,1.0000000094067498
7227.583662115457,157026525153229.38,1.720221143640009,0.0,-4.6966017877345204e-07,-4.6966017877345204e-07,956834.6466425175,4.158718908818964e-06,7453.980709575072,7453.294471695923,-4.518905596778603e-17,9.206327543451846e-05,9.206327543451846e-05,0.9999079367245656,1.0000920632754344,1.0000000084756466
7418.392759402794,157026525153229.38,0.1543210526076503,0.0,-4.2625494814667214e-08,-4.2625494814667214e-08,908246.0165945139,4.051752153808852e-06,7650.7667167501095,7650.098129652538,-4.101275683761356e-18,8.73882477828844e-05,8.73882477828844e-05,0.9999126117522171,1.000087388247783,1.0000000076367057
7614.239240317864,157026525153229.38,0.011819122692985332,0.0,-3.301409788446409e-09,-3.301409788446409e-09,862124.7459576308,3.947536699602763e-06,7852.747898708758,7852.09650839554,-3.1765007647085275e-19,8.29506208042496e-05,8.29506208042496e-05,0.9999170493791958,1.0000829506208042,1.0000000068808055
7815.256092407767,157026525153229.38,0.0007656470063835583,0.0,-2.161946575609471e-10,-2.161946575609471e-10,818345.5407593247,3.84600177976381e-06,8060.061408704031,8059.426772855248,-2.0801492061711516e-20,7.873833915180461e-05,7.873833915180461e-05,0.9999212616608482,1.0000787383391518,1.000000006199726
8021.579814107202,157026525153229.38,4.1542756913534376e-05,0.0,-1.1853671198824613e-11,-1.1853671198824613e-11,776789.4695294887,3.747078448044541e-06,8272.84802085169,8272.229708524368,-1.1405186886959837e-21,7.473995965642017e-05,7.473995965642017e-05,0.9999252600403435,1.0000747399596563,1.0000000055860618
8233.35050742632,157026525153229.38,1.8684832184833901e-06,0.0,-5.385591949978023e-13,-5.385591949978023e-13,737343.6402085379,3.6506995315696777e-06,8491.252225721457,8490.649817056943,-5.1818277777517954e-23,7.094462023987575e-05,7.094462023987575e-05,0.9999290553797602,1.0000709446202398,1.0000000050331392
8450.71197308556,157026525153229.38,6.890722758056232e-08,0.0,-2.005614055656091e-14,-2.005614055656091e-14,699900.8934625363,3.5567995852230564e-06,8715.42232845185,8714.835414390709,-1.929731535841771e-24,6.734201040671621e-05,6.734201040671621e-05,0.9999326579895933,1.0000673420104067,1.0000000045349464
8673.811808162083,157026525153229.38,2.059745991941084e-09,0.0,-6.051905704808572e-16,-6.051905704808572e-16,664359.5115719879,3.4653148472077804e-06,8945.510549455308,8944.938731459557,-5.822931514453038e-26,6.392234323455179e-05,6.392234323455179e-05,0.9999360776567654,1.0000639223432346,1.000000004086066
8902.801506314016,157026525153229.38,4.930037511354828e-11,0.0,-1.46179941388581e-17,-1.46179941388581e-17,630622.9421034389,3.3761831957494455e-06,9181.673127781842,9181.116017564329,-1.4064921514162793e-27,6.0676328786708335e-05,6.0676328786708335e-05,0.9999393236712133,1.0000606763287867,1.000000003681617
9137.836560650683,157026525153229.38,9.328168518628734e-13,0.0,-2.790368460045068e-19,-2.790368460045068e-19,598599.5356131893,3.289344106912973e-06,9424.070427211604,9423.52764647234,-2.684794713510191e-29,5.759514887499799e-05,5.759514887499799e-05,0.999942404851125,1.000057595148875,1.0000000033172012
9379.076569318622,157026525153229.38,1.3764666776992888e-14,0.0,-4.152715126817732e-21,-4.152715126817732e-21,568202.2966705699,3.20473861350445e-06,9672.867045148258,9672.33822531754,-3.995596918055035e-31,5.467043310405165e-05,5.467043310405165e-05,0.999945329566896,1.0000546704331041,1.0000000029888563
9626.685343875053,157026525153229.38,1.5615163790758275e-16,0.0,-4.749990998554249e-23,-4.749990998554249e-23,539348.6475244049,3.1223092650300665e-06,9928.231924387157,9927.716706375297,-4.570274823825046e-33,5.1894236132134525e-05,5.1894236132134525e-05,0.9999481057638678,1.000051894236132,1.0000000026930118
9880.831020522455,157026525153229.38,1.3414804818616209e-18,0.0,-4.113330494935783e-25,-4.113330494935783e-25,511960.2037706296,3.0420000886849415e-06,10190.338467834232,10189.836501787717,-3.95770240592007e-35,4.925901608667072e-05,4.925901608667072e-05,0.9999507409839133,1.0000492590160868,1.0000000024264506
10141.686174279706,157026525153229.38,8.58940355383249e-21,0.0,-2.654134385066633e-27,-2.654134385066633e-27,485962.56141164294,2.9637565513453687e-06,10459.364656253429,10458.875601317353,-2.5537150623675793e-37,4.675761407584063e-05,4.675761407584063e-05,0.9999532423859242,1.000046757614076,1.0000000021862745
10409.427936167438,157026525153229.38,4.0307428374760927e-23,0.0,-1.2548376594659589e-29,-1.2548376594659589e-29,461285.0947289048,2.8875255225386434e-06,10735.493169122787,10735.016693209403,-1.2073608065342358e-39,4.4383234740590794e-05,4.4383234740590794e-05,0.9999556167652595,1.0000443832347405,1.0000000019698716
10684.23811348697,157026525153229.38,1.3619187769311075e-25,0.0,-4.2706321974922707e-32,-4.2706321974922707e-32,437860.7644196944,2.813255238365377e-06,11018.91150868098,11018.447288244204,-4.109052589774638e-42,4.212942779422541e-05,4.212942779422541e-05,0.9999578705722058,1.0000421294277941,1.000000001774889
10966.303313274739,157026525153229.38,3.2519069211035036e-28,0.0,-1.026874603232237e-34,-1.026874603232237e-34,415625.93547678646,2.7408952663497427e-06,11309.812127248857,11309.359847064552,-9.880227452654249e-45,3.99900704994272e-05,3.99900704994272e-05,0.9999600099295006,1.0000399900704995,1.0000000015992057
11255.815069015887,157026525153229.38,5.379918031479287e-31,0.0,-1.7103967027940857e-37,-1.7103967027940857e-37,394520.2043163108,2.6703964711938184e-06,11608.392557912193,11607.951910864134,-1.6456837480139286e-47,3.7959351035106094e-05,3.7959351035106094e-05,0.9999620406489649,1.0000379593510351,1.0000000014409123
11552.969970703125,157026525153229.38,6.039800500587775e-34,0.0,-1.9328259823620947e-40,-1.9328259823620947e-40,374486.23468415986,2.601710981412765e-06,11914.85554865453,11914.42623552585,-1.8596974033662492e-50,3.6031752707888986e-05,3.6031752707888986e-05,0.9999639682472921,1.000036031752708,1.0000000012982873
