radius_kpc,baryon_projected_mass_Msun,field_equivalent_projected_mass_Msun,baryon_surface_density_Msun_kpc2,field_equivalent_surface_density_Msun_kpc2,sigma_Msun_kpc2,delta_sigma_Msun_kpc2,alpha_rad,theta_arcsec,beta_arcsec,kappa,gamma_t,reduced_shear_t,lambda_t,lambda_r,signed_magnification
1.0,502369640.763024,1808260940.1679816,159817595.65997314,575572458.2943875,735390053.9543606,106503.27457392216,4.4229312744178225e-07,1.0313240300000002,0.9583404250984702,0.07075665301896196,1.0247371723194298e-05,1.1027651428967834e-05,0.9292330996093149,0.9292535943527612,1.1580867139934883
1.025684716028575,528491742.35562253,1902340637.7921076,159808048.98725623,575570910.4207201,735378959.4079764,112056.25702250004,4.536498827922305e-07,1.0578132948439956,0.9829556907911456,0.07075558554060175,1.0781660227943093e-05,1.1602609668862507e-05,0.9292336327991703,0.9292551961196261,1.1580840532838281
1.0520291366946182,555971269.8636717,2001314947.7703638,159798003.96748987,575569282.0238314,735367285.9913212,117899.16790258884,4.65298062591303e-07,1.0849829289333146,1.0082032372432579,0.07075446236537335,1.1343844630003037e-05,1.2207585800065862e-05,0.9292341937899966,0.9292568814792567,1.1580812537594147
1.079050206324406,584878668.8289117,2105438503.4031699,159787434.49571192,575567568.915369,735355003.411081,124047.21280097961,4.772451305578893e-07,1.112850407358818,1.0340993079436438,0.07075328057856027,1.193538795763068e-05,1.2844153988578832e-05,0.9292347840334821,0.9292586548093974,1.158078308156972
1.1067653044544237,615288030.7276667,2214979183.2294655,159776313.08972785,575565766.6892064,735342079.7789342,130516.40089583397,4.894987404135739e-07,1.1414336540541132,1.060660563871193,0.07075203711198,1.2557830557827197e-05,1.351397157632563e-05,0.9292354050574622,0.9292605207185779,1.1580752088309194
1.1351922570096147,647277280.598051,2330218799.8326325,159764610.8163931,575563870.710102,735328481.5264951,137323.588124156,5.020667406274609e-07,1.1707510533239518,1.0879040942402913,0.07075072873580014,1.3212794249761197e-05,1.4218783547482165e-05,0.92923605846995,0.9292624840584496,1.1580719477329977
1.1643493477687434,680928374.207078,2451453824.449104,159752297.21383673,575561876.1017952,735314173.3156319,144486.5227715969,5.149571792720833e-07,1.200821461668732,1.1158474275240413,0.07074935204990954,1.390198671125991e-05,1.4960427245251248e-05,0.9292367459633792,0.9292645499368017,1.1580685163907882
1.19425533012424,716327505.2300975,2578996149.238797,159739340.20938826,575559777.7345219,735299117.9439101,152023.893633008,5.281783089924019e-07,1.2316642199127117,1.144508542762531,0.07074790347482036,1.4627206112648764e-05,1.574083735441152e-05,0.929237469319067,0.9292667237312923,1.158064905885068
1.224929439144093,753565322.9369154,2713173889.1716456,159725706.03295583,575557570.2117906,735283276.2447464,159955.380777359,5.417385920896804e-07,1.2632991656437258,1.173905881163653,0.07074637924206126,1.539034600117387e-05,1.656205115307579e-05,0.9292382304119375,0.9292690111039399,1.1580611068258964
1.2563914039435504,792737160.9018381,2854332225.588206,159711359.1255904,575555247.8565551,735266606.9821455,168301.7092434168,5.556467057224044e-07,1.2957466459724205,1.2040583580041238,0.07074477538404932,1.619340046741198e-05,1.74262140674049e-05,0.9292390312154832,0.9292714180164181,1.158057109327408
1.288661460374583,833943277.2785679,3002834293.5963783,159696262.04294997,575552804.6966262,735249066.7395761,177084.7057029009,5.699115472259693e-07,1.3290275306192003,1.2349853748386208,0.0707430877233981,1.7038469597200696e-05,1.8335585533023228e-05,0.9292398738070047,0.9292739507461991,1.1580529029812048
1.3217603640412727,877289107.2054873,3159062115.580287,159680375.35335895,575550234.4493753,735230609.8027343,186327.35839045048,5.845422395531409e-07,1.3631632253373127,1.2667068320251254,0.07074131186163754,1.792776523788978e-05,1.9292545194068088e-05,0.9292407603731245,0.9292766159036003,1.1580484768282868
1.3557094036494983,922885527.9323535,3323417583.2126265,159663657.53014246,575547530.505549,735211188.0356914,196053.8803294897,5.995481368368674e-07,1.3981756856806975,1.299243141574843,0.07073944316729734,1.8863617081712286e-05,2.0299599442816287e-05,0.9292416932156209,0.9292794204497844,1.1580438193293987
1.3905304146995043,970849137.2858245,3496323490.489478,159646064.83788705,575544685.9123698,735190750.7502569,206289.7762876749,6.149388300775339e-07,1.434087431125464,1.3326152403352165,0.07073747676333748,1.9848479108002966e-05,2.1359388344716448e-05,0.9292426747575545,0.9292823717157704,1.1580389183337585
1.4262457935301573,1021302546.1184673,3678224620.4320626,159627551.2122603,575541693.3556522,735169244.5679126,217061.9134618044,6.307241529559768e-07,1.47092155955407,1.366844603514887,0.07073540751386406,2.088493638425251e-05,2.2474692948729886e-05,0.9292437075497517,0.9292854774225202,1.1580337610460096
1.462878511723929,1074374685.4141345,3869588888.241067,159608068.13299674,575538545.1410589,735146613.2740557,228398.59629523754,6.469141877741302e-07,1.5087017621115246,1.4019532585596217,0.07073323001010509,2.1975712264777315e-05,2.3648443024618524e-05,0.9292447942776301,0.9292887457021597,1.1580283339913342
1.5004521308818621,1130201128.7515292,4070908543.8301096,159587564.48962545,575535233.1743495,735122797.663975,240329.64558458328,6.635192715246336e-07,1.5474523384431695,1.4379637993885377,0.07073093855559077,2.312367600208775e-05,2.488372524330625e-05,0.9292459377684071,0.9292921851204113,1.158022622978593
1.5389908177780327,1188924430.857758,4282701436.818408,159565986.43949252,575531748.9406464,735097735.3801389,252886.48223543167,6.805500020909378e-07,1.5871982123238366,1.474899401000167,0.07072852715049803,2.4331850805571023e-05,2.6183791837449027e-05,0.9292471409986964,0.9292958047003075,1.1580166130613905
1.5785193599032457,1250694483.0142765,4505512347.219211,159543277.25759292,575528083.4825618,735071360.7401547,266102.2158331871,6.980172445789675e-07,1.627964947688436,1.5127838344582476,0.07072598947509731,2.5603422363466276e-05,2.7552069759278127e-05,0.9292484071025392,0.9292996139472661,1.158010288496911
1.6190631814079681,1315668886.1091862,4739914385.231675,159519377.17769516,575524227.3772802,735043604.5549754,280011.7385317087,7.159321377817672e-07,1.6697787650742868,1.5516414822673097,0.07072331887226102,2.694174787650041e-05,2.899217038762321e-05,0.9292497393798624,0.9293036228756155,1.158003632702428
1.6606483594547528,1384013342.1619785,4986510463.714354,159494223.22420436,575520170.7123427,735014393.936547,294651.82437086105,7.343061007777117e-07,1.7126665584857643,1.5914973541485393,0.07072050832895617,2.835036561387466e-05,3.050789979545833e-05,0.92925114130543,0.9293078420366577,1.1579966282092917
1.7033016409906667,1455902065.179731,5245934847.110075,159467749.03416714,575515903.060314,734983652.0944812,310061.23464918137,7.531508396635316e-07,1.7566559126921077,1.6323771032265595,0.07071755045668074,2.983300505185325e-05,3.210326964263039e-05,0.9292526165382674,0.9293122825483712,1.1579892566142993
1.7470504599505177,1531518212.2371678,5518854780.778063,159439884.6687771,575511413.4519899,734951298.120767,326280.8294672966,7.72478354422202e-07,1.8017751209695214,1.6743070426382456,0.07071443747074957,3.139359760607993e-05,3.378250870554311e-05,0.9292541689316444,0.9293169561268565,1.1579814985282098
1.7919229549019375,1611054335.7069373,5805972204.902651,159410556.41369513,575506690.3483683,734917246.7620634,343353.68615591526,7.923009459266172e-07,1.8480532032989747,1.7173141625748385,0.07071116116838505,3.303628802630422e-05,3.5550075117484895e-05,0.9292558025435886,0.9293218751196413,1.1579733335212974
1.8379479871436786,1694712857.6007047,6108025557.352818,159379686.56743824,575501721.6110371,734881408.1784754,361325.2247645855,8.126312230785813e-07,1.8955199250314068,1.7614261477691298,0.07070771290550742,3.47654464704698e-05,3.7410669337595355e-05,0.9292575216480221,0.9293270525409631,1.157964740065682
1.8851551592687545,1782706567.0161738,6425791670.101354,159347193.21704084,575496494.4711245,734843687.6881654,380243.3413478136,8.334821100833971e-07,1.9442058160323437,1.8066713954396858,0.0707040835721622,3.6585681329037544e-05,3.9369247924461866e-05,0.9292593307465088,0.9293325021091668,1.1579556954742827
1.9335748342043753,1875259141.7196732,6760087764.043113,159312990.00012335,575490995.4966109,734803985.4967343,400158.5494430065,8.548668538592692e-07,1.9941421903182381,1.853079033704548,0.0707002635664821,3.850185283749724e-05,4.1431038154880246e-05,0.9292612345806804,0.9293382382863554,1.1579461758361393
1.9832381547409133,1972605694.928299,7111773547.303619,159276985.85243744,575485210.557942,734762196.4103794,421124.13035428524,8.767990315807042e-07,2.0453611661971625,1.900678940477177,0.07069624276708825,4.0519087536149264e-05,4.360155355101395e-05,0.9292632381453756,0.9293442763204478,1.1579361559478718
2.0341770635624683,2074993348.3896112,7481753422.391491,159239084.73987845,575479124.7918873,734718209.5317657,443196.29290628433,8.992925583547151e-07,2.0978956869268113,1.949501762857788,0.07069201050382778,4.2642793641055126e-05,4.5886610384329175e-05,0.9292653467025311,0.9293506322898133,1.157925609241018
2.0864243237919107,2182681832.8901515,7870978807.821619,159199185.3738722,575472722.563512,734671907.9373841,466434.34331285954,9.223616950280271e-07,2.1517795419030983,1.9995789370336685,0.07068755552673057,4.4878677388209035e-05,4.829234522265124e-05,0.9292675657958812,0.9293573231506577,1.1579145077049655
2.140013540063617,2295944117.356374,8280450580.127236,159157180.9089536,575465987.4262196,734623168.3351731,490900.86595344543,9.460210561232085e-07,2.207047388392976,2.050942708702441,0.07068286597306667,4.7232760427205306e-05,5.082523360194112e-05,0.9292699012665061,0.9293643667873605,1.1579028218051837
2.194979180137456,2415067067.7424994,8711221642.480118,159112958.6212507,575458902.0797036,734571860.7009542,516661.9158221483,9.702856179008495e-07,2.2637347738254574,2.1036261540327303,0.0706779293323654,4.971139833801544e-05,5.3492109901470705e-05,0.9292723592692966,0.9293717820659726,1.1578905203964114
2.251356597067921,2540352136.928897,9164399626.458862,159066399.56647423,575451448.3257265,734517847.8922007,543787.223543644,9.951707265444668e-07,2.321878158655174,2.1576632011771157,0.07067273240925365,5.232130035689908e-05,5.630018851436536e-05,0.9292749462903894,0.9293795888911033,1.1578775706304563
2.3091820519426687,2672116086.8814497,9641149733.842157,159017378.21589294,575443607.0216706,734460985.2375635,572350.4140071869,1.0206921064642994e-06,2.3815149398131825,2.213088652352711,0.07066726128396134,5.506955041260198e-05,5.925708642168982e-05,0.929277669165626,0.9293878082664512,1.157863937858223
2.368492737205098,2810691744.346178,10142697725.650017,158965762.06863272,575435358.0316249,734401120.1002576,602429.239530921,1.0468658687148712e-06,2.4426834747600927,2.269938206505297,0.07066150127031211,5.796362956060856e-05,6.237084726376773e-05,0.9292805351001273,0.9293964623592484,1.157849585525528
2.4293268005759527,2956428791.3737235,10670333066.034447,158911411.23848587,575426680.1750292,734338091.4135151,634105.8288884163,1.0737085195211432e-06,2.5054231061569983,2.3282484825733376,0.07065543687102618,6.1011439943602316e-05,6.564996704579116e-05,0.9292835516890302,0.9294055745689175,1.1578344750622773
2.4917233695893524,3109694591.98431,11225412229.000164,158854178.01324958,575417551.172611,734271729.1858606,667466.9533287287,1.1012369689063608e-06,2.5697741871700703,2.3880570433688715,0.07064905173011972,6.422133038698339e-05,6.910342159389904e-05,0.9292867269394933,0.9294151696002673,1.1578185657644693
2.5557225767590186,3270875056.2943363,11809362176.35156,158793906.3844162,575407947.5895824,734201853.9739987,702604.3110995293,1.129468539414339e-06,2.6357781074250957,2.449402420092774,0.07064232858218787,6.760212377468667e-05,7.274069591694878e-05,0.9292900692940375,0.9294252735415868,1.1578018146685074
2.6213655853908913,3440375543.430307,12423684015.686481,158730431.5448326,575397844.7759234,734128276.320756,739614.8319970369,1.1584209749174701e-06,2.7034773196286435,2.512324137502497,0.07063524919832559,7.116314635190868e-05,7.657181563054013e-05,0.9292935876553226,0.9294359139480264,1.157784176417214
2.688694616058735,3618621804.552572,13069956847.70592,158663579.35170245,575387216.8035669,734050796.1552694,778601.0036135912,1.1881124495004068e-06,2.7729153668729976,2.5768627397510886,0.0706277943284158,7.491425911550535e-05,8.060738061492888e-05,0.9292972914124686,0.9294471199306997,1.1577656031168861
2.7577529737597617,3806060967.2994556,13749841812.585142,158593165.7520427,575376036.4003929,733969202.1524355,819671.2212450504,1.2185615764083218e-06,2.8441369106424017,2.6430598169168684,0.07061994363949786,7.886589148085519e-05,8.485860110846135e-05,0.9293011904690213,0.929458922251983,1.1577460441846785
2.828585075767739,4003162562.9399433,14465086345.642727,158518996.1674024,575364274.8808179,733883271.0482203,862940.1635084152,1.249787417046753e-06,2.91718775953864,2.7109580322439286,0.07061167564988907,8.302907742247032e-05,8.933733644709782e-05,0.9293052952726885,0.9294713534275334,1.1577254461855262
2.9012364802014985,4210419597.488376,15217528653.067873,158440864.8343131,575351902.0728523,733792766.9071653,908529.1960510015,1.2818094900185956e-06,2.9921148987444246,2.780601150114309,0.07060296765870674,8.741549431747792e-05,9.405613669463191e-05,0.9293096168469758,0.9294844478356107,1.1577037526577274
2.975753915327216,4428349667.985675,16009102419.008049,158358554.09656098,575338886.2413945,733697440.3379555,956566.8058995008,1.3146477801816212e-06,3.068966520243543,2.852034064773549,0.0705937956703928,9.203750473716396e-05,9.902828742525105e-05,0.92931416682487,0.9294982418343444,1.1576809039262188
3.052185309613315,4657496125.08573,16841841755.896982,158271833.6449321,575325194.0076339,733597027.652566,1007189.069419384,1.3483227477081158e-06,3.147792053817202,2.925302829832081,0.07058413431380985,9.690820147238676e-05,0.00010426785796349537,0.9293189574847178,0.9295127738876625,1.1576568369024849
3.1305798225573205,4898429283.000251,17717886410.498585,158180459.6995942,575310790.2643175,733491249.9639118,1060540.1570773125,1.3828553371255165e-06,3.228642198836501,3.0004546885658936,0.07057395675542025,0.00010204145610004664,0.00010978975340934608,0.9293240017884797,0.9295280847006798,1.1576314848699036
3.210987876304491,5151747677.747366,18639487238.7764,158084174.1297107,575295638.0866956,733379812.2164062,1116772.8786936998,1.4182669863145185e-06,3.3115689568714894,3.0775381050407944,0.07056323460600979,0.00010745197144537594,0.00011560977082698769,0.9293293134225449,0.9295442173654356,1.1576047772532094
3.293461188078569,5418079374.5144005,19609011963.358494,157982703.50424838,575279698.6389371,733262402.1431855,1176049.273275137,1.4545796354381174e-06,3.396625665137778,3.1566027960856227,0.0705519378203555,0.00011315533833354725,0.000121744660017029,0.9293349068413109,0.929561217517978,1.1575766393706028
3.3780528034454993,5698083324.780051,20628951228.05863,157875758.06719977,575262931.0757558,733138689.1429555,1238541.2480390072,1.4918157357716081e-06,3.48386703080221,3.237699764140868,0.07054003458915985,0.00011916809707438184,0.00012821218934557028,0.9293407973137657,0.9295791335079145,1.1575469921668484
3.4648171304315283,5992450773.63988,21701924964.647686,157763030.62959555,575245292.4390721,733008323.0686677,1304431.2719100714,1.5299982584002224e-06,3.5733491661696792,3.3208813310102716,0.07052749122250125,0.0001255078041881598,0.00013503121717202331,0.9293470009733106,0.929598016581687,1.157515751925523
3.5538099745176033,6301906717.536163,22830689087.821823,157644195.36971343,575226737.5493782,732870932.9190916,1373913.1293627024,1.5691507027463896e-06,3.6651296247736918,3.4062011725442938,0.07051427202394192,0.00013219310493767727,0.00014222176947840378,0.9293535348711204,0.9296179210809958,1.1574828299583133
3.6450885745326054,6627211412.3020935,24018142535.12356,157518906.5317549,575207218.8916306,732726125.4233856,1447192.7414230108,1.609297104884555e-06,3.7592674383939224,3.493714354285623,0.07050033915434012,0.00013924381232219293,0.00014980512439940943,0.9293604170333377,0.929638904657982,1.157448132269029
3.738711639468477,6969161931.082891,25267334669.399273,157386797.0119601,575186686.4953359,732573483.5072961,1524489.0614943504,1.650462045595701e-06,3.8558231550245368,3.5834773681084084,0.07048565248427323,0.00014668099327061766,0.00015780390443960942,0.9293676665224562,0.9296610285089975,1.1574115591896594
3.834739386240953,7328593771.283676,26581473062.25966,157247476.81960076,575165087.808572,732412564.6281729,1606035.0548516512,1.6926706581081278e-06,3.9548588778177463,3.675548169884494,0.07047016943383885,0.00015452706288502556,0.0001662421772853763,0.9293753035032761,0.9296843576290461,1.1573730049854545
3.933233578420143,7706382509.204922,27963931677.928307,157100531.39851135,575142367.5656694,732242898.9641807,1692078.771976471,1.7359486354643266e-06,4.056438305027584,3.7699862182115718,0.07045384479842697,0.00016280588771319006,0.00017514556625527157,0.9293833493138598,0.9297089610892862,1.1573323574255903
4.03425756595592,8103445500.44854,29418259477.817482,156945519.79272276,575118467.6481719,732063987.4408946,1782884.5273588896,1.7803222374457746e-06,4.1606267709796505,3.8668525142402594,0.07043663055884598,0.00017154289916876964,0.000184541371581692,0.9293918265419853,0.9297349123403228,1.1572894973154662
4.137876325923626,8520743623.495964,30948189467.1897,156781972.6373012,575093326.9388348,731875299.576136,1878734.1973799467,1.8258182969794632e-06,4.267491288093147,3.966209642638972,0.0704184756739603,0.00018076521840900626,0.00019445870392063107,0.9294007591076306,0.9297622895444487,1.157244297986124
4.244156504316338,8959283063.056337,32557648206.30795,156609389.95256573,575066881.1682754,731676271.120841,1979928.652976036,1.8724642259395933e-06,4.377100589982239,4.0681218137379425,0.07039932585370304,0.000190501794180671,0.0002049286317005086,0.9294101723521163,0.9297911759404777,1.1571966247355705
4.353166458910532,9420117128.837162,34250765809.580368,156427238.7163913,575039062.7539053,731466301.4702966,2086789.3454248905,1.920288020246612e-06,4.48952517566444,4.172654906896207,0.07037912330999417,0.00020078355539883245,0.00021598434419173047,0.929420093134607,0.9298216602454047,1.1571463342159627
4.464976303232765,9904348104.276413,36031886457.36792,156234950.18515217,575009800.6308293,731244750.8159815,2199660.0668269396,1.969318264153198e-06,4.604837354904517,4.279876515138264,0.07035780648270067,0.00021164358053420143,0.00022766133251057418,0.9294305499367651,0.9298538370978335,1.1570932737596529
4.579657951655614,10413129118.463366,37905579446.31606,156031916.92887318,574979020.0742681,731010937.0031413,2318908.910549879,2.019584133591203e-06,4.723111294723013,4.389855991110319,0.07033530973728344,0.00022311728624023496,0.00023999759114997003,0.9294415729764763,0.9298878075489568,1.1570372806358944
4.697285165651894,10947666032.930708,39876650805.34496,155817489.5401467,574946642.5131433,730764132.05329,2444930.4616577625,2.0711153984368375e-06,4.844423067099329,4.502664494409579,0.07031156303020454,0.0002352426381085447,0.000253033843117689,0.9294531943316869,0.929923679607904,1.1569781812286069
4.817933601236899,11509219333.17635,41950155505.739235,155590972.96906877,574912585.3343688,730503558.3034376,2578148.2529022694,2.1239424235307156e-06,4.968850697900052,4.618375040344266,0.07028649153745724,0.000248060386975767,0.0002668137923326314,0.929465448075567,0.9299615688495185,1.1569157901238605
4.941680857629199,12099106012.619196,44131410295.16566,155351622.42753336,574876761.6774563,730228384.1049896,2719017.528902769,2.1780961682663826e-06,5.096474217064001,4.737062550186555,0.07026001524072918,0.0002616143348832789,0.00028138440765351866,0.9294783704243875,0.930001599094154,1.1568499090936593
5.068606527161248,12718701434.140186,46426007186.8707,155098638.79527873,574839080.2189243,729937719.0142031,2868028.3696445227,2.233608184532715e-06,5.227375710076243,4.858803902986121,0.07023204846464495,0.0002759516356092449,0.00029679624378701943,0.9294919998997458,0.9300439031709643,1.1567803259599942
5.198792246471965,13369441151.330746,48839827636.821686,154831163.44654033,574799444.946085,729630608.3926253,3025709.2351999283,2.290510612763539e-06,5.3616393707642205,4.983677989018131,0.07020249935723921,0.00029112313572926947,0.00031310380542862144,0.9295063775070316,0.9300886237784901,1.1567068133199772
5.332321749014154,14052822667.960575,51379057443.11233,154548272.39931488,574757754.9196914,729306027.3190063,3192631.006946087,2.3488361758087427e-06,5.499351555449926,5.111765764946749,0.07017126930418222,0.0003071837634481838,0.00033036596236202476,0.9295215469323697,0.9301359144592659,1.156629127108867
5.4692809189105756,14770407109.863773,54050202403.58365,154248969.66810307,574713904.024932,728962873.6930351,3369411.6174678802,2.4086181702949167e-06,5.640600838492958,5.243150310793793,0.07013825226524556,0.0003241929740730899,0.0003486464249796915,0.9295375547606813,0.9301859407088274,1.1565470049728337
5.609757846193297,15523820778.263186,56860104769.31686,153932179.6742926,574667780.7102556,728599960.3845482,3556721.3828977346,2.469890455088061e-06,5.785478069260192,5.377916888812199,0.07010333401892649,0.0003422152630723995,0.0003680142919012947,0.9295544507180011,0.9302388812441459,1.1564601644170096
5.753842883461841,16314756547.306849,59815960533.41674,153596738.53429288,574619267.7134588,728216006.2477517,3755289.179030776,2.5326874364031492e-06,5.934076430558687,5.5161530043760205,0.07006639129786789,0.00036132076031998334,0.0003885446841998355,0.9295722879418121,0.9302949294624522,1.1563683006863443
5.901628703996595,17144975061.015137,62925337596.35266,153241384.0017624,574568241.7744726,727809625.776235,3965909.638344288,2.5970440490231192e-06,6.086491498569445,5.657948469013278,0.07002729079349994,0.00038158592256715384,0.0004103194844209378,0.9295911232839329,0.9303542951290673,1.1562710843264667
6.053210361364833,18016305675.590904,66196194851.03861,152864743.78343332,574514573.3342632,727379317.1176965,4189451.591771841,2.662995732988165e-06,6.242821304320536,5.803395465725631,0.06998588800285906,0.00040309434568057813,0.00043342820337958197,0.9296110176514604,0.9304172063428214,1.1561681583583623
6.208685350557716,18930647081.680573,69636902232.82353,152465321.87350228,574458126.2192172,726923448.0927194,4426868.040794134,2.730578404989831e-06,6.403166396739146,5.952588616760733,0.06994202588336348,0.00042593772412190126,0.00045796900405746684,0.9296320363925146,0.9304839118407584,1.1560591349830938
6.368153670697563,19889967527.09316,73256261781.63326,152041482.45270804,574398757.3103865,726440239.7630945,4679208.027802467,2.799828423545733e-06,6.567629907323104,6.105625054030347,0.06989553327181497,0.00045021699307250647,0.00048404992038822073,0.9296542497351126,0.9305546837212575,1.1559435917094907
6.5317178893557575,20896304542.879536,77063529765.66183,151591430.76555538,574336316.1969618,725927746.9625171,4947630.884073019,2.870782546829506e-06,6.736317616473474,6.262604492401494,0.06984622301113061,0.00047604369932365307,0.0005117903201605229,0.9296777332895457,0.930629820688193,1.1558210667664555
6.699483208522621,21951764053.44067,81068439918.21524,151113190.20880544,574270644.8132534,725383835.0220588,5233423.4869788885,2.9434778817710558e-06,6.909338021530881,6.4236293061318435,0.0697938897109494,0.0005035416617049223,0.000541322676915606,0.9297025686273457,0.9307096519507556,1.1556910536189848
6.871557532271731,23058518722.933655,85281227841.64786,150604574.61570933,574201577.0585442,724806151.6742535,5538021.369758248,3.017951822706263e-06,7.086802406559337,6.588804608777054,0.06973830704434178,0.0005328490021921071,0.0005727947374669613,0.9297288439534661,0.9307945419578503,1.1555529943483855
7.048051536162144,24218805353.49969,89712656634.6921,150063154.37237334,574128938.3990592,724192092.7714325,5863034.825245738,3.094241977410044e-06,7.268824913922433,6.758238336972402,0.06967922444934818,0.0005641206575167375,0.0006063722023006931,0.9297566548931351,0.9308848962081686,1.1554062715750186
7.22907873842323,25434921102.61699,94374043801.97424,149486214.5070776,574052545.451353,723538759.9584305,6210281.572587967,3.1723860777520095e-06,7.455522617697961,6.932041338590265,0.06961636305639501,0.000597531522242931,0.0006422420800583687,0.9297861054213621,0.9309811684658479,1.155250198485018
7.414755572967837,26709218222.569042,99277289507.0408,148870702.1746627,573972205.5463445,722842907.7210072,6581828.180203795,3.2524218714025e-06,7.647015598978149,7.110327465910155,0.06954941059347948,0.0006332804343394184,0.0006806169414577411,0.9298173089721811,0.9310838698408599,1.1550840063528145
7.60520146428081,28044096937.69219,104434906232.87358,148213159.89425844,573887716.2732694,722100876.1675279,6980043.368974566,3.3343869898922814e-06,7.843427023103987,7.2932136746247425,0.06947801491865857,0.0006715953038256496,0.0007217403936640382,0.9298503897775158,0.9311935803851671,1.1549068287002768
7.8005389042309625,29441995954.0483,109860049916.55537,147509639.28758803,573798865.0027374,721308504.2903254,7407667.738731027,3.418318786735177e-06,8.04488321888326,7.480820129769591,0.0694017756743613,0.0007127398216099329,0.0007658942419822715,0.9298854845040287,0.9313109641472486,1.1547176808530222
8.000893530855986,30905379924.589966,115566552627.5646,146755587.56234053,573705428.3881372,720461015.9504777,7867906.681544304,3.504254137015503e-06,8.251513759843325,7.673270320046365,0.06932023331724378,0.0007570223992805767,0.0008134080339780561,0.9299227442834757,0.9314367890820368,1.1545154330637273
8.206394209170883,32436722943.21192,121568956862.02051,145945694.9833872,573607171.844575,719552866.8279623,8364556.82064724,3.5922291864110866e-06,8.463451547570779,7.8706911825766825,0.06923285439226952,0.0008048083346156588,0.0008646720486574236,0.9299623372731148,0.9315719539423462,1.1542987744276096
8.417173114051979,34038486766.891586,127882551528.1516,145073684.96265227,573503849.0045496,718577533.967202,8902182.26370871,3.682279032374272e-06,8.680832897191737,8.073213240991299,0.06913901128351965,0.00085653677005521,0.0009201554049829153,0.9300044519464251,0.9317175254865356,1.1540661632542593
8.633365815249757,35713091884.969215,134523409701.2553,144132017.05320498,573395201.1495422,717527218.2027472,9486367.241966486,3.774437311891645e-06,8.903797625047615,8.28097076113042,0.06903795358263527,0.0009127450007529297,0.000980432021117789,0.9300493014166118,0.9318747914181176,1.1538157568813414
8.855111364585253,37462878619.158806,141508428229.49927,143111452.79144922,573280956.6167281,716392409.4081773,10124090.277610898,3.86873565659944e-06,9.132489138622864,8.49410193088385,0.06892876625859072,0.0009741044756501672,0.0010462190650395603,0.9300971292657592,0.9320453382170595,1.1535453091125583
9.08255238538603,39290053858.52211,148855369275.02966,142000395.91597328,573160830.179986,715161226.0959593,10824300.350825787,3.965202952571924e-06,9.367054528782434,8.712749074572134,0.06881030611630717,0.001041476234248799,0.0011184361694394796,0.930148217649444,0.9322311701179415,1.1532520143909146
9.315835164219328,41196616217.08187,156582903878.043,140783841.2738166,573034522.4044096,713818363.6782262,11598847.080988288,4.063864299531819e-06,9.60764466437839,8.937058919295783,0.06868110060199158,0.0011160004053854416,0.001198301039640459,0.930202898992623,0.9324348998033938,1.1529322595831233
9.555109744981312,43184247033.0444,164710657634.6996,139441599.14312512,572901718.973547,712343318.116672,12464073.378531694,4.164739481741504e-06,9.8544142892864,9.167182944292838,0.0685391768889568,0.001199249446610521,0.0012874931686392072,0.9302615736644326,0.9326600725576537,1.1525812046740613
9.800530025403026,45254143507.43203,173259258583.0095,137945060.96566883,572762089.9885762,710707150.954245,13443756.016100764,4.267840589243445e-06,10.10752212193465,9.403277872991271,0.06838175062031154,0.0012935110756364123,0.001388456136939876,0.930324738304052,0.932911760455325,1.1521920190262536
10.052253856035025,47406744616.67287,182250387394.1112,136250683.69305897,572615289.2387047,708865972.9317636,14575112.015169024,4.3731680214113665e-06,10.367130957389081,9.645506434555626,0.0682045989253949,0.0014023661838018567,0.0015050151376413317,0.9303930348908033,0.933197767258407,1.151754342703848
10.310443141774426,49641231768.99568,191706829969.64584,134284834.12906268,572460953.4420633,706745787.571126,15922969.558825135,4.480703000246987e-06,10.633407772060663,9.894038703989011,0.06800060212248488,0.0015320523116229227,0.001643834014390927,0.9304673455658922,0.9335314501891381,1.1512507072227443
10.575263945999671,51954456841.76869,201652532549.22546,131899513.90633744,572298701.4564424,704198215.3627799,17621790.0998286,4.590390975643271e-06,10.906523831102085,10.149054947857916,0.06775548365532938,0.0016955068687180442,0.0018187362210143364,0.9305490094759525,0.9339400232133886,1.1506460785243802
10.8468865973799,54337807728.77032,212112659435.24915,128668591.77166611,572128133.4592599,700796725.230926,20072381.43197763,4.702091333279649e-06,11.186654798562826,10.41075403324026,0.06742820419905604,0.0019312941759405944,0.0020709335030681393,0.9306405016250033,0.9345030899768846,1.1498397260366275
11.125485799427757,56755996661.31276,223113653445.5598,122884541.88914219,571948830.0962143,694833371.9853565,24893908.8566252,4.815224004941741e-06,11.473980850373607,10.679411854192926,0.06685443125481051,0.002395204642464758,0.002566807069218166,0.9307503641027247,0.9355407733876543,1.1484287739767725
11.411240742865997,59233273494.19124,234683299207.5833,122048631.68617988,571760351.5981559,693808983.2843357,24660731.879406452,4.930272017936669e-06,11.768686790232755,10.955133509187208,0.06675586816508022,0.0023727691711385424,0.0025424956773885806,0.9308713626637812,0.9356169010060583,1.1481860652198983
11.704335220880216,61824317551.364685,246850789410.68234,121480441.00572205,571562236.8657992,693042677.8715212,24186965.785796523,5.0481764880582924e-06,12.070962168469125,11.237953253298642,0.06668213694460816,0.002327185058438825,0.002493453892353829,0.930990677996953,0.9356450481138308,1.148004377652066
12.00495774733177,64544584363.2095,259646794136.4067,121742596.37224676,571354002.5220048,693096598.8942516,22931914.09002471,5.169166242915189e-06,12.381001403957924,11.528027746136603,0.06668732503639054,0.0022064283839623748,0.0023640827379188918,0.9311062465796471,0.9355191033475718,1.1480164192776456
12.313301678007022,67425830570.515526,273103533389.17072,121921065.14661331,571135141.9314982,693056207.0781115,21860843.084776282,5.293704825665478e-06,12.699003909167965,11.825479910058242,0.06668343867743849,0.0021033736865680892,0.002253655162389374,0.9312131876359935,0.9354199350091296,1.1480062731449239
12.629565334980809,70430293397.99931,287254852952.495,120554549.41731232,570905124.1880108,691459673.6053231,22336515.473293185,5.421159383547138e-06,13.025174218420707,12.130618707586763,0.06652982582347099,0.002149141216281076,0.002302313748992532,0.9313210329602479,0.9356193153928101,1.1476287243595544
12.953952134174125,73555742352.11365,302136303698.41156,119218114.39722762,570663393.069022,689881507.4662497,22770564.06057036,5.551487762520913e-06,13.35972211944356,12.44366088236536,0.06637798020996528,0.0021909038497545602,0.00234667114026218,0.9314311159402802,0.9358129236397892,1.1472556873648125
13.286670716188139,76808692209.12102,317785224479.7841,118012128.82898691,570409365.9584545,688421494.7874414,23067470.558332562,5.684782953540435e-06,13.702862788302138,12.764806265850838,0.06623750290820926,0.0022194711521382002,0.002376911858262414,0.9315430259396525,0.9359819682439289,1.1469106857793887
13.627935080498608,80193042217.04001,334240828737.179,116573411.9113598,570142432.7378975,686715844.6492573,23589786.246366262,5.821097325868185e-06,14.0548169277982,13.094266919296341,0.06607339123121515,0.0022697265366186307,0.0024303050317956557,0.9316568822321663,0.9361963353054035,1.146507940040068
13.977964723097069,83709844275.7743,351544294953.4319,115141427.60646746,569861954.6471864,685003382.2536539,24092816.140685678,5.960444440219266e-06,14.415810909422301,13.43226697651382,0.0659086241026931,0.0023181263096358666,0.0024816911593997194,0.931773249587671,0.9364095022069427,1.1461037931774638
14.336984777667256,87364367349.60492,369738861090.15735,113753547.72005802,569567263.1154222,683320810.8354802,24541464.420007586,6.1028983835539725e-06,14.78607691895245,13.779026398055269,0.06574673297923399,0.00236129367429743,0.002527466328083972,0.9318919733464686,0.9366145606950634,1.1457068874472713
14.70522616038764,91164083192.83203,388869923141.1186,112368124.12827896,569257658.5638622,681625782.6921412,24982486.48089695,6.248560378076665e-06,15.165853105792408,14.13476663046179,0.06558364331334757,0.0024037272709557726,0.0025724370659340238,0.9320126294156966,0.9368200839576082,1.1453072499142256
15.082925718453161,95108003804.62604,408985137937.4491,110808380.51326555,568932409.1824396,679740789.6957052,25584947.958000302,6.397420105774298e-06,15.555383736145762,14.499733642531332,0.06540227589523413,0.002461694002302589,0.0026339610495634378,0.9321360301024633,0.9370594181070684,1.1448631446289643
15.47032638241172,99198915440.90007,430134530339.2356,109240834.32597566,568590749.68207,677831584.0080457,26181143.224177122,6.549520919735504e-06,15.954919350124175,14.874170820602428,0.06521857881685084,0.002519057820800791,0.0026948094642407737,0.9322623633623484,0.9373004790039499,1.144413598010618
15.867677322413337,103442487795.93764,452370604946.79626,107758707.2549974,568231880.0253634,675990587.2803608,26680654.5198282,6.704942947676426e-06,16.364716922890935,15.2583219178161,0.06504144456548397,0.0025671190465889073,0.0027457035733480777,0.9323914363879271,0.9375256744811049,1.1439803219822857
16.27523410847258,107841256593.90704,475748462463.0268,105996718.94283313,567854964.1388215,673851683.0816545,27447400.032339692,6.863727963480446e-06,16.7850400299434,15.652443616484145,0.06483564670159547,0.0026408926119110034,0.002823987679381009,0.9325234606864935,0.9378052459103156,1.1434773736538237
16.69325887484727,112390215903.42253,500325920835.4071,104127364.94968836,567459128.6101819,671586493.5598702,28299317.116366982,7.025833671253899e-06,17.216159016640752,16.05681324128919,0.06461769810662436,0.0027228610872681446,0.0029109606646999867,0.9326594408061075,0.9381051629806438,1.1429451343198296
17.12202048863921,117088011679.67685,526163641302.4874,102119827.37140891,567043461.37515,669163288.7465589,29263700.4713763,7.191269633980122e-06,17.658351172085958,16.47170650332868,0.0643845458342386,0.002815650672959076,0.0030094101806704787,0.9327998034928023,0.9384311048387205,1.142376234859937
17.56179472272535,121927621793.41522,553325259464.8994,99945951.83017556,566607010.3984523,666552962.2286278,30360382.140630364,7.359989992070493e-06,18.11190090747384,16.89741538117275,0.06413338936740541,0.0029211695386636176,0.0031213524507398196,0.932945441093931,0.9387877801712582,1.1417639467230543
18.012864433130677,126912978216.79697,581877521494.955,97815160.3897936,566148782.3548771,663963942.7446707,31384448.465017796,7.5320775288776626e-06,18.577099939019995,17.334217930803266,0.06388428298868758,0.003019701610444374,0.003225778133589314,0.9330960154008681,0.9391354186217569,1.1411571225690726
18.475519740956848,132037058975.77597,611890425591.6929,95355709.7703463,565667741.3167874,661023451.0871336,32701639.610248327,7.707501427956881e-06,19.054247475588173,17.782418446162374,0.06360135918954354,0.0031464371249126048,0.0033601470439868987,0.9332522036855438,0.939545077935369,1.1404686568139624
18.950058218983653,137262204433.19565,643437368779.6107,91327746.35817787,565162807.4554961,656490553.813674,35520405.087852955,7.885932722741373e-06,19.543650411136845,18.242378104588607,0.06316521970434907,0.0034176488577450383,0.003648080675086038,0.9334171314379058,0.940252429153396,1.1394093224790809
19.436785083063214,142569066615.35086,676595299139.2042,89758566.4822287,564632855.7648716,654391422.2471004,35804380.68172431,8.06726444932901e-06,20.045623522108638,18.7144293328354,0.06296324862369802,0.0034449719938866867,0.0036764534462781495,0.9335917793824153,0.9404817233701886,1.1389184302338944
19.936013388430133,148074612367.89465,711444873545.6963,88594677.42504585,564076714.8166233,652671392.2416692,35710156.29074097,8.25271950595982e-06,20.560489669889723,19.19869319959435,0.06279775336628725,0.003435906053297905,0.003666130833167712,0.9337663405804149,0.9406381526870107,1.138516149092542
20.448064231053817,153796302593.35388,748070620978.8373,87607048.20846668,563493165.5578947,651100213.7663614,35475101.81763494,8.442477907541345e-06,21.088580008469275,19.695471154262634,0.06264658008129322,0.003413289935899137,0.003641411940647914,0.9339401299828076,0.940766709854606,1.1381487408137538
20.973266954162497,159757585745.09964,786561111451.2819,86856006.43883693,562880940.1630663,649736946.6019032,35049851.03770435,8.636763160744628e-06,21.630234197432692,20.20506597517754,0.06251541129377833,0.0033723737966070773,0.0035972578506715844,0.9341122149096146,0.9408569625028287,1.1378299097251774
21.511959360071657,165978055458.25696,827009130585.6448,86245578.60883804,562238720.9530628,648484299.5619009,34536350.33853841,8.835748582545468e-06,22.185800620425322,20.72779744663051,0.062394885986850286,0.003322966559453808,0.0035441002931722535,0.9342821474536959,0.9409280805726036,1.137536969919758
22.064487927453342,172491720815.29483,869511859850.891,86098635.74717572,561565139.3969684,647663775.144144,33625626.642796874,9.039721127100272e-06,22.75563660922753,21.263975549567178,0.062315938003792024,0.0032353399180691128,0.0034503518287188253,0.9344487220781389,0.9409194019142771,1.1373446831373215
22.63120803418589,179376829765.85767,914171062446.9137,87697042.71050397,560858775.212361,648555817.9228649,31074057.453674316,9.249318726645236e-06,23.34010867358497,21.813861527358053,0.06240176723282853,0.0029898368754350557,0.003188825203532039,0.9346083958917364,0.9405880696426066,1.1375509461620696
23.212484185927558,186727637912.36404,961093274802.1658,87219863.52008075,560118155.5825434,647338019.1026242,30742111.47955978,9.46525212039116e-06,23.93959273694208,22.37771402305922,0.062284594899442554,0.0029578981974706657,0.0031543666461931173,0.9347575069030868,0.9406733032980281,1.1372664297288881
23.808690250560893,194352172925.42194,1010390003622.6606,85926612.63825025,559341754.5107018,645268367.148952,31240093.18846333,9.685862155389071e-06,24.55447437823017,22.956192395490916,0.06208546024380158,0.0030058122517840316,0.0032047826580930954,0.9349087275044143,0.9409203520079824,1.136783924785029
24.42020969865885,202253791203.2105,1062177928401.824,84627379.1943788,558527992.3330419,643155371.5274208,31755978.001500487,9.911186932905658e-06,25.185149079865933,23.549685839909518,0.061882155212384125,0.0030554488800162752,0.0032569989975065553,0.9350623959075997,0.9411732936676321,1.1362916433253984
25.047435850127144,210434936078.27756,1116579109269.1072,83277258.75732797,557675235.415065,640952494.1723931,32332756.750136852,1.014126008364678e-05,25.832022482119605,24.15859444712045,0.06167020207565773,0.003110944509262992,0.003315406284810139,0.9352188534150793,0.9414407424336052,1.1357787984382388
25.690772127181607,218916715613.94,1173721200021.449,82156409.08862354,556781796.0574186,638938205.1460421,32697890.379736185,1.0376257295943832e-05,26.49551064401661,24.783305285493455,0.06147639424680414,0.0031460763870959736,0.0033521547756608047,0.9353775293660999,0.9416696821402918,1.1353100418626347
26.350632313823095,227721311698.06482,1233737666145.189,81084314.94371039,555845932.640132,636930247.5838423,33038700.99213314,1.0616350850500258e-05,27.176040310940262,25.424216672055167,0.06128319560923569,0.0031788679894801525,0.003386397233554657,0.9355379364012841,0.9418956723802445,1.1348430322728247
27.027440821977017,236865140341.30383,1296768007597.3474,80061344.69103497,554865850.0365472,634927194.7275822,33357883.173924804,1.0861660798253874e-05,27.874049189107847,26.081746503196136,0.061090468885278894,0.0032095785800917973,0.0034184109051286576,0.9356999525346293,0.9421191096948128,1.1343774365750416
27.72163296446861,246366871695.6281,1362957986074.215,79137516.3767085,553839700.3308674,632977216.7075759,33608845.2395519,1.1112316043580568e-05,28.589986227096617,26.756322456744748,0.06090284883600807,0.003233725270277521,0.003443440613433215,0.9358634258937144,0.9423308764342695,1.1339244073155341
28.433655235009372,256255936065.36307,1432459856452.3425,78350072.56569439,552765583.8759483,631115656.4416428,33761337.49233782,1.136850994170273e-05,29.324311904600464,27.448373106492955,0.06072373603307819,0.00324839754026599,0.0034584048004649547,0.9360278664266558,0.9425246615071877,1.133492104186476
29.16396559537499,266567148080.9251,1505432602042.54,77765573.9405331,551641550.7307383,629407124.6712713,33756396.99333441,1.1630456287296272e-05,30.07749852860348,28.158335480770965,0.06055934709553683,0.0032479221827712225,0.003457293627574707,0.936192730721692,0.9426885750872345,1.1330954397472401
29.913033769959313,277376759026.1188,1582042173251.88,77453499.94855909,550465602.5196207,627919102.4681797,33545263.86333716,1.189861634644033e-05,30.85003053716053,28.886617903266973,0.060416174815544045,0.003227607693148073,0.003435146079185048,0.9363562174913079,0.942811432877604,1.1327499745992846
30.68134154789389,288608861764.5863,1662461729202.3892,76538091.32418847,549235694.7587504,625773786.0829389,33968649.4928453,1.2172458755748814e-05,31.64240481098037,29.633804935942347,0.06020975999354565,0.003268344374204928,0.00347773815376342,0.9365218956322494,0.9430585843806594,1.1322527699163023
31.469383092927263,300357358923.057,1746871881809.1592,76210963.92761943,547949739.6973608,624160703.6249802,33860888.4106648,1.245253929641047e-05,32.45513099301161,30.400314511266423,0.06005455485423894,0.0032579759806431806,0.003466133058539321,0.9366874691651179,0.9432034211264042,1.1318787911736377
32.277665261263536,312685852058.74475,1835460941775.388,76215742.78178331,546605609.7247839,622821352.5065672,33489908.769108176,1.2739181243826538e-05,33.288731816237316,31.18661601795194,0.05992568718483477,0.0032222816200333623,0.0034276881902919505,0.9368520311951318,0.9432965944351985,1.1315681911519626
33.10670792756447,325691893489.53705,1928425165918.974,76211039.70991904,545201141.3966296,621412181.1065485,33215850.675108433,1.303287238161882e-05,34.14374343988874,31.993165125154846,0.059790101652695445,0.0031959127109627192,0.0033991481227547975,0.9370139856363419,0.9434058110582673,1.1312416325189496
33.957044319324936,339305146472.2477,2025969005205.6282,75778958.84557478,543734140.1360685,619513098.9816432,33424758.931700468,1.333310436408745e-05,35.0207157942948,32.8205956462658,0.05960737862803134,0.0032160131310663017,0.0034198621490397893,0.9371766082409023,0.943608634503035,1.1308022230567487
34.82922135983653,353559745923.6101,2128305352828.8032,75514842.34503525,542202385.6684465,617717228.0134819,33522322.86512804,1.363999090022668e-05,35.9202129345887,33.66945287308708,0.059434586219053634,0.0032254003907220166,0.0034292143251965232,0.9373400133902243,0.9437908141716684,1.1303868515412145
35.72380001996031,368547802039.9949,2235655791648.8384,75681340.81966075,540603638.2493516,616284979.0690124,33260795.731449604,1.3953943449459922e-05,36.84281340349955,34.54024745266929,0.05929678024648756,0.00320023716672514,0.0034019625951356705,0.9375029825867873,0.9439034569202376,1.130055479017736
36.64135567893457,384284132409.64343,2348250840284.528,75209021.76982132,538935645.7477628,614144667.5175841,33702835.43501663,1.4274926136033966e-05,37.78911060346219,35.433578707371495,0.05909084697205373,0.0032427686773944947,0.003446420589021712,0.9376663843505517,0.9441519217053408,1.1295612150167658
37.58247849445002,400745343925.51965,2466330197142.4985,74834465.74839717,537196151.6468005,612030617.3951976,34097183.582053065,1.460270771155452e-05,38.75971317828453,36.35009343972573,0.058887440480260636,0.003280711473681292,0.0034859926588966966,0.9378318480460581,0.9443932709934206,1.129073304190335
38.547773782229996,417996643291.0156,2590142981676.012,74679103.72207318,535382904.0248409,610062007.746914,34329063.95498264,1.4937515298651381e-05,39.75524540461778,37.290378448459094,0.05869802776103173,0.0033030221902881607,0.003508993168718893,0.9379989500486801,0.9446049944292564,1.1286191377878416
39.537862405360315,436139946183.1093,2719947972188.0874,74530050.49167201,533493665.5790939,608023716.0707659,34623822.75951624,1.5279726523576472e-05,40.776347593481695,38.25501173178685,0.05850191048135799,0.0033313828491582658,0.003538385139858856,0.9381667066694838,0.9448294723678002,1.128149229971538
40.553381173618845,455126427642.608,2856013839538.0986,74099763.32160354,531526224.7521011,605625988.0737047,35249360.464983106,1.562896373098844e-05,41.82367650210272,39.24471236454002,0.05827120949892067,0.003391569894302534,0.003601429550112758,0.9383372206067768,0.9451203603953819,1.1275970661978767
41.594983253061805,474997823263.63855,2998619376179.72,73777301.52646852,529478408.0187013,603255709.5451698,35816858.84543073,1.5985295796559457e-05,42.89790575633021,40.26014260726625,0.058043149608118495,0.003446172599055252,0.0036585249076128527,0.9385106777928263,0.9454030229909367,1.1270515879178353
42.663338586130024,495849666030.07355,3148053720055.969,73745018.9069005,527348093.38669354,601093112.293594,36153162.425744414,1.6349018681496947e-05,43.99972628390212,41.30194455059865,0.05783507208174089,0.0034785305506121636,0.0036920611747861157,0.9386863973676469,0.9456434584688713,1.1265541009533484
43.75913432254572,517716264685.4164,3304616573008.9443,73264242.07135199,525133225.15842223,598397467.2297742,36993717.25701594,1.6720122458089695e-05,45.12984675883917,42.37082850674788,0.05757570656351373,0.0035594057898404915,0.0037768612445901197,0.9388648876466458,0.9459836992263267,1.1259348192894691
44.88307526127655,540576317249.43616,3468618413532.362,72822960.65047462,522831829.9925709,595654790.6430455,37838568.26995361,1.7098350650002274e-05,46.288994057253035,43.46756367345888,0.05731181583702529,0.0036406943926081035,0.00386203460886775,0.9390474897703666,0.9463288785555828,1.1253052642114467
46.035884303851596,564485680487.0463,3640380703910.326,72465383.8179045,520442034.29532015,592907418.1132246,38644920.22493458,1.7483782064307495e-05,47.47791372486198,44.59288259234944,0.05704747328335454,0.0037182787509808524,0.003943230062628789,0.9392342479656646,0.9466708054676263,1.124675140622265
47.21830291932036,589581371502.677,3820236092050.959,72308062.82881832,517962082.95738435,590270145.7862027,39308504.74351025,1.7876805428316767e-05,48.697370456514236,45.74748581365703,0.05679372418523146,0.003782126527106102,0.004009861494866531,0.9394241492876625,0.9469884023418746,1.1240706790205752
48.43109162115433,615862955690.8275,4008528608645.341,71935394.08742097,515390359.4380286,587325753.5254495,40235629.68829656,1.8277214829502984e-05,49.948148588028126,46.93219165120592,0.056510425083719874,0.0038713312391779092,0.004103205103799296,0.9396182436771022,0.9473609061554581,1.123396587715247
49.67503045639755,643387805772.8853,4205613860665.6562,71675044.39482263,512725407.17862606,584400451.5734487,41097910.17898214,1.868503284428073e-05,51.23105260066466,48.14780086088131,0.05622896278479372,0.003954296845193906,0.004189890014914936,0.9398167403700124,0.9477253340604002,1.1227274301488999
50.95091950738094,672257291328.5454,4411859222668.492,71567236.6376235,509965952.30638653,581533188.94401,41859306.683909774,1.9100429936723955e-05,52.546907638557734,49.395110458225766,0.05595308482602272,0.004027555747757685,0.004266266520255989,0.9400193594262196,0.948074470921735,1.1220720635307253
52.25957940632279,702536569994.2007,4627644027894.303,71157242.14866981,507110927.5632304,578268169.7119002,42973003.4243325,1.952341060638062e-05,53.89656003943384,50.674966038487085,0.055638936121312384,0.004134711743962293,0.004378316622860509,0.9402263521347253,0.9484957756226499,1.121326742695949
53.60185186314696,734217681652.0139,4853359761758.34,70794935.14561851,504159497.36517537,574954432.5107939,44078985.144035935,1.995369986996936e-05,55.28087787896374,51.98828105283458,0.05532009994441019,0.004241125427918954,0.004489484139198245,0.9404387746276709,0.9489210254835088,1.1205710636380943
54.97860020685761,767393379667.1735,5089410261014.268,70507152.28395309,501111083.8637353,571618236.1476884,45152038.56568122,2.0391381968790414e-05,56.70075152909522,53.33593197240366,0.05499910282567294,0.004344370866469415,0.004597213483563493,0.9406565263078577,0.9493452680407966,1.1198110198476119
56.39070994081929,802193871732.2366,5336211922643.629,70299091.36195722,497965393.8425947,568264485.2045519,46191243.99698722,2.0836640901544992e-05,58.15709423072682,54.71880167612775,0.05467641666678419,0.004444359570046446,0.004701416158872935,0.9408792237631693,0.9497679429032623,1.1190477397695224
57.839089312298974,838630430708.0361,5594193927381.355,69915442.89207934,494722446.24006003,564637889.1321393,47443152.88663232,2.1289228413081003e-05,59.65084268109011,56.137867826279034,0.05432747830603835,0.004564813854734759,0.004827055613879857,0.9411077078392269,0.9502373355486964,1.1182234086344451
59.32466989663673,876767966258.9419,5863798483729.676,69580189.79705784,491382600.0405091,560962789.837567,48680588.5193001,2.1749072368882925e-05,61.18295763621908,57.594103081941,0.05397387313528848,0.00468387557337395,0.004951105937102494,0.9413422512913375,0.9507100024380855,1.1173889823007768
60.848407196420794,916715395663.4995,6145481099333.724,69353768.63316116,487946582.22637343,557300350.8595346,49843352.79976928,2.221622457559005e-05,62.7544245288937,59.08848432718449,0.05362148609581427,0.004795752676271383,0.005067478398771974,0.9415827612279144,0.9511742665804571,1.11655831237747
62.41128125605196,958589607608.9913,6439710887685.191,68994736.19896798,484415515.4264061,553410251.6253741,51172701.32272375,2.2690733904825825e-05,64.36625410245496,60.622014240953746,0.05324719438457784,0.004923657931005487,0.005200573900390967,0.9418291476844167,0.9516764635464277,1.115677165527665
64.01429729209318,1002397784821.8574,6746970919271.227,68629355.26264305,480790944.8365444,549420300.0991875,52532566.42098451,2.3172293270461367e-05,66.01948306089963,62.19578020009418,0.05286329523584339,0.005054499383637105,0.005336610183316367,0.9420822053805195,0.9521912041477937,1.1147745208612172
65.65848633980933,1048240699939.3381,7067758627476.549,68270025.84828022,477074863.9273168,545344889.775597,53908358.338116646,2.3660875488799797e-05,67.71517473567211,63.81085002168215,0.05247117354120583,0.005186873258947707,0.005474106026233147,0.9423419531998465,0.952715699717742,1.1138536994665496
67.3449059163134,1096256933371.3298,7402586280753.22,67976223.9833217,473269738.38745874,541245962.3707805,55240297.01452744,2.4156540661045655e-05,69.45441976958317,65.46830443111782,0.05207678911545384,0.005315027729167375,0.0056070235100665,0.9426081831553788,0.9532382386137135,1.1129286915758323
69.07464070074501,1146478967287.4734,7751981533761.658,67499897.7429628,469378527.68845963,536878425.4314225,56767833.362511516,2.465902589747669e-05,71.23833681829437,67.16930546398076,0.05165656002192189,0.005462001921661511,0.005759518852988291,0.9428814380564166,0.9538054418997396,1.1119445176233964
70.84880323191949,1198966989314.0984,8116488071319.786,67116359.14635712,465404703.59088874,532521062.73724586,58209125.332538545,2.5168146354050583e-05,73.06807326982023,68.91503100974195,0.05123730985859461,0.0056006779824456406,0.005903138941531212,0.9431620121589598,0.954363368123851,1.1109638780179747
72.66853462389568,1253901130007.629,8496666360024.137,66826443.345545985,461352264.8525287,528178708.1980747,59563952.536177754,2.568402975112477e-05,74.94480598251063,70.70663685137944,0.05081950372732959,0.005731034706517543,0.0060378765988373115,0.9434494615661528,0.954911530979188,1.1099878407296124
74.53500529992311,1311438908679.1543,8893094523270.5,66457828.951399334,457225747.34313,523683576.2945293,61002439.56650686,2.6206712266143763e-05,76.86974204198808,72.5453241048089,0.05038699789363855,0.005869440885836893,0.006180876707477395,0.9437435612205246,0.9554824429921983,1.1089789100963166
76.44941574523996,1371599563662.813,9306369356032.709,66057764.35351856,453030228.7238567,519087993.07737523,62466530.614187896,2.6735859849903522e-05,78.84411953752634,74.4323859813795,0.049944826986692725,0.0060103105939487795,0.006326275320290892,0.9440448624193585,0.9560654836072561,1.107948892098095
78.41299727920692,1434529746545.9004,9737107496078.98,65701703.74341996,448771326.8146399,514473030.5580599,63877106.64104539,2.727146350341401e-05,80.86920835837071,76.3690938552765,0.049500791471228746,0.006146031274358493,0.006466108776536088,0.9443531772544128,0.9566452398031298,1.106915934509203
80.42701284727274,1500420991401.7947,10185946768227.709,65412363.2210546,444455190.75347984,509867553.97453445,65209181.54366213,2.781360511983697e-05,82.9463110105111,78.35673671914807,0.049057668659252714,0.006274198851786144,0.006597875228606199,0.9446681324889612,0.9572165301925334,1.1058864709414644
82.49275783328149,1569372154823.7717,10653547717672.656,65020550.09784022,440088484.05243444,505109034.15027463,66624211.08688128,2.836212822779695e-05,85.07676345443393,80.396676353111,0.04859982056315934,0.006410348033927995,0.006737804104391122,0.9449898314029127,0.9578105274707687,1.1048244038473685
84.61156089264333,1641475070222.5598,11140595347237.824,64633126.90501106,435678358.6801336,500311485.58514464,68007179.07400572,2.8916862716487037e-05,87.26193596439133,82.49031110171545,0.048138217258438025,0.006543412365536931,0.0068743303746165,0.9453183703760251,0.9584051951070989,1.1037551506094923
86.78478480690534,1716898104859.7786,11647801071549.123,64296622.31173434,431232419.35485035,495529041.6665847,69306651.90969616,2.9477813789199743e-05,89.5032340097404,84.63904557571367,0.04767806726985904,0.006668443086374259,0.007002299177607928,0.9456534896437667,0.9589903758165153,1.1026907252948934
89.01382736027165,1795854727088.8818,12175904898424.4,63948518.266973615,426758677.32020545,490707195.58717906,70581483.34344709,3.004507584026422e-05,91.80209915891963,86.84430576736172,0.04721412614349114,0.0067911028978995015,0.007127627606832313,0.9459947709586094,0.9595769767544083,1.1016190687397882
91.30012223863682,1878402855155.184,12725677844184.795,63530963.269012846,422265493.00202566,485796456.27103853,71879131.16876698,3.061840331288137e-05,94.16001000664355,89.10761079115456,0.04674163202150741,0.006915958022636704,0.007255071924837005,0.9463424099558558,0.9601743260011293,1.1005292949309342
93.64513995171039,1964683054198.254,13297924584986.475,63126361.52950363,417761507.1138203,480887868.64332396,73110366.29356545,3.1197742634869215e-05,96.57848312491197,91.43048605913658,0.0462693449274411,0.00703442315014512,0.007375691567353414,0.9466962319224138,0.9607650782227041,1.0994415416949057
96.05038877882623,2054907982045.5771,13893486340589.533,62764826.500213325,413255559.99307823,476020386.49329156,74240746.65650135,3.178319205564816e-05,99.05907403844586,93.81447088371064,0.04580101285833862,0.007143184386022084,0.007486053205128376,0.9470558027556393,0.9613421715276835,1.0983643705033646
98.51741573904455,2149227140764.105,14513243980175.17,62328346.190528475,408756599.21322465,471084945.4037531,75381518.37375087,3.237472386541352e-05,101.60337822517685,96.26116531525437,0.04532614201831272,0.0072529454415833266,0.0075973018229671205,0.947420912540104,0.9619268034232705,1.09727379375847
101.04780758617102,2247761327223.878,15158121331883.924,61894763.39966379,404273575.82707417,466168339.226738,76447401.96596265,3.297226871258231e-05,104.21303214243447,98.77221725492994,0.04485308340754242,0.007355501024280144,0.007700910610193167,0.9477914155681775,0.9625024176167377,1.0961889000360432
103.6431918293318,2350708080933.3,15829088668715.652,61478169.37109785,399815329.9553061,461293499.326404,77419670.02586937,3.357591977903415e-05,106.88971427948954,101.34928981589431,0.04438404340149914,0.007449049248635799,0.007795023929017014,0.9481669073498651,0.9630650058471366,1.09511468791472
106.3052377797633,2458281999290.3154,16527166333405.246,61041459.18573488,395390466.83355963,456431926.0192945,78331452.13004905,3.418580950795787e-05,109.63514623713375,103.99408274424425,0.04391627986054874,0.0075367777263700714,0.007882968371504937,0.9485469424130812,0.9636204978658214,1.0940448898373458
109.03565762448666,2570625019037.2793,17253428454029.71,60600963.66923292,391007224.86682945,451608188.53606236,79160742.59307432,3.4801950701747206e-05,112.4510938349858,106.70835974705184,0.04345215674993512,0.007616569147573947,0.007962559532511319,0.9489312741024909,0.9641644123976388,1.0929848508138218
111.83620752756053,2687962862346.3853,18009006690660.54,60168309.65481495,386673337.69887906,446841647.353694,79893168.96208477,3.542452240162477e-05,115.33936824724007,109.49390245458905,0.042993536866884105,0.007687040645217056,0.008032381118985002,0.9493194224878988,0.964693503778333,1.0919387535548921
114.7086887596187,2810552988849.821,18795093941674.348,59769752.02495088,382395892.77267647,442165644.79762733,80500983.0560829,3.60537658331185e-05,118.30182716758566,112.35252875547557,0.04254362829306496,0.007745522386597433,0.008089687024369437,0.9497108493203376,0.9652018940935325,1.090913798969541
117.6549488564197,2938589182806.849,19612947926791.562,59295998.70804543,378181189.3164117,437477188.0244571,81091007.26888192,3.668982358510963e-05,121.34037600404666,115.28612052888117,0.04209252141813543,0.007802292447972777,0.008145142012591542,0.9501051861338918,0.9657097710298373,1.089887535253306
120.67688280715335,3072200883908.976,20463894553023.85,58808271.62030931,374034599.1158221,432842870.73613137,81599080.56886357,3.733275216696113e-05,124.4569691045111,118.29662279797965,0.04164662365464706,0.007851177479802745,0.008192361683685966,0.9505021988655502,0.9662045538251557,1.0888744166524549
123.77643427326869,3211563165276.3447,21349330960047.773,58276333.25583267,369960433.80101955,428236767.0568522,82054769.46464598,3.798270406510523e-05,127.6536110137376,121.38601494546214,0.04120344050571594,0.007895022267898656,0.008234303919553982,0.9509015372263854,0.9666915817621827,1.0878687811586616
126.95559683860705,3356726020001.5254,22270728133709.016,57743744.726160556,365961822.6558796,423705567.38204014,82412556.56421435,3.863965926374614e-05,130.93235776264748,124.55635630509333,0.04076746435751227,0.007929447288365945,0.008266449472603483,0.9513030883541218,0.9671619829308538,1.0868806984597166
130.21641529164492,3508367030523.399,23229632971052.516,57385746.89519523,362040605.1200097,419426352.01520497,82508757.82120144,3.930455265362446e-05,134.29531819073287,127.80960144831957,0.04035573325606966,0.007938703436071537,0.008272548183930207,0.9517055633078588,0.9675829701800018,1.0859483654238535
133.5609869406698,3666970896285.137,24227669678107.676,57079835.005100206,358197242.1674377,415277077.17253786,82473368.98865855,3.9977977988256677e-05,137.74465530242895,131.14781540321295,0.03995650457634493,0.007935298446662829,0.008265561388092195,0.9521081969769922,0.9679787938703179,1.085045256807921
136.9914629627371,3833209498438.9473,25266540383220.344,57067402.09868794,354430750.5851992,411498152.6838871,82075963.13715339,4.06607539063408e-05,141.28258765832575,134.57308164528166,0.039592909709388904,0.007897061448771094,0.008222618854658298,0.95251002884184,0.9683041517393822,1.0842230827992012
140.51004978727406,4007543915249.962,26348024854481.38,56588356.10321358,350738663.817156,407327019.9203696,82083980.38749772,4.1353346580121436e-05,144.91139080211212,138.0875987942725,0.03919157793714474,0.00789783284049407,0.008219987105793086,0.9529105892223612,0.9687062549033493,1.0833174603976838
144.1190105152211,4189346918487.564,27473979220053.676,56082646.97411016,347117022.4702765,403199669.4443866,82048737.36626154,4.2054738499536034e-05,148.63339872417023,141.6938687417802,0.03879445874312461,0.007894441880538141,0.008213063222893351,0.9533110993763373,0.9690999831374135,1.0824223834064746
147.82066637462378,4378827402823.003,28646333605013.504,55532146.25543027,343560396.8006688,399092543.05609906,81995717.48545659,4.276509706900371e-05,152.4510053627625,145.39425780235513,0.038399285439925275,0.0078893404934728,0.008204382935678366,0.9537113740666019,0.9694900550535475,1.081532761258539
151.61739821361056,4576039893142.672,29867088617481.22,54966534.663240366,340061942.5180359,395028477.18127626,81901521.04054183,4.348437441892188e-05,156.36666614377563,149.19122930093542,0.03800825526837921,0.00788027724175677,0.008191626679660577,0.954111467489864,0.9698720219733775,1.0806534715699085
155.51164803171852,4781798710638.844,31138310639792.934,54560549.15955614,336613490.100274,391174039.2598302,81609045.29364479,4.421344960142515e-05,160.38289956001353,153.08715667631054,0.03763739476363839,0.007852136250689002,0.00815922834902804,0.9545104689856726,0.9702147414870507,1.0798201687503193
159.5059205505489,4996710527568.299,32462125906402.758,54182456.55708024,333205666.5439991,387388123.10107934,81264222.00398558,4.4952841539638036e-05,164.5022887910519,157.08453747959416,0.03727312718269524,0.00781895856256543,0.008121678934425282,0.9549079142547393,0.9705458313798702,1.079002519170295
163.6027848247662,5221576475757.291,33840713377959.543,54051246.08641023,329828047.1595864,383879293.24599665,80664264.60730559,4.570320752788928e-05,168.72748336470073,161.18591277724647,0.03693551987454137,0.007761232765058682,0.008058892135703754,0.9553032473604,0.9708257128905173,1.0782450562856056
167.80487589447435,5457034635262.006,35276296449192.08,53548619.18453489,326469333.73544866,380017952.91998357,80440979.9138121,4.6464902003150395e-05,173.06120086113916,165.3939416631481,0.03656399524463008,0.007739749094594267,0.008033485417186063,0.9556962556607757,0.9711757538499642,1.0774131804432463
172.1148964800342,5702159611857.964,36771133555389.97,52964041.956742264,323117554.2419367,376081596.198679,80301071.55972433,4.723643894252484e-05,177.50622866082168,169.7116567291331,0.03618525280014022,0.007726287603224605,0.008016361677045865,0.9560884595966351,0.9715410348030844,1.076566286326585
176.53561872041143,5957060072876.23,38327507766957.484,52326516.303816006,319760278.32101715,372086794.62483317,80224934.86163765,4.80175216796879e-05,182.0654257372782,174.1419659021889,0.035800886996822254,0.00771896199703839,0.008005568448405066,0.9564801510061394,0.9719180750002161,1.075707952256623
181.069885956174,6221701778256.954,39947715482588.875,51643002.76845926,316384842.20807457,368027844.97653383,80213656.49575347,4.880764343341044e-05,186.7417244959618,178.68788521267413,0.03541034909065691,0.007717876832210287,0.00800120219508311,0.9568717740771328,0.9723075277415534,1.0748369996845601
185.72061455828458,6497116117461.322,41634054348372.01,51146017.971643984,312978576.53201187,364124594.50365585,80052671.08098656,4.9607345133801544e-05,191.53813266032674,183.35233312416784,0.03503479201333388,0.007702387379949511,0.007982036363798043,0.9572628206067166,0.9726675953666156,1.0740001967927608
190.49079580386655,6784026637662.066,43388810542540.84,50645201.80193481,309529030.68079174,360174232.4827266,79945454.38137841,5.041669102096892e-05,196.45773520635075,188.13838401226906,0.034654702028010895,0.007692071364970496,0.007968207211585436,0.9576532266070186,0.9730373693369596,1.073154384173602
195.38349780014613,7083047623521.259,45214245574394.74,50210563.58716968,306024188.0952962,356234751.6824659,79832605.91540712,5.1235503132912835e-05,201.50369634674286,193.0492314555247,0.034275658995595606,0.007681213481174656,0.007953836467646438,0.9580431275232297,0.9734055544855791,1.0723118863138323
200.40186745781259,7394789608651.078,47112582752566.49,49702440.2595056,302452667.8983167,352155108.15782225,79862895.14175504,5.20634755533121e-05,206.67926156611713,198.0881714183654,0.03388312999719256,0.0076841278043523874,0.007953621391923378,0.9584327421984551,0.9738009978071598,1.0714407085360622
205.5491325150626,7719282441758.833,49085993484339.5,49152863.13632901,298803909.5447377,347956772.6810667,80007489.92145002,5.289963795543615e-05,211.9877597084384,203.25869286015978,0.033479180875242064,0.0076980402071653116,0.007964691556397455,0.9588227789175926,0.9742188593319233,1.0705454853643621
210.8286036136319,8057094023249.189,51136583576155.375,48685563.645433135,295068338.496205,343753902.1416381,80148995.72413957,5.3743440434705495e-05,217.43260511808344,208.5643008660538,0.03307479540545922,0.0077116553994394455,0.007975441495160074,0.9592135491951014,0.9746368599939802,1.0696504132506655
216.24367642814903,8409305828368.564,53266379717201.11,48252997.55976333,291237512.0320556,339490509.5918189,80343174.69281405,5.4594669777292e-05,223.01729983589468,214.00853265969693,0.03266458672000166,0.007730338619094375,0.007991373532870757,0.959605074660904,0.9750657518990927,1.068743684631775
221.7978338501811,8776049043225.927,55477316342785.3,47710751.93266461,287304244.9417571,335014996.8744217,80734187.72301602,5.5452132648192517e-05,228.7454358516392,219.59517714526666,0.03223396857562507,0.0077679605221308975,0.008026692681802313,0.959998070902244,0.9755339919465058,1.067793401844909
227.4946482283758,9157514166584.9,57771223089194.11,47191713.554220274,283262714.7635484,330454428.31776863,81188244.78005862,5.6314615225541996e-05,234.62069741432092,225.32811886675205,0.03179516665656578,0.007811648300423814,0.008068177343680876,0.9603931850430104,0.976016481643858,1.0668264602462307
233.3377836661422,9554754201703.14,60149813060335.414,46758368.37951991,279108545.28962636,325866913.6691463,81645859.36971444,5.718153916882098e-05,240.64686340183397,231.21123213508335,0.031353772078999025,0.00785567837203354,0.008109956086748133,0.9607905495489675,0.9765019062930345,1.0658551351594816
239.3309983783441,9968775903243.152,62614672118143.69,46216150.01020577,274838865.26115906,321055015.2713648,82302188.37258351,5.8052151096536215e-05,246.82780975147733,237.24851720442956,0.03089078808368454,0.00791882804787233,0.008171244221498678,0.9611903838684431,0.9770280399641879,1.0648380339030235
245.47814710852722,10398302061582.973,65167249369285.92,45555361.07329121,270452336.7688944,316007697.8421856,83153493.49877936,5.8923792794595284e-05,253.1675119528992,243.44438820125006,0.030405152894450456,0.0080007376427922,0.008251629705619965,0.9615941094627574,0.9775955847483417,1.0637730273259614
251.78318360823047,10843771816190.852,67808848934365.0,44896838.84972665,265949145.38186753,310845984.2315942,84074703.19845992,5.979517645749668e-05,259.67004760507024,249.80313522767716,0.02990851090566645,0.008089373210716328,0.008338773509154766,0.9620021158836172,0.9781808623050499,1.062685637410879
258.2501631799784,11305117417669.379,70540622938953.62,44161826.6873438,261330942.2643741,305492768.9517179,85136696.80901957,6.066457386067343e-05,266.33959903893293,256.32922579217734,0.02939344329758928,0.00819155451301524,0.008439624126222322,0.9624150021893955,0.9787981112154259,1.0615598714366326
264.88324528558934,11782867562271.352,73363565452788.8,43492202.488151014,256600728.55902624,300092931.04717726,86191859.81943583,6.153067008306311e-05,273.1804560074125,263.02716662522613,0.028873889824006495,0.008293078598913607,0.008539651557108978,0.9628330315770799,0.9794191887749071,1.0604261051728678
271.68669622147706,12278158409271.953,76278506834264.23,42885860.538821846,251762675.2399373,294648535.7787591,87238254.40830445,6.23925241284758e-05,280.19701844451953,269.9015129363512,0.028350049197071053,0.008393759018029108,0.008638665613159218,0.9632561917848999,0.980043709820958,1.059284811140741
278.6648918626671,12791845215751.848,79286107645503.58,42268902.39240424,246821878.42210943,289090780.8145137,88343435.89835775,6.324891396801923e-05,287.39379929532004,276.9569793198607,0.027815301497595188,0.008500095706694107,0.008743293038645867,0.9636846027957107,0.9806847942090989,1.0581217423187996
285.82232047729326,13324282911179.414,82386851052225.84,41593611.034270614,241784061.15685683,283377672.1911274,89546305.15566748,6.409822380840999e-05,294.7754274185936,284.1984612595646,0.027265606213642286,0.008615831569871722,0.00885733209898613,0.964118562216486,0.9813502253562294,1.0569283059165602
293.16358561338086,13875316056386.73,85581032506979.97,40946051.594697736,236655247.49849015,277601299.09318787,90750324.30246961,6.493848613098613e-05,302.34665056404197,291.63103116904875,0.026709823843726877,0.00873167807138526,0.008971299911675352,0.9645584980848878,0.9820218542276584,1.0557237105708717
300.6934090597794,14445897392593.246,88868745652291.67,40285394.11842227,231441451.21064502,271726845.3290673,91990647.8323316,6.576845578902538e-05,310.1123384259702,299.25976420657594,0.026144604495941665,0.008851017653368709,0.00908863645899657,0.9650043778506896,0.982706413157427,1.0545008305885633
308.41663388314396,15036017756131.422,92249863892810.5,39568660.58183469,226148436.47281122,265717097.0546459,93301640.97521728,6.658623449163125e-05,318.0774857753986,307.08996838364914,0.02556636758466175,0.008977156817778944,0.009212691884953906,0.9654564755975593,0.9834107892331172,1.0532520945054644
316.33822754292146,15645480035736.67,95724018060914.28,38877147.90413168,220781616.54397348,259658764.44810516,94593827.00484389,6.738981432638759e-05,326.2472156726228,315.12709808989615,0.02498345605926183,0.009101486427681328,0.009334699482016706,0.9659150575130568,0.9841180303684196,1.0519954827883082
324.4632850863442,16276304761352.398,99290572045094.86,38261256.445393026,215346153.01506692,253607409.46045995,95816309.78892279,6.817850751714272e-05,334.6267827622874,323.376521461173,0.0244012158958914,0.009219109435647783,0.009449693445562955,0.9663796746684609,0.9848178935397564,1.05074245951314
332.7970324254851,16929401880173.867,102948600036103.02,37658679.543570116,209847298.06129563,247505977.60486573,97026948.78867882,6.895086596741164e-05,343.221576653092,331.84386705925186,0.023814157511835642,0.009335592876206089,0.00956333565790192,0.9668502496119583,0.9855214353643704,1.0494813168753345
341.34482969848614,17605503114624.33,106696870864877.36,36989127.31923914,204290982.38012087,241280109.69936,98300506.67545217,6.970529480278482e-05,352.0371253843064,340.53492609657104,0.023215126327278585,0.009458130151505676,0.00968292037113864,0.9673267435212157,0.986243003824227,1.04819689707452
350.11217471711404,18303289087157.25,110533846262736.0,36290813.25770939,198684594.0661393,234975407.3238487,99586707.71444592,7.043905502415981e-05,361.07909898131817,349.45582056581287,0.022608509966378542,0.009581883906590262,0.009803527045504206,0.9678096061270312,0.9869733739402118,1.0468986382597991
359.10470650286993,19023021514901.25,114457700132346.53,35551911.43010766,193037826.4060978,228589737.83620545,100888306.13095865,7.115036348455232e-05,370.35331310250706,358.6126603657305,0.021994103233786283,0.009707119143362907,0.00992541985223156,0.9682987776228508,0.9877130159095766,1.0455861925129726
368.3282089139209,19763501666139.926,118466364428881.06,34680013.068573534,187363409.9295317,222043422.99810523,102282790.93643725,7.183673419336403e-05,379.86573277978687,368.0118207461326,0.02136423976872902,0.00984129158286069,0.010056133224208973,0.9687944686484102,0.9884770518141317,1.0442434459453813
377.7886143651886,20524687744967.83,122557603558960.22,33990066.31268958,181677505.5345417,215667571.84723127,103440862.51019007,7.249644244647691e-05,389.62247625522224,377.659704545692,0.020750777722081684,0.00995271716996856,0.010163620193454598,0.9692965051079497,0.9892019394478869,1.0429377658059427
387.4920076439873,21309447711233.137,126729113302639.14,33288363.46807836,175999541.63083547,209287905.09891385,104545727.51001382,7.312936123240275e-05,399.6298189161878,387.5626081101834,0.020136948552024237,0.010059023407053154,0.010265744169237328,0.9698040280409226,0.9899220748550289,1.0416336646295488
397.4446298236655,22117212261688.68,130978632823750.69,32520807.495731294,170351344.1041358,202872151.5998671,105631468.9146663,7.373377093339368e-05,409.8941973316009,397.72725176582094,0.019519647241316797,0.01016348963884976,0.010365826923766221,0.9703168631198335,0.9906438423975329,1.0403246201385246
407.652882277768,22946229131665.168,135304050817857.12,31765528.825559147,164755535.73785663,196521064.56341577,106598228.66748375,7.430767003287347e-05,420.42221339182333,408.16056767690924,0.01890856791094649,0.010256507873207124,0.010454181473553164,0.9708349242158464,0.9913479399622606,1.0390309890481035
418.1233307973026,23800104590706.75,139703481374290.6,31104566.530648425,159233354.75742987,190337921.2880783,107355067.71437311,7.485185281972462e-05,431.2206385548972,418.86919623441645,0.01831364754052939,0.01032932827313502,0.010522024929099207,0.9713570241863356,0.9920156807326056,1.0377735030617024
428.8627098137532,24679111094875.492,144175284032217.75,30410691.393739507,153802222.89358276,184212914.28732228,108017844.63456279,7.536570365036781e-05,442.2964182018406,429.8601844078433,0.017724320838650845,0.010393098344974675,0.010580632876758317,0.9718825808163745,0.9926687775063239,1.0365299122973335
439.8779267305646,25581689899611.6,148718007597944.66,29688957.14930281,148473529.02401358,178162486.1733164,108573645.43005154,7.584800081134129e-05,453.6566761038106,441.14085756553925,0.017142169855812756,0.01044657554910953,0.01062877582974233,0.9724112545950777,0.9933044056932968,1.0353034508043417
451.17606636587743,26510599259181.273,153330248973751.16,29055559.482068468,143251130.6896003,172306690.17166877,108913412.61256242,7.629954762720618e-05,465.3087190040042,452.7183898926334,0.016578745692526316,0.010479266756327904,0.010655928688166715,0.9729419875511458,0.9939005210638017,1.0341180910768788
462.7643955093745,27466488428606.707,158010434857958.2,28403802.857622504,138130976.59608394,166534779.45370644,109154663.22116345,7.672018120300879e-05,477.260041317242,464.6003026835432,0.01602339267716906,0.01050247904416292,0.010673504802860808,0.973474128278668,0.9944790863669939,1.0329515023812268
474.65036759616794,28448169506882.5,162756551865751.25,27682771.89565248,133102021.53690675,160784793.43255922,109362795.74314037,7.710889236445023e-05,489.5183299502613,476.7944493707187,0.015470149179280464,0.01052250482580124,0.010687847419790791,0.9740073459949183,0.9950523556465207,1.0317912379070298
486.8416275007342,29457603314693.266,167565864212104.56,27120101.28182374,128148295.27334645,155268396.55517018,109333330.38865274,7.746578512667424e-05,502.09146924581603,489.3086971331831,0.014939380809937619,0.010519669772685753,0.01067921056608196,0.9745409494173767,0.9955802889627481,1.0306794519005291
499.34601645397936,30495724191490.875,172434662928229.8,26476115.79158826,123251698.93992807,149727814.73151633,109328409.82347253,7.779025022836156e-05,514.9875460537644,502.15123335612884,0.014406285449847568,0.010519196333153574,0.010672953954413941,0.9750745182169989,0.996112910883306,1.0295646525305793
512.1715770865999,31560788742311.773,177358084893964.88,25771942.499046862,118394952.59331846,144166895.09236532,109344132.51777083,7.80803724558642e-05,528.2148549324079,515.3306686307945,0.013871233256446324,0.01052070911568171,0.01066869710172207,0.975608057627872,0.9966494758592354,1.0284476230463526
525.3265586019767,32651287800192.734,182330026739710.7,25145149.89192337,113564184.98839083,138709334.8803142,109256659.20524058,7.833413113416207e-05,541.7819034834217,528.8558439941686,0.01334612594478535,0.010512292740195203,0.01065448889080926,0.9761415813150195,0.9971661667954098,1.0273529023180403
538.819422081937,33771814466211.344,187343165333718.53,24536272.455205176,108750925.12251748,133287197.57772265,109140261.38005637,7.855152088308008e-05,555.6974178238142,542.7354864510514,0.012824426901294546,0.010501093349498478,0.010637513362021265,0.976674479749207,0.9976766664482039,1.0262669546338996
552.6588459287923,34921041346908.266,192389091343577.97,23895574.8625658,103953579.55189261,127849154.41445841,109045178.35991745,7.873019805572007e-05,569.9703481984311,556.9789329757874,0.012301197451649166,0.010491944794622345,0.010622615687649103,0.9772068577537285,0.9981907473429732,1.025179596352986
566.8537314471533,36096594137790.734,197458567556492.6,23242563.679284703,99178621.87663966,122421185.55592437,108943769.86626448,7.886751086938066e-05,584.6098747366159,571.5958012732754,0.011778937316288592,0.010482187624859175,0.01060712832449928,0.9777388750588523,0.9987032503085707,1.0240959615872025
581.4132085691116,37302851876600.64,202541929223553.22,22681168.24316848,94441479.15815325,117122647.40132174,108722421.41256267,7.896325698024888e-05,599.6254133567268,586.5955406509994,0.01126913054952993,0.010460890252599862,0.010580118994781618,0.9782699791978702,0.99919175970307,1.0230395651089386
596.3466417264718,38539172574363.14,207629627331790.0,22066685.468830995,89766500.39539424,111833185.86422524,108502874.50179303,7.901579332215973e-05,615.0266218223111,601.988079997886,0.010760197103088854,0.010439766218486019,0.01055332204376935,0.9788000366784251,0.9996795691153971,1.0219866122891361
611.66363587381,39802283653719.56,212712855445044.38,21400201.497903503,85184825.33428398,106585026.83218747,108253528.83671305,7.902316737582099e-05,630.8234059538303,617.783647323207,0.010255237638895076,0.010415775052694509,0.010523698077317383,0.9793289873084104,1.0001605374137994,1.020943422804512
627.3740426662345,41092750881263.734,217784099548384.25,20794571.241748177,80729099.90436834,101523671.14611652,107834661.82567173,7.898531318264748e-05,647.0259259999328,633.9924137595584,0.00976825173779517,0.01037547313726613,0.010477823151473825,0.9798562751249387,1.000607221399471,1.019938507784899
643.4879667958157,42411664082263.44,222837358334369.94,20229172.260922328,76425312.00232458,96654484.26324691,107248254.54364838,7.890291283355202e-05,663.6446031723669,650.6246879656089,0.009299755645275175,0.010319051084290562,0.010415916563149425,0.9803811932704343,1.0010192954390154,1.0189727723496624
660.0157724907713,43761708102521.195,227867789894568.3,19657555.38720806,72284281.29123816,91941836.67844622,106538930.61867131,7.877751756461249e-05,680.6901263487454,667.6909028466442,0.008846321215253519,0.010250802422824758,0.010342293674774296,0.9809028763619217,1.0014044812075713,1.0180391072937298
676.9680901815773,45142714108736.57,232870727665539.94,19148866.97103653,68297174.46890703,87446041.43994355,105652736.55026633,7.860990482338025e-05,698.1734589474678,685.2018935330094,0.00841375155779827,0.010165535936191685,0.010251791966822764,0.98142071250601,1.0017517843783934,1.0171491861576305
694.3558233382978,46559187647879.41,237840349897907.25,18666783.5442091,64438939.26958661,83105722.81379572,104659366.81185645,7.840188022150622e-05,716.1058459792214,703.1686070880819,0.007996141314947284,0.010069957382304191,0.01015112723014242,0.9819339013027485,1.0020738160673568,1.0162908872189085
712.1901554835293,48008805376186.78,242768602206804.78,18125019.281919252,60679807.476998925,78804826.75891818,103676678.72315343,7.81527687182794e-05,734.4988212796001,721.6026887371692,0.007582324173704742,0.009975406579306055,0.010051621229942775,0.9824422692469892,1.0023930824056013,1.015441478846739
730.4825573854697,49488149428973.44,247644988629404.06,17585476.988909945,56999508.87707089,74584985.86598083,102663084.74546719,7.786116788411907e-05,753.364214927489,740.516199976648,0.007176305875998304,0.009877882120013183,0.009949281205187932,0.9829458120039886,1.002701576244015,1.014609035845582
749.2447944357427,50999193687803.67,252457401487325.66,17066048.89534668,53395444.75114328,70461493.64648995,101606161.12881002,7.752691822858783e-05,772.7141608539919,759.9213010554338,0.006779557909892398,0.009776188634754272,0.009842919275988229,0.9834442534553534,1.002996630724862,1.0137964798096875
768.4889342167128,52541061338494.25,257193426499579.12,16553690.380197262,49878521.4669225,66432211.84711976,100509343.70266671,7.71492344933848e-05,792.5611046467851,779.8305671381239,0.0063918745401478445,0.009670656706997755,0.00973286797802914,0.9839374687528544,1.0032787821668498,1.0130033307664799
788.2273542631713,54114042574402.87,261841053772720.88,16046614.924882902,46458523.59140468,62505138.51628758,99367142.85133137,7.672793973019741e-05,812.9178115549315,800.2567926723484,0.0060140253109455186,0.009560758145164727,0.009618604677149081,0.9844252165438897,1.0035467328342191,1.012231081930403
808.4727500233757,55719333344039.98,266387966762707.2,15571486.313665394,43129319.3745003,58700805.688165694,98161979.5955312,7.62631703580535e-05,833.7973746992905,821.2130482682114,0.005647985742636682,0.009444801561494168,0.00949844866412632,0.9849072126958691,1.0037968158188575,1.0114836531022349
829.2381430245673,57358986017261.16,270819572658522.38,15118812.393655265,39865363.31257228,54984175.70622754,96931220.19900131,7.575487870485151e-05,855.2132234938133,842.7127712061256,0.00529038463473784,0.00932638220689205,0.009375984772668914,0.9853832331583701,1.0040359975721542,1.0107541844736958
850.5368892482161,59028466527854.164,275116959024313.75,14581916.078481989,36632375.99078864,51214292.069270626,95813467.1505069,7.52007271193057e-05,877.1791322831339,864.7701215708759,0.00492765964683832,0.009218835926944518,0.00926448817145561,0.9858535044262171,1.0042911762801063,1.0100153367232507
872.3826877203841,60723491998499.33,279256082521843.0,14090164.668132659,33403489.09020199,47493653.75833465,94702836.24969189,7.459770417853173e-05,899.7092292020182,887.3997244176741,0.004569672871574846,0.009111974915079403,0.009153804808584885,0.9863183522133457,1.0045423020435045,1.0092869456754423
894.7895893227262,62445195619839.1,283208545967439.6,13592994.250468004,30168915.280901313,43761909.53136931,93657964.01716496,7.394350182137789e-05,922.8180052623591,910.6164516158412,0.004210617524003762,0.009011440971754348,0.00904954514512668,0.9867779415042419,1.0048008234477506,1.00855731819527
917.7720058298056,64190530214268.08,286943305600971.2,13078226.760434542,26936334.517518975,40014561.27795352,92680022.013619,7.323480819873057e-05,946.5203236735787,934.4357128691321,0.003850060811708861,0.00891734682043222,0.008951811840392707,0.9872325923678589,1.0050672860087233,1.0078255819469248
941.3447191785198,65954949350905.39,290428766821482.1,12571227.126313683,23730076.0096874,36301303.13600108,91716567.2138246,7.24684271897153e-05,970.8314294024093,958.8732805420798,0.0034927841304331713,0.008824646577068938,0.008855577196566933,0.9876825692924979,1.0053318624466356,1.0071013162141007
965.5228909756187,67739423464635.58,293635665550651.2,12071119.68038769,20594414.55803158,32665534.238419272,90725382.160559,7.164325535489098e-05,995.7669589782258,983.9449732446377,0.0031429631926056718,0.008729278225927426,0.008756800527670885,0.988127758581467,1.0055863150333217,1.0063928574850793
990.3220722494162,69537375493473.45,296540952051713.0,11526590.380696248,17591177.644986402,29117768.02568265,89697220.00595531,7.075827458505892e-05,1021.3429505502191,1009.6669971260737,0.002801609564613062,0.008630352067721543,0.008654598874706812,0.9885680383676654,1.0058287425031085,1.0057021836333793
1015.7582134519723,71344218038744.83,299130744279049.8,11037998.806755653,14778377.728191178,25816376.53494683,88478905.6944645,6.981491186026466e-05,1047.5758542028884,1036.0555668022766,0.002483961248683778,0.00851313013557458,0.008534329078288563,0.9890029086157417,1.0060291688868908,1.005059697478267
1041.847674718179,73167613413981.5,301399160155016.75,10590701.154580982,12180566.678875344,22771267.833456326,87071362.43014511,6.881842002303814e-05,1074.4825425364816,1063.1266880922587,0.0021909715643145125,0.008377701256944675,0.008396096866430254,0.9894313271787408,1.0061867296926301,1.0044671957381783
1068.6072363883463,75006093470657.98,303343054652459.5,10137404.854822064,9783673.430369448,19921078.285191514,85543511.1081065,6.77726276007231e-05,1102.080321519192,1090.8970352118533,0.001916736317562914,0.008230696758751177,0.008246503130794869,0.989852566923686,1.0063139604411881,1.0039127934071976
1096.0541098010603,76853091373428.72,304957543005254.1,9654684.170589365,7562095.290568277,17216779.461157642,83949122.52661642,6.668001668545673e-05,1130.3869416180921,1119.3839490535302,0.0016565381648644458,0.0080772902787053,0.008090692820142058,0.9902661715564303,1.0064207521138409,1.003387007927992
1124.205948363253,78706632816588.19,306235614941414.56,9227185.891878575,5497091.472445292,14724277.364323867,82227091.9804688,6.554346143425164e-05,1159.4206092159618,1148.6051617301184,0.0014167183507856878,0.007911602536279858,0.007922826950610888,0.9906716791129344,1.0064948841854942,1.002902422743744
1153.080858904598,80568416914547.66,307167225813924.1,8799304.472829008,3553689.6155850748,12352994.088414084,80472298.53144822,6.436586897552824e-05,1189.1999983213516,1178.5788675395445,0.0011885617867133256,0.00774276246219313,0.007751976164834165,0.9910686757510936,1.0065542006754797,1.0024416081953573
1182.6974133235478,82435004528854.19,307731163306778.7,8371899.534739282,1649356.0588980326,10021255.593637314,78766369.88313965,6.314742348731184e-05,1219.7442625794172,1209.324189735409,0.0009642100828539804,0.007578623987931189,0.007585938426249688,0.9914571659292148,1.0066144139050772,1.0019888737734504
1213.0746605324932,84295895480552.3,307882851671154.5,7917646.100107692,-325098.0900501353,7592548.010057557,77239337.53208841,6.188368945172872e-05,1251.0730475912528,1240.8615058317928,0.0007305283532034193,0.007431698288255125,0.007437131323553478,0.9918377733585415,1.0067011699350517,1.0015180541696058
1244.2321387097304,86145807640217.27,307552666495246.25,7464085.648975775,-2419918.271864039,5044167.377111736,75904747.01696393,6.0567826736593686e-05,1283.2065035496382,1273.2120947243063,0.0004853321022669322,0.0073032886674106725,0.007306834908957955,0.9922113792303224,1.0068179565651436,1.0010248158549722
1276.1898878661164,87973634204376.53,306668055404575.5,6975795.824327111,-4543339.363480808,2432456.460846303,74697394.28722216,5.91925891644048e-05,1316.1652981993313,1306.3978198628245,0.0002340424334791393,0.007187121420232842,0.007188803905392664,0.9925788361462881,1.0069530789867538,1.000519955018129
1308.9684627344964,89757177954909.36,305189839096982.2,6475888.812962649,-6503827.493870784,-27938.680908134207,73399979.51695316,5.775496555630431e-05,1349.9706301302456,1340.4403767174394,-2.6881619355529597e-06,0.0070622887192356406,0.007062269734710962,0.9929403994427,1.007064976881171,1.0000445015711583
1342.588945990191,91513154057474.64,303124056729863.2,6066422.072130365,-8188725.475799786,-2122303.4036694206,71810949.30222143,5.626452283320274e-05,1384.6442424120562,1375.3599297025576,-0.00020420059358556235,0.006909397802455038,0.006907987187370895,0.9932948027911305,1.0071135983960406,0.9996394269527575
1377.0729618110527,93237788245410.9,300489792436348.25,5640823.405209456,-9653717.12944038,-4012893.7242309246,70102332.38597949,5.472913212635044e-05,1420.208436579011,1411.177481522539,-0.0003861065666044475,0.006745000672476498,0.006742397388570115,0.9936411058941279,1.007131107239081,0.9992736607747247
1412.4426897857982,94912690955023.53,297284034558626.4,5188126.369548342,-11008830.777438954,-5820704.407890611,68397370.32134224,5.315116675145315e-05,1456.6860869739292,1447.9155148949994,-0.000560047773151714,0.006580955199506969,0.00657727161318659,0.9939790925736447,1.0071410029726588,0.9989240586681806
1448.720879179583,96539608515104.02,293475514651555.1,4789775.370334102,-12342754.738311982,-7552979.36797788,66703985.50703446,5.15319293228522e-05,1494.1006554606308,1485.597276736964,-0.0007267211971737608,0.006418023648979103,0.006413362922198374,0.9943086975481946,1.0071447448461528,0.9985892136395484
1485.9308635659781,98110674698620.55,289002356147725.56,4369941.068026872,-13736918.086271625,-9366977.018244753,65174238.43640335,4.986764527796441e-05,1532.476206514245,1524.247454371096,-0.0009012576919590319,0.006270836748501746,0.006265190197644533,0.9946304209434573,1.0071720944404607,0.9982391019757897
1524.0965758347654,99603416391371.19,283783669735358.75,3888049.5454228036,-15166307.538355358,-11278257.992932554,63814938.98710397,4.815092860913196e-05,1571.837422699111,1563.891949140485,-0.0010851544471850974,0.00614004972063026,0.006133394040810537,0.9949451047265548,1.0072252041678154,0.9978707571052264
1563.2425635852048,101001258050638.81,277763681712228.0,3484443.743301073,-16515012.483390357,-13030568.740089284,62366934.644939244,4.637918094610517e-05,1612.209620544225,1604.5565063359952,-0.0012537556444018082,0.006000727818929835,0.005993213793308368,0.995253027825472,1.0072544834633317,0.9975330265513609
1603.3940049146706,102309178047815.77,270907593490365.44,3062128.9236671794,-17800905.155602157,-14738776.231934978,60948222.9061398,4.455542294384793e-05,1653.618766826438,1646.2665942906297,-0.0014181133810002124,0.005864224348837499,0.00585591999034113,0.9955538890321627,1.0072823377298379,0.9972039909060597
1644.5767246128235,103498811176422.69,263155079915873.0,2587138.265661019,-19084433.886171598,-16497295.620510578,59649019.15109734,4.2675815911865645e-05,1696.0914952718974,1689.0494801599355,-0.0015873119519293252,0.005739219517996835,0.005730124023648061,0.9958480924339325,1.0073265314699262,0.9968656502152925
1686.8172107717078,104525622076328.42,254417084471272.56,2082832.5302218404,-20504764.782768648,-18421932.25254681,58576893.71902211,4.073209837240099e-05,1739.6551236864373,1732.9338449914324,-0.001772493741686061,0.005636063367349658,0.005626091155985518,0.9961364303743364,1.0074085571090357,0.9964959574818348
1730.142631822492,105380630038606.11,244362325153822.28,1583265.863519177,-23005013.27260902,-21421747.409089845,58612527.46430178,3.869427751164293e-05,1784.3376715259787,1777.9526574105796,-0.0020611254399408646,0.0056394919214033355,0.005627892129761441,0.9964216335185375,1.0077006173613443,0.9959220029064941
1774.580854009784,106001492166283.72,232123436473842.44,906835.4167231005,-27148315.141420633,-26241479.72469753,60418621.10101217,3.647212548910545e-05,1830.167877918212,1824.1495452074776,-0.0025248631873661183,0.005813267919712395,0.005798627179409842,0.9967115952676537,1.0083381311070787,0.9950027902974528
1820.1604593147713,106161563366079.98,217203335017305.3,0.0,-30285498.561801955,-30285498.561801955,61354239.300149605,3.400657341869414e-05,1877.1752201471609,1871.5637327320153,-0.0029139645032195175,0.00590328982294404,0.005886137826257269,0.9970106746802755,1.0088172543261635,0.9942318927211866
1866.9107638387118,106161563366079.98,200817478610620.53,0.0,-29621089.684557848,-29621089.684557848,57656811.00419361,3.1474934934547855e-05,1925.3899326125186,1920.196195534009,-0.00285003741019305,0.005547536233957254,0.0055317704811414,0.9973025011762358,1.0083975736441502,0.9943546287815146
1914.861836658599,106161563366079.98,184709702442657.72,0.0,-26887486.941035617,-26887486.941035617,52138340.35598411,2.90765617992106e-05,1974.8430262759482,1970.0450491730192,-0.0025870197370887996,0.005016568333655846,0.005003623859973127,0.9975704514034329,1.0076035880707446,0.9948708773438858
1964.0445191671286,106161563366079.98,169333038125095.16,0.0,-24574416.932940662,-24574416.932940662,47307616.5152248,2.684982376686371e-05,2025.5663086068555,2021.1357696545306,-0.0023644642495740074,0.0045517730202122315,0.004541035903163171,0.9978126912293618,1.0069162372697862,0.9953083151141005
2014.4904449094154,106161563366079.98,154428643605458.62,0.0,-22744146.545144103,-22744146.545144103,43184000.78934578,2.4761249332415285e-05,2077.592404040471,2073.506504608577,-0.0021883620490290986,0.00415501317075462,0.0041459403522302605,0.9980333488782744,1.0063433752197837,0.9956547150131232
2066.232059929191,106161563366079.98,139947992699814.05,0.0,-20919921.184728276,-20919921.184728276,39269259.69628923,2.2799695952917142e-05,2130.9547749613753,2127.1925550713054,-0.002012841479827405,0.0037783505062393545,0.003770760562967715,0.9982344909735881,1.005791191986067,0.996000600863559
2119.30264363761,106161563366079.98,126005563023683.0,0.0,-19054957.90719102,-19054957.90719102,35508707.87929747,2.0969468383515633e-05,2185.687743225994,2182.2275325635546,-0.0018334012510505288,0.0034165233933433916,0.0034102709982288173,0.9984168778577072,1.005249924644394,0.9963548445391349
2173.73633021805,106161563366079.98,112697113507710.22,0.0,-17227088.477076568,-17227088.477076568,31970574.038811866,1.9272434560188474e-05,2241.8265122378903,2238.6463322573263,-0.0016575300622370306,0.0030760965584416726,0.003071006273222488,0.9985814335037954,1.0047336266206788,0.9967025638964304
2229.5681305806975,106161563366079.98,100078937076146.69,0.0,-15476918.228418127,-15476918.228418127,28683261.608296677,1.7706506375944353e-05,2299.407189590051,2296.485406307994,-0.0014891348162821253,0.002759802880331472,0.0027556992726014374,0.9987293319359507,1.0042489376966137,0.9970359411205002
2286.8339548810236,106161563366079.98,88191394413838.16,0.0,-13811893.502293512,-13811893.502293512,25641546.831167065,1.6268076150161264e-05,2358.4668102887354,2355.7823850318505,-0.0013289319740205367,0.00246713974746652,0.0024638654379064017,0.998861792226554,1.003796071721487,0.9973534794270493
2345.5706356166456,106161563366079.98,77072390494203.6,0.0,-12230885.287200663,-12230885.287200663,22832183.42514278,1.495330223196207e-05,2419.043360573821,2416.5758885866726,-0.0011768129059233827,0.002196832649001783,0.0021942504267807197,0.9989799802569216,1.0033736455549251,0.9976553257905073
2405.8159513174205,106161563366079.98,66757814443575.336,0.0,-10736344.862852506,-10736344.862852506,20246092.48427619,1.3758178458077068e-05,2481.175802350966,2478.905539942511,-0.0010330134655314712,0.001948008044433859,0.001945997802499982,0.9990850054210976,1.0029810215099653,0.9979409491257119
2467.6086508440244,106161563366079.98,57276658162847.16,0.0,-9335047.562295943,-9335047.562295943,17878849.793639753,1.2678183052372649e-05,2544.9040982513225,2542.8120478771384,-0.0008981855516390672,0.001720240251311882,0.001718696542909389,0.9991779453003272,1.002618425802951,0.9982089948407534
2530.988478310608,106161563366079.98,48646790977042.66,0.0,-8034822.159204569,-8034822.159204569,15727263.354972648,1.1708031982479979e-05,2610.269237334864,2608.3372733784577,-0.0007730824214046108,0.001513222146753018,0.0015120532050000041,0.9992598602746516,1.0022863045681576,0.9984579090593199
2595.9961986476114,106161563366079.98,40873077789692.97,0.0,-6842050.244246135,-6842050.244246135,13786881.357950162,1.0841647632852047e-05,2677.313261453935,2675.5242611773665,-0.0006583180891109427,0.0013265253931740238,0.001325652692026984,0.999331792695937,1.001984843482285,0.9986864178762508
2662.673623821135,106161563366079.98,33947134942448.043,0.0,-5760771.240868709,-5760771.240868709,12051187.035015848,1.0072257875416146e-05,2746.079292293917,2744.4172504405938,-0.0005542812139216929,0.0011595229700457023,0.0011588806242864825,0.999394758243876,1.0017138041839673,0.9988937000929943
2731.0636397257576,106161563366079.98,27847855692994.844,0.0,-4792573.469055334,-4792573.469055334,10511596.0494584,9.392542708403183e-06,2816.6115591084367,2815.0616783087603,-0.00046112461841763853,0.0010113889225828155,0.0010109227612103027,0.9994497356958348,1.0014725135410005,0.9990794093029429
2801.21023376808,106161563366079.98,22542404296386.02,0.0,-3936646.981533051,-3936646.981533051,9157610.446821922,8.794798738096665e-06,2888.9554271669385,2887.5041812025206,-0.00037877037231151474,0.0008811131744090919,0.0008807795612067693,0.9994976571979024,1.0012598835467206,0.9992436646249917
2873.1585231587514,106161563366079.98,17987662831168.5,0.0,-3189903.3524128236,-3189903.3524128236,7977030.555090865,8.27111583264853e-06,2963.157426932932,2961.792594850832,-0.0003069213180910187,0.0007675219158501851,0.000767286419291023,0.9995393994022408,1.0010744432339413,0.9993870282178753
2946.9547839311604,106161563366079.98,14132050399897.787,0.0,-2547247.6863305066,-2547247.6863305066,6956305.102186969,7.813556802383657e-06,3039.2652839916636,3037.975954569253,-0.0002450872427848024,0.0006693112910118649,0.0006691472915471626,0.9995757759517729,1.0009143985337967,0.9995104531977301
3022.646480705483,106161563366079.98,10917511264890.754,0.0,-2002004.132510529,-2002004.132510529,6081013.434099913,7.4143246593194145e-06,3117.3279497464964,3116.104498356516,-0.00019262581943400444,0.00058509379511809,0.000584981112651912,0.999607532024316,1.0007777196145522,0.9996152017178913
3100.282297217175,106161563366079.98,8281466818513.276,0.0,-1546393.6331941627,-1546393.6331941627,5336374.30170421,7.065904806104241e-06,3197.3956329036746,3196.2296749164384,-0.00014878857437123012,0.0005134472281949352,0.0005133708444788614,0.9996353413461763,1.000662235802566,0.9997027527234886
3179.912167629616,106161563366079.98,6158633508716.644,0.0,-1171952.0006221344,-1171952.0006221344,4707670.935567203,6.761178562432834e-06,3279.519831765811,3278.404157218202,-0.00011276111312221393,0.0004529555942784797,0.000452904524260186,0.9996598055188437,1.0005657167074007,0.9997747209895257
3261.587308650993,106161563366079.98,4482726595705.302,0.0,-869837.2104233524,-869837.2104233524,4180547.0255850395,6.493512365098832e-06,3363.753367354796,3362.681860900199,-8.369268709843965e-05,0.00040223757953779997,0.0004022039180111401,0.9996814551075607,1.0004859302666362,0.9998327973777996
3345.3602524760977,106161563366079.98,3188120275494.472,0.0,-631044.4286608808,-631044.4286608808,3741198.2805606085,6.256829386117043e-06,3450.150417385467,3449.117966425865,-6.071688274570834e-05,0.0003599649834660297,0.0003599431288412807,0.9997007518992796,1.0004206818662118,0.9998787068365742
3431.284880574228,106161563366079.98,2211503071682.913,0.0,-446582.8901882307,-446582.8901882307,3376517.555117498,6.045667520860963e-06,3538.7665511118817,3537.7689443612167,-4.296864015951853e-05,0.0003248766824832659,0.0003248627235737954,0.9997180919576762,1.0003678453226428,0.9999141737850072
3519.416458344916,106161563366079.98,1493488189654.2476,0.0,-307663.0719559884,-307663.0719559884,3074242.9842000585,5.8552228216155905e-06,3629.6587650686056,3628.692583949096,-2.960226224447799e-05,0.0002957928829188673,0.0002957841270395709,0.9997338093793257,1.0003253951451634,0.9999408855873669
3609.8116706637984,106161563366079.98,980062719608.9587,0.0,-205912.15892823852,-205912.15892823852,2823126.378983312,5.6813737839088424e-06,3722.8855197300213,3721.9480257609403,-1.9812146089447843e-05,0.0002716313234755794,0.0002716259419827352,0.9997481808226139,1.0002914434695651,0.9999604506630877
3702.5286583414336,106161563366079.98,623725602019.023,0.0,-133602.80987930205,-133602.80987930205,2613106.1465507476,5.520681249288554e-06,3818.5067771111803,3817.5957993136826,-1.2854794010546686e-05,0.0002514239129547472,0.000251420680993683,0.9997614308810558,1.0002642787069653,0.9999743541184452
3797.627055518594,106161563366079.98,384184845828.60016,0.0,-83860.36477368842,-83860.36477368842,2435450.47629183,5.370361058558143e-06,3916.58403933447,3915.697866148955,-8.068750318866435e-06,0.00023433050714953153,0.00023432861641043318,0.9997737382431693,1.0002423992574683,0.9999839176036919
3895.1680280220226,106161563366079.98,228548249034.86575,0.0,-50811.91118268066,-50811.91118268066,2282836.621026603,5.2282306883670165e-06,4017.1803881868254,4016.3176681958976,-4.8889439685111346e-06,0.00021964653699679145,0.0002196454631624291,0.9997852424069718,1.0002245354809653,0.9999902704274278
3995.2143127053523,106161563366079.98,131023789938.65901,0.0,-29653.29491539842,-29653.29491539842,2149346.1868927735,5.092635244143726e-06,4120.360525692964,4119.520180556435,-2.8531360846063476e-06,0.00020680255538653138,0.0002068019653523817,0.9997960505806981,1.000209655691471,0.9999943365190627
4097.830257800488,106161563366079.98,72219590351.69366,0.0,-16629.246251112174,-16629.246251112174,2030375.9585334824,4.962361014381129e-06,4226.190815730738,4225.371967385191,-1.6000077790416263e-06,0.00019535565707407817,0.0001953553445040073,0.999806244350705,1.0001969556648531,0.999996838155712
4203.081864305395,106161563366079.98,38180372795.25847,0.0,-8939.492125729574,-8939.492125729574,1922481.04848306,4.836545682124801e-06,4334.739326715354,4333.941239389887,-8.601265941859554e-07,0.00018497438706383183,0.00018497422796257912,0.9998158857395304,1.000185834513658,0.9999983139644383
4311.036828434928,106161563366079.98,19310723905.850872,0.0,-4595.055644961476,-4595.055644961476,1823177.3459526978,4.714593330239114e-06,4446.075875379928,4445.297911637023,-4.421201457988984e-07,0.00017541973292395531,0.0001754196553673917,0.9998250223872218,1.0001758618530698,0.999999146532324
4421.764585162008,106161563366079.98,9318894711.024921,0.0,-2252.4042350256072,-2252.4042350256072,1730732.2482903842,4.5961001505242455e-06,4560.272071680561,4559.513660715837,-2.1671843949909913e-07,0.00016652498970105834,0.00016652495361203028,0.9998336917287385,1.0001667417081406,0.9999995942938108
4535.336352877103,106161563366079.98,4278675545.269069,0.0,-1049.9238680507985,-1049.9238680507985,1643968.0980442523,4.4807940387416994e-06,4677.401364854717,4676.661980764215,-1.010199939862217e-07,0.0001581768473235009,0.00015817683134447836,0.9998419241726705,1.0001582778673175,0.9999998229799483
4651.825179194825,106161563366079.98,1863540065.9359436,0.0,-464.0208843794583,-464.0208843794583,1562094.533396809,4.368488714374762e-06,4797.53909066268,4796.818238280933,-4.464646283022321e-08,0.00015029925994788457,0.00015029925323755455,0.9998497453865149,1.0001503439064106,0.9999999332969445
4771.3059879370185,106161563366079.98,767516655.9011136,0.0,-193.83305671527611,-193.83305671527611,1484577.0463014971,4.259051096454984e-06,4920.7625198423375,4920.059725963814,-1.864993721883916e-08,0.0001428407990837331,0.00014284079641976123,0.9998571778508535,1.000142859449021,0.9999999831036194
4893.85562732262,106161563366079.98,297932528.3869874,0.0,-76.2776208290326,-76.2776208290326,1411041.6165544793,4.152379567508814e-06,5047.150907808544,5046.4657159958,-7.339165278466984e-09,0.00013576547781819296,0.0001357654768217877,0.999864241861347,1.0001357728169835,1.0000000037539345
5019.552919395245,106161563366079.98,108620672.12326892,0.0,-28.179658983381234,-28.179658983381234,1341210.4469865593,4.048390404905328e-06,5176.78554562897,5176.1175132597855,-2.711348001184042e-09,0.00012904656748148578,0.00012904656713159563,0.9998709561438666,1.0001290492788295,1.0000000112303207
5148.4787107203165,106161563366079.98,37057214.92313737,0.0,-9.737593971466469,-9.737593971466469,1274861.6560988824,3.947009848762698e-06,5309.749812309282,5309.098508932693,-9.369171559687004e-10,0.00012266271941361624,0.00012266271929869144,0.9998773382175036,1.0001226636563307,1.0000000131723086
5280.715924384326,106161563366079.98,11784564.069551038,0.0,-3.1352071055592505,-3.1352071055592505,1211805.708490669,3.848169761588081e-06,5446.1292284212195,5445.494234829755,-3.0165863696112414e-10,0.00011659569718275385,0.00011659569714758175,0.9998834046044759,1.0001165959988414,1.0000000129912394
5416.349613329711,106161563366079.98,3479030.679653743,0.0,-0.9367191213098303,-0.9367191213098303,1151872.5305855835,3.75180540412766e-06,5586.01151110814,5585.392418777074,-9.01278301036962e-11,0.00011082913690559101,0.00011082913689560221,0.9998891709532223,1.0001108292270335,1.0000000121028418
5555.467015059567,106161563366079.98,949367.6829342148,0.0,-0.25859181747106996,-0.25859181747106996,1094904.8826578895,3.6578543641119458e-06,5729.486630503304,5728.883041206672,-2.4880798161405088e-11,0.00010534790952693462,0.00010534790952431348,0.9998946521153539,1.0001053479344078,1.0000000110484206
5698.1576077474865,106161563366079.98,238379.17616172784,0.0,-0.06566208392706377,-0.06566208392706377,1040755.0966238076,3.566256065292236e-06,5876.646867597297,5876.058393104934,-6.3177755314291345e-12,0.00010013780694142651,0.00010013780694079386,0.9998998621993763,1.0001001378132592,1.0000000100149449
5844.513167788545,106161563366079.98,54812.482579972995,0.0,-0.01526280845289872,-0.01526280845289872,989283.4798178744,3.4769515460210654e-06,6027.586873591748,6027.013135402859,-1.468533924261719e-12,9.518538841050031e-05,9.518538841036052e-05,0.999904814613058,1.0000951853898792,1.0000000090573211
5994.62782882846,106161563366079.98,11483.52421379392,0.0,-0.0032313726600222948,-0.0032313726600222948,940357.4796977931,3.389883353302411e-06,6182.403730777518,6181.844359871733,-3.109113494950089e-13,9.04779001932105e-05,9.047790019318237e-05,0.9999095221001177,1.000090477900504,1.0000000081856288
6148.598142308912,106161563366079.98,2180.4413734304594,0.0,-0.000619821746897376,-0.000619821746897376,893851.172212402,3.3049954825600714e-06,6341.197014976541,6340.651651574908,-5.963707564849157e-14,8.600322631879175e-05,8.600322631878661e-05,0.9999139967737408,1.0000860032263785,1.0000000073964357
6306.52313956794,106161563366079.98,373.1225134954216,0.0,-0.000107113272406172,-0.000107113272406172,849644.8819834497,3.222233334333639e-06,6504.068859587461,6503.537152920588,-1.0306063576213975e-14,8.174985204188096e-05,8.174985204188012e-05,0.9999182501479684,1.000081749852052,1.000000006683018
6468.504395535373,106161563366079.98,57.20438836618403,0.0,-1.657885595299747e-05,-1.657885595299747e-05,807624.8577684449,3.141543677086716e-06,6671.124021276255,6670.60562935858,-1.595159401204515e-15,7.770683261669032e-05,7.77068326166902e-05,0.9999222931673849,1.0000777068326183,1.0000000060383487
6634.646094064288,106161563366079.98,7.80859434773143,0.0,-2.2840218311290617e-06,-2.2840218311290617e-06,767682.9752941809,3.0628746124337615e-06,6842.4699473541405,6841.964536763952,-2.1976057375799497e-16,7.386376470469073e-05,7.386376470469072e-05,0.9999261362352956,1.0000738637647049,1.0000000054558553
6805.055094940423,106161563366079.98,0.9428251414240173,0.0,-2.782493738411185e-07,-2.782493738411185e-07,729716.457952991,2.986175541635188e-06,7018.216844885991,7017.724090550969,-2.677217932409148e-17,7.021075950098464e-05,7.021075950098464e-05,0.999929789240499,1.000070210759501,1.0000000049295508
6979.841002612775,106161563366079.98,0.10000000502640398,0.0,-2.976848210937456e-08,-2.976848210937456e-08,693627.6121072484,2.9113971330269596e-06,7198.477751573848,7197.997336561981,-2.8642189926122033e-18,6.6738417266233e-05,6.6738417266233e-05,0.9999332615827338,1.0000667384172663,1.0000000044540163
7159.116236689489,106161563366079.98,0.009249404186166658,0.0,-2.776555507620711e-09,-2.776555507620711e-09,659323.5756630629,2.8384912902863683e-06,7383.368608461038,7382.900223776779,-2.6715043749122974e-19,6.343780313529767e-05,6.343780313529767e-05,0.9999365621968647,1.0000634378031352,1.000000004024355
7342.996104244418,106161563366079.98,0.0007403491563900816,0.0,-2.2405342680940493e-10,-2.2405342680940493e-10,626716.0791141166,2.7674111214964125e-06,7573.008334503655,7572.551678889176,-2.1557635289212564e-20,6.030042412571702e-05,6.030042412571702e-05,0.9999396995758743,1.0000603004241257,1.0000000036361412
7531.598873980868,106161563366079.98,5.086905104994823e-05,0.0,-1.5516062351837063e-11,-1.5516062351837063e-11,595721.2184095987,2.6981109089855193e-06,7767.518903057412,7767.073682798846,-1.4929011266144336e-21,5.731820728385484e-05,5.731820728385484e-05,0.9999426817927162,1.0000573182072838,1.0000000032853769
7725.0458523001935,106161563366079.98,2.9748252218843424e-06,0.0,-9.14316446168233e-13,-9.14316446168233e-13,566259.2390561566,2.630546079922628e-06,7967.0254203290215,7966.591349067542,-8.797232323605928e-23,5.448347891194691e-05,5.448347891194691e-05,0.9999455165210881,1.000054483478912,1.0000000029684495
7923.461461324245,106161563366079.98,1.467432105139076e-07,0.0,-4.54358137182547e-14,-4.54358137182547e-14,538254.3308974241,2.5646731776486208e-06,8171.65620584261,8171.2330043902575,-4.3716747168520455e-24,5.178894482250666e-05,5.178894482250666e-05,0.9999482110551775,1.0000517889448226,1.0000000026820948
8126.973318921716,106161563366079.98,6.048284490989432e-09,0.0,-1.8861633310298308e-15,-1.8861633310298308e-15,511634.4330429584,2.500449833725679e-06,8381.54287497282,8381.130271132926,-1.8148002360533675e-25,4.922767156927126e-05,4.922767156927126e-05,0.9999507723284308,1.0000492276715693,1.0000000024233635
8335.712320790026,106161563366079.98,2.062304465931225e-10,0.0,-6.4760717931554e-17,-6.4760717931554e-17,486331.0484445972,2.4378347406865503e-06,8596.820423597823,8596.418151989943,-6.231049255156524e-27,4.679306860638879e-05,4.679306860638879e-05,0.9999532069313936,1.0000467930686063,1.0000000021895914
8549.812724645411,106161563366079.98,5.75647589279683e-12,0.0,-1.8198501330956817e-18,-1.8198501330956817e-18,462279.067643132,2.376787625466219e-06,8817.627314926587,8817.235116815811,-1.7509960016668153e-28,4.447887132994095e-05,4.447887132994095e-05,0.99995552112867,1.0000444788713299,1.0000000019783701
8769.412236575425,106161563366079.98,1.3008788686852893e-13,0.0,-4.1394942909447636e-20,-4.1394942909447636e-20,439416.60123176017,2.317269223498894e-06,9044.10556855628,9043.723191686813,-3.982876293245737e-30,4.22791249581638e-05,4.22791249581638e-05,0.9999577208750419,1.0000422791249581,1.0000000017875246
8994.652099609375,106161563366079.98,2.3524981380033073e-15,0.0,-7.533307179445204e-22,-7.533307179445204e-22,417684.82060522377,2.2592412534636387e-06,9276.400851817103,9276.02805025002,-7.248284081556807e-32,4.01881692088881e-05,4.01881692088881e-05,0.9999598118307911,1.000040188169209,1.000000001615089
