radius_kpc,baryon_projected_mass_Msun,field_equivalent_projected_mass_Msun,baryon_surface_density_Msun_kpc2,field_equivalent_surface_density_Msun_kpc2,sigma_Msun_kpc2,delta_sigma_Msun_kpc2,alpha_rad,theta_arcsec,beta_arcsec,kappa,gamma_t,reduced_shear_t,lambda_t,lambda_r,signed_magnification
1.0,2936142079.970619,3064221840.0271387,931153886.2437665,975331594.75756,1906485481.0013266,3489675.4344837666,1.1485694623219762e-06,1.0313240300000002,0.8417964641413067,0.18343534963456487,0.0003357643369512954,0.00041119136960071883,0.8162288860284839,0.8169004147023864,1.499750181763377
1.0260642210182271,3090590698.346148,3226029534.569624,930788274.9111912,975327316.4623234,1906115591.3735147,3675250.605431795,1.1783923036666322e-06,1.0582046874593287,0.8637559995331758,0.18339976015125645,0.0003536197293503325,0.0004330389731649264,0.8162466201193932,0.8169538595780939,1.4996194865347379
1.0528077856537414,3253129843.750169,3396381168.182412,930403144.2575996,975322812.2765971,1905725956.5341969,3870767.613329172,1.208983283327675e-06,1.0857859683157929,0.8862894064015321,0.18336227085291543,0.00037243169044867897,0.0004560549643446615,0.8162652974566359,0.8170101608375332,1.4994818346461722
1.080248400468731,3424179610.592995,3575727844.231757,929997440.0888056,975318070.2755892,1905315510.3643947,4076767.1768915653,1.240361680125879e-06,1.1140861337724655,0.9094117647156668,0.1833227791613111,0.0003922522463056208,0.0004803026658473421,0.8162849685923833,0.8170694730849944,1.4993368526622264
1.1084042335331343,3604181495.6649456,3764544478.842695,929570049.9304305,975313077.9052329,1904883127.8356633,4293820.326133013,1.2725472149570082e-06,1.1431239209964534,0.9331385574612953,0.18328117683015038,0.0004131363394273143,0.0005058489258565748,0.8163056868304223,0.817131959509277,1.49918414674964
1.1372939264534807,3793599442.4080496,3963331057.421279,929119799.6549711,975307821.9489751,1904427621.6039462,4522530.2027897835,1.3055600573453875e-06,1.1729185555245274,0.9574856819647712,0.1832373496173505,0.0004351420019972585,0.0005327643248542235,0.8163275083806523,0.8171977923846467,1.499023301523368
1.1669366067152516,3992920930.8149776,4172613957.425334,928645449.8966057,975302288.4928524,1903947738.3894582,4763533.979110241,1.3394208317524608e-06,1.2034897639920983,0.9824694615810743,0.183191176936724,0.00045833054049552926,0.0005611233957741219,0.8163504925227805,0.8172671536037714,1.4988538788227663
1.197351900346938,4202658114.298043,4392947340.87072,928145692.238455,975296462.888749,1903442155.127204,5017504.904080868,1.3741506235981203e-06,1.2348577871939626,1.0081066577609663,0.1831425314875951,0.00048276673257947433,0.0005910048584836351,0.8163747017798254,0.8173402352449844,1.4986754164131784
1.2285599449141749,4423349004.82017,4624914620.242099,927619145.155691,975290329.7156438,1902909474.8713348,5285154.486873627,1.4097709849481012e-06,1.2670433934854648,1.0344144825136656,0.18309127886073143,0.0005085190371673638,0.0006224918696646774,0.8164002021021012,0.8174172401764359,1.4984874266077535
1.260581402852559,4655558707.51209,4869130001.671655,927064349.6964283,975283872.7388852,1902348222.4353135,5567234.828486443,1.4463039398163126e-06,1.3000678925329547,1.061410611282357,0.1830372771188557,0.0005356598187806639,0.000655672289295621,0.8164270630623636,0.8174983826999249,1.4982893948039608
1.293437475147975,4899880705.912571,5126240109.450016,926479764.8807418,975277074.8673284,1901756839.7480702,5864541.113359213,1.483771989025468e-06,1.3339531494226344,1.0891131962509768,0.18298037634983158,0.0005642655872785947,0.0006906389650197704,0.8164553580628898,0.8175838892374471,1.4980807779287646
1.3271499153734896,5156938198.858527,5396925696.146609,925863762.7963612,975269918.1081719,1901133680.9045331,6177914.2739079,1.5221981145636116e-06,1.3687215991371464,1.117540880101923,0.1829204181904429,0.0005944172542302598,0.0007274900358100065,0.8164851645553268,0.8176739990637873,1.497861002785885
1.3617410440921058,5427385489.915998,5681903442.8412895,925214623.3676088,975262383.5194142,1900477006.887023,6508243.842321157,1.5616057833679398e-06,1.4043962614094783,1.1467128102455855,0.1828572353185048,0.0006262004073045206,0.0007663292564899601,0.8165165642741907,0.8177689650887997,1.497629464298035
1.397233763634914,5711909430.07686,5981927854.205624,924530528.7719629,975254451.1598797,1899784979.9318426,6856471.005383968,1.6020189504603995e-06,1.441000755964027,1.1766486535439966,0.18279065091083685,0.0006597056041944175,0.0008072663448230314,0.8165496434849687,0.8178690546933576,1.4973855236364244
1.4336515732644237,6011230914.246101,6297793253.417507,923809557.4761629,975246100.0365568,1899055657.5127196,7223591.879536867,1.6434620613515218e-06,1.478559318154906,1.2073686115524804,0.18272047806437075,0.0006950286877318878,0.000850417353032161,0.8165844932478974,0.8179745506233611,1.4971285062290172
1.4710185847331168,6326106431.804823,6630335882.155643,923049677.8610675,975237308.0491679,1898286985.9102354,7610661.025340557,1.6859600536207865e-06,1.5170968150118547,1.2388934363047817,0.18264651917742356,0.0007322711240372303,0.0008959050658232713,0.8166212096985392,0.8180857519466136,1.496857699638362
1.5093595382475204,6657329671.249214,6980436111.194365,922248741.4013717,975228051.9318525,1897476793.3332243,8018795.2225522995,1.7295383575723686e-06,1.556638761704372,1.2712444466689934,0.1825685652878627,0.0007715403657437221,0.0009438594272012846,0.8166598943463936,0.818202975077881,1.496572351298883
1.5486998188483732,7005733178.569446,7349020767.407291,921404475.3629193,975218307.1918064,1896622782.5547256,8449177.529230118,1.7742228958547632e-06,1.5972113384349742,1.3044435453035814,0.18248639536456315,0.0008129502425503955,0.000994417998600676,0.8167006543928864,0.8183265548779872,1.4962716661025919
1.5890654732177256,7372190068.636461,7737065583.289747,920514474.976463,975208048.0445993,1895722523.0210624,8903061.650751352,1.8200400819210702e-06,1.638841407772762,1.338513236245023,0.1823997755481706,0.0008566213815936867,0.0010477264511124852,0.8167436030702357,0.8184568458334232,1.4959548038210155
1.6304832269241063,7757615788.401417,8145597775.434327,919576195.0424113,975197247.346251,1894773442.3886623,9381776.64798832,1.8670168171948106e-06,1.6815565324387738,1.3734766431608336,0.18230845833680415,0.000902681660451594,0.0011039390949495785,0.8167888600027442,0.8185942233236474,1.4956208763500827
1.6729805021171684,8162969930.171169,8575698758.720714,918586940.9162216,975185876.5215712,1893772817.4377928,9886732.016537666,1.9151804867909615e-06,1.7253849935549017,1.409357528304563,0.18221218171180753,0.00095126669584932,0.0011632194495639807,0.8168365515923431,0.8187390849840418,1.4952689447631125
1.716585435683535,8589258092.593478,9028507003.343222,917543858.8185884,975173905.4888924,1892717764.3074808,10419423.17336154,1.9645589536275594e-06,1.7703558093684495,1.446180312212008,0.1821106681981876,0.0010025203715646506,0.00122574085830915,0.8168868114302478,0.818891852173377,1.4948980161557692
1.7613268978758605,9037533786.254078,9505221042.160831,916443925.4083148,975161302.5807287,1891605227.9890435,10981437.390908241,2.0151805507447666e-06,1.8164987544647309,1.4839700941812568,0.1820036238537185,0.0010565954093882425,0.0012916871519236322,0.8169397807368932,0.8190529715556698,1.4945070402648604
1.8072345114274455,9508900379.939695,10007102636.252876,915283936.5486712,975148034.4603987,1890431971.00907,11574460.224152565,2.0670740716299885e-06,1.8638443794804342,1.5227526735825225,0.1818907371800578,0.0011136539875109138,0.0013612533656840139,0.8169956088324313,0.8192229168074532,1.4940949058410948
1.8543386711650582,10004513082.640152,10535480106.964062,914060495.189979,975134066.0341334,1889194561.2241125,12200282.481174946,2.1202687583251986e-06,1.9124240313307928,1.5625545720477463,0.1817716779483947,0.0011738684112083337,0.0014346465156143766,0.817054453640397,0.8194021904628137,1.4936604367534925
1.9026705641329502,10525580955.228298,11091751843.162947,912769998.2818937,975119360.3587074,1887889358.6406012,12860807.794837236,2.174794287069644e-06,1.9622698739639677,1.6034030565941049,0.18164609593130815,0.0012374218413611219,0.0015120864398751057,0.8171164822273307,0.8195913259100529,1.4932023878007523
1.9522621902413864,11073368944.447144,11677389992.881886,911408622.6183653,975103878.5441649,1886512501.1625302,13558060.860080004,2.230680751203385e-06,2.0134149096563734,1.645326163740453,0.18151361953145942,0.0013045090870187196,0.0015938067121800566,0.8171818713815219,0.8197908895555593,1.492719440201838
2.003146383453366,11649199930.323128,12293944348.986916,909972309.5060863,975087579.6514541,1885059889.1575403,14294196.410258055,2.287958641027615e-06,2.065893000863051,1.688352724680983,0.18137385429659453,0.0013753374690709244,0.001680055635028813,0.8172508082343346,0.8200014831724763,1.492210196734776
2.055356833523557,12254456776.381805,12943046439.025513,908456748.1333387,975070420.584748,1883527168.7180867,15071509.015759945,2.3466588202838946e-06,2.119738892637554,1.7325123915863168,0.18122638130899246,0.0014501277630367113,0.0017710973215710887,0.8173234909279709,0.8202237464540442,1.4916731764888005
2.108928108303839,12890584370.034105,13626413829.92241,906857357.50001,975052355.9780852,1881909713.478095,15892443.799644709,2.4068124988762516e-06,2.174988235636192,1.7778356651089235,0.1810707554359277,0.0015291152300852331,0.001867212876124851,0.8174001293339871,0.8204583597941576,1.4911068091905326
2.1638956766302218,13559091638.186129,14345854658.747923,905169266.7509376,975033338.0760858,1880202604.8270235,16759608.178560972,2.468451201417613e-06,2.2316776097218574,1.8243539231771606,0.1809065034259365,0.0016125507467058995,0.0019687016847900105,0.8174809458273575,0.8207060473207693,1.4905094290597896
2.2202959318062985,14261553520.455452,15103272401.363987,903387293.733038,975013316.6084883,1878400610.3415263,17675784.752960205,2.5316067311337757e-06,2.289844548183077,1.872099451170595,0.18073312183358725,0.0017007020449595074,0.0020758828292507317,0.8175661761214532,0.8209675802113723,1.4898792681446682
2.2781662156987683,14999612879.298481,15900670891.356287,901505921.5714408,974992238.6580716,1876498160.2295125,18643945.48888278,2.5963111286029775e-06,2.349527562584303,1.9211054735787558,0.18055007475301033,0.0017938550769999815,0.002189096638771792,0.8176560701699898,0.8212437803239897,1.4892144490785901
2.337544843460999,15774982322.799984,16740159602.306206,899519273.0302628,974970048.5217056,1874489321.5519686,19667267.355515957,2.6625966247475123e-06,2.4107661682639168,1.9714061872560764,0.1803567913376123,0.0018923155196653835,0.002308706397694111,0.8177508931427223,0.8215355241820531,1.4885129771939285
2.398471128900984,16589445911.771519,17623959207.125595,897421082.3889514,974946687.5641887,1872367769.9531403,20749149.608267784,2.730495587422882e-06,2.4736009104968124,2.023036796397903,0.18015266308005304,0.001996410437394696,0.002435100228409516,0.8178509264825522,0.8218437473573417,1.4877727319173313
2.4609854105104962,17444860718.061928,18554407428.87857,895204664.5241735,974922094.0644082,1870126758.5885816,21893232.93748617,2.8000404608689238e-06,2.5380733913388895,2.076033549376266,0.17993704082261158,0.002106490124650445,0.0025686931729772084,0.817956469052738,0.822169449302039,1.486991457360604
2.5251290781726743,18343158195.490192,19533965198.26049,892862880.8387995,974896203.0535246,1867759083.892324,23103420.73929429,2.87126369719524e-06,2.6042262971712278,2.1304337775897726,0.17970923146342316,0.0022229301525239138,0.0027099295003522807,0.818067838384053,0.8225136986891007,1.486166752007818
2.5909446005657193,19286345318.44585,20565223133.6769,890388101.6218768,974868946.1447374,1865257047.7666142,24383902.808334112,2.944197678966517e-06,2.672103426962178,2.1862759365000346,0.1794684943185083,0.0023461336483678705,0.0028592852707335003,0.8181853720331238,0.8228776393298596,1.4852960573834937
2.6584755532808466,20276505435.809452,21650908360.679394,887772164.3547585,974840251.3541635,1862612415.708922,25739181.80418873,3.0188746318304836e-06,2.741749721266083,2.243599649047814,0.1792140370929003,0.002476533842302943,0.0030172711939802613,0.8183094290647968,0.8232624967494027,1.4843766455679126
2.7277666476731124,21315798779.24733,22793891688.37524,885006327.3959653,974810042.9124516,1859816370.3084168,27174102.906345606,3.0953265259894465e-06,2.8132112919778245,2.302445751665931,0.17894501140623922,0.0026145969205142263,0.003184435825659259,0.8184403916732466,0.823669585514275,1.4834056054030338
2.7988637604642133,22406462554.907227,23997195161.318146,882081218.3779528,974778241.0665841,1856859459.444537,28693887.14853239,3.173584965150492e-06,2.8865354528629075,2.362856343133881,0.1786605078086198,0.002760825232564215,0.0033613691522346957,0.818578666958816,0.8241003174239444,1.4823798272052398
2.871813964116859,23550810535.823822,25264000006.333572,878986776.5282989,974744761.8714106,1853731538.3997095,30304169.01658058,3.2536810613968266e-06,2.9617707508832747,2.424874836551362,0.17835955021088037,0.002915760908927446,0.0035487066266951667,0.8187246888801922,0.8245562106980471,1.4812959857681474
2.946665558000832,24751232058.60582,26597654994.715054,875712187.9810606,974709516.9703686,1850421704.9514294,32011039.00767827,3.3356452941959184e-06,3.038966998339617,2.4885460147459098,0.1780410896393902,0.0030799899558926003,0.00374713372781779,0.8188789204047172,0.8250389003165024,1.4801505213984962
3.0234681003713635,26010190311.82744,28001685241.26545,872245812.9639341,974672413.3648658,1846918226.3287997,33821091.98979139,3.419507351493404e-06,3.118175305851439,2.5539160894743507,0.17770399720806374,0.0032541469085364877,0.0039573911310376115,0.8190418558833998,0.8255501497004728,1.4789396186787995
3.102272441181002,27330219784.491333,29479801462.73813,868575103.5250285,974633353.1717471,1843208456.6967754,35741482.374237776,3.5052959505250906e-06,3.199448116196729,2.6210327648306144,0.17734705617898408,0.0034389201392357118,0.004180280597140749,0.8192140236817802,0.8260918639602517,1.4776591825896297
3.1831307557466997,28713922720.361908,31035909719.367275,864686510.1876291,974592233.368178,1839278743.555807,37779987.33239579,3.593038635602341e-06,3.282839239033632,2.6899453053352147,0.17696895295650453,0.003635057940156761,0.004416671707847075,0.8193959891033387,0.8266661049836522,1.4763048115488426
3.266096579294398,30163964397.120224,32674121664.37524,860565375.5773579,974548945.5234399,1835114321.1007977,39945079.56147814,3.6827615496747467e-06,3.3684038865271133,2.760704609256776,0.17656826682662147,0.00384337552452368,0.004667509606062795,0.8195883576488548,0.8272751086979021,1.4748717668307392
3.3512248424040023,31683067017.206886,34398765327.57824,856195812.6331201,974503375.5168498,1830699188.1499698,42246011.451185465,3.774489175928162e-06,3.4561987099042106,2.8333632878066726,0.17614345821171776,0.004064763124838423,0.0049338239349478894,0.8197917786634439,0.8279213049131207,1.4733549377091624
3.4385719073781944,33274001958.665493,36214396460.526794,851560564.4642086,974455403.2411879,1826015967.7053967,44692912.94601488,3.868244045014781e-06,3.546281836962067,2.907975750957563,0.17569285515796945,0.00430019540884912,0.0052167392163914895,0.8200069494331814,0.8286073402508796,1.4717488015177718
3.528195605559167,34939580087.70868,38125810471.97814,846640842.2137603,974404902.2908913,1821045744.5046515,47296905.96801233,3.964046402701804e-06,3.6387129105535707,2.9845983007709425,0.1752146377051349,0.004550742488906185,0.005517486969269552,0.8202346198059589,0.8293361047837713,1.470047377627647
3.6201552756179987,36682639778.05998,40138054983.92517,841416136.3829069,974351739.6342248,1815767876.0171318,50070239.00501299,4.061913831726807e-06,3.7335531280761156,3.0632892332842383,0.17470681970128366,0.004817582871570998,0.005837419945512291,0.8204755974271454,0.8301107631702873,1.4682441740931824
3.714511802842007,38506032212.7005,42256443039.9056,835863995.8901947,974295775.268683,1810159771.1588776,53026446.43990326,4.161860820406779e-06,3.8308652819895843,3.14410895021342,0.17416722751151212,0.005102018787718958,0.006178028963836114,0.8207307537007689,0.8309347912762068,1.4663321253924613
3.811327659446095,40412603457.937996,44486566998.87105,829959767.5884811,974236861.8587464,1804196629.4472275,56180538.481868744,4.263898268990345e-06,3.9307138013904144,3.227120081984791,0.1735934749203188,0.005405494467058335,0.006540962955897695,0.8210010306126229,0.8318120195467396,1.4643035192606606
3.910666945934781,42405172692.954994,46834313149.53462,823676286.8963931,974174844.3551669,1797851131.25156,59549229.28203392,4.368032922770161e-06,4.033164794669251,3.3123876239358103,0.17298293332861653,0.0057296180866174455,0.006928053020330375,0.821287448584766,0.8327466847580008,1.4621499100457893
4.0125954335423,44486505843.74538,49305877081.81353,816983507.4211028,974109559.5948186,1791093067.0159214,63151213.14915228,4.474266718446747e-06,4.138286093280442,3.3999790879423015,0.1723326960788337,0.0060761883472500566,0.007341341525107293,0.8215911155739163,0.8337434922684164,1.45986201524913
4.1171806077788755,46659283699.7074,51907779853.77312,809848053.6573526,974040835.8802342,1783888889.5375867,67007501.98461509,4.582596026965009e-06,4.246147296652359,3.489964672269713,0.17163953537672663,0.006447226940449024,0.007783117635124138,0.8219132376828243,0.8348076915637224,1.4574295908662165
4.224491713111984,48926063371.69847,54646884994.325516,802232675.602756,973968492.53777,1776201168.140526,71141841.51748133,4.693010771756175e-06,4.356819818268256,3.5824174531544974,0.17089984977386422,0.006845018597021726,0.008255961110554325,0.822255131629114,0.8359451688231575,1.4548412796955632
4.334599798812205,51289231664.36604,57530416383.886734,794095576.7618797,973892339.4534125,1767987916.2152922,75581230.23042297,4.805493395619323e-06,4.470376932948192,3.6774136025628312,0.170109599465873,0.007272161016325378,0.008762796884558409,0.8226182395178017,0.8371625615504523,1.4520844247463849
4.447577765994009,53750948557.401535,60565977057.2065,785389576.4852525,973812176.5851344,1759201753.070387,80356573.94516873,4.920017641787098e-06,4.5868938253633385,3.7750326378435037,0.16926422564871416,0.007731627848183722,0.009306963882976246,0.8230041465031022,0.8384674021994696,1.449144836965807
4.563500415882628,56313078482.11502,63761568974.69139,776061052.2655435,973727793.4506421,1749788845.7161856,85503522.3434012,5.036547104175003e-06,4.706447639814749,3.8753577107327337,0.1683585487008421,0.008226849179995258,0.009892302947554615,0.8234146021191626,0.8398683004791532,1.4460065022663378
4.682444499338966,58977106384.09917,67125613810.743996,766048584.8360722,973638968.5894151,1739687553.4254873,91063553.61759186,5.155033487084903e-06,4.8291175313095955,3.9784759455999383,0.16738663776757237,0.008761815898034256,0.010523270818692861,0.8238515463343934,0.8413751781304619,1.4426512065291168
4.80448876767532,61744034591.0197,70666974809.902,755281194.2647821,973545468.997738,1728826663.26252,97085403.96379709,5.275414493637364e-06,4.954984717968645,4.084478840288885,0.16634164098986803,0.009341217228236368,0.011205090343396699,0.8243171417818956,0.8429995762383683,1.4390580476607193
4.929714024795598,64614255115.5016,74394979763.95186,743676001.1214919,973447049.5355177,1717123050.6570096,103626986.62766194,5.39761123159045e-06,5.084132534799717,4.193462747961775,0.16521556041297755,0.009970625380077742,0.01194395212374865,0.8248138142069448,0.8447550649671002,1.435202788785214
5.058203180694525,67587389984.87024,78319445165.63849,731135059.7396212,973343452.3035235,1704478512.0431447,110758022.98879147,5.521524979384632e-06,5.216646488872696,4.305529465915156,0.16399894723405953,0.010656748700289735,0.012747291005234368,0.8253443040656507,0.8466578014662303,1.4310569825167287
5.190041306351247,70662089108.08664,82450701597.15727,717540965.7058089,973234405.9897093,1690775371.695518,118563738.54979253,5.64703308464197e-06,5.352614315932633,4.420786968989227,0.16268047910733757,0.011407787287967916,0.01362417452755207,0.8259117336046945,0.8487273081806304,1.4265867560688414
5.325315690053715,73835770368.36346,86799620414.26102,702750588.913547,973119625.1831635,1675870214.0967107,127150204.04402137,5.77398365476486e-06,5.492126038488429,4.539350343770632,0.16124635709448099,0.012233946897235823,0.01458586439619662,0.8265196960082832,0.8509875898027548,1.421751077359606
5.4641158951911075,77104278775.24454,91377641789.56409,686585828.9530654,972998809.6542466,1659584638.607312,136652317.00762177,5.902188512520788e-06,5.635274025415551,4.661343010607128,0.15967941611136427,0.013148206896126398,0.015646655750454493,0.8271723769925093,0.8534687907847621,1.4164991960725744
5.606533819552577,80461428091.97781,96196804181.4613,668819419.395395,972871643.5993543,1641691062.9947493,147246219.88723516,6.031413564794551e-06,5.782153053112257,4.786898374033763,0.15795775899337824,0.014167515093373119,0.016825183349990284,0.8278747259132486,0.8562097560999948,1.4107667119394116
5.752663756171561,83898364082.97687,101269775298.02084,649152027.4500087,972737794.8487432,1621889822.2987518,159169601.25327015,6.1613651352422e-06,5.932860368249792,4.916162140797075,0.15605255302854668,0.01531474104998315,0.018146557709180645,0.8286327059214702,0.8592621880214364,1.4044692279071813
5.902602455755963,87402641420.28455,106609884628.23947,627172942.2371719,972596914.0357729,1599769856.272945,172757020.80480766,6.291669632697121e-06,6.087495752158136,5.049295739194646,0.1539242474409702,0.016622074927374515,0.019646083553511138,0.8294536776316552,0.8626978274864043,1.3974914469937778
6.056449190745516,90956806323.80331,112231157616.17337,602286891.4849015,972448633.7258801,1574735525.2107816,188506585.9521358,6.421841384843876e-06,6.2461615868899045,5.18648169296383,0.15151553186615055,0.018137442874407144,0.021376281541485968,0.8303470252594423,0.8666219110082566,1.3896668594659123
6.21430582103877,94536038315.39536,118148351556.67558,573561828.0643218,972292567.5035454,1545854395.5678673,207220613.69032836,6.5512272994773404e-06,6.408962923006164,5.327932820615285,0.14873669081717145,0.019938041019756412,0.023421708424031528,0.8313252681630722,0.8712013502025849,1.380735461733585
6.376276861433181,98103731841.84354,124376993294.77386,539356346.3688546,972128309.0154548,1511484655.3843093,230355051.44058156,6.67889936182864e-06,6.57600754912902,5.473910044200133,0.14542975490276375,0.022163955520342015,0.025935791291001615,0.8324062895768942,0.8767342006175782,1.3702401809780427
6.542469550822984,101601444688.87317,130933418814.11385,496123614.7990217,971955430.9680163,1468079045.7670379,261159000.45769358,6.803400525654313e-06,6.74740606330705,5.624764391655542,0.14125341930745478,0.025127803508899198,0.02926102306996625,0.8336187771836461,0.8838743842014444,1.3571941025142955
6.7129939232006555,104914623970.70082,137834814803.3657,431253314.75136554,971773484.0773463,1403026798.828712,311624661.63538,6.921841569563737e-06,6.923271946240811,5.781086099433772,0.13499432015324644,0.029983432515738703,0.03466270015828178,0.8350222473310148,0.8949891123624922,1.3380865379609208
6.887962880508972,107721363857.50514,145099262293.03152,349273015.2550629,971581995.9697869,1320855011.2248497,375360513.7071035,7.025890530766254e-06,7.103721636416922,5.944366478572331,0.12708803881020944,0.03611587277061697,0.04137401522301351,0.8367960884191736,0.9090278339604075,1.3146289059283494
7.067492267391904,110438344498.1623,152745782458.71155,341197777.91849023,971380470.0309868,1312578247.949477,364599671.18700933,7.128103959616554e-06,7.288874607200456,6.112653022897943,0.12629167766275234,0.035080502226384334,0.040151273977270655,0.8386278201108633,0.9087888245636321,1.31210248144809
7.251700947893819,113232813899.6423,160794384690.54547,333355380.2531059,971168384.2015247,1304523764.4546306,354161651.9982798,7.2332497248954316e-06,7.478853445936674,6.285281564932586,0.12551670349655678,0.03407619261141089,0.038967230989616415,0.8404071038920323,0.9085594891148542,1.3096550340634125
7.44071088415781,116107388276.11737,169266117032.27896,325738957.7238648,970945189.7170388,1296684147.4409037,344037534.3149004,7.3414001126147715e-06,7.673783935114497,6.4623659591170055,0.12476240302994174,0.03310208549887376,0.03782068504994327,0.8421355114711845,0.908339682468932,1.3072833540162754
7.634647217175227,119064787800.92438,178183119097.14825,318341833.30024916,970710309.7907917,1289052143.0910408,334218687.4533894,7.452629058478826e-06,7.873795135645441,6.644023066095763,0.12402807832603982,0.0321573504746639,0.03671048087159234,0.8438145711992963,0.9081292721486242,1.304984353700915
7.833638349639877,122107841161.58792,187568677571.5609,311157509.26442325,970463138.2365819,1281620647.5010052,324696767.0159428,7.567012171714622e-06,8.079019472313147,6.8303728342344625,0.12331304587210792,0.031241184670076635,0.03563550766094682,0.8454457694578155,0.9079281387979687,1.3027550597641728
8.037816030961752,125239490311.99231,197447284421.32092,304179657.9275836,970203038.0299006,1274382695.9574842,315463711.53476405,7.684626757972302e-06,8.289592821450078,7.021538383517626,0.1226166355478465,0.030352812438940727,0.03459469790368468,0.8470305520132128,0.9077361768910942,1.300592605275572
8.247315444496587,128462795427.73967,207844697918.93292,297402110.28858435,969929339.8052385,1267331450.093823,306511741.5701604,7.805551841137808e-06,8.505654600899462,7.217646091911275,0.12193818938958852,0.029491485270840435,0.03358702646495755,0.8485703253395711,0.9075532958812519,1.2984942216743325
8.462275297048985,131780940070.18887,218788006614.23355,290818840.6420396,969641340.2874575,1260460180.929497,297833363.2410152,7.929868183879238e-06,8.727347862322008,7.418825684279269,0.12127705995841691,0.028656482130805155,0.03261151020986099,0.850066457910778,0.9073794221723883,1.2964572299232815
8.682837910708354,135197236563.64767,230305696374.2753,284423942.59283495,969338300.6551478,1253762243.2479827,289421380.7146661,8.05765830671951e-06,8.95481938590852,7.625210323948689,0.12063260787489316,0.027847110661041723,0.031667208621126514,0.8515202814640651,0.9072145027861486,1.2944790296069904
8.9091493170785,138715131588.1377,242427720621.97208,278211584.6609644,969019444.8339578,1247231029.4949222,281268929.45174146,8.189006505381316e-06,9.188219777561148,7.8369367070289755,0.12000419738330027,0.027062710379636014,0.03075322666217731,0.8529330922370637,0.9070585129963358,1.2925570827312909
9.141359353963221,142338211985.16934,255185573906.47113,272175908.40008813,968683957.7179251,1240859866.1180131,273369567.2493212,8.323998866050854e-06,9.427703568607546,8.054145159607387,0.11939118637783044,0.026302661440406765,0.029868723811901428,0.8543061521817628,0.9069114750625763,1.2906888820965834
9.379621764571956,146070210757.76477,268612368941.50867,266310711.92797476,968330983.3168957,1234641695.2448704,265717580.1049192,8.462723277899585e-06,9.673429318114062,8.276979737995946,0.11879289577474475,0.02556641406206567,0.029012945923243886,0.8556406901631896,0.906773518287321,1.2888718613871748
9.624094299311135,149915013155.6709,282742917251.11914,260607659.04769123,967959622.8282541,1228567281.8759453,258309762.3658867,8.605269440493576e-06,9.925559717865587,8.50558833248868,0.11820843701476069,0.02485365980795257,0.028185413482311357,0.8569379031772868,0.9066452227931919,1.2871029032850076
9.874938820228643,153876662109.1278,297613813564.8997,255061754.1684214,967568932.6312675,1222630686.7996888,251139928.7001083,8.751728851993016e-06,10.184261700081649,8.740122777024895,0.11763723864776343,0.02416380354709452,0.027385339234016474,0.8581989578051421,0.906526564899331,1.2853798337425455
10.132321408180555,157959371415.2241,313263524107.60516,249697104.29934275,967157922.2025276,1216855026.5018704,244173163.63739967,8.902194939584991e-06,10.449706547940046,8.980738938189901,0.1170815248609769,0.023493485835349548,0.026608895947783057,0.8594249893036736,0.9064119609743726,1.2837084346578018
10.396412472791084,162167526063.21765,329732478930.01776,244484776.20862812,966725551.951132,1211210328.1597602,237427931.50652862,9.056762926759151e-06,10.722070008981166,9.227596850520392,0.1165384117744703,0.022844483245703404,0.025857924724930627,0.8606171049798264,0.9063060714712331,1.2820800344133634
10.667386865278566,166505689667.12543,347063168429.8359,239420103.6345799,966270730.9724841,1205690834.607064,230898762.34718108,9.215529839956542e-06,11.001532411468158,9.480860831767481,0.11600734545388507,0.022216269477750086,0.02513173538659889,0.8617763850683648,0.9062089240238651,1.2804926095438582
10.945423994222121,170978613079.97394,365300244212.57544,234498526.50655568,965792314.719835,1200290841.2263908,224580408.23582673,9.378594526995398e-06,11.288278783779855,9.740699599249162,0.11548777702093384,0.021608339594684552,0.02442966759906037,0.8629038833843816,0.9061205625737507,1.2789441818372698
11.23070794434573,175591241778.33795,384490624443.1969,229715578.69478673,965289102.5929857,1195004681.2877724,218467846.5914271,9.546057642971711e-06,11.582498976915655,10.007286394681751,0.1149791612427243,0.021020210341366363,0.02375109084536633,0.8640006284159094,0.906041049098642,1.2774328124962744
11.52342759839832,180348723174.8037,404683603839.2046,225066867.81735727,964759835.4439344,1189826703.2612917,212556291.18684936,9.718021627255988e-06,11.884387790193376,10.280799113673568,0.11448095434885971,0.02045142120379933,0.023095405236327787,0.865067624447341,0.9059704668549395,1.2759565942710098
11.823776762210512,185256413447.13727,425930968455.2435,220548029.5500009,964203192.9996538,1184751222.5496547,206841227.70536613,9.89459066541933e-06,12.194145100223297,10.561420440981594,0.11399260938731633,0.019901537830253262,0.02246204494580021,0.8661058527824304,0.9059089284429369,1.2745136368139431
12.131954293010947,190319882026.22717,448287115407.6279,216154501.09083337,963617791.2026412,1179772292.2934747,201318625.6752138,1.0075870608346545e-05,12.511975993243851,10.849337996194489,0.11351355417213116,0.019370172422864228,0.021850500381621604,0.8671162734050046,0.905856618250733,1.27310200326565
12.448164231087018,195544908743.29288,471809177684.6544,211881898.14595044,963002179.4704266,1174884077.6163769,195984533.9544022,1.0261968778224604e-05,12.838090900906515,11.14474450153167,0.11304322729195408,0.018856944816600996,0.02126027490497332,0.8680998278914449,0.905813717524647,1.2717198102831893
12.772615934877255,200937530888.6422,496557154184.87366,207727883.92937043,962354837.8758445,1170082721.805215,190833288.02065372,1.0452994538917696e-05,13.172705739599829,11.447837827048696,0.11258125766736618,0.018361309990987486,0.020690694387098103,0.8690574323416463,0.9057800523236214,1.27036573079355
13.105524219584828,206504051397.06293,522594045120.52576,203688684.96940446,961674174.250542,1165362859.2199464,185860974.50937223,1.0649059198815752e-05,13.51604205340483,11.75882114962383,0.11212712903529232,0.017882891415800885,0.020141274725930573,0.8699899795489068,0.9057557623805086,1.2690380498295761
13.447109499403819,212251031820.33917,549985992917.002,199760534.01509428,960958521.215016,1160719055.2301102,181063943.89516807,1.0850275691990387e-05,13.86832716077643,12.0779031522525,0.11168031849464105,0.01742133794650193,0.019611563617480014,0.870898343558857,0.9057410194518608,1.2677350531594973
13.797597933452577,218185301762.21704,578802428731.2366,195939704.5167083,960206133.1393253,1156145837.6560335,176438769.070112,1.1056758515357487e-05,14.229794305047985,12.405298184920737,0.11124029953146747,0.01697631983877968,0.019101135919900706,0.8717833806297528,0.9057360203073123,1.2664550348460573
14.157221575510722,224313968400.44815,609116224702.2786,192222473.90136108,959415183.0396633,1151637656.9410243,171982275.3737147,1.1268623656580795e-05,14.600682808858668,12.741226430929348,0.1108065381868811,0.016547531637930907,0.018609596616004684,0.872645930175188,0.9057409934510497,1.2651962856694794
14.52621852765885,230644425902.16772,641003852035.564,188605037.05332568,958583759.4170396,1147188796.4703653,167691620.4160688,1.1485988509931209e-05,14.981238232605794,13.085914079230443,0.11037848442825395,0.01613469985916295,0.018136589073830377,0.8734868157125831,0.905756215430909,1.2639570682954584
14.904833097922818,237184364565.54166,674545545008.6892,185083210.7463303,957709863.0456445,1142793073.7919748,163564582.83849835,1.1708971778111406e-05,15.371712537027149,13.439593503209847,0.1099555434017198,0.015737610771131186,0.017681825502604442,0.874306845827149,0.9057820673694115,1.2627355365572472
15.293315962026869,243941779205.07825,709825470970.2009,181649911.7089161,956791403.719806,1138441315.4287221,159602076.85544372,1.193769335442816e-05,15.77236425002088,13.802503446949986,0.10953683246746755,0.015356352336344197,0.017245353762241,0.8751068151961883,0.9058195198688767,1.2615290585986887
15.691924329362713,250924977061.43884,746931906384.129,178312074.86346093,955826196.9700582,1134138271.8335192,155791226.7668581,1.2172274190088004e-05,16.183458637813402,14.174889218295553,0.10912280869742329,0.014989685700080354,0.016825759876244573,0.8758875056024964,0.905866877002657,1.2603387489017428
16.100922113284522,258142595067.03595,785957418951.2523,175069757.34963793,954811960.7605467,1129881718.1101847,152126268.0563109,1.2412836263986996e-05,16.60526788058871,14.557002869467876,0.108713258019876,0.014637056220776701,0.0164223874667521,0.8766496857593473,0.9059237982009007,1.2591638592923615
16.520580105842434,265603592321.98074,826999055813.2004,171910816.35350978,953746312.1819261,1125657128.535436,148613843.10047102,1.2659502238902292e-05,17.038071252695246,14.949103434004249,0.10830678282065256,0.014299103004630907,0.016035899712081032,0.8773941141747166,0.9059923201839784,1.2580003646252633
16.95117615707043,273317259871.24884,870158537817.2045,168831851.90084314,952626764.1560401,1121458616.0568833,145252057.6218791,1.291239533121887e-05,17.482155307549792,15.35145713315846,0.10790281666820967,0.013975643790906383,0.015666055281903672,0.8781215395408839,0.9060728271226968,1.2568465681643954
17.39299535894722,281293223775.78204,915542459787.232,165829418.95300215,951450722.1710144,1117280141.1240165,142039260.46247697,1.3171639091949334e-05,17.937814067360748,15.76433760175839,0.10750077845816931,0.013666519710963044,0.015312640483151957,0.8788327018308677,0.9061657412527937,1.2557007453100675
17.84633023415182,289541444725.79736,963262496711.1438,162899996.52647048,950215481.0679781,1113115477.5944486,138974064.7339635,1.3437357146475463e-05,18.4053492177963,16.18802612581992,0.10710006913293732,0.013371597323270415,0.014975471338972713,0.8795283335437922,0.9062715281903331,1.2545611343244016
18.31148092973903,298072213540.2489,1013435615713.0769,160039947.5620896,948918221.9034739,1108958169.4655635,136055376.87427115,1.3709672891136925e-05,18.885070307726608,16.622811892355553,0.10670006751857407,0.01309077140911993,0.014654396505724712,0.880209161072306,0.9063907038905459,1.253425924724094
18.788755415862802,306896140998.75323,1066184293635.0774,157245465.56379896,947556008.9147277,1104801474.4785266,133282437.07904792,1.3988709136366853e-05,19.37729495417195,17.068992253209444,0.10630012489857,0.012823968862800397,0.014349301393093455,0.8808759062386295,0.9065238439642304,1.2522932423093625
19.278469689679255,316024139788.6626,1121636740001.893,154512501.85239473,946125786.618358,1100638288.4707527,130654876.52653527,1.4274587681954757e-05,19.882349052592858,17.526873005434148,0.10589955773530547,0.012571154197575148,0.014060114058028296,0.8815292880671194,0.9066715964622697,1.2511611292320624
19.780947984564254,325467395324.10406,1179927125087.35,151836663.60846514,944624377.0768144,1096461040.6852796,128172800.13082767,1.4567428803590173e-05,20.400566992661187,17.996768691788112,0.10549763759708547,0.012332337507910567,0.013786813793070408,0.882170024895004,0.906834699910825,1.2500275165494872
20.296522984783994,335237320552.813,1241195812739.6028,149213066.42241043,943048477.3708816,1092261543.793292,125836909.43457675,1.4867350619447535e-05,20.932291879655057,18.479002926651596,0.1050935767278328,0.012107586293781275,0.013529443949581535,0.8827988369783859,0.9070140095659485,1.2488901850271648
20.825536045760924,345345487134.1598,1305589597555.5408,146636113.15751964,941394657.3209614,1088030770.478481,123648691.17574954,1.5174468288061964e-05,21.47787576162442,18.973908755552216,0.10468650655081821,0.011897043603902573,0.013288131689012517,0.8834164498452792,0.9072105370530843,1.2477467068467054
21.368337420080696,355803520599.1719,1373261945921.409,144099147.65300485,939659357.5046151,1083758505.15762,121610718.57455683,1.5488892957772874e-05,22.03767986247743,19.4818290616056,0.10427544415843526,0.011700957024502502,0.013063119625551676,0.8840235988170623,0.9074255128660672,1.2465943547997016
21.925286489389737,366622938270.5182,1444373240356.9456,141593882.9579133,937838887.6229376,1079432770.5808508,119727157.8712585,1.5810730329937195e-05,22.612074821141977,20.00311704176373,0.10385923714168986,0.011519727416613758,0.01285481912447627,0.8846210354416963,0.9076604902749239,1.2454299527995185
22.496752002337146,377814891156.8369,1519091026514.2188,139109391.61564085,935929425.2738699,1075038816.8895106,118004677.98648047,1.6140078581088954e-05,23.201440936960918,20.53813679507846,0.10343646632088836,0.011353996440400495,0.012663906141496265,0.8852095372387111,0.9079175301195122,1.244249612249451
23.08311231871831,389389732759.1194,1597590262089.2344,136630153.76625335,933927015.1964463,1070557168.9626997,116454237.66354895,1.6477025130714097e-05,23.806168421483214,21.087264107848117,0.10300525786816947,0.011204818507728751,0.012491509683879496,0.8857899236241018,0.9081995606395592,1.243048222586802
23.68475565998194,401356243463.86066,1680053566804.7756,134131726.90843222,931827569.0562892,1065959295.9647214,115095117.80322123,1.6821641095880278e-05,24.426657656817884,21.650887627023184,0.10256286664653978,0.011074048759278554,0.01233963733804737,0.8863630845941817,0.9085111821127387,1.2418183207166682
24.302080366266416,413720062277.5793,1766671472516.4941,131566725.89351666,929626865.8493478,1061193591.7428645,113968325.48516023,1.717397035021097e-05,25.063319460721758,22.229410930692943,0.10210432729289513,0.010965632752501257,0.012212591157100125,0.8869300399546036,0.9088613054596062,1.2405464253249867
24.93549516013551,426479826395.5597,1857642672381.5112,128855787.17609908,927320553.0080111,1056176340.1841102,113144057.36791539,1.7534002705107065e-05,25.71657535859645,22.823257225498544,0.10162158493631486,0.010886324563802112,0.012117749470895728,0.8874920904998831,0.9092647396274872,1.2392107118864484
25.585419417188206,439612134356.4131,1953174267909.8818,125584682.40602559,924904148.3011627,1050488830.7071884,113018109.00394368,1.790156771438144e-05,26.386857862574793,23.43288714921259,0.10107435271249478,0.010874206253743482,0.012096891758018294,0.8880514410337618,0.9097998535412487,1.237701775899261
26.252283443721844,453028894560.93677,2053482012595.0044,122459002.86045703,922373042.6276281,1044832045.4880852,112840027.64035642,1.8276043724623513e-05,27.07461075788149,24.058847067235902,0.10053007666905549,0.010857071889218518,0.01207052243504961,0.888612851441726,0.910326995220163,1.2362035557855402
26.93652876163216,466950563688.828,2158790550689.8523,121076485.33513507,919722503.810586,1040798989.1457211,111111610.39086688,1.86590681165332e-05,27.780289396657395,24.70132214449939,0.10014203012601605,0.010690769640586649,0.011880507811786992,0.8891672002333972,0.9105487395145706,1.23513198541728
27.63860840073918,481442992473.0443,2269333649563.4507,119728552.15480393,916947681.508971,1036676233.663775,109557300.53305316,1.9051046172236666e-05,28.504360999442188,25.360712725191437,0.099745353046214,0.010541219394833526,0.011709152994102405,0.8897134275589524,0.9107958663486195,1.2340387697015547
28.35898719873228,496531707361.79236,2385354423937.0396,118409515.51814447,914043613.3705328,1032453128.8886772,108178765.54142487,1.9452067804433058e-05,29.247304964514985,26.0374833709308,0.09933902070920791,0.010408581590510986,0.011556603238997898,0.8902523977002811,0.911069560881303,1.2329211735914882
29.098142108933104,512242514499.95416,2507105550164.1953,117108443.84513156,911005232.5599902,1028113676.4051217,106982829.3514427,1.9862211141618746e-05,30.00961318529759,26.73211308301197,0.09892149380356081,0.01029351280276717,0.011423547151532142,0.890784993393672,0.9113720189992063,1.231775090085775
29.85656251608012,528599364685.78357,2634849468585.7305,115776508.24194309,907827376.8045189,1023603885.046462,106013409.08267188,2.028152859544611e-05,30.79179037603069,27.445097927132178,0.09848757748848866,0.010200238582891439,0.011314584611573883,0.8913121839286199,0.9117126610944027,1.2305865692002176
30.634750560343758,545623247432.6477,2768858571861.268,114534594.1219104,904504799.1075015,1019039393.2294118,105143756.6658814,2.0710041393627095e-05,31.594354405938486,28.176952269691718,0.09804839808706728,0.010116563675988543,0.01121630434995903,0.8918350382369442,0.9120681655889213,1.2293857408332498
31.433221469786805,563366800583.5619,2909415377058.4766,113411701.24590078,901032180.289912,1014443881.5358127,104349494.48629892,2.1147952478553077e-05,32.417836642103055,28.928173989874278,0.09760623406186719,0.0100401425534229,0.011126121358989133,0.8923536233847099,0.9124339084915557,1.2281787872985266
32.252503901490215,581866383825.5978,3056812679171.5737,112327038.23573177,897404143.5266762,1009731181.7624079,103709297.96924222,2.159533719763833e-05,33.262782301275614,29.69929587121525,0.09715279461044099,0.00997854508881517,0.011052307665403521,0.8928686603007439,0.9128257504783741,1.226943424983544
33.093140291569895,601159318819.5088,3211353683648.164,111280482.56640404,893615271.052674,1004895753.6190782,103220946.31155062,2.2052256096005498e-05,34.12975081085724,30.490867350453325,0.09668754666549538,0.009931557604270454,0.010994598344801862,0.8933808957302342,0.913244010938775,1.225678324914665
33.955687214316576,621282960838.6793,3373352115432.6943,110258806.80112617,889660123.2194011,999918930.0205272,102894864.14232671,2.25187490445391e-05,35.019316179288445,31.30345585686081,0.09620869414552222,0.009900183121056573,0.01095405881526662,0.8938911227334212,0.9136914889755343,1.2243787858731627
34.84071575069632,642277212185.6128,3543132301992.662,109271690.29104653,885533260.088422,994804950.3794684,102718852.18793774,2.299484905648748e-05,35.932067376092604,32.13764491238406,0.09571664495195113,0.009883247867830175,0.010929370548134252,0.8944001071802187,0.914166602915879,1.223046041042669
35.74881186645568,664185557252.9155,3721029227787.375,108327392.91643903,881229265.751229,989556658.6676681,102682574.5387547,2.34805860172243e-05,36.8686087218249,32.99403390613763,0.09521167272177572,0.009879757359600177,0.010919412929784772,0.8949085699186241,0.9146680846378245,1.2216809655233924
36.680576800082015,687052143639.1934,3907388557677.13,107391971.46662153,876742775.5665786,984134747.0332001,102817501.566486,2.397596900958868e-05,37.82956028818509,33.873241411045235,0.09468999539128067,0.009892739565210284,0.010927460775699688,0.895417265043509,0.9152027441739297,1.2202736188525813
37.63662746087542,710920845861.1058,4102566626862.7764,106484616.81472304,872068506.5052906,978553123.3200136,103101404.60845482,2.448098117101773e-05,38.81555830855871,34.77590644301501,0.09415295112445564,0.009920055720662208,0.010951137648432235,0.8959269931548821,0.9157671045962066,1.2188277661785771
38.617596837396334,735840827279.2427,4306930395102.823,105607931.32026532,867201290.7883656,972809222.1086309,103529351.14538145,2.4995607463302154e-05,39.82725559925885,35.70268429984271,0.09360029308563175,0.00996123123624222,0.010989887971337686,0.8964384756781261,0.9163609381506105,1.217342945565089
39.62413441655903,761864559116.7699,4520857363189.48,104759339.3629839,862136112.9964689,966895452.3594528,104101663.41733503,2.55198217409066e-05,40.865321991747365,36.654249127313214,0.09303129089158985,0.010016297116760133,0.011043707479838627,0.89695241199165,0.9169850062251703,1.215817425168899
40.656906613648175,789042869222.5193,4744735449989.832,103928625.24221414,856868150.816651,960796776.0588651,104825327.9234091,2.6053561510953266e-05,41.93044477612129,37.63129852758861,0.09244449763737698,0.010085925578666962,0.011113287895242166,0.897469576783956,0.91764142794129,1.2142475966636508
41.71659721354373,817432126407.2012,4978962828788.926,103125750.02621455,851392819.5748929,954518569.6011075,105687642.92835283,2.6596762052001614e-05,43.023329156158695,38.634548384251275,0.09184043062079951,0.010168894505523884,0.011197255249399766,0.8979906748736766,0.9183284638847244,1.2126350797743444
42.8039078234459,847093988890.7755,5223947722223.201,102353820.82781292,845705820.6798438,948059641.5076567,106682998.86716187,2.7149352156479386e-05,44.14469871622475,39.66473403175923,0.09121897520197073,0.010264664164650992,0.011294980731945023,0.8985163606333783,0.9190456889626802,1.2109798266409408
43.9195583374,878086677723.4253,5480108155783.395,101582055.74559514,839803194.0730586,941385249.8186537,107838302.69392407,2.7711213347294102e-05,45.29529590034747,40.72261746426408,0.09057678863130392,0.010375823448845996,0.011409235347347491,0.8990473879198501,0.9197990348175421,1.2092733080131144
45.06428741292892,910472362494.3226,5747871670713.433,100832127.91669206,833681374.7431922,934513502.6598842,109128002.04827762,2.8282213561519958e-05,46.47588250378013,41.80898226896614,0.08991561320918261,0.01049991379957086,0.011537296927591685,0.8995844729912466,0.9205843005903882,1.2075204233478685
46.23885296008842,944320150297.7307,6027674998154.934,100114780.2504332,827337253.3149642,927452033.5653974,110537798.78132308,2.8862217719524645e-05,47.68724017737583,42.924632386457816,0.089236183407493,0.01063555949906186,0.011677626301463413,0.9001282570934451,0.9213993760915689,1.2057234033462294
47.44403264326946,979700403577.5042,6319963697605.095,99388925.71554191,820768240.6671903,920157166.3827323,112104527.5259546,2.9451061625154523e-05,48.930170945108216,44.070396935022984,0.08853429685995576,0.010786304646569126,0.011834021411238816,0.9006793984934751,0.9222520077866134,1.2038715783312166
48.68062439607962,1016680453829.0344,6625191764187.783,98676518.19915017,813972336.4667872,912648854.6659374,113800719.11225903,3.004853518225025e-05,50.20549773508115,45.24713351112034,0.08781187342759257,0.010949506254859132,0.012003561475857452,0.9012386203175483,0.9231376328272666,1.201970337223005
49.949446949644354,1055334985242.0981,6943821210901.622,97970814.93404393,806948201.4262528,904919016.3602967,115627809.93982434,3.065442451761462e-05,51.514064924378424,46.45572178344448,0.08706813548343097,0.01112530252926481,0.01218634485406648,0.9018065619873042,0.9240571670458338,1.2000180239443174
51.25134037467811,1095739102674.2673,7276321633921.859,97283540.31208614,799695232.9997733,896978773.3118594,117567924.66879952,3.12684833471689e-05,52.856738898114735,47.697068776900316,0.08630415313250925,0.011311973567249223,0.01238045855853578,0.9023838733002415,0.92500782043474,1.1980177983219207
52.58716663768411,1137988605653.6357,7623169771207.875,96635050.17742006,792213644.1268541,888848694.3042741,119596067.953516,3.189050771733267e-05,54.23440862305793,48.97209711301223,0.08552190543108444,0.011507114404275457,0.012583258661542794,0.9029709801646401,0.925985208973191,1.1959751535799228
53.95781017165103,1182176759729.3452,7984849067115.714,96010035.94319203,784504544.5114459,880514580.4546379,121721308.74960709,3.252024533425348e-05,55.64798623620214,50.28176056024837,0.08472002621241904,0.011711597623462553,0.012795645003569795,0.9035683761641184,0.9269915714110435,1.1938869137614059
55.364178461624505,1228408160172.6409,8361849258439.044,95420956.28054991,776570023.7883897,871990980.0689396,123924933.74965405,3.315744660258295e-05,57.098407648681786,51.62703621593209,0.08389991526351494,0.011923622695971773,0.013015633220251897,0.9041764620405133,0.9280237074324569,1.191757056234702
56.80720264554087,1276768019001.8809,8754666000299.682,94787210.33267114,768413235.777391,863200446.1100621,126278004.9740932,3.380175825191919e-05,58.58663316542587,53.00894267879306,0.08305412090195795,0.01215002696029553,0.01325053881287624,0.9047958521377465,0.9290959060583376,1.1895668487008322
58.28783813072144,1327344720576.0562,9163800553567.701,94160875.77345589,760038482.8577188,854199358.6311747,128718288.8021003,3.445280827104547e-05,60.11364812096331,54.42852666961739,0.0821880678188189,0.012384822515603378,0.013493856509547477,0.9054271096655777,0.9301967546967844,1.1873306702105961
59.80706522643522,1380240808077.0596,9589759558987.525,93535147.16361561,751451299.3151459,844986446.4787614,131242735.75373495,3.511024213612251e-05,61.680463531800044,55.886857705543775,0.08130163370816265,0.012627715951625665,0.013745225217494612,0.9060706503402117,0.931326082243463,1.1850486268287468
61.36588979294857,1435563844908.0908,10033054926881.082,92927296.14631304,742658532.3174313,835585828.4637444,133823450.43302727,3.5773691304290686e-05,63.28811676579959,57.38503396837287,0.08039713919742558,0.012876023271151855,0.014001721634395996,0.9067268375314226,0.9324788840737263,1.182727033884235
62.96534390749216,1493431671110.5173,10494203875137.166,92327920.5638779,733668418.9679794,825996339.5318574,136458805.88033116,3.64427905804668e-05,64.93767222901076,58.92418012566788,0.07947447218917036,0.013129587933828249,0.01426314375555961,0.9073959398770014,0.9336551157446579,1.1803659886445288
64.60648654758573,1553962639865.778,10973729152101.254,91733956.08128342,724490657.672086,816224613.7533695,139139535.6943376,3.711714904394491e-05,66.63022207039691,60.505452832939,0.07853427099038203,0.013387518359005052,0.014528503814671242,0.9080782106506129,0.9348532473686231,1.1779674882154922
66.29040429217311,1617280148294.3716,11472159484851.812,91143905.51367304,715136471.8303646,806280377.3440377,141853897.34720576,3.779636733056475e-05,68.36688690493327,62.13003860497832,0.07757747142344461,0.013648684721817851,0.014796564805154903,0.9087738438547376,0.9360712132983733,1.1755342618763107
68.01821204103194,1683511365836.5059,11990030297062.473,90555464.77155977,705618663.6547103,796174128.42627,144589941.34304094,3.848003699054917e-05,70.14881655555159,63.799154663768824,0.07660508358089414,0.013911937283661637,0.015066075236380613,0.9094829791354442,0.9373068537027676,1.1730691986452366
69.79105375293406,1752788613353.3086,12527884744047.277,89967759.00375642,695951655.6901174,785919414.6938738,147333385.38622618,3.91677482073686e-05,71.97719081442258,65.5140484260628,0.07561841097433619,0.014175901852119945,0.015335551919702262,0.9102056871735439,0.9385574908777837,1.1705758903916763
71.61010320304548,1825248237310.512,13086275115480.684,89378045.79803109,686151517.4288173,775529563.2268484,150070852.6132604,3.985909076115913e-05,73.85322022408077,67.27599812553127,0.07461873588868906,0.014439291352280443,0.015603613248153672,0.9109419727590304,0.9398205554635913,1.168057836040905
73.47656476006773,1901032962917.9395,13665764658452.648,88788971.39306936,676235974.2312924,765024945.6243618,152782802.00250077,4.0553665067686323e-05,75.77814687890904,69.0863117926888,0.07360801840781034,0.014700225615543372,0.01586825653464541,0.9116917559766463,0.9410922072077331,1.165520173905624
75.39167418363422,1980289318584.9778,14266929874704.273,88193189.9621306,666224395.6331103,754417585.5952408,155458795.90821898,4.125108028238699e-05,77.75324524751261,70.94632839012303,0.07258741541081319,0.014957700368226811,0.01612842074474607,0.91245488422096,0.9423702849574137,1.1629659955226368
77.35669944249065,2063160777036.7307,14890363345801.252,87573008.41734894,656137760.0302474,743710768.4475964,158097582.75270796,4.195094335351514e-05,79.77982301652821,72.8574204626644,0.07155724299852712,0.015211595187911299,0.016383988213812054,0.9132311618135616,0.9436543521893841,1.1603962868612097
79.3729415540003,2149795273648.2637,15536677138315.52,86974947.60486586,645998592.7133956,732973540.3182615,160633120.44750953,4.265288578447662e-05,81.85922195642607,74.82099058708587,0.07052414454819107,0.015455555736361561,0.016628248755153268,0.9140202997154474,0.9449314111881705,1.157827533081482
81.44173544553057,2240385971533.3643,16206506837454.043,86378669.06497112,635830874.2797031,722209543.3446742,163067724.40672982,4.3356666010753915e-05,83.99281880987844,76.83845536706649,0.06948847049350153,0.015689804794606008,0.01686148349277002,0.9148217247118925,0.9462013343011045,1.1552606328773136
83.56445083829088,2335094812880.6685,16900516251629.227,85761023.30917615,625659916.605797,711420939.9149733,165404188.73538423,4.4061989033522734e-05,86.18202620328303,78.91127610730408,0.06845042889186476,0.015914611201634246,0.017084019675628042,0.915634959906501,0.9474641823097695,1.1526961241093896
85.74249315420688,2434064702733.9346,17619402821836.734,85129776.20277013,615512203.8365551,700641980.0393252,167613216.8984145,4.4768551806982034e-05,88.42829358204406,81.04095225934958,0.06741331515919267,0.01612715614754447,0.0172929298795397,0.9164595286932629,0.9487138409883518,1.1501420246973173
87.97730444643193,2537533605668.885,18363903758033.29,84543516.38464722,605415196.2477659,689958712.6324131,169618665.52093637,4.547630555474378e-05,90.7331081702311,83.22897909595434,0.06638540862040423,0.016320113383732415,0.017480568035699074,0.9172944779958634,0.9499347047633282,1.1476183041165846
90.2703643541116,2645708293105.1284,19134802909660.434,83947567.69495709,595397095.3943214,679344663.0892786,171455971.67179728,4.61851701135173e-05,93.09799595525074,85.47689583241741,0.06536416198181935,0.016496892540734907,0.0176506098628908,0.9181389454774458,0.9511327305589156,1.1451185855378883
92.62319108203309,2758775961377.4043,19932938358770.742,83331110.6228574,585486569.6736608,668817680.2965182,173116141.0299605,4.689507580633838e-05,95.52452269818242,87.78627972734269,0.06435129260073556,0.01665662821651216,0.0178022243656073,0.9189920791827523,0.9523053356157766,1.1426468169748925
95.0373424058087,2876948461597.998,20759210701704.87,82727777.01568972,575712440.3280561,658440217.3437458,174547248.35081422,4.760606626030737e-05,98.01429497044853,90.15873015316417,0.06335280949450087,0.016794324346055985,0.017930256468278366,0.9198528661594432,0.9534415148515551,1.1402171685294202
97.51441670325865,3000449728453.712,21614591958886.082,82111846.4740317,566103328.9851084,648215175.4591401,175757952.35842574,4.8318275149157385e-05,100.56896121750403,92.59587349758758,0.062368991809120124,0.016910814041442252,0.018035681300761337,0.9207201941494376,0.9545418222323221,1.137829973509234
100.05605401267584,3129478736520.8906,22500135022166.92,81456736.05806571,556687269.0927563,638144005.1508219,176758111.9768504,4.903185955307188e-05,103.19021285025052,95.09937525142362,0.061399979107399846,0.01700704589378227,0.018119588232705045,0.9215929749988179,0.9556070667863825,1.1354852358116045
102.66393711867397,3264231068175.824,23416983515607.08,80824138.24272431,547491285.033442,628315423.2761663,177470901.29174042,4.9747052577750764e-05,105.87978536489744,97.6709324456802,0.060454307414352135,0.017075627982917275,0.018174345449793735,0.9224700646027306,0.9566213205685652,1.1332028613760408
105.33979266633644,3405003476930.5693,24366381909169.6,80190513.82642126,538540944.2812911,618731458.1077124,177909725.32015777,5.046435889253659e-05,108.63945949201053,100.3122425345038,0.05953217188325043,0.017117850092596552,0.018201420166465858,0.923349978024153,0.9575856782093461,1.1309828378027769
108.08539230440601,3552018586934.9746,25349685686481.434,79526931.72782338,529859889.66270834,609386821.3905318,178093253.38156474,5.1184224076968436e-05,111.471062375511,103.02505913591385,0.05863306369674397,0.017135508519291867,0.018202794105540755,0.9242314277839642,0.958502444822548,1.1288235018595776
110.90255385826991,3705454615598.42,26368371328725.31,78831863.4138262,521469360.546734,600301223.9605602,178014339.48161995,5.190710514206633e-05,114.37646878240298,105.81118160468306,0.05775887936236845,0.017127915700478582,0.018177847819768056,0.925113204937153,0.9593690363381101,1.126728870339006
113.79314253351767,3865631824661.623,27424045838490.21,78169378.33182578,513387713.5630007,591557091.8948264,177607058.48704243,5.263379350766064e-05,117.35760234403185,108.67240297851049,0.05691754962830394,0.01708872855093858,0.01812007904950773,0.9259937218207575,0.9601711789226346,1.124717084165731
116.75907215086986,4032806541179.4697,28518455491935.15,77468205.72126147,505629955.14220345,583098160.863465,176942257.19208586,5.336504380427559e-05,120.41643682969587,111.61057250371954,0.0561036609379702,0.017024763700855473,0.01803668792462247,0.9268715753611744,0.9609211027628853,1.1227749257960475
119.80230641329334,4207124149123.0864,29653493477187.355,76663182.15261902,498207299.7009965,574870481.8536155,176085782.74935794,5.410150800800103e-05,123.55499745345254,114.62760781059032,0.05531202250647267,0.016942356732420366,0.01793434142919052,0.927745620761107,0.9616303342259477,1.1208898395464346
122.92486020614275,4388651359521.4404,30831206054066.81,75910794.63066837,491126768.54062456,567037563.1712929,174884480.0380324,5.484380078132574e-05,126.77536221498578,117.72548547221554,0.05455836652982379,0.016826771596805692,0.01779778994399075,0.9286148618733705,0.9622684050669819,1.1190980616826538
126.12880093119028,4578202902380.521,32053796857766.996,75318770.31746373,484390845.37673044,559709615.6941942,173253669.3645543,5.559375833815681e-05,130.07966327542292,120.90603465267827,0.053853297112321945,0.016669860710749468,0.017618684988144416,0.9294768421769286,0.9628165635984276,1.1174236869161587
129.4162498754249,4776156469689.709,33323628969863.387,74682513.48859274,477997204.7419527,552679718.2305455,171414425.77436244,5.635252666617623e-05,133.47008836901023,124.17125398468329,0.05317690502227453,0.01649289514012641,0.01741919396306489,0.930330199837599,0.9633159901178519,1.1158199237654778
132.78938361552804,4982763143247.59,34643224396707.64,74060213.33784674,471938529.18089765,545998742.5187443,169326442.66926527,5.712108102295305e-05,136.94888225158235,127.52322729501459,0.05253408496001494,0.01629199672535674,0.017195338076799505,0.9311739183146284,0.9637579117653419,1.1142977165709143
136.2504354589574,5198521440446.5625,36015260630310.5,73453311.81435971,466202430.0782463,539655741.892606,167014493.93044233,5.790075751282566e-05,140.51834818678685,130.96403737427804,0.051923783675697346,0.016069549122440595,0.01694963848449056,0.9320066672018621,0.9641457654467432,1.1128542346064296
139.80169692258931,5423762441534.008,37442564022059.625,72815240.00945038,460771485.03714705,533586725.0465974,164551646.41148657,5.869262026000816e-05,144.18084947104342,134.4958719257936,0.051339844150230345,0.01583258256788861,0.016689414507671033,0.932827573281881,0.9644927384176583,1.111474908425094
143.44551924990284,5658720247879.14,38928099776052.89,72139330.15259266,455623401.90319175,527762732.0557844,161972884.44666845,5.949756422766616e-05,147.9388109982524,138.1210081639387,0.05077947996115824,0.015584463131703717,0.0164181692269632,0.933636056907138,0.9648049831705454,1.1101530241693862
147.18431496770677,5903925136876.225,40474958466279.01,71523415.96319954,450731315.8029156,522254731.7661151,159216231.8283381,6.031681959002041e-05,151.79472086528466,141.84173119226662,0.05024951948205084,0.01531922768044873,0.016129739331212915,0.9344312528375004,0.9650697081983979,1.1089040267665187
151.0205594834414,6159830468512.292,42086339098777.74,70884351.87223896,446064220.98682594,516948572.85906494,156401352.74512255,6.115140479758522e-05,155.7511320193175,145.66042590155638,0.04973897947320687,0.015048389882860329,0.015836059311912006,0.9352126306439328,0.9653094104096535,1.1077023993245598
154.95679272411422,6426732765650.217,43765528873032.53,70180309.35576804,441587533.9552153,511767843.3109833,153605893.7630843,6.200201740068565e-05,159.81066394810819,149.57959667549935,0.04924050783757955,0.014779420619328383,0.015544857286372041,0.935980071543092,0.9655389127817489,1.1065310797982397
158.9956208179511,6705080090221.961,45515879941192.72,69570301.43870157,437263778.492771,506834079.9314726,150709668.87594885,6.286940687086974e-05,163.97600441432124,153.60180760507723,0.048765798420931164,0.014500756013651457,0.015244149116568661,0.9367334455654174,0.9657349575927202,1.1054166990579972
163.13971781988036,6995561870880.992,47340783612500.195,68960508.02617815,433053377.1098525,502013885.1360307,147848109.68070865,6.375443378840412e-05,168.24991123506183,157.7296745014578,0.04830201617531752,0.014225426819325154,0.014947417207038759,0.9374725570053574,0.9659234106440077,1.1043296806513498
167.39182748198905,7298767882760.391,49243642595037.26,68348495.51785174,428915527.31344116,497264022.83129287,145062632.6702571,6.465762418446121e-05,172.63521410778972,161.96594026072665,0.04784500107540289,0.013957417986106628,0.01465876669436248,0.9381975809384905,0.9661124169107037,1.103260392948136
171.7547650701245,7614720757423.523,51227841997820.94,67623422.97612907,424809135.48714024,492432558.4632693,142494911.38926953,6.557864798769498e-05,177.13481648382404,166.3135627998847,0.04738013451102189,0.013710360845815856,0.014392268461437503,0.9389095046431623,0.966330226334794,1.1021753662287144
176.23141922784586,7943965129277.535,53296719922655.78,66929193.64605652,420693776.35023963,487622969.99629617,140035639.09639323,6.651757006355823e-05,181.7516974906815,170.7755105428805,0.04691737276915212,0.013473738286983976,0.014137009638011665,0.9396088889438639,0.9665563655178319,1.101097300743223
180.8247538889564,8286959745864.34,55453538546138.56,66209111.52259837,416530642.3878621,482739753.9104605,137771719.6267773,6.747412258933704e-05,186.4889139045167,175.35488445978882,0.0464475268359033,0.013255911891980231,0.013901607163782189,0.9402965612721165,0.966808385056077,1.1000052141732102
185.53781023988464,8643977396545.184,57701456617481.55,65453024.75900916,412283445.65322423,477736470.4122334,135737744.46577936,6.844760979710955e-05,191.3496021739731,180.05493580920148,0.04596612843714073,0.013060209932262336,0.013689461476737335,0.9409736616305969,0.9670940814951215,1.0988889519447484
190.3737087332148,9015911322752.188,60043504268510.664,64813176.66256282,407919234.2171969,472732410.87975967,133807083.53107381,6.94377440204943e-05,196.33698049678532,184.87893025721337,0.04548465537108339,0.012874448505221464,0.01348794294158426,0.9416408961236952,0.9673897931341381,1.0977746232525636
195.33565115369706,9403906651164.572,62482560941735.92,64190477.093484424,403409087.4482896,467599564.541774,132100701.61942452,7.044421001144956e-05,201.45435095050502,189.8302219010371,0.04499079089007283,0.01271026641954983,0.013309051157104396,0.9422989426903774,0.967719475529477,1.0966342731742569
200.42692273810627,9807506616522.61,65021337087323.3,63312796.44860478,398728658.28527415,462041454.7338789,130893487.48859757,7.146487690897496e-05,206.7051016787624,194.9125505016075,0.044456009048784925,0.012594112507873713,0.013180044694056058,0.9429498784433413,0.9681381034590888,1.095403383242789
205.65089435035554,10226821637425.688,67662360060419.93,62537725.798368275,393858536.61403894,456396262.4124072,129831070.22220975,7.249803122182045e-05,212.09270913451294,200.12967525823234,0.04391284843331586,0.012491890442896177,0.013065639907854055,0.943595261123788,0.9685790420095803,1.09415583634191
211.01102471329924,10662842231171.95,70407964371200.36,61756494.31226086,388784415.55219835,450540909.8644592,129026996.36955422,7.354260711873511e-05,217.62074038174939,205.48533910968533,0.043349466937589835,0.0124145252755431,0.012977074539228002,0.9442360077868671,0.9690650583379533,1.092864975096238
216.5108626987092,11116048555412.428,73260286110562.3,60952110.34635703,383497051.5540945,444449161.90045154,128493817.18444824,7.459687583944584e-05,223.29285545720944,210.98348735862592,0.04276334030363483,0.01236322464345729,0.012915536109303311,0.9448734350529079,0.9695998843398225,1.0915252986049797
222.15404967693553,11587014776895.213,76221261009033.27,60233020.338562496,377992019.39485896,438225039.73342144,128114792.4141438,7.565905092967068e-05,229.11280979363738,216.62817022391528,0.04216447708791406,0.01232675620876224,0.012869387190073592,0.9455087667033237,0.9701622791208482,1.0901595288907517
227.9443219278093,12076645190989.4,79292625205240.38,59368243.026062846,372269273.88587743,431637516.9119403,128110711.11012346,7.672750087223781e-05,235.08445670620566,222.42351024038413,0.04153064873515398,0.012326363519996763,0.012860467060037186,0.9461429877448493,0.9707957147848427,1.0887179276156607
233.88551311438582,12584478078044.75,82475917429545.66,58456032.92330224,366332541.25188494,424788574.1751872,128361658.45171207,7.779935003450178e-05,241.21174994374627,228.3739356703122,0.04087166747457624,0.01235050879348712,0.012876805297751688,0.9467778237319366,0.9714788413189108,1.0872228639409578
239.98155682116055,13110404424895.816,85772480981545.25,57465089.37490027,360188574.1318197,417653663.50672,128878248.1343208,7.887201542550774e-05,247.4987463064733,234.48392953801618,0.04018517138209393,0.012400213241798559,0.012919380772283292,0.9474146153761075,0.9722150418597045,1.0856693663625534
246.23648915844544,13654863744950.82,89183463638278.03,56511677.132967874,353846314.8198463,410357991.95281416,129525826.689094,7.994333620723999e-05,253.9496083319393,240.75801094491598,0.03948320744077571,0.012462520980197006,0.012974808016621514,0.9480542715790273,0.9729793135394212,1.084084646754529
252.6544514346236,14219091116793.646,92709813522248.44,55671920.72912706,347316021.2250257,402987941.95415276,130213526.31353259,8.101171719362549e-05,260.5686070509953,247.2007141464593,0.03877408706624308,0.012528689027270827,0.013034073321048976,0.9486972239064861,0.9737546019610277,1.082487392943252
259.2396928980545,14803957032074.89,96352269040346.56,54749950.43215237,340608418.4798333,395358368.9119857,131120474.93156123,8.207520371462024e-05,267.36012481558396,253.81674403829868,0.03803999629424449,0.012615952443911845,0.013114840944853684,0.9493440512618436,0.9745759561496674,1.0808381712044899
265.9965735504466,15409945410889.168,100111341334362.3,53962546.31313674,333733945.2189998,387696491.53213656,132012296.29852879,8.313150628257932e-05,274.328658200238,260.6109749875468,0.03730279731211974,0.012701760369485633,0.013193930899582887,0.9499954423183946,0.975398963057366,1.0791857167192915
272.9295670335568,16039001067048.395,103987288313248.69,53233490.43246789,326702165.91140616,379935656.34387404,132955646.64276898,8.417933063834901e-05,281.47882097920296,267.5882343365398,0.036556076956574486,0.012792526232613372,0.01327791470436912,0.9506513968108121,0.9762364492760389,1.0775159081309433
280.0432635911284,16691240609535.799,107980080300214.17,52321279.95285205,319521417.49106383,371842697.4439159,134175840.84320807,8.521599218958672e-05,288.81534718115483,274.7536991034887,0.03577740082177787,0.012909929041084829,0.01338895090416629,0.9513126701371373,0.977132528219307,1.075779460219016
287.3423731080331,17365677092066.523,112089358621635.78,51406125.14031635,312198747.9267559,363604873.0670723,135474622.8552202,8.623805420368781e-05,296.34309422354033,282.1127938074274,0.03498478623863361,0.01303489329328957,0.013507448491390212,0.9519803204680768,0.9780501070546559,1.074016428188086
294.8317282286229,18064094008113.63,116314390030938.56,50585797.70753488,304740184.5294392,355325982.2369741,136749161.88082165,8.724392454673541e-05,304.0670461286082,289.6707651915594,0.03418822038531915,0.013157524970327732,0.013623280693032178,0.9526542546443532,0.9789693045850086,1.0722489109528897
302.51628755635954,18788243807643.12,120654021565191.69,49783655.4560042,297151339.78303456,346934995.23903877,138070917.00071096,8.823184114709752e-05,311.9923168232636,297.43301794548046,0.03338086903169807,0.013284699614438228,0.013743468537737715,0.9533344313538638,0.9799038305827401,1.0704620270527088
310.4011389368423,19535803617060.0,125106642055331.48,48707517.60432448,289438322.9203645,338145840.52468896,139712611.03198093,8.919738545514922e-05,320.1241535249342,305.4055283996433,0.03253520737621446,0.013442657659028643,0.013894725432407584,0.9540221349647569,0.9809074502828142,1.0685959297947523
318.4915028264015,20306145138118.113,129670157751245.84,47674880.43254228,281608879.2160817,329283759.64862394,141343491.15587598,9.013728395771129e-05,328.46794021568076,313.5942207045574,0.0316825290210995,0.013599575227360517,0.014044541831525882,0.95471789575154,0.9819170462062611,1.0667192617217023
326.792735748496,21098790966679.625,134341990025166.88,46590937.55088679,273673631.5180228,320264569.0689096,143043974.5069849,9.104838564828376e-05,337.02920120686395,322.0051391249788,0.03081473412106085,0.013763189774214861,0.01420078313069817,0.9554220761047243,0.982948455653154,1.0648145660281092
335.3103338401961,21915235494339.97,139119102526711.62,45557422.463381596,265647257.81507695,311204680.27845854,144700727.3702045,9.192872326718282e-05,345.81360479671645,330.6442765802899,0.029943023381856164,0.013922596726825451,0.014352349462361512,0.9561343798913184,0.9839795733449693,1.0629063034970516
344.0499364911024,22755614314520.46,143998063208037.8,44579635.60385807,257549414.0822528,302129049.68611085,146288481.95986146,9.277556603532383e-05,354.82696702324785,339.5178997193948,0.029069798021657215,0.014075364907433172,0.014496783475015573,0.9568548370709096,0.985005566885776,1.06099969333859
353.0173300771138,23621126458104.86,148975143222918.78,43576145.415257625,249405212.484736,292981357.8999936,147867256.78697252,9.35868981786381e-05,364.07525551496923,348.6323087974024,0.028189639186010418,0.01422726908676805,0.014639964400926195,0.9575830917272216,0.9860376299007577,1.0590831094611142
362.218451791508,24511793599359.793,154046450002101.06,42580134.52716338,241245097.96087617,283825232.48803955,149375211.13482094,9.436023409082051e-05,373.5645934419788,357.9940371388926,0.027308668896450394,0.014372359167855505,0.014775868467491737,0.9583189719356942,0.9870636902714052,1.0571697741004036
371.6593935758818,25426878063506.582,159208086317029.0,41545546.70989957,233104032.85850045,274649579.5684,150825223.9409938,9.50929909190875e-05,383.30126357003456,367.6097937109262,0.02642581973855622,0.01451187431692195,0.014905771548938292,0.9590623059445218,0.9880860545783657,1.0552574037421885
381.3464061535441,26367589640879.61,164456321677356.66,40558994.67101259,225019993.9964585,265578988.66747108,152100938.83944657,9.578396475653321e-05,393.2917124202899,377.48622369355616,0.025553079279798514,0.014634619132323745,0.015018385117895886,0.9598123015878778,0.9890815398525252,1.0533715677901911
391.28590316803655,27334081330990.83,169787757982580.03,39551502.50815831,217031895.04847986,256583397.55663818,153239732.89870507,9.64317870832156e-05,403.54255453744923,387.630167453487,0.02468755503792569,0.014744189904565939,0.015117401588307712,0.9605682550575083,0.9900566348666402,1.0515059427632267
401.4844654295248,28323880577457.324,175199468959735.38,38333898.694968715,209177147.16958377,247511045.8645525,154397163.46549183,9.70342760302156e-05,414.06057686917325,398.048771972595,0.023814645162015487,0.01485555381623064,0.015217964234565048,0.9613298010217539,0.9910409086542151,1.0496294624343692
411.94884527186497,29337487015138.117,180689093200367.3,37475305.67100446,201489134.81810817,238964440.48911262,154982569.53124648,9.759119712589645e-05,424.85274325962627,408.7490397856417,0.02299232075364441,0.014911879535686682,0.015262806887239015,0.9620957997106689,0.9919195587820423,1.0478647416919629
422.6859710232342,30380025345629.01,186254863443446.3,36582882.69111937,193994885.5957836,230577768.28690296,155382731.60582203,9.8104796441884e-05,435.92619906014517,419.73774561554137,0.02218538455454217,0.014950381727700074,0.015289587097130072,0.9628642337177578,0.9927649971731578,1.0461368220954739
433.70295159328754,31449919084293.875,191895558981677.25,35613987.48517311,186713138.42394868,222327125.90912178,155629998.19712213,9.857447222413142e-05,447.28827586008424,431.022320348194,0.021391536668282293,0.014974172852300854,0.015301495351185286,0.9636342904794168,0.9935826361840185,1.0444406371882249
445.0070811798728,32547625110075.883,197610371573672.78,34782777.802520625,179652875.0778862,214435652.88040683,155513768.63894185,9.900082672647128e-05,458.94649634096356,442.6101872861034,0.020632246797690795,0.014962989651665372,0.015278213523714466,0.9644047635506439,0.9943307428539746,1.042821042454678
456.60584409842096,33677823079994.258,203398675671375.44,34041662.40461765,172812225.69702375,206853888.10164142,155102045.61565918,9.938634360084473e-05,470.9085792571353,454.5086553516332,0.01990275596920077,0.014923375105695271,0.015226422884652362,0.9651738689251039,0.9950206191364945,1.0412676218579222
468.5069197372167,34838992839759.273,209259690140014.84,33093070.3113076,166177578.0915658,199270648.4028734,154713279.59990388,9.973075361169301e-05,483.1824445462729,466.72568890951317,0.01917312322907855,0.014885969402511707,0.015176959109765936,0.9659409073684098,0.9957128461734331,1.0397174454350697
480.7181876418162,36023714530469.805,215192013555214.5,32025700.193446547,159722817.6402554,191748517.83370194,154283150.103646,0.00010003130780090207,495.7762185730541,479.2698679350706,0.01844937019518285,0.014844583850237392,0.015123604834515018,0.9667060459545798,0.9963952136550545,1.0381830464816406
493.2477327319939,37237065999034.74,221193016534389.5,31281044.820443906,153408962.4088831,184690007.229327,153423871.8583558,0.00010029000267662746,508.69823950952286,492.14920115285565,0.01777022504904056,0.014761907109748711,0.015028975384589355,0.9674678678412107,0.9969916820607081,1.0367449179078023
506.1038506546604,38484767373024.53,227258094997261.56,30562184.52714418,147184979.15591866,177747163.68306285,152494947.9878962,0.00010050823377302474,521.9570628556825,505.372013783206,0.017102208981748957,0.014672529311354909,0.01492782814798539,0.9682252617068962,0.9975703203296059,1.0353330335800746
519.2950532762991,39765047944367.53,233379839851878.44,29691760.78091731,140991028.60238165,170682789.38329896,151731909.26709512,0.00010068356052014383,535.5614671039775,518.9474870415161,0.016422499651392027,0.014599112400536714,0.014842869418385812,0.9689783879480712,0.9981766127491447,1.0338999615737308
532.8300743185649,41077613224547.48,239547262673389.34,29025630.31192099,134765386.2302869,163791016.5422079,150838044.68512928,0.00010081313284600533,549.5204595514219,532.8850985204351,0.015759397428319465,0.014513107883978455,0.014745487887877995,0.969727494687702,0.998753710455659,1.0325043377702907
546.7178751407623,42426779601346.016,245745311736543.5,28226512.102026194,128455406.01936896,156681918.12139517,150202966.79217243,0.00010089469203009183,563.8432822632078,547.1944630007945,0.015075384899819435,0.014452002915437842,0.014673207161106306,0.9704726121847427,0.9993766180156184,1.0310685312172396
560.9676506730465,43804173841945.945,251954967286017.62,27313161.05281181,122031016.23638421,149344177.289196,149822121.62530434,0.00010092064863633861,578.5394181917585,561.8863157818638,0.014369373200021266,0.014415359328566994,0.01462551886741686,0.9712152674714117,1.0000459861285458,1.0295905032356951
575.5888355042647,45207158496559.15,258154149556566.66,26486295.518050916,115496834.35586977,141983129.87392068,149481321.00198328,0.00010088520970080435,593.6185974552653,576.9713428895008,0.013661119022502721,0.014382568687296681,0.014581772010288227,0.9719563122902006,1.000721449664794,1.0281110969843983
590.5911101284717,46642740085803.31,264319453706302.7,25719794.77335636,108897232.40345235,134617027.1768087,149164360.39895838,0.00010078603506130996,609.0908037798692,592.4599142043251,0.012952378443487579,0.01435207184920604,0.014540404673255502,0.9726955497073064,1.0013996934057183,1.0266339383356242
605.9844073542602,48103858281261.86,270428355034368.25,24755716.11637556,102309092.33539094,127064808.4517665,149044207.2399416,0.0001006170509443844,624.9662811097572,608.3632759150888,0.012225730432710588,0.014340511133452586,0.014518004340945913,0.9734337584338368,1.002114780700742,1.0251233568930378
621.7789188811414,49577822699975.7,276461126690264.56,23765959.355796635,95820598.05023566,119586557.4060323,148853686.97192922,0.00010037213588355608,641.2555403895419,624.69294908088,0.011506199332736609,0.014322179941149477,0.014488892020851895,0.974171620726114,1.002815980608413,1.0236306474703016
637.9851020473336,51079864793379.61,282401503447750.3,23080978.264749438,89500763.92550167,112581742.19025111,148214078.37097064,0.0001000554412530525,657.9693665234174,641.4590335799732,0.010832220568651048,0.01426063904376772,0.01441680505602988,0.9749071403875812,1.0034284184751165,1.022234071464281
654.6136867534312,52612950448268.15,288235348197157.75,22328881.375873603,83371037.21953686,105699918.59541047,147486902.00097445,9.966799539469212e-05,675.1188255157064,658.6724257281103,0.010170075627174773,0.014190672682625444,0.0143364757249756,0.9756392516901998,1.0040205970554508,1.020864527217694
671.6756825665296,54171794261111.28,293947335055157.9,21496078.70989437,77393388.10882796,98889466.81872234,146727727.02599686,9.92082839637318e-05,692.7152717975141,676.3447298412166,0.00951479783184114,0.014117627527885696,0.014253244265519967,0.9763675746402731,1.0046028296960445,1.0195117956912532
689.182386009512,55755013177301.78,299516771400381.44,20835364.92278045,71485491.3074414,92320856.23022185,145769884.52554578,9.867479265285599e-05,710.7703557443456,694.4878461734403,0.00888278914784002,0.014025467280290834,0.01415116913188479,0.9770917435718691,1.0051426781324508,1.0182090271848638
707.1453880403336,57366327078679.055,304914638180282.9,20056531.49318377,65562471.41328347,85619002.90646723,144991040.19301727,9.806555198276076e-05,729.2960313896707,713.114053745665,0.008237960314946512,0.013950529608920147,0.014066408120793081,0.9778115100761333,1.0057125692939737,1.0168829764691627
725.5765817262366,58995290699267.73,310104075339906.6,19224530.236340456,59590060.60295342,78814590.83929387,144350835.0811483,9.737326136748587e-05,748.3045643395267,732.2368228470853,0.007583263639289674,0.013888931317349711,0.013995059543515747,0.9785278050433606,1.0063056676780602,1.0155397112822764
744.4881701179987,60638817282748.08,315045412774383.1,18458821.074934267,53623229.427035704,72082050.50196996,143671270.87135482,9.659281842800439e-05,767.8085398934201,751.8695807301837,0.006935482209526474,0.013823546031353653,0.013920088557902015,0.9792409717591198,1.0068880638218272,1.0142131361658915
763.8926743294103,62298014887799.89,319704580197883.0,17602133.502008446,47805216.294535704,65407349.79654415,142970594.9175291,9.572241397159385e-05,787.8208713768851,772.025539258723,0.006293265906382748,0.013756129447355832,0.013843248692385198,0.9799506046462614,1.007462863540973,1.0129004600076144
783.8029418273364,63959562205567.13,324061285701555.1,16818190.986587986,42318222.07843184,59136413.06501982,141907722.50807047,9.476060950279682e-05,808.3548086912242,792.7181857027953,0.005689898357378791,0.013653863590107564,0.013731997258753676,0.9806562380525137,1.0079639652327288,1.0116684317005744
804.2321549378613,65636374447537.37,328112307690605.44,16126250.846067812,37304114.83914503,53430365.685212836,140348484.33052236,9.371677914339503e-05,829.4239470860996,813.959568470934,0.005140882481529297,0.013503839158706243,0.013573619541618695,0.9813552783597644,1.008362956677177,1.0105477844664448
825.1938395741265,67336295851307.11,331866917205907.4,15563265.808640493,32796465.593344413,48359731.40198491,138249103.43169975,9.260143680969183e-05,851.0422361607616,835.7619022416637,0.00465300382633786,0.013301844088180246,0.013364026956745264,0.9820451520854819,1.0086488402618423,1.009551667419487
846.7018741916658,69060571612977.46,335335636373824.25,14969754.345195621,28705463.093030393,43675217.438226014,135879227.0747096,9.14231598613434e-05,873.2239890999018,858.1380848337362,0.004202276314708037,0.013073822892914255,0.013128994555771906,0.9827239007923777,1.0088715465782063,1.0086316867555187
868.770498977145,70803550151234.84,338517859201187.9,14344153.07553114,24867085.74056738,39211238.81609852,133414065.80903491,9.018598854000341e-05,895.9838921502201,881.1021358061225,0.0037727679405445465,0.012836633717764011,0.012885246763659954,0.9833905983416914,1.0090638657772195,1.0077557703069409
891.4143252766006,72564510990483.75,341394865346754.1,13788179.788686685,21123395.705804266,34911575.49449095,130912900.34748599,8.88909994433109e-05,919.3370143439946,904.668946539738,0.003359069408575789,0.012595980345102524,0.012638433721187678,0.9840449502463217,1.0092369109365267,1.0069129753208799
914.6483452694234,74344602308359.6,343930779751653.1,13192473.756343832,17376687.439329818,30569161.195673652,128579916.39881736,8.753622743904204e-05,943.2988174760933,928.8543030995446,0.002941257527447107,0.01237150880803575,0.01240800394303379,0.9846872336645172,1.0094302512805886,1.006063462280956
938.4879418944821,76128788754924.88,346077733258217.4,12534657.867348645,13584482.128247857,26119139.995596502,126467908.00440946,8.611442677824252e-05,967.8851663410231,953.6752659144507,0.0025130920875043672,0.012168298764151299,0.012198955863607946,0.9853186091483443,1.0096552066766469,1.005194782340851
962.9488990349606,77914836777270.56,347779202338037.3,11953621.938183451,9725203.18260343,21678825.120786883,124451790.63254026,8.462019118536631e-05,993.1123392367988,979.1490053819729,0.002085860556152519,0.011974315018301367,0.011999343976601868,0.9859398244255461,1.0098884544621487,1.0043294175745738
988.047411968666,79715752377369.9,348971615028316.9,11423735.261934485,5805258.09304117,17228993.354975656,122547854.80711095,8.305056191521381e-05,1018.9970387425949,1005.2927123092888,0.001657713342910769,0.011791124987587906,0.011810703748781426,0.9865511616695013,1.0101334116446772,1.0034636648649964
1013.8000980907054,81510276182077.39,349593285839447.5,10740878.428027418,1928579.6067408752,12669458.034768293,120844626.02895634,8.139710457507467e-05,1045.5564027773016,1032.1249163899902,0.0012190108382401847,0.011627246285367553,0.011641437323637762,0.9871537428763922,1.0104082354471273,1.0025783593856692
1040.2240079156416,83277182640866.98,349607113828208.6,10036567.508636853,-1662995.0043402147,8373572.504296638,118967414.86669344,7.965712593188742e-05,1072.8080159463113,1059.6636466448247,0.0008056757920911563,0.011446627608058379,0.011455857314974704,0.9877476965998505,1.0106409518159674,1.0017447666628192
1067.3366363664215,85030927101038.5,349024399638535.0,9524950.420323001,-4692297.37650362,4832653.043819381,116448239.3470094,7.784367802744672e-05,1100.7699211840625,1087.9247922667362,0.00046498093459906896,0.011204241370738928,0.011209453552928314,0.988330777694662,1.0107392604361398,1.0010563954803704
1095.1559343575268,86786697838350.4,347902622129058.7,9061736.413783614,-7053766.768668296,2007969.6451153178,113357855.2235851,7.597709486590758e-05,1129.46063170002,1116.9235111136522,0.00019319980014422423,0.010906895443988042,0.010909003061199239,0.9888999047558678,1.0107136956438438,1.0005055781224244
1123.7003206800441,88541692597641.84,346305533192320.1,8559712.592171337,-8931067.847703809,-371355.25553247146,109990351.60495539,7.407401296126604e-05,1158.8991432360356,1146.676053705558,-3.5730500869827864e-05,0.01058288605087451,0.01058250793256562,0.9894528444499954,1.0106186165517443,1.0000405368419263
1152.9886941965024,90294976941856.62,344250177203301.44,8200415.780695234,-10686317.055324022,-2485901.2746287873,106534189.80458502,7.214222567830549e-05,1189.1049466431743,1177.2006248960192,-0.00023918470610593902,0.010250346278312703,0.010247895138525791,0.9899888384277933,1.0104895309844186,0.9996267823207313
1183.0404463535567,92052343771903.38,341685529757569.25,7693644.11860252,-12585841.303375343,-4892197.184772823,103537926.43775775,7.017904070759915e-05,1220.098040786349,1208.5176678128937,-0.00047071006310454687,0.009962056320813248,0.009957369286887861,0.9905086537422912,1.0104327663839177,0.9991583099109638
1213.8754740208187,93779954874957.97,338528311888327.6,7188379.364235361,-14589405.001236476,-7401025.637001115,100789954.49693994,6.81709078894506e-05,1251.8989457853113,1240.6499385127822,-0.0007121007418659346,0.009697656093917664,0.009690755299879379,0.9910144446479483,1.0104097568357837,0.9986711042762665
1245.514192664302,95472584769358.67,334729430772543.25,6704347.583215461,-16423196.780661719,-9718849.197446257,97991304.50139995,6.61155224848444e-05,1284.5287166007445,1273.6188722656043,-0.000935113599523879,0.009428379802252952,0.009419571432904356,0.991506733797271,1.010363493401777,0.998220963321343
1277.9775498632428,97143542200824.67,330305218847904.06,6297825.637668639,-17876930.007602002,-11579104.369933363,94887302.3769152,6.402366216240891e-05,1318.0089569744855,1307.4442943702145,-0.0011141008309374933,0.009129723599179095,0.009119563485921642,0.9919843772317584,1.0102438244301166,0.9978585048140693
1311.2870391792117,98796916778283.84,325306630938822.5,5901024.928343671,-18955032.907842513,-13054007.97949884,91564282.41586354,6.190900314211605e-05,1352.3618337330724,1342.146114914863,-0.0012560108858495438,0.008809994267656468,0.008798942699841501,0.9924460166181931,1.010066005153506,0.9975699362587309
1345.4647143867148,100417366432426.62,319780147282266.9,5478911.568174396,-19742615.57753728,-14263704.009362884,88149163.82762825,5.978067851872829e-05,1387.6100914641056,1377.7455714183347,-0.001372403597150502,0.00848140352908582,0.008469779573132582,0.9928910000680646,1.0098538071262364,0.9973323787570947
1380.5332040747157,102005248198478.66,313758975270055.25,5116994.014566682,-20327008.803985957,-15210014.789419275,84649026.26669742,5.7647427688935495e-05,1423.7770675751483,1414.2645591842224,-0.0014634543030344147,0.008144632563003663,0.008132730683289782,0.9933188217400307,1.0096080868660382,0.9971454564803287
1416.5157266287213,103576014603579.94,307247808526383.1,4821043.478199815,-20857317.213270962,-16036273.735071147,81208558.4302772,5.5515453710824925e-05,1460.8867077451112,1451.7260003133788,-0.0015429540422638647,0.007813602808636614,0.007801565351841005,0.9937293512336273,1.0093565568509004,0.9969819000990344
1453.4361056033665,105104529420637.97,300213941403632.2,4344866.097482253,-21388666.3624511,-17043800.264968846,78117556.83359203,5.3380191222521664e-05,1498.9635817783696,1490.1552179489645,-0.0016398947130004786,0.007516197470773173,0.007503891878155258,0.9941236972422273,1.0091560921837737,0.9967843880610968
1491.3187854956834,106575658700600.97,292646608279865.06,4022511.915737801,-21748951.488145187,-17726439.572407387,74864291.1702113,5.124174869393713e-05,1538.0328998721138,1529.5774043893493,-0.0017055758741119273,0.007203179653242805,0.007190915002102429,0.9945023962208691,1.0089087555273548,0.9966490914007499
1530.188847929478,108003829133150.14,284594659547623.4,3729643.0275127757,-21866929.102766693,-18137286.07525392,71508697.2240412,4.9111507502059784e-05,1578.1205293076866,1570.0165488538626,-0.00174510608435838,0.0068803161670629625,0.006868330202237656,0.9948647899172954,1.0086254222514213,0.9965659147655126
1570.0720282615378,109396076627436.12,276092921169197.7,3403198.103783528,-21899407.80552465,-18496209.70174112,68272549.8791544,4.6997210920479986e-05,1619.253011576963,1611.49791510252,-0.0017796404574616075,0.006568945414128356,0.006557275820786948,0.9952106950433333,1.0083485858715902,0.9964930450248649
1610.9947326206839,110711649004993.8,267146077098169.84,3075656.1493213587,-21817847.25008197,-18742191.100760613,65085836.5724688,4.48966420993554e-05,1661.4575799551362,1654.049102216996,-0.0018033079253664986,0.006262331031054234,0.006251058447813363,0.9955409768943123,1.0080656389564209,0.9964420532059435
1652.9840553909087,111977127379768.03,257819120950999.2,2799591.695540064,-21467290.08315381,-18667698.387613747,61747659.17500301,4.282264717921461e-05,1704.7621775314951,1697.6959335212337,-0.0017961404976480637,0.0059411433041355235,0.005930491308525331,0.9958549971935126,1.0077372838017835,0.9964524201966282
1696.067797150222,113189749751405.44,248193502742257.88,2559238.955772775,-21017148.248348054,-18457909.292575277,58446097.991657935,4.078537766646941e-05,1749.1954757101894,1742.4654053005806,-0.0017759553263570194,0.005623478660978249,0.005613509319203255,0.9961524766653788,1.0073994339873353,0.9964889298911445
1740.2744830770444,114336259578151.11,238243194466856.88,2234726.45220445,-20712384.03435626,-18477657.582151808,55534774.14216276,3.878099279654101e-05,1794.7868931931841,1788.3875700286515,-0.0017778554375507604,0.00534336128607377,0.005333878421319193,0.996434494151477,1.0071212167236245,0.9964820991808707
1785.6333818363448,115397787375758.34,227893168511731.94,1983497.1329274445,-20487552.00769719,-18504054.874769747,52775143.226299524,3.680016279463559e-05,1841.566615457988,1835.494152706305,-0.001780395292508499,0.005077839273470846,0.005068814779498829,0.9967025560190377,1.0068582345659793,0.996474298611101
1832.1745249580529,116366399570816.48,217125137690375.53,1702014.1305507426,-20216285.68678879,-18514271.556238048,50137140.22161329,3.484156478994223e-05,1889.565614743075,1883.8163438613678,-0.001781378305783931,0.004824019872104361,0.004815441748640566,0.9969573584336796,1.0066053981778882,0.99646984737359
1879.9287267205243,117239462507529.05,205963821638383.97,1424734.0544020724,-19847230.10737593,-18422496.05297386,47532557.61260404,3.290895221763373e-05,1938.8156705541799,1933.385303638313,-0.0017725479885867014,0.004573416064051868,0.004565323808517833,0.9971991319245348,1.0063459640526384,0.996485076497138
1928.9276045522818,117994538972893.95,194466723141844.62,1158209.484688255,-19383946.275378574,-18225736.790690318,44956690.47801001,3.1007012810176696e-05,1989.3493907051059,1984.2328663195615,-0.0017536165021261468,0.004325575158283066,0.004318003036901326,0.9974280413438431,1.0060791916604093,0.9965205512601422
1979.2035999654934,118617236668921.3,182521230395535.6,868635.1598131903,-19528220.869553316,-18659585.709740125,43129667.34250668,2.9124296071952485e-05,2041.2002329069207,2036.3943790835865,-0.0017953599242227477,0.004149785396970291,0.0041423483906775005,0.9976455745272524,1.005945145321193,0.9964360249028681
2030.7900000350642,119065260238165.19,169386454368862.12,460669.0328222007,-21042571.972382195,-20581902.939559996,42845391.651873395,2.71886586912445e-05,2094.402526919863,2089.9160761915828,-0.0019803185492290876,0.0041224333865702255,0.004114285790103254,0.9978578851626588,1.0061027519357992,0.9960679576868853
2083.7209594375827,119155307477696.44,154561707090764.25,0.0,-21898799.51429167,-21898799.51429167,41965353.66830121,2.514443657526167e-05,2148.991497282634,2144.8423674168935,-0.0021070257211565605,0.004037759216839085,0.004029269442486296,0.9980692665043175,1.0061447849379956,0.995815396986268
2138.031523064678,119155307477696.44,139277046716157.66,0.0,-20220177.26197441,-20220177.26197441,38215879.67564909,2.3137288078248755e-05,2205.0032866341016,2201.1853600446407,-0.0019455145725920026,0.003676997973366824,0.0036698582107384864,0.9982685165992252,1.0056225125459588,0.9961337123405061
2193.7576492257717,119155307477696.44,124870020963393.64,0.0,-17863562.3409532,-17863562.3409532,34003718.67691401,2.1292464514169092e-05,2262.4749796428496,2258.961470793028,-0.0017187693462058506,0.003271718608158005,0.003266104927127766,0.9984470507380478,1.0049904879543639,0.9965819345245781
2250.936233455618,119155307477696.44,111375077475256.89,0.0,-16021774.302563684,-16021774.302563684,30504553.802712217,1.9603998366983647e-05,2321.4446275604687,2318.2097356244767,-0.0015415589576969935,0.0029350412305830815,0.002930523655591062,0.998606517727114,1.00447660018828,0.996932558297185
2309.6051329423426,119155307477696.44,98616134770929.83,0.0,-14355910.98680965,-14355910.98680965,27350890.002539434,1.804857280091651e-05,2381.9512734147825,2378.973045120896,-0.0013812754292810098,0.0026316067551677594,0.0026279767953915644,0.9987496686741133,1.0040128821844487,0.9972500496537406
2369.803191592183,119155307477696.44,86643377208419.56,0.0,-12726161.615420617,-12726161.615420617,24390716.25981663,1.6623022356775692e-05,2444.0349778597124,2441.2919822744693,-0.0012244666579913155,0.002346789214784383,0.0023439191639191372,0.9988776774432069,1.0035712558727756,0.9975610378650618
2431.570265747543,119155307477696.44,75519992117947.62,0.0,-11182982.086619362,-11182982.086619362,21663610.68088156,1.532511358234511e-05,2507.736845698927,2505.208020434935,-0.001075987333477454,0.002084396676080345,0.0020821563022727792,0.9989915906573971,1.0031603840095578,0.9978558196821136
2494.9472505753356,119155307477696.44,65266657858881.836,0.0,-9755080.871782247,-9755080.871782247,19185696.346088555,1.4149169594746547e-05,2573.099053100775,2570.764272523558,-0.0009385996842152649,0.0018459804453265067,0.001844249433390712,0.9990926192388888,1.0027845801295419,0.9981288351276988
2559.9761071431485,119155307477696.44,55885819538265.7,0.0,-8442634.475441584,-8442634.475441584,16944581.690470822,1.3088318751323966e-05,2640.1648755225838,2638.0051479000977,-0.0008123206928520956,0.0016303482495814501,0.0016290249588981646,0.9991819724432707,1.0024426689424335,0.9983799854903552
2626.69989020111,119155307477696.44,47375938634776.7,0.0,-7239965.731519119,-7239965.731519119,14922861.60504213,1.2135703301909798e-05,2708.9787163627666,2706.976181572973,-0.0006966041223696861,0.0014358254302736138,0.0014348259246196409,0.9992607786920961,1.0021324295526433,0.9986103020406455
2695.1627766878637,119155307477696.44,39731221596683.18,0.0,-6144738.460515311,-6144738.460515311,13107270.47851549,1.1284485224032926e-05,2779.586136359718,2777.724062635282,-0.0005912251937662669,0.0012611356167886948,0.0012603904422052808,0.9993300895769776,1.001852360810555,0.9988201841379528
2765.410094979557,119155307477696.44,32937332945150.465,0.0,-5157034.542903622,-5157034.542903622,11487552.413802758,1.0527574657946645e-05,2852.033883757,2850.2967092414224,-0.0004961917852939558,0.0011052920226617936,0.001104743857834682,0.9993908997626322,1.0016014838079557,0.9990095738101332
2837.4883549011397,119155307477696.44,26969075704854.42,0.0,-4276574.28788292,-4276574.28788292,10053604.550041575,9.857533856182387e-06,2926.3699252547135,2924.7433154079267,-0.0004114769860843477,0.0009673225860371739,0.0009669247187681247,0.9994441544000472,1.0013787995721215,0.999178487864575
2911.445278519928,119155307477696.44,21790429116983.902,0.0,-3501456.3669719975,-3501456.3669719975,8794248.125318177,9.266654821653851e-06,3002.6434777676445,3001.114369960399,-0.0003368978569762498,0.0008461517256315964,0.0008458667549345716,0.9994907461313447,1.0011830495826077,0.9993272596428859
2987.3298317417475,119155307477696.44,17355682488795.793,0.0,-2828034.4540029815,-2828034.4540029815,7697164.700576359,8.747100464036942e-06,3080.905041011121,3079.461665826899,-0.00027210356124829664,0.0007405942044224112,0.0007403927409208842,0.9995315093568259,1.0010126977656708,0.999456562801497
3065.1922567306065,119155307477696.44,13611009660178.668,0.0,-2251065.416160239,-2251065.416160239,6749097.989119082,8.291056273755974e-06,3161.206430936204,3159.8383084451307,-0.00021658962304121706,0.0006493745489746722,0.0006492339316421522,0.9995672150740665,1.000865964172016,0.9995673827688291
3145.0841051733905,119155307477696.44,10496377062556.584,0.0,-1763903.723599567,-1763903.723599567,5936090.705560181,7.890882460878053e-06,3243.6008140363647,3242.2987249643957,-0.00016971663276987335,0.0005711498382169768,0.0005710529210380848,0.999598566794553,1.000740866470987,0.9996609791170001
3227.058272411545,119155307477696.44,7947675345557.848,0.0,-1358811.588840699,-1358811.588840699,5243822.603698935,7.5392580631763675e-06,3328.142742548313,3326.898675666885,-0.00013074008764838783,0.000504542228260735,0.0005044762729885879,0.9996261978593877,1.0006352823159093,0.9997388255245192
3311.169032462377,119155307477696.44,5898834842890.029,0.0,-1027378.1600907906,-1027378.1600907906,4658037.53639113,7.229302616086422e-06,3414.8881905702997,3413.6952700090023,-9.885072500221102e-05,0.00044818004260387,0.00044813574406067023,0.9996506706823983,1.000547030767606,0.9998025286465178
3397.4720739531845,119155307477696.44,4283714921884.5054,0.0,-760938.7533822549,-760938.7533822549,4164948.614708902,6.954665591393597e-06,3503.8945911218566,3502.746988922654,-7.321485931477006e-05,0.00040073675512485713,0.0004007074173876667,0.9996724781041899,1.0004739516144396,0.9998537469039985
3486.024536991957,119155307477696.44,3037708164218.8174,0.0,-550896.1241285913,-550896.1241285913,3751527.299055621,6.709584359825309e-06,3595.2208741694294,3594.113713276374,-5.300529385032567e-05,0.00036095880541636493,0.00036093967370289806,0.9996920464884339,1.0004139640992666,0.9998941281040427
3576.8850509990775,119155307477696.44,2099125446103.4314,0.0,-388923.31049354665,-388923.31049354665,3405662.6377970655,6.488918440521081e-06,3688.9275056431247,3687.8567572404977,-3.742083753186816e-05,0.00032768092016812194,0.0003276686585324867,0.9997097399173638,1.0003651017577,0.9999252698844101
3670.1137735251127,119155307477696.44,1410446890151.9072,0.0,-267090.90003209683,-267090.90003209683,3116239.1004475825,6.288167686428181e-06,3785.0765274704268,3784.0389053200774,-2.5698550091168624e-05,0.0002998336020032384,0.00029982589691240793,0.9997258649480879,1.0003255321520945,0.9999486947719525
3765.7724300803093,119155307477696.44,919455021485.4257,0.0,-177975.21842393256,-177975.21842393256,2873192.1141727855,6.103477374773054e-06,3883.731598653318,3882.7244525920123,-1.7124151609450103e-05,0.00027644847300580775,0.0002764437391413072,0.9997406756786037,1.0002935726246152,0.9999658289950002
3863.924355002268,119155307477696.44,580178443207.2712,0.0,-114778.78352689721,-114778.78352689721,2667572.8236560533,5.931628453174254e-06,3984.9580374160896,3983.9792484623636,-1.1043612184147431e-05,0.0002566645056882398,0.00025666167121628035,0.9997543791064959,1.0002677081178724,0.9999779790152733
3964.6345333887602,119155307477696.44,353527083254.58716,0.0,-71458.96680988817,-71458.96680988817,2491617.5223213467,5.770009470495595e-06,4088.822864451666,4087.870744544426,-6.8755312809473645e-06,0.0002397347034201235,0.00023973305512800386,0.9997671408278608,1.0002466102347012,0.9999863065504062
4067.9696441234996,119155307477696.44,207516377944.57718,0.0,-42837.715105882584,-42837.715105882584,2338795.005509313,5.61656844220151e-06,4195.394847295113,4194.46804697502,-4.121694776225776e-06,0.00022503065658483054,0.00022502972908097172,0.9997790910381914,1.000229152351361,0.9999918072993766
4173.998104023376,119155307477696.44,117043884605.8672,0.0,-24662.19927119635,-24662.19927119635,2203803.6086717993,5.469746611743035e-06,4304.744545853748,4303.841972874756,-2.3729103584324995e-06,0.00021204225760497466,0.0002120417544488991,0.9997903306527535,1.0002144151679635,0.9999952991576694
4282.790113136301,119155307477696.44,63264828530.431335,0.0,-13598.876119927303,-13598.876119927303,2082503.456517126,5.3283997530097705e-06,4416.944359123886,4416.06511005081,-1.3084361882398537e-06,0.00020037118219267628,0.00020037092002011343,0.9998009372539955,1.000201679618381,0.9999974232811616
4394.417701219762,119155307477696.44,32680568174.778503,0.0,-7161.871821743776,-7161.871821743776,1971788.134140327,5.191714806386095e-06,4532.068573125302,4531.211878687424,-6.890902001359609e-07,0.00018971854199558184,0.00018971841126248383,0.9998109705482046,1.000190407632196,0.9999986578140514
4508.954775430767,119155307477696.44,16086685911.769539,0.0,-3591.9956960226705,-3591.9956960226705,1869414.765124926,5.059129717619819e-06,4650.193410085003,4649.358593757216,-3.45609233824169e-07,0.00017986853530749244,0.00017986847314328724,0.9998204770739263,1.0001802141445413,0.9999993411345371
4626.477169258784,119155307477696.44,7522523296.577907,0.0,-1710.4200464280643,-1710.4200464280643,1773818.024969132,4.9302626906212606e-06,4771.397078902961,4770.583527161033,-1.6457062084402119e-07,0.00017067055209222422,0.0001706705240048701,0.9998294940185286,1.0001708351227132,0.9999996999872586
4747.0626927341245,119155307477696.44,3331040717.681522,0.0,-770.7812909759747,-770.7812909759747,1683932.0346795442,4.804854482337848e-06,4895.759826933209,4894.966969031083,-7.416187377818317e-08,0.00016202203720956188,0.0001620220251937049,0.9998380521246643,1.0001620961990834,0.9999998779274022
4870.791183944931,119155307477696.44,1392001741.3415153,0.0,-327.6050860375538,-327.6050860375538,1599037.1574453297,4.6827247220103395e-06,5023.363993114558,5022.591288069488,-3.152101293097578e-08,0.00015385374972831526,0.00015385374487868937,0.9998461777712846,1.0001538852707412,0.9999999606289511
4997.744561896902,119155307477696.44,546999580.9292774,0.0,-130.86141316131136,-130.86141316131136,1518639.972822553,4.563741156207268e-06,5154.2940624860985,5153.540991138722,-1.2591026428541523e-08,0.0001461182144630963,0.00014611821262331803,0.9998538943765634,1.0001461308054895,0.9999999961684796
5128.006880750824,119155307477696.44,201363537.83337346,0.0,-48.941835127848,-48.941835127848,1442386.971011781,4.4477994892067296e-06,5288.63672212367,5287.902782524655,-4.709011806226171e-09,0.00013878141794026227,0.00013878141728673892,0.9998612232910715,1.0001387861269522,1.0000000098422583
5261.664385473707,119155307477696.44,69165744.4919584,0.0,-17.069999411604826,-17.069999411604826,1370007.346116587,4.334811080494656e-06,5426.480918534217,5425.765623360965,-1.6424155030464506e-09,0.0001318173041657922,0.00013181730394929342,0.9998681843382498,1.0001318189465813,1.0000000140909708
5398.805568940426,119155307477696.44,22074604.459957827,0.0,-5.529093687350681,-5.529093687350681,1301277.9487648348,4.22469595815513e-06,5567.917916546084,5567.220791672309,-5.319900118876027e-10,0.00012520440248936824,0.00012520440242276074,0.9998747961295007,1.0001252049344793,1.0000000146121626
5539.521230523729,119155307477696.44,6517213.9482563455,0.0,-1.655863164342231,-1.655863164342231,1236003.3909413803,4.117379126980677e-06,5713.041359734292,5712.361943408808,-1.5932134890352347e-10,0.00011892391336112259,0.00011892391334217546,0.9998810762459602,1.0001189240726827,1.0000000138242544
5683.904536211259,119155307477696.44,1771611.3378092246,0.0,-0.45637575681668624,-0.45637575681668624,1174005.533745544,4.012788750115225e-06,5861.947332420677,5861.285174746228,-4.39108754567797e-11,0.00011295869688051297,0.00011295869687555285,0.9998870413470303,1.0001129587407913,1.0000000126718458
5832.0510802895715,119155307477696.44,441236.58606246766,0.0,-0.11518998544103426,-0.11518998544103426,1115118.2595081965,3.910855308189295e-06,6014.734423290095,6014.089085840945,-1.1083176590822333e-11,0.00010729276978775542,0.00010729276978656628,0.9998927072412954,1.000107292780871,1.0000000114895722
5984.058948635833,119155307477696.44,100164.34069755768,0.0,-0.02648805138683844,-0.02648805138683844,1059184.9568443962,3.811511225987207e-06,6171.50379066467,6170.874846165794,-2.5485874483193345e-12,0.00010191106348440539,0.00010191106348414565,0.9998980889390642,1.000101911066033,1.0000000103807678
6140.028783659176,119155307477696.44,20611.596662997414,0.0,-0.005518915338966428,-0.005518915338966428,1006057.2783491034,3.714690703921139e-06,6332.35922947938,6331.746261513465,-5.310106868871379e-13,9.679930450319445e-05,9.679930450314306e-05,0.9999032006960278,1.000096799305034,1.0000000093690435
6300.063850934749,119155307477696.44,3822.5652874180437,0.0,-0.0010359066091377529,-0.0010359066091377529,955594.447047456,3.6203296317178057e-06,6497.407240003346,6496.809842732032,-9.967130247230455e-14,9.194394777710705e-05,9.194394777709789e-05,0.9999080560523226,1.0000919439478768,1.0000000084534901
6464.2701075744535,119155307477696.44,635.0286361308501,0.0,-0.00017410353947005906,-0.00017410353947005906,907662.7844045699,3.5283655325475453e-06,6666.757098352219,6666.174876246564,-1.6751632233009033e-14,8.733213122613815e-05,8.73321312261367e-05,0.9999126678687906,1.000087332131243,1.0000000076268676
6632.756272379791,119155307477696.44,93.89276082340595,0.0,-2.6033132719441766e-05,-2.6033132719441766e-05,862135.3267160152,3.438737517842798e-06,6840.520928838503,6839.9534964169015,-2.5048167688985973e-15,8.29516388477296e-05,8.29516388477294e-05,0.9999170483611548,1.00008295163885,1.0000000068809696
6805.633897823135,119155307477696.44,12.272233753205084,0.0,-3.4398193579590843e-06,-3.4398193579590843e-06,818891.4808961718,3.3513862460070648e-06,7018.813778207565,7018.260759780473,-3.3096736004281697e-16,7.879086759793234e-05,7.879086759793232e-05,0.9999212091324023,1.000078790867598,1.0000000062080003
6983.017443905133,119155307477696.44,1.4078580122905269,0.0,-3.98778968837678e-07,-3.98778968837678e-07,777816.7031549703,3.266253882901182e-06,7201.753691808542,7201.214721229739,-3.836911442788995e-17,7.483879647480896e-05,7.483879647480896e-05,0.9999251612035253,1.0000748387964749,1.0000000056008453
7165.02435393721,119155307477696.44,0.14068856196906906,0.0,-4.02571507168487e-08,-4.02571507168487e-08,738802.1951904742,3.183284063506124e-06,7389.46179175067,7388.936512174829,-3.873401917101396e-18,7.108495728714883e-05,7.108495728714883e-05,0.9999289150427129,1.0000710849572871,1.0000000050530713
7351.775132299215,119155307477696.44,0.012149687703984087,0.0,-3.5108743419570057e-09,-3.5108743419570057e-09,701744.6159288005,3.1024218545961465e-06,7582.06235709661,7581.550420743035,-3.3780402151379305e-19,6.751940691909387e-05,6.751940691909387e-05,0.9999324805930809,1.000067519406919,1.0000000045588704
7543.393424223766,119155307477696.44,0.0008991466765523614,0.0,-2.623053199067497e-10,-2.623053199067497e-10,666545.8077829935,3.023613718366889e-06,7779.682906145954,7779.183974068324,-2.5238098347766824e-20,6.4132700991727e-05,6.4132700991727e-05,0.9999358672990083,1.0000641327009918,1.0000000041130033
7740.006097660173,119155307477696.44,5.652083717881718e-05,0.0,-1.664091330783397e-11,-1.664091330783397e-11,633112.5366527395,2.9468074769884975e-06,7982.454280863463,7981.968022725414,-1.6011303423395355e-21,6.0915868846756106e-05,6.0915868846756106e-05,0.9999390841311533,1.0000609158688467,1.000000003710743
7941.743327272018,119155307477696.44,2.9898044712380645e-06,0.0,-8.881247680891071e-13,-8.881247680891071e-13,601356.2449669834,2.8719522780593555e-06,8190.510733507786,8190.036827364206,-8.545225178844615e-23,5.786038978514041e-05,5.786038978514041e-05,0.9999421396102148,1.0000578603897852,1.0000000033478247
8148.738680624064,119155307477696.44,1.3178178729772107e-07,0.0,-3.948431365732182e-14,-3.948431365732182e-14,571192.8171138775,2.7989985609373848e-06,8403.990015518093,8403.528147601959,-3.799042244479916e-24,5.4958170497582345e-05,5.4958170497582345e-05,0.9999450418295024,1.0000549581704976,1.0000000030204006
8361.129206615633,119155307477696.44,4.789998992399066e-09,0.0,-1.4471801414642629e-15,-1.4471801414642629e-15,542542.3566365386,2.7278980239265756e-06,8623.033468717538,8622.583333232184,-1.3924259999833244e-25,5.220152362708447e-05,5.220152362708447e-05,0.9999477984763729,1.000052201523627,1.0000000027249991
8579.055526218814,119155307477696.44,1.4201234420799138e-10,0.0,-4.3252937611922175e-17,-4.3252937611922175e-17,515328.97460446425,2.6586035922970923e-06,8847.786118893759,8847.347417810402,-4.1616460301590124e-27,4.958314740678895e-05,4.958314740678895e-05,0.9999504168525932,1.0000495831474068,1.0000000024584885
8802.66192558182,119155307477696.44,3.3947798541260433e-12,0.0,-1.0420583967336627e-18,-1.0420583967336627e-18,489480.5886000083,2.591069387117695e-06,9078.396771818603,9077.96921467903,-1.0026320590916713e-28,4.7096106319160925e-05,4.7096106319160925e-05,0.9999529038936809,1.0000470961063193,1.000000002218043
9032.096451558924,119155307477696.44,6.464027961807532e-14,0.0,-1.9992505957138335e-20,-1.9992505957138335e-20,464928.7317875072,2.525250694879912e-06,9315.01811177045,9314.601415494706,-1.923608837761844e-30,4.473381272528919e-05,4.473381272528919e-05,0.9999552661872747,1.0000447338127252,1.0000000020011142
9267.511009730299,119155307477696.44,9.67886754691654e-16,0.0,-3.0155646381613156e-22,-3.0155646381613156e-22,441608.3715593058,2.4611039378938186e-06,9557.806802624422,9557.400691323386,-2.901470581649639e-32,4.249000941564251e-05,4.249000941564251e-05,0.9999575099905843,1.0000424900094156,1.0000000018054012
9509.061464976769,119155307477696.44,1.1243360173184649e-17,0.0,-3.52793480940179e-24,-3.52793480940179e-24,419457.73727830907,2.3985866454358102e-06,9806.923591577546,9806.527796370268,-3.3944551988440716e-34,4.035875303606183e-05,4.035875303606183e-05,0.9999596412469639,1.000040358753036,1.000000001628829
9756.907744675827,119155307477696.44,9.988934388099641e-20,0.0,-3.1559327407048234e-26,-3.1559327407048234e-26,398418.1566608066,2.3376574256293083e-06,10062.533415577285,10062.147674412972,-3.036527849193503e-36,3.833439834508924e-05,3.833439834508924e-05,0.9999616656016549,1.000038334398345,1.0000000014695263
10011.213944587507,119155307477696.44,6.685877110603244e-22,0.0,-2.126465599065107e-28,-2.126465599065107e-28,378433.9003661614,2.278275938039733e-06,10324.805510524186,10324.429568008687,-2.046010654356045e-38,3.641158326093259e-05,3.641158326093259e-05,0.999963588416739,1.000036411583261,1.0000000013258035
10272.1484375,119155307477696.44,3.318364039578005e-24,0.0,-1.0622479986712632e-30,-1.0622479986712632e-30,359452.0343817293,2.220402866965634e-06,10593.913523320703,10593.547130547426,-1.0220577863123228e-40,3.4585214658459954e-05,3.4585214658459954e-05,0.9999654147853415,1.0000345852146584,1.0000000011961372
