CID,z,Width,Width_err,band
1290816,0.21892,1.4765120781249996,0.1663816798397753,g
1910132,0.26371,1.2755572812500002,0.1683015077325198,g
1336480,0.25695,1.2284722265624999,0.16821260723884152,g
1306378,0.36195,1.423663359375,0.16121196926516485,g
1337649,0.26238,1.4206706171875003,0.1778282404611784,g
1264434,0.31179,1.39787621875,0.20666794684975012,g
1260241,0.33442,1.268741515625,0.19944738809739232,g
1479069,0.17353,1.4080067949218746,0.15661676501818506,g
1920365,0.366,1.3387867187500002,0.15109256497359297,g
1578103,0.16092,1.1069553593750001,0.14701168056986133,g
1324790,0.35775,1.2728906249999998,0.17832734558377372,g
1291090,0.29292,1.4525148125,0.17720733548438652,g
1860025,0.23625,1.181439697265625,0.17032693251164147,g
1334084,0.13431,1.0990843574218747,0.12878208464698052,g
1335323,0.20081,1.1585940234375,0.17005427301368292,g
1247420,0.15123,1.21643638671875,0.1454490172739883,g
1653101,0.3305,1.5456667968750006,0.19815772341759516,g
1502065,0.27405,1.44077138671875,0.1764043274147174,g
1317612,0.10525,1.0829075439453124,0.1219641466578143,g
1299775,0.16051,1.1781896445312503,0.15030493838902145,g
1905171,0.30404,1.4161059374999998,0.17498902146075523,g
1334645,0.248,1.1661,0.1788670096532279,g
1256680,0.29546,1.3318948125000003,0.1770768789176437,g
1550021,0.20676,1.105411015625,0.16326242741795594,g
1367234,0.25278,1.3937177500000002,0.17383819956632582,g
1770386,0.36892,1.266251,0.14507280844771034,g
1919017,0.21939,1.1755681718749997,0.16205147069753814,g
1339392,0.18191,1.1210831865234376,0.17596286220827365,g
1323600,0.37145,1.8043139062500004,0.21955225522215768,g
1303883,0.25993,1.3357226640625002,0.1636056256099572,g
1287437,0.33727,1.4344310234375,0.19344060785203065,g
1262131,0.33852,1.404923140625,0.1917354352389433,g
1248084,0.28165,1.495925859375,0.17469847497194993,g
1373042,0.2382,1.0408618749999996,0.16979229408510121,g
1302123,0.29207,1.144693265625,0.19410910679788992,g
1302187,0.21992,1.119133640625,0.16771103985830965,g
1879208,0.19515,1.2836191113281252,0.176032244635977,g
1344347,0.26453,1.4937260625000002,0.16776734923836434,g
1334087,0.26722,1.5048237500000003,0.18501761664343017,g
1283878,0.3139,1.2322944921875,0.20071234826576967,g
1336975,0.11088,1.1351805000000001,0.11523837486681367,g
1262573,0.23837,0.9783606738281256,0.17167361292801356,g
1306141,0.33286,1.38049933203125,0.20267342110509337,g
1294351,0.33926,1.414593375,0.1990902740507908,g
1904092,0.36896,1.2705659999999999,0.14098791239642713,g
1339756,0.27633,1.2523988124999998,0.17387992401497876,g
1334423,0.35888,1.47380090625,0.17463805746843267,g
1249851,0.21552,1.0825725000000004,0.16527445724200934,g
1250912,0.21995,1.2100021655273439,0.16459315565784693,g
1300179,0.31818,1.2780167031249996,0.17398241588677013,g
1316465,0.32961,1.3846641640625001,0.19881109127641916,g
1921361,0.34506,1.4521131152343747,0.19449642407179366,g
1289664,0.26,1.19281640625,0.17217667068392495,g
1331123,0.22248,1.05391146875,0.1657626186218735,g
1329312,0.34586,1.27882986328125,0.1933506815864516,g
1276546,0.35428,1.2505929374999998,0.19073183497033885,g
1256933,0.35332,1.12600453125,0.18867375385279805,g
1255735,0.36573,1.2403602539062497,0.15486842377233698,g
1366436,0.24,1.2380624999999998,0.17094965964665357,g
1519038,0.11992,1.104171125,0.11848277742405318,g
1371022,0.29178,1.4653629375000001,0.1911766548479183,g
1293366,0.32145,1.391393935546875,0.1740485080502071,g
1320704,0.27087,1.07775733203125,0.17909083361478462,g
1770442,0.34691,1.1777570449218748,0.19687507367847126,g
1770702,0.33943,1.5591802343749994,0.19534091298016,g
1277173,0.15035,1.1732671289062502,0.14348933430690744,g
1373028,0.25617,1.1177950234374996,0.16936193351973863,g
1316385,0.14784,1.2912079062500004,0.13953044767305656,g
1315259,0.22896,1.2233192656249998,0.17087783948998897,g
1292336,0.23446,1.1891321718749999,0.17586227803096408,g
1295315,0.34934,1.5296033906250006,0.18704262319157547,g
1335305,0.33501,1.32249428125,0.20140111745973002,g
1625037,0.31956,1.4226506250000002,0.19210147214141243,g
1292823,0.34672,1.452984625,0.19645898743127413,g
1302359,0.25358,1.3397636250000002,0.1726649432243188,g
1833339,0.13092,1.0498560078125005,0.12836318939974273,g
1339002,0.30356,1.20592030078125,0.17770575285562407,g
1278493,0.2734,1.3679101562500007,0.17641950680486487,g
1289288,0.29093,1.193858115234375,0.17577352981084857,g
1248925,0.34408,1.3162533437499997,0.201979379729988,g
1593067,0.34822,1.4459132851562502,0.19928664975187935,g
1291957,0.37244,1.4147926406250004,0.15423468813506955,g
1308357,0.34255,1.7791409667968758,0.20067122664064768,g
1304678,0.21927,1.0170902675781257,0.1670187392073072,g
1887027,0.21348,1.0997162500000002,0.16283484883338045,g
1840041,0.23993,1.1471774238281247,0.1714853482170087,g
1876421,0.34423,1.36523359375,0.19721082265381853,g
1773078,0.27235,1.4974963085937505,0.17769919535475337,g
1879532,0.37822,1.394371015625,0.15108523298086243,g
1342255,0.21976,1.2159482499999998,0.16481522910626145,g
1368530,0.34336,1.31344925,0.20299336946289204,g
1293758,0.14896,1.0475283750000002,0.14424751130668906,g
1318235,0.36101,1.46308575,0.16459396349725167,g
1780045,0.24326,1.4219786249999997,0.17097560521507568,g
1878148,0.2254,1.3053382031250003,0.16171623580678895,g
1338675,0.33153,1.3107248437499999,0.18527022622270667,g
1330530,0.33682,1.1953050703125,0.1972761671905203,g
1265165,0.31845,1.1984504492187495,0.19210743002215594,g
1302915,0.36022,1.2407358310546874,0.156729512996632,g
1834104,0.23972,1.30654865625,0.1681319026085484,g
1346137,0.36379,1.4319795000000002,0.1552571432645606,g
1282736,0.37908,1.37908,0.15454384259932563,g
1447133,0.36593,1.2293369999999997,0.1510756167050879,g
1292560,0.22582,1.3143447939453123,0.16974749720809149,g
1321006,0.30348,1.0942103593749999,0.18549920545624826,g
1247022,0.35859,1.4692407871093751,0.17164085423873351,g
1249483,0.28398,1.3634764179687506,0.1857565340052974,g
1310367,0.23433,1.0711187871093748,0.17935009668134202,g
1323016,0.33582,1.5841990312499996,0.2819937324687762,g
1314071,0.32813,1.2357834609374998,0.1950374112208672,g
1847079,0.33134,1.36670371875,0.1952607580231366,g
1850045,0.31413,1.182973666015625,0.20324481974422462,g
1317164,0.15555,0.8499611914062503,0.1399003572641043,g
1330817,0.27144,1.2426339375000004,0.17594785572455596,g
1259511,0.32816,1.4246591250000002,0.19023278209178385,g
1432026,0.15055,1.0123491699218752,0.14218022416902243,g
1650024,0.31102,1.2818293203125,0.20981131587942195,g
1469040,0.32764,1.3074142343749997,0.18516226662668736,g
1434248,0.23835,1.1532134375,0.16980957270749558,g
1295024,0.33494,1.2603710859374997,0.19990987638036586,g
1922067,0.1987,1.3794414843750005,0.18003837998949532,g
1306366,0.15145,1.1783246630859376,0.14613011240987997,g
1290967,0.28158,1.209491125,0.1732803326188608,g
1303496,0.18021,1.241064578125,0.17502076359550367,g
1921033,0.23797,1.3641849101562502,0.1671114007637772,g
1261784,0.26572,1.4751076640625,0.1780842369059588,g
1257366,0.21182,1.1952521484374996,0.1666937759059138,g
1371046,0.07411,1.028586197265625,0.11717085486329318,g
1300390,0.2686,1.1263780468749993,0.17631400775019093,g
1309293,0.33521,1.2840964921875,0.19945504658236618,g
1294340,0.36186,1.328877453125,0.1574902380675967,g
1253406,0.36229,1.29843265625,0.15517396169654504,g
1251552,0.35592,1.38716971875,0.16957272493120243,g
1258090,0.36757,1.21318416796875,0.14662808356058712,g
1861178,0.29201,1.44190334765625,0.1838624885739511,g
1927242,0.24666,1.0338512421875,0.1725996002666821,g
1943111,0.31615,1.2431448046874998,0.19145731722391757,g
1314897,0.33769,1.3517984492187498,0.19449711183006557,g
1330828,0.36807,1.5369411406250002,0.1433616159605055,g
1249970,0.26866,1.2669255039062501,0.17684901632332264,g
1432027,0.35088,1.383596625,0.1935265871411891,g
1297501,0.21541,1.3075152890625001,0.16601645054866335,g
1299643,0.37727,1.4203096874999999,0.15018276994336505,g
1773049,0.35118,1.4884092187500002,0.1811240515115024,g
1331836,0.35778,1.5922092031250004,0.17874313862975288,g
1258906,0.35013,1.3532943671875,0.20059718414685382,g
1531112,0.33582,1.32955834375,0.19941028806905592,g
1500031,0.36704,1.371312,0.15058343645275168,g
1317277,0.2381,0.9647265527343745,0.16912392829726455,g
1299746,0.36621,1.4665410468750004,0.1483843136974317,g
1315192,0.228,1.4083625000000004,0.16822576681370038,g
1305626,0.3268,1.2397287499999998,0.18465114333664703,g
1878334,0.36142,1.0351578242187502,0.31441349055276807,g
1867019,0.22191,1.37846721875,0.16082283462114166,g
1319366,0.23572,1.4809331875000002,0.1720564198332071,g
1263715,0.29279,1.3725793828125,0.18179829144442078,g
1250279,0.27476,1.387795359375,0.17877209327845595,g
1298893,0.19712,1.0329836249999997,0.17885480353197367,g
1297927,0.28605,1.3769777539062504,0.17297403040327541,g
1324509,0.21105,1.1217587158203122,0.16869785807129306,g
1319711,0.2427,1.2295933984374998,0.1692060526120249,g
1901059,0.25229,1.3648004296874998,0.17922638605182697,g
1880686,0.31457,1.3114889765625,0.2024125183191123,g
1337687,0.32917,1.343707796875,0.19314281093333063,g
1339702,0.2571,1.0538033593749996,0.16969909741703224,g
1260113,0.35583,1.242226275390625,0.17008767760233517,g
1450026,0.35926,1.3366941601562503,0.1750492965313755,g
1777124,0.30853,1.3959357148437501,0.20318107766400073,g
1879256,0.25028,1.054435359375,0.17365006442612796,g
1336453,0.18579,1.3750068808593747,0.1730600775342657,g
1340954,0.30566,1.2515975156250003,0.18464949788536936,g
1255412,0.37303,1.370884640625,0.15125451011056423,g
1259246,0.2233,1.1294021679687496,0.1649984784521883,g
1257016,0.3384,1.255795625,0.19228704759419307,g
1257934,0.29739,1.4524686484375,0.18948167660335408,g
1368131,0.308,1.2958652343750003,0.20674569268893017,g
1638030,0.37235,1.2780009375000003,0.14912662989968492,g
1297026,0.25956,1.2078983593750001,0.16274553691110236,g
1905244,0.36285,1.3790870800781252,0.15799597987884442,g
1328016,0.35167,1.1130157656249993,0.18642543175444318,g
1261503,0.35321,1.38545445703125,0.18834659004589416,g
1257040,0.35277,1.3385025039062501,0.18182771321109664,g
1599030,0.36872,1.4408985937500003,0.14462096840450067,g
1294743,0.31363,1.21510775,0.20109514483307203,g
1313594,0.2894,1.3624324218750001,0.18676668833618332,g
1306073,0.32964,1.2164128437499997,0.19884196671390553,g
1321973,0.37157,1.2585226289062494,0.14842753773817238,g
1316701,0.36213,1.1620671562499991,0.15539170050553436,g
1297318,0.33529,1.5115900078125004,0.19690209889213137,g
1862039,0.28792,1.0646721484375,0.16999109096845952,g
1918076,0.37077,1.4393085,0.14990461149532583,g
1849051,0.3065,1.4345982421875005,0.18901681443764273,g
1283373,0.20797,1.0645825454101563,0.17329487070038707,g
1307830,0.36,1.1900000000000004,0.1636379724300293,g
1368188,0.2405,1.1867126953125,0.16910063209008758,g
1434203,0.3768,1.4762953125,0.1504623402892691,g
1302188,0.3495,1.6188728515624997,0.19319363738355674,g
1919042,0.34909,1.2649036220703125,0.19067597215401128,g
1774102,0.31733,1.4027506171875,0.18920997443864046,g
1337838,0.313,1.431477734375,0.2063420834321237,g
1332747,0.34357,1.5060055136718749,0.20211652855358306,g
1330533,0.36495,1.3841446093749998,0.1546073373527325,g
1331700,0.36123,1.4264999150390623,0.15696279387033102,g
1256570,0.34601,1.175918501953125,0.1933986464819257,g
1262550,0.29304,1.2647547499999998,0.17451843293873995,g
1645158,0.36097,1.2929215,0.16320811457707732,g
1321450,0.25928,1.3271630625,0.16312178538130037,g
1335717,0.30528,1.3748779375000004,0.17110331696585715,g
1340700,0.32657,1.3260518085937498,0.18454185538925463,g
1643312,0.34083,1.333235455078125,0.1870419642063006,g
1371048,0.34489,1.1942465595703124,0.19499609929533196,g
1373040,0.26262,1.2870339414062504,0.1810629635628493,g
1792093,0.27761,1.4353149843750002,0.17822198029822686,g
1782065,0.20216,1.07396090625,0.17570309392424746,g
1332819,0.34234,1.3979212656250004,0.20094295794152955,g
1339217,0.33245,1.2679094531250001,0.18507468107711664,g
1336150,0.34905,1.6209678906250011,0.1918074218969218,g
1283936,0.3696,1.3011199999999998,0.19450796443309554,g
1281668,0.30791,1.386844412109375,0.21350256606601428,g
1336009,0.3427,1.3636796875,0.20097001480355173,g
1248441,0.24567,1.0524938320312494,0.1767902503385525,g
1291408,0.34818,1.1106686015624994,0.19735713341940964,g
1815065,0.13617,0.9939268417968747,0.1265091132989954,g
1923415,0.36255,1.3082608984374997,0.1621741045028847,g
1334644,0.2891,1.0587237304687493,0.1821581347234048,g
1249308,0.22896,1.313451,0.1713378866966784,g
1366482,0.32206,1.3623415156249998,0.19315978704072553,g
1538019,0.29162,1.4202774609375,0.16963603165557684,g
1300703,0.29674,1.0320733398437505,0.1856614742737631,g
1279420,0.25736,1.1316239999999995,0.16648294271875747,g
1317666,0.14227,1.1699343515624998,0.1305582609214466,g
1334597,0.29,1.4089218750000003,0.1834809197333776,g
1250017,0.18299,1.3535069179687498,0.17413237617696942,g
1262746,0.23176,1.252690296875,0.17337322801177962,g
1449074,0.33234,1.3266151015625,0.193491966970852,g
1309288,0.26838,1.4408004062500006,0.17567660468931065,g
1318661,0.34498,1.2567156874999998,0.19427775648257722,g
1291254,0.35116,1.453024796875,0.18114818874760558,g
1791116,0.31286,1.4277352500000005,0.2123967260243526,g
1913214,0.31721,1.1360936249999993,0.18501727006410817,g
1929216,0.33695,1.3776851953125,0.19686383657026754,g
1308582,0.36812,1.3157466562500002,0.14949301619804106,g
1278747,0.32426,1.0371645703125005,0.19407928960221302,g
1592028,0.32608,1.327634,0.19004469005413532,g
1319821,0.30929,1.2448483828125,0.20333421709444768,g
1333291,0.3657,1.3470283203124995,0.15328135312113472,g
1255312,0.35658,1.323725328125,0.1582279336385508,g
1366690,0.27223,1.176564267578125,0.17625356713539037,g
1313230,0.21883,1.2840564492187503,0.16868349041830316,g
1293783,0.32927,1.2228245507812496,0.19947682014475657,g
1318126,0.37397,1.391144625,0.15414323013598374,g
1291346,0.29876,1.4418265312500003,0.18588764624043966,g
1309492,0.33403,1.3853588886718753,0.20012779889966417,g
1318460,0.36704,1.401216,0.1465677303807003,g
1835110,0.34598,1.4253717890625,0.1934236591005083,g
1254356,0.35238,1.2578190546874999,0.19170203851314765,g
1248243,0.32489,1.4889486445312508,0.19746998782694494,g
1547071,0.29961,1.36915944140625,0.1895732477992896,g
1308326,0.32717,1.39301007421875,0.17952974363089558,g
1313057,0.33809,1.5168504609375009,0.1951482526920682,g
1321338,0.31153,1.5067225507812505,0.21938291996442638,g
1293319,0.2979,1.7673747656250014,0.1886793438262951,g
1871017,0.3377,1.38786375,0.19858425556225345,g
1281119,0.19947,1.2182117187500001,0.17682587088128499,g
1255974,0.34358,1.5577130625,0.20188339906019068,g
1560034,0.26982,1.24725093359375,0.17981975227533012,g
1432017,0.34627,0.9276641718749987,0.19335802714436934,g
1303215,0.32917,1.5373720195312495,0.1855439280360061,g
1292332,0.27358,1.3444726367187498,0.16999500672457082,g
1301936,0.34351,1.335375466796875,0.20089573301437527,g
1300912,0.33834,1.250380740234375,0.19070515651509284,g
1909375,0.33805,1.4467665625000001,0.19528413770713915,g
1257609,0.3344,1.62890625,0.20165794948347043,g
1250578,0.27962,1.4305751718750006,0.17503048621785824,g
1248677,0.35067,1.5107982597656253,0.20202888156012985,g
1294341,0.36897,1.355868529296875,0.1380568346204812,g
1292227,0.29279,1.1628797548828127,0.17793341381774155,g
1291511,0.37325,1.5781646484375005,0.15517326471361628,g
1902212,0.28219,1.3823610937500002,0.17345197562899436,g
1250034,0.16167,1.0891223471679687,0.14693617133034995,g
1264068,0.33147,1.3845207578125,0.18469867673122717,g
1260050,0.27372,1.2100339999999998,0.16753165797782582,g
1257695,0.18472,1.24164209375,0.17683998634405412,g
1334620,0.1972,1.16651005859375,0.17036906293458343,g
1249137,0.22397,1.21392962109375,0.16446324022111009,g
1259352,0.22034,1.2484650234374999,0.1619043415461704,g
1322819,0.33807,1.31768533984375,0.19459301800579706,g
1312897,0.28683,1.241338548828125,0.16850372626886337,g
1338128,0.3128,1.1763918749999993,0.21422887406773838,g
1327978,0.20786,1.306942265625,0.166590006283715,g
1336662,0.182,1.3626474609375006,0.17064400689757314,g
1273127,0.19024,1.0707510624999999,0.17547860111336744,g
1257356,0.33307,1.2976603281249997,0.19919128465485803,g
1371126,0.21648,1.0601433125000004,0.16580019842658208,g
1547086,0.27627,1.296460990234375,0.17541340653971826,g
1298079,0.26136,1.3480785000000002,0.17217635701760942,g
1310432,0.29574,1.3134551953125,0.18719132737960648,g
1310396,0.32358,1.2749797968750003,0.20297980143801722,g
1343533,0.36947,1.9343763749999994,0.436549680819619,g
1315795,0.37862,1.43247234375,0.22954026272277625,g
1324562,0.35349,1.3918212597656252,0.1799527056688903,g
1250665,0.29564,0.9838766249999995,0.18824823552855302,g
1569050,0.33086,1.33086,0.19883660785169763,g
1901115,0.29979,1.200274828125,0.18393490316943625,g
1282114,0.21881,1.1464431562499997,0.16660930313001476,g
1319066,0.33449,1.5166791621093751,0.19984248800008572,g
1253119,0.3201,1.2571889843750002,0.17407139387950574,g
1260556,0.27487,1.2781069746093752,0.17990306776721227,g
1261193,0.19293,1.2814677734375002,0.1746472160675065,g
1305835,0.34291,1.1109170517578126,0.19848966386637243,g
1879426,0.2299,1.3573339746093749,0.17190924836224483,g
1336687,0.2348,1.238417578125,0.1737056655934543,g
1279500,0.23568,1.4017245000000003,0.17279825412968217,g
1340706,0.29425,1.3266062499999998,0.1787762185199909,g
1283923,0.14715,0.9475190136718751,0.13086514153278597,g
1343337,0.33947,1.64503659375,0.19682460243700622,g
1314554,0.35253,1.2180694980468754,0.18679039703070976,g
1261579,0.3232,1.302008125,0.19816505780014332,g
1257533,0.23003,1.319159126953125,0.1713607470368003,g
1531108,0.345,1.3618125,0.19451094812037217,g
1315950,0.36,1.2293125,0.16326506181780798,g
1309013,0.21358,1.1415236874999997,0.16327808755613737,g
1255576,0.28112,1.355810296875,0.17782556602976424,g
1246275,0.24651,1.294958337890625,0.1750296509945448,g
1566028,0.32165,1.3299103125,0.1757752831469101,g
1296657,0.14715,1.3245997656249995,0.13894479462309992,g
1897267,0.31971,1.3862110117187498,0.18497898119620923,g
1275946,0.233,1.4386605468750004,0.17136202048719043,g
1277715,0.34655,1.28816443359375,0.19366517043587814,g
1246527,0.32184,1.3109967812499999,0.1718081789976688,g
1248907,0.1714,1.3324675000000004,0.15284166274506494,g
1248039,0.22666,1.1063898203125002,0.16748004312923367,g
1264512,0.36136,1.3204128437500002,0.15681145787286835,g
1368133,0.2772,1.3388149218750005,0.1745580784138861,g
1305051,0.2998,1.1733741406249998,0.18338249894829758,g
1296321,0.18531,1.3158793046875,0.17944146261945199,g
1315197,0.2091,1.0847657910156245,0.16663666850704695,g
1302648,0.23259,1.1496549892578125,0.16995439525314004,g
1309874,0.27092,1.2838277812499999,0.1831112026789293,g
1295592,0.35684,1.4056014375,0.1649799565789161,g
1319539,0.37277,1.4757277500000001,0.15185470189215264,g
1250357,0.35941,1.2895809316406248,0.17655121312668456,g
1301933,0.33065,1.3244125781249998,0.19187860315758817,g
1297465,0.27836,1.4561319375,0.17526608000184707,g
1278602,0.34896,1.2483149375,0.19130176476720198,g
1263197,0.33826,1.15189683984375,0.1942678330445443,g
1431163,0.36812,1.3494152343749999,0.1479667399824338,g
1330031,0.10643,1.2118866093750003,0.1252889961048662,g
1259412,0.30581,1.4588346093750002,0.18524400115560408,g
1261963,0.28053,1.22900867578125,0.1743734260339637,g
1531089,0.29241,1.1712465625,0.1868960924901204,g
1480038,0.3353,1.4525299511718748,0.20401389774797737,g
1721068,0.29425,1.2335820312499999,0.1728813141786335,g
1291242,0.28008,1.372335765625,0.17292918544516214,g
1892103,0.26685,1.535808193359376,0.17985828461387224,g
1262726,0.25478,1.1199891796874997,0.18180794693522043,g
1249245,0.36932,1.5725784375000007,0.14399307806877604,g
1246281,0.336,1.3527,0.20063193093323134,g
1300516,0.31151,1.5563935078125004,0.21532386314470184,g
1263369,0.31343,1.3421612812500001,0.20419366868673353,g
1253920,0.19599,1.2034649375000002,0.174653768812763,g
1562098,0.57747,1.7167310234375,0.19964636189385068,r
1702083,0.38932,1.3415621250000007,0.19341213734115065,r
1324542,0.5421,1.7252243749999998,0.1580033975866006,r
1320474,0.78908,1.8491819062500001,0.24993747436011532,r
1290816,0.21892,1.4169944999999997,0.16028857882350372,r
1298246,0.61058,1.298530124999999,0.22944676239229092,r
1311632,0.42538,1.3273851250000002,0.16807060368297483,r
1302738,0.679,1.732124609375,0.2151033203937738,r
1303317,0.47545,1.4696865234374998,0.1649758853557505,r
1314162,0.58267,1.6145088691406246,0.20651168321363206,r
1314067,0.43479,1.5345527421875,0.16174947172620868,r
1910132,0.26371,1.2161974658203125,0.18709624999314414,r
1849109,0.6253,1.7694183984374998,0.23570725330819264,r
1338718,0.73429,1.6204772187500003,0.24948068230364992,r
1279488,0.49532,1.6156465312500004,0.1652792191492167,r
1336480,0.25695,1.21816130859375,0.20621210352993713,r
1331719,0.5874,1.4485024999999991,0.2066558265266536,r
1306378,0.36195,1.7678749414062493,0.18439133088943976,r
1337649,0.26238,1.3905904687500004,0.19754084744086772,r
1264434,0.31179,1.3507337656250002,0.1580329106518148,r
1256332,0.47919,1.627109,0.1690304552460435,r
1260241,0.33442,1.2283440351562502,0.15757465038436802,r
1253180,0.4621,1.3610094921875002,0.15684757051784903,r
1258802,0.55063,1.6045386210937498,0.1794638249270004,r
1285539,0.48469,1.5438456171875,0.20525364479658928,r
1257102,0.47434,1.4369055859375002,0.16812770368876517,r
1259006,0.52913,1.65815034375,0.16869580247878696,r
1261456,0.62298,1.6318556718750001,0.25233397282561165,r
1552028,0.453,1.4756321777343753,0.16347384009888,r
1479069,0.17353,1.2880752377929687,0.16808143152222557,r
1550103,0.53223,1.6857522636718751,0.17991686507495222,r
1305873,0.60153,1.7541758281250002,0.22183597735338775,r
1296802,0.74534,1.5844414687499997,0.25471669327434404,r
1312213,0.40797,1.1981494707031248,0.1897817387103889,r
1297580,0.63626,1.4726339999999998,0.21501929601193104,r
1316461,0.61047,1.587822765625,0.23075229261718203,r
1854103,0.46733,1.2913650351562491,0.15441043143635963,r
1889211,0.46407,1.3268134375000005,0.15303844259647184,r
1876533,0.491,1.2096902343750005,0.17052269460433828,r
1920365,0.366,1.3788062500000002,0.17979305247131744,r
1927254,0.5815,1.6568683593750002,0.20294077921054338,r
1850154,0.56884,1.48181840625,0.19360062695545532,r
1339716,0.45791,1.791065214843751,0.15964888230915505,r
1341000,0.54259,1.9249233417968747,0.1679052569262735,r
1334302,0.4557,1.4466018749999998,0.1558219453454594,r
1303910,0.68577,1.72791425,0.24370022726454474,r
1340141,0.65523,1.7431640937500001,0.2264395723172961,r
1258529,0.82542,1.859646625,0.3785094132745358,r
1257335,0.48464,1.3390756875000003,0.16674582954799286,r
1249264,0.55081,1.4296529687500001,0.18430444186654876,r
1252810,0.5814,1.72965625,0.20390879448479896,r
1264038,0.66425,1.6915541015625002,0.2141252265450415,r
1254889,0.60613,1.543076849609375,0.2280134379175648,r
1260427,0.81895,1.6455813281249996,0.26347504216281437,r
1578103,0.16092,1.1485625507812498,0.1542929709353495,r
1370308,0.62927,1.67191105078125,0.2332786944599773,r
1370806,0.5895,1.1915041015624994,0.21064494571344825,r
1552143,0.76058,1.8499844531250003,0.24506720639617263,r
1304456,0.43093,1.39962840625,0.1592639687021504,r
1324790,0.35775,1.414764892578125,0.18507307189077604,r
1316487,0.77696,1.76724225,0.2344231497081677,r
1291090,0.29292,1.44140378125,0.178311500870766,r
1891107,0.6287,1.4605812597656245,0.23065305282213233,r
1860025,0.23625,1.1734716796875002,0.16416787323294266,r
1876305,0.53784,1.5569128203125002,0.17062745269781493,r
1338324,0.42719,1.469280955078125,0.16535543025273938,r
1307783,0.7413,1.7440207812499997,0.22717474998150702,r
1334084,0.13431,1.0487936601562495,0.1568487741849857,r
1334707,0.64989,1.8406585312500003,0.22202033430073634,r
1335323,0.20081,1.13936230078125,0.16080531771728712,r
1336558,0.46865,1.3871858203125003,0.15801852240586928,r
1338959,0.46283,1.7076825996093747,0.1627383205426418,r
1280135,0.7715,1.5985019531250004,0.22825247419427805,r
1284567,0.65602,1.8914853437500012,0.22749158392368404,r
1253895,0.49331,1.7628057890625002,0.1715938867919652,r
1247420,0.15123,1.2150872890624997,0.16630942997379097,r
1264963,0.55325,1.4631493652343752,0.18745168687275182,r
1473027,0.50617,1.5016103056640626,0.15000805659704708,r
1574017,0.53399,1.590166391601563,0.18637293128352111,r
1653101,0.3305,1.4430208007812504,0.1672907984345861,r
1502065,0.27405,1.4333062499999998,0.16432334200559884,r
1532057,0.50504,1.52326509375,0.14934505097422912,r
1317612,0.10525,0.9986106445312504,0.14121158549375473,r
1299775,0.16051,1.2133222714843748,0.15575422072426273,r
1304503,0.5303,1.4370473437499998,0.17811045677576687,r
1295794,0.67164,1.4522372499999998,0.23024315874975465,r
1905171,0.30404,1.479270375,0.16475661640040365,r
1890041,0.6538,1.7804190625000005,0.2273211992966815,r
1330559,0.68194,1.5649926093749995,0.23015096002894914,r
1338849,0.62065,1.3166198583984379,0.24627198553837212,r
1333442,0.69344,1.5661012499999998,0.23161739823925787,r
1334645,0.248,1.1622,0.17403069065002594,r
1256505,0.55738,1.5756305468750003,0.19856843148091569,r
1257144,0.5267,1.8558946875,0.16040362609623732,r
1258191,0.51814,1.492195224609375,0.17027266471950403,r
1256680,0.29546,1.2615553828125,0.17643311648099033,r
1387174,0.699,1.6034312499999999,0.23745016198897792,r
1391191,0.65126,1.9337802656250007,0.22608003020944017,r
1370113,0.65674,1.480711375,0.22993316533313204,r
1550021,0.20676,1.2128880781250002,0.16806544700211043,r
1367234,0.25278,1.32912128125,0.1965248275296824,r
1592067,0.69314,1.65907878515625,0.22927043857291993,r
1375087,0.63016,1.7218565000000003,0.22812431197289543,r
1300531,0.58567,1.818874982421875,0.21217711040365808,r
1300590,0.6577,1.6172288085937498,0.23065702190592793,r
1305541,0.83438,1.4685788320312505,0.2152459006389462,r
1928157,0.54505,1.4400348828125,0.16240859504358984,r
1770386,0.36892,1.247067404296875,0.18617645611978487,r
1770225,0.582,1.3644749999999992,0.21002232810945512,r
1847100,0.38,1.4727187499999999,0.17812202027267796,r
1919017,0.21939,1.04791328125,0.15948031792814413,r
1339392,0.18191,1.0907274902343747,0.15631181634391184,r
1335585,0.60687,1.4122880859375,0.2326298742124778,r
1306390,0.41009,1.4004507128906252,0.18538238592347864,r
1336953,0.60141,1.5200883984374998,0.22118097333585698,r
1323600,0.37145,1.4293080468750001,0.16777820058233067,r
1332721,0.42274,1.4910982109375004,0.16162345777260506,r
1303883,0.25993,1.3656213935546875,0.19737740126835726,r
1336693,0.64929,1.60870200390625,0.22792401424980147,r
1262131,0.33852,1.4248244755859378,0.1657890396875697,r
1260639,0.59196,1.5745479375000002,0.21103013822818834,r
1248084,0.28165,1.4128188671875,0.16265756896320188,r
1373042,0.2382,0.9791937109374995,0.1642316318280283,r
1576034,0.768,1.4371906250000002,0.22197653863964587,r
1431072,0.42373,1.0766958124999997,0.17633859594621187,r
1642158,0.68826,1.7838841015625002,0.22392993646652276,r
1645145,0.82775,1.7249390624999996,0.4327818264623064,r
1302187,0.21992,1.1732199374999999,0.15745193343071348,r
1302901,0.62737,1.6006709609374998,0.25230311287439566,r
1321116,0.62816,1.8723840000000007,0.22965914789129047,r
1310073,0.62819,1.6828870078125,0.23076116679204162,r
1290995,0.5441,1.6580980078125003,0.16112134564962477,r
1325191,0.79883,2.4178804804687495,1.2503258528791739,r
1310304,0.6702,1.7709991796874998,0.2101717122054394,r
1959025,0.61194,1.2864036796874991,0.232319090474041,r
1912020,0.55496,1.5962636250000002,0.18226366322591492,r
1876263,0.64763,1.4011291054687502,0.2244884025632196,r
1933168,0.43547,1.3665001523437499,0.16813312556848456,r
1879208,0.19515,1.2663454589843754,0.15708603889288794,r
1334087,0.26722,1.4186923906250002,0.195724249133383,r
1329615,0.40474,1.5062544140625,0.1856588830004061,r
1283878,0.3139,1.3426415625000003,0.1609958992130615,r
1343208,0.49558,1.5913905937500001,0.1659134916043008,r
1336975,0.11088,1.03624275,0.14827095077901067,r
1340125,0.65254,1.400785859375,0.22282563458974414,r
1258591,0.5988,1.8198840625,0.21646199463819005,r
1263130,0.68084,1.4434870078124997,0.24022809586371527,r
1262573,0.23837,0.9442571250000005,0.16445442016890918,r
1259585,0.5653,1.7897004296874996,0.18904702972481705,r
1254566,0.79259,1.6497429843750004,0.26856173432636404,r
1652139,0.78334,1.7631381015625,0.261034246712597,r
1389177,0.44945,1.4505823828125002,0.1599454444535069,r
1702096,0.3886,1.0571802343749992,0.1939671304803632,r
1433040,0.72012,1.9203527187500002,0.22754853652195936,r
1448122,0.57752,1.53253603125,0.204695509348484,r
1306141,0.33286,1.41616375,0.15819846706441254,r
1306578,0.4215,1.5292230468749999,0.16057188562369828,r
1313572,0.70256,1.7823675,0.2328548293099556,r
1294351,0.33926,1.441666306640625,0.16441560713534287,r
1318158,0.78733,1.7203051249999999,0.659847265075289,r
1305807,0.5711,1.5220031249999997,0.19647980480690289,r
1904092,0.36896,1.38018975,0.18341098679637638,r
1780287,0.5262,1.6236741015625,0.1691862920425224,r
1882097,0.481,1.3803382812499998,0.16815577458683964,r
1927203,0.68132,1.7049635625,0.2257895090149997,r
1339756,0.27633,1.2588801757812498,0.15802960382356596,r
1280332,0.4934,1.391312109375,0.17138827245044594,r
1345441,0.71536,1.9143685625000002,0.4499139642601667,r
1338278,0.5656,1.8285718750000002,0.1908828209802614,r
1334423,0.35888,1.5908450625000006,0.18496273428142812,r
1337971,0.41166,1.0740471738281259,0.18392348720090107,r
1342647,0.51725,1.3702664062499998,0.1510960918901296,r
1337321,0.56389,1.8177166777343756,0.18190094136297572,r
1337228,0.57858,1.54651509375,0.20374671631025715,r
1339149,0.46998,1.4039457421875,0.15131168472587314,r
1303881,0.77131,2.058974895507813,0.2809880696088564,r
1337272,0.504,1.4123499999999998,0.14992822482860055,r
1249851,0.21552,1.0483860000000005,0.15826477306375542,r
1252829,0.45288,1.301916687499999,0.15664873134185886,r
1254051,0.76214,1.2968249062499984,0.27861438254325094,r
1307261,0.70487,1.9592685703125,0.2378078882485006,r
1250912,0.21995,1.2311487597656252,0.15930766704277796,r
1254002,0.53644,1.6249653515625004,0.17535485071709234,r
1547048,0.54579,1.42985575,0.16527738116894877,r
1516019,0.42539,1.2472162499999995,0.16908065158268534,r
1366195,0.55439,1.7341163437500007,0.2008158742883348,r
1380167,0.75399,1.7101402499999998,0.2313836765090883,r
1512067,0.45444,1.1577285585937502,0.15540285753186758,r
1452059,0.5655,1.406045263671875,0.1917744610271057,r
1297064,0.65109,1.7271949296875,0.22182866237763108,r
1300470,0.5152,1.4897493750000002,0.15026099829506415,r
1300179,0.31818,1.3449555312500001,0.15805035535195616,r
1316465,0.32961,1.4325768681640627,0.17070471259255507,r
1296793,0.64526,1.4730218437499998,0.22284328986094393,r
1304841,0.74249,1.652642859375,0.22023971625785818,r
1315832,0.62968,1.6997053125000001,0.23270862768472672,r
1900056,0.47944,1.2136031249999983,0.17293331153732072,r
1921361,0.34506,1.5638949570312497,0.16628438676273527,r
1346139,0.50379,1.99252175,0.16922455253786609,r
1289664,0.26,1.1064374999999997,0.19633562008637512,r
1331123,0.22248,1.0533145546874998,0.16333945635641145,r
1329312,0.34586,1.1305749726562497,0.16268120995303018,r
1289812,0.71009,1.4448924492187496,0.2608041328218744,r
1304193,0.45456,1.2698990625,0.15658030961493208,r
1276546,0.35428,1.5828147500000003,0.18545532619337693,r
1336925,0.65056,1.3601001249999984,0.21770563847911087,r
1341459,0.52341,1.4984165546875001,0.16608145042418912,r
1334257,0.68067,1.9759361455078124,0.22920365385318378,r
1302110,0.45459,1.6136857812500003,0.16174391538792804,r
1277945,0.43425,1.3532933105468747,0.1679868289488547,r
1265623,0.71045,1.6276000781249997,0.22284531622065,r
1256933,0.35332,1.1230970078125,0.19026753883452852,r
1259667,0.65939,1.5310465546874994,0.2351536370882508,r
1256596,0.68203,1.7602181132812504,0.22735077455885885,r
1255735,0.36573,1.4169448750000002,0.1775287845977232,r
1259538,0.51363,1.5041698125,0.14833546309520476,r
1260107,0.431,1.1925931640625,0.16022935419022355,r
1255130,0.62529,1.8525766484375006,0.2398840525076092,r
1366436,0.24,1.222078125,0.15679981252962288,r
1559147,0.6336,1.955215,0.22084889964393128,r
1634024,0.5776,1.4919412499999998,0.20303791497612558,r
1371022,0.29178,1.5501359999999997,0.17704443672965392,r
1487055,0.58308,1.36664328125,0.21195478733089274,r
1367408,0.54366,1.8355082187500005,0.16804436235588874,r
1385052,0.8025,1.746171875,0.22831108339313919,r
1389210,0.54921,1.336798785156249,0.17617842294341352,r
1316853,0.69445,2.0101736914062505,0.2339779935390249,r
1320030,0.68207,1.5156699111328127,0.2431757262438691,r
1300517,0.40132,1.5086085625,0.17752799863835392,r
1303658,0.66912,1.616308,0.1992817486945675,r
1293366,0.32145,1.5452189746093747,0.15909559045341348,r
1320704,0.27087,1.09364320703125,0.19092528558368754,r
1904321,0.61233,1.54682909375,0.2889291493402642,r
1770442,0.34691,1.1398752011718747,0.16580319888523534,r
1770702,0.33943,1.2954799531250003,0.16295155019700344,r
1901738,0.47096,1.4020087499999998,0.1519824166152275,r
1889090,0.514,1.7286804687500004,0.14691764841793406,r
1847303,0.48082,1.6448092460937502,0.16870799193417557,r
1876431,0.466,1.3938453124999999,0.15976278400470195,r
1916207,0.40944,1.4132939375000002,0.18846115899723942,r
1339291,0.81924,1.4973197968750003,0.24718070702112402,r
1277173,0.15035,0.9445451953124995,0.16492387284855523,r
1280240,0.05999,1.1933168671875003,0.1175947278225415,r
1254000,0.53356,1.6018513437500002,0.18264167828028063,r
1262055,0.5813,1.5942716015625003,0.20389590029013066,r
1266634,0.49927,1.693706578125,0.33588467372612113,r
1248962,0.48452,1.4839401093750002,0.16097954392387037,r
1251390,0.43504,1.427192125,0.16028201013036075,r
1266830,0.5717,1.59717873046875,0.194878225210232,r
1263039,0.6565,1.36693603515625,0.23065250272220603,r
1253474,0.4479,1.6192725390624998,0.16376042681738678,r
1618042,0.4295,1.42140322265625,0.16150009186061487,r
1370391,0.65749,1.8873372460937508,0.23127743212928614,r
1501097,0.43707,1.8356323828125007,0.1659517220699852,r
1373028,0.25617,1.068971228515625,0.21044864922081646,r
1617030,0.73681,1.3785929374999992,0.22927264677674117,r
1574028,0.65712,1.3222976093749996,0.23109891271184532,r
1387162,0.61809,1.663914814453125,0.2308692436295341,r
1646092,0.7213,1.4022543554687494,0.2167264641615473,r
1316385,0.14784,1.2166655625,0.17080669613603092,r
1315259,0.22896,1.2047168437500002,0.14965235254943288,r
1303314,0.6062,1.7266650000000001,0.22412863089428184,r
1292336,0.23446,1.2369916074218748,0.16546017504126218,r
1292033,0.32565,1.4154938574218752,0.1603028807672651,r
1302346,0.53152,1.5183585,0.17281183274528214,r
1295315,0.34934,1.4465873554687505,0.18504365812610976,r
1899053,0.53859,1.2609225859374997,0.1695773434167577,r
1777122,0.45551,1.38102882421875,0.15330546434302894,r
1899029,0.62548,1.8248552812500003,0.2470771165084469,r
1833067,0.55688,1.9071779999999996,0.18162856264369026,r
1335305,0.33501,1.25835122265625,0.16281165425298152,r
1291794,0.3956,1.3596196875,0.1851756318877522,r
1308453,0.75712,1.3662294374999981,0.3907857380999575,r
1282018,0.4248,1.3847275000000001,0.17221449591445784,r
1289600,0.42019,1.6040935097656253,0.15605243770761792,r
1340253,0.6938,1.628297578125,0.23219793848442832,r
1333949,0.66047,2.093748890625,0.21728476602585806,r
1332632,0.62383,1.4219612900390621,0.25325283109579977,r
1335387,0.60642,1.5442967265624998,0.22917529309795345,r
1263829,0.50128,1.2224289687500005,0.15678494467182724,r
1261587,0.65455,1.92276806640625,0.22720582007511048,r
1257419,0.40412,1.4433366328124997,0.18563451331324424,r
1254299,0.49625,1.6487973632812505,0.16591155962227971,r
1246529,0.49797,1.5705279218750001,0.1637917307589634,r
1625037,0.31956,1.344817203125,0.1585683619879144,r
1673097,0.59963,1.4021756718750003,0.20195353322312437,r
1502132,0.80326,1.83425353125,0.25081295374234797,r
1301332,0.46861,1.5512193125,0.16088701520827953,r
1304652,0.5824,1.7477484375000003,0.19842389841712477,r
1292823,0.34672,1.4450936874999996,0.1610648396733251,r
1324582,0.38237,1.2171335859374999,0.1804071422104383,r
1310182,0.4972,1.4925943554687497,0.16473683738005335,r
1810087,0.55997,1.5709385390625,0.1873847401224879,r
1879412,0.82132,1.506146265625,0.25888255187796994,r
1920362,0.39883,1.3945952607421876,0.19653096030712044,r
1847151,0.40786,1.5068501562499996,0.1885861048903004,r
1833339,0.13092,1.0182697656250002,0.15519423731546347,r
1339002,0.30356,1.1505444609375004,0.16909048787760983,r
1334686,0.6604,1.7231514453125003,0.22961948462526918,r
1278493,0.2734,1.34502875,0.15914092780522374,r
1289288,0.29093,1.2500841679687498,0.18609664709654553,r
1339102,0.64929,1.9005490234375009,0.2457083446641474,r
1309051,0.59756,1.4382720351562504,0.2090916828137503,r
1280790,0.63278,1.55847575390625,0.2195030947272445,r
1285317,0.56555,1.5371132519531248,0.19335030993712327,r
1271436,0.79583,1.7846060625,0.23532946088908763,r
1251600,0.55887,1.5613057343749999,0.18490823495544684,r
1262736,0.5305,1.56637109375,0.17056065258211062,r
1263062,0.5095,1.5413410156250005,0.16074876154635326,r
1251603,0.63165,1.400924492187499,0.2255254895326423,r
1262267,0.56332,1.169436640624999,0.1893378987208492,r
1263580,0.58393,1.49421521484375,0.2046293136524373,r
1248925,0.34408,1.4637871249999996,0.1676655693696268,r
1632070,0.42627,1.588953921875,0.16772455616920093,r
1593067,0.34822,1.4129977578125001,0.17881439341053387,r
1291957,0.37244,1.45272237890625,0.16576926866841843,r
1308357,0.34255,1.3991888281250002,0.16785123259911644,r
1324685,0.54244,1.479778375,0.16152082629833242,r
1304678,0.21927,1.0263776757812506,0.16193636282848445,r
1312821,0.66183,2.295402687500001,0.26938303511567424,r
1879188,0.64846,1.96527340625,0.22040293515744688,r
1887027,0.21348,1.107774515625,0.15034829560682808,r
1847028,0.58138,1.9371905000000007,0.23652722573502108,r
1840041,0.23993,1.183745671875,0.16249833305508152,r
1784110,0.46114,1.6517731093750005,0.15795153576735485,r
1876421,0.34423,1.293821375,0.16533827428535602,r
1901798,0.47697,1.298118164062501,0.17134427688265147,r
1773078,0.27235,1.3947391357421877,0.1586153925454838,r
1879532,0.37822,1.370682859375,0.1895398865203917,r
1332008,0.61272,1.5352338437499997,0.2382746856456231,r
1334265,0.58646,1.6676421328125,0.2051388253942311,r
1258061,0.45939,1.1404334746093743,0.1576688091159075,r
1643213,0.6559,1.9249837500000009,0.23213077104079435,r
1385187,0.52319,1.8648665068359371,0.15795116917020277,r
1595110,0.59325,1.6417943359375,0.20244335199786545,r
1368530,0.34336,1.33968675,0.15813904760362416,r
1431064,0.39596,1.2994424531250002,0.19080308705557938,r
1368482,0.50967,1.4058801874999998,0.15988908924072207,r
1579146,0.80472,1.7708815000000002,0.2369185699144248,r
1387101,0.482,1.5685464843749999,0.16438725421179004,r
1531145,0.45793,1.3485852499999995,0.1563054307245353,r
1310964,0.7521,1.6480690624999996,0.32034339254133604,r
1293758,0.14896,0.9758305781250005,0.16673710021634983,r
1290394,0.57271,1.4928458203125,0.23230359772266518,r
1308314,0.407,1.4181982910156252,0.18555472864209815,r
1311903,0.72049,1.8118910312500003,0.22539091485241253,r
1323740,0.77207,1.8857662880859378,0.22366486598808843,r
1301142,0.71266,1.5142991835937507,0.2098052050202162,r
1318689,0.49392,1.6071311250000002,0.16645318429185244,r
1290593,0.67594,1.5797043828125,0.22313069093876897,r
1291783,0.39922,1.3046633359375,0.18592916343863472,r
1318235,0.36101,1.3817441367187502,0.18703071032925392,r
1780045,0.24326,1.3719568359375,0.16301794649590443,r
1910032,0.66579,1.8004847382812499,0.2056414568256372,r
1878148,0.2254,1.2866700000000002,0.15222269322788365,r
1881037,0.76652,1.8065427187499998,0.2296727965505511,r
1341823,0.55093,1.2262040312499993,0.18666647070028924,r
1331513,0.40675,1.353309985351562,0.18213731463623817,r
1338675,0.33153,1.4397168125,0.16677185083500184,r
1330530,0.33682,1.2710233906249997,0.15964786770067352,r
1265165,0.31845,1.0918414062499995,0.15843139055201486,r
1250925,0.55269,1.364365685546875,0.19808673270565713,r
1250852,0.77796,1.8654689687500001,0.24819794182346588,r
1250454,0.7888,2.0368562500000005,0.3091990398825194,r
1443078,0.61215,1.728338154296875,0.2403966526589982,r
1514059,0.5248,1.7136131250000002,0.18222380517884618,r
1392400,0.45258,1.4497429296875,0.15446152856402098,r
1303257,0.77301,1.828762853515625,0.23834006463256582,r
1304506,0.75488,1.6122959999999997,0.23475557274399997,r
1302915,0.36022,1.3177795419921874,0.18421794544822911,r
1780122,0.51096,1.3504204999999994,0.1530568956690928,r
1330964,0.4514,1.1906015625000008,0.15521751036732773,r
1340521,0.65415,1.8195650000000003,0.23067495061936152,r
1346137,0.36379,1.4959071562500004,0.18478665191910354,r
1336244,0.56608,0.9592240000000005,0.19173329609023132,r
1331925,0.61628,1.8132641250000008,0.23554465235122565,r
1282736,0.37908,1.33275153125,0.18604237737216123,r
1263244,0.45902,1.1308829824218753,0.15381793561054902,r
1261144,0.61126,1.4299932500000003,0.23462234444849878,r
1260645,0.67462,1.8191868046875,0.21501569265253173,r
1263930,0.43631,1.290154236328125,0.17606320921562096,r
1259771,0.53341,1.689146953125,0.17784781501688154,r
1255657,0.59011,1.5742710136718752,0.20601329507936095,r
1390173,0.65938,1.8862483593750006,0.23235597420047413,r
1444028,0.55484,1.5281161875000002,0.1826694809404235,r
1567044,0.42324,1.2331040312499997,0.16719573800221163,r
1292560,0.22582,1.2162432812500001,0.15050681928067072,r
1304991,0.65984,1.4361506249999993,0.22600318993647356,r
1321006,0.30348,1.171604484375,0.16287178185705134,r
1290948,0.53736,1.5091350312500003,0.1791645525918699,r
1889253,0.53717,1.2824261044921879,0.17414232214037775,r
1916143,0.45481,1.5559647578125002,0.15711836364059034,r
1849244,0.57826,1.62018253125,0.20593907419791158,r
1773189,0.5787,1.4615308593750003,0.20535460923107335,r
1335818,0.62317,1.6650173515625002,0.23889378175097023,r
1335854,0.57927,1.7421322187499997,0.21002050745823034,r
1335885,0.39982,1.5212106406250003,0.19748937860777643,r
1343542,0.78644,1.4786977968750001,0.2750242967565277,r
1331344,0.55122,1.74754628125,0.17987754780733617,r
1338665,0.72199,1.59284075,0.247307716670046,r
1333489,0.68244,1.5549425937500003,0.2373750220664499,r
1260030,0.45918,1.55037875,0.1570592385332618,r
1255730,0.69242,1.6210210312500002,0.23314221614524308,r
1265832,0.39978,1.189813,0.19817872566427897,r
1257216,0.65557,2.2350195000000013,0.22993274969969946,r
1251618,0.82318,2.16502625,0.3011904047988809,r
1247022,0.35859,1.326748046875,0.18653237575219758,r
1249483,0.28398,1.293885705078125,0.16944587457092217,r
1255399,0.38239,1.19933132421875,0.1892543802920147,r
1700109,0.74189,2.201857828125,1.6118470190433252,r
1536112,0.75956,1.6784552812499998,0.25828019443415157,r
1304501,0.51991,1.138299784179688,0.16092004418776443,r
1310367,0.23433,1.0380908164062501,0.15789790003914372,r
1323016,0.33582,1.3141651054687498,0.16133869873640444,r
1317496,0.64554,2.315326203125002,0.28639557528681336,r
1305687,0.62859,1.7082700380859377,0.2306374748545444,r
1305504,0.49679,1.492989556640625,0.1682055836946747,r
1319776,0.6604,2.0009117187500003,0.3138644682215496,r
1314071,0.32813,1.1662641562500005,0.16561047233049006,r
1847079,0.33134,1.406227875,0.16561584563745851,r
1850045,0.31413,1.30745668359375,0.16154936623466168,r
1933258,0.6909,1.2206184374999993,0.22891378833114792,r
1889226,0.59338,1.7139727246093748,0.20936354674303942,r
1936293,0.8324,2.2904999999999993,0.4551331702174542,r
1339703,0.49383,1.4879947265625,0.17561973744839302,r
1317164,0.15555,0.9248913867187503,0.16166565476091718,r
1330817,0.27144,1.1214498125000003,0.17075209536772068,r
1250435,0.49418,1.484695458984375,0.1708259616101825,r
1252199,0.6056,1.6043456249999999,0.21891520025896882,r
1260949,0.4167,1.6026418749999998,0.17806545663915696,r
1259511,0.32816,1.3826353125000004,0.16842158637151886,r
1258289,0.50629,1.4374478398437498,0.15538551140049695,r
1257496,0.59458,1.1635450937499976,0.20906423151815462,r
1263936,0.49575,1.7423150390624997,0.20120781545013416,r
1432026,0.15055,0.9179681152343753,0.17109483130151945,r
1650024,0.31102,1.3217744609375,0.15705482904743848,r
1371206,0.52839,1.2561455312499996,0.16825025038639116,r
1439028,0.5555,1.5737285156249998,0.18653211767131406,r
1469040,0.32764,1.394540609375,0.1678464897863023,r
1559124,0.65311,1.74093146875,0.22840707893468992,r
1403033,0.47539,1.258403931640625,0.1630244304440209,r
1434248,0.23835,1.1541808984375002,0.16421351365805098,r
1370898,0.65193,1.6809678320312502,0.22367192360369986,r
1299439,0.59271,1.9709786250000003,0.21478647032819834,r
1311755,0.4722,1.6447234374999997,0.15742904716703682,r
1305308,0.69112,1.4716377265625002,0.2275713257525108,r
1295024,0.33494,1.377699796875,0.16267704904751523,r
1933196,0.75074,1.4306828437499992,0.23294330051931372,r
1899158,0.64881,1.5454373417968745,0.22582973219474195,r
1922067,0.1987,1.3785050000000005,0.16130413914091019,r
1341426,0.55432,1.6107855312500003,0.20087948473347306,r
1341556,0.71721,1.5146328828125002,0.22834550525868474,r
1336002,0.396,1.48788515625,0.19017085476229748,r
1282463,0.64804,1.5592003437499997,0.22841744500614397,r
1339220,0.60052,1.595518375,0.21655001713754593,r
1283855,0.56651,1.4520813398437498,0.193620458482227,r
1306366,0.15145,1.0665530517578123,0.16599993294881765,r
1260551,0.55292,1.7154913125000002,0.19824218338017557,r
1264077,0.56572,1.78222971875,0.2171027545830242,r
1260954,0.69994,2.0452403125,0.23036001489581123,r
1286881,0.52334,1.6471113750000004,0.16313376444681632,r
1256335,0.6207,1.4522991406249997,0.2454230667409476,r
1252142,0.55345,1.743080126953125,0.18526331201938412,r
1253101,0.4544,1.6736962500000008,0.15869648621697377,r
1386047,0.493,1.4445941406249996,0.1634199610317422,r
1564017,0.65916,1.9158113125000007,0.23314517614245137,r
1312818,0.72355,1.7676486425781248,0.23183402645826792,r
1320762,0.51445,1.4014578320312499,0.15310298865975094,r
1315974,0.81246,1.45173798046875,0.26556462842606676,r
1290967,0.28158,1.13715194140625,0.1600100930952806,r
1301915,0.62104,1.34432340625,0.24321152375418528,r
1300441,0.4859,1.6217205468750002,0.16556390732825263,r
1303496,0.18021,1.1663794140625,0.16045122711169263,r
1304779,0.5605,1.5129535156250002,0.18167878480203928,r
1795052,0.68058,1.8591416250000004,0.22924877029203408,r
1921033,0.23797,1.2911640234375001,0.16317240099477995,r
1894320,0.71945,1.35473853515625,0.22741127890033763,r
1948295,0.78386,1.7835115898437501,0.3008043854640652,r
1922405,0.51671,1.6956343828125007,0.149291524878047,r
1347112,0.79389,1.4589371015624994,0.24631965945522355,r
1333248,0.69519,1.772003296875,0.22560307383693773,r
1277716,0.69377,1.8348623642578132,0.22950222799370357,r
1341894,0.31401,1.28115975,0.1636223688830295,r
1289470,0.61268,1.381487203125,0.23307093830734904,r
1339425,0.53633,1.6089455976562501,0.18259207500508398,r
1281879,0.50657,1.8177414404296879,0.153132730672008,r
1343759,0.50677,1.6998249062499995,0.1554010964277227,r
1331707,0.65516,1.790288296875,0.2264158259341127,r
1251652,0.77295,2.0901418359374997,0.2382839981905708,r
1258500,0.49502,1.7093451328125,0.16725305091006915,r
1261784,0.26572,1.2466847578125002,0.1953109683004885,r
1253358,0.71506,1.6239474375,0.2037531928611243,r
1257366,0.21182,1.15714608984375,0.15578337035161804,r
1259330,0.60357,1.5011544941406245,0.21737522193438671,r
1261191,0.66212,2.07748768359375,0.2225295456109507,r
1252918,0.83727,1.8056919218749998,0.2245811419682547,r
1252595,0.814,1.8225031250000001,0.6774322874608114,r
1639025,0.6631,1.6994803125,0.2203632547834796,r
1519027,0.51525,1.3652047363281246,0.14765605093860665,r
1370247,0.67022,1.7853738398437504,0.2097356115704234,r
1618036,0.39319,1.2778164531249998,0.17436722494412418,r
1641279,0.2249,1.2746615625,0.15609462162287616,r
1559178,0.43651,1.2614353437499994,0.18399995351068824,r
1371046,0.07411,1.0742148935546876,0.13109140937328664,r
1373123,0.7002,1.5461193749999997,0.22846144496154522,r
1319898,0.72925,1.6063111328125,0.2320667127414329,r
1300390,0.2686,1.055019296874999,0.18571176219238392,r
1309293,0.33521,1.38893133984375,0.15999896677351452,r
1295027,0.42676,1.3794567753906248,0.16902515539342453,r
1319667,0.67818,1.845998,0.21298913883988582,r
1311884,0.68269,1.82466696875,0.23969935476076576,r
1294340,0.36186,1.3169079804687502,0.1848110528039582,r
1905127,0.66712,1.9744952500000004,0.25962992858964573,r
1810037,0.49761,1.2870085937499995,0.16021359871797192,r
1896213,0.68757,1.6615313222656252,0.22868718898970877,r
1336359,0.42938,1.414862859375,0.1681037747895252,r
1346627,0.68257,1.7982466875,0.2377857000078455,r
1338223,0.60072,1.6357357499999998,0.22293867168706727,r
1253406,0.36229,1.2420253359375,0.18413394886465817,r
1253046,0.50192,1.6667791875000002,0.15088507657640274,r
1251552,0.35592,1.319903375,0.18431812359597677,r
1249178,0.76649,1.7885711250000003,0.22408555171080613,r
1258090,0.36757,1.1693791914062497,0.1839569259137786,r
1590122,0.78017,1.78017,0.2598231930388397,r
1511024,0.3728,1.2347156250000002,0.1660444560140512,r
1370181,0.69446,1.7053813242187499,0.233167479085748,r
1442085,0.63476,1.4368007812499999,0.2079981232808281,r
1581048,0.40244,1.440240140625,0.18424702729460984,r
1293465,0.4992,1.2491381249999993,0.1585127712680502,r
1320278,0.57622,1.2905301249999999,0.194238869514892,r
1306059,0.6076,1.5648981250000005,0.22343905094380284,r
1861178,0.29201,1.3646855624999998,0.1837446755184573,r
1878288,0.48501,1.46586729296875,0.16046288599335157,r
1847317,0.81844,1.6003692656249995,0.273548476193282,r
1862183,0.44918,1.4021948671875002,0.16608525288786063,r
1927242,0.24666,1.02265078125,0.17359300741242936,r
1790098,0.394,1.3941361328125002,0.17794999904395942,r
1924103,0.46499,1.526794265625,0.14908130602448758,r
1936353,0.6929,1.6214807812499998,0.22920332324428283,r
1943111,0.31615,1.266794375,0.16239578442095257,r
1314897,0.33769,1.3888984453125,0.16276461706174747,r
1330828,0.36807,1.5919845820312504,0.1839214423296539,r
1339371,0.63699,1.5524228408203122,0.2051371783310915,r
1331130,0.39292,1.2385289648437494,0.18385447243780154,r
1252970,0.4625,1.658809204101562,0.16632984826237843,r
1259561,0.56882,1.6356174140625002,0.19348058163352372,r
1249970,0.26866,1.2352090039062502,0.18730818591892395,r
1249209,0.48424,1.5636700312500005,0.16231776248465854,r
1435067,0.39235,1.16956040283203,0.16922120572440438,r
1432027,0.35088,1.335049375,0.18605832121153082,r
1641173,0.4448,1.45383,0.16757430188300476,r
1376168,0.49348,1.3625088046874996,0.17213087143289785,r
1642138,0.66033,1.86722268359375,0.2247807077751475,r
1370944,0.51057,1.4399095478515624,0.15743604361800007,r
1450148,0.44845,1.453259306640625,0.16584194142906694,r
1297501,0.21541,1.2685841875000001,0.1535971830467951,r
1299643,0.37727,1.454472439453125,0.18343471416116822,r
1324536,0.58955,1.5858244921875002,0.20718101906658645,r
1313698,0.43738,1.590101625,0.1721064450725278,r
1773049,0.35118,1.5047711640625003,0.18426798239658274,r
1814082,0.64981,1.4751621445312493,0.36884799028422904,r
1900865,0.45463,1.3330320234374997,0.15852625727106898,r
1904182,0.76798,1.4544397968750005,0.2248440142250193,r
1339909,0.753,1.7694343750000001,0.38525379334563425,r
1277710,0.68245,1.8217778906250002,0.2274573729716511,r
1342707,0.65375,1.77261328125,0.29175393704274466,r
1331836,0.35778,1.483082939453125,0.18154211094301542,r
1286337,0.66422,1.5985613203125002,0.21655333074992328,r
1246717,0.535,1.600357421875,0.1766728789075938,r
1258906,0.35013,1.4018146640625004,0.18308926686585725,r
1263856,0.69849,1.2791752812500008,0.272412201000322,r
1645208,0.69581,1.8912256054687497,0.22748883776444345,r
1389074,0.5039,1.6020059765624999,0.14402476294177052,r
1531112,0.33582,1.3279929296875,0.1628042225454579,r
1500031,0.36704,1.340874,0.1794775297501566,r
1600036,0.8153,1.3664387109374987,0.23944285477721078,r
1366187,0.46406,1.3479646171875,0.1527033119088968,r
1502029,0.51921,1.5856754375,0.16494635614106812,r
1306110,0.60994,1.7256544374999998,0.22814447224254114,r
1317277,0.2381,1.085755664062499,0.1653660169429326,r
1299746,0.36621,1.3704794062499999,0.18200603542592844,r
1302572,0.58858,1.6422566289062501,0.21274733408748758,r
1297061,0.53445,1.46072447265625,0.17303450532963027,r
1315806,0.6959,1.5415466015624997,0.22691066647273975,r
1315192,0.228,1.3558367187500002,0.14967061240699642,r
1305626,0.3268,1.3485678125000002,0.16453971131495057,r
1311247,0.44288,1.8963163124999984,0.1628687021902238,r
1878334,0.36142,1.4486359687500001,0.18582423562898095,r
1934253,0.538,1.694203125,0.1712503739689412,r
1867019,0.22191,1.2992339921874998,0.1617267258742424,r
1330642,0.63521,1.8970991015625005,0.21135949469063103,r
1280762,0.62682,1.68750801171875,0.23854449740698416,r
1319366,0.23572,1.3732903906250002,0.16460621412084314,r
1334858,0.628,1.5847562499999999,0.23921811903389636,r
1340470,0.58187,1.8067921406250003,0.19568793461058348,r
1263715,0.29279,1.42560397265625,0.17429649962647878,r
1260522,0.74274,1.9251830937499999,0.2202710766632695,r
1252513,0.47821,1.1147204707031255,0.17050629728340277,r
1252751,0.56173,1.5434284765624997,0.18111527157404567,r
1250279,0.27476,1.3063800234375,0.16117401880586754,r
1247570,0.5806,1.4515588281249996,0.19779717660127755,r
1262181,0.47001,1.8254538242187495,0.23959017046992748,r
1643313,0.39093,1.51317970703125,0.19219895474790033,r
1495047,0.41152,1.3618962499999998,0.18681221343856533,r
1474020,0.54211,1.656864669921875,0.166262661390156,r
1298369,0.47917,1.8859417500000006,0.2860006061674065,r
1298893,0.19712,1.0030556249999996,0.15921767002584766,r
1297927,0.28605,1.2890641796874998,0.17473104674623385,r
1310916,0.67983,1.8031925156250002,0.220757973642769,r
1321276,0.33227,1.3312291640625,0.16187889421908547,r
1324509,0.21105,1.1448207031249997,0.153848449849748,r
1319711,0.2427,1.1931861718749999,0.16556584381793218,r
1889155,0.77966,2.0076789374999997,0.2689659664248371,r
1901059,0.25229,1.391215921875,0.19552047162957992,r
1880686,0.31457,1.44191896875,0.17400127201416465,r
1876304,0.68356,1.8986084843750004,0.22495060715691173,r
1895233,0.57098,1.7863760859375,0.19793165033563437,r
1890212,0.72913,1.820652310546875,0.23336960736369386,r
1337687,0.32917,1.5295839140624998,0.1694796998569485,r
1339702,0.2571,1.0734455468749995,0.2088099786512769,r
1303952,0.56387,1.70009773828125,0.18548731201514448,r
1260113,0.35583,1.14557042578125,0.1824678165624448,r
1260159,0.43153,1.161160955078124,0.16161119239866134,r
1257905,0.61509,1.6781794531249998,0.2377508651222833,r
1250980,0.82115,1.7111518286132814,0.2611515150083953,r
1258118,0.62638,1.5831792812500003,0.25256003449370107,r
1250916,0.6708,1.6251140624999998,0.21027377485131277,r
1411114,0.83777,2.231167640624999,0.341210576331369,r
1450026,0.35926,1.3632422070312495,0.18797824276928646,r
1655086,0.42839,1.490603080078125,0.1698040872696174,r
1488098,0.75217,1.7644899453125,0.23316401983769364,r
1309696,0.81086,1.9869944296875,0.31621477201103637,r
1310294,0.44089,1.5799133710937503,0.16768736740385057,r
1777124,0.30853,1.4027083798828124,0.15824323859875591,r
1879414,0.39,1.4595000000000002,0.19487542482190684,r
1879256,0.25028,1.106204765625,0.17911485283399203,r
1770680,0.61041,1.7676766015625,0.22974456119941097,r
1292145,0.493,1.60614140625,0.16493451053987823,r
1332795,0.68047,1.7695808603515626,0.2382266258030441,r
1337311,0.4225,1.4397255859375,0.1691983159224281,r
1289306,0.5438,1.3098178125,0.1637062375237208,r
1328105,0.44259,1.54120455078125,0.16455587141599437,r
1336453,0.18579,1.2710186562499999,0.14803548236288752,r
1340954,0.30566,1.1526529687500002,0.1559463030913852,r
1255824,0.82,1.8086249999999997,0.25634599539252,r
1255412,0.37303,1.358012484375,0.16871413004908908,r
1259246,0.2233,1.1320303515624999,0.16126644334671247,r
1257016,0.3384,1.3216700000000001,0.16309296678010068,r
1257934,0.29739,1.388866130859375,0.18156956063845822,r
1248936,0.57208,1.4293032031250006,0.19458271985703446,r
1368131,0.308,1.245665625,0.15666480111413986,r
1413048,0.61185,1.2387948730468739,0.23501422041324252,r
1490034,0.53058,1.7630069433593754,0.17768425974128144,r
1317372,0.74535,1.5503616796874997,0.23402031842640122,r
1318847,0.66107,1.6740471093750002,0.22457123974593124,r
1297026,0.25956,1.2590679843750001,0.20296401348300572,r
1311496,0.69188,1.63785219140625,0.22786930393229854,r
1950043,0.68891,1.6902294609375,0.22777463861101732,r
1905244,0.36285,1.2936427734375,0.18417390664322797,r
1878335,0.565,1.7682666015625004,0.18993963367504482,r
1916193,0.62696,1.7000460937499997,0.24777417936406695,r
1338471,0.53228,1.3120147499999995,0.18294708702626233,r
1328016,0.35167,1.1869352187499993,0.18367138959827256,r
1335671,0.5248,1.64749875,0.16819807600498649,r
1341502,0.51185,1.5133264160156252,0.15395472023076384,r
1331660,0.72139,1.7215581044921875,0.22295960929371883,r
1335675,0.60791,1.4460198427734368,0.22985693126824877,r
1334647,0.74472,1.9001091250000002,0.23408817694386058,r
1332701,0.79232,1.739810625,0.2462187573712161,r
1261503,0.35321,1.3648391484375,0.1883231714186316,r
1257040,0.35277,1.4383749765625,0.18927357812465914,r
1251436,0.57464,1.4233269374999995,0.18492111776476128,r
1249182,0.56135,1.8040911328125002,0.1913110676450846,r
1253572,0.52092,1.596966,0.15691530995289163,r
1654105,0.56331,1.77887579296875,0.18895524297550384,r
1588019,0.68831,1.748818766601562,0.2312840327646,r
1599030,0.36872,1.353749625,0.18703419766184812,r
1555053,0.73139,1.5694103496093752,0.24080987665494258,r
1434258,0.6626,2.0490246093750004,0.21643434002143747,r
1295509,0.68428,1.549406015625,0.23253552661381977,r
1294743,0.31363,1.2961833515625003,0.16563701024551525,r
1295800,0.74924,1.4321902499999986,0.2504561338749761,r
1304777,0.40528,1.1946252343750001,0.18452206383249656,r
1299712,0.73129,1.5946803984374998,0.2423156244246815,r
1298266,0.49038,1.6993825078124996,0.23401709167424953,r
1313594,0.2894,1.4042371875,0.18006729091973434,r
1306073,0.32964,1.2144651289062498,0.17067911863675958,r
1321973,0.37157,1.1513687226562492,0.16734841477514634,r
1316701,0.36213,1.1870750117187492,0.1732371929124481,r
1297318,0.33529,1.3864065703125001,0.16010167898181638,r
1862039,0.28792,1.1295712421874997,0.17333858415695522,r
1918076,0.37077,1.4050392500000002,0.170827305092649,r
1849051,0.3065,1.5843864257812497,0.16251725941626724,r
1878719,0.45854,1.4448661875,0.15617381160625476,r
1924089,0.46418,1.545396234375,0.15262874587838718,r
1283373,0.20797,1.1467457392578124,0.16241922557554614,r
1307830,0.36,1.1031406250000004,0.1825545093825112,r
1340493,0.71784,1.564844875,0.21932024321838087,r
1328089,0.5698,1.5323946093749998,0.19302062201078563,r
1334321,0.80454,1.8489486015625,0.3140521836884442,r
1289555,0.56289,1.39500142578125,0.1805572773524932,r
1258940,0.42694,1.4397601640625002,0.16854941201386994,r
1254671,0.47119,1.467454556640625,0.16647966052735375,r
1255523,0.55665,1.3517316210937507,0.18244951501058623,r
1251022,0.6849,1.7632215234375002,0.23506154148824526,r
1312171,0.50151,1.4246749179687501,0.1557310779385799,r
1512101,0.57,1.56509375,0.19954939584470374,r
1368188,0.2405,1.1749012939453123,0.16249860233383157,r
1434203,0.3768,1.47602640625,0.18418536800541882,r
1644163,0.56317,1.6376648203125,0.18965382107366827,r
1370320,0.33165,1.4143579492187501,0.16429285323525086,r
1565032,0.46219,1.46047649609375,0.1629117095913236,r
1370402,0.64833,1.5465971328124999,0.2262628556312173,r
1504096,0.50709,1.31399409375,0.15859624307770087,r
1298763,0.61093,1.4794126679687503,0.23123881779143238,r
1297490,0.73743,1.4768155000000003,0.22689359652705898,r
1294806,0.52588,1.8858923125000007,0.16166869772026182,r
1891261,0.50614,1.7603011250000005,0.14508003312043868,r
1891055,0.70781,1.59573496875,0.23962865039346992,r
1892217,0.40949,1.44032259375,0.1893126226233972,r
1919042,0.34909,1.4853164707031248,0.1830930075961061,r
1774102,0.31733,1.3590111445312505,0.16521927395664301,r
1337838,0.313,1.4443,0.1580084898310726,r
1332747,0.34357,1.5377578515624994,0.16102244133983626,r
1338170,0.3878,1.3791262499999997,0.19565040991187427,r
1330533,0.36495,1.2455168749999994,0.1821045907912607,r
1335564,0.6075,1.7139340820312499,0.22692605415033043,r
1323349,0.5061,1.3501951171874995,0.15549753053324888,r
1331700,0.36123,1.5898741015625002,0.18675516765817707,r
1302564,0.5284,1.3910828124999999,0.16914822398726584,r
1275873,0.40288,1.087232000000001,0.1770237732329449,r
1329365,0.6123,1.5216081249999998,0.23902869053286258,r
1249956,0.44737,1.37782839453125,0.16153370365057218,r
1249090,0.38724,1.1314676249999993,0.18620851623291843,r
1256570,0.34601,1.15304684765625,0.1623616489824881,r
1260605,0.55594,1.7504325000000005,0.19654020920643742,r
1262550,0.29304,1.2586936249999998,0.1770246403021177,r
1256819,0.58701,1.609327328125,0.20251396183351628,r
1643063,0.57319,1.5510670156249997,0.18882168463176943,r
1578063,0.64434,1.6854485000000001,0.35684066526671804,r
1647048,0.71023,1.670146484375,0.2243079684930845,r
1310303,0.6967,2.0095290624999995,0.23160803517379253,r
1291143,0.47937,1.1259970488281241,0.16904228228450985,r
1319653,0.59613,1.693394171875,0.2180464164400657,r
1321450,0.25928,1.320276375,0.19641126386679994,r
1936171,0.47389,1.23898878125,0.16640937498300956,r
1901803,0.50383,1.6257224707031253,0.1500294218811059,r
1847216,0.48023,1.39407598828125,0.17162825866837306,r
1280780,0.68463,1.7609647968749997,0.23688705154654724,r
1335717,0.30528,1.3032404999999998,0.15657423179165253,r
1306980,0.54789,1.9174789697265622,0.28029670078310914,r
1340700,0.32657,1.3421157421875,0.16280237389390528,r
1255487,0.45131,1.5802838378906248,0.15501194524260056,r
1257602,0.52271,1.7078441748046873,0.1717839352771934,r
1247537,0.45687,1.5262989609375,0.15460064676158042,r
1260105,0.6955,1.7054345703124998,0.2280772636472372,r
1643312,0.34083,1.236732358398437,0.16127127285548093,r
1371048,0.34489,1.1369836650390628,0.16686005311733237,r
1373040,0.26262,1.2961583437500002,0.1992702306851462,r
1559051,0.70648,1.8804609687500005,0.24264798446684374,r
1598039,0.62354,1.8131643984375,0.25132962214735405,r
1367331,0.44793,1.4214883095703126,0.16720729505800117,r
1314709,0.66048,1.698748875,0.23481683494115982,r
1293832,0.81398,2.0350588125,0.25233045883254085,r
1314296,0.70561,1.8974911250000002,0.24445179795482933,r
1326367,0.55856,1.3763728593749995,0.18091332453039743,r
1302705,0.79358,1.8314133281249998,0.2356433099073189,r
1321166,0.43623,1.4227653437500005,0.1743527144814238,r
1306067,0.7228,1.8102859375,0.2379020401048787,r
1864084,0.60665,1.6753719433593754,0.23140482086793923,r
1792093,0.27761,1.3374979687500002,0.15740579184548348,r
1929034,0.60889,1.6010340917968748,0.23194115005599408,r
1782065,0.20216,1.1753931562500002,0.1609287377746312,r
1340539,0.4482,1.4663024999999998,0.16389844342400964,r
1302550,0.75391,1.841948060546875,0.23798663958114938,r
1332819,0.34234,1.3622653593749998,0.16702716402884593,r
1314581,0.57562,1.1995638203125005,0.21128680038610204,r
1339217,0.33245,1.2835241015625,0.16036802602118358,r
1336150,0.34905,1.2327866577148434,0.18300938900152733,r
1283936,0.3696,1.38993,0.18297866333757282,r
1281668,0.30791,1.3421404570312503,0.15908831936305257,r
1338762,0.42108,1.6550586015624997,0.16620094023373622,r
1330403,0.77713,1.67508386328125,0.22937980090014637,r
1336009,0.3427,1.34296224609375,0.162764424905679,r
1262252,0.45401,1.7175493125000005,0.1573404398660253,r
1531078,0.67847,2.0062961718750003,0.21526596449635635,r
1673068,0.52838,1.4143485234375,0.17166688377522046,r
1408024,0.4033,1.4805911328124999,0.18538253000805957,r
1432141,0.566,1.9880859375000008,0.19063390256713456,r
1370906,0.61963,1.2299065312499997,0.24294346899875974,r
1590133,0.69426,1.9831445664062506,0.21942601850243804,r
1430255,0.65938,1.6778535664062502,0.23386283004182318,r
1309694,0.45456,1.589788625,0.15757468783124362,r
1291408,0.34818,1.294463453125,0.17912380496549796,r
1319926,0.564,1.2588367187499998,0.18191741295881197,r
1318266,0.40726,1.2797270625000001,0.1874296107724274,r
1302719,0.64645,1.8316756250000004,0.22808355448476253,r
1317526,0.43276,1.3331384062499998,0.16462551886287058,r
1303197,0.52682,1.4886494999999997,0.16766687539840472,r
1321492,0.55583,1.3662132187499998,0.18887253485633787,r
1313177,0.6362,1.4132997070312494,0.20383948933883136,r
1299033,0.69363,1.5910859960937498,0.23088473192278236,r
1815065,0.13617,1.0158957539062499,0.17064335775813425,r
1929022,0.7542,1.5787799999999996,0.22418196914584576,r
1923415,0.36255,1.3678724609375,0.18056606203354003,r
1879263,0.463,1.5544375000000001,0.16074859001041816,r
1906545,0.5493,1.5444584375000003,0.17561315716663983,r
1314317,0.78807,1.1859933046874978,0.2943586082798018,r
1316989,0.55474,1.55231071875,0.1826524752318263,r
1334253,0.62135,1.5678327832031247,0.24236572915952082,r
1334644,0.2891,1.1035400976562497,0.1837284333302963,r
1330903,0.56544,1.6275072500000003,0.19337373300756558,r
1338940,0.77404,1.9000765332031249,0.24541215763656174,r
1338233,0.60279,1.5057460742187503,0.21559627463626824,r
1329622,0.48727,1.5622144648437502,0.16003022381996757,r
1282966,0.58072,1.5978547578125,0.20586498410807696,r
1259500,0.56288,1.7283255,0.18051966819730803,r
1249308,0.22896,1.2481624999999998,0.15095243408591788,r
1255008,0.44489,1.34950468359375,0.16874306160705094,r
1262803,0.6147,1.3816407617187503,0.2336255545842232,r
1643292,0.49292,1.6958638124999998,0.16518408907309132,r
1366482,0.32206,1.4981625234374998,0.16453336556290013,r
1501158,0.58162,1.6013902500000001,0.2048899110880519,r
1538019,0.29162,1.324036634765625,0.17557526666519035,r
1570024,0.55123,1.5906924428710936,0.18259179213879134,r
1531113,0.45817,1.3038090351562497,0.1544242231175351,r
1645195,0.52692,1.6235454062499999,0.16792237247459807,r
1431096,0.47786,1.4247494062500001,0.16666376779321618,r
1644211,0.45849,1.4694571611328127,0.15217183162660214,r
1291155,0.51213,1.6515294843750004,0.1555543974109369,r
1297377,0.61044,1.4393307499999997,0.22736603112432202,r
1297353,0.54459,1.8124798281250003,0.1591571934265925,r
1300703,0.29674,1.0769020468750008,0.18534323954346826,r
1294971,0.58877,1.58070202734375,0.20725081712672175,r
1315890,0.56815,1.6208300390625003,0.1905417761258745,r
1810306,0.64245,1.6589707373046876,0.2202715372694766,r
1366280,0.73234,1.2918113515624996,0.2406121253193352,r
1880486,0.63527,1.696592625,0.2122893987590153,r
1861474,0.691,1.9502646484375004,0.2261100075085293,r
1861164,0.435,1.51235546875,0.16184798509586937,r
1856065,0.79034,2.1120417187499996,0.35165392644677557,r
1811099,0.49058,1.6803960468750005,0.16969677024671276,r
1331883,0.62011,1.62517284375,0.2453542414990637,r
1346628,0.53253,1.4840397929687497,0.1831944845335101,r
1337267,0.45439,1.336362842773437,0.158969912366526,r
1302117,0.49349,1.2995113183593756,0.17282762125807255,r
1279420,0.25736,1.1802484687500001,0.20457680971626205,r
1317666,0.14227,1.118398341796875,0.1773932287487087,r
1334597,0.29,1.3872539062500002,0.18177462187415883,r
1289714,0.53638,1.46046122265625,0.1788126791953558,r
1257605,0.74605,1.920655,0.21601141909838353,r
1250017,0.18299,1.27402477734375,0.1529623249643244,r
1312164,0.52438,1.4990729101562499,0.2605336029305836,r
1251975,0.44765,1.6551841992187495,0.16124962299714887,r
1262746,0.23176,1.3183681250000001,0.15301398397593965,r
1449074,0.33234,1.3612247148437502,0.16530389003969953,r
1509040,0.68629,1.7564422988281252,0.22946446717747881,r
1635042,0.55948,1.5868927343749997,0.18687890172209723,r
1590044,0.63048,1.5515036249999996,0.22855100461331118,r
1533035,0.58247,1.5305452031250002,0.21091667754771445,r
1367556,0.45235,1.5609925878906252,0.16340415786873622,r
1309288,0.26838,1.3597925429687503,0.19683504251117664,r
1318661,0.34498,1.0596971328125004,0.16888488568967608,r
1315191,0.58471,1.7320385078124998,0.20577394004698132,r
1311113,0.61596,1.7668250156250003,0.24025226937295907,r
1297070,0.73135,1.6498548144531249,0.24009580842087366,r
1291254,0.35116,1.4453717421875003,0.1863629050336971,r
1299090,0.68474,1.2721103203125015,0.2308276456396403,r
1791116,0.31286,1.4513257031250006,0.16321552541600504,r
1913214,0.31721,1.1453552578124995,0.1640068564445022,r
1797044,0.46789,1.4816514687499998,0.15322643175075587,r
1770206,0.58524,1.57533225,0.20220659198149954,r
1861210,0.54285,1.5872973388671876,0.15123010558872124,r
1929216,0.33695,1.8633740625000004,0.1630437338855206,r
1341370,0.41,1.5207070312500002,0.19085223738642632,r
1333246,0.43879,1.7639228183593754,0.16617860528468031,r
1308582,0.36812,1.2494783437499997,0.18449580770891402,r
1308568,0.64442,1.6360694296875002,0.21931341190133402,r
1339227,0.82152,1.4614851875000003,0.25650735654375123,r
1278747,0.32426,1.0206113203125002,0.15921019423403396,r
1308916,0.4382,1.3382001562499997,0.16274856141326607,r
1341271,0.82656,1.645509375,0.2473939419348771,r
1249371,0.45191,1.4459549003906247,0.16272967066661956,r
1260463,0.62154,1.3523390234375006,0.25184261069656716,r
1701055,0.26446,1.2950836406250001,0.1901109670518631,r
1592028,0.32608,1.4333060000000004,0.16412474525906745,r
1299258,0.80255,1.8286024804687502,0.2259965611551958,r
1293789,0.42914,1.5541897500000001,0.1668567523153868,r
1324544,0.53027,1.59662155078125,0.1781069650985119,r
1311151,0.6783,1.4154100390624995,0.2124585588887346,r
1305946,0.648,1.3177562500000009,0.2280292654264762,r
1319821,0.30929,1.2806492812499999,0.15810731756661023,r
1883166,0.51473,1.4815952812500004,0.15749449845602706,r
1892149,0.64141,1.5824218281249998,0.22442467759627138,r
1306423,0.44739,1.2789047578124992,0.17897907419114234,r
1306626,0.4214,1.49247,0.1593960866884893,r
1333291,0.3657,1.3657,0.17857109192286838,r
1346149,0.58493,1.66912940625,0.20622993000108197,r
1338649,0.61443,1.618529138671875,0.23584694892787747,r
1336957,0.83031,1.568275384765625,0.234036657045482,r
1331887,0.78539,1.0311324667968753,0.2676190091412709,r
1260000,0.55172,1.6850709375000001,0.18304196856791505,r
1258433,0.61572,1.8618648437499998,0.24536401844290784,r
1260889,0.52993,1.9464773476562507,0.16677690601691048,r
1249395,0.55626,1.9112818125000008,0.18838790390332194,r
1250275,0.38423,1.388285361328125,0.19818871903918028,r
1255312,0.35658,1.3220031074218752,0.18561898635884563,r
1500076,0.60024,1.8240235625000003,0.22216465130290386,r
1366690,0.27223,1.0918317617187494,0.16532352970359684,r
1574062,0.55144,1.47811021875,0.18927239914036836,r
1293006,0.50562,1.5444367656250002,0.15189452052713054,r
1313230,0.21883,1.2040707304687501,0.1555490570981078,r
1293783,0.32927,1.1953045078124998,0.171357735736189,r
1318126,0.37397,1.3691396367187498,0.17502209098359783,r
1291346,0.29876,1.4139234843750006,0.18301679856011754,r
1309492,0.33403,1.3695954482421873,0.1577454090936054,r
1318460,0.36704,1.5902519999999996,0.1794647092076505,r
1305785,0.47431,1.43226912890625,0.16858084669621665,r
1322954,0.54385,1.293275908203125,0.16075514016554146,r
1945116,0.54525,1.4498791015625,0.16795953270599598,r
1835110,0.34598,1.4931965625,0.16044366335166826,r
1946322,0.59098,1.7326766562500002,0.20849028484264442,r
1900124,0.68669,1.7934258515625,0.32656949160648846,r
1833321,0.62542,1.6710555712890627,0.22848160055022573,r
1336384,0.58439,1.516001291015625,0.20481686855446013,r
1254356,0.35238,1.3391731640625,0.19399297197889714,r
1258330,0.52595,1.7977598437500009,0.16129047668588192,r
1264039,0.42517,1.4763870468750002,0.1704044635392649,r
1248243,0.32489,1.5334566679687502,0.16124354891250847,r
1265169,0.68453,1.62991437890625,0.2353991095408859,r
1261259,0.52786,1.6890014843749999,0.168739897541919,r
1265426,0.4208,1.3786200000000002,0.15537937138818722,r
1595127,0.56799,1.55145260546875,0.19465126732759544,r
1574104,0.27399,1.3053420976562502,0.16287152519175158,r
1644061,0.61349,1.46915827734375,0.23766580666094425,r
1625059,0.59391,1.3560687421874997,0.19363470622721302,r
1547071,0.29961,1.348345375,0.18191218596539316,r
1551083,0.80373,1.75934133203125,0.23276778801102568,r
1291159,0.54102,1.3688591718750003,0.17101368843086606,r
1312274,0.42551,1.34977978125,0.17184383339849854,r
1303118,0.58967,1.7191411699218748,0.20646711535220733,r
1308326,0.32717,1.4204866406249999,0.16338271044259245,r
1313057,0.33809,1.4546501835937504,0.16274584654628912,r
1315947,0.73849,1.6923113593749999,0.2232572603585976,r
1315296,0.41363,1.7847078749999994,0.18154360371463815,r
1321338,0.31153,1.511589556640625,0.1596657951556423,r
1297742,0.46364,1.6597448906250007,0.15727477494657832,r
1293319,0.2979,1.5475936523437503,0.18854988139424894,r
1303663,0.81961,1.9139667294921876,0.26006498681454054,r
1299758,0.47293,1.3762689687499998,0.15971616482173803,r
1847165,0.3885,1.6306739257812497,0.19253008940264185,r
1871017,0.3377,1.41999990234375,0.1624307495942953,r
1776329,0.42548,1.2280844296874998,0.17478874855503193,r
1925122,0.38377,1.3118788242187498,0.19608488815935282,r
1898108,0.51325,1.410100732421875,0.14559492932279672,r
1334742,0.52919,1.46706665625,0.16637023117736732,r
1336008,0.43867,1.5347686601562502,0.1638704689426965,r
1281119,0.19947,1.2585064140625002,0.1576525209201493,r
1328103,0.57589,1.5500355546875,0.19741002852212547,r
1337703,0.53281,1.4364106210937497,0.182396909246254,r
1257129,0.58932,1.6296738281249998,0.2022791958779677,r
1256807,0.62074,1.7100073203125,0.24542912395244243,r
1255142,0.5779,1.9773059375000002,0.20776673656035968,r
1255974,0.34358,1.3506652851562502,0.16497950461426297,r
1256701,0.43749,1.4346824023437499,0.16106546168767935,r
1257839,0.64538,1.68394359375,0.22772668342730595,r
1703072,0.49475,1.438696875,0.16971554453201965,r
1366175,0.40561,1.0503640351562495,0.19029406316795716,r
1504139,0.55708,1.6601757265625001,0.1859640666624572,r
1560034,0.26982,1.314462109375,0.1825567024423972,r
1432017,0.34627,1.212300358398437,0.166830704829098,r
1472020,0.53169,1.6453701171875001,0.17840518526833504,r
1579110,0.62336,1.7048450625,0.2510044429586351,r
1432078,0.54586,1.9226633749999997,0.22876452427461966,r
1303215,0.32917,1.584619859375,0.1702835071512326,r
1292332,0.27358,1.2840273359374998,0.16309763874351124,r
1314047,0.45813,1.2963687031250002,0.155097449927229,r
1299190,0.69974,1.9168552265625007,0.2328197139469095,r
1301936,0.34351,1.4810098515625,0.16176685012344535,r
1301397,0.61076,1.571120203125,0.22858119907748486,r
1300912,0.33834,1.336640935546875,0.163194819899492,r
1879187,0.59271,1.4138412011718744,0.21632122373021123,r
1876287,0.56558,1.3986255703125003,0.1962592939162264,r
1876308,0.4225,1.3630439453124996,0.16680817329017134,r
1891030,0.61497,1.4477953710937501,0.24028494155406122,r
1909375,0.33805,1.425598193359375,0.1638531854785704,r
1910065,0.57988,1.58975425,0.23089907134887377,r
1281691,0.57935,1.5398662500000002,0.20723874993030347,r
1283272,0.38405,1.3095762158203126,0.1928639484940354,r
1335472,0.50705,1.5931461181640627,0.15337927417329927,r
1342906,0.498,1.3938421875,0.1593126811125351,r
1251114,0.62692,1.7413128125000004,0.2409997197707817,r
1253997,0.59134,1.5117729999999998,0.20877051034525865,r
1265260,0.6044,1.4289187499999996,0.22681306462552156,r
1264049,0.54508,1.7370079062500003,0.16334985928307422,r
1250823,0.66553,1.584855890625,0.21876877689857668,r
1257609,0.3344,1.4636700000000002,0.15956539114412335,r
1246314,0.38388,1.56727112890625,0.18919375338105499,r
1250578,0.27962,1.311485537109375,0.161652866289606,r
1248677,0.35067,1.5669882421875,0.18220222677863043,r
1256764,0.55774,1.6660516093750002,0.1864893142794886,r
1253131,0.40448,1.2333090000000004,0.2291484777132601,r
1536026,0.44236,1.5327892109375,0.16353723717601992,r
1562077,0.47898,1.6852283828125,0.16913148431646344,r
1294341,0.36897,1.415760966796875,0.1812200815224137,r
1311631,0.64177,1.7838215839843747,0.22017900496722967,r
1303466,0.65333,1.6365383671875,0.22104778749581788,r
1292227,0.29279,1.1837108437500001,0.17508147397863552,r
1297157,0.54947,1.8781271132812503,0.17626827350325996,r
1302055,0.54383,1.2712475156250003,0.21229442842840401,r
1291511,0.37325,1.304855712890625,0.1653123900155541,r
1309323,0.48362,1.47202921875,0.15945184334875226,r
1303699,0.79621,1.8326955156249998,0.22784224843159265,r
1311590,0.5604,1.7185733593749999,0.18077371279969523,r
1311001,0.63159,1.8788778593750006,0.22823402286392305,r
1900662,0.44894,1.7340585644531261,0.16993317918580428,r
1915067,0.45804,1.4534836249999998,0.15878978883825928,r
1902212,0.28219,1.2676651914062498,0.16299143075084896,r
1876602,0.73117,1.9908454999999998,0.27499370646151483,r
1332614,0.51917,1.440837796875,0.1644819716360643,r
1254150,0.70484,2.0398144218749996,0.23444352545517588,r
1255545,0.60314,1.7412229570312503,0.2171918079269619,r
1258249,0.62237,1.3593686132812497,0.23632813402369843,r
1250034,0.16167,1.1063091640625,0.15532990758947374,r
1264068,0.33147,1.3222381279296873,0.16713889325074,r
1253243,0.57842,1.3173024726562508,0.1990087409156665,r
1260050,0.27372,1.2349113437500001,0.16620235237652056,r
1257695,0.18472,1.1935128437500002,0.15334565468444442,r
1420185,0.64519,1.730020109375,0.22657903083606687,r
1430136,0.41337,1.4912157695312502,0.18466445369092893,r
1440057,0.51352,1.5028780624999998,0.1496768397055982,r
1473025,0.64709,1.7883150996093753,0.226161477928711,r
1368143,0.42463,1.515895359375,0.17036842524432608,r
1409129,0.79436,2.1952873124999996,0.24598888784102066,r
1575072,0.59156,1.9123588125000004,0.20867238901137491,r
1320501,0.33781,1.2813711406250001,0.16492916908497718,r
1320009,0.69229,1.6909678984374998,0.23316023424837626,r
1302027,0.74959,1.5636960625,0.2844321345341089,r
1316626,0.61667,1.7669697890625,0.24230515191322902,r
1929024,0.31613,1.4392601308593753,0.16191399660692155,r
1899442,0.432,1.2910374999999994,0.16487812816567102,r
1880545,0.55227,1.5231649375,0.1907034907113995,r
1776304,0.45517,1.38980103515625,0.1509420329230555,r
1899065,0.54877,1.6219735820312497,0.1804873405265382,r
1839117,0.608,1.7083429687500007,0.23403650674393003,r
1334620,0.1972,1.1972,0.15936501904201567,r
1307277,0.41216,1.4416719375000002,0.18350192798600956,r
1281135,0.65254,1.6205865898437501,0.22404518929554382,r
1308529,0.72352,1.7699742500000002,0.23600577570725936,r
1258309,0.47736,1.8651670000000002,0.1617738676618481,r
1249137,0.22397,1.2679564218750001,0.15632852851350146,r
1287883,0.65842,1.3688443203125007,0.22736091940256511,r
1259352,0.22034,1.1440687499999997,0.16199629826606093,r
1641368,0.60833,1.5731477812499997,0.2271544408589621,r
1646094,0.59293,1.843380908203126,0.3983589790131588,r
1595028,0.46641,1.6250085424804692,0.15292494645316812,r
1484053,0.46427,1.5054525937499998,0.15636566341407312,r
1319058,0.66951,1.5335362363281253,0.21009168299227102,r
1309551,0.65259,1.65259,0.2870135376231692,r
1320447,0.58009,1.264071999999999,0.20271516203360182,r
1322819,0.33807,1.4039281328125,0.1634007815898963,r
1312897,0.28683,1.2157024824218747,0.17484007198226562,r
1305219,0.61748,1.8310379062500004,0.24238669496087079,r
1936215,0.61124,1.7522235,0.2341993710379126,r
1904287,0.69973,1.6333342968749998,0.23286378080953699,r
1849276,0.61542,1.7372075234375004,0.23910495669351253,r
1915184,0.52582,1.7236997812500006,0.1619018023820558,r
1338128,0.3128,1.3169024999999999,0.1610860670663953,r
1327978,0.20786,1.26636571875,0.16334952057557495,r
1291788,0.3845,1.3201423828125003,0.19432035475530046,r
1336662,0.182,1.3000845703125004,0.15942669010068292,r
1273127,0.19024,1.0953927499999996,0.15383459159413737,r
1250950,0.70234,1.7216243203125003,0.24217415681744298,r
1262135,0.38378,1.3429693007812498,0.19312246314196854,r
1262084,0.45416,1.52232375,0.1638631300302184,r
1264499,0.44958,1.3499213750000003,0.1586647197704497,r
1257356,0.33307,1.3351529218749998,0.1603406001267638,r
1260568,0.53864,1.22212191796875,0.17488807979147722,r
1250397,0.64442,1.63317884765625,0.22296977920920355,r
1367571,0.43428,1.4376415937500002,0.16274243385739914,r
1408068,0.42828,1.4402753203125003,0.1675687292862922,r
1575019,0.65338,1.5634451699218745,0.22470269764339854,r
1432102,0.71926,1.805223,0.22445592206717602,r
1371126,0.21648,1.1017222187500004,0.1536443062475078,r
1400026,0.71027,1.6401222070312498,0.21140881422821253,r
1547086,0.27627,1.3161534375,0.15759255971346378,r
1548070,0.67716,1.4406542343750002,0.21303365824330825,r
1298079,0.26136,1.26136,0.19891424583133438,r
1310432,0.29574,1.343191416015625,0.17955525810755235,r
1290007,0.4317,1.4384110937499999,0.16504790941528846,r
1310396,0.32358,1.4440464609374999,0.16268044713037993,r
1310485,0.43429,1.7592463281250001,0.1615223041884887,r
1848092,0.58883,1.56338389453125,0.21254441305272295,r
1900856,0.72477,1.6061920625000001,0.23498783191034076,r
1345458,0.56932,1.55092953125,0.19336892613140938,r
1332709,0.69431,1.786967578125,0.23223045632179026,r
1329168,0.67717,1.6837214453125,0.21402739315354766,r
1343533,0.36947,1.3009965,0.18977395275838777,r
1256823,0.44199,1.6622314414062505,0.16626749091198562,r
1249304,0.63802,1.7659903125,0.20760861796274582,r
1254670,0.5055,1.3355431640625004,0.15465169432537323,r
1466032,0.57717,1.5845629843749998,0.1983477625068843,r
1549078,0.60616,1.7441893750000002,0.23144592148393203,r
1488029,0.47938,1.6016022148437496,0.16736208320374427,r
1636043,0.54055,1.6681267968750002,0.1667519921910578,r
1620051,0.38353,1.32029835546875,0.1893153095379073,r
1574019,0.60551,1.7033457656250004,0.21914810083809355,r
1701088,0.72463,1.9375140156250001,0.2423969336215434,r
1435033,0.58096,1.4704163125000003,0.2346127677033589,r
1315795,0.37862,1.2534133007812498,0.18268503731867072,r
1295249,0.53309,1.4228991562500002,0.1807689594430874,r
1290043,0.73556,1.771491515625,0.246013485919981,r
1305350,0.49382,1.7908334296875004,0.22503502988478713,r
1324562,0.35349,1.4021310468750003,0.19006097158068966,r
1295285,0.52634,1.6628758828124999,0.16390154949427932,r
1316831,0.43966,1.4897106796875001,0.16459578801239386,r
1864046,0.74939,1.7411897343749998,0.23454580867804556,r
1880304,0.44469,1.4593626328125002,0.1673731730428939,r
1861451,0.7819,1.8320159375000005,0.2809680733712043,r
1923060,0.38361,1.400905125,0.1905715998181363,r
1898252,0.74631,1.6126081406249995,0.2129410948656558,r
1904293,0.44682,1.4855337382812501,0.16502729229922083,r
1338266,0.6498,1.5569987499999995,0.22748655791182337,r
1339327,0.77378,2.06201925,0.346150416077672,r
1341857,0.50373,1.4466058818359375,0.15081197491535142,r
1280807,0.73965,1.8048868750000004,0.22072484593023234,r
1263090,0.65341,1.6282213320312504,0.22636455382953757,r
1251645,0.7682,1.7688907031249999,0.22167390555011465,r
1261173,0.47431,1.4938906796875,0.16699627354868493,r
1251126,0.59845,1.5472496484375,0.20775048905877574,r
1250665,0.29564,1.0268959218749996,0.18021554718952312,r
1259615,0.32116,1.286582765625,0.15818223300328743,r
1596033,0.47043,1.3650300371093746,0.1480338549741375,r
1536021,0.53524,1.3901118437500002,0.17411613955180316,r
1569050,0.33086,1.4322341015625,0.1627761022263086,r
1551020,0.46394,1.5074007187499998,0.15105300190452717,r
1531033,0.61002,1.579360439453125,0.23155921702562057,r
1300160,0.41029,1.53424126953125,0.18725839832822025,r
1295079,0.54562,2.1843957656249997,0.31062409738633523,r
1299785,0.38182,1.331081296875,0.18030068667540655,r
1320126,0.52795,1.55480849609375,0.16481146087365922,r
1896254,0.55339,1.6134625039062502,0.18622197711074615,r
1833564,0.65526,1.9126012031250004,0.22975205079415653,r
1912110,0.53873,1.7842656269531254,0.2030377256137392,r
1901115,0.29979,1.17234965234375,0.17821052634256185,r
1306360,0.45534,1.1642720000000009,0.15711673692708478,r
1342810,0.70232,1.4403223124999998,0.23518714667069907,r
1282114,0.21881,1.13120803125,0.15733283187894262,r
1338485,0.58582,1.7890031875000003,0.2036350805918175,r
1319066,0.33449,1.4197201230468752,0.16176156229632357,r
1256432,0.51183,1.6804344785156253,0.15554396564110456,r
1253119,0.3201,1.1878321679687498,0.15768810573352235,r
1255382,0.58171,1.6743883203125,0.20323295322637364,r
1251536,0.52851,1.4556669453125002,0.16667738911729524,r
1261233,0.53225,1.43229462890625,0.18434905946015614,r
1261236,0.5985,1.6603169921875,0.20329366894954287,r
1260556,0.27487,1.3184446582031248,0.16337103728867605,r
1264948,0.50502,1.781332265625001,0.1492057473311196,r
1253475,0.45532,1.6355295468750004,0.24515624974036165,r
1261193,0.19293,1.3418132558593758,0.1586143741633189,r
1434262,0.79106,1.847030625,0.2701021322609859,r
1450127,0.60139,1.3374108671874996,0.21615660801105138,r
1290176,0.79602,1.7872503710937497,0.2369969588205277,r
1313026,0.53752,1.5158986250000002,0.17923324822180664,r
1302353,0.57305,1.5632184374999998,0.190997872022226,r
1289913,0.38598,1.4728744492187498,0.18906605117160566,r
1303140,0.49718,1.42933903125,0.1643075617575892,r
1305835,0.34291,1.0114446655273441,0.15893263030860366,r
1313434,0.69194,1.8426284062500002,0.22749526401820525,r
1948209,0.37996,1.4532703750000002,0.17583728440527843,r
1880513,0.64577,1.8514912499999998,0.21744958556465757,r
1923155,0.39257,1.5284271708984376,0.1739703960930402,r
1879426,0.2299,1.3557725781249998,0.15652696656560772,r
1340132,0.61054,1.4671012812499993,0.23307386105710848,r
1306991,0.42306,1.2921495976562503,0.1776124057896125,r
1336687,0.2348,1.3245159375,0.16620107732609213,r
1279500,0.23568,1.31291,0.16456465142035534,r
1341423,0.59825,1.4584031249999998,0.2019281607141776,r
1340706,0.29425,1.36300703125,0.17831546075894894,r
1283923,0.14715,0.9630906787109375,0.16613609741911006,r
1343337,0.33947,1.3441790742187498,0.16184651677481984,r
1314554,0.35253,1.2723556142578123,0.18953643817888302,r
1261579,0.3232,1.3131209375,0.1692956874561231,r
1257533,0.23003,1.262942912109375,0.15279644968074768,r
1254762,0.39875,1.4525690917968748,0.18702668507115683,r
1594042,0.62112,1.298795750000001,0.24792009558899297,r
1699061,0.53629,1.2122288281250002,0.18928920831767448,r
1642117,0.81384,1.791167,0.3419781726925191,r
1531108,0.345,1.41225,0.16676848857297855,r
1487043,0.69363,1.8246216953125003,0.22935727534750727,r
1643338,0.56915,1.4637227343750001,0.1940493368403298,r
1302418,0.47885,1.4615197265625002,0.17684797827289037,r
1315950,0.36,1.1235937500000004,0.18285250290540794,r
1318304,0.39869,1.7199516093750007,0.18649071565551426,r
1290323,0.59969,1.550402676269531,0.2199690724522615,r
1297063,0.4357,1.4828089062499998,0.1673230111115324,r
1908380,0.4377,1.164761640625001,0.16354700299802544,r
1916124,0.4319,1.5303431250000001,0.1616219443138059,r
1896244,0.59211,1.9105320000000006,0.3205838859221074,r
1817269,0.5307,1.6610486718750002,0.18017776627303922,r
1281886,0.38493,1.5591282265624997,0.1861023718787503,r
1341743,0.68487,1.6532786874999996,0.23639332058744447,r
1309013,0.21358,1.1498196445312496,0.150659489476551,r
1252917,0.6941,1.5273370312499996,0.23341922182645986,r
1260058,0.3905,1.4426437500000002,0.19622260153163873,r
1255470,0.46997,1.2322482890624995,0.15197762867641484,r
1252939,0.668,1.6061015625,0.2118335613061339,r
1255576,0.28112,1.31114625,0.16074120656147411,r
1246275,0.24651,1.28887186328125,0.16866359650856255,r
1368111,0.55205,1.5532625390625001,0.18667386885443948,r
1367180,0.80489,1.7527173984375,0.24167882314045558,r
1431108,0.61115,1.8213547265625003,0.23435459478143925,r
1566028,0.32165,1.4174179980468748,0.15931852554075002,r
1433108,0.68403,1.8517751757812502,0.24164595563087365,r
1294667,0.6295,1.7361176757812498,0.2320405389000964,r
1296657,0.14715,1.2009226562499997,0.17256672469721482,r
1302073,0.589,1.7752109375,0.21264474801641042,r
1309215,0.77536,1.798939,0.26444298045490716,r
1310475,0.66511,1.6394178730468745,0.2119170605187675,r
1310236,0.69211,1.49712076171875,0.2470950086050442,r
1897267,0.31971,1.4787453652343752,0.15934542573957036,r
1783052,0.4796,1.1700977343750005,0.166961737786403,r
1837096,0.37987,1.228946718749999,0.18177323144724267,r
1891082,0.55,1.7437500000000001,0.1772211441786362,r
1879313,0.61028,1.8283911679687495,0.24929483868370605,r
1889022,0.5124,1.62110375,0.15947106340895015,r
1876204,0.51067,1.7183871250000005,0.15731381904071098,r
1314847,0.52173,1.3090741767578122,0.16623086941828152,r
1302523,0.42505,1.4853432531738284,0.17033846733427102,r
1275946,0.233,1.4539526367187503,0.15722918911357497,r
1279501,0.56655,1.608161484375,0.199472978974301,r
1336464,0.38834,1.604183484375,0.18586891404968825,r
1280792,0.68123,1.2712660048828117,0.2250197498307804,r
1335259,0.72764,1.6844489999999999,0.24304456780150197,r
1277715,0.34655,1.3963881298828122,0.16132052707357009,r
1246527,0.32184,1.356951375,0.1607990126777255,r
1248907,0.1714,1.2376916308593753,0.1731024125804206,r
1262588,0.40759,1.1983759394531248,0.18492765056592547,r
1248039,0.22666,1.0690150234375002,0.15324727157175655,r
1250532,0.52893,1.6913788125,0.1709407847373906,r
1264375,0.4969,1.2735344531249997,0.167843920184131,r
1252521,0.43376,1.5295306875,0.1656332576902195,r
1264512,0.36136,1.48473325,0.18760363641713673,r
1641288,0.54642,1.2757965000000007,0.25560466351196864,r
1534078,0.61356,1.5316214062500002,0.2366504495660387,r
1368133,0.2772,1.2749549218750003,0.1586984441431698,r
1528034,0.64009,1.6317614179687498,0.2143968736263262,r
1644180,0.6122,1.6959588281249998,0.23760186318435023,r
1370135,0.51724,1.5768035234375002,0.14882743611782925,r
1305051,0.2998,1.2464878906249999,0.17683417560583956,r
1296321,0.18531,1.2761760498046877,0.15496325156588542,r
1315818,0.55274,1.6238567050781256,0.19553304826739193,r
1317724,0.4689,1.7213671874999998,0.1603548916756983,r
1315197,0.2091,1.1229043945312498,0.16075894587933331,r
1302648,0.23259,1.2479973750000002,0.14836000940654043,r
1301963,0.41577,1.5208466796875002,0.1776920049612917,r
1309874,0.27092,1.20650520703125,0.18991854726424534,r
1295592,0.35684,1.38970096875,0.18554569569440676,r
1891070,0.79478,1.5816498749999999,0.22314610225900938,r
1942106,0.56638,1.8160218125000003,0.193070038008336,r
1901257,0.521,1.2509630859374994,0.1708175423319893,r
1330339,0.57968,1.2748511249999996,0.20988476323313035,r
1330350,0.76374,1.7623620781249998,0.24899579676538858,r
1306986,0.44916,1.0345077734374994,0.19547765580736773,r
1279714,0.70074,1.5947759257812502,0.23496022081199325,r
1335432,0.42751,1.2273240273437502,0.1681918721872148,r
1334581,0.82885,1.280194999999999,0.5014837051487906,r
1319539,0.37277,1.5894102656250009,0.16555933536747172,r
1341227,0.83108,1.3350432890624995,0.24662766335643319,r
1246791,0.83213,1.5973883437499994,0.23693998168426156,r
1254070,0.49305,1.5968636328124999,0.16464869553248704,r
1250357,0.35941,1.2903774609374998,0.18373752790667056,r
1262016,0.46812,1.6332835,0.15761162675422288,r
1536028,0.45221,1.3423015283203121,0.15280692544197638,r
1449102,0.69896,1.739111203125,0.2338323206167727,r
1602033,0.61096,1.6499754375000002,0.2323002708047161,r
1535064,0.8022,1.4612955664062495,0.2636732416609634,r
1301933,0.33065,1.3960129833984376,0.16472388362533882,r
1302185,0.73783,1.629215625,0.234314840673346,r
1293921,0.50552,1.658424375,0.14996593500986288,r
1297465,0.27836,1.4404021171875,0.15267999394245685,r
1309376,0.74073,1.798867662109375,0.24830325684753274,r
1332689,0.48824,1.4289429375,0.1618201409808115,r
1335756,0.45038,1.477574625,0.1618961611685299,r
1340460,0.63843,1.5744288281250007,0.20732033101387132,r
1278602,0.34896,1.5360228125,0.18215540309014988,r
1284601,0.40563,1.5428985546875,0.190541522268194,r
1253148,0.43972,1.4911787421874998,0.16510260564364881,r
1263197,0.33826,1.0931519306640625,0.16319247109090235,r
1263139,0.72801,1.7064098749999999,0.23994432180254555,r
1263852,0.66144,1.3057880000000002,0.2216863754616738,r
1636093,0.47891,1.4916193828125,0.29366793910485284,r
1645125,0.44537,1.6593525117187502,0.16687505199770455,r
1433226,0.5975,1.3772197265625001,0.20936153917754058,r
1537077,0.74518,1.7888095,0.22539646654070095,r
1645092,0.51459,1.36135608984375,0.1562453999649657,r
1699105,0.46642,1.7791798906249996,0.15730083548660603,r
1431163,0.36812,1.4538947109375,0.18456218637491575,r
1563063,0.71612,1.9125352968750002,0.2112804757269451,r
1267094,0.6238,1.7354362500000002,0.2531307436904935,r
1303753,0.65363,1.9404314531250004,0.22749146042257337,r
1293046,0.60863,1.3874433750000001,0.23271712115277313,r
1296919,0.67832,1.7140498593749995,0.21508449459935586,r
1322912,0.65953,1.4559782734374993,0.2294338435779879,r
1304362,0.76303,1.7960868125000002,0.25526148123006037,r
1876301,0.60195,1.64637908203125,0.2907575959408569,r
1901241,0.68264,1.6188837187499998,0.2359057530216276,r
1331993,0.721,1.67931953125,0.22129943668432367,r
1330031,0.10643,1.113075062988281,0.14390848209513885,r
1334448,0.51812,1.1697233203125013,0.1571505275964989,r
1277995,0.72265,1.5362538867187499,0.23817275929141357,r
1315570,0.61334,1.7639604140625003,0.24000719348407545,r
1329795,0.52669,1.7771625781249996,0.1636585747334081,r
1337549,0.74939,1.74939,0.23419357286179165,r
1338430,0.5183,1.5983666015625002,0.16378121242713636,r
1265089,0.44588,1.7395743750000001,0.16949310037696405,r
1255423,0.66801,1.7981603896484375,0.22497255208779982,r
1264606,0.68176,1.6817600000000001,0.2289242326972954,r
1252364,0.54251,1.57625240625,0.16502593622259784,r
1261963,0.28053,1.1279668554687503,0.1607872444917415,r
1470063,0.53605,1.6524537890624997,0.17505430657285415,r
1500086,0.64266,1.5399937499999998,0.21904637110986608,r
1644290,0.53786,1.6039399218750001,0.17126657891134003,r
1533036,0.65446,1.3972431718749994,0.25134482615673404,r
1531089,0.29241,1.2207216328125001,0.17516630430274555,r
1480038,0.3353,1.4761324218749996,0.16098348608792457,r
1433114,0.68506,1.7495662031250003,0.2363689033042611,r
1721068,0.29425,1.2613881835937502,0.17555436977808542,r
1291242,0.28008,1.3020813749999998,0.16141976581893627,r
1294137,0.4719,1.3977300390625,0.16675863918830552,r
1300084,0.61958,1.5838353632812496,0.2471162106235925,r
1296671,0.64986,1.8161349531250002,0.22310361365943684,r
1319840,0.49025,1.5368203125000002,0.16470851465590983,r
1300025,0.41459,1.4444290078125,0.1843062343264561,r
1892103,0.26685,1.3232644140625003,0.19564295119733546,r
1880632,0.4065,1.3471632812499998,0.18751294600660837,r
1770254,0.7362,1.5693620312499996,0.23183617885198382,r
1883111,0.43385,1.3095083203125004,0.16181478062834784,r
1904061,0.6247,1.5986794140625,0.23943332399022652,r
1915087,0.56216,1.3577367187499991,0.17767887891633322,r
1904152,0.4414,1.319781875,0.16530166919365713,r
1898053,0.81614,1.9126224375,0.3257801176638611,r
1922297,0.43327,1.4959755625,0.16480142712178059,r
1904352,0.64396,1.4596566718750001,0.22033500199020584,r
1317783,0.39534,1.5915596875000007,0.18925974548702526,r
1296963,0.48917,1.5170919375000003,0.16522020103248292,r
1339875,0.46064,1.35337425,0.159450736644355,r
1262726,0.25478,1.0619065898437496,0.2019095736860616,r
1246626,0.39392,1.305711,0.17602260653164145,r
1250120,0.69207,1.6185376611328124,0.2260311237287807,r
1252313,0.59808,1.7550788750000001,0.2036951201606277,r
1249245,0.36932,1.322249625,0.1865097931272502,r
1246281,0.336,1.435678125,0.1618566710015433,r
1246758,0.53249,1.4870690317382813,0.17453423998480722,r
1392367,0.59463,1.5251763886718748,0.2078504596509018,r
1532056,0.47379,1.586914896484375,0.16777134135265223,r
1644213,0.54622,1.5564878671874998,0.16675304412760755,r
1642178,0.6874,1.5211317773437498,0.230901126969899,r
1366475,0.45596,1.4718845624999999,0.15841210489745597,r
1537020,0.40697,1.4943560273437504,0.18582381687335126,r
1320843,0.60989,1.7123947148437497,0.2319114869124757,r
1315910,0.39468,1.27033011328125,0.1874449715316599,r
1305409,0.62066,1.6054663125,0.24438950827033387,r
1300516,0.31151,1.48313337890625,0.15949944601644495,r
1300777,0.8183,1.7728424999999999,0.27567688657062617,r
1321261,0.59069,1.8168662343750002,0.2073992427216084,r
1896164,0.42181,1.4737393886718753,0.1639556653288686,r
1773237,0.3929,1.3942602539062503,0.18394916748240608,r
1895036,0.45302,1.6164847500000001,0.15742548463836922,r
1896111,0.49364,1.41779109375,0.16684881985194347,r
1330995,0.71965,1.9527431835937508,0.30972341436582534,r
1306736,0.552,1.4413593749999998,0.2341153198364937,r
1304183,0.63618,1.554371,0.20383397132969633,r
1318052,0.48127,1.6311328632812498,0.16776176762359207,r
1332392,0.51318,1.4924919921874997,0.15791497705771015,r
1263369,0.31343,1.4431055595703124,0.16082400943907074,r
1265040,0.431,1.6456499999999998,0.15399708956731964,r
1257022,0.38786,1.2843126328124996,0.19603419671856337,r
1253920,0.19599,1.111896953125,0.14971942211820033,r
1262895,0.70615,1.4348988085937497,0.22661871354208,r
1562098,0.57747,1.5978045742187499,0.21827595260372826,i
1702083,0.38932,1.4739816875000002,0.2030183635573665,i
1435094,1.01778,2.0374848828125,0.27956488060754275,i
1309227,0.92649,2.01679421875,0.23633654085581554,i
1324542,0.5421,1.705948125,0.23881761532470677,i
1320474,0.78908,1.6297400624999994,0.18609451255395396,i
1290816,0.21892,1.4674654062499997,0.13434669988132455,i
1298246,0.61058,1.4696542499999998,0.19572573096892595,i
1311632,0.42538,1.4152881982421874,0.21751508903788014,i
1302738,0.679,1.757703125,0.21096468712376285,i
1303317,0.47545,1.4904350390625,0.1978612440970028,i
1314162,0.58267,1.5641230859375,0.21700566559409315,i
1314067,0.43479,1.47065975,0.20733728654480962,i
1833468,0.78516,1.707756578125,0.18812960742639057,i
1910132,0.26371,1.2795063750000002,0.1327919300114033,i
1849109,0.6253,1.6313313867187498,0.19925207335062642,i
1842087,1.0843,2.4620793749999996,0.26655424896291624,i
1279488,0.49532,1.5464295703125002,0.18772675453053966,i
1336480,0.25695,1.2036769238281249,0.15171956011922638,i
1331719,0.5874,1.2699199999999986,0.21789814377179498,i
1306378,0.36195,1.7024374999999998,0.16796423352197729,i
1337649,0.26238,1.3185953593750002,0.14439621702318123,i
1339246,0.95867,2.034797994140625,0.25442542255194883,i
1264434,0.31179,1.32869979296875,0.15971825775265644,i
1256332,0.47919,1.555460734375,0.1982153788760925,i
1260241,0.33442,1.2765603828125,0.15461821401272285,i
1253180,0.4621,1.33902087890625,0.19106988555078652,i
1258802,0.55063,1.4743099296874997,0.19021500672662303,i
1257102,0.47434,1.3790262226562504,0.20816694016269757,i
1259006,0.52913,1.6438147500000002,0.22527601182888599,i
1261456,0.62298,1.4556101874999998,0.20252123795286472,i
1552028,0.453,1.5545964843749998,0.17506588056940117,i
1479069,0.17353,1.2629199804687503,0.10740359703738472,i
1305873,0.60153,1.8683474003906255,0.1981841659304843,i
1296802,0.74534,1.7869281796875,0.20219987364105343,i
1312213,0.40797,0.9969912568359378,0.208549969966107,i
1297580,0.63626,1.4445107812499995,0.19312437003866867,i
1316461,0.61047,1.4494230000000003,0.19671518927510026,i
1854103,0.46733,1.4661836484375002,0.1961113813568884,i
1889211,0.46407,1.3634151875,0.19260710283879318,i
1876533,0.491,1.4677031249999997,0.20795226530533062,i
1920365,0.366,1.4310984375000002,0.18162354309743622,i
1927254,0.5815,1.5620401367187502,0.22047820252648412,i
1850154,0.56884,1.618479078125,0.19800282035701908,i
1339716,0.45791,1.7267121562500005,0.23683988827636898,i
1341000,0.54259,1.79265830078125,0.24752679638176422,i
1334302,0.4557,1.5353085937500004,0.18855967667916895,i
1303910,0.68577,1.68577,0.32090782268231116,i
1340141,0.65523,1.7709667851562503,0.25527840049733624,i
1258529,0.82542,1.6485824374999996,0.2090921404378255,i
1257335,0.48464,1.664420625,0.19026755977078275,i
1249264,0.55081,1.4502496640625,0.1854072852069848,i
1252810,0.5814,1.9050928124999995,0.27577685193672163,i
1264038,0.66425,1.5758367187499998,0.22594973613986022,i
1254889,0.60613,1.5201769492187496,0.18919825776612445,i
1260427,0.81895,1.9948055175781254,0.21088676405201565,i
1660018,0.4355,1.7046562500000007,0.2028465193667007,i
1578103,0.16092,1.1173855,0.1152753763748434,i
1370308,0.62927,1.449318401367187,0.20387889085207334,i
1370806,0.5895,1.6112314453125003,0.21715373533047042,i
1552143,0.76058,1.4937420937499997,0.23060288021035866,i
1304456,0.43093,1.3057236250000002,0.21306295554946114,i
1324790,0.35775,1.440487890625,0.1792920226303189,i
1292997,0.41562,1.41783190625,0.1824949606615606,i
1316487,0.77696,1.5326279999999999,0.1925285520554526,i
1291090,0.29292,1.442918921875,0.1438037095554706,i
1891107,0.6287,1.280692617187499,0.19702568888938618,i
1860025,0.23625,1.153189453125,0.14787492244972683,i
1876305,0.53784,1.5967104375000005,0.2503785439695285,i
1338324,0.42719,1.3184782617187503,0.21745534970260136,i
1307783,0.7413,2.002154902343751,0.20238889484507971,i
1334084,0.13431,1.08335466796875,0.1077476050133264,i
1334707,0.64989,1.73689591796875,0.23409083883913442,i
1335323,0.20081,1.1133291152343752,0.11917414923550389,i
1336558,0.46865,1.3940701171874998,0.20862331773679663,i
1338959,0.46283,1.6948256953124994,0.1881850527457328,i
1280135,0.7715,1.866821923828125,0.18857976114248096,i
1284567,0.65602,1.6870703750000002,0.22590770277202965,i
1473027,0.50617,1.519407822265625,0.18904733319157283,i
1574017,0.53399,1.6772023476562503,0.25041753374671466,i
1653101,0.3305,1.4588724609375001,0.15816461684081282,i
1502065,0.27405,1.34173390625,0.14075332379902616,i
1532057,0.50504,1.6202696250000004,0.19090780973393828,i
1299775,0.16051,1.2185355,0.11369425151092043,i
1304503,0.5303,1.4507961328124999,0.22336820543591057,i
1295794,0.67164,1.3797559843749998,0.19305185238045755,i
1905171,0.30404,1.34479125,0.15825053374571246,i
1890041,0.6538,2.116347187500002,0.2710435276858203,i
1330559,0.68194,1.691138109375,0.20487296520306492,i
1338849,0.62065,1.62065,0.20241899148143644,i
1333442,0.69344,1.5833002499999997,0.224045456760894,i
1334645,0.248,1.1270999999999998,0.14931739206396502,i
1256505,0.55738,1.804370734375,0.19299053466586058,i
1257144,0.5267,1.7366212499999998,0.2131490238656486,i
1258191,0.51814,1.50954116015625,0.21583600021140795,i
1256680,0.29546,1.39464365625,0.14254062806921533,i
1387174,0.699,1.9724328125000001,0.24566052942938638,i
1391191,0.65126,1.6991529902343747,0.27827064560307024,i
1371111,0.885,1.9586328125000003,0.20824187679566342,i
1370113,0.65674,1.74734296875,0.23181853764414465,i
1595118,0.91014,1.5774510654296863,0.22067226689110261,i
1550021,0.20676,1.1928539765625001,0.1209578302350977,i
1367234,0.25278,1.2816526640625,0.14732737433808654,i
1592067,0.69314,1.703722125,0.2186365877682643,i
1375087,0.63016,1.547060046875,0.19547958862358664,i
1300531,0.58567,1.7690130937500002,0.22690580025861595,i
1300590,0.6577,1.56348306640625,0.23051121999003263,i
1292767,0.30996,1.4511900624999998,0.16149342034808106,i
1305541,0.83438,1.6928604492187498,0.1831016326793498,i
1928157,0.54505,1.4862053222656253,0.2508641420883728,i
1770386,0.36892,1.2470005625,0.17915985989911912,i
1770225,0.582,1.3924380859374994,0.21304239569898611,i
1847100,0.38,1.4533124999999996,0.19397454103772546,i
1919017,0.21939,1.05410549609375,0.13321458854865711,i
1339392,0.18191,1.0046234999999997,0.11913316581638275,i
1335585,0.60687,1.238733572265625,0.18349192456558228,i
1306390,0.41009,1.4023785703125,0.20222728498933495,i
1336953,0.60141,1.5188372968750001,0.19715291691722528,i
1323600,0.37145,1.5296221142578128,0.18357008698164803,i
1332721,0.42274,1.5655697578125003,0.19085718525504003,i
1303883,0.25993,1.3495031484375,0.15119081361995507,i
1336693,0.64929,1.6004072348632812,0.21606239418400522,i
1287437,0.33727,1.6820349218749988,0.2004320866701678,i
1262131,0.33852,1.4221775,0.16041598358686207,i
1260639,0.59196,1.3146107187499996,0.2011225860849186,i
1248084,0.28165,1.36575828125,0.1314256999481495,i
1373042,0.2382,1.0539210156249994,0.14041666255173132,i
1576034,0.768,1.4941671875000002,0.1884924028269836,i
1431072,0.42373,1.6739950390624991,0.24230173837538796,i
1449115,0.86746,2.2821674257812505,0.206129286409393,i
1642158,0.68826,1.8412585625000002,0.2770161002821998,i
1645145,0.82775,2.04408134765625,0.21030379446286018,i
1309870,1.01459,1.7493881132812503,0.27014587154922015,i
1302187,0.21992,1.20085875,0.1432060274114876,i
1302901,0.62737,1.7341661562500004,0.299225554554535,i
1321116,0.62816,1.6599600000000003,0.1948377336026463,i
1310073,0.62819,1.49081146875,0.196248010901226,i
1290995,0.5441,1.7938099218750003,0.23962312103356875,i
1325191,0.79883,1.1298900937499976,0.19159809533921338,i
1310304,0.6702,1.7696943359375,0.204986488355663,i
1959025,0.61194,1.3670006796874992,0.20298303242022345,i
1912020,0.55496,1.5063674999999996,0.19900164919441984,i
1861472,0.83925,2.026048828125,0.17796629657984384,i
1876263,0.64763,1.9926025312500009,0.3404963495186971,i
1933168,0.43547,1.3107074707031245,0.19946384608791953,i
1879208,0.19515,1.2829188281250001,0.12680666366797255,i
1334087,0.26722,1.4790833437500002,0.13354054282228506,i
1329615,0.40474,1.3410877187499999,0.20555775031071452,i
1283878,0.3139,1.3180059375000002,0.1598058894527634,i
1343208,0.49558,1.4628641874999997,0.18837677360186525,i
1336975,0.11088,0.9685485000000005,0.09442138017611833,i
1340125,0.65254,1.39691271875,0.2346174550998568,i
1258591,0.5988,1.521358125,0.20357771919885884,i
1263130,0.68084,1.4300271562499993,0.2183560911326172,i
1262573,0.23837,0.9391778730468754,0.14069482604418446,i
1259585,0.5653,1.6191071875,0.19697490367379197,i
1254566,0.79259,1.5594132539062493,0.1958577393437552,i
1252671,0.98614,2.1498413828125007,0.2980312600344512,i
1652139,0.78334,1.83070996875,0.19399445843410215,i
1389177,0.44945,1.350720373535156,0.1761655449650009,i
1702096,0.3886,1.314830625,0.19614686226482575,i
1433040,0.72012,1.6636785625,0.25338953021427363,i
1448122,0.57752,1.5990876562500003,0.21814315443446833,i
1306141,0.33286,1.3547272343749999,0.1556328890280674,i
1306578,0.4215,1.3904046874999998,0.18296830577131085,i
1313572,0.70256,1.9486331250000002,0.31782400312402453,i
1294351,0.33926,1.37064890625,0.15887049935385134,i
1318158,0.78733,2.063807609375001,0.2712664789185181,i
1305807,0.5711,1.5287539453124999,0.2594657117900957,i
1904092,0.36896,1.388211,0.18329962154814555,i
1780287,0.5262,1.4832756249999999,0.2065418345044855,i
1882097,0.481,1.4552560546875,0.1956186853490178,i
1927203,0.68132,1.7259800625,0.25195981948218094,i
1339756,0.27633,1.2105192343749998,0.14150557407671488,i
1280332,0.4934,1.3417265624999999,0.18804002868834854,i
1345441,0.71536,1.8815355,0.2912477696906068,i
1338278,0.5656,1.7221600000000001,0.19235731973606285,i
1334423,0.35888,1.494768,0.16931851878683543,i
1337971,0.41166,1.4469515,0.1783513942925346,i
1342647,0.51725,1.5190280273437504,0.19409012544164553,i
1337321,0.56389,1.8204657031250007,0.19624157229651723,i
1337228,0.57858,1.3818741328124995,0.21763377774704062,i
1339149,0.46998,1.5433354472656249,0.20189828615456426,i
1303881,0.77131,1.87578961328125,0.21493828966481013,i
1337272,0.504,1.5789062500000002,0.1841418005291994,i
1266015,0.36259,1.4253968828124997,0.19062401005848756,i
1249851,0.21552,1.1064318281250003,0.13390512891409012,i
1252829,0.45288,1.253534648437499,0.17473215380785573,i
1254051,0.76214,1.97965415625,0.35306170010989635,i
1307261,0.70487,1.6942145625,0.22900278230724208,i
1250912,0.21995,1.1713426171875,0.14110625309261773,i
1254002,0.53644,1.8629334999999996,0.24887507655767652,i
1253871,0.8493,1.860858125,0.22553618148216303,i
1547048,0.54579,1.3137705439453118,0.24884995885665875,i
1516019,0.42539,1.3513365351562499,0.21943764637292876,i
1366195,0.55439,1.6466819062500004,0.2001928581160976,i
1380167,0.75399,1.8437449570312499,0.19931369772462565,i
1512067,0.45444,1.1611374023437502,0.1861516144115892,i
1452059,0.5655,1.1936937499999996,0.1946403012768307,i
1297064,0.65109,1.0925572109374995,0.23833367622135243,i
1300470,0.5152,1.55308,0.1936761094601701,i
1300179,0.31818,1.2996430937499999,0.16022671752068948,i
1316465,0.32961,1.3553192558593752,0.1515380864201639,i
1296793,0.64526,1.4254635468749992,0.20769169865675505,i
1304841,0.74249,1.54101459375,0.2118344174014903,i
1315832,0.62968,1.6933393750000003,0.19742527581725153,i
1872097,0.84207,1.6751324062500004,0.1737804063293535,i
1900056,0.47944,1.200311281249998,0.19528617291233757,i
1921361,0.34506,1.4995317343749996,0.16929280438097155,i
1333576,0.59011,1.65470821875,0.20742950179880318,i
1346139,0.50379,1.4873422968749999,0.25654009504171144,i
1289664,0.26,1.0439296875,0.154631120175575,i
1331123,0.22248,1.0610744374999999,0.1463287100796932,i
1329312,0.34586,1.0787909062499998,0.17390669113313098,i
1289812,0.71009,1.5444250312499999,0.20088583394943477,i
1304193,0.45456,1.4278551875,0.20548186414058553,i
1276546,0.35428,1.264876359375,0.18420100691565414,i
1336925,0.65056,1.4323121249999997,0.21756985996435418,i
1341459,0.52341,1.5951173847656255,0.20880122662560294,i
1334257,0.68067,1.9327705000000002,0.21186819263330414,i
1302110,0.45459,1.4560104980468753,0.18832573796912855,i
1277945,0.43425,1.2661738281249995,0.20516147428065915,i
1265623,0.71045,1.6569984375,0.2445820387146971,i
1256933,0.35332,1.2111156718750002,0.17255272672641,i
1259667,0.65939,1.5760964003906248,0.24180491541040922,i
1256596,0.68203,1.6817014785156252,0.21330667645734244,i
1255735,0.36573,1.333720703125,0.18457244327906033,i
1264689,0.73303,1.8359286562500001,0.20398771554483472,i
1259538,0.51363,1.6224221562500003,0.19878917113193648,i
1260107,0.431,1.1937111328125,0.20527138951762414,i
1255130,0.62529,2.06526108203125,0.2937433499413328,i
1366436,0.24,1.2206249999999998,0.14367872813039506,i
1559147,0.6336,1.66040125,0.19358221931807282,i
1634024,0.5776,1.4198399999999993,0.21387767906755786,i
1371022,0.29178,1.4739411640625,0.14636498932130193,i
1487055,0.58308,1.2859433046874997,0.21871698971197454,i
1367408,0.54366,1.57983953125,0.24999118313639723,i
1385052,0.8025,1.98556640625,0.18950458359803937,i
1389210,0.54921,1.6690317109375004,0.23025559766298,i
1316853,0.69445,2.0518730468750004,0.22144787331717883,i
1320030,0.68207,1.5174768222656254,0.2149157735756228,i
1300517,0.40132,1.4117204218750001,0.20435003754384226,i
1303658,0.66912,1.710848,0.20238081240636122,i
1293366,0.32145,1.3859739257812502,0.1520628183014825,i
1320704,0.27087,1.02017103515625,0.13400463769352308,i
1904321,0.61233,1.3774084804687499,0.22281457436346813,i
1770442,0.34691,1.135797641601562,0.17834050502037818,i
1770702,0.33943,1.387565765625,0.15869949805800795,i
1901738,0.47096,1.47038540625,0.19531212941152803,i
1889090,0.514,1.8167999999999997,0.19821868323853775,i
1847303,0.48082,1.57337125,0.20644132607057114,i
1876431,0.466,1.4362218749999998,0.19632890502734898,i
1916207,0.40944,1.338968,0.2016826652747904,i
1336942,1.02661,1.537967413085937,0.2659722358858965,i
1339291,0.81924,1.89741046875,0.2122189770710146,i
1254000,0.53356,1.5437437968749999,0.23288331311646077,i
1262055,0.5813,1.2983955468749986,0.22082060638714265,i
1266634,0.49927,1.4336769375,0.1844316878410786,i
1248962,0.48452,1.51351453125,0.19556801712153962,i
1251390,0.43504,1.6261918125000003,0.21026449363403416,i
1266830,0.5717,1.5704721093749998,0.3624150803732943,i
1263039,0.6565,1.5354978515625,0.22841802184672327,i
1253474,0.4479,1.59269,0.182078320664275,i
1618042,0.4295,1.3842697265625,0.2079604091238998,i
1370391,0.65749,1.59857141015625,0.22802695739038606,i
1501097,0.43707,1.6902413164062502,0.2050856369204541,i
1617030,0.73681,1.5739840624999997,0.19418025484730667,i
1574028,0.65712,1.481051,0.2291412176473685,i
1387162,0.61809,1.65664605078125,0.2142978889897853,i
1646092,0.7213,1.5700138671874997,0.24289925904382384,i
1316385,0.14784,1.2589249062500003,0.10999815283395747,i
1315259,0.22896,1.1394283437500001,0.13365418320534542,i
1303314,0.6062,1.8295621875,0.18785472514267504,i
1292336,0.23446,1.2850921484375,0.15160883372137046,i
1292033,0.32565,1.327721328125,0.14515666800643592,i
1295527,0.88568,1.791396,0.2038314088358601,i
1302346,0.53152,1.72109046875,0.25396433303851484,i
1295315,0.34934,1.5327659062500003,0.176746799895889,i
1899053,0.53859,1.2068315312499998,0.25065808664302297,i
1777122,0.45551,1.4560785585937501,0.18755068070914876,i
1899029,0.62548,1.6327819609375,0.19754769867518426,i
1833067,0.55688,1.65905025,0.196098553041769,i
1335305,0.33501,1.2411421093749997,0.1554221522335733,i
1291794,0.3956,1.1868051562500002,0.21307636979869904,i
1308453,0.75712,1.6198449999999993,0.3251933784817205,i
1282018,0.4248,1.33797625,0.21923613603922149,i
1289600,0.42019,1.5222661562500004,0.19236623627361035,i
1340253,0.6938,1.4569326562500002,0.2295551012001267,i
1333949,0.66047,1.6361467089843749,0.3101261470262911,i
1332632,0.62383,1.4138738554687498,0.20729976767073638,i
1335387,0.60642,1.63371658984375,0.1837421763972737,i
1263829,0.50128,1.2480856093750006,0.18223047490674177,i
1261587,0.65455,1.8232365429687503,0.23824184559205808,i
1257419,0.40412,1.5423380624999998,0.20346409765694443,i
1254299,0.49625,1.1895479736328123,0.1883999531334444,i
1246529,0.49797,1.64308584375,0.19241901747032697,i
1625037,0.31956,1.3669816875000005,0.15068701379810007,i
1673097,0.59963,1.2234670078125003,0.19970866479974256,i
1502132,0.80326,2.001900359375,0.19116076750481958,i
1301332,0.46861,1.3310712314453126,0.20625082828280586,i
1304652,0.5824,1.7900900000000002,0.21628109903415788,i
1292823,0.34672,1.364606125,0.17953835891829753,i
1302359,0.25358,1.2065707499999998,0.14685365964479388,i
1295550,0.87345,1.5154088232421874,0.2083027644284446,i
1324582,0.38237,1.1866242480468745,0.1788979481120625,i
1310182,0.4972,1.47556078125,0.19120685582322294,i
1810087,0.55997,1.481514477539062,0.18870658346235636,i
1879412,0.82132,1.6512827031249997,0.21510761701513337,i
1920362,0.39883,1.383530296875,0.21015159976813846,i
1847151,0.40786,1.5860422812500001,0.20929872281787745,i
1833339,0.13092,0.9842538125000002,0.10385310004121988,i
1339002,0.30356,1.2999955781249999,0.15691341653631657,i
1334686,0.6604,1.55727359375,0.2319430234214774,i
1278493,0.2734,1.2816074609374999,0.13644001424334742,i
1289288,0.29093,1.1439354316406245,0.14738572928597957,i
1339102,0.64929,1.672483140625,0.2491043234448771,i
1309051,0.59756,1.502080828125,0.18276253138382037,i
1280790,0.63278,1.337795332031249,0.19535608657510514,i
1285317,0.56555,1.5826732031250001,0.19482057816244439,i
1271436,0.79583,2.073622453125,0.1936568992788152,i
1251600,0.55887,1.5296411875,0.1874535919982157,i
1246650,0.91042,1.8208690625,0.2203372385144338,i
1262736,0.5305,1.3580198242187496,0.24042181205557045,i
1263062,0.5095,1.2164447265624996,0.194968113258149,i
1251603,0.63165,1.2635727050781234,0.1860692758060193,i
1250858,0.85778,1.4521163203125003,0.2046855107687052,i
1262267,0.56332,1.3703476874999994,0.2833553480274246,i
1263580,0.58393,1.6148661328125002,0.2604335041256176,i
1248925,0.34408,1.312315609375,0.16632597139781152,i
1632070,0.42627,1.3978560273437501,0.21607255788962992,i
1593067,0.34822,1.5374184511718751,0.18119132634650142,i
1291957,0.37244,1.3550164453125002,0.18304290215037333,i
1308357,0.34255,1.5000111865234373,0.16731813099092285,i
1324685,0.54244,1.4225393906249997,0.2414200651101544,i
1304678,0.21927,1.0444762148437507,0.13714518464474265,i
1299327,0.98316,2.1667572343750003,0.2943339410151092,i
1312821,0.66183,2.590117851562501,0.44032794841519285,i
1879188,0.64846,1.52579139453125,0.20877470824153416,i
1887027,0.21348,1.0818221601562499,0.13455490119746624,i
1847028,0.58138,1.68021625,0.22285714947742594,i
1840041,0.23993,1.1396700351562499,0.14061497318357766,i
1784110,0.46114,1.4839703124999999,0.19114330243334915,i
1811128,0.92613,2.2601931718750015,0.23352244839449335,i
1876421,0.34423,1.3347783828125002,0.1711881498124603,i
1901798,0.47697,1.0633030117187512,0.19818887034890695,i
1773078,0.27235,1.4920291796875005,0.13545060896625422,i
1879532,0.37822,1.3071555312499998,0.18585644194424944,i
1332008,0.61272,1.4328639218749997,0.1927089721566473,i
1334265,0.58646,1.2669990117187504,0.2381147651723929,i
1258061,0.45939,1.2344957207031246,0.1974760803003952,i
1252665,0.97567,1.954061109375,0.30034371563536205,i
1643213,0.6559,1.7092639648437498,0.23301830932280737,i
1385187,0.52319,1.8336292119140625,0.20396517745802323,i
1595110,0.59325,1.7675117187499998,0.20616207997778285,i
1368530,0.34336,1.2929840000000001,0.16934666647742666,i
1431064,0.39596,1.392142921875,0.21277977306369344,i
1368482,0.50967,1.6535604218749997,0.22376529965815345,i
1579146,0.80472,1.8054249687500001,0.19805047537381334,i
1387101,0.482,1.3048546874999996,0.20772968122833765,i
1531145,0.45793,1.5046293203125,0.18972092213802938,i
1310964,0.7521,1.7192481249999996,0.20486054257607872,i
1293758,0.14896,1.0120721875000005,0.10867168389424871,i
1290394,0.57271,1.3527763359375,0.23492084654698606,i
1308314,0.407,1.4586632812500002,0.20673577722093178,i
1311903,0.72049,1.6443784794921872,0.2407455816524544,i
1323740,0.77207,1.647471328125,0.1878272804559353,i
1301142,0.71266,1.8237152968750001,0.25519786274805145,i
1318689,0.49392,1.59575165625,0.1898730290468961,i
1290593,0.67594,1.7774129296874999,0.2108686905404162,i
1291783,0.39922,1.4525106054687502,0.20099435427921641,i
1318235,0.36101,1.356491021484375,0.16241886644084827,i
1780045,0.24326,1.36564340625,0.14351836863587256,i
1910032,0.66579,1.7293958486328125,0.21691507352770717,i
1878148,0.2254,1.3058168750000005,0.1540267762990571,i
1881037,0.76652,1.981814625,0.18272288747740117,i
1341823,0.55093,1.176525804687499,0.1798635984136487,i
1331513,0.40675,1.2776147460937501,0.2053296169430945,i
1338675,0.33153,1.3897844375,0.15531162909148585,i
1330530,0.33682,1.3446529296874998,0.15142929064961538,i
1265165,0.31845,1.2525274999999998,0.15685512922811143,i
1255737,0.92049,1.896483875,0.23635316333857695,i
1250925,0.55269,1.273387755859375,0.18780247279408846,i
1250852,0.77796,1.9557560000000003,0.19646846956199546,i
1250454,0.7888,1.6071249999999995,0.19045092361511212,i
1443078,0.61215,1.8464155468750008,0.19007010013410958,i
1430116,1.02222,2.1683569921875,0.28509285599489476,i
1390343,0.8927,1.7890081347656253,0.21587777968150848,i
1514059,0.5248,1.8297599999999998,0.2624032382998234,i
1392400,0.45258,1.3442039140624997,0.17944819240575208,i
1303257,0.77301,1.8367275468750002,0.19190734950439,i
1304506,0.75488,1.63388925,0.20742584694606514,i
1302915,0.36022,1.2518274687500002,0.16201862212369456,i
1847148,0.5074,1.6404751562500004,0.19354714191744116,i
1834104,0.23972,1.2234971015625,0.14238333597932903,i
1780122,0.51096,1.4203614218749996,0.19973353722304812,i
1330964,0.4514,1.5440968359375,0.1888876997981045,i
1340521,0.65415,1.9048571093750004,0.235767374767975,i
1339176,0.92613,1.7636127812499998,0.23818657357513856,i
1346137,0.36379,1.5736858046875,0.17056828236925237,i
1336244,0.56608,1.5832089999999999,0.19637248426751872,i
1331925,0.61628,1.3536345000000005,0.1937851526872145,i
1282736,0.37908,1.4103247812500004,0.18783720660803993,i
1263244,0.45902,1.3467438515625,0.19372805427011267,i
1261144,0.61126,1.5609081250000003,0.19146706933356575,i
1260645,0.67462,1.8646501210937503,0.2558419065528094,i
1263930,0.43631,1.2427447851562499,0.20236354381326052,i
1259771,0.53341,1.69813177734375,0.23726683220662179,i
1255657,0.59011,1.6882496015625006,0.21263287273162068,i
1447133,0.36593,1.1791817578124997,0.1772945964987301,i
1390173,0.65938,1.597315298828125,0.23446671116667328,i
1617068,0.9323,1.9262615625000001,0.2516963298304293,i
1444028,0.55484,1.5949257187499999,0.19246803714253363,i
1567044,0.42324,1.2055843515624998,0.19513166665514334,i
1559048,0.98157,1.86391428125,0.30314642797781055,i
1292560,0.22582,1.2744218476562499,0.14690398759033788,i
1304991,0.65984,1.7668218750000002,0.22364147356344588,i
1321006,0.30348,1.1542926406249996,0.16071087304983567,i
1290948,0.53736,1.4219078671874996,0.24594189655912105,i
1889253,0.53717,1.0904299687500005,0.23980102809680087,i
1916143,0.45481,1.5150482265625,0.18533764711733788,i
1849244,0.57826,1.5784141269531249,0.21895101494845579,i
1773189,0.5787,1.5102485546874995,0.2194964130958848,i
1335818,0.62317,1.7613930703125005,0.20485380618208715,i
1335854,0.57927,1.9142479726562502,0.2095606839405134,i
1335885,0.39982,1.3391246796874998,0.20221791958276256,i
1343542,0.78644,1.825518375,0.5611460631074816,i
1331344,0.55122,1.7317917031249999,0.2544786380610385,i
1338665,0.72199,1.6210921484374998,0.23711876263616335,i
1333489,0.68244,1.640296849609375,0.22207205487532028,i
1260030,0.45918,1.4819796875,0.19987955672436847,i
1255730,0.69242,1.582677140625,0.22542157596302864,i
1265990,0.58691,1.4368974140625002,0.5110288414125923,i
1257216,0.65557,1.7003544619140625,0.231756114426535,i
1251618,0.82318,1.8559402656249997,0.20927615237175326,i
1247022,0.35859,1.3235638515625001,0.16926926567877512,i
1249483,0.28398,1.5437853281250011,0.13356762727913155,i
1255399,0.38239,1.2288961103515628,0.1770266685379385,i
1700109,0.74189,1.8936249492187502,0.2142744730921598,i
1536112,0.75956,1.8186702187500003,0.2023137637854434,i
1304501,0.51991,1.5590951796875,0.20160674630396605,i
1310367,0.23433,1.0742528281250001,0.15359518015334334,i
1323016,0.33582,1.3859132500000002,0.1494656384204542,i
1317496,0.64554,1.6304344570312501,0.2143817263488918,i
1305687,0.62859,1.4757506455078127,0.20660135808245314,i
1305504,0.49679,1.48275759375,0.19648030841237188,i
1319776,0.6604,1.3594525000000002,0.22412877859687452,i
1314071,0.32813,1.2015426093750001,0.140293272359551,i
1847079,0.33134,1.382305359375,0.154738501360144,i
1850045,0.31413,1.29308338671875,0.16095152673491336,i
1891266,0.70905,1.658312578125,0.20595561165928497,i
1933258,0.6909,1.3580040624999996,0.40790716105806857,i
1889226,0.59338,1.5635041250000001,0.20080034783142725,i
1901832,0.91849,1.5228014374999996,0.23873495827405122,i
1912066,0.87417,1.9678784999999999,0.2143020589573823,i
1936293,0.8324,1.70069625,0.19705760869085545,i
1339703,0.49383,1.437811375,0.19056120226149112,i
1317164,0.15555,0.9822175000000003,0.11043500649744259,i
1330817,0.27144,1.21432453125,0.1331359222177209,i
1250435,0.49418,1.4451522187499997,0.18593874217008124,i
1252199,0.6056,1.6181437499999998,0.1944475009101755,i
1260949,0.4167,1.37464171875,0.17598140927816291,i
1259511,0.32816,1.3530630000000001,0.14501222936499014,i
1258289,0.50629,1.2482789980468745,0.19304229155915126,i
1257496,0.59458,1.1797400468749977,0.1938736990690438,i
1263936,0.49575,1.76159619140625,0.3209171379330772,i
1432026,0.15055,0.8444857226562503,0.11112686218979702,i
1650024,0.31102,1.3663286562500003,0.16118806873970698,i
1371206,0.52839,1.3952529023437497,0.21989043446566484,i
1439028,0.5555,1.5081058593749996,0.19663685920414908,i
1469040,0.32764,1.3214166875,0.14241576729002595,i
1559124,0.65311,1.5134674072265621,0.24234699676310356,i
1403033,0.47539,1.3918229882812498,0.20109353616390774,i
1434248,0.23835,1.1801814111328124,0.141950400866485,i
1370898,0.65193,1.7135547324218754,0.22783279390522806,i
1447146,1.00089,1.878960765625,0.24805396629727536,i
1299439,0.59271,1.5737343535156247,0.20751695500448103,i
1311755,0.4722,1.5325832031249997,0.21289154130074675,i
1305308,0.69112,1.8561032890625002,0.22599429001414315,i
1295024,0.33494,1.2923105683593752,0.1562205727497446,i
1933196,0.75074,1.3985403515624988,0.2043545099528303,i
1899158,0.64881,1.4214545585937497,0.2138341042026972,i
1922067,0.1987,1.4000441406250008,0.1281573488900278,i
1341426,0.55432,1.8779342812500004,0.19377074991973353,i
1341556,0.71721,1.6487899140625002,0.23292029575405138,i
1336002,0.396,1.4498496093750002,0.2148613938917262,i
1282463,0.64804,1.5445546757812498,0.2024791987477983,i
1339220,0.60052,1.679920796875,0.201721599790747,i
1283855,0.56651,1.3449956953124993,0.1951321948010928,i
1306366,0.15145,1.2018259375000002,0.11841982138321948,i
1260551,0.55292,1.6087280625000002,0.1974465991043042,i
1264077,0.56572,1.4241324296875002,0.19902874295986833,i
1260954,0.69994,1.5940257695312499,0.21141093889107368,i
1286881,0.52334,1.6375905000000004,0.2054882770073822,i
1256335,0.6207,1.523204765625,0.20746361051330073,i
1252142,0.55345,1.51461375,0.19712054382088354,i
1253101,0.4544,1.6745484375000008,0.184252647156445,i
1386047,0.493,1.4253484374999998,0.18995807171389387,i
1564017,0.65916,1.4154708749999996,0.234443862807858,i
1312818,0.72355,1.9218255761718752,0.22907200175175038,i
1320762,0.51445,1.3831187890624999,0.19647991115972946,i
1315974,0.81246,1.7190050312499998,0.19433045889998304,i
1290967,0.28158,1.236524453125,0.13490817861586515,i
1301915,0.62104,1.4841064453125001,0.3201249660001885,i
1323106,0.34529,1.414656515625,0.17281683822051214,i
1300441,0.4859,1.6205596875000001,0.18668472851597945,i
1303496,0.18021,1.1590031015625,0.12279379613673583,i
1304779,0.5605,1.4744743896484374,0.19065726319544082,i
1795052,0.68058,1.82008126953125,0.21430024375052556,i
1921033,0.23797,1.376999833984375,0.14039057966335555,i
1894320,0.71945,1.9773674999999997,0.3450548807171496,i
1948295,0.78386,1.6981511015625002,0.22881125678290698,i
1922405,0.51671,1.6097269804687504,0.1893508523663413,i
1347112,0.79389,1.8695697343750002,0.19395719791421495,i
1333248,0.69519,1.7481646874999999,0.2166796425408109,i
1277716,0.69377,1.70237117578125,0.22173814523590685,i
1289470,0.61268,1.3418001562499997,0.19122925279355435,i
1339425,0.53633,1.4031013828125003,0.2445092933355066,i
1281879,0.50657,1.478027560546875,0.18856859935243153,i
1343759,0.50677,1.5155987304687502,0.1891288738989188,i
1331707,0.65516,1.9150718437499998,0.23263988998987117,i
1251652,0.77295,1.5374800781250004,0.1884026370056077,i
1258500,0.49502,1.6912413749999997,0.18394664282999015,i
1261784,0.26572,1.3369167499999999,0.13861387374405387,i
1253358,0.71506,1.5341747656249998,0.2580537980394316,i
1257366,0.21182,1.1360812499999997,0.12670807807647075,i
1259330,0.60357,1.61860346875,0.19652858989701627,i
1261191,0.66212,1.9971410624999995,0.22919535105633806,i
1252918,0.83727,2.364049757812502,0.20634116370327235,i
1252595,0.814,1.5943359375,0.21622399139646162,i
1254108,0.96764,1.9630283437499998,0.29167178128975363,i
1639025,0.6631,1.8391547265625001,0.22635229703386106,i
1519027,0.51525,1.5270878906249998,0.18819036698972433,i
1370247,0.67022,1.586709,0.2045901723115585,i
1618036,0.39319,1.2495172812500002,0.22067694930247403,i
1641279,0.2249,1.2507377343749997,0.1524993042563994,i
1559178,0.43651,1.8988866562500002,0.30329279918041857,i
1371046,0.07411,0.9549509218749997,0.08142377945044364,i
1373123,0.7002,1.65902328125,0.22428668515826095,i
1319898,0.72925,1.6843300292968753,0.2149144926179848,i
1300390,0.2686,1.0610897460937494,0.13558059988751658,i
1309293,0.33521,1.351900125,0.15649573132217734,i
1295027,0.42676,1.3465047499999998,0.21660329804590908,i
1319667,0.67818,1.74897821875,0.2017996232202157,i
1311884,0.68269,1.7753694101562498,0.22390919065485326,i
1294340,0.36186,1.3373890781250002,0.16617179673183113,i
1905127,0.66712,1.5534823281249999,0.25318411594129575,i
1810037,0.49761,1.4320895624999999,0.19071157958196155,i
1896213,0.68757,1.4654172304687494,0.2340587092603371,i
1336359,0.42938,1.088785546875,0.2043840490986571,i
1346627,0.68257,1.68782803125,0.22300882675913178,i
1338223,0.60072,1.5197460781249998,0.1989698245793575,i
1260459,0.85824,1.8248497499999994,0.20358333121571812,i
1253046,0.50192,1.59344325,0.18358934991739317,i
1251552,0.35592,1.3824028125,0.18549109087629828,i
1258422,0.52227,1.769638875,0.20220325274234635,i
1249178,0.76649,1.3234874296874994,0.309458424910982,i
1258090,0.36757,1.1688449843749997,0.18103898879541175,i
1590122,0.78017,1.8531847851562502,0.1838708497159957,i
1511024,0.3728,1.3438425000000005,0.17688807880121554,i
1370181,0.69446,1.576642078125,0.22068587880874294,i
1442085,0.63476,1.460428171875,0.1834055365228423,i
1581048,0.40244,1.4888598867187497,0.2015355359425506,i
1293465,0.4992,1.2854468749999997,0.18659801375335333,i
1311921,1.046,1.8334078125000002,0.25181527660382,i
1320278,0.57622,1.3056150429687499,0.21430983508854537,i
1306059,0.6076,1.5579904687500004,0.1920367541824369,i
1861178,0.29201,1.4373611250000002,0.14977051856985737,i
1878288,0.48501,1.3655131015624997,0.29391763866033876,i
1847317,0.81844,1.2276245820312492,0.19617714376299875,i
1862183,0.44918,1.4095539843749998,0.18116446235374306,i
1927242,0.24666,0.88629734375,0.1394680966374091,i
1790098,0.394,1.4242214843749998,0.2197686910268003,i
1924103,0.46499,1.4375214375,0.18979661847767135,i
1936353,0.6929,1.851609375,0.6371906340970539,i
1943111,0.31615,1.2595966796874998,0.17374272373464544,i
1330828,0.36807,1.2545095019531247,0.17646761605485964,i
1339371,0.63699,1.0272751699218738,0.30875079677446676,i
1331130,0.39292,1.46188586328125,0.21454809454447174,i
1263788,0.75796,1.4970128125,0.20322365910731868,i
1252970,0.4625,1.5944677734375001,0.1928659924370057,i
1259561,0.56882,1.540630265625,0.1927234770275629,i
1260461,0.86005,1.7408905468749998,0.21161216952021072,i
1249970,0.26866,1.2062181406249999,0.13556718814972132,i
1249209,0.48424,1.5514946250000001,0.19596203219780745,i
1435067,0.39235,1.2705193749999995,0.20979994480905714,i
1432027,0.35088,1.3735705624999996,0.17604456057460435,i
1641173,0.4448,1.5621899999999997,0.17709142970805233,i
1376168,0.49348,1.3184628124999995,0.18684962524088441,i
1642138,0.66033,1.6279016796874997,0.2278541504318233,i
1370944,0.51057,1.481361712890625,0.20590664764364594,i
1450148,0.44845,1.6809941210937502,0.18559585475542564,i
1297501,0.21541,1.3388500781250001,0.13303276738662656,i
1299643,0.37727,1.5020850937499999,0.1846988575361273,i
1324536,0.58955,1.3135519628906247,0.21357693614711046,i
1313698,0.43738,1.4328881875000001,0.20598011257725252,i
1773049,0.35118,1.5422452968750004,0.1697617906882821,i
1814082,0.64981,1.7419673554687503,0.23251059343948774,i
1900865,0.45463,1.2943934140625002,0.18396898406447185,i
1904182,0.76798,1.292835375000001,0.19353771550229082,i
1339909,0.753,1.0600171875000002,0.20007087508540786,i
1277710,0.68245,1.9689922656249994,0.22351024172664147,i
1342707,0.65375,1.6208041992187503,0.2270572757101354,i
1331836,0.35778,1.5529608750000001,0.1790216943178624,i
1286337,0.66422,1.4535921562499994,0.23300320882637893,i
1246717,0.535,1.6093515625,0.252925083337629,i
1258906,0.35013,1.3764997265625003,0.18047366168098278,i
1263856,0.69849,1.1050137089843763,0.21028797644101507,i
1645208,0.69581,1.883938921875,0.2135147276304571,i
1389074,0.5039,1.53650408203125,0.18101408743040942,i
1531112,0.33582,1.24998312890625,0.14929829778847423,i
1500031,0.36704,1.362768,0.18019540465300135,i
1600036,0.8153,1.6656795703124998,0.23291250702306396,i
1366187,0.46406,1.4594848125,0.18994481903438282,i
1502029,0.51921,1.6200950390625,0.20037163849172218,i
1299266,0.9144,1.8171843749999999,0.24714000295470545,i
1296173,0.65898,1.5539976718749997,0.23631131384031787,i
1306110,0.60994,1.6483018515625,0.1954404785327368,i
1317277,0.2381,1.0726371240234367,0.1430040164416099,i
1303722,1.02547,2.0128108125000006,0.28235746270825557,i
1299746,0.36621,1.3740817177734375,0.17881202313402528,i
1302572,0.58858,1.861151783203125,0.2177010498453078,i
1297061,0.53445,1.5008839062500001,0.24926735550536086,i
1315806,0.6959,1.147382343749999,0.21092611229616923,i
1315192,0.228,1.4150781250000004,0.13832151242725482,i
1305626,0.3268,1.2291039843749996,0.1454447354635442,i
1311247,0.44288,1.918579499999998,0.1995746467377464,i
1878334,0.36142,1.6040558886718743,0.1692189193764726,i
1934253,0.538,1.56781376953125,0.24858466305568566,i
1867019,0.22191,1.30925747265625,0.14542914078839303,i
1330642,0.63521,1.8389724960937501,0.18954828150581854,i
1280762,0.62682,1.5912333124999996,0.19379103219133015,i
1319366,0.23572,1.424939625,0.1468727858788889,i
1334858,0.628,1.4454859375,0.19661118029077096,i
1340470,0.58187,1.82409384375,0.23211242597897866,i
1263715,0.29279,1.3937892187499998,0.14345714201006354,i
1260522,0.74274,2.0204891875,0.21505816989158602,i
1252513,0.47821,1.3016620673828128,0.20686960201221843,i
1253816,0.90975,1.92765390625,0.23065650660591552,i
1252751,0.56173,1.5553244667968749,0.18932042563980572,i
1256028,0.95596,1.8516676015625002,0.24820099109628976,i
1250279,0.27476,1.3723588125,0.13246578766599587,i
1247570,0.5806,1.5901700390625,0.22374539417437106,i
1262181,0.47001,1.4780491171875,0.19373601702153467,i
1643313,0.39093,1.4343965625000001,0.2206728435156202,i
1495047,0.41152,1.3437008750000001,0.17607121665325154,i
1474020,0.54211,1.57584365625,0.2412525920641644,i
1298369,0.47917,1.9783898750000009,0.2423883182793847,i
1298893,0.19712,0.9595664999999994,0.12699221475281003,i
1297927,0.28605,1.34281705078125,0.13647745028232688,i
1310916,0.67983,1.5873081132812497,0.20731447424701085,i
1321276,0.33227,1.3895159765625003,0.15597522754676527,i
1324509,0.21105,1.2186190625000002,0.12751422257523995,i
1309509,0.96373,2.135556375,0.2746138001772567,i
1296161,0.86394,2.2400044570312505,0.20661381566934778,i
1889155,0.77966,1.9166103984374998,0.19465044849123558,i
1901059,0.25229,1.3478627182617187,0.1450241353155455,i
1880686,0.31457,1.44191896875,0.15939534366344135,i
1876304,0.68356,2.2333475625000014,0.29899042154754546,i
1895233,0.57098,1.7061395097656251,0.2038671594214203,i
1890212,0.72913,1.7992070458984375,0.21963117547124922,i
1337687,0.32917,1.364735681640625,0.15143023248396403,i
1339702,0.2571,1.0253221874999996,0.14532458753057728,i
1303952,0.56387,1.7497322841796876,0.1849159149695378,i
1260113,0.35583,1.3351747773437501,0.1838509299550976,i
1260159,0.43153,1.3023567851562494,0.21096816844233846,i
1257905,0.61509,1.9363730400390633,0.26006697612680557,i
1250980,0.82115,1.97480953125,0.21539527307999048,i
1258118,0.62638,1.53743734375,0.19501519318354352,i
1250916,0.6708,1.6417567968749993,0.20585897893425636,i
1411114,0.83777,1.998574875,0.18476435218506,i
1450026,0.35926,1.279615859375,0.16720513614097712,i
1655086,0.42839,1.4515455410156248,0.2089004178155283,i
1488098,0.75217,1.6371838437500004,0.20423355881789246,i
1309696,0.81086,1.750026421875,0.19488014065459575,i
1310294,0.44089,1.5680935703125,0.2007098819602288,i
1777124,0.30853,1.4899863085937501,0.1630654513544799,i
1879414,0.39,1.43072265625,0.20313023164393262,i
1879256,0.25028,1.1406363046875003,0.14601081874028773,i
1770680,0.61041,1.658219046875,0.19599380201430905,i
1292145,0.493,1.7519421874999999,0.35776719677469565,i
1332795,0.68047,1.8380140625,0.21426224721557027,i
1337311,0.4225,1.4441708984375001,0.1926711551842473,i
1289306,0.5438,1.4477647851562496,0.2493768372213144,i
1328105,0.44259,1.309601234375,0.2029447528656047,i
1336453,0.18579,1.230257125,0.12476175275298491,i
1340954,0.30566,1.28347398046875,0.15541429064487058,i
1255824,0.82,1.71478125,0.20941386229852232,i
1255412,0.37303,1.4245186250000001,0.18399146989220744,i
1259246,0.2233,1.1052706640624996,0.148930852277233,i
1257016,0.3384,1.3122593750000002,0.15221103197083516,i
1257934,0.29739,1.4387852382812505,0.15333941563173928,i
1263785,1.06498,2.232759625,0.2883101532556723,i
1248936,0.57208,1.4428132656250003,0.21610344894000688,i
1368131,0.308,1.2957375000000004,0.16719821742109123,i
1372115,0.89915,1.6676910937499994,0.24760854394571175,i
1413048,0.61185,1.3382762402343742,0.19015063052687955,i
1638030,0.37235,1.32892798828125,0.18618342561004783,i
1490034,0.53058,1.7897621992187498,0.2279044459215747,i
1317372,0.74535,1.680240263671875,0.19995964977304737,i
1318847,0.66107,1.8258792890625004,0.23610986181570293,i
1297026,0.25956,1.106051125,0.14771093894143036,i
1311496,0.69188,1.7526819375000002,0.21838822690786028,i
1950043,0.68891,1.8901277929687503,0.26689140371933495,i
1905244,0.36285,1.3463467382812497,0.16909597913194765,i
1878335,0.565,1.8877812500000006,0.18688605241410564,i
1916193,0.62696,1.9065937500000003,0.19660793235287266,i
1338471,0.53228,1.4200524609374998,0.24289825466335407,i
1328016,0.35167,1.1985511328124994,0.1749068856059895,i
1335671,0.5248,1.682045,0.2163546462923928,i
1341502,0.51185,1.6441368750000005,0.19657602092435458,i
1331660,0.72139,2.1893929062499993,0.4869349239137234,i
1335675,0.60791,1.5884392148437496,0.19153478731993548,i
1334647,0.74472,1.6097768124999996,0.20020629574776883,i
1332701,0.79232,1.8623325000000004,0.2152754585147912,i
1261503,0.35321,1.3103935898437498,0.1777812736828099,i
1257040,0.35277,1.2713924296874997,0.1732912853373264,i
1251436,0.57464,1.2993855468749993,0.22681508636841904,i
1249182,0.56135,2.1255096679687506,0.21783031715314483,i
1253572,0.52092,1.6183539375,0.20101165275352956,i
1654105,0.56331,1.6271248027343752,0.18118713439439638,i
1588019,0.68831,1.68831,0.23796740497758226,i
1599030,0.36872,1.44517584375,0.1806204052117554,i
1555053,0.73139,2.000905201171875,0.24615925425344803,i
1434258,0.6626,1.846963505859375,0.22827518623795426,i
1295509,0.68428,1.6934909062499999,0.22595916752955653,i
1294743,0.31363,1.2977227617187501,0.16251267488966256,i
1295800,0.74924,1.8503679375000002,0.19776845822920672,i
1304777,0.40528,1.3092159374999999,0.20415719938144608,i
1299712,0.73129,1.2169751386718755,0.20679081199645707,i
1298266,0.49038,1.1882287421875,0.24966714426308256,i
1313594,0.2894,1.3662099609375002,0.13880241663513213,i
1306073,0.32964,1.214854671875,0.1514725316429434,i
1321973,0.37157,1.1808360468749997,0.1810550849404626,i
1316701,0.36213,1.2115507851562493,0.1674311576148209,i
1297318,0.33529,1.4044016894531248,0.15188966550531152,i
1862039,0.28792,1.1035361406250002,0.13341067879437582,i
1918076,0.37077,1.3921882812500002,0.18359514332785265,i
1849051,0.3065,1.4504191406250002,0.160438224318641,i
1878719,0.45854,1.4118211406249999,0.1906202168761669,i
1924089,0.46418,1.4670397265625,0.1926995947875225,i
1283373,0.20797,1.05367070703125,0.13085288939539094,i
1307830,0.36,1.2505625,0.16449187005086663,i
1340493,0.71784,1.2227866953125002,0.23523027087667991,i
1328089,0.5698,1.6101181054687501,0.19996171507986704,i
1334321,0.80454,1.85247309375,0.2337077777730469,i
1289555,0.56289,1.7289470624999999,0.19416042712797624,i
1258940,0.42694,1.3193621015625001,0.21950011332592437,i
1250803,0.96406,1.8668160136718746,0.27061678794106614,i
1254671,0.47119,1.5197507636718748,0.20662512201651936,i
1255523,0.55665,1.2854523828125006,0.1924869174677979,i
1251022,0.6849,1.6113501660156246,0.22921719821689426,i
1312171,0.50151,1.4545878125000002,0.28943063919784595,i
1250896,0.8812,2.04213078125,0.20448858553222896,i
1252926,0.92582,1.8859495078124995,0.23247688877399675,i
1512101,0.57,1.6238154296874998,0.20474856728315996,i
1368188,0.2405,1.1901046874999999,0.14650246810717965,i
1434203,0.3768,1.616664375,0.19503450904255215,i
1644163,0.56317,1.2520625332031257,0.2062293343043672,i
1370320,0.33165,1.3930307421875,0.155616642152125,i
1565032,0.46219,1.5273031484375001,0.19072401133834987,i
1370402,0.64833,1.5522310732421873,0.2102740225239448,i
1504096,0.50709,1.0963196689453127,0.21438074197113866,i
1298763,0.61093,1.46305166015625,0.19940113901064388,i
1297490,0.73743,1.5019267929687505,0.19103305019185013,i
1294806,0.52588,1.6880047500000002,0.2117181748056468,i
1302188,0.3495,1.5993683593749997,0.17704612740494355,i
1891261,0.50614,1.580270328125,0.19377054989936773,i
1891055,0.70781,1.5977363085937502,0.22441364635907884,i
1892217,0.40949,1.4689528593749999,0.19439356504302777,i
1919042,0.34909,1.3011340664062496,0.17594390260694007,i
1774102,0.31733,1.55197940625,0.1572404790922701,i
1337838,0.313,1.5479039062499993,0.16251180279413865,i
1338749,0.85956,1.8265092265625,0.21300018906765308,i
1332747,0.34357,1.4758276718749999,0.16629698279614966,i
1338170,0.3878,1.165806210937499,0.19395822249340283,i
1330533,0.36495,1.2756417480468745,0.17460084577440954,i
1335564,0.6075,1.5798710937499996,0.18888766625351694,i
1323349,0.5061,1.4234409960937497,0.19189449758762853,i
1331700,0.36123,1.2064964335937498,0.16436013022466295,i
1302564,0.5284,1.46212953125,0.21629422811630794,i
1275873,0.40288,1.069696000000001,0.20681919309510208,i
1329365,0.6123,1.5974995898437498,0.19300711088892217,i
1249956,0.44737,1.2280029843749998,0.16737618999764342,i
1249090,0.38724,1.2268403749999994,0.19189535935369204,i
1256570,0.34601,1.1969499082031252,0.1764731224368662,i
1260605,0.55594,1.7686661718750005,0.19405631692399014,i
1256817,0.481,1.2519078124999998,0.1962153273433743,i
1262550,0.29304,1.3627429375000002,0.1454908554826029,i
1256819,0.58701,1.594449109375,0.22101441693278484,i
1662023,0.31374,1.2839755781250002,0.15767231708902285,i
1643063,0.57319,1.3852982646484364,0.2222357064633612,i
1578063,0.64434,1.8293282500000005,0.20087160670906312,i
1370441,0.93806,2.331917701171876,0.2796297255692304,i
1645158,0.36097,1.2004180703125003,0.1610258772770614,i
1647048,0.71023,1.977453437500001,0.2628573229150355,i
1310303,0.6967,2.6431404687499995,0.3655358461420899,i
1291143,0.47937,1.123396593749999,0.19359368888455783,i
1319653,0.59613,1.4240472343749992,0.18601388278000763,i
1321450,0.25928,1.38127275,0.1444082190832774,i
1936171,0.47389,1.4099830507812499,0.205504707301264,i
1901803,0.50383,1.3452229296875005,0.1830906197132404,i
1934353,0.51441,1.3345738125000004,0.19060267386444163,i
1847216,0.48023,1.498732875,0.2001479826559124,i
1280780,0.68463,1.6968040839843752,0.22430360089346218,i
1335717,0.30528,1.3725835000000002,0.15896230669213177,i
1306980,0.54789,1.3350551250000005,0.24719767337264326,i
1340700,0.32657,1.3504068046875002,0.14842529206480196,i
1255487,0.45131,1.5136709765625,0.18102112646034732,i
1257602,0.52271,1.6818212988281251,0.20692965007214642,i
1247537,0.45687,1.489023576171875,0.1935711904240074,i
1260105,0.6955,1.8027933593750003,0.20896834353731425,i
1643312,0.34083,1.3091424160156246,0.16444460887501902,i
1371048,0.34489,1.15734088671875,0.17258172988441375,i
1373040,0.26262,1.2981311875000001,0.14222068887078934,i
1559051,0.70648,2.1757620000000015,0.20635165259122187,i
1598039,0.62354,1.545375427734375,0.20682351732595144,i
1581017,0.83888,1.9595565000000001,0.1787234170396502,i
1367331,0.44793,1.26976673828125,0.18318603300917238,i
1314709,0.66048,1.3293569375000005,0.225829555638115,i
1293832,0.81398,2.159769937500001,0.19226930413931761,i
1314296,0.70561,1.7669053593750004,0.22226894940722952,i
1326367,0.55856,1.742421375,0.24320361222217288,i
1302705,0.79358,1.894468875,0.18969258734239144,i
1306067,0.7228,1.5215823437499996,0.23511936712711184,i
1864084,0.60665,1.7572734375000003,0.18808942002887014,i
1792093,0.27761,1.4033747343750005,0.1407199405587705,i
1929034,0.60889,1.6641955937500001,0.19435471754223324,i
1782065,0.20216,1.06644740625,0.11416408437806537,i
1340539,0.4482,1.538146796875,0.18535473870440072,i
1339276,0.96519,2.1325382109374997,0.2783642458748902,i
1332819,0.34234,1.3298211064453125,0.16441548136180326,i
1314581,0.57562,1.9689095234375,0.3026798465601616,i
1339217,0.33245,1.3634190527343752,0.15348467678981925,i
1336150,0.34905,1.218097294921875,0.17694884898317842,i
1283936,0.3696,1.2438749999999996,0.18299293827092147,i
1281668,0.30791,1.436529665039063,0.16561260342507783,i
1338762,0.42108,1.5468122734374998,0.18602096003597204,i
1330403,0.77713,1.8031621777343751,0.18989945073537742,i
1336009,0.3427,1.237932685546875,0.1707942208486679,i
1262252,0.45401,1.683470953125,0.18417169576699696,i
1248441,0.24567,1.0860685312499996,0.1410197496844008,i
1531078,0.67847,1.970563119140625,0.23490681151033957,i
1673068,0.52838,1.4376324375,0.20729517661064709,i
1408024,0.4033,1.3835660937499998,0.20698510658631822,i
1501131,0.85389,2.19570096875,0.19300239381292617,i
1432141,0.566,1.8376031250000007,0.27789768769262474,i
1370906,0.61963,1.5740779062499999,0.2580877328254737,i
1590133,0.69426,2.2475417812500007,0.2574383247252796,i
1430255,0.65938,1.4248143212890616,0.23403946537201847,i
1309694,0.45456,1.47956025,0.18985416022140955,i
1302199,0.87076,2.257060978515625,0.2067889288865768,i
1319926,0.564,1.5438390625,0.18873427257498038,i
1318266,0.40726,1.1384513515625003,0.20389386170443824,i
1302719,0.64645,1.8012870458984378,0.20265979135305906,i
1317526,0.43276,1.3275416875,0.21069054935451703,i
1303197,0.52682,1.4981921249999997,0.21324533823552425,i
1321492,0.55583,1.3625667421874996,0.19254591546235791,i
1313177,0.6362,1.3963624804687491,0.194803185095109,i
1299033,0.69363,1.63541146875,0.22740254192420775,i
1929022,0.7542,1.8693193750000003,0.24237916347311964,i
1923415,0.36255,1.2901645312499996,0.16644624742282776,i
1879263,0.463,1.49043125,0.192442743597144,i
1906545,0.5493,1.6182922656250003,0.23534598047041572,i
1314317,0.78807,1.6092629999999994,0.28260015105583597,i
1334253,0.62135,1.4196312597656258,0.20815942595747908,i
1334644,0.2891,1.149930073242187,0.13696186907023777,i
1330903,0.56544,1.6657260000000003,0.28859233378252425,i
1338940,0.77404,1.8461103749999999,0.1789676123921902,i
1338233,0.60279,1.3099364755859364,0.19587766955297148,i
1282966,0.58072,1.6387620625000001,0.22411509085358033,i
1259500,0.56288,1.641024,0.18953324369164437,i
1249308,0.22896,1.38258,0.1338095768536739,i
1257646,0.84169,1.53881832421875,0.17960513956469734,i
1255008,0.44489,1.30999597265625,0.17276761856122705,i
1262803,0.6147,1.3551495898437498,0.19617424989192328,i
1643292,0.49292,1.6188851249999998,0.17972191742393803,i
1366482,0.32206,1.3752522578125,0.15215131946223104,i
1501158,0.58162,1.219577296874999,0.21369833851771763,i
1538019,0.29162,1.40337540234375,0.14741595418583978,i
1570024,0.55123,1.6287915,0.18488394935380345,i
1531113,0.45817,1.408330205078125,0.19030076912976795,i
1645195,0.52692,1.6679811640625004,0.21761568615883084,i
1431096,0.47786,1.414213880859375,0.19698563435184693,i
1644211,0.45849,1.3661949296875,0.18905199015581334,i
1291155,0.51213,1.4447929609374999,0.1900136158632552,i
1297532,0.86532,1.882078734375,0.2043651866999466,i
1297377,0.61044,1.4531704687499998,0.1945145138904297,i
1297353,0.54459,1.6169926562499999,0.24847378226734484,i
1300703,0.29674,1.1184382500000003,0.14038618866510236,i
1294971,0.58877,1.7253049218749994,0.24021809120699042,i
1315890,0.56815,1.3730500878906247,0.19544594222680353,i
1810306,0.64245,1.8689284570312503,0.2858888984468563,i
1366280,0.73234,1.3280145507812497,0.20459689651090754,i
1880486,0.63527,1.6525169882812498,0.18952533840467586,i
1861474,0.691,1.7418621093749997,0.22135486934498438,i
1861164,0.435,1.4352802734374999,0.20968306691144833,i
1856065,0.79034,2.0267208281249998,0.2046831909016956,i
1811099,0.49058,1.6442960625,0.24164019167930104,i
1331883,0.62011,1.72706257421875,0.20369276940881553,i
1346628,0.53253,1.5002031953125,0.2369881122328525,i
1337267,0.45439,1.3742849257812502,0.18450907068620717,i
1302117,0.49349,1.8026891015625,0.34292940056910787,i
1279420,0.25736,1.2499926562500001,0.14604380729089053,i
1317666,0.14227,1.222585859375,0.1118989821435829,i
1334597,0.29,1.4270625000000001,0.13906444941186802,i
1289714,0.53638,2.3894910039062496,0.26995903539445804,i
1257605,0.74605,2.0788907812499997,0.20077791022814787,i
1250017,0.18299,1.3595142890624998,0.12299753911666635,i
1251975,0.44765,1.526818359375,0.18143890540937643,i
1255169,1.04763,2.1388135234375,0.25659323299195175,i
1262746,0.23176,1.3311187656249999,0.14303511998435361,i
1449074,0.33234,1.4421539609375005,0.1614449232093731,i
1509040,0.68629,1.6546720625000002,0.39011386925266434,i
1635042,0.55948,1.5491240781250002,0.1900720007106358,i
1590044,0.63048,1.4687058124999994,0.19660354553343704,i
1533035,0.58247,1.7203179726562503,0.21512452735796805,i
1367556,0.45235,1.402709130859375,0.17055052725520883,i
1309288,0.26838,1.28423475,0.1354419663908951,i
1318661,0.34498,1.0230516816406254,0.16864540229896313,i
1315191,0.58471,1.9536502968750002,0.2349077397050438,i
1311113,0.61596,1.6803459062500001,0.2021407687163524,i
1297070,0.73135,1.7311809228515624,0.20407089201471548,i
1291254,0.35116,1.4440522500000001,0.17242634744489113,i
1299090,0.68474,1.4030725312500003,0.2204710790282681,i
1791116,0.31286,1.4708134687500003,0.16027413205268914,i
1913214,0.31721,1.1631067207031243,0.1560040833147418,i
1797044,0.46789,1.5303900039062497,0.20487181598209603,i
1770206,0.58524,1.55923215625,0.2273807754581618,i
1946246,0.84007,1.8199442343749999,0.19562783024570557,i
1861210,0.54285,1.5717784375,0.23071613804495975,i
1929216,0.33695,1.5312255468750002,0.14910366251538498,i
1341370,0.41,1.4133046875,0.19291958069540216,i
1333246,0.43879,1.5922234648437499,0.20331062475171055,i
1308582,0.36812,1.3846870781250002,0.18221734626451916,i
1308568,0.64442,1.7157210234375002,0.19502745889409834,i
1339609,1.12212,2.334332,0.2870671330349442,i
1339227,0.82152,1.8236545937500002,0.21190172937595875,i
1278747,0.32426,1.259081578125,0.14301194190846106,i
1308916,0.4382,1.3129192968749996,0.20161188436235677,i
1341271,0.82656,1.421292,0.20277940291562388,i
1249371,0.45191,1.5335799375,0.17585668925744302,i
1255139,0.65054,1.77690946875,0.22106499644993513,i
1260463,0.62154,1.298894711914063,0.2070618324797497,i
1592028,0.32608,1.365189,0.14335534152088322,i
1299258,0.80255,1.9011269531250001,0.18620705271530089,i
1293789,0.42914,1.4758940917968753,0.20711072202815445,i
1324544,0.53027,1.7610060234375,0.24865677196153047,i
1311151,0.6783,1.663877109375,0.20802108133490854,i
1305946,0.648,1.5141000000000004,0.210557305689106,i
1319821,0.30929,1.3916320664062503,0.16709885893604473,i
1883166,0.51473,1.3739074453125,0.19594794770215918,i
1892149,0.64141,1.5477983359374998,0.19029066676033157,i
1306423,0.44739,1.0093566396484364,0.16602084723285315,i
1306626,0.4214,1.4043265429687501,0.17512624939589141,i
1333291,0.3657,1.3024830273437498,0.17835492462081182,i
1346149,0.58493,1.8325753125,0.45838076748208817,i
1338649,0.61443,1.3114090566406236,0.19517601458490735,i
1336957,0.83031,2.0119110703125003,0.198365962659922,i
1337541,1.05561,2.4281893125000007,0.29222198052621423,i
1331887,0.78539,1.8718698281250004,0.19692975704869922,i
1260000,0.55172,1.9105552500000016,0.20659067908173182,i
1258433,0.61572,1.774136296875,0.19635591323418683,i
1260889,0.52993,1.8000582656250006,0.21870773781011207,i
1249395,0.55626,1.6302735371093748,0.1954662521143496,i
1250275,0.38423,1.340702455078125,0.17798708205432454,i
1255312,0.35658,1.3396227500000002,0.18622980991787355,i
1503024,0.27798,1.0683114062499992,0.1359785424830946,i
1500076,0.60024,1.6852527499999999,0.1968470791733319,i
1366690,0.27223,1.0476018906249995,0.13957300221272795,i
1574062,0.55144,1.7805198125000001,0.21126858705855975,i
1293006,0.50562,1.46562696875,0.19329325358186317,i
1313230,0.21883,1.2797715,0.1291937826066954,i
1293783,0.32927,1.262027630859375,0.15213044819556082,i
1318126,0.37397,1.3404258105468747,0.17878631776997653,i
1305486,0.9004,1.9375171875000001,0.2388182506704989,i
1291346,0.29876,1.3516489570312507,0.15013593777071374,i
1309492,0.33403,1.31318578125,0.15634746167170593,i
1318460,0.36704,1.3115039999999998,0.1824622953819594,i
1305785,0.47431,1.5100159453125,0.20950844337948502,i
1322954,0.54385,1.5378193359374999,0.24481763605542564,i
1945116,0.54525,1.4619513671875,0.2518000770675119,i
1835110,0.34598,1.3653021738281246,0.17714833746866204,i
1879483,0.87716,1.7442556054687501,0.21217286078363848,i
1946322,0.59098,1.8774806953125003,0.20595773082368649,i
1900124,0.68669,1.7011849921874995,0.3487337782259749,i
1833321,0.62542,1.3783529853515621,0.19738982351927412,i
1336384,0.58439,1.8938411718750006,0.22726224701308984,i
1254356,0.35238,1.3465689921875001,0.17483168570249352,i
1258330,0.52595,1.8227949609375007,0.21865582450444135,i
1264039,0.42517,1.3639322265625,0.22065057574872424,i
1248243,0.32489,1.5311277597656254,0.14321364441732834,i
1265169,0.68453,1.4134259531249995,0.24610772748889015,i
1261259,0.52786,1.56754855078125,0.21888570171682883,i
1265426,0.4208,1.35864,0.17375762857895136,i
1595127,0.56799,1.532618350585937,0.19736706288685918,i
1574104,0.27399,1.3347035859374998,0.14335400798025905,i
1644061,0.61349,1.3714664999999995,0.19510391240624578,i
1625059,0.59391,1.3909355234374996,0.19010492691468206,i
1547071,0.29961,1.3572294277343753,0.15022615785405427,i
1551083,0.80373,1.7170664101562498,0.19176599925736282,i
1291159,0.54102,1.5687102031249998,0.23780773212415032,i
1312274,0.42551,1.2963231562500002,0.21303082949001462,i
1303118,0.58967,1.8374349726562498,0.2155304148695532,i
1308326,0.32717,1.398971970703125,0.14454664666355088,i
1313057,0.33809,1.3908818320312502,0.15598246970014323,i
1315947,0.73849,1.7982505937500002,0.1921071582451994,i
1315296,0.41363,1.6256744999999997,0.1798138684813291,i
1321338,0.31153,1.4601017578125002,0.16136380549184207,i
1297742,0.46364,1.6846153359375005,0.19446598563429954,i
1293319,0.2979,1.6588784375000007,0.1496433176095513,i
1303663,0.81961,1.978825875,0.20467417112005284,i
1299758,0.47293,1.4637241875000002,0.20075182558545598,i
1847165,0.3885,1.55636748046875,0.20162837987088428,i
1871017,0.3377,1.4197386328125,0.1506845791555789,i
1776329,0.42548,1.2506359687499995,0.2189167596887058,i
1925122,0.38377,1.2194473124999994,0.18119319320865832,i
1898108,0.51325,1.4609364746093747,0.20099402942754344,i
1334742,0.52919,1.223352,0.2239405571431563,i
1336008,0.43867,1.5030167636718752,0.21254058340982168,i
1281119,0.19947,1.122628953125,0.12284370936908066,i
1328103,0.57589,1.6254443535156253,0.21568406197229756,i
1337703,0.53281,1.5302652958984375,0.23712356668661866,i
1257129,0.58932,1.5200976640625,0.21599188439513914,i
1256807,0.62074,1.6194737968750001,0.20750945406474855,i
1255142,0.5779,1.9705258984375003,0.24468470742396278,i
1255974,0.34358,1.5482660156249999,0.16492857493683252,i
1256701,0.43749,1.3790919687499998,0.20123068989030884,i
1257839,0.64538,1.6678754296874998,0.21092204637351136,i
1703072,0.49475,1.4667234375000002,0.1942260586764159,i
1366175,0.40561,1.0896222832031248,0.20775960387829687,i
1504139,0.55708,1.7304267968750002,0.1976981095470923,i
1560034,0.26982,1.393825859375,0.13172083614044056,i
1432017,0.34627,1.0929240732421865,0.1749446261420579,i
1472020,0.53169,1.6806707851562501,0.2422021705175101,i
1560099,0.68072,1.6859722500000003,0.21357381851606277,i
1579110,0.62336,1.6715534999999997,0.21378240720006075,i
1432078,0.54586,2.317582296874999,0.4561829975806472,i
1303215,0.32917,1.5275070859375,0.1492558385513236,i
1292332,0.27358,1.3337765546875,0.1385878112408806,i
1314047,0.45813,1.259915453125,0.18844346958493355,i
1299190,0.69974,1.7352619101562503,0.2151996598316712,i
1301936,0.34351,1.529423444335938,0.17066620275114622,i
1301397,0.61076,1.6027376601562504,0.19403721793834036,i
1300912,0.33834,1.29991500390625,0.15280039760382652,i
1879187,0.59271,1.4735678261718745,0.24025373063539032,i
1876287,0.56558,1.4055055605468754,0.18894639997750634,i
1876308,0.4225,1.4570900878906246,0.19229557118794005,i
1880429,0.49816,1.556681875,0.19245654488265065,i
1891030,0.61497,1.6698537460937504,0.19391113549738,i
1876462,0.841,1.550467187499999,0.17050266907481781,i
1924188,1.04215,1.8969658984374997,0.2439456727098854,i
1909375,0.33805,1.410440595703125,0.15524927179762457,i
1910065,0.57988,1.5379144375,0.2676682163384888,i
1281691,0.57935,1.808232363281251,0.2398685161733092,i
1283272,0.38405,1.1710360546874994,0.17570587493361423,i
1335472,0.50705,1.6074218847656252,0.18634755136655157,i
1342906,0.498,1.4465793945312502,0.19324500994556482,i
1251114,0.62692,1.8004157656250004,0.1963882898088127,i
1253997,0.59134,1.3827874335937498,0.20225453683655317,i
1265260,0.6044,1.3173628124999994,0.18823756938378267,i
1264049,0.54508,1.7454575625000004,0.2429957181937068,i
1250823,0.66553,1.6980598828125,0.22100085314455337,i
1257609,0.3344,1.4038565625000001,0.15711585025781544,i
1261163,0.61917,1.8696353593750008,0.20375622656665276,i
1246314,0.38388,1.4099628945312497,0.17768370055788307,i
1250578,0.27962,1.3156093125,0.13622609683362247,i
1248677,0.35067,1.502884177734375,0.1766079657643687,i
1256764,0.55774,1.1707389687499998,0.22087510120666629,i
1253131,0.40448,1.1641822500000005,0.20332113014762565,i
1514043,0.52831,1.5139820937500001,0.21875941875810329,i
1536026,0.44236,1.48630690625,0.2028587289213322,i
1562077,0.47898,1.5847039609375002,0.19228756653362417,i
1294341,0.36897,1.2331425078124998,0.18357572632454214,i
1311631,0.64177,1.7934413300781251,0.3146846832666072,i
1303466,0.65333,1.6333092070312496,0.24152450300888167,i
1292227,0.29279,1.1806808671875002,0.14484570846653178,i
1297157,0.54947,1.9344164531250008,0.23411010840369087,i
1302055,0.54383,1.3728628886718752,0.25644771237908165,i
1309323,0.48362,1.53925575,0.18752639105401714,i
1303699,0.79621,1.795157533203125,0.19129592664110215,i
1311590,0.5604,1.7394498046874998,0.18774580963904394,i
1311001,0.63159,1.7217735878906253,0.1919971935872619,i
1900662,0.44894,1.4495059921874998,0.18024292499271144,i
1915067,0.45804,1.854444625000001,0.19064680686442387,i
1902212,0.28219,1.22058477734375,0.13634618833660975,i
1876602,0.73117,2.0929574804687494,0.21841099669411437,i
1332614,0.51917,1.604920025390625,0.20185879464261872,i
1254150,0.70484,2.033154890625,0.2136103722070339,i
1255545,0.60314,1.888699312500001,0.19511180597533193,i
1258249,0.62237,1.4157713203125002,0.19932118961838052,i
1250034,0.16167,1.163485109375,0.11357106251624444,i
1264068,0.33147,1.3980435,0.1611688760415926,i
1253243,0.57842,1.1218496835937504,0.19800632351788114,i
1260050,0.27372,1.21301928125,0.1349759366544212,i
1257695,0.18472,1.16482040625,0.1274088473183859,i
1420185,0.64519,1.4912747636718748,0.19995205785504172,i
1430136,0.41337,1.3571940634765625,0.17381181247906535,i
1440057,0.51352,1.3966064921875003,0.1921723277002551,i
1473025,0.64709,1.76547459375,0.20057061278849217,i
1368143,0.42463,1.5712667207031255,0.2120213074250121,i
1409129,0.79436,2.1448209375000005,0.18711622485825102,i
1575072,0.59156,1.7305106484375004,0.19582266457213135,i
1320501,0.33781,1.3294486874999998,0.15010192926238433,i
1320009,0.69229,1.8787063203125003,0.22623323137066226,i
1302027,0.74959,1.56711323046875,0.20005204392767356,i
1316626,0.61667,1.7884411875000001,0.19538738759471788,i
1929024,0.31613,1.3370801162109376,0.17138246003544963,i
1899442,0.432,1.2708999999999993,0.21139845024711953,i
1878692,0.886,1.484856640625,0.20669919941140993,i
1880545,0.55227,1.738117951171875,0.18850367639456964,i
1950024,1.02,1.672812500000001,0.27727996372705815,i
1776304,0.45517,1.5120125781250002,0.18927064104030739,i
1899065,0.54877,1.9038981210937502,0.2575081162065313,i
1839117,0.608,1.5103265625000002,0.19505699632861037,i
1334620,0.1972,1.127986875,0.12798180556115082,i
1307277,0.41216,1.466770875,0.1746739394820753,i
1281135,0.65254,1.9824024765624997,0.2285051000397024,i
1308529,0.72352,5.752247999999991,10.296411535843221,i
1258309,0.47736,1.9251847500000003,0.20149080686151327,i
1249137,0.22397,1.248831890625,0.14595087366869686,i
1287883,0.65842,1.6370419296874998,0.29910612468009007,i
1257775,0.47654,1.4932664296875,0.20363288067305288,i
1641368,0.60833,1.6136701582031248,0.19466147814749696,i
1646094,0.59293,1.6576427812499999,0.37951489694038637,i
1595028,0.46641,1.46698281640625,0.19472264677830894,i
1484053,0.46427,1.6144148730468753,0.19400017214706985,i
1319058,0.66951,1.6111423652343753,0.2610442226820244,i
1322975,0.84705,2.000008828125,0.188450950416742,i
1309551,0.65259,1.2697830195312494,0.3043635995591255,i
1320447,0.58009,1.4905927148437499,0.21850053071731457,i
1322819,0.33807,1.305924958984375,0.15497950169946534,i
1312897,0.28683,1.2536539140625,0.13663973157192047,i
1305219,0.61748,1.3925491874999991,0.1964220925505938,i
1936215,0.61124,1.651521,0.2749668454294906,i
1904287,0.69973,1.6781513964843748,0.21049177548851505,i
1849276,0.61542,1.63340416796875,0.19147370952191084,i
1915184,0.52582,1.8095271562500006,0.21591437703163247,i
1338128,0.3128,1.2148528124999995,0.1617320450632305,i
1327978,0.20786,1.25126746875,0.12834486466961118,i
1291788,0.3845,1.415867578125,0.18128984976070522,i
1336662,0.182,1.3029703125000003,0.11973582858627123,i
1250950,0.70234,1.6594490117187504,0.21497638452547893,i
1262135,0.38378,1.3075639921874997,0.18358994647551455,i
1262084,0.45416,1.4836976249999998,0.1840921981101318,i
1264499,0.44958,1.2809813886718753,0.1826768140639718,i
1257356,0.33307,1.2830798749999999,0.1603711442924654,i
1260568,0.53864,1.33969865625,0.24507159528231912,i
1250397,0.64442,1.4905768007812497,0.200291632595526,i
1367571,0.43428,1.5152383828125,0.20918823860897215,i
1408068,0.42828,1.444459734375,0.2059998638217437,i
1575019,0.65338,1.4250714726562488,0.23146258729170466,i
1432102,0.71926,1.8320864375,0.24476074678483553,i
1371126,0.21648,1.1178785937500004,0.12998097348817791,i
1400026,0.71027,1.796117537109375,0.20491478885005818,i
1456020,0.8834,1.7627446874999997,0.272380038567831,i
1547086,0.27627,1.3395849570312501,0.1401162378975477,i
1548070,0.67716,1.5055131562500002,0.1988165782853524,i
1298079,0.26136,1.17020703125,0.14674200445375435,i
1310432,0.29574,1.3291457968749998,0.14134047569634633,i
1290007,0.4317,1.3763334765624997,0.20840840109451955,i
1310396,0.32358,1.3396077265625,0.1424461302501769,i
1310485,0.43429,1.585982975585938,0.2211025321668482,i
1901375,1.033,2.4666007812500004,0.2554009771478773,i
1848092,0.58883,1.576417265625,0.21405117916093225,i
1900856,0.72477,1.7611518671875002,0.2566322885752947,i
1345458,0.56932,1.5521555625000003,0.1995791384351056,i
1332709,0.69431,1.9352197031250005,0.29836913614654526,i
1307843,0.9222,1.8501175,0.22447134718145773,i
1329168,0.67717,1.6051041015625,0.20744687128284983,i
1343533,0.36947,1.3272090117187498,0.18014237881446135,i
1256823,0.44199,1.4639578164062501,0.2047412513762171,i
1249304,0.63802,2.1882923437499993,0.19034974171157915,i
1254670,0.5055,1.3390716796875006,0.19488096530924973,i
1549078,0.60616,2.0578925000000012,0.2465534342599661,i
1488029,0.47938,1.6030469218749999,0.194788463644114,i
1636043,0.54055,1.8516688867187496,0.25082590193100096,i
1620051,0.38353,1.2570667109374996,0.17831747248248092,i
1574019,0.60551,1.6205616562499996,0.18868418068057694,i
1701088,0.72463,1.9685034609375003,0.28084951459453933,i
1435033,0.58096,1.215363,0.21508428550905612,i
1551108,0.868,1.9738046875,0.1886145263900448,i
1315795,0.37862,1.2989185312499998,0.19254253202535263,i
1295249,0.53309,1.3743912304687504,0.24021406329059422,i
1290043,0.73556,2.0067412499999997,0.19324504016488395,i
1305350,0.49382,1.4418864140624996,0.23577560890899021,i
1324562,0.35349,1.51844659375,0.17675773345654544,i
1295285,0.52634,1.639623046875,0.21419540920318245,i
1316831,0.43966,1.3935458906250002,0.20634185236830757,i
1864046,0.74939,1.8696605625,0.19924671125291593,i
1904300,0.91159,1.6651741015624995,0.2233460096459547,i
1880304,0.44469,1.7573299453125002,0.20978179085287874,i
1861451,0.7819,1.5271439843749992,0.17993271825542317,i
1923060,0.38361,1.4268478125,0.18469658201066533,i
1898252,0.74631,1.6098795312499998,0.19691160350160206,i
1904293,0.44682,1.45360196875,0.18641125188465285,i
1342580,0.87622,1.6768716249999998,0.21325239267788346,i
1338266,0.6498,1.5550653906249994,0.22435718106188612,i
1339327,0.77378,1.6268888437499998,0.20716884070367161,i
1341857,0.50373,1.2640730312499997,0.18925990911743348,i
1280807,0.73965,1.736592021484375,0.1879547038197163,i
1263090,0.65341,1.61788751953125,0.24284252687927302,i
1251645,0.7682,1.6445641406249996,0.18822251944799334,i
1261173,0.47431,1.544282134765625,0.20866778371094533,i
1251126,0.59845,1.7714072851562503,0.18557363270839516,i
1250665,0.29564,1.0931962499999996,0.13924175935699007,i
1596033,0.47043,1.5301662187500003,0.21143956721586935,i
1536021,0.53524,1.6407877499999999,0.24499486429100603,i
1569050,0.33086,1.4400321093749997,0.15738573136559342,i
1551020,0.46394,1.5697325390625,0.19179626784610723,i
1531033,0.61002,1.3298387851562485,0.1940886285805826,i
1300160,0.41029,1.4973313359375005,0.18933895503205667,i
1295079,0.54562,1.81882041015625,0.239861100051149,i
1299785,0.38182,1.365626796875,0.18214270052691892,i
1320126,0.52795,1.4706518750000002,0.21397876652463246,i
1896254,0.55339,1.650476875,0.19789940812817783,i
1912110,0.53873,1.7346776484375008,0.24875323031173524,i
1901115,0.29979,1.3517054404296873,0.1481875063661982,i
1306360,0.45534,1.5272542617187501,0.18748179637114715,i
1342810,0.70232,1.1902940624999996,0.21972166110551955,i
1282114,0.21881,1.194052921875,0.13546686197247296,i
1338485,0.58582,1.9060813046875005,0.2244113559083925,i
1319066,0.33449,1.3876610859375,0.1568254467712032,i
1256432,0.51183,1.5257081269531252,0.19229589528672542,i
1253119,0.3201,1.2669866015625,0.1526428993350012,i
1255382,0.58171,1.620943822265625,0.2162611933112824,i
1251536,0.52851,1.124738559570313,0.22060883620413113,i
1261233,0.53225,1.3987766601562504,0.24339475520288978,i
1261236,0.5985,1.77583359375,0.1895903189012101,i
1260556,0.27487,1.3189426542968747,0.13456818379216465,i
1264948,0.50502,1.6415594121093755,0.19290396333705595,i
1253475,0.45532,1.6599743750000004,0.18533479878339834,i
1261193,0.19293,1.2712160312500003,0.12641252541267076,i
1434262,0.79106,1.806451921875,0.19237695939255162,i
1450127,0.60139,1.4034056503906243,0.20294614141746362,i
1290176,0.79602,1.8325016562499998,0.1924453146669028,i
1313026,0.53752,1.4675508281249998,0.2515576412648778,i
1302353,0.57305,1.6246657031249998,0.22330022850760478,i
1289913,0.38598,1.392612130859375,0.20220506679620376,i
1295291,0.86329,1.7479261464843752,0.2114744189859542,i
1303140,0.49718,1.53431708203125,0.19229083248881715,i
1305835,0.34291,1.0103299453125003,0.17189825297655148,i
1313434,0.69194,1.6575724687500002,0.22580080662611585,i
1948209,0.37996,1.4597389375000003,0.19108195994199892,i
1880513,0.64577,1.5456416103515624,0.20478425330277067,i
1923155,0.39257,1.4175927421875003,0.2095317972123963,i
1879426,0.2299,1.3831570703125002,0.13912737288343166,i
1340132,0.61054,1.250684968749999,0.19295559702584797,i
1306991,0.42306,1.434038685546875,0.19237632569014865,i
1336687,0.2348,1.2415528125,0.1468369916761197,i
1279500,0.23568,1.3336655625000002,0.14644545454196137,i
1341423,0.59825,1.6581843750000003,0.19045858120353712,i
1340706,0.29425,1.3597208496093747,0.14952385452257996,i
1283923,0.14715,0.9302669531250001,0.1177267351458332,i
1343337,0.33947,1.4796957656249998,0.18033420768470665,i
1314554,0.35253,1.1813504218750004,0.1704467038062732,i
1261579,0.3232,1.3045925,0.15113466353891478,i
1265136,1.05386,1.8484740000000004,0.3157524914392763,i
1254762,0.39875,1.488357421875,0.19950381646123724,i
1594042,0.62112,1.3855510000000004,0.20301921010772453,i
1699061,0.53629,1.1069089472656246,0.33368353561423725,i
1642117,0.81384,1.941375625,0.2380360305210624,i
1531108,0.345,1.3317338867187498,0.17512940729135743,i
1487043,0.69363,1.9939846953125004,0.22380939121296528,i
1643338,0.56915,1.4821112109375,0.19924066742429963,i
1302418,0.47885,1.5816762890625002,0.19884632111126374,i
1315950,0.36,1.1645000000000003,0.16552740709250074,i
1318304,0.39869,1.53254900390625,0.2089147507772106,i
1309982,1.0822,1.4925144531250005,0.294482273457,i
1290323,0.59969,1.672175953125,0.19872319962175927,i
1297063,0.4357,1.4222403125000003,0.21582363804736185,i
1908380,0.4377,1.123203125000001,0.2034648634142346,i
1916124,0.4319,1.53258046875,0.20512687100780974,i
1896244,0.59211,1.8614004804687507,0.2632024492475638,i
1891147,0.3238,1.3894728906249998,0.14076774125999902,i
1817269,0.5307,1.6102246484375,0.23148008419776903,i
1826039,0.83988,1.94337325,0.1774963129800771,i
1901899,0.98922,2.486525000000001,0.26758935955549595,i
1281886,0.38493,1.4979965507812498,0.18432319856824814,i
1341743,0.68487,1.6420900976562498,0.22152879048972038,i
1309013,0.21358,1.1616710117187494,0.1346495945525262,i
1339232,0.96937,2.4955610468749994,0.2837345175966769,i
1252917,0.6941,1.214656464843749,0.2215495691748035,i
1260058,0.3905,1.452420703125,0.207787099079221,i
1255470,0.46997,1.3390507968749996,0.1982153814868486,i
1252939,0.668,1.7722500000000003,0.21805092623205538,i
1252620,0.95453,1.525449585937499,0.25775129068011604,i
1255576,0.28112,1.31915325,0.13608908342826218,i
1246275,0.24651,1.1759068945312499,0.14515064016544976,i
1368111,0.55205,1.5132487500000003,0.17969418779027993,i
1367180,0.80489,1.9758610253906244,0.19488587638281005,i
1431108,0.61115,1.69611298828125,0.1924120816322948,i
1566028,0.32165,1.3629515625000002,0.1528870247726807,i
1433108,0.68403,1.58075159765625,0.2657881400336094,i
1294667,0.6295,1.4328142578124998,0.20315494191779315,i
1296657,0.14715,1.3496936718749994,0.12033272960346898,i
1302073,0.589,1.688933203125,0.2124737657177938,i
1309215,0.77536,1.7483135,0.18851902670155507,i
1310475,0.66511,1.626083984375,0.21448325480815014,i
1310236,0.69211,1.9449350292968755,0.29860764425626385,i
1897267,0.31971,1.4527120234375,0.1470192452494807,i
1783052,0.4796,1.518034921875,0.27635361853830626,i
1837096,0.37987,1.233258812499999,0.1896708670777567,i
1891082,0.55,1.9235742187500002,0.23397966262873834,i
1879313,0.61028,1.7684774296874997,0.25838117690366097,i
1889022,0.5124,1.9142789453124998,0.19233121599282188,i
1876204,0.51067,1.6157087734375,0.20317671867278767,i
1314847,0.52173,1.4206776171874997,0.20359022924835166,i
1302523,0.42505,1.538608671875,0.21943053069667132,i
1275946,0.233,1.3832718750000002,0.14323100392802468,i
1279501,0.56655,1.5665499999999999,0.1911617923679851,i
1336464,0.38834,1.3840014374999998,0.2001606946145186,i
1280792,0.68123,1.1717713388671869,0.20606307123967021,i
1335259,0.72764,1.5130347187499995,0.2098469015709595,i
1277715,0.34655,1.3152532324218749,0.1771873549694059,i
1246527,0.32184,1.3053169999999998,0.14994198678116932,i
1248907,0.1714,1.200685,0.1059694912026398,i
1262588,0.40759,1.136656416992187,0.20726160719276132,i
1253857,0.858,1.9552546874999999,0.20073759808256994,i
1248039,0.22666,1.2228266875000002,0.14757314431700663,i
1250532,0.52893,1.7930586298828124,0.21532081406772877,i
1263125,1.02947,2.0072726718749996,0.26800914275530835,i
1264375,0.4969,1.3986659375,0.19315241182103557,i
1252521,0.43376,1.5502529999999999,0.2198821178266523,i
1264512,0.36136,1.2411774375000004,0.1677043899487897,i
1641288,0.54642,1.79046440625,0.30389820017991653,i
1534078,0.61356,1.5996934687500004,0.19512694498300026,i
1368133,0.2772,1.2722109375000001,0.14485300129413162,i
1528034,0.64009,1.4635881269531255,0.19119912278558818,i
1644180,0.6122,1.8017594531250003,0.19198221852503974,i
1508029,0.8535,1.6457052734374995,0.18607509967128946,i
1370135,0.51724,1.6700011757812503,0.1952818490368518,i
1305051,0.2998,1.2998,0.15513745632918843,i
1296321,0.18531,1.1540567089843747,0.12027389007885364,i
1315818,0.55274,1.58428003125,0.19143079613951675,i
1317724,0.4689,1.64103671875,0.20751524252845516,i
1315197,0.2091,1.0990530078124996,0.12864531851582983,i
1302648,0.23259,1.155553125,0.14751350208907815,i
1301963,0.41577,1.46443709375,0.18232382443354547,i
1295592,0.35684,1.5025942968750001,0.18188150117765708,i
1891070,0.79478,1.7527148437499998,0.19205942820423552,i
1942106,0.56638,1.4798007929687498,0.19170741384555137,i
1901257,0.521,1.3804857421874996,0.2021099435004129,i
1330339,0.57968,1.126756125,0.2170087532529105,i
1330350,0.76374,1.818856875,0.20425265587190902,i
1306986,0.44916,1.1324392890624995,0.3367346843845981,i
1279714,0.70074,1.5658766328125004,0.21446875932053946,i
1335432,0.42751,1.2203537636718755,0.21322238889467876,i
1334581,0.82885,1.7195476367187499,0.1875505960825539,i
1319539,0.37277,1.4864525156250004,0.18834909461093188,i
1341227,0.83108,1.8911623125,0.18692005575632567,i
1246791,0.83213,1.777738640625,0.18636519470217872,i
1254070,0.49305,1.6936785937499996,0.19299737088241714,i
1250357,0.35941,1.2282481757812493,0.16765077481610208,i
1262016,0.46812,1.6682660468749995,0.20582092642008404,i
1536028,0.45221,1.4383118964843749,0.1688806499396246,i
1449102,0.69896,1.4480979375000007,0.22016595506100275,i
1602033,0.61096,1.714162125,0.19307785703590716,i
1535064,0.8022,2.126736796875001,0.18521678653198181,i
1301933,0.33065,1.3314296777343748,0.15678557742459875,i
1302185,0.73783,2.03651953125,0.19846583460966452,i
1293921,0.50552,1.6037316562500001,0.19484022741355725,i
1297465,0.27836,1.45425933984375,0.13975212084615105,i
1309376,0.74073,1.7845882363281251,0.23022905625456333,i
1317956,0.87068,1.7007842578125003,0.26677414538436084,i
1332689,0.48824,1.5161445000000002,0.19655060496513985,i
1335756,0.45038,1.3982569687500002,0.18381820260639548,i
1340460,0.63843,1.5142677265625002,0.19243256667275752,i
1278602,0.34896,1.345139703125,0.17487172074728174,i
1284601,0.40563,1.49403094921875,0.20543383253330366,i
1253148,0.43972,1.4329713124999999,0.2116893866772316,i
1263197,0.33826,1.15032856640625,0.15473217837002806,i
1252183,0.97319,2.1119299218750003,0.4825710874663497,i
1263139,0.72801,1.9109360585937505,0.3313855294340714,i
1263852,0.66144,1.4058962499999998,0.33035435685537806,i
1636093,0.47891,2.1571288828125006,0.3570539577682973,i
1645125,0.44537,1.5774858515625003,0.17304604215381308,i
1433226,0.5975,1.1386867675781247,0.358610460248943,i
1537077,0.74518,1.6275848632812502,0.19801753184877843,i
1645092,0.51459,1.5465383828125003,0.23579671724255272,i
1699105,0.46642,1.5941589296875,0.19818227332156715,i
1431163,0.36812,1.34246775,0.17432134776875544,i
1563063,0.71612,1.8346060195312504,0.22648127690341757,i
1267094,0.6238,1.4411224999999999,0.2490019324934722,i
1303753,0.65363,1.9714370156250007,0.23972838610640154,i
1293046,0.60863,1.4303297021484376,0.1920047981592813,i
1296919,0.67832,1.4200160624999991,0.20876239287474013,i
1322912,0.65953,1.1286100507812489,0.23191549911766152,i
1304362,0.76303,1.655595359375,0.22005605269116205,i
1876301,0.60195,1.7446236718750003,0.19948075796802053,i
1901241,0.68264,2.145366,0.3033536330167472,i
1331993,0.721,2.0167968750000007,0.23851580313356832,i
1330031,0.10643,1.1461923281249997,0.09706722839515887,i
1334448,0.51812,1.3123435781250008,0.20315058371884337,i
1277995,0.72265,1.4985709179687499,0.23949940604253858,i
1315570,0.61334,1.70661121875,0.1921044099462061,i
1329795,0.52669,1.2860574160156246,0.21498968229584803,i
1337549,0.74939,1.9352626875000003,0.27562735776226005,i
1338430,0.5183,1.5687123046875002,0.20681727679975756,i
1259412,0.30581,1.3598786953125002,0.16278492765137664,i
1265089,0.44588,1.4102977968750001,0.1811621092773253,i
1255423,0.66801,1.78854978515625,0.21823615236032176,i
1264606,0.68176,1.9340240000000009,0.22810140165104476,i
1252364,0.54251,1.507261236328125,0.22929077173446769,i
1261963,0.28053,1.1684836250000001,0.1375681953550846,i
1470063,0.53605,2.0664672656250005,0.3218319065351218,i
1500086,0.64266,1.1601286249999996,0.18681636982677224,i
1644290,0.53786,1.6619100351562501,0.2516731477368174,i
1533036,0.65446,1.6716670302734378,0.22154890403368943,i
1531089,0.29241,1.2590900546875001,0.14669893650607216,i
1480038,0.3353,1.3832873437500002,0.1572711051210987,i
1433114,0.68506,1.7482497500000003,0.22174010499022043,i
1721068,0.29425,1.22498740234375,0.14972194329630029,i
1291242,0.28008,1.43658978125,0.13155754699959057,i
1300084,0.61958,1.7125793203125004,0.20521824401263142,i
1296671,0.64986,1.3808715947265608,0.22635161199758935,i
1319840,0.49025,1.4818091308593753,0.2026082731981983,i
1300025,0.41459,1.6311990937500003,0.181103915700764,i
1892103,0.26685,1.34206921875,0.13623581950399655,i
1880632,0.4065,1.3383726562499998,0.21079141146214245,i
1770254,0.7362,1.5286698437499997,0.18565736520283313,i
1883111,0.43385,1.395763359375,0.2177074867750526,i
1904061,0.6247,1.50316482421875,0.2016294480288647,i
1915087,0.56216,1.268034562499999,0.1875722286935751,i
1904152,0.4414,1.34568203125,0.20736861056195027,i
1898053,0.81614,2.2020697500000006,0.2708161459357106,i
1922297,0.43327,1.3448103671874998,0.21819037129810892,i
1904352,0.64396,1.706250671875,0.20926191901673702,i
1317783,0.39534,1.5065311562500003,0.21692060859735832,i
1296963,0.48917,1.6648455234375001,0.19286313172680308,i
1339875,0.46064,1.5895871249999998,0.19361219811071162,i
1246626,0.39392,1.2899205000000002,0.2182087482561515,i
1250120,0.69207,1.9815726015625,0.26112910361140107,i
1252313,0.59808,1.74353025,0.1829102736255797,i
1249245,0.36932,1.36183153125,0.18682369466507714,i
1246281,0.336,1.40175625,0.1478650551242058,i
1246758,0.53249,1.67197053515625,0.24531383887483638,i
1392367,0.59463,1.1947266953124984,0.20647235093495556,i
1395159,0.95845,1.8498172265625,0.2512646502024669,i
1532056,0.47379,1.5992924296875,0.2017223392237896,i
1644213,0.54622,1.6960100625000003,0.33838103109504675,i
1642178,0.6874,1.608303125,0.23330240250982595,i
1479130,0.8639,1.7881790624999998,0.21252672109456988,i
1366475,0.45596,1.5105585000000001,0.19155726536629789,i
1537020,0.40697,1.3713835517578126,0.20532652119353337,i
1320843,0.60989,1.5287666367187498,0.19127492706549773,i
1315910,0.39468,1.1830264140624998,0.20298491229839122,i
1305409,0.62066,1.3383106406249996,0.2049135237036782,i
1300516,0.31151,1.5420488671875001,0.1570931867766131,i
1300777,0.8183,1.875121875,0.20991098122666776,i
1321261,0.59069,2.8035911250000023,1.9800489249573183,i
1936125,0.89603,1.7434588359375007,0.2384419721170456,i
1896164,0.42181,1.462631498046875,0.18949075382030486,i
1773237,0.3929,1.3379457421874998,0.2129455970284741,i
1895036,0.45302,1.52794134375,0.17515550345722605,i
1896111,0.49364,1.4851799296875003,0.18676076720373477,i
1330995,0.71965,2.029321347656251,0.2580000098386272,i
1306736,0.552,1.1000406250000005,0.17927244916001328,i
1304183,0.63618,1.6790018984375,0.19242932164339185,i
1318052,0.48127,1.6843660039062502,0.1968116272181801,i
1332392,0.51318,1.4387031718749996,0.19556511332457474,i
1263369,0.31343,1.2405756796874998,0.1549892857715435,i
1265040,0.431,1.5830437500000003,0.21736375209291486,i
1265231,0.68533,1.766963171875,0.22142400997077483,i
1257022,0.38786,1.344489375,0.1942537261893071,i
1253920,0.19599,1.1203062578125,0.12799787896175344,i
1262895,0.70615,1.3854971020507807,0.21319246933114144,i
1562098,0.57747,1.5343360546874998,0.17812937576582552,z
1702083,0.38932,1.1966603906250008,0.1486671628363231,z
1435094,1.01778,2.170689890625,0.33596202353984345,z
1309227,0.92649,1.55398509765625,0.2389503155779656,z
1324542,0.5421,1.3541565625000007,0.2050609690141187,z
1320474,0.78908,1.6912396875,1.5401745447083615,z
1290816,0.21892,1.4169944999999995,0.09673297790356673,z
1298246,0.61058,1.7169034453125005,0.3496797268035118,z
1311632,0.42538,1.3095678749999995,0.13106175546848745,z
1302738,0.679,1.75376796875,0.3660246626082443,z
1303317,0.47545,1.5447558056640625,0.16570511173750865,z
1314162,0.58267,1.6630399609375,0.19049498610980822,z
1314067,0.43479,1.6657015156250001,0.15702646787231778,z
1833468,0.78516,1.790041296875,0.273728817857949,z
1849109,0.6253,1.5689541503906246,0.24497909132672138,z
1842087,1.0843,2.38066140625,0.23553399378870007,z
1338718,0.73429,1.3267995957031267,0.6073174793903945,z
1279488,0.49532,1.5332871093750002,0.16077301551381498,z
1336480,0.25695,1.3355093750000004,0.08016952780400385,z
1331719,0.5874,1.4950083593750003,0.19617160884274396,z
1306378,0.36195,1.7471264843749996,0.27622589856841423,z
1337649,0.26238,1.2426553125000002,0.08642272506500913,z
1339246,0.95867,1.8148301718750004,0.2772398773388747,z
1264434,0.31179,1.360982125,0.11836238371744157,z
1256332,0.47919,1.8328088593749996,0.16905704457271659,z
1260241,0.33442,1.25310378125,0.1199631863386683,z
1253180,0.4621,1.387852734375,0.16887925316001579,z
1258802,0.55063,1.4902099443359376,0.1864812500291921,z
1285539,0.48469,1.3002636640624996,0.3510874198192981,z
1257102,0.47434,1.7093129375000002,0.24133207236966725,z
1259006,0.52913,1.6067811328125,0.17352620528666485,z
1261456,0.62298,1.8664270000000007,0.3874868676363294,z
1552028,0.453,1.5301906250000001,0.15717361842473646,z
1550103,0.53223,1.9918989999999996,0.3050496043574309,z
1305873,0.60153,1.83738031640625,0.22028434755507206,z
1296802,0.74534,1.7180690625000001,0.231914933423791,z
1312213,0.40797,1.0994265742187501,0.18941850821905082,z
1297580,0.63626,1.4988397265624998,0.2007638805134435,z
1316461,0.61047,1.4453339160156253,0.19316689157258396,z
1854103,0.46733,1.3005358476562496,0.16600509275822664,z
1889211,0.46407,1.530410671875,0.1618738002683645,z
1876533,0.491,1.3710210937499998,0.15017821444734203,z
1920365,0.366,1.5580937499999998,0.11891799847502277,z
1927254,0.5815,1.4826562500000002,0.2521187048047291,z
1850154,0.56884,1.58722484375,0.16764977875126472,z
1339716,0.45791,1.9704564843750014,0.2783718187041942,z
1341000,0.54259,1.6992592968750002,0.22896285738312586,z
1334302,0.4557,1.3874640624999999,0.16196258330950047,z
1303910,0.68577,1.647906025390625,0.6288973046379984,z
1340141,0.65523,1.7237668671875004,0.5623192700010041,z
1258529,0.82542,1.7113312499999997,0.3033337740545054,z
1257335,0.48464,1.3297966875,0.18210972455349284,z
1249264,0.55081,1.5326364453124999,0.18278178597996464,z
1252810,0.5814,1.5075807421874998,0.1853605665887706,z
1264038,0.66425,1.7539634765625003,0.23781898776721888,z
1254889,0.60613,1.7705073671874998,0.19427813597025514,z
1260427,0.81895,1.7692130859375,0.29759224877281293,z
1660018,0.4355,1.7629734375000012,0.23138598016797574,z
1370308,0.62927,1.5789917460937501,0.22511290264058778,z
1370806,0.5895,1.3485914062499997,0.361813172217073,z
1552143,0.76058,1.8513599062500001,0.5419921815412589,z
1304456,0.43093,1.7126443437499994,0.20814520699275216,z
1324790,0.35775,1.584748828125,0.23949328353088645,z
1316487,0.77696,1.7547479999999998,0.23883341162880972,z
1291090,0.29292,1.4914034218749999,0.08619092479245613,z
1891107,0.6287,2.0629139648437507,0.4848716371145893,z
1860025,0.23625,1.137736328125,0.09299985593533451,z
1876305,0.53784,1.3816531249999997,0.1859108763009307,z
1338324,0.42719,1.2911609531250003,0.25206620884144254,z
1307783,0.7413,1.8841410156249998,0.24494000630326387,z
1334707,0.64989,1.8767498750000005,0.26025283675871175,z
1336558,0.46865,1.2873635156249996,0.15914441856464553,z
1338959,0.46283,1.5199717968750002,0.16398431291176108,z
1280135,0.7715,1.3068272460937504,0.42614981169754074,z
1284567,0.65602,2.323603062500002,0.4274702618476303,z
1253895,0.49331,2.2901308828125004,0.4417356185553025,z
1264963,0.55325,1.2717234374999997,0.2619923316814785,z
1473027,0.50617,1.5820668476562498,0.15651850346704188,z
1574017,0.53399,1.5435774375000002,0.2230372774934811,z
1653101,0.3305,1.4302875000000004,0.10503550003656094,z
1502065,0.27405,1.5069622656250004,0.10232074924488592,z
1532057,0.50504,1.6696537500000002,0.15805236804056222,z
1304503,0.5303,1.3865354882812495,0.16535747245674975,z
1295794,0.67164,1.5586737031249998,0.19737447035604402,z
1905171,0.30404,1.34479125,0.13355845496368957,z
1890041,0.6538,2.2019442578125012,0.3744554833938397,z
1330559,0.68194,1.72365999609375,0.32284400772091015,z
1338849,0.62065,1.4946697851562503,0.22827943748927332,z
1333442,0.69344,1.4513309999999995,0.25092561207999975,z
1334645,0.248,1.2557999999999998,0.10937565877899712,z
1256505,0.55738,1.6267320781249999,0.2513820684890443,z
1257144,0.5267,1.5314709375,0.22247600289751232,z
1258191,0.51814,1.3515004140624998,0.24142371287863695,z
1256680,0.29546,1.34403975,0.11789709980831947,z
1387174,0.699,2.0474277343750003,0.48317287905458206,z
1391191,0.65126,1.3629345234374997,0.2411256937760894,z
1371111,0.885,1.9763046875000003,0.2206881585092538,z
1370113,0.65674,1.4088761640624998,0.2420017969608485,z
1595118,0.91014,1.671372499999999,0.2305992444229174,z
1550021,0.20676,1.1784765625000002,0.07736596508585242,z
1367234,0.25278,1.3643557187500004,0.077870698155592,z
1592067,0.69314,1.617742359375,0.25037826836265326,z
1375087,0.63016,1.6976588125,0.21419021452287085,z
1300531,0.58567,1.4425880585937494,0.2117707584810824,z
1300590,0.6577,1.980174453125,0.31541519240383625,z
1292767,0.30996,1.3324749375000002,0.12355086088617945,z
1305541,0.83438,1.7093412070312497,0.20372658769825394,z
1928157,0.54505,1.54022171875,0.19006267687975253,z
1770386,0.36892,1.244861625,0.12793831563223262,z
1770225,0.582,1.4831249999999998,0.18917514120779202,z
1847100,0.38,1.6732499999999997,0.15629405508025584,z
1919017,0.21939,1.3260866250000003,0.10246405615043608,z
1335585,0.60687,1.4386507968750002,0.1995883401077098,z
1306390,0.41009,1.4673749062499999,0.2564892830001262,z
1336953,0.60141,1.7215157500000002,0.21746596140404287,z
1323600,0.37145,1.4357367187500003,0.12298722242830284,z
1332721,0.42274,1.5294455,0.14970603280735006,z
1303883,0.25993,1.4134839687500003,0.08672947520367684,z
1336693,0.64929,1.5764893085937497,0.25635658211933654,z
1262131,0.33852,1.446751890625,0.12724516391943264,z
1260639,0.59196,1.141422882812499,0.25570143900010506,z
1373042,0.2382,0.9750824999999994,0.09609839015079333,z
1576034,0.768,2.50835,1.0881558848829969,z
1431072,0.42373,1.1211873749999999,0.2594759990467418,z
1449115,0.86746,2.287638500000001,0.265198657280938,z
1642158,0.68826,1.7825651484375,0.3834976365450928,z
1645145,0.82775,2.01623671875,0.34759280572013396,z
1309870,1.01459,1.6793496328125004,0.26272966537266657,z
1302123,0.29207,1.1265235312500002,0.087838153843394,z
1302187,0.21992,1.1284260000000002,0.10181302478950406,z
1302901,0.62737,1.7634079609375002,0.30715223835769834,z
1321116,0.62816,1.8316800000000006,0.22085558399318342,z
1310073,0.62819,1.6803429609375007,0.27319502247852845,z
1290995,0.5441,1.59024205078125,0.19444316824903304,z
1325191,0.79883,1.365459530273436,0.25000119152567213,z
1310304,0.6702,1.6300760546875,0.2786771733275208,z
1959025,0.61194,0.9545707187499982,0.5180015209542479,z
1912020,0.55496,1.651233890625,0.19772465122668703,z
1861472,0.83925,1.79686103515625,0.22054903624261996,z
1933168,0.43547,1.4172462597656255,0.1575658368538254,z
1329615,0.40474,1.2949946874999996,0.14412289424890642,z
1283878,0.3139,1.2774598046875,0.1085339148421968,z
1343208,0.49558,1.4722115624999996,0.16426619655215852,z
1340125,0.65254,1.4349986015625,0.34547688868150056,z
1258591,0.5988,1.7477507031250004,0.2173088700128507,z
1263130,0.68084,1.6125558749999997,0.21536771773943802,z
1262573,0.23837,1.2683617734375,0.42665894181711816,z
1259585,0.5653,1.56774578125,0.19880722164535777,z
1254566,0.79259,1.9578443906250003,0.2510955666255927,z
1252671,0.98614,2.2576825781250003,0.2475547116983168,z
1652139,0.78334,1.740149734375,0.22200240056716972,z
1389177,0.44945,1.4698328906250002,0.2283462457941657,z
1702096,0.3886,1.1282374999999991,0.21504097640284112,z
1433040,0.72012,1.4735246718750004,0.40321594086455526,z
1448122,0.57752,1.662250078125,0.1731539681133114,z
1306141,0.33286,1.40158559375,0.11571527933195033,z
1306578,0.4215,1.438158203125,0.1441319525441989,z
1313572,0.70256,1.723842,0.25916747352091635,z
1294351,0.33926,1.3790192812500002,0.12883101827309315,z
1318158,0.78733,1.049009111328124,0.25308018663027415,z
1305807,0.5711,1.3744056445312502,0.18765491906200854,z
1904092,0.36896,1.4106705000000002,0.13854452146313953,z
1780287,0.5262,1.7169750000000001,0.1664156097042558,z
1882097,0.481,1.5064546874999998,0.2962273312153751,z
1927203,0.68132,1.9991945625000003,0.324310002484293,z
1339756,0.27633,1.1965593749999996,0.10667295534024823,z
1280332,0.4934,1.52140125,0.22608867909348523,z
1345441,0.71536,1.6992784999999997,0.211682620907831,z
1338278,0.5656,1.5068899999999998,0.21273242537254847,z
1334423,0.35888,1.392852,0.20794455928553074,z
1337971,0.41166,1.0013963125000007,0.23179293067486323,z
1342647,0.51725,1.2908478515625,0.2537157712412989,z
1337321,0.56389,1.6824035390625003,0.25016063898593077,z
1337228,0.57858,1.8110505703125002,0.3083044416067648,z
1339149,0.46998,1.3028846171875006,0.16897116150029928,z
1303881,0.77131,1.7396547529296877,0.3466320440234633,z
1337272,0.504,1.2618031250000001,0.15520740347676598,z
1266015,0.36259,1.2987185937499999,0.2962485838502135,z
1249851,0.21552,1.245908,0.09569469551462545,z
1252829,0.45288,1.4582715468749998,0.16483439211771542,z
1254051,0.76214,1.9190805937500004,0.4907365933117315,z
1307261,0.70487,1.968592078125,0.21485951293927513,z
1250912,0.21995,1.240917890625,0.09690863018400016,z
1254002,0.53644,1.4470143906249997,0.19023635336120073,z
1253871,0.8493,1.7546678515625,0.22723770215547145,z
1547048,0.54579,1.7124454843749999,0.22630492772849298,z
1516019,0.42539,1.2694879687499996,0.12940229506567902,z
1366195,0.55439,1.4766705,0.1701085381333108,z
1380167,0.75399,1.8223339462890624,0.2227789040769689,z
1512067,0.45444,1.3930808125,0.18976371366555284,z
1452059,0.5655,1.504500537109375,0.36234335343331603,z
1297064,0.65109,1.9261641738281243,0.28198266864156435,z
1300470,0.5152,1.5341399999999998,0.1888754216023236,z
1300179,0.31818,1.2888298984375,0.11359469501261427,z
1316465,0.32961,1.385702921875,0.11047760402632595,z
1296793,0.64526,1.5591409218749999,0.25467364312638385,z
1304841,0.74249,1.5083429062499998,0.2873944857951223,z
1315832,0.62968,1.662782875,0.21797671264264953,z
1872097,0.84207,1.5053165781250006,0.22633106244042928,z
1900056,0.47944,1.4817516249999998,0.22330823357742247,z
1921361,0.34506,1.3487378984374998,0.13476470075242586,z
1346139,0.50379,2.2180902500000004,0.9659148627957751,z
1289664,0.26,1.1773124999999998,0.08673429377555326,z
1331123,0.22248,1.09211396875,0.09738796323095517,z
1329312,0.34586,1.206016734375,0.13332800014304405,z
1289812,0.71009,1.79025046875,0.20524464026561223,z
1304193,0.45456,1.5591065000000004,0.24913535767467032,z
1276546,0.35428,1.3913110937500002,0.1379909031264865,z
1336925,0.65056,1.61509875,0.24301495872886278,z
1341459,0.52341,1.463901796875,0.16626473961387547,z
1334257,0.68067,1.8933797968750001,0.21574789119544327,z
1302110,0.45459,1.4727723750000004,0.22245365862803285,z
1277945,0.43425,1.5586263671875,0.17132803880758968,z
1265623,0.71045,1.67303390625,0.3084112394081034,z
1256933,0.35332,1.35226271875,0.1370123525655255,z
1259667,0.65939,1.7209689257812504,0.2498008169032191,z
1256596,0.68203,1.8866988847656252,0.22824308920395625,z
1264689,0.73303,1.6463784999999997,0.2225877566662699,z
1259538,0.51363,1.4379484999999999,0.1604781123126403,z
1260107,0.431,1.3533011718749999,0.15306717071537088,z
1255130,0.62529,1.9693943671875003,0.5335648998310998,z
1366436,0.24,1.1285937499999996,0.09096321233408652,z
1559147,0.6336,1.8460956249999998,0.21894230500094608,z
1634024,0.5776,1.5378518749999994,0.17192489809215064,z
1371022,0.29178,1.3745346562499998,0.09139509887677558,z
1487055,0.58308,1.3997271796875,0.2179791973192144,z
1367408,0.54366,2.4656350546875014,0.5155621192765615,z
1385052,0.8025,1.8825915527343753,0.25486794301490606,z
1389210,0.54921,1.4172850859375,0.186337391652802,z
1316853,0.69445,1.7384659863281249,0.24207480071177984,z
1320030,0.68207,1.6518453046875001,0.23075931514470643,z
1300517,0.40132,1.44511125,0.13540804372009538,z
1303658,0.66912,1.6065279999999997,0.2077991300135275,z
1293366,0.32145,1.3637776953124998,0.1433749205715675,z
1320704,0.27087,0.9213807500000001,0.0983367653868301,z
1904321,0.61233,1.46621259375,0.2745404441760156,z
1770442,0.34691,1.1622360117187496,0.15305168571376712,z
1770702,0.33943,1.1050297500000004,0.1276174446730633,z
1901738,0.47096,1.3956882187500002,0.1753637365146015,z
1889090,0.514,2.0569109374999996,0.24102696214396624,z
1847303,0.48082,1.5953521718750001,0.1735224890854249,z
1876431,0.466,1.4986414062500002,0.25760221250769494,z
1916207,0.40944,1.374204,0.1526595163369128,z
1336942,1.02661,1.713118765625,0.2722607972604471,z
1339291,0.81924,1.7051821796874997,0.32932195476844234,z
1254000,0.53356,1.8062012089843753,0.35184037436651194,z
1262055,0.5813,1.5428484667968754,0.20451379902258185,z
1266634,0.49927,1.77569790625,0.45359553830410876,z
1248962,0.48452,1.572663375,0.2232128708476316,z
1251390,0.43504,1.3251697499999997,0.15289403794400683,z
1263039,0.6565,2.6085021972656266,0.6928190185310944,z
1253474,0.4479,1.5717633203125,0.21838350463406692,z
1618042,0.4295,1.4607703124999998,0.15496580112323616,z
1370391,0.65749,1.8452525390625003,0.2532862267198323,z
1501097,0.43707,1.9467807656250002,0.22785863149939872,z
1617030,0.73681,1.494606417968749,0.2361425328908615,z
1574028,0.65712,1.6143973749999998,0.24510595214044237,z
1387162,0.61809,1.4670261289062492,0.21159631844354884,z
1646092,0.7213,1.0667773559570295,0.22037674442394492,z
1315259,0.22896,1.2481624999999998,0.09304037206907384,z
1303314,0.6062,1.6488646874999997,0.19527421007255952,z
1292336,0.23446,1.156341828125,0.0926129469251212,z
1292033,0.32565,1.259626416015625,0.11274015920675153,z
1295527,0.88568,1.98585675,0.22778777911894618,z
1302346,0.53152,1.591345,0.30081726950733795,z
1295315,0.34934,1.4062652812500003,0.13223823814150948,z
1899053,0.53859,1.286165078125,0.18999258602147553,z
1777122,0.45551,0.8693260898437485,0.17574953452915384,z
1899029,0.62548,1.808981453125,0.20932344406937226,z
1833067,0.55688,1.8706886249999997,0.23695879052659605,z
1335305,0.33501,1.3188438632812503,0.12295043866296591,z
1291794,0.3956,1.45284140625,0.14031460179609193,z
1308453,0.75712,1.4002049999999984,0.2157083431163417,z
1282018,0.4248,1.4092162499999998,0.15878468614663385,z
1289600,0.42019,1.6110280312500005,0.13256393197423838,z
1340253,0.6938,1.76790375,0.60752001476857,z
1333949,0.66047,1.637119640625,0.3773255890107814,z
1332632,0.62383,1.53819833984375,0.20261499055201385,z
1335387,0.60642,1.5662595,0.19013535708143084,z
1263829,0.50128,1.2186171250000006,0.1551983214137529,z
1261587,0.65455,1.9440962499999999,0.24622712261482727,z
1257419,0.40412,1.5116229375,0.19640884230600889,z
1254299,0.49625,1.5336562500000002,0.38381585913356386,z
1246529,0.49797,1.64308584375,0.15989262711203264,z
1625037,0.31956,1.2025521406250002,0.12230153155923174,z
1673097,0.59963,1.1222404218750004,0.2610282590824032,z
1502132,0.80326,1.83425353125,0.23606508522303798,z
1301332,0.46861,1.379116578125,0.15193903345468213,z
1304652,0.5824,1.6154696875,0.230645078028058,z
1292823,0.34672,1.4329942499999997,0.13354363189107107,z
1302359,0.25358,1.316259,0.0765545908083106,z
1295550,0.87345,2.33595796875,2.11756698783542,z
1324582,0.38237,1.3564505624999998,0.142463029563543,z
1310182,0.4972,1.481701640625,0.16272721733168202,z
1810087,0.55997,1.5069553945312497,0.18695743812744192,z
1879412,0.82132,1.6583972343749998,0.2991355828505102,z
1920362,0.39883,1.3966443281249998,0.15317535198436388,z
1847151,0.40786,1.2318775,0.13696125400091053,z
1339002,0.30356,1.1528358750000003,0.10446729448486444,z
1334686,0.6604,1.7285023437500002,0.2506781003779031,z
1278493,0.2734,1.21768875,0.10381646066794599,z
1289288,0.29093,0.9964365937499995,0.13357855115053255,z
1339102,0.64929,2.390181992187503,1.0958644813786331,z
1309051,0.59756,1.5894473906250002,0.2543265887423983,z
1280790,0.63278,1.738655578125,0.2153659220959178,z
1285317,0.56555,1.64321595703125,0.19350121409533572,z
1271436,0.79583,2.1381600937500003,0.3202404153989499,z
1251600,0.55887,1.56374146875,0.17747042605783278,z
1246650,0.91042,1.7663922421875,0.24106236967762357,z
1262736,0.5305,1.512564453125,0.1587203539697661,z
1263062,0.5095,1.9142936523437517,0.26382669108073414,z
1251603,0.63165,1.5602653125,0.2053658178011178,z
1250858,0.85778,1.6284602812500002,0.2638238954726214,z
1262267,0.56332,1.4579791015624997,0.2959528143581076,z
1263580,0.58393,1.2671439999999987,0.237534156797091,z
1248925,0.34408,1.343817484375,0.13635373279225466,z
1632070,0.42627,2.2107184999999983,0.5522409810954715,z
1593067,0.34822,1.38429541796875,0.15956953654433112,z
1291957,0.37244,1.488239625,0.11661424218835846,z
1308357,0.34255,1.3816203027343748,0.13517145572304484,z
1324685,0.54244,1.6002815000000001,0.19161535191021356,z
1304678,0.21927,1.1316349687500002,0.09700212360258094,z
1299327,0.98316,2.051331125,0.2886042849849233,z
1312821,0.66183,1.7267452343750003,0.379299972359086,z
1879188,0.64846,2.030954234375,0.36671440168202674,z
1887027,0.21348,1.3348280000000003,0.10081165869430438,z
1847028,0.58138,1.81148314453125,0.4069919610141623,z
1840041,0.23993,1.0926883124999995,0.09446806144412304,z
1784110,0.46114,1.8081607500000012,0.3112774278969327,z
1811128,0.92613,2.8079363906250023,0.3603139030703561,z
1876421,0.34423,1.1167348251953135,0.136283007574871,z
1901798,0.47697,1.5888966328125,0.21421623621658606,z
1773078,0.27235,1.4562443359375004,0.165228486433711,z
1879532,0.37822,1.6091795234375001,0.19244141990953234,z
1332008,0.61272,1.3355337500000002,0.3832579258034424,z
1334265,0.58646,1.5895585546874997,0.3385146809002758,z
1258061,0.45939,1.2131179374999994,0.16768928393030064,z
1252665,0.97567,1.7271677578124995,0.23398665064064242,z
1643213,0.6559,1.7438696875000002,0.23886573080544024,z
1385187,0.52319,1.763568421875,0.19400553709975804,z
1595110,0.59325,1.414942919921875,0.783676783024779,z
1368530,0.34336,2.224940000000002,0.42942322731870786,z
1431064,0.39596,1.2999877499999999,0.14006395325205273,z
1368482,0.50967,1.3775738749999997,0.25235840590021147,z
1579146,0.80472,1.872397,0.2536839293111285,z
1387101,0.482,1.4912625,0.2739349327918883,z
1310964,0.7521,1.9670060156250004,0.44453628170112885,z
1290394,0.57271,1.52847753125,0.3609168349023117,z
1308314,0.407,1.5213187500000003,0.15494217494341692,z
1311903,0.72049,1.821635994140625,0.21635745072054705,z
1323740,0.77207,1.891130953125,0.22736980510778335,z
1301142,0.71266,1.73406825,0.23421053907817602,z
1318689,0.49392,1.6899970000000004,0.3959192779864011,z
1290593,0.67594,1.7394424140625002,0.2121196019829602,z
1291783,0.39922,1.1543565000000005,0.18066485119909534,z
1318235,0.36101,1.5694146562499998,0.16729121240489755,z
1780045,0.24326,1.484141625,0.12757298906904152,z
1910032,0.66579,1.6735983906249998,0.20875174318972,z
1878148,0.2254,1.3958071875000007,0.0910316300250949,z
1881037,0.76652,1.9857823945312498,0.20941355915114893,z
1341823,0.55093,1.2355944277343744,0.1860040834458602,z
1331513,0.40675,1.35234833984375,0.2330205323899745,z
1338675,0.33153,1.2888794296875,0.1134085629091469,z
1330530,0.33682,1.2718066835937496,0.13820830362887931,z
1255737,0.92049,1.812837533203125,0.22887883267913398,z
1250925,0.55269,1.3683080625000001,0.18958028482182793,z
1250852,0.77796,1.95714503125,0.21629762470245883,z
1250454,0.7888,1.7482724999999997,0.5448376473368257,z
1443078,0.61215,1.621123881835938,0.19738841751056657,z
1430116,1.02222,2.4780094296874986,0.3970450009406257,z
1390343,0.8927,1.6039893164062504,0.22959192739532175,z
1514059,0.5248,1.63082125,0.347232516755665,z
1392400,0.45258,1.6015261914062504,0.1647590041804981,z
1303257,0.77301,1.7840913125,0.21704813409108611,z
1304506,0.75488,1.8124619999999996,0.22431994968303925,z
1302915,0.36022,1.2890209843749998,0.131482519180402,z
1847148,0.5074,1.51682125,0.22688786531681274,z
1834104,0.23972,1.5341535000000002,0.09298239861713785,z
1780122,0.51096,1.3527813749999993,0.16169938998939026,z
1330964,0.4514,1.1786955468750007,0.20009999038918547,z
1340521,0.65415,1.6489807812500001,0.24589833896063337,z
1339176,0.92613,1.9772928281250004,0.3259314058571103,z
1346137,0.36379,1.4575505625000003,0.1290959701054697,z
1336244,0.56608,1.36114375,0.28305458187439386,z
1331925,0.61628,1.6743650625000002,0.2139109424478709,z
1282736,0.37908,1.3402933750000003,0.12782363025350202,z
1261144,0.61126,1.8019677265625003,0.25072905336900153,z
1260645,0.67462,2.362130007812499,0.5599385518191347,z
1263930,0.43631,1.5081255,0.21372423542082694,z
1259771,0.53341,1.9035847578124998,0.25171712549030345,z
1255657,0.59011,1.788563181640625,0.42741991156766823,z
1390173,0.65938,1.787722671875,0.2830575273739726,z
1617068,0.9323,1.686988476562501,0.21740544767776904,z
1444028,0.55484,1.3884235312499995,0.17580240128063282,z
1567044,0.42324,1.42212809375,0.14045318683245167,z
1559048,0.98157,2.1537962988281247,0.35076296960630965,z
1292560,0.22582,1.287111,0.09373073250394083,z
1304991,0.65984,1.696149,0.24559953388635503,z
1321006,0.30348,1.2627462500000002,0.11020405426526254,z
1290948,0.53736,1.2773299687500002,0.18145621970477777,z
1889253,0.53717,1.5608880527343751,0.26834389070622117,z
1916143,0.45481,1.6957629062500001,0.1678869437822333,z
1849244,0.57826,1.5338714374999998,0.17264538784617317,z
1335818,0.62317,1.6840388750000002,0.1985875063193459,z
1335854,0.57927,1.54163895703125,0.17832332156063654,z
1335885,0.39982,1.7454005625000013,0.3370308050266906,z
1343542,0.78644,1.9427535000000002,2.4876761862493657,z
1331344,0.55122,1.4167001406250002,0.213301298712879,z
1338665,0.72199,1.6607786367187498,0.2180599854010646,z
1333489,0.68244,1.5204394296875008,0.2307564460789808,z
1260030,0.45918,1.5743184218750002,0.1888205682481724,z
1265832,0.39978,1.2138717187499999,0.34062660022989955,z
1265990,0.58691,1.1790245390625007,0.30860850759772207,z
1257216,0.65557,1.970516324218751,0.31286120195052836,z
1251618,0.82318,1.984132609375,0.30569319833709746,z
1247022,0.35859,1.4986945937499998,0.2374027797152455,z
1249483,0.28398,1.4404650625000004,0.10878156737438623,z
1255399,0.38239,1.198791328125,0.1278742889439641,z
1536112,0.75956,1.8282928125000002,0.2312828776338892,z
1304501,0.51991,1.2836114921875001,0.15613954973202443,z
1310367,0.23433,1.22275815625,0.10632888004379641,z
1317496,0.64554,1.5414081718749997,0.43539003513919705,z
1305687,0.62859,1.4962670624999999,0.2443943835906865,z
1319776,0.6604,1.496630078125,0.25911032137203865,z
1314071,0.32813,1.1558881406250001,0.1107771214377811,z
1847079,0.33134,1.3105378124999998,0.11230929275339456,z
1850045,0.31413,1.1529437421875,0.10567004638214678,z
1891266,0.70905,1.573193876953125,0.1961851803607165,z
1889226,0.59338,1.7913076718750003,0.211065143673368,z
1901832,0.91849,1.7790997109375,0.24260197762726163,z
1912066,0.87417,2.0700061230468747,0.2642261918388142,z
1936293,0.8324,1.8896625,0.45150484671337165,z
1339703,0.49383,1.5965308125000002,0.24293059208949164,z
1330817,0.27144,1.3220989375000003,0.11691946228095593,z
1250435,0.49418,1.6949604374999998,0.16447807308889403,z
1252199,0.6056,1.66581,0.20511665089139763,z
1260949,0.4167,1.6552147265625,0.24568995099916585,z
1259511,0.32816,1.2710906249999998,0.11081427502639125,z
1258289,0.50629,2.5748144687500023,0.6276102151065325,z
1257496,0.59458,1.3367065156249989,0.22094790228256436,z
1263936,0.49575,1.722449609375,1.4967792511846603,z
1650024,0.31102,1.1246093437499995,0.1152687691488574,z
1371206,0.52839,1.3558490976562498,0.17171136553266528,z
1439028,0.5555,1.656364453125,0.17640147055885322,z
1469040,0.32764,1.3919475625,0.10708286789588564,z
1559124,0.65311,1.5278352578124998,0.24125399269108555,z
1403033,0.47539,1.675950828125,0.26061517061490197,z
1434248,0.23835,1.2112610937500001,0.09475067621971668,z
1370898,0.65193,1.630958232421875,0.24713465265263862,z
1447146,1.00089,2.1572095312500004,0.37528687145153755,z
1299439,0.59271,1.7146518593749998,0.2611706296727401,z
1311755,0.4722,1.48140125,0.16491824012823467,z
1305308,0.69112,1.3958345937499996,0.27744802323025025,z
1295024,0.33494,1.3745710312500001,0.21080329523729724,z
1933196,0.75074,1.7138103281249997,0.2519144762755356,z
1899158,0.64881,1.551233939453125,0.2728617483705043,z
1341426,0.55432,1.7048947500000002,0.22803644953626337,z
1341556,0.71721,1.4911554023437505,0.28060459913472974,z
1336002,0.396,1.4298093749999998,0.13185569482535164,z
1282463,0.64804,1.787093375,0.3703324505675578,z
1339220,0.60052,1.6880484375,0.20366886573498677,z
1283855,0.56651,1.7011319531250002,0.288674433312843,z
1260551,0.55292,1.53957459375,0.18897539893032667,z
1264077,0.56572,1.736970625,0.7002147145708999,z
1260954,0.69994,1.6926355703125,0.2765003983718156,z
1286881,0.52334,1.2162917812499998,0.2555849585386079,z
1256335,0.6207,1.7416194140624999,0.21449065091585034,z
1252142,0.55345,1.4569661914062502,0.20833327984136168,z
1253101,0.4544,2.126491875000002,0.24575976663030452,z
1386047,0.493,1.3786921874999993,0.15589494158496514,z
1564017,0.65916,1.8386862968749997,0.24363210470831295,z
1312818,0.72355,1.5700463281250003,0.22292037490456665,z
1320762,0.51445,1.6138357812500002,0.17573860043844994,z
1315974,0.81246,1.5816545468749998,0.28418658760342225,z
1290967,0.28158,1.097352875,0.1089423978785046,z
1301915,0.62104,1.2271779375,0.4023994195398163,z
1323106,0.34529,1.42516659375,0.24013119969820979,z
1300441,0.4859,1.512599765625,0.16444396379885134,z
1304779,0.5605,1.5207255371093749,0.17511819202642384,z
1795052,0.68058,1.83025665625,0.2175764193700458,z
1921033,0.23797,1.4894326562500004,0.15597647782066723,z
1894320,0.71945,1.4588458593750002,0.3022319795466927,z
1948295,0.78386,1.6981511015625,0.5244632474906102,z
1922405,0.51671,1.6020249375000002,0.16027855557289805,z
1347112,0.79389,1.4799592499999994,0.22788996318324303,z
1333248,0.69519,1.6461884140624998,0.22783785442862645,z
1277716,0.69377,2.1311067070312504,0.39487075824068274,z
1289470,0.61268,1.677565171875,0.20941766438778736,z
1339425,0.53633,1.3754954531250003,0.3048351154978134,z
1281879,0.50657,1.539820470703125,0.15972687892171472,z
1343759,0.50677,1.54914790625,0.16245956608560705,z
1331707,0.65516,1.7172285,0.2427053340012145,z
1251652,0.77295,2.044086689453125,0.259594765802708,z
1258500,0.49502,1.7747522578124997,0.16421222644728112,z
1261784,0.26572,1.2953853124999999,0.11472224616857825,z
1253358,0.71506,1.5355146562499997,0.3066592404825659,z
1257366,0.21182,1.31785425,0.10178592736152665,z
1259330,0.60357,1.7827188359374997,0.3969259599770044,z
1261191,0.66212,2.1344607421874997,0.24859145180350029,z
1252595,0.814,1.4724578125,0.2953578738510514,z
1254108,0.96764,1.6863289687500005,0.24848620449403339,z
1639025,0.6631,1.7462550000000001,0.24426113748544961,z
1519027,0.51525,1.4217306640624994,0.22163724236789156,z
1370247,0.67022,1.8848693671875,0.38695116901609344,z
1618036,0.39319,1.3039387656249999,0.12688900690366747,z
1641279,0.2249,1.4698799999999996,0.08696532009125378,z
1559178,0.43651,0.9584215156249987,0.2306001765382806,z
1373123,0.7002,1.7400484375,0.4347604627496893,z
1319898,0.72925,1.6880452148437497,0.22046714831476105,z
1300390,0.2686,1.062948046874999,0.08344844898725899,z
1309293,0.33521,1.3748490468749999,0.12131476234574994,z
1295027,0.42676,1.457413046875,0.14530351851804751,z
1319667,0.67818,1.9508842500000005,0.2500052300331324,z
1311884,0.68269,1.829925375,0.22095010167977155,z
1294340,0.36186,1.5054936718749998,0.12016955089639329,z
1905127,0.66712,1.8182027500000002,0.3663647574613515,z
1810037,0.49761,1.3946493124999995,0.1932090826591409,z
1896213,0.68757,1.7719485000000001,0.25162066249651954,z
1336359,0.42938,1.572318,0.4622555818227697,z
1346627,0.68257,1.6720539375,0.21541916855993046,z
1338223,0.60072,1.6454276093749998,0.3297036816386099,z
1260459,0.85824,1.92937575,0.257806130151221,z
1253046,0.50192,1.5054401250000002,0.15785569358608023,z
1251552,0.35592,1.3262592500000001,0.13237555235343623,z
1258422,0.52227,1.6887682812500002,0.15606827041672952,z
1249178,0.76649,3.069276375000005,0.9083733824121508,z
1258090,0.36757,1.2863705312499998,0.12479833417141595,z
1590122,0.78017,1.7676531796875001,0.35610800004891024,z
1511024,0.3728,1.4457300000000002,0.26955720773264963,z
1370181,0.69446,1.544043580078125,0.2440298189191707,z
1442085,0.63476,1.4021579179687496,0.23564684114558612,z
1581048,0.40244,1.4966664375,0.14138561692771412,z
1293465,0.4992,1.105659999999999,0.16428426947309513,z
1311921,1.046,1.4609718749999998,0.29360932200964873,z
1320278,0.57622,1.4281415195312501,0.24810931874381822,z
1306059,0.6076,1.6038321875000001,0.18968586606065016,z
1861178,0.29201,1.2738411093749997,0.09085469130844027,z
1878288,0.48501,1.179016728515625,0.2921198607087045,z
1847317,0.81844,1.5684044999999993,0.301302612606028,z
1862183,0.44918,1.51003423828125,0.1779444104448383,z
1790098,0.394,1.3515265625,0.13206743232339502,z
1924103,0.46499,1.3619828906249998,0.16072151054943307,z
1936353,0.6929,1.2643846874999993,0.8854780065080361,z
1943111,0.31615,1.29558515625,0.11845597274984333,z
1330828,0.36807,1.451436765625,0.2304532921537189,z
1339371,0.63699,2.8967049609375053,2.4312316794162414,z
1331130,0.39292,1.460933671875,0.1346368193978453,z
1263788,0.75796,1.5107468750000002,0.2264099557810697,z
1252970,0.4625,1.5624755859375,0.1706399687376986,z
1259561,0.56882,1.7011891875000003,0.2206430157362373,z
1260461,0.86005,1.6667791796874996,0.2550358356162179,z
1249970,0.26866,1.2275276640625001,0.09324737492301957,z
1249209,0.48424,1.7254290000000008,0.5840961868706706,z
1435067,0.39235,1.036648085937498,0.15776473337569824,z
1432027,0.35088,1.4142025,0.13401709295895212,z
1376168,0.49348,1.4958135625,0.23362362908976486,z
1642138,0.66033,1.66033,0.24251099655905964,z
1370944,0.51057,1.4350414999999999,0.16384057002990113,z
1450148,0.44845,1.4883389550781252,0.17079187023091078,z
1297501,0.21541,1.2609878749999999,0.10526800162122042,z
1299643,0.37727,1.5478147617187499,0.12769256919788047,z
1324536,0.58955,1.59886376953125,0.40598436267368937,z
1313698,0.43738,1.7315937187499995,0.1852646378225157,z
1773049,0.35118,1.4192668046875,0.13957866730965857,z
1814082,0.64981,1.7555009531249999,0.2799109853342612,z
1900865,0.45463,1.2750741093750002,0.16088342655559257,z
1904182,0.76798,1.7541676562500002,0.2272038464324043,z
1339909,0.753,1.648915625,0.4665868338528015,z
1277710,0.68245,1.6955941406250001,0.2257735867936848,z
1342707,0.65375,1.8020061035156254,0.8010621349499215,z
1331836,0.35778,1.4341551250000002,0.15394043420064787,z
1286337,0.66422,1.6362663046875003,0.2379968899216993,z
1246717,0.535,1.4261708984374997,0.17127861769206354,z
1258906,0.35013,1.3859928281250002,0.13624021289031713,z
1263856,0.69849,1.6905283281250003,0.31351396314267393,z
1645208,0.69581,1.8779770898437493,0.24190359330947053,z
1389074,0.5039,1.5532467187500003,0.15865109781286746,z
1531112,0.33582,1.2867703593749997,0.11959784762286979,z
1500031,0.36704,1.5678239999999999,0.15857091752415978,z
1600036,0.8153,1.6222470996093745,0.29831357008989273,z
1366187,0.46406,1.3242308320312497,0.17171404704589419,z
1502029,0.51921,1.4687674804687498,0.1676807103242343,z
1299266,0.9144,2.05798,0.25331001857700347,z
1296173,0.65898,1.5708466875,0.2502829645390162,z
1306110,0.60994,1.7860271874999998,0.19730203496717763,z
1317277,0.2381,1.023367031249999,0.08591651102513782,z
1303722,1.02547,2.0302171953125,0.265747057058843,z
1299746,0.36621,1.6255764296875013,0.12629094352190165,z
1302572,0.58858,1.5426601093750003,0.2122598802010997,z
1297061,0.53445,1.6842986328125003,0.2264233310459836,z
1315806,0.6959,1.4746380468749996,0.33107858789690986,z
1315192,0.228,1.3167421875,0.09458076517956825,z
1305626,0.3268,1.34493984375,0.11166787522121828,z
1311247,0.44288,2.227445999999997,0.3861444869323441,z
1878334,0.36142,1.3438704453125,0.13109429852204746,z
1934253,0.538,1.5331937500000001,0.18024512291107717,z
1867019,0.22191,1.2839601171875,0.08362181108919159,z
1330642,0.63521,1.7489081953125003,0.21265501715221458,z
1280762,0.62682,1.5086213593749993,0.23308023091247096,z
1319366,0.23572,1.5929203125,0.08840301533171865,z
1334858,0.628,1.7755375000000004,0.22439434866339023,z
1263715,0.29279,1.5159982734374997,0.09368660216887527,z
1260522,0.74274,1.8142195703125,0.2352677526251267,z
1252513,0.47821,1.3246147421875003,0.21125133403062224,z
1253816,0.90975,1.4623388427734376,0.23776798511749972,z
1252751,0.56173,1.5716433251953128,0.16585791191341914,z
1256028,0.95596,2.225668546875,0.27080292578247134,z
1250279,0.27476,1.2757559062500001,0.10192712132771752,z
1247570,0.5806,1.6571603125000003,0.1780938413616345,z
1262181,0.47001,2.2164994531250004,0.7092400181063057,z
1643313,0.39093,1.439014884765625,0.13254635034187637,z
1495047,0.41152,1.5223463749999997,0.1404605736695598,z
1474020,0.54211,1.5615369716796874,0.19206399341378175,z
1298369,0.47917,1.4525911640625,0.2680117047096088,z
1297927,0.28605,1.5512978125000014,0.12285477278763236,z
1310916,0.67983,1.9173684609375004,0.23018397373460164,z
1324509,0.21105,1.24132625,0.090648474943181,z
1319711,0.2427,1.1902735937500002,0.09102033008832844,z
1309509,0.96373,1.7554672285156245,0.26674949766185657,z
1296161,0.86394,1.8530184765625,0.261163071473828,z
1901059,0.25229,1.3765406484374996,0.07933092514818514,z
1880686,0.31457,1.3104619687499999,0.12367045915592424,z
1876304,0.68356,1.7789178906250003,0.24484798194992466,z
1895233,0.57098,1.687576171875,0.17563453214167132,z
1890212,0.72913,2.003359210937501,0.22170191150567942,z
1337687,0.32917,1.4298961640624999,0.1275824307317251,z
1339702,0.2571,1.1313899999999997,0.1366346007270848,z
1303952,0.56387,1.64633970703125,0.18302868685334495,z
1260113,0.35583,1.1874104921875,0.16615582500080342,z
1260159,0.43153,1.2169402978515613,0.1608538889859266,z
1257905,0.61509,1.6296005742187498,0.2102457954483442,z
1250980,0.82115,1.63334390625,0.29595031498812874,z
1258118,0.62638,1.7051577812500005,0.23839947761347569,z
1250916,0.6708,1.6296826562499995,0.20079831797638434,z
1411114,0.83777,1.7376258925781247,0.22042377366932425,z
1450026,0.35926,1.6183689375,0.16061706661487982,z
1655086,0.42839,1.4919979921875,0.15687000472134827,z
1488098,0.75217,1.840120720703125,0.22888891787436974,z
1309696,0.81086,1.8490578281249999,0.3660681949598891,z
1310294,0.44089,1.6027087011718752,0.2589309449787865,z
1777124,0.30853,1.5007203437499999,0.11519823860316558,z
1879256,0.25028,1.199487375,0.07951412725751696,z
1770680,0.61041,2.093532999999999,0.2789941435536997,z
1292145,0.493,1.9455656249999995,0.2917048907382609,z
1332795,0.68047,1.7648217167968752,0.2982018764095133,z
1337311,0.4225,1.3591542968749997,0.12523821431317614,z
1289306,0.5438,1.083675234375,0.19313170542038868,z
1328105,0.44259,1.73392555859375,0.17019734587118537,z
1340954,0.30566,1.3342213125,0.11607446527569869,z
1255824,0.82,1.4730624999999993,0.30446032168313847,z
1255412,0.37303,1.4293456835937501,0.12346981980942304,z
1259246,0.2233,1.276819375,0.09299839634353685,z
1257016,0.3384,1.1209099999999999,0.12173081614414145,z
1257934,0.29739,1.3541508125000004,0.09955437726450281,z
1263785,1.06498,2.0520738750000005,0.3934837205573915,z
1248936,0.57208,1.48856325,0.2351885053939409,z
1368131,0.308,1.17490078125,0.11666204401535198,z
1372115,0.89915,1.9484833886718753,0.21119573117792856,z
1413048,0.61185,1.5891833593749998,0.4036724845984443,z
1638030,0.37235,1.3680614062499998,0.12554513877891393,z
1490034,0.53058,1.7825876054687502,0.2174811728358591,z
1317372,0.74535,1.86057037109375,0.2360790359595461,z
1318847,0.66107,1.9374824296875,0.32951715912850205,z
1297026,0.25956,1.2123264999999999,0.08471815573555413,z
1311496,0.69188,2.1148499999999997,1.1281122976633562,z
1950043,0.68891,1.7538934511718751,0.2905083322752621,z
1878335,0.565,1.6212421875,0.17681048167287672,z
1916193,0.62696,1.669858359375,0.22279363051796988,z
1338471,0.53228,1.4134684453125,0.22549279527080116,z
1328016,0.35167,1.3594579423828126,0.13808526847987868,z
1335671,0.5248,1.5367125000000001,0.16574940403174762,z
1341502,0.51185,1.3128291210937497,0.16679824948978741,z
1331660,0.72139,1.365680894531251,0.2960725063465315,z
1335675,0.60791,1.6820246015625004,0.18860541248807117,z
1334647,0.74472,1.9996126875000004,0.5211729447180781,z
1332701,0.79232,1.8448293750000002,45.28904939717022,z
1261503,0.35321,1.2887210859374998,0.14002793927394938,z
1257040,0.35277,1.2227772578125002,0.1336752035674555,z
1251436,0.57464,1.5389645625,0.3268553553343529,z
1253572,0.52092,1.9094675312500005,0.7008147113108655,z
1654105,0.56331,1.678115578125,0.17159445110378724,z
1588019,0.68831,1.98376425,0.2568682804248141,z
1599030,0.36872,1.3607001562499998,0.133874215895394,z
1555053,0.73139,1.65902330859375,0.3274691378789066,z
1434258,0.6626,1.7924906250000001,0.24603702900126206,z
1295509,0.68428,1.6448046874999998,0.25122870593485785,z
1294743,0.31363,1.1495545341796873,0.11011447846441114,z
1295800,0.74924,1.6006229296874994,0.2732800464777428,z
1304777,0.40528,1.1725305000000001,0.1464698090720421,z
1299712,0.73129,1.9030664296875002,0.2614550872095679,z
1298266,0.49038,1.499694875,0.22603065202829478,z
1313594,0.2894,1.4304281250000002,0.09648019597584341,z
1306073,0.32964,1.1572023124999997,0.11471443966346384,z
1321973,0.37157,1.1904798984374994,0.14100844769254006,z
1316701,0.36213,1.3195634374999996,0.14997109179207632,z
1297318,0.33529,1.5058524335937509,0.12132203100085862,z
1862039,0.28792,1.016249375,0.10750570616804118,z
1918076,0.37077,1.4350248437500002,0.12717971165587139,z
1849051,0.3065,1.6821187499999999,0.14013186339048583,z
1878719,0.45854,1.3707997031249999,0.1688432165441024,z
1924089,0.46418,1.7936205000000003,0.21931647943886473,z
1283373,0.20797,1.1475715,0.09095774456559615,z
1307830,0.36,1.1560000000000004,0.13141281643460456,z
1340493,0.71784,2.665336125,1.3337661575205542,z
1328089,0.5698,1.4747535156249998,0.17055210900971893,z
1334321,0.80454,1.3946415585937495,0.24633279876035424,z
1289555,0.56289,1.5250387578125002,0.17079692317430986,z
1258940,0.42694,1.445891546875,0.14663681945912257,z
1250803,0.96406,1.8658569999999997,0.3356668794968114,z
1254671,0.47119,1.5342615244140627,0.16248222924556827,z
1255523,0.55665,1.4788175,0.41564995816988803,z
1251022,0.6849,1.9376350000000002,0.3314073691681945,z
1312171,0.50151,1.5108944375000002,0.4654900037791625,z
1250896,0.8812,1.98113875,0.2903972661759609,z
1252926,0.92582,1.5707469375,0.22140489255947973,z
1512101,0.57,1.434311523437499,0.1721525358349443,z
1368188,0.2405,1.2249937499999999,0.08970166698139329,z
1434203,0.3768,1.463925625,0.15371817914936997,z
1644163,0.56317,1.5894263710937497,0.3703001741138679,z
1370320,0.33165,1.4278825195312501,0.1105146628197554,z
1565032,0.46219,1.5530057070312502,0.16666693437425403,z
1370402,0.64833,1.7152934062500003,0.26108619619005635,z
1504096,0.50709,1.6784037460937502,0.3280568640045052,z
1298763,0.61093,1.3579636484375,0.29799093877276805,z
1297490,0.73743,1.5334855800781253,0.23451536096892048,z
1294806,0.52588,1.8036378437500002,0.24598844727869312,z
1302188,0.3495,1.8386937499999996,0.13520644143932803,z
1891261,0.50614,2.005048875000001,0.26695380493721693,z
1891055,0.70781,1.3589097539062491,0.24221754772134899,z
1892217,0.40949,1.4733575156250003,0.14419508120968358,z
1919042,0.34909,1.2057491874999995,0.13951518069144375,z
1337838,0.313,1.8381999999999978,0.2215864956611641,z
1338749,0.85956,1.96270746875,0.26445240299887895,z
1332747,0.34357,1.5199135624999998,0.13171314845752075,z
1338170,0.3878,1.6350018750000004,0.4189284940823316,z
1330533,0.36495,1.2060612890624995,0.1206858186235853,z
1335564,0.6075,1.6049882812499998,0.3145365991324744,z
1323349,0.5061,1.4455030078125,0.16201026248142258,z
1331700,0.36123,1.7610913125000003,0.2925933973193706,z
1302564,0.5284,1.3277975000000002,0.1634549439431975,z
1275873,0.40288,1.2768400000000004,0.2730530352835641,z
1329365,0.6123,1.4534317675781252,0.2002309345482072,z
1249956,0.44737,1.3902667304687504,0.20653860819138617,z
1249090,0.38724,1.019838156249999,0.1258064340422298,z
1256570,0.34601,1.169083294921875,0.1390428726358187,z
1260605,0.55594,1.5955982363281254,0.21200700887602653,z
1256817,0.481,1.4890992187499998,0.18746578542233466,z
1262550,0.29304,1.1839397499999995,0.08684064621228609,z
1256819,0.58701,1.3960728593749994,0.20223158115541207,z
1662023,0.31374,1.2829492187499998,0.11592866489497898,z
1643063,0.57319,1.7378833281250001,4.729698185198692,z
1578063,0.64434,1.9153991718750005,0.43179372603328237,z
1370441,0.93806,2.2681358437500005,0.25160274816922246,z
1645158,0.36097,1.249593744140625,0.128285302637052,z
1647048,0.71023,1.6020045078125003,0.22155796762149346,z
1310303,0.6967,1.6145160937499998,0.2834055451319878,z
1291143,0.47937,1.3741960390624999,0.1961648973679324,z
1319653,0.59613,1.9334371601562494,0.3375701659636819,z
1936171,0.47389,1.1376588437499997,0.1712649653978742,z
1901803,0.50383,1.7646505156250005,0.37538230164809355,z
1934353,0.51441,1.4055617812499999,0.18400419635368404,z
1847216,0.48023,1.4547885468750001,0.19039395304817122,z
1280780,0.68463,1.7872871406249997,0.25446385509241937,z
1335717,0.30528,1.313438,0.11080861616521176,z
1306980,0.54789,1.54728535546875,0.2448082418581355,z
1340700,0.32657,1.1980585312499998,0.1082368987745665,z
1255487,0.45131,1.693950890625,0.23773478651343047,z
1257602,0.52271,1.61312090625,0.16047519396025434,z
1247537,0.45687,1.5934515624999999,0.17321040949609737,z
1260105,0.6955,1.700964013671875,0.23763416971263124,z
1643312,0.34083,1.1328965976562493,0.12691457932031472,z
1371048,0.34489,1.1242439843750005,0.1327467957709359,z
1373040,0.26262,1.4046647500000002,0.08823753532707604,z
1559051,0.70648,2.0344441250000007,0.19982473463229733,z
1598039,0.62354,1.67173884375,0.20280757090765875,z
1581017,0.83888,2.01989475,0.21451996969959558,z
1367331,0.44793,1.3953294179687499,0.17436891890560674,z
1314709,0.66048,2.3350500000000007,0.4213605944874761,z
1293832,0.81398,1.995378,0.2905548621862374,z
1314296,0.70561,1.9747765781250006,0.2544064416780646,z
1326367,0.55856,1.35156375,0.17598421572871617,z
1295685,0.56046,1.6579887500000003,0.21794794851378219,z
1302705,0.79358,1.8048774521484374,0.4413008926885105,z
1306067,0.7228,1.8365317187500003,0.3775169192519985,z
1864084,0.60665,1.7447214843750003,0.19012008413031703,z
1792093,0.27761,1.5970125000000006,0.10102273797265833,z
1929034,0.60889,1.69436228125,0.2609743278796993,z
1340539,0.4482,1.1138694531249995,0.2347983469735319,z
1302550,0.75391,1.8957300664062502,0.22313940566936746,z
1339276,0.96519,2.0511670625,0.26286790673750343,z
1332819,0.34234,1.28151521875,0.1364211133292414,z
1314581,0.57562,1.2408007500000005,0.280530392182513,z
1339217,0.33245,1.29497484375,0.11330757496176912,z
1336150,0.34905,1.4154485546875004,0.22734267187369533,z
1283936,0.3696,1.38458,0.15681925392155316,z
1281668,0.30791,1.3406077500000002,0.11246088203305496,z
1338762,0.42108,1.5831719374999995,0.13193199603808903,z
1330403,0.77713,1.866333595703125,0.5530913279959304,z
1336009,0.3427,1.3668266406249998,0.13448439863224054,z
1262252,0.45401,1.5539731875,0.26637820435412807,z
1531078,0.67847,1.5945464999999999,0.2309330045971476,z
1673068,0.52838,1.4137514999999996,0.17254502436360486,z
1408024,0.4033,1.6488775,0.22014182296194149,z
1501131,0.85389,1.85389,0.38453355185451576,z
1432141,0.566,2.7447820312500033,0.6406124164175323,z
1370906,0.61963,0.8857351562499995,0.23251011033437585,z
1590133,0.69426,2.3031346875,0.41673531898460064,z
1430255,0.65938,1.9886632187500008,0.5166050907651405,z
1309694,0.45456,1.7048465937500004,0.352816146486177,z
1302199,0.87076,2.3296808125000004,0.24549534211281412,z
1291408,0.34818,1.028513882812499,0.14493666103045477,z
1319926,0.564,1.5310093750000002,0.24836437219184976,z
1318266,0.40726,1.332636740234375,0.22753629286511848,z
1302719,0.64645,1.8561151171875006,0.42541820559622523,z
1317526,0.43276,1.29955809375,0.15743608983529883,z
1303197,0.52682,1.4302009218749998,0.17168333375565792,z
1321492,0.55583,1.5266581875,0.2127603652655661,z
1313177,0.6362,1.612551796875,0.20701817413645754,z
1299033,0.69363,1.3431610576171877,0.264187625261607,z
1929022,0.7542,1.4561230468749993,0.3509471145774657,z
1923415,0.36255,1.7053164843750013,0.18664604429954176,z
1879263,0.463,1.574439453125,0.20431260007652197,z
1314317,0.78807,1.3969296874999988,0.23419172373918093,z
1334253,0.62135,1.4693484375000003,0.21508679486851598,z
1334644,0.2891,1.2208683398437497,0.10217479576956053,z
1330903,0.56544,1.3734289999999993,0.275922131303542,z
1338940,0.77404,1.968075625,0.2807836549665652,z
1338233,0.60279,1.394302082031249,0.3314186494903769,z
1282966,0.58072,1.6251777500000002,0.18013901944360705,z
1259500,0.56288,1.5366285,0.168452536850643,z
1249308,0.22896,1.351856,0.1293231325320617,z
1257646,0.84169,2.0143484375000007,0.2196339558309741,z
1255008,0.44489,1.4522273320312498,0.17314195963815684,z
1262803,0.6147,1.488393876953125,0.25763865092388555,z
1643292,0.49292,1.6025563125,0.21506689669525214,z
1366482,0.32206,1.4201816406249996,0.1159733357814799,z
1538019,0.29162,1.6569062812499988,0.23500885834836888,z
1570024,0.55123,1.5566835429687498,0.18739239388295184,z
1531113,0.45817,1.3579208124999997,0.2024693974848255,z
1645195,0.52692,1.703470125,0.26823023083953873,z
1431096,0.47786,1.3318058671875002,0.17643286217910267,z
1644211,0.45849,1.3855655,0.23548965575254013,z
1291155,0.51213,1.1766261562499993,0.2270994627375865,z
1297532,0.86532,1.7888127343750002,0.2566885334566254,z
1297377,0.61044,1.6834130625000001,0.2033772187441235,z
1297353,0.54459,1.7473174375,0.19054296248312988,z
1300703,0.29674,1.1093205468750005,0.09560421440980325,z
1294971,0.58877,1.7723163779296873,0.3517208887616714,z
1315890,0.56815,1.2091906640624992,0.2603648835778203,z
1810306,0.64245,1.670679609375,0.26311982201066675,z
1366280,0.73234,1.5347449687499997,0.21519524512694904,z
1880486,0.63527,1.879602333984375,0.35475867848714343,z
1861474,0.691,1.7015687499999999,0.24579548787793637,z
1861164,0.435,1.5340766601562499,0.1545212274489711,z
1856065,0.79034,2.0567929453125,0.2992699147292457,z
1811099,0.49058,1.5307557890624999,0.24371576614002943,z
1331883,0.62011,1.534990939453125,0.2217065315515971,z
1346628,0.53253,1.3218071250000003,0.19706278830626556,z
1337267,0.45439,1.5464256171875004,0.23546610200208798,z
1302117,0.49349,1.5191593593750001,0.28731724651274443,z
1334597,0.29,1.5117187500000004,0.09575378738652154,z
1289714,0.53638,1.3908440039062504,0.2623935163810529,z
1257605,0.74605,1.907013984375,0.23046630038394333,z
1312164,0.52438,1.2468952031249998,0.8105865195601435,z
1251975,0.44765,1.5799742578124998,0.16892638593477616,z
1255169,1.04763,2.012436359375,0.27128236377264414,z
1262746,0.23176,1.3299158749999997,0.09047329404664403,z
1449074,0.33234,1.2433438515625,0.11492918192672678,z
1509040,0.68629,1.6955118984375002,0.2921288221062996,z
1635042,0.55948,1.8835594375000002,0.2036477948798821,z
1590044,0.63048,1.671242,0.21501919994218457,z
1533035,0.58247,1.3327364531249999,0.25699357965710545,z
1367556,0.45235,1.4557539453125004,0.1723391259187739,z
1318661,0.34498,1.0265323427734383,0.13203417812922733,z
1315191,0.58471,1.9096993554687505,0.5053004574150962,z
1311113,0.61596,1.7422068750000004,0.21845418147687745,z
1297070,0.73135,1.7533300292968748,0.22451285075827085,z
1291254,0.35116,1.4018285000000001,0.14140472675940943,z
1299090,0.68474,1.6689455625000003,0.3947834479615386,z
1791116,0.31286,1.3867083750000002,0.10716604485631982,z
1913214,0.31721,1.0609714921874993,0.11851672428892686,z
1797044,0.46789,1.6697248750000002,0.16025442290893321,z
1770206,0.58524,1.4700624062499998,0.2252767776967188,z
1861210,0.54285,1.4946359375,0.19751479380189157,z
1929216,0.33695,1.4372212500000003,0.12185015742305577,z
1341370,0.41,1.7316562499999995,0.18330964005268613,z
1333246,0.43879,2.0772530625000005,0.5270814712216328,z
1308582,0.36812,1.34353659375,0.12775794533543786,z
1308568,0.64442,1.6816763906249999,0.2508590239714549,z
1339609,1.12212,2.40064825,0.2320938949950306,z
1339227,0.82152,1.6422141250000002,0.3042800059700651,z
1278747,0.32426,0.8307662343750002,0.2256568917280662,z
1308916,0.4382,1.3101103124999995,0.14754574561016892,z
1341271,0.82656,1.5697,0.2787652840958985,z
1255139,0.65054,1.77981080859375,0.24296175950002424,z
1260463,0.62154,1.5810015,0.2127044802125631,z
1592028,0.32608,1.3294469999999998,0.11101844312052417,z
1299258,0.80255,1.8557111425781252,0.26231270621664343,z
1293789,0.42914,1.757395593750001,0.1460471505901871,z
1324544,0.53027,1.7562239296874997,0.3578350566488744,z
1311151,0.6783,1.9274226562500005,0.22937794029558842,z
1305946,0.648,1.72074375,0.4359612782109366,z
1319821,0.30929,1.391120625,0.10797962050510701,z
1883166,0.51473,1.2913664941406247,0.19175631768493273,z
1892149,0.64141,1.6131982656250003,0.25654310076803444,z
1306423,0.44739,0.9294957656249986,0.1884944687110688,z
1306626,0.4214,1.5082941796874998,0.13710785894828997,z
1346149,0.58493,2.51112346875,1.9129358972302575,z
1338649,0.61443,1.6604664804687501,0.3747411021712458,z
1336957,0.83031,1.7101959062499996,0.21767501713263207,z
1337541,1.05561,2.404100132812501,0.3663870132057119,z
1331887,0.78539,1.7435449218749999,0.23721189553140834,z
1260000,0.55172,1.2813812812500003,0.1993680913825845,z
1260889,0.52993,1.4582145312500001,0.1765130745497781,z
1249395,0.55626,1.4638570625000003,0.18954219432640595,z
1250275,0.38423,1.35665354296875,0.12824300229139773,z
1255312,0.35658,1.32054584375,0.12731744552717653,z
1503024,0.27798,1.1576701640624996,0.10618536459501254,z
1500076,0.60024,1.4906923203125,0.30867505220708213,z
1366690,0.27223,1.0774197812499997,0.09935146392821333,z
1574062,0.55144,1.4326578750000003,0.20470177819932575,z
1293006,0.50562,1.4256339374999998,0.207986524590622,z
1313230,0.21883,1.3026245625,0.09669581508536723,z
1318126,0.37397,1.46413678125,0.12766654090342763,z
1305486,0.9004,1.86550984375,0.21884201821736807,z
1291346,0.29876,1.302818625,0.0979072063625492,z
1309492,0.33403,1.3955204453125,0.11465183493589695,z
1318460,0.36704,1.4482079999999997,0.12042007424454275,z
1305785,0.47431,1.5054087265625,0.18489649906343686,z
1322954,0.54385,1.5863661816406247,0.19974408862043283,z
1945116,0.54525,1.3098408203124996,0.19220137681425936,z
1835110,0.34598,1.480578,0.13776628836626909,z
1879483,0.87716,1.68211134375,0.25253589251083225,z
1946322,0.59098,1.4070229374999998,0.21552600831660393,z
1900124,0.68669,2.518175460937499,0.9894964618573454,z
1833321,0.62542,1.9282814609375005,0.32606115051690376,z
1336384,0.58439,1.3801522265625001,0.21408512525529105,z
1254356,0.35238,1.2786858554687501,0.1350937032866522,z
1258330,0.52595,1.4448839062499998,0.15690077921531206,z
1264039,0.42517,1.4808407031250002,0.12535412815068367,z
1248243,0.32489,1.4076956250000001,0.11089146791199227,z
1265169,0.68453,1.312090945312499,0.42821300361565817,z
1261259,0.52786,1.5553137343749999,0.17298888370922275,z
1265426,0.4208,1.3503150000000002,0.13631665106851806,z
1595127,0.56799,1.5937148359374997,0.17081197192541686,z
1574104,0.27399,1.2043186718749999,0.1053691321636436,z
1644061,0.61349,1.5781949062499998,0.20630169708437462,z
1625059,0.59391,1.6972651015625002,0.9557556500549009,z
1547071,0.29961,1.3300696093749997,0.09338846131623929,z
1551083,0.80373,1.6656319218750002,0.24638499193442626,z
1291159,0.54102,1.2785650312500008,0.20510279906313672,z
1308326,0.32717,1.277401125,0.14622600688782678,z
1313057,0.33809,1.4468098125,0.12396705238827974,z
1315947,0.73849,1.7316990234375,0.2310461678827277,z
1315296,0.41363,1.6256744999999997,0.18097583456234081,z
1321338,0.31153,1.5676882031250006,0.12079701302636221,z
1297742,0.46364,1.5751282031250002,0.16435857307510016,z
1293319,0.2979,1.5615359375000009,0.10110246764711232,z
1303663,0.81961,1.8619017167968748,0.6477725708633831,z
1299758,0.47293,1.4694778203125,0.17184376535054474,z
1847165,0.3885,1.5409095703125002,0.13410722137776057,z
1871017,0.3377,1.3656558398437502,0.12169170457989271,z
1776329,0.42548,1.349751375,0.21724621708977152,z
1925122,0.38377,1.3551216367187497,0.15666276418217703,z
1898108,0.51325,1.39916513671875,0.15829651266620984,z
1336008,0.43867,1.5836609609375003,0.15509548390421377,z
1328103,0.57589,1.6362170390625004,0.24913864080244624,z
1337703,0.53281,1.5459825859374998,0.1699414122993179,z
1257129,0.58932,1.7836392031250001,0.31849851471229,z
1255142,0.5779,1.8990273046875,0.422004453619853,z
1255974,0.34358,1.2396624843749997,0.13739984272548228,z
1256701,0.43749,1.1118086718749987,0.2505111142006218,z
1257839,0.64538,1.7186508281250004,0.2516269463717382,z
1703072,0.49475,1.5858363281250005,0.32373349181637556,z
1366175,0.40561,1.15962825,0.18092186927446077,z
1504139,0.55708,1.6179034375,0.17977527770994214,z
1560034,0.26982,1.1160527343749997,0.10010433400359764,z
1432017,0.34627,1.087007847656249,0.1435615215454662,z
1472020,0.53169,1.6346004218750005,0.3477753709347122,z
1560099,0.68072,1.693850625,0.21409342233098164,z
1579110,0.62336,1.7446364062500002,0.4190775510500557,z
1432078,0.54586,1.8966977578125,1.8576948196491818,z
1303215,0.32917,1.5721588906250001,0.17564646687358998,z
1292332,0.27358,1.4098928593750002,0.10286256509962666,z
1314047,0.45813,1.2826987343750003,0.16452448710699671,z
1299190,0.69974,1.9576888242187505,0.23777874654501904,z
1301936,0.34351,1.5111863457031252,0.13172178370090248,z
1301397,0.61076,2.2298958750000004,0.487288257133015,z
1300912,0.33834,1.2923345625,0.12349149114815265,z
1879187,0.59271,1.7196290781249997,0.22244197811327532,z
1876287,0.56558,1.3867002539062503,0.17290928844620565,z
1876308,0.4225,1.388048828125,0.13185236705816727,z
1880429,0.49816,1.6248598593749997,0.23972380378315053,z
1891030,0.61497,1.978022826171876,0.5865469549552811,z
1876462,0.841,1.449967285156249,0.24158710297546798,z
1924188,1.04215,2.1059671874999997,0.3122213571123169,z
1909375,0.33805,1.4802178124999998,0.12500926616829652,z
1910065,0.57988,1.7622450546875004,0.6361441412846888,z
1281691,0.57935,1.54048318359375,0.3840577545693962,z
1283272,0.38405,1.3456642382812498,0.18143806258238468,z
1335472,0.50705,1.70014078125,0.21180578103335412,z
1342906,0.498,1.4511875,0.1530340745558249,z
1251114,0.62692,1.6923781093749999,0.2508251203213851,z
1253997,0.59134,1.58605625390625,0.28631368434610754,z
1265260,0.6044,1.4815631249999996,0.20664329187276442,z
1264049,0.54508,1.8927230000000002,0.2511221298173451,z
1250823,0.66553,1.7462041093749998,0.20761762832934752,z
1257609,0.3344,1.5009393749999997,0.11475462415236447,z
1261163,0.61917,2.2807527421875022,0.3848274221935302,z
1246314,0.38388,1.5741635,0.13842072736850536,z
1250578,0.27962,1.3870880859375003,0.11209371199345908,z
1248677,0.35067,1.5147553007812504,0.1392250833188374,z
1256764,0.55774,1.532183328125,0.3145664776594491,z
1253131,0.40448,0.9107175000000012,0.22585883050771888,z
1514043,0.52831,1.2466770927734383,0.1691844373160728,z
1536026,0.44236,1.5415222499999999,0.1700607693279071,z
1562077,0.47898,1.7932632500000005,0.17295900437927625,z
1294341,0.36897,1.4010552343750002,0.20070806754215115,z
1311631,0.64177,1.5224851484374997,0.27121498050509285,z
1303466,0.65333,1.3866013710937493,0.33763490144454816,z
1292227,0.29279,1.1291712656250001,0.09388345989146818,z
1297157,0.54947,1.8738902812500007,0.18481503246245148,z
1302055,0.54383,1.4367870996093748,0.24405518624132527,z
1291511,0.37325,1.2187593749999994,0.11542121510275391,z
1309323,0.48362,1.6808081660156255,0.3065993896271663,z
1303699,0.79621,1.8407644277343747,0.24588096805835807,z
1311590,0.5604,1.7938504687499999,0.22733351170738714,z
1311001,0.63159,1.707752111328125,0.2121034941412327,z
1900662,0.44894,1.6979765625000007,0.22979207714619715,z
1915067,0.45804,1.50360375,0.16850186386857033,z
1902212,0.28219,1.2596515039062501,0.0976704274037226,z
1876602,0.73117,2.3614240781249993,0.5615809857071865,z
1332614,0.51917,1.5595229531249999,0.16164091409000111,z
1254150,0.70484,1.9818765,0.21485534610627002,z
1255545,0.60314,1.7477983359375,0.2146592734819224,z
1258249,0.62237,1.4414377207031248,0.24401536476176733,z
1264068,0.33147,1.1567145624999997,0.20821311995126018,z
1253243,0.57842,1.3928323359375003,0.21901597518450805,z
1260050,0.27372,1.0866423749999996,0.10171113897662677,z
1420185,0.64519,1.879115453125,0.25697891682580554,z
1430136,0.41337,1.5856244687499998,0.16478845873044423,z
1440057,0.51352,1.5703509023437499,0.15362906442395605,z
1473025,0.64709,1.7924971640625,0.2607861248231447,z
1368143,0.42463,1.5526241015625004,0.13208797573618863,z
1409129,0.79436,2.1742596562500003,0.24125881317901288,z
1575072,0.59156,1.7146572187500002,0.22006202663246383,z
1320501,0.33781,1.46741034375,0.6496065309606918,z
1320009,0.69229,1.7028668125,0.24664284611622514,z
1302027,0.74959,1.4335019628906251,0.2569800846166723,z
1316626,0.61667,1.6520346562500001,0.21156489271104467,z
1929024,0.31613,1.3901623124999998,0.11108734895832188,z
1899442,0.432,1.3738249999999999,0.15653908729385577,z
1878692,0.886,1.6384625000000002,0.22694211747218254,z
1880545,0.55227,1.67293473828125,0.25986178692845335,z
1776304,0.45517,1.4187907499999999,0.254247327751852,z
1899065,0.54877,2.148918375000001,0.47705700691496866,z
1839117,0.608,1.9082437500000005,0.1896257885168339,z
1307277,0.41216,1.350378,0.17538750751290533,z
1281135,0.65254,1.8171484765625001,0.25282266917654184,z
1308529,0.72352,1.8958720000000002,0.2264359899839392,z
1258309,0.47736,1.9263389375000002,0.316228922921555,z
1249137,0.22397,1.1818960312499998,0.0881039412628729,z
1287883,0.65842,1.4796215937500006,0.26933364532364484,z
1259352,0.22034,1.23750103125,0.09784618994315815,z
1641368,0.60833,1.6874899921875002,0.19308551925876088,z
1646094,0.59293,1.2746551191406241,0.392975071384245,z
1595028,0.46641,1.523691640625,0.2834276830039804,z
1484053,0.46427,1.6049771953124998,0.18834567218885034,z
1319058,0.66951,2.4990477812499985,2.185776938361238,z
1322975,0.84705,1.8701381249999995,0.27020681549593967,z
1309551,0.65259,1.7268274414062499,0.37079248126254394,z
1320447,0.58009,1.5103438398437499,0.27422258185923376,z
1322819,0.33807,1.3866795742187505,0.3058518885862944,z
1312897,0.28683,1.1862964062499997,0.10525079917920437,z
1305219,0.61748,1.71225421875,0.3120311670457788,z
1936215,0.61124,1.68047296875,0.8246407806930827,z
1904287,0.69973,1.7355836796875,0.24279984554185136,z
1849276,0.61542,1.6684259687500003,0.21835029507726333,z
1915184,0.52582,1.602111,0.16152423518777204,z
1338128,0.3128,1.23921140625,0.11911725422341501,z
1291788,0.3845,1.4201941406250003,0.1522908067588497,z
1250950,0.70234,1.5321060000000002,0.24255978673516176,z
1262135,0.38378,1.3691854453124999,0.14562872946236585,z
1262084,0.45416,1.3835111132812496,0.188449454090904,z
1264499,0.44958,1.1800487187500002,0.1638474961740155,z
1257356,0.33307,1.37629062890625,0.11301198423015338,z
1260568,0.53864,1.19184496875,0.18443883643780873,z
1250397,0.64442,1.6110177187499999,0.2513797264614446,z
1367571,0.43428,1.4017845937499998,0.15567201013264953,z
1575019,0.65338,1.5965450624999997,0.24492456385178324,z
1371126,0.21648,1.246892,0.10728682057419096,z
1400026,0.71027,1.5816657128906253,0.19101053857394168,z
1456020,0.8834,1.5887508984374996,0.22076647798309493,z
1547086,0.27627,1.366007734375,0.10963740575494958,z
1548070,0.67716,1.3340300976562505,0.2252063057172746,z
1298079,0.26136,1.3007775,0.09270664751313029,z
1310432,0.29574,1.2147562499999998,0.11719503514649153,z
1290007,0.4317,1.4943368750000001,0.15250181708989577,z
1310396,0.32358,1.784764906250001,0.1105192402005328,z
1310485,0.43429,1.4494172773437501,0.19570063222104467,z
1901375,1.033,2.2359029296875006,0.30752689852059234,z
1848092,0.58883,1.6040355996093751,0.2996396502723536,z
1900856,0.72477,1.83458933984375,0.4870579771256432,z
1345458,0.56932,1.4975971718749999,0.17034177397138467,z
1332709,0.69431,1.6512904101562498,0.4467831436257744,z
1307843,0.9222,2.4327843750000007,0.4227768697870156,z
1343533,0.36947,1.23680259375,0.21658209689530114,z
1256823,0.44199,1.6211121953125,0.1724358939270614,z
1249304,0.63802,1.4654200410156246,0.2339261468229471,z
1254670,0.5055,1.3120197265625009,0.15693657671853575,z
1466032,0.57717,1.60982234765625,0.20842783074460322,z
1549078,0.60616,1.2391273437499999,0.43468791634751125,z
1488029,0.47938,1.6163382265625,0.16697484328172887,z
1636043,0.54055,1.80954447265625,0.31392734264019784,z
1620051,0.38353,1.3921770625,0.1251976622414297,z
1574019,0.60551,1.6462749023437502,0.19670483078201967,z
1701088,0.72463,1.7138510624999999,0.2544141268236924,z
1435033,0.58096,1.5692263125,0.3712083482464261,z
1551108,0.868,1.7578171874999995,0.25206034075873807,z
1315795,0.37862,1.179366328125,0.12828017786753898,z
1295249,0.53309,1.3498378359375003,0.21350765021176116,z
1290043,0.73556,1.7399666953125,0.24107019917247338,z
1305350,0.49382,1.8194260781250002,0.5587149653849973,z
1324562,0.35349,1.4872528789062502,0.23056512543635102,z
1295285,0.52634,1.4476380937500002,0.1684858673223825,z
1316831,0.43966,1.2923197968749995,0.1807307678701914,z
1864046,0.74939,2.02204883203125,0.24419020531489194,z
1904300,0.91159,2.063546470703124,0.2952880398177717,z
1880304,0.44469,1.5981883125,0.32863559523070357,z
1861451,0.7819,1.7352643359374997,0.21315128054583848,z
1923060,0.38361,1.4425215195312504,0.12634327506791052,z
1898252,0.74631,1.9700559687500003,0.3492659791427842,z
1904293,0.44682,1.4747956210937496,0.17877294917941808,z
1338266,0.6498,1.4796643749999998,0.25026431441679226,z
1339327,0.77378,2.01490321875,0.6722566496027681,z
1341857,0.50373,1.5906643906250002,0.5911653403610725,z
1280807,0.73965,1.9856473828125005,0.23111613956933447,z
1263090,0.65341,1.5610515507812497,0.23903088137866466,z
1251645,0.7682,1.99060640625,0.2276831955212994,z
1261173,0.47431,1.46970278125,0.17634100408642508,z
1251126,0.59845,1.9006569531250013,0.23704815709652544,z
1596033,0.47043,1.5726708359375001,0.4147987255593932,z
1536021,0.53524,1.42969225,0.1877603179190513,z
1569050,0.33086,1.3636116328125,0.1381509112778119,z
1551020,0.46394,1.6583695312499998,0.19956673397161773,z
1531033,0.61002,1.5018467812499998,0.3517590757503531,z
1300160,0.41029,1.4378347265625002,0.14402277551632678,z
1295079,0.54562,1.60358075,0.2442404769457343,z
1299785,0.38182,1.2436379999999998,0.1474909911101214,z
1320126,0.52795,1.5488399414062504,0.3540560424699224,z
1896254,0.55339,1.7681947109375002,0.19376173403759708,z
1833564,0.65526,2.2048580468750014,0.24249776528835842,z
1912110,0.53873,1.7695395000000005,0.18361302538755223,z
1901115,0.29979,1.2297231953125003,0.09081995838324411,z
1306360,0.45534,1.37120315625,0.18101492182809745,z
1342810,0.70232,1.787436,1.8530016728839556,z
1338485,0.58582,1.9451073437500006,0.41099523760101747,z
1319066,0.33449,1.4981735390625,0.11673516665548914,z
1256432,0.51183,1.6376189804687507,0.4237498299466126,z
1255382,0.58171,1.8387378750000005,0.23769309867892136,z
1251536,0.52851,1.464025984375,0.34220856640169023,z
1261233,0.53225,1.3993751953125002,0.16465541131543393,z
1261236,0.5985,1.6028708984375002,0.22302460001210198,z
1260556,0.27487,1.6015554374999994,0.1661628415433856,z
1264948,0.50502,1.6972627890625005,0.24366006769391094,z
1253475,0.45532,2.069283125000001,0.5209456738660446,z
1434262,0.79106,1.9645689374999997,0.23898507802472838,z
1450127,0.60139,1.5607297070312498,0.21450058063916227,z
1290176,0.79602,1.954574890625,0.2424093823521671,z
1313026,0.53752,1.6011829375,0.2099345684947755,z
1302353,0.57305,1.4501554687499998,0.22007638888043346,z
1289913,0.38598,1.2733691249999999,0.12223643614265164,z
1295291,0.86329,1.8006951015625,0.2534111892000009,z
1303140,0.49718,1.2322493203124996,0.22021081072124463,z
1305835,0.34291,1.0271163203125004,0.204700177675819,z
1313434,0.69194,1.8142091015625,0.26391581306655587,z
1880513,0.64577,1.8347763984375,0.2513354100289791,z
1923155,0.39257,1.4437034296875,0.13748899879658824,z
1879426,0.2299,1.3221425,0.09551305786503925,z
1340132,0.61054,1.8521209999999995,0.39432770843994824,z
1306991,0.42306,1.087306781250001,0.2099546291626508,z
1336687,0.2348,1.250235,0.09265370639157496,z
1279500,0.23568,1.3244945,0.09148239098804468,z
1341423,0.59825,1.582173852539062,0.21980575058216928,z
1340706,0.29425,1.3569402343749997,0.0948067413343233,z
1314554,0.35253,1.274336859375,0.13428460232494766,z
1261579,0.3232,1.265826875,0.11869960456298574,z
1257533,0.23003,1.3069068750000001,0.09429196192825359,z
1265136,1.05386,1.9900780195312504,0.2856273238822851,z
1254762,0.39875,1.1878447265625,0.14384599757218755,z
1594042,0.62112,1.5122009999999997,0.21468014014164588,z
1699061,0.53629,1.0754029999999997,0.24469476711579607,z
1642117,0.81384,1.8301362187499999,0.31847891211000107,z
1531108,0.345,1.350844970703125,0.132824175997951,z
1487043,0.69363,1.7452327890625,0.25138820045216387,z
1643338,0.56915,1.4900795507812499,0.17330955370462567,z
1302418,0.47885,1.3413631640625003,0.176111138954553,z
1315950,0.36,1.1269140625,0.12995610443014463,z
1318304,0.39869,1.4249154375,0.1454539216833875,z
1309982,1.0822,1.87886015625,0.31605948346929646,z
1290323,0.59969,1.6196861249999999,0.2082081107551911,z
1297063,0.4357,1.4536462499999998,0.1539295037563194,z
1908380,0.4377,0.9611810742187517,0.15559565632652334,z
1916124,0.4319,1.5613862695312504,0.15641261370510318,z
1896244,0.59211,1.6207182265624998,0.31843375110520034,z
1817269,0.5307,1.5617923437499999,0.15973053182945798,z
1826039,0.83988,1.9207341015625001,0.22033939242012682,z
1901899,0.98922,2.0024296640625003,0.26960954967982087,z
1281886,0.38493,1.471488125,0.13044613881334444,z
1341743,0.68487,1.7138287031250004,0.25952408245132724,z
1309013,0.21358,1.1519528906249996,0.10694525642212135,z
1339232,0.96937,2.3370883046875006,0.4207163521852826,z
1252917,0.6941,1.6815266015625,0.40653534985390954,z
1260058,0.3905,1.2362414062499996,0.1343793358820735,z
1255470,0.46997,1.2437324296874994,0.1728363163805953,z
1252939,0.668,1.7123062500000004,0.19850860344411297,z
1252620,0.95453,1.5699227783203116,0.276121476715658,z
1255576,0.28112,1.2220683749999997,0.1065545489047058,z
1246275,0.24651,1.3107831718750003,0.09685903379848679,z
1368111,0.55205,1.56963181640625,0.19295364559271128,z
1367180,0.80489,1.7513073281249993,0.25370261437214847,z
1431108,0.61115,1.8062501953125003,0.20210777237058786,z
1566028,0.32165,1.3923789257812498,0.12036875035011091,z
1433108,0.68403,1.903414376953125,0.378193473621756,z
1294667,0.6295,1.7733542968749998,0.22518068456725926,z
1302073,0.589,1.82735,0.3549263452247187,z
1309215,0.77536,1.71988,0.21426937575745922,z
1310475,0.66511,1.4155061083984362,0.21546327450420205,z
1310236,0.69211,1.7112784335937499,0.2529387522940997,z
1897267,0.31971,1.4846737500000002,0.12460494628269846,z
1783052,0.4796,1.5535800000000002,0.18211578940891807,z
1837096,0.37987,1.1233004218749985,0.12230475576060802,z
1891082,0.55,1.7050000000000003,0.34535009725299215,z
1879313,0.61028,1.2690390234375006,0.23779257921400446,z
1889022,0.5124,1.5429729296874997,0.23111271986419182,z
1876204,0.51067,1.54902685546875,0.15837085533374878,z
1314847,0.52173,1.3279471953125,0.1575765372345795,z
1302523,0.42505,1.4161434375,0.12380260921548494,z
1275946,0.233,1.5643687500000003,0.09284597764449498,z
1279501,0.56655,1.5319757519531252,0.17705135186177082,z
1336464,0.38834,1.55971321875,0.16783159467411482,z
1280792,0.68123,1.6352588671875,0.2175519622941329,z
1335259,0.72764,1.4452113515624994,0.28535620488374636,z
1277715,0.34655,1.47647103515625,0.13150835015299653,z
1246527,0.32184,1.3228726874999999,0.11041089552712288,z
1262588,0.40759,1.0336989062499997,0.3559099450071854,z
1253857,0.858,2.0254740234375,0.2731298014422699,z
1248039,0.22666,1.165327,0.0869558824506721,z
1250532,0.52893,1.61552955078125,0.23259364632940877,z
1263125,1.02947,2.7001464140625,0.45447432340764204,z
1264375,0.4969,1.355396171875,0.15870793454502996,z
1252521,0.43376,1.6757070000000003,0.29175793376735054,z
1264512,0.36136,1.3953939999999998,0.2654281780078787,z
1641288,0.54642,1.2890860468750007,0.2420900593916792,z
1534078,0.61356,1.6337294999999998,0.2126935521279481,z
1368133,0.2772,1.28119125,0.11226954219656375,z
1528034,0.64009,1.3460269882812501,0.33702278649822753,z
1644180,0.6122,1.7117029687500003,0.20113898892218177,z
1508029,0.8535,1.83322734375,0.21315531961534975,z
1370135,0.51724,1.5122022890625,0.2782726589047625,z
1305051,0.2998,1.214500625,0.09557470392907903,z
1315818,0.55274,1.4599395234374997,0.19224785463382618,z
1317724,0.4689,1.61579,0.1505620488277442,z
1315197,0.2091,1.1505342187499998,0.09492747533240199,z
1302648,0.23259,1.2210344687499999,0.08642659416830459,z
1301963,0.41577,1.329496515625,0.14909540483943562,z
1295592,0.35684,1.335639375,0.12954943455722026,z
1891070,0.79478,1.79197565625,0.3025487839838529,z
1942106,0.56638,2.72403271875,0.9973308279546873,z
1901257,0.521,1.2001640624999992,0.2301186069823985,z
1330339,0.57968,1.6080648750000002,0.3528405211141628,z
1330350,0.76374,1.8388367421875,0.20746695725185252,z
1306986,0.44916,1.0166763124999991,0.19916399703525142,z
1279714,0.70074,1.7053904609375001,0.24710567296271652,z
1335432,0.42751,1.2814132734375001,0.14915763189756606,z
1334581,0.82885,1.8159908984375002,0.2710831902336637,z
1319539,0.37277,1.424248875,0.11605934554643736,z
1341227,0.83108,1.717352765625,0.2166636458564663,z
1254070,0.49305,1.4603895312499997,0.17632000024182937,z
1250357,0.35941,1.336045140625,0.1268685486011808,z
1262016,0.46812,1.5690532499999996,0.16329294549120668,z
1536028,0.45221,1.2706837499999997,0.15977690462466695,z
1449102,0.69896,1.8416460937499997,0.23460695277899396,z
1602033,0.61096,1.7833830625,0.20757250638989286,z
1535064,0.8022,1.790232265625,0.25579504876846026,z
1301933,0.33065,1.4730711328125001,0.1128233245084296,z
1302185,0.73783,1.6387193828125,0.2452867761082072,z
1293921,0.50552,1.6666576875000003,0.1558271964485545,z
1297465,0.27836,1.6768487812500004,0.10926806435638502,z
1309376,0.74073,1.4806404589843747,0.31908954156599495,z
1317956,0.87068,1.94813784375,0.35439636080154713,z
1332689,0.48824,1.2603532499999992,0.18760066693650776,z
1335756,0.45038,1.30845805078125,0.20742479586581827,z
1340460,0.63843,1.313304046875001,0.2229493660331175,z
1278602,0.34896,1.315236,0.1416250956310379,z
1284601,0.40563,1.4407707500000002,0.14870826700137074,z
1253148,0.43972,1.40710134375,0.15984016686545127,z
1263197,0.33826,1.1788188671875002,0.12264200650763346,z
1252183,0.97319,2.2707100546875,0.297852014361101,z
1263139,0.72801,1.64768453515625,0.25963272791847053,z
1263852,0.66144,1.3784760000000005,0.24840995608582858,z
1636093,0.47891,2.0658524062500003,0.7859086256080614,z
1645125,0.44537,1.6079741250000001,0.18666968256708322,z
1433226,0.5975,1.8720703125000004,1.1491580307777394,z
1537077,0.74518,1.5553235039062507,0.2400507092991907,z
1645092,0.51459,0.7525619062500001,0.39136681812730406,z
1699105,0.46642,1.8971808749999994,0.3343749204592212,z
1431163,0.36812,1.4750043749999997,0.1558360866929728,z
1563063,0.71612,1.8032667187500002,0.3014016790630531,z
1267094,0.6238,2.2136960937500003,1.6866416168325704,z
1303753,0.65363,1.8034902187500004,0.23783184042423128,z
1293046,0.60863,1.4270307539062503,0.1977934928442977,z
1296919,0.67832,1.709460703125,0.23172338849549082,z
1322912,0.65953,1.267984640624999,0.331802584449049,z
1304362,0.76303,2.1259662539062516,0.6143255571409704,z
1876301,0.60195,1.314725371093749,0.26342138110187613,z
1901241,0.68264,2.05006021875,0.2983023592851545,z
1331993,0.721,2.089401562500001,0.25748271443367376,z
1334448,0.51812,1.1717988750000015,0.21392720580859076,z
1315570,0.61334,1.8244606640625003,0.21149058209693944,z
1329795,0.52669,1.5410027187499997,0.2968446430308449,z
1337549,0.74939,1.6482533906249999,0.4533476515269931,z
1338430,0.5183,1.5556644140625,0.19420572710896636,z
1265089,0.44588,1.2899960625000002,0.3752983181342468,z
1255423,0.66801,1.780079421875,0.20964684636373193,z
1264606,0.68176,1.9248268750000008,0.23270406617521275,z
1252364,0.54251,1.7356250214843754,0.272013182550448,z
1261963,0.28053,1.1444736875000001,0.137991426822943,z
1500086,0.64266,1.4957189296875,0.2604848015904734,z
1644290,0.53786,1.6934481796875005,0.26509888468673315,z
1533036,0.65446,1.7804833203125003,0.30915929625000516,z
1531089,0.29241,1.2192070898437501,0.09178149096350345,z
1480038,0.3353,1.4151050390624997,0.16576610981593023,z
1433114,0.68506,2.1010591874999998,0.25187413381382284,z
1721068,0.29425,1.278071875,0.0944539034777507,z
1291242,0.28008,1.3160822499999998,0.11280067215723089,z
1300084,0.61958,1.7109976992187501,0.24259611303684794,z
1296671,0.64986,2.3504060234375013,0.528309557878205,z
1319840,0.49025,1.6324349853515627,0.15583122183479794,z
1300025,0.41459,1.6466711718750005,0.1552778572118871,z
1892103,0.26685,1.3178209179687501,0.10096085826757026,z
1770254,0.7362,1.4391470312499997,0.23327543028235725,z
1883111,0.43385,1.1650031250000004,0.18262016052920313,z
1904061,0.6247,1.9893055273437503,0.24665017860670335,z
1915087,0.56216,1.7818387500000004,0.3825076859054825,z
1904152,0.4414,1.3327319531250001,0.1639065835881012,z
1898053,0.81614,0.9431867695312499,0.6511624874354528,z
1922297,0.43327,1.39743825,0.15702587144083202,z
1904352,0.64396,1.4461710624999997,0.2356947092345978,z
1317783,0.39534,1.5656695898437503,0.14564345951372526,z
1296963,0.48917,1.1517799218750013,0.23934024895828726,z
1246626,0.39392,1.2354705000000006,0.13477816673038012,z
1250120,0.69207,1.718839076171875,0.2856697439061092,z
1252313,0.59808,1.668308125,0.21008113789578975,z
1249245,0.36932,1.403553,0.1281409321490273,z
1246281,0.336,1.290596875,0.11964371057373535,z
1246758,0.53249,1.4268319980468749,0.16874584849438753,z
1392367,0.59463,1.56659939453125,0.2533186178587178,z
1395159,0.95845,1.8605275,0.36314178158946314,z
1532056,0.47379,1.4634274140625,0.17139168840202795,z
1644213,0.54622,1.2261041406249995,0.2086406426824991,z
1642178,0.6874,1.5562310156249994,0.2546867597508201,z
1479130,0.8639,1.7224693066406251,0.26732715663945544,z
1366475,0.45596,1.4161485937500002,0.1655778367987747,z
1537020,0.40697,1.4696241328125002,0.18292810348888608,z
1320843,0.60989,1.8658373554687504,0.5684405766334883,z
1315910,0.39468,1.2840862343749997,0.14049027600047395,z
1305409,0.62066,1.9458998730468746,0.35944930876199815,z
1300516,0.31151,1.29921459375,0.10861800684014848,z
1300777,0.8183,1.6705631250000001,0.29990426235800377,z
1321261,0.59069,1.8392353125000005,0.447944316202043,z
1936125,0.89603,1.6119958183593757,0.21801169153265637,z
1896164,0.42181,1.4929005000000002,0.12752345176517896,z
1773237,0.3929,1.27102125,0.13403412110981908,z
1895036,0.45302,1.7481646875,0.236248162639296,z
1330995,0.71965,1.6343392382812498,0.3468297837406579,z
1306736,0.552,1.2804000000000004,0.18926880346501432,z
1304183,0.63618,1.62851040625,0.21574958492175075,z
1318052,0.48127,1.57905696484375,0.17067891392759882,z
1332392,0.51318,1.4373732285156249,0.16403376559006738,z
1263369,0.31343,1.5124967343750002,0.16342771966157324,z
1265040,0.431,1.6026082031250002,0.23369977289477706,z
1265231,0.68533,1.6366134296875001,0.25517917720161304,z
1257022,0.38786,1.2187145624999998,0.12529790991892292,z
1262895,0.70615,1.5778555175781248,0.20856509099868883,z
