model,galaxy,r_kpc,stellar_surface_density_Msun_pc2,observed_kms,predicted_kms
ordinary,UGC08699,0.22,12651.755,152.0,133.52916190855092
ordinary,UGC08699,0.43,5966.928999999999,167.0,196.7983967160302
ordinary,UGC08699,0.65,2406.9629999999997,179.0,214.72662089270625
ordinary,UGC08699,0.87,1168.105,188.0,212.03784669251857
ordinary,UGC08699,1.08,684.9019999999999,195.0,204.55130620458036
ordinary,UGC08699,1.31,413.678,199.0,196.37377594780827
ordinary,UGC08699,1.52,293.64300000000003,202.0,188.56346499255892
ordinary,UGC08699,1.73,248.097,202.0,181.61148889869273
ordinary,UGC08699,1.96,216.685,202.0,175.71175680642432
ordinary,UGC08699,2.17,187.292,200.0,171.58707346417444
ordinary,UGC08699,2.39,152.515,196.0,167.64696439243986
ordinary,UGC08699,2.6,121.735,193.0,164.13689094776956
ordinary,UGC08699,2.83,95.305,189.0,159.8005925520929
ordinary,UGC08699,3.04,77.75,184.0,155.6926461975645
ordinary,UGC08699,5.87,42.825,170.0,124.78587828756906
ordinary,UGC08699,6.08,41.665,172.0,124.28551424039729
ordinary,UGC08699,6.3,40.295,174.0,123.8657442556254
ordinary,UGC08699,6.52,38.805,176.0,123.53587899877508
ordinary,UGC08699,6.74,37.175,178.0,123.22593286317617
ordinary,UGC08699,6.95,35.865,180.0,122.96105155698696
ordinary,UGC08699,7.16,34.89,182.0,122.83191083753441
ordinary,UGC08699,7.39,34.04,183.0,122.83849710086818
ordinary,UGC08699,7.6,33.115,184.0,123.115252629396
ordinary,UGC08699,7.82,31.685,185.0,123.4839988824463
ordinary,UGC08699,8.03,30.14,186.0,123.9112351645322
ordinary,UGC08699,8.26,28.225,187.0,124.40080365496036
ordinary,UGC08699,8.47,26.02,187.0,124.8256168420569
ordinary,UGC08699,8.68,23.51,188.0,125.0905744650651
ordinary,UGC08699,8.91,20.42,188.0,125.13635802595503
ordinary,UGC08699,9.53,13.39,187.0,123.57099101326331
ordinary,UGC08699,9.78,11.165,187.0,122.59705979345507
ordinary,UGC08699,9.99,9.475,186.0,121.63308974123777
ordinary,UGC08699,10.21,8.075,186.0,120.46589994683143
ordinary,UGC08699,11.46,3.88,182.0,113.98618394349378
ordinary,UGC08699,13.39,2.1,177.0,106.24329498843679
ordinary,UGC08699,15.21,1.3,175.0,100.61810910566744
ordinary,UGC08699,17.13,0.78,177.0,95.34181454115502
ordinary,UGC08699,19.06,0.515,180.0,90.9144588060667
ordinary,UGC08699,20.99,0.395,181.0,87.14639223743
ordinary,UGC08699,22.92,0.25,182.0,83.5080524260984
ordinary,UGC08699,25.7,0.09,183.0,78.29467204095053
ordinary,UGC02885,1.7,1261.373,305.0,231.79776092533766
ordinary,UGC02885,3.41,440.764,257.0,225.37502141985476
ordinary,UGC02885,6.82,181.567,256.0,214.360602653566
ordinary,UGC02885,13.67,62.625,271.0,201.8262916470498
ordinary,UGC02885,19.49,30.74,282.0,190.95204693849186
ordinary,UGC02885,23.36,23.68,287.0,188.79035788408262
ordinary,UGC02885,27.24,15.375,283.0,184.7865024291547
ordinary,UGC02885,31.22,9.245,280.0,178.20840782634247
ordinary,UGC02885,35.1,6.995,280.0,172.54446232783016
ordinary,UGC02885,38.97,4.93,281.0,169.55691634374577
ordinary,UGC02885,42.85,3.32,282.0,166.36918954542034
ordinary,UGC02885,46.73,2.615,287.0,158.90063319571763
ordinary,UGC02885,50.71,2.395,292.0,157.92953992208044
ordinary,UGC02885,54.57999999999999,1.73,298.0,158.86034187297975
ordinary,UGC02885,58.459999999999994,0.97,298.0,157.28934429897024
ordinary,UGC02885,62.34,0.69,298.0,153.04925883518678
ordinary,UGC02885,66.21,0.5,298.0,149.4264237007632
ordinary,UGC02885,70.19,0.355,298.0,148.2354401956563
ordinary,UGC02885,74.07,0.0,298.0,145.34132612577883
ordinary,UGC07151,0.5,83.79,24.2,17.521756475878778
ordinary,UGC07151,1.0,50.585,42.0,27.139018957950565
ordinary,UGC07151,1.5,33.555,59.4,31.914014946414998
ordinary,UGC07151,2.0,17.635,63.9,35.87588605177578
ordinary,UGC07151,2.49,12.45,66.0,37.95185502712614
ordinary,UGC07151,3.0,9.12,67.2,39.1456089491529
ordinary,UGC07151,3.49,6.53,68.7,38.65849583209363
ordinary,UGC07151,4.0,6.065,71.3,40.98364551867001
ordinary,UGC07151,4.49,5.505,72.5,41.73723517436199
ordinary,UGC07151,5.01,3.865,74.0,42.79723881280193
ordinary,UGC07151,5.5,2.5,76.2,44.10468002377979
ordinary,NGC3877,0.87,376.865,37.8,72.0329677994736
ordinary,NGC3877,1.74,236.53,80.1,81.30313770082924
ordinary,NGC3877,2.61,184.11,121.0,86.2670273047588
ordinary,NGC3877,3.5000000000000004,158.68,142.0,94.26000954805808
ordinary,NGC3877,4.37,144.745,153.0,102.80017217884414
ordinary,NGC3877,5.24,135.915,160.0,114.544629293564
ordinary,NGC3877,6.110000000000001,118.3,162.0,130.13649199974617
ordinary,NGC3877,6.98,86.6,167.0,139.15884646690628
ordinary,NGC3877,7.85,66.025,169.0,142.4248071790866
ordinary,NGC3877,8.72,50.62,171.0,144.80781297982512
ordinary,NGC3877,9.6,33.495,171.0,145.66874029797881
ordinary,NGC3877,10.47,21.67,170.0,141.20598305312706
ordinary,NGC3877,11.35,15.525,169.0,137.54784494858507
ordinary,NGC6946,0.19,4341.86,153.0,195.84783846139328
ordinary,NGC6946,0.56,1013.0559999999999,130.0,147.7978600318692
ordinary,NGC6946,0.94,556.168,128.0,131.8595839141016
ordinary,NGC6946,1.22,492.562,134.0,127.14982213908127
ordinary,NGC6946,1.59,401.215,129.0,126.48103585122948
ordinary,NGC6946,1.96,339.7,131.0,126.23171637904635
ordinary,NGC6946,2.34,320.63,138.0,129.45871569732182
ordinary,NGC6946,2.71,264.905,139.0,135.94058157886482
ordinary,NGC6946,2.99,235.81,143.0,136.8080153719072
ordinary,NGC6946,3.37,202.225,146.0,139.30966395049555
ordinary,NGC6946,3.74,174.44,154.0,140.53349308972577
ordinary,NGC6946,4.12,159.685,161.0,141.8531541066324
ordinary,NGC6946,4.4,150.01,167.0,143.7084118971468
ordinary,NGC6946,4.77,133.935,173.0,146.48011407696268
ordinary,NGC6946,5.15,120.985,176.0,149.34012638939342
ordinary,NGC6946,5.52,103.995,178.0,153.5416336047002
ordinary,NGC6946,5.889999999999999,70.85,180.0,153.75341345804327
ordinary,NGC6946,6.169999999999999,63.095,179.0,151.50685486142203
ordinary,NGC6946,6.55,61.97,180.0,151.08717523337316
ordinary,NGC6946,6.92,49.23,181.0,151.7495701806104
ordinary,NGC6946,7.3,36.255,179.0,150.07539048758127
ordinary,NGC6946,7.58,30.065,179.0,147.84157128494002
ordinary,NGC6946,7.95,24.675,179.0,144.50052432430826
ordinary,NGC6946,8.33,23.205,178.0,141.3512806096924
ordinary,NGC6946,8.7,23.415,177.0,140.13303150934829
ordinary,NGC6946,9.08,20.52,176.0,138.97638299365832
ordinary,NGC6946,9.36,17.775,173.0,137.74584233289946
ordinary,NGC6946,9.730000000000002,15.05,172.0,135.621046596758
ordinary,NGC6946,10.1,12.985,172.0,133.7359289794631
ordinary,NGC6946,10.48,11.165,170.0,131.72302809304074
ordinary,NGC6946,10.76,9.95,171.0,130.2686108392962
ordinary,NGC6946,11.13,8.565,174.0,128.179818497297
ordinary,NGC6946,11.509999999999998,7.31,174.0,126.41861275144574
ordinary,NGC6946,11.88,6.29,175.0,124.78762090047233
ordinary,NGC6946,12.26,5.385,174.0,123.32763976497726
ordinary,NGC6946,12.54,4.795,173.0,122.3669311946655
ordinary,NGC6946,12.91,4.135,173.0,121.15622092983918
ordinary,NGC6946,13.289999999999997,3.53,173.0,120.13660611986673
ordinary,NGC6946,13.66,3.04,175.0,119.27685622114626
ordinary,NGC6946,14.03,2.61,174.0,118.32860093823471
ordinary,NGC6946,14.31,2.325,171.0,117.65934140560196
ordinary,NGC6946,14.690000000000001,1.995,167.0,115.96122218224504
ordinary,NGC6946,15.06,1.71,165.0,114.04512760306774
ordinary,NGC6946,15.44,1.47,163.0,112.47578414930034
ordinary,NGC6946,15.72,1.305,162.0,111.58092744730168
ordinary,NGC6946,16.09,1.125,161.0,106.59593824344341
ordinary,NGC6946,16.47,0.965,159.0,105.30839273296313
ordinary,NGC6946,16.84,0.825,158.0,104.12989661955878
ordinary,NGC6946,17.21,0.71,157.0,102.97442896175728
ordinary,NGC6946,17.5,0.63,157.0,102.0751753366116
ordinary,NGC6946,17.87,0.545,157.0,100.98455139277493
ordinary,NGC6946,18.24,0.465,160.0,99.95515104285522
ordinary,NGC6946,18.62,0.4,159.0,98.92713571108789
ordinary,NGC6946,18.9,0.355,160.0,98.17518102860825
ordinary,NGC6946,19.27,0.305,158.0,97.29629335180246
ordinary,NGC6946,19.65,0.26,155.0,96.48628788589599
ordinary,NGC6946,20.02,0.0,157.0,95.36404238495766
ordinary,NGC6946,20.4,0.0,154.0,94.30083255199818
ordinary,UGC10310,1.1,24.47,33.2,15.437671456537739
ordinary,UGC10310,2.21,13.795,54.6,25.96008281959054
ordinary,UGC10310,3.31,7.515,65.7,30.399120875446386
ordinary,UGC10310,4.42,3.695,69.2,33.201562463233564
ordinary,UGC10310,5.52,2.38,70.9,38.470345722387265
ordinary,UGC10310,6.64,1.205,72.4,40.8641676778079
ordinary,UGC10310,7.74,0.0,73.2,39.78895889565345
ordinary,F565-V2,1.26,6.29,21.7,9.8726896031426
ordinary,F565-V2,2.51,2.845,40.3,16.215006938018867
ordinary,F565-V2,3.78,2.005,57.7,20.02308043234107
ordinary,F565-V2,5.03,0.8,68.5,22.401393929842847
ordinary,F565-V2,6.29,0.79,73.5,25.894672231947638
ordinary,F565-V2,7.54,0.3,78.5,28.66380295773748
ordinary,F565-V2,8.8,0.105,83.1,30.156646033668927
ordinary,F583-4,0.22,34.59,10.7,3.98057156699889
ordinary,F583-4,0.76,30.035,24.7,12.605766537581124
ordinary,F583-4,1.31,21.02,38.9,19.119040247878555
ordinary,F583-4,1.9400000000000002,15.535,42.7,23.33223842669194
ordinary,F583-4,3.92,4.82,55.0,28.357782000713666
ordinary,F583-4,4.35,4.34,57.2,28.67963301717789
ordinary,F583-4,4.999999999999999,3.19,59.8,29.497526167460215
ordinary,F583-4,5.05,3.1,62.5,29.5127396220683
ordinary,F583-4,5.830000000000001,1.85,61.8,29.714006798141515
ordinary,F583-4,6.09,1.76,64.4,29.811857540247306
ordinary,F583-4,6.74,1.445,67.2,31.153954002662324
ordinary,F583-4,7.29,0.0,69.9,30.299004934155843
ordinary,NGC7331,2.6699999999999995,1014.705,221.0,251.97887713060393
ordinary,NGC7331,3.21,847.715,237.0,264.4347516496272
ordinary,NGC7331,3.74,604.78,249.0,275.6652313586173
ordinary,NGC7331,4.27,439.71,250.0,275.8196327856304
ordinary,NGC7331,4.81,359.49,253.0,273.4442633700696
ordinary,NGC7331,5.35,279.195,257.0,274.51298426486136
ordinary,NGC7331,5.88,207.765,257.0,269.34129562694244
ordinary,NGC7331,6.41,167.31,257.0,265.180273078523
ordinary,NGC7331,7.48,98.475,257.0,254.02275984643583
ordinary,NGC7331,8.55,62.855,255.0,238.60471041033537
ordinary,NGC7331,9.62,54.38,248.0,229.3329927201928
ordinary,NGC7331,10.66,39.85,247.0,221.49136014752358
ordinary,NGC7331,11.74,34.435,246.0,213.95827869002872
ordinary,NGC7331,12.83,27.54,244.0,208.71575223255192
ordinary,NGC7331,13.91,21.71,242.0,203.51846518190922
ordinary,NGC7331,15.0,17.685,238.0,197.96862685789384
ordinary,NGC7331,16.08,15.335,236.0,193.13934407572165
ordinary,NGC7331,17.07,13.66,233.0,189.68860661621193
ordinary,NGC7331,18.15,11.915,234.0,187.2646016202742
ordinary,NGC7331,19.24,9.99,236.0,185.5578518414136
ordinary,NGC7331,20.32,7.085,237.0,183.2082060662131
ordinary,NGC7331,21.41,4.69,238.0,179.29356494308433
ordinary,NGC7331,22.49,3.785,240.0,175.52189236673584
ordinary,NGC7331,23.48,3.24,238.0,172.5171474085982
ordinary,NGC7331,24.570000000000004,2.67,237.0,168.4120560411279
ordinary,NGC7331,25.650000000000002,2.195,236.0,164.72852014754457
ordinary,NGC7331,26.74,1.765,238.0,161.43043229205577
ordinary,NGC7331,27.82,1.415,239.0,158.04190346234128
ordinary,NGC7331,28.91,1.14,239.0,154.49986090608624
ordinary,NGC7331,29.89,0.935,241.0,151.3289849962657
ordinary,NGC7331,30.98,0.755,236.0,148.00584289142103
ordinary,NGC7331,32.06,0.61,236.0,145.20414790907319
ordinary,NGC7331,33.15,0.49,239.0,142.88869958817597
ordinary,NGC7331,34.23,0.395,237.0,140.66870540386728
ordinary,NGC7331,35.32,0.0,241.0,138.31511551526103
ordinary,NGC7331,36.31,0.0,238.0,135.51705269079608
ordinary,NGC2955,0.75,3824.5060000000003,169.0,141.60114960691527
ordinary,NGC2955,1.55,2060.536,203.0,192.61703216486336
ordinary,NGC2955,2.3,1438.186,232.0,215.98363764415117
ordinary,NGC2955,3.06,946.2180000000001,256.0,239.01264742686735
ordinary,NGC2955,3.85,574.648,248.0,249.4993673338672
ordinary,NGC2955,4.61,390.472,253.0,252.59988169039192
ordinary,NGC2955,5.36,284.626,269.0,251.521230078099
ordinary,NGC2955,6.12,230.888,268.0,249.38209504693796
ordinary,NGC2955,6.91,194.523,260.0,247.76539724101912
ordinary,NGC2955,7.66,160.916,245.0,247.51262822328883
ordinary,NGC2955,8.42,118.298,247.0,244.7136040967073
ordinary,NGC2955,8.86,100.46499999999999,267.0,242.11231567187986
ordinary,NGC2955,9.21,90.57900000000001,255.0,239.66207568157296
ordinary,NGC2955,10.819999999999999,65.75800000000001,253.0,229.52481179602347
ordinary,NGC2955,11.56,56.184000000000005,271.0,225.4861630344532
ordinary,NGC2955,12.4,51.717,276.0,221.2553883411656
ordinary,NGC2955,14.17,40.51,275.0,217.07863602851387
ordinary,NGC2955,16.88,25.49,275.0,209.33770104785233
ordinary,NGC2955,19.49,18.055,276.0,206.31442259328358
ordinary,NGC2955,22.19,8.81,267.0,199.48437126752563
ordinary,NGC2955,24.8,6.4,257.0,192.13974232313313
ordinary,NGC2955,27.51,4.805,254.0,183.9186318729019
ordinary,NGC2955,30.12,3.35,248.0,176.6802154458727
ordinary,NGC2955,35.43,1.855,227.0,166.36005476075078
ordinary,UGCA442,0.41999999999999993,5.525,14.2,5.9279929149755235
ordinary,UGCA442,1.26,2.905,28.6,15.183820336134119
ordinary,UGCA442,2.11,1.375,41.0,21.87698562416678
ordinary,UGCA442,2.96,0.5,49.0,24.309842656833467
ordinary,UGCA442,3.79,0.36,54.8,24.487327334766444
ordinary,UGCA442,4.65,0.215,56.4,23.080107235452786
ordinary,UGCA442,5.48,0.09,57.8,20.574102653578844
ordinary,UGCA442,6.33,0.0,56.5,18.35632588510021
ordinary,NGC2976,0.11,200.62,6.8,8.53720094644609
ordinary,NGC2976,0.17,192.525,9.5,11.058679848878889
ordinary,NGC2976,0.24,176.775,14.0,14.021986307224807
ordinary,NGC2976,0.31,163.4,19.8,16.601835741869028
ordinary,NGC2976,0.38,153.25,26.1,18.864796579873317
ordinary,NGC2976,0.45,147.465,28.7,21.015620381040385
ordinary,NGC2976,0.52,143.405,28.7,23.194603898320832
ordinary,NGC2976,0.59,138.64,31.7,25.387577670979166
ordinary,NGC2976,0.6600000000000001,133.17,35.5,27.512805200488007
ordinary,NGC2976,0.73,129.185,39.4,29.57435882652403
ordinary,NGC2976,0.8,125.03,42.9,31.56889608459567
ordinary,NGC2976,0.87,122.28,46.0,33.55183601533603
ordinary,NGC2976,0.94,122.765,49.1,35.70556259184274
ordinary,NGC2976,1.01,124.135,49.2,38.2977923645737
ordinary,NGC2976,1.08,118.94,51.4,41.05233428198694
ordinary,NGC2976,1.14,115.0,57.2,43.39939400498583
ordinary,NGC2976,1.21,114.425,63.8,46.46000053809728
ordinary,NGC2976,1.29,108.16,67.8,49.930820642164484
ordinary,NGC2976,1.35,101.63,69.8,52.52373558687539
ordinary,NGC2976,1.42,94.71,71.7,55.2458256341599
ordinary,NGC2976,1.4899999999999998,87.03,74.1,57.82906795029641
ordinary,NGC2976,1.5599999999999998,77.705,76.7,60.28965251185314
ordinary,NGC2976,1.63,67.295,79.9,62.1856136899846
ordinary,NGC2976,1.74,49.97,83.6,64.20776393863908
ordinary,NGC2976,1.93,29.21,83.9,62.84432193921739
ordinary,NGC2976,2.1,23.045,88.7,61.15324439471711
ordinary,NGC2976,2.27,20.765,85.3,60.03266027755225
ordinary,DDO154,0.49,7.965,13.8,9.473945851650198
ordinary,DDO154,0.99,2.76,21.6,12.70837715839438
ordinary,DDO154,1.48,0.63,28.9,14.212957116659432
ordinary,DDO154,1.97,0.145,34.3,15.620761825211982
ordinary,DDO154,2.4700000000000006,0.04,38.2,16.430736441194593
ordinary,DDO154,2.96,0.01,42.0,17.446856450375236
ordinary,DDO154,3.46,0.005,44.6,18.56848001318363
ordinary,DDO154,3.9499999999999997,0.0,46.3,18.733780985161538
ordinary,DDO154,4.44,0.0,47.4,18.224227006926796
ordinary,DDO154,4.940000000000001,0.0,48.2,17.617064170854345
ordinary,DDO154,5.43,0.0,47.4,16.92600514002049
ordinary,DDO154,5.92,0.0,45.5,16.25433480644471
ordinary,DDO170,1.87,4.69,27.7,15.517101855694575
ordinary,DDO170,3.3599999999999994,1.79,42.4,20.545952156081743
ordinary,DDO170,4.86,1.01,52.5,24.95495742332573
ordinary,DDO170,6.35,0.455,55.6,28.096201700585794
ordinary,DDO170,7.85,0.235,58.6,30.013257903799783
ordinary,DDO170,9.34,0.09,59.0,30.221086181671236
ordinary,DDO170,10.830000000000002,0.045,60.0,29.07635035557248
ordinary,DDO170,12.33,0.0,62.2,27.067693843399365
ordinary,NGC7814,0.63,4895.763,265.0,290.19125732867974
ordinary,NGC7814,1.72,653.798,250.0,256.7154331550793
ordinary,NGC7814,2.79,242.743,233.0,226.01175394213462
ordinary,NGC7814,3.91,118.727,230.0,206.35166742723453
ordinary,NGC7814,5.03,57.262,228.0,191.07697420149816
ordinary,NGC7814,6.14,30.724,228.0,177.4630087652072
ordinary,NGC7814,7.26,18.175,227.0,165.7746257724625
ordinary,NGC7814,8.37,12.398,226.0,156.78982374503775
ordinary,NGC7814,9.5,7.7989999999999995,223.0,148.8578749344488
ordinary,NGC7814,10.65,5.062,219.0,141.94406299666076
ordinary,NGC7814,11.74,3.222,216.0,136.02831403792374
ordinary,NGC7814,12.82,2.0389999999999997,214.0,130.4400359168917
ordinary,NGC7814,14.01,1.2369999999999999,214.0,124.59102283069997
ordinary,NGC7814,15.09,0.81,214.0,120.36182168777607
ordinary,NGC7814,16.18,0.53,214.0,116.76225640163005
ordinary,NGC7814,17.36,0.33,214.0,112.75150943557252
ordinary,NGC7814,18.44,0.215,214.0,109.3918726414353
ordinary,NGC7814,19.53,0.0,214.0,106.27219259994591
ordinary,F583-1,0.26,17.14,14.6,3.542851958521552
ordinary,F583-1,0.44,15.87,10.0,5.712692009902161
ordinary,F583-1,0.77,13.015,10.7,9.161184421241611
ordinary,F583-1,0.89,11.58,17.4,10.133254659782315
ordinary,F583-1,1.22,8.74,23.5,11.981951009747954
ordinary,F583-1,1.55,5.65,31.0,12.643102862826039
ordinary,F583-1,1.8,5.255,32.3,12.506752176324595
ordinary,F583-1,2.21,5.07,40.9,13.006955831400365
ordinary,F583-1,2.31,4.955,43.8,13.213267953084127
ordinary,F583-1,2.54,4.6,44.8,13.658931144126909
ordinary,F583-1,3.1,4.28,51.7,14.795512833288342
ordinary,F583-1,3.43,3.8,55.7,16.02118753401258
ordinary,F583-1,3.86,3.025,59.4,17.36596959573522
ordinary,F583-1,4.09,2.715,62.0,17.96590938416422
ordinary,F583-1,4.37,2.375,63.0,18.729927922979307
ordinary,F583-1,4.76,1.95,66.6,19.778294921453668
ordinary,F583-1,5.4,1.385,71.3,21.65633740963601
ordinary,F583-1,5.86,1.075,72.3,22.990815557522097
ordinary,F583-1,6.08,0.96,73.4,23.541878642113506
ordinary,F583-1,6.43,0.805,72.4,24.53333344655797
ordinary,F583-1,6.97,0.625,77.1,26.323804816173517
ordinary,F583-1,7.959999999999999,0.46,80.3,29.37
ordinary,F583-1,10.29,0.185,84.7,35.30353594188548
ordinary,F583-1,15.49,0.0,86.9,41.300118643897385
ordinary,F583-1,16.26,0.0,85.8,41.35500634747866
ordinary,F568-3,0.64,33.77,12.4,9.660703908101107
ordinary,F568-3,1.18,28.055,21.9,15.04948337983733
ordinary,F568-3,1.8,23.15,32.3,19.66619434461075
ordinary,F568-3,2.03,22.05,37.9,21.099772510622007
ordinary,F568-3,2.78,18.835,53.1,25.7800620635405
ordinary,F568-3,3.0,17.78,62.4,26.97531464135312
ordinary,F568-3,3.6400000000000006,15.13,68.0,30.12709079881428
ordinary,F568-3,4.19,12.645,78.0,32.554889801687246
ordinary,F568-3,4.6,10.535,82.3,33.540006708407205
ordinary,F568-3,5.14,9.79,85.7,34.540041256489545
ordinary,F568-3,5.39,9.555,85.5,35.308448705656836
ordinary,F568-3,6.3100000000000005,7.475,89.5,38.519937694653656
ordinary,F568-3,9.1,3.99,95.2,45.04124942760802
ordinary,F568-3,10.17,3.385,97.5,47.39757430502114
ordinary,F568-3,11.99,2.235,101.0,49.68217386548218
ordinary,F568-3,14.02,1.555,107.0,50.815318064536406
ordinary,F568-3,15.94,1.205,117.0,52.06421563799843
ordinary,F568-3,17.98,0.83,120.0,52.15391116685306
ordinary,UGC04499,0.9100000000000001,30.345,26.0,21.061391217106245
ordinary,UGC04499,1.8200000000000003,12.78,45.1,25.71796551051424
ordinary,UGC04499,2.73,7.575,57.0,30.178014348197266
ordinary,UGC04499,3.63,4.985,62.0,35.09274640150012
ordinary,UGC04499,4.55,2.69,66.9,36.6476888766536
ordinary,UGC04499,5.45,1.64,70.6,37.681245998507
ordinary,UGC04499,6.37,1.23,72.8,37.51771514897995
ordinary,UGC04499,7.280000000000001,0.765,73.3,39.21327390055566
ordinary,UGC04499,8.18,0.0,74.3,39.87276514113361
ordinary,UGC06399,0.87,30.2,24.8,14.671487654631347
ordinary,UGC06399,1.74,18.965,46.2,23.7648595619667
ordinary,UGC06399,2.61,13.435,60.5,27.770435718583894
ordinary,UGC06399,3.5000000000000004,9.615,69.6,33.01072022843488
ordinary,UGC06399,4.37,5.865,77.5,35.42645621565894
ordinary,UGC06399,5.24,3.75,82.9,37.55682760830579
ordinary,UGC06399,6.110000000000001,2.415,84.1,38.698067781221326
ordinary,UGC06399,6.98,1.7,85.6,38.85929039496219
ordinary,UGC06399,7.85,0.0,87.6,38.648826631606816
ordinary,NGC0055,1.23,29.0,28.7,23.75810388057094
ordinary,NGC0055,1.84,19.01,37.6,29.667843703242067
ordinary,NGC0055,2.46,14.75,43.1,33.75166218129117
ordinary,NGC0055,3.07,10.825,50.1,37.09240623092549
ordinary,NGC0055,3.68,8.16,58.1,40.157989242490714
ordinary,NGC0055,4.3,6.53,64.6,42.909190157820504
ordinary,NGC0055,4.91,5.465,68.5,44.67737850411549
ordinary,NGC0055,5.52,4.68,72.3,46.01722883877298
ordinary,NGC0055,6.14,4.175,74.2,47.03185037822773
ordinary,NGC0055,6.75,3.91,78.9,47.81394827871883
ordinary,NGC0055,7.37,3.695,82.4,48.564917893475325
ordinary,NGC0055,7.98,3.345,84.3,49.19165782935151
ordinary,NGC0055,8.59,2.975,85.4,49.95382417793457
ordinary,NGC0055,9.21,2.68,85.3,50.18619381861908
ordinary,NGC0055,9.82,2.425,86.8,49.95778617993395
ordinary,NGC0055,10.43,2.195,85.4,49.514048006601115
ordinary,NGC0055,11.05,1.985,85.4,48.58348793571742
ordinary,NGC0055,11.660000000000002,1.795,86.2,47.73273666992078
ordinary,NGC0055,12.28,1.625,86.1,47.469570779605746
ordinary,NGC0055,12.89,1.47,87.4,47.48153430545395
ordinary,NGC0055,13.5,0.0,86.5,47.766432774491335
ordinary,UGC07559,0.36000000000000004,15.445,9.31,7.304988021892986
ordinary,UGC07559,0.7200000000000001,8.48,15.9,12.080277314697707
ordinary,UGC07559,1.08,4.5,21.4,14.091619850109497
ordinary,UGC07559,1.45,2.455,26.1,15.537147421582894
ordinary,UGC07559,1.8,1.015,29.7,16.65239172011036
ordinary,UGC07559,2.17,0.695,31.1,18.114175388352628
ordinary,UGC07559,2.5299999999999994,0.0,32.1,19.755074031751942
ordinary,UGC07524,0.35,27.135,14.4,10.907756414588658
ordinary,UGC07524,0.69,21.525,24.4,12.63379792461475
ordinary,UGC07524,1.03,15.465,29.2,14.129984076424149
ordinary,UGC07524,1.38,13.285,32.9,15.055366152970175
ordinary,UGC07524,1.72,12.48,37.8,16.505062859619773
ordinary,UGC07524,2.07,10.745,42.0,18.13069634625212
ordinary,UGC07524,2.41,9.865,45.1,19.409098381944485
ordinary,UGC07524,2.76,8.675,47.6,21.616072723785884
ordinary,UGC07524,3.1,7.475,52.3,23.237338487873348
ordinary,UGC07524,3.45,6.02,57.3,24.916985170762533
ordinary,UGC07524,3.79,5.895,61.4,26.51976998391954
ordinary,UGC07524,4.14,5.425,64.5,28.269419873778805
ordinary,UGC07524,4.48,4.755,66.4,29.50812345778701
ordinary,UGC07524,4.82,4.375,66.9,30.30548795185453
ordinary,UGC07524,5.17,4.23,69.4,31.056371326991826
ordinary,UGC07524,5.51,3.465,70.2,31.190558667648133
ordinary,UGC07524,5.86,3.175,70.9,31.214734501513863
ordinary,UGC07524,6.2,3.14,72.3,31.77633081398795
ordinary,UGC07524,6.55,2.935,73.9,32.68585473870922
ordinary,UGC07524,6.89,2.74,75.0,33.7298962346462
ordinary,UGC07524,7.25,2.58,75.5,34.83240301787978
ordinary,UGC07524,7.58,2.425,77.1,35.98946929311406
ordinary,UGC07524,7.94,2.21,77.0,37.27390642259005
ordinary,UGC07524,8.27,2.005,77.0,38.57893790658317
ordinary,UGC07524,8.63,1.78,78.2,39.966963232149624
ordinary,UGC07524,8.97,1.57,79.6,40.96649484639856
ordinary,UGC07524,9.3,1.38,80.3,41.86806181327241
ordinary,UGC07524,9.66,1.18,81.2,42.648208637643855
ordinary,UGC07524,9.99,1.045,82.3,43.2857592055401
ordinary,UGC07524,10.35,0.945,83.8,43.92339809258842
ordinary,UGC07524,10.690000000000001,0.0,79.0,43.91588323146877
ordinary,NGC5907,5.03,187.325,214.0,126.46604781521403
ordinary,NGC5907,7.550000000000001,122.095,220.0,146.66101748590182
ordinary,NGC5907,10.07,83.85,235.0,160.5556657362175
ordinary,NGC5907,12.58,45.355,235.0,165.48979711752625
ordinary,NGC5907,15.100000000000001,27.445,230.0,160.7081856969333
ordinary,NGC5907,17.61,18.065,231.0,156.73541798202473
ordinary,NGC5907,20.130000000000003,10.685,232.0,153.661250971089
ordinary,NGC5907,22.65,6.1,225.0,150.19248017127887
ordinary,NGC5907,25.16,3.685,224.0,141.6895341936023
ordinary,NGC5907,27.68,2.36,229.0,137.05893057367695
ordinary,NGC5907,30.200000000000003,1.575,218.0,135.9406033898629
ordinary,NGC5907,32.71,1.04,214.0,130.19747635803083
ordinary,NGC5907,35.23,0.65,213.0,127.72858744227933
ordinary,NGC5907,37.75,0.4,211.0,122.46015086549582
ordinary,NGC5907,40.260000000000005,0.25,217.0,119.73971897411484
ordinary,NGC5907,42.78,0.155,216.0,115.40623055104088
ordinary,NGC5907,45.29,0.1,215.0,112.60664345410532
ordinary,NGC5907,47.81,0.06,217.0,109.90549440314619
ordinary,NGC5907,50.330000000000005,0.0,214.0,109.03524246774525
ordinary,DDO161,0.6,15.16,16.0,11.214564191264857
ordinary,DDO161,0.73,13.845,16.6,12.924341375869023
ordinary,DDO161,0.85,13.575,18.6,14.250489465278028
ordinary,DDO161,0.98,12.855,20.0,15.923218895688144
ordinary,DDO161,1.07,12.115,21.4,17.01626721698975
ordinary,DDO161,1.54,8.605,28.9,21.9869324827271
ordinary,DDO161,2.02,5.885,32.9,25.72335125911863
ordinary,DDO161,2.49,3.77,35.2,28.235113776997604
ordinary,DDO161,2.96,2.56,37.6,29.668475693907837
ordinary,DDO161,3.43,1.82,40.6,30.43407465325667
ordinary,DDO161,3.9,1.275,42.7,31.130924335779046
ordinary,DDO161,4.37,0.87,45.5,31.52709469646704
ordinary,DDO161,4.86,0.545,48.9,31.84605784080661
ordinary,DDO161,5.339999999999999,0.32,51.5,32.106294554183606
ordinary,DDO161,5.81,0.23,53.0,32.2432016090214
ordinary,DDO161,6.28,0.18,55.0,32.51784433199716
ordinary,DDO161,6.75,0.12,57.6,32.81144541162428
ordinary,DDO161,7.22,0.08,59.7,33.2548071712948
ordinary,DDO161,7.6899999999999995,0.055,60.5,33.86794059283794
ordinary,DDO161,8.16,0.035,61.8,34.509787017598356
ordinary,DDO161,8.64,0.025,62.9,34.89942764573654
ordinary,DDO161,9.11,0.015,63.0,35.323005251535434
ordinary,DDO161,9.579999999999998,0.01,64.5,35.34630390861257
ordinary,DDO161,10.05,0.01,65.6,35.240666849536204
ordinary,DDO161,10.52,0.005,67.5,34.58896572608091
ordinary,DDO161,10.99,0.005,66.8,33.80916739584103
ordinary,DDO161,11.46,0.0,66.8,32.89164711594724
ordinary,DDO161,11.94,0.0,66.6,31.9809388542613
ordinary,DDO161,12.41,0.0,66.8,31.077149161401532
ordinary,DDO161,12.899999999999999,0.0,66.3,30.317748926989946
ordinary,DDO161,13.37,0.0,66.1,29.423462576658103
ordinary,UGC02916,0.37,6300.477999999999,183.0,103.67254829510077
ordinary,UGC02916,0.74,3731.509,196.0,160.80490409188394
ordinary,UGC02916,1.11,2759.745,205.0,184.28412351583628
ordinary,UGC02916,1.48,2091.687,211.0,202.55459794830628
ordinary,UGC02916,1.84,1581.2969999999998,214.0,218.73621481135675
ordinary,UGC02916,2.21,1092.562,214.0,231.78146269708452
ordinary,UGC02916,2.6,640.281,213.0,237.94859938650615
ordinary,UGC02916,2.96,471.445,211.0,234.64725642973116
ordinary,UGC02916,3.17,391.21299999999997,210.0,234.77633307043536
ordinary,UGC02916,3.3300000000000005,339.00800000000004,209.0,233.67693692360825
ordinary,UGC02916,3.7,240.152,207.0,230.67934448060146
ordinary,UGC02916,4.07,163.963,206.0,226.80652034278026
ordinary,UGC02916,4.44,113.81899999999999,205.0,222.0790676313281
ordinary,UGC02916,4.81,87.041,205.0,216.94611455382187
ordinary,UGC02916,5.18,65.893,206.0,211.81355603454656
ordinary,UGC02916,5.550000000000001,52.465999999999994,207.0,206.37783051965633
ordinary,UGC02916,5.92,46.905,208.0,201.35468738025446
ordinary,UGC02916,6.28,43.519,210.0,197.03444330877787
ordinary,UGC02916,6.34,43.177,210.0,196.39291160833682
ordinary,UGC02916,6.65,40.663,212.0,193.22266003240924
ordinary,UGC02916,7.03,37.056999999999995,214.0,189.71317911521066
ordinary,UGC02916,7.39,34.563,215.0,186.66040881772437
ordinary,UGC02916,7.77,32.379,216.0,183.58524210840042
ordinary,UGC02916,8.14,30.368,217.0,181.03611496052383
ordinary,UGC02916,8.51,28.498,218.0,178.52266349122175
ordinary,UGC02916,8.88,26.791,218.0,176.10184601531012
ordinary,UGC02916,9.25,25.202,218.0,174.09872702004458
ordinary,UGC02916,9.52,24.099,218.0,172.55471633658698
ordinary,UGC02916,9.62,23.707,218.0,171.9981148733904
ordinary,UGC02916,9.99,22.317999999999998,217.0,170.03723774514805
ordinary,UGC02916,10.4,20.869,217.0,167.95245005655616
ordinary,UGC02916,10.710000000000003,19.837,216.0,166.62644318954898
ordinary,UGC02916,11.12,18.562,215.0,164.8358119463122
ordinary,UGC02916,12.67,14.42,212.0,159.28067773587605
ordinary,UGC02916,12.98,13.715,211.0,158.3647548225299
ordinary,UGC02916,15.86,8.585,209.0,151.93539801507742
ordinary,UGC02916,19.05,5.11,215.0,148.57205972187367
ordinary,UGC02916,22.14,3.095,215.0,146.42806790366387
ordinary,UGC02916,25.34,1.84,210.0,142.0505971476361
ordinary,UGC02916,28.53,1.095,196.0,135.96843630048852
ordinary,UGC02916,31.72,0.65,185.0,129.0789308136692
ordinary,UGC02916,34.91,0.39,182.0,124.03854691183706
ordinary,UGC02916,38.0,0.0,181.0,119.5657354763479
ordinary,F571-8,0.22,923.285,12.4,27.090744729519713
ordinary,F571-8,0.7799999999999999,352.74,37.5,60.65077864298199
ordinary,F571-8,1.33,201.605,56.5,73.64244699899645
ordinary,F571-8,2.33,60.625,69.1,81.10435777441307
ordinary,F571-8,3.44,17.99,85.5,76.21718507003523
ordinary,F571-8,3.78,12.51,87.1,73.6884597477787
ordinary,F571-8,4.77,4.255,105.0,65.61750414333054
ordinary,F571-8,5.44,3.32,112.0,61.76565429103783
ordinary,F571-8,6.110000000000001,3.085,116.0,58.343043287096364
ordinary,F571-8,7.22,2.7,124.0,54.91017528655322
ordinary,F571-8,9.33,1.4,135.0,49.69848740152964
ordinary,F571-8,11.100000000000001,0.885,140.0,46.93217233412491
ordinary,F571-8,15.55,0.0,144.0,40.78579225661799
ordinary,UGC06786,0.16,11467.650999999998,160.0,100.12779893715829
ordinary,UGC06786,0.32,6045.030999999999,177.0,154.4677621706225
ordinary,UGC06786,0.49,3439.105,180.0,169.53652712616238
ordinary,UGC06786,0.65,2328.701,180.0,175.03765914796733
ordinary,UGC06786,1.3,748.901,182.0,174.4523207928172
ordinary,UGC06786,1.46,618.26,183.0,172.84547005924105
ordinary,UGC06786,1.62,512.731,184.0,171.24911947218882
ordinary,UGC06786,3.72,153.479,206.0,152.52786247109083
ordinary,UGC06786,3.89,149.026,207.0,152.22671036976396
ordinary,UGC06786,4.05,146.021,209.0,151.99636038405657
ordinary,UGC06786,4.22,143.492,210.0,152.21949618889164
ordinary,UGC06786,4.26,142.876,210.0,152.32739815935938
ordinary,UGC06786,4.38,141.16299999999998,211.0,152.712749042115
ordinary,UGC06786,4.54,139.095,213.0,153.53512715336512
ordinary,UGC06786,4.71,134.86599999999999,214.0,154.84542598992067
ordinary,UGC06786,4.86,127.92399999999999,215.0,156.02151716990832
ordinary,UGC06786,5.02,118.34700000000001,215.0,157.06428149009562
ordinary,UGC06786,5.18,108.802,216.0,157.69123098638048
ordinary,UGC06786,5.35,99.405,217.0,158.07907046791487
ordinary,UGC06786,5.51,90.34,217.0,158.11950376218613
ordinary,UGC06786,5.68,81.915,218.0,157.78000529217888
ordinary,UGC06786,5.84,75.925,218.0,157.31854048394933
ordinary,UGC06786,6.0,71.035,219.0,156.79773818521744
ordinary,UGC06786,6.15,67.405,219.0,156.35751037286312
ordinary,UGC06786,6.48,57.815,219.0,155.489210300908
ordinary,UGC06786,6.64,53.5,219.0,154.94982584694958
ordinary,UGC06786,6.81,49.055,220.0,154.2699814286629
ordinary,UGC06786,7.1,41.34,220.0,152.9954055519315
ordinary,UGC06786,7.13,40.555,220.0,152.82485782751442
ordinary,UGC06786,8.52,21.42,220.0,142.23629874262053
ordinary,UGC06786,10.66,12.565,225.0,131.31738738643867
ordinary,UGC06786,11.99,9.32,228.0,126.44390012966224
ordinary,UGC06786,12.1,9.075,228.0,126.0917749894893
ordinary,UGC06786,12.33,8.58,228.0,125.31987599738518
ordinary,UGC06786,12.78,7.675,229.0,123.92508341736148
ordinary,UGC06786,14.93,4.22,228.0,117.54631801974914
ordinary,UGC06786,17.08,2.375,226.0,111.38572812528542
ordinary,UGC06786,19.23,1.2,226.0,105.71955575956608
ordinary,UGC06786,21.27,0.915,227.0,100.48135981364902
ordinary,UGC06786,23.42,0.55,227.0,96.11973819148697
ordinary,UGC06786,25.57,0.21,224.0,91.68991236771906
ordinary,UGC06786,27.720000000000002,0.12,218.0,87.52921969262607
ordinary,UGC06786,29.87,0.065,215.0,84.05276687890768
ordinary,UGC06786,32.02,0.035,219.0,81.00394083006086
ordinary,UGC06786,34.05,0.0,211.0,78.50299051628544
ordinary,NGC3949,1.74,375.915,123.0,113.52402653183158
ordinary,NGC3949,2.61,269.395,145.0,131.5572468547438
ordinary,NGC3949,3.5000000000000004,118.65,152.0,143.29112341663037
ordinary,NGC3949,4.37,54.35,157.0,137.0430538188638
ordinary,NGC3949,5.24,29.72,161.0,131.80968610083252
ordinary,NGC3949,6.110000000000001,15.04,165.0,124.76019256958527
ordinary,NGC3949,7.069999999999999,9.45,169.0,119.23351584181354
ordinary,UGC03205,0.28,4369.476,107.0,77.11420212905013
ordinary,UGC03205,0.55,2593.9829999999997,121.0,121.70272092274682
ordinary,UGC03205,0.83,1603.616,134.0,138.03787063701031
ordinary,UGC03205,1.39,874.038,157.0,149.31089303865275
ordinary,UGC03205,1.65,692.406,168.0,153.42994059178932
ordinary,UGC03205,3.04,242.20600000000002,207.0,154.00965294422295
ordinary,UGC03205,3.32,234.191,213.0,152.81685829776765
ordinary,UGC03205,3.59,228.846,218.0,152.65885326439474
ordinary,UGC03205,3.87,225.833,222.0,153.50256603718387
ordinary,UGC03205,4.15,222.761,226.0,156.00408369654943
ordinary,UGC03205,4.43,208.79299999999998,229.0,158.8723161850421
ordinary,UGC03205,4.7,193.84099999999998,232.0,161.12760030485157
ordinary,UGC03205,4.97,178.787,234.0,162.69419666970302
ordinary,UGC03205,5.25,169.727,235.0,164.0588898840901
ordinary,UGC03205,5.52,162.23,236.0,166.06159739686956
ordinary,UGC03205,5.8,151.895,237.0,168.32429429526803
ordinary,UGC03205,6.08,140.54,237.0,170.32401979756114
ordinary,UGC03205,6.36,128.055,237.0,172.16265486452048
ordinary,UGC03205,6.63,115.93,236.0,173.1833500368901
ordinary,UGC03205,6.91,104.76,236.0,173.7999823935549
ordinary,UGC03205,7.19,94.31,235.0,173.9950696715283
ordinary,UGC03205,7.269999999999999,91.66,234.0,173.94302380377317
ordinary,UGC03205,7.46,85.785,234.0,173.7601051162205
ordinary,UGC03205,8.02,71.28,231.0,173.0824012717642
ordinary,UGC03205,8.29,64.84,229.0,172.57475168749338
ordinary,UGC03205,8.56,58.925,228.0,171.991445804726
ordinary,UGC03205,8.84,53.28,226.0,171.12009694948165
ordinary,UGC03205,9.12,48.12,224.0,170.23992898259797
ordinary,UGC03205,9.69,39.055,221.0,168.0401671327424
ordinary,UGC03205,12.11,16.725,216.0,156.11370718165654
ordinary,UGC03205,14.58,8.095,220.0,145.00933083770852
ordinary,UGC03205,14.679999999999998,7.92,220.0,144.57986886147046
ordinary,UGC03205,15.2,7.255,221.0,142.54483435045972
ordinary,UGC03205,15.5,6.92,221.0,141.5638708498747
ordinary,UGC03205,15.71,6.625,221.0,140.98611155003886
ordinary,UGC03205,16.02,6.21,221.0,140.0749703908589
ordinary,UGC03205,16.32,5.835,221.0,139.1921650093855
ordinary,UGC03205,16.53,5.59,221.0,138.68705483930358
ordinary,UGC03205,16.84,5.25,221.0,137.9066393253059
ordinary,UGC03205,16.94,5.135,221.0,137.71651571253173
ordinary,UGC03205,19.4,2.425,218.0,131.88840384961827
ordinary,UGC03205,21.769999999999996,1.245,216.0,127.18995604999634
ordinary,UGC03205,24.23,0.43,215.0,121.75870387779266
ordinary,UGC03205,26.69,0.2,212.0,116.62918854214838
ordinary,UGC03205,29.06,0.095,208.0,111.56291646420866
ordinary,UGC03205,31.52,0.045,209.0,106.62035016824883
ordinary,UGC03205,36.34,0.01,220.0,98.2255161859687
ordinary,UGC03205,40.04,0.0,220.0,92.24257845485457
ordinary,UGC07323,0.58,67.92,23.9,15.59377119237037
ordinary,UGC07323,1.17,48.255,34.7,24.812691309086166
ordinary,UGC07323,1.7500000000000002,35.63,42.8,30.45605194374346
ordinary,UGC07323,2.33,27.775,51.3,34.21971434714206
ordinary,UGC07323,2.91,21.335,57.7,38.29673811175046
ordinary,UGC07323,3.5000000000000004,17.515,67.3,41.80334137362706
ordinary,UGC07323,4.07,14.185,75.4,45.51044330700372
ordinary,UGC07323,4.65,10.525,79.5,49.77896845054144
ordinary,UGC07323,5.23,7.035,82.8,51.4479649743311
ordinary,UGC07323,5.82,4.59,85.6,51.74376145971608
ordinary,UGC09992,0.7799999999999999,18.19,28.1,15.718783349865218
ordinary,UGC09992,1.55,5.11,31.3,19.570706425676104
ordinary,UGC09992,2.34,2.34,33.0,21.757109182977413
ordinary,UGC09992,3.1199999999999997,1.255,33.4,23.69763068325608
ordinary,UGC09992,3.89,0.62,34.3,23.475599033890486
power,UGC08699,0.22,12651.755,152.0,141.39536302298583
power,UGC08699,0.43,5966.928999999999,167.0,207.76910766996784
power,UGC08699,0.65,2406.9629999999997,179.0,228.28752339575937
power,UGC08699,0.87,1168.105,188.0,227.8277847364918
power,UGC08699,1.08,684.9019999999999,195.0,222.23326123192933
power,UGC08699,1.31,413.678,199.0,215.92655163098493
power,UGC08699,1.52,293.64300000000003,202.0,209.68270173036237
power,UGC08699,1.73,248.097,202.0,204.184719386625
power,UGC08699,1.96,216.685,202.0,199.76861429773422
power,UGC08699,2.17,187.292,200.0,196.9153364509077
power,UGC08699,2.39,152.515,196.0,194.23526605412906
power,UGC08699,2.6,121.735,193.0,191.86775951873383
power,UGC08699,2.83,95.305,189.0,188.7221575621632
power,UGC08699,3.04,77.75,184.0,185.6505367326881
power,UGC08699,5.87,42.825,170.0,165.6527379591685
power,UGC08699,6.08,41.665,172.0,165.82441022601543
power,UGC08699,6.3,40.295,174.0,166.09533367279047
power,UGC08699,6.52,38.805,176.0,166.4432427967106
power,UGC08699,6.74,37.175,178.0,166.79753650585062
power,UGC08699,6.95,35.865,180.0,167.15503832590662
power,UGC08699,7.16,34.89,182.0,167.64015956290038
power,UGC08699,7.39,34.04,183.0,168.3110169244673
power,UGC08699,7.6,33.115,184.0,169.1910001524508
power,UGC08699,7.82,31.685,185.0,170.18401120944355
power,UGC08699,8.03,30.14,186.0,171.2003517974337
power,UGC08699,8.26,28.225,187.0,172.32632114493202
power,UGC08699,8.47,26.02,187.0,173.3233202878928
power,UGC08699,8.68,23.51,188.0,174.1481253233389
power,UGC08699,8.91,20.42,188.0,174.79100572454192
power,UGC08699,9.53,13.39,187.0,174.73473026042555
power,UGC08699,9.78,11.165,187.0,174.33746962694735
power,UGC08699,9.99,9.475,186.0,173.84341516989642
power,UGC08699,10.21,8.075,186.0,173.15332231280246
power,UGC08699,11.46,3.88,182.0,169.21330352819933
power,UGC08699,13.39,2.1,177.0,164.9896766877514
power,UGC08699,15.21,1.3,175.0,162.32831316527285
power,UGC08699,17.13,0.78,177.0,159.83323504025472
power,UGC08699,19.06,0.515,180.0,157.93730208311922
power,UGC08699,20.99,0.395,181.0,156.48118354721115
power,UGC08699,22.92,0.25,182.0,154.91420735166906
power,UGC08699,25.7,0.09,183.0,152.27443688595886
power,UGC02885,1.7,1261.373,305.0,254.05018084762293
power,UGC02885,3.41,440.764,257.0,257.1148009922177
power,UGC02885,6.82,181.567,256.0,259.17603079249574
power,UGC02885,13.67,62.625,271.0,264.3896940963721
power,UGC02885,19.49,30.74,282.0,264.5658530695421
power,UGC02885,23.36,23.68,287.0,268.7303703082556
power,UGC02885,27.24,15.375,283.0,270.35109898532306
power,UGC02885,31.22,9.245,280.0,268.8536844500721
power,UGC02885,35.1,6.995,280.0,267.692446490892
power,UGC02885,38.97,4.93,281.0,268.9787995171314
power,UGC02885,42.85,3.32,282.0,269.74533685347126
power,UGC02885,46.73,2.615,287.0,265.5542310925321
power,UGC02885,50.71,2.395,292.0,268.2858307711124
power,UGC02885,54.57999999999999,1.73,298.0,272.8287857850043
power,UGC02885,58.459999999999994,0.97,298.0,274.4484094595689
power,UGC02885,62.34,0.69,298.0,272.9047466677846
power,UGC02885,66.21,0.5,298.0,271.8556968332623
power,UGC02885,70.19,0.355,298.0,273.50069518320043
power,UGC02885,74.07,0.0,298.0,272.9844877564355
power,UGC07151,0.5,83.79,24.2,28.651207443193552
power,UGC07151,1.0,50.585,42.0,43.06377330548382
power,UGC07151,1.5,33.555,59.4,51.31816475483191
power,UGC07151,2.0,17.635,63.9,58.204091321541426
power,UGC07151,2.49,12.45,66.0,62.688115641108304
power,UGC07151,3.0,9.12,67.2,66.06099386652747
power,UGC07151,3.49,6.53,68.7,67.31043102952574
power,UGC07151,4.0,6.065,71.3,71.61141105060837
power,UGC07151,4.49,5.505,72.5,73.98583580447516
power,UGC07151,5.01,3.865,74.0,76.69966458288724
power,UGC07151,5.5,2.5,76.2,79.53030756817834
power,NGC3877,0.87,376.865,37.8,88.01971865072288
power,NGC3877,1.74,236.53,80.1,103.7507177524409
power,NGC3877,2.61,184.11,121.0,113.5723878281261
power,NGC3877,3.5000000000000004,158.68,142.0,125.77569360580215
power,NGC3877,4.37,144.745,153.0,137.96374147304644
power,NGC3877,5.24,135.915,160.0,153.09064447953017
power,NGC3877,6.110000000000001,118.3,162.0,171.88215684675077
power,NGC3877,6.98,86.6,167.0,183.77887404839484
power,NGC3877,7.85,66.025,169.0,189.64805526970926
power,NGC3877,8.72,50.62,171.0,194.47102493003564
power,NGC3877,9.6,33.495,171.0,197.63682487495794
power,NGC3877,10.47,21.67,170.0,195.19589194034242
power,NGC3877,11.35,15.525,169.0,193.47359709617498
power,NGC6946,0.19,4341.86,153.0,202.98969311471726
power,NGC6946,0.56,1013.0559999999999,130.0,160.52891431615123
power,NGC6946,0.94,556.168,128.0,148.50270634225967
power,NGC6946,1.22,492.562,134.0,146.1424051687765
power,NGC6946,1.59,401.215,129.0,148.16584245549245
power,NGC6946,1.96,339.7,131.0,150.289193665001
power,NGC6946,2.34,320.63,138.0,155.72297577939244
power,NGC6946,2.71,264.905,139.0,164.19367968947006
power,NGC6946,2.99,235.81,143.0,166.46064160584487
power,NGC6946,3.37,202.225,146.0,170.76097947368638
power,NGC6946,3.74,174.44,154.0,173.6296040322068
power,NGC6946,4.12,159.685,161.0,176.55069582348509
power,NGC6946,4.4,150.01,167.0,179.54325216678876
power,NGC6946,4.77,133.935,173.0,183.76498783642361
power,NGC6946,5.15,120.985,176.0,188.05610792015216
power,NGC6946,5.52,103.995,178.0,193.61427584843813
power,NGC6946,5.889999999999999,70.85,180.0,195.09910164877581
power,NGC6946,6.169999999999999,63.095,179.0,193.75893976324136
power,NGC6946,6.55,61.97,180.0,194.55902975557402
power,NGC6946,6.92,49.23,181.0,196.38487426795808
power,NGC6946,7.3,36.255,179.0,195.83530724263662
power,NGC6946,7.58,30.065,179.0,194.38877812713045
power,NGC6946,7.95,24.675,179.0,192.0461950607688
power,NGC6946,8.33,23.205,178.0,189.88732928493047
power,NGC6946,8.7,23.415,177.0,189.6392675729994
power,NGC6946,9.08,20.52,176.0,189.45228405493063
power,NGC6946,9.36,17.775,173.0,188.90862993794966
power,NGC6946,9.730000000000002,15.05,172.0,187.6538171655717
power,NGC6946,10.1,12.985,172.0,186.61805916010437
power,NGC6946,10.48,11.165,170.0,185.447958754784
power,NGC6946,10.76,9.95,171.0,184.5983607599741
power,NGC6946,11.13,8.565,174.0,183.28101076374182
power,NGC6946,11.509999999999998,7.31,174.0,182.3015673510903
power,NGC6946,11.88,6.29,175.0,181.41272696132398
power,NGC6946,12.26,5.385,174.0,180.70243893217776
power,NGC6946,12.54,4.795,173.0,180.2861826904986
power,NGC6946,12.91,4.135,173.0,179.78159809927658
power,NGC6946,13.289999999999997,3.53,173.0,179.48019611512728
power,NGC6946,13.66,3.04,175.0,179.31043645203286
power,NGC6946,14.03,2.61,174.0,179.03225195823418
power,NGC6946,14.31,2.325,171.0,178.8628359163337
power,NGC6946,14.690000000000001,1.995,167.0,177.78316128780193
power,NGC6946,15.06,1.71,165.0,176.4345357305294
power,NGC6946,15.44,1.47,163.0,175.454144757157
power,NGC6946,15.72,1.305,162.0,174.99976504349462
power,NGC6946,16.09,1.125,161.0,170.30638831984734
power,NGC6946,16.47,0.965,159.0,169.5715630978315
power,NGC6946,16.84,0.825,158.0,168.92246117668714
power,NGC6946,17.21,0.71,157.0,168.28431152928002
power,NGC6946,17.5,0.63,157.0,167.7815104585209
power,NGC6946,17.87,0.545,157.0,167.18982655988344
power,NGC6946,18.24,0.465,160.0,166.65216858428687
power,NGC6946,18.62,0.4,159.0,166.11915649984363
power,NGC6946,18.9,0.355,160.0,165.72438662777384
power,NGC6946,19.27,0.305,158.0,165.31885867340262
power,NGC6946,19.65,0.26,155.0,164.99338412532205
power,NGC6946,20.02,0.0,157.0,164.29640123220813
power,NGC6946,20.4,0.0,154.0,163.66722065138654
power,UGC10310,1.1,24.47,33.2,30.604778295017073
power,UGC10310,2.21,13.795,54.6,48.137393199655975
power,UGC10310,3.31,7.515,65.7,57.33140393163024
power,UGC10310,4.42,3.695,69.2,64.0084070780216
power,UGC10310,5.52,2.38,70.9,73.12480894249916
power,UGC10310,6.64,1.205,72.4,78.65202880098524
power,UGC10310,7.74,0.0,73.2,79.79883904756763
power,F565-V2,1.26,6.29,21.7,24.377965125116845
power,F565-V2,2.51,2.845,40.3,37.437465143510984
power,F565-V2,3.78,2.005,57.7,46.10412453388077
power,F565-V2,5.03,0.8,68.5,52.27571424645221
power,F565-V2,6.29,0.79,73.5,59.55793308970575
power,F565-V2,7.54,0.3,78.5,65.61286309511034
power,F565-V2,8.8,0.105,83.1,69.83232289474297
power,F583-4,0.22,34.59,10.7,9.98853459037959
power,F583-4,0.76,30.035,24.7,25.169775634626575
power,F583-4,1.31,21.02,38.9,36.06140910358831
power,F583-4,1.9400000000000002,15.535,42.7,43.960212278307964
power,F583-4,3.92,4.82,55.0,56.83933274718292
power,F583-4,4.35,4.34,57.2,58.44337655110745
power,F583-4,4.999999999999999,3.19,59.8,61.14258922578422
power,F583-4,5.05,3.1,62.5,61.286804689835975
power,F583-4,5.830000000000001,1.85,61.8,63.39729182872143
power,F583-4,6.09,1.76,64.4,64.10339954074702
power,F583-4,6.74,1.445,67.2,67.17793769399108
power,F583-4,7.29,0.0,69.9,67.22362471586555
power,NGC7331,2.6699999999999995,1014.705,221.0,279.96459865504596
power,NGC7331,3.21,847.715,237.0,295.1475279313461
power,NGC7331,3.74,604.78,249.0,308.83773799879987
power,NGC7331,4.27,439.71,250.0,311.301085845625
power,NGC7331,4.81,359.49,253.0,311.13309031071736
power,NGC7331,5.35,279.195,257.0,314.27785074071716
power,NGC7331,5.88,207.765,257.0,311.0432855748179
power,NGC7331,6.41,167.31,257.0,308.724090171188
power,NGC7331,7.48,98.475,257.0,301.0338701455445
power,NGC7331,8.55,62.855,255.0,288.7779529768202
power,NGC7331,9.62,54.38,248.0,282.4373002354259
power,NGC7331,10.66,39.85,247.0,277.25077683846035
power,NGC7331,11.74,34.435,246.0,272.29729997716896
power,NGC7331,12.83,27.54,244.0,269.5211987021914
power,NGC7331,13.91,21.71,242.0,266.6275204087026
power,NGC7331,15.0,17.685,238.0,263.2677077001642
power,NGC7331,16.08,15.335,236.0,260.5032665238292
power,NGC7331,17.07,13.66,233.0,258.8753687376727
power,NGC7331,18.15,11.915,234.0,258.38715866633214
power,NGC7331,19.24,9.99,236.0,258.5753612841537
power,NGC7331,20.32,7.085,237.0,258.0108389422045
power,NGC7331,21.41,4.69,238.0,255.77198564256807
power,NGC7331,22.49,3.785,240.0,253.58969816753086
power,NGC7331,23.48,3.24,238.0,251.99910896230014
power,NGC7331,24.570000000000004,2.67,237.0,249.35020366967024
power,NGC7331,25.650000000000002,2.195,236.0,247.06023791704007
power,NGC7331,26.74,1.765,238.0,245.12759737269047
power,NGC7331,27.82,1.415,239.0,243.02595464184543
power,NGC7331,28.91,1.14,239.0,240.71590204014475
power,NGC7331,29.89,0.935,241.0,238.60319073002432
power,NGC7331,30.98,0.755,236.0,236.41720179577374
power,NGC7331,32.06,0.61,236.0,234.7272917047521
power,NGC7331,33.15,0.49,239.0,233.52854816827923
power,NGC7331,34.23,0.395,237.0,232.37913638273213
power,NGC7331,35.32,0.0,241.0,231.05419471215671
power,NGC7331,36.31,0.0,238.0,229.08869805639395
power,NGC2955,0.75,3824.5060000000003,169.0,156.41378853169917
power,NGC2955,1.55,2060.536,203.0,213.9384602337481
power,NGC2955,2.3,1438.186,232.0,241.99799782931885
power,NGC2955,3.06,946.2180000000001,256.0,269.03892398295204
power,NGC2955,3.85,574.648,248.0,283.211052305889
power,NGC2955,4.61,390.472,253.0,289.5145512924039
power,NGC2955,5.36,284.626,269.0,291.3386213029395
power,NGC2955,6.12,230.888,268.0,291.9262699145107
power,NGC2955,6.91,194.523,260.0,292.95536142743583
power,NGC2955,7.66,160.916,245.0,295.0676500414221
power,NGC2955,8.42,118.298,247.0,294.53195974439575
power,NGC2955,8.86,100.46499999999999,267.0,293.1840070239675
power,NGC2955,9.21,90.57900000000001,255.0,291.70247914376364
power,NGC2955,10.819999999999999,65.75800000000001,253.0,285.75157410761443
power,NGC2955,11.56,56.184000000000005,271.0,283.50704413323194
power,NGC2955,12.4,51.717,276.0,281.2266184365262
power,NGC2955,14.17,40.51,275.0,280.9496298994069
power,NGC2955,16.88,25.49,275.0,278.59515419644015
power,NGC2955,19.49,18.055,276.0,280.33176700002883
power,NGC2955,22.19,8.81,267.0,277.90636717570385
power,NGC2955,24.8,6.4,257.0,274.42011903530283
power,NGC2955,27.51,4.805,254.0,269.827072711443
power,NGC2955,30.12,3.35,248.0,265.8020187162921
power,NGC2955,35.43,1.855,227.0,261.49000417894797
power,UGCA442,0.41999999999999993,5.525,14.2,14.38275848399918
power,UGCA442,1.26,2.905,28.6,31.15013636258729
power,UGCA442,2.11,1.375,41.0,42.974963290465226
power,UGCA442,2.96,0.5,49.0,48.993942079582006
power,UGCA442,3.79,0.36,54.8,51.7700431257575
power,UGCA442,4.65,0.215,56.4,52.261301202614156
power,UGCA442,5.48,0.09,57.8,50.819044545690325
power,UGCA442,6.33,0.0,56.5,49.36241574580202
power,NGC2976,0.11,200.62,6.8,13.7835877884413
power,NGC2976,0.17,192.525,9.5,17.615014938095705
power,NGC2976,0.24,176.775,14.0,21.87379329992476
power,NGC2976,0.31,163.4,19.8,25.567861922821255
power,NGC2976,0.38,153.25,26.1,28.820570302297728
power,NGC2976,0.45,147.465,28.7,31.87742754270383
power,NGC2976,0.52,143.405,28.7,34.90357376960106
power,NGC2976,0.59,138.64,31.7,37.89502744034192
power,NGC2976,0.6600000000000001,133.17,35.5,40.77399470600803
power,NGC2976,0.73,129.185,39.4,43.55115498382506
power,NGC2976,0.8,125.03,42.9,46.22797884879513
power,NGC2976,0.87,122.28,46.0,48.86621193603313
power,NGC2976,0.94,122.765,49.1,51.65865676376902
power,NGC2976,1.01,124.135,49.2,54.88467066596583
power,NGC2976,1.08,118.94,51.4,58.25718860409887
power,NGC2976,1.14,115.0,57.2,61.117257365768204
power,NGC2976,1.21,114.425,63.8,64.76898095236633
power,NGC2976,1.29,108.16,67.8,68.89211664673462
power,NGC2976,1.35,101.63,69.8,71.95969839426952
power,NGC2976,1.42,94.71,71.7,75.2140087165569
power,NGC2976,1.4899999999999998,87.03,74.1,78.31299109506621
power,NGC2976,1.5599999999999998,77.705,76.7,81.27457862284902
power,NGC2976,1.63,67.295,79.9,83.64843014189668
power,NGC2976,1.74,49.97,83.6,86.38205417930736
power,NGC2976,1.93,29.21,83.9,86.08446288132315
power,NGC2976,2.1,23.045,88.7,85.27184751345592
power,NGC2976,2.27,20.765,85.3,84.99377842121851
power,DDO154,0.49,7.965,13.8,19.43178257137543
power,DDO154,0.99,2.76,21.6,26.696674909232613
power,DDO154,1.48,0.63,28.9,30.99702305205053
power,DDO154,1.97,0.145,34.3,34.78061535560732
power,DDO154,2.4700000000000006,0.04,38.2,37.58590435886064
power,DDO154,2.96,0.01,42.0,40.444439561798035
power,DDO154,3.46,0.005,44.6,43.34232512566095
power,DDO154,3.9499999999999997,0.0,46.3,44.84928430865027
power,DDO154,4.44,0.0,47.4,45.341203207029494
power,DDO154,4.940000000000001,0.0,48.2,45.601596746582665
power,DDO154,5.43,0.0,47.4,45.60989763761371
power,DDO154,5.92,0.0,45.5,45.543128894118134
power,DDO170,1.87,4.69,27.7,34.26414131470353
power,DDO170,3.3599999999999994,1.79,42.4,45.607623600671545
power,DDO170,4.86,1.01,52.5,55.16140647659205
power,DDO170,6.35,0.455,55.6,62.509067732439725
power,DDO170,7.85,0.235,58.6,67.93549808729713
power,DDO170,9.34,0.09,59.0,70.83497463849126
power,DDO170,10.830000000000002,0.045,60.0,71.64971915367943
power,DDO170,12.33,0.0,62.2,70.96491967431629
power,NGC7814,0.63,4895.763,265.0,303.341783071865
power,NGC7814,1.72,653.798,250.0,279.03367569651755
power,NGC7814,2.79,242.743,233.0,254.68689740353264
power,NGC7814,3.91,118.727,230.0,240.3599343447767
power,NGC7814,5.03,57.262,228.0,229.58805542686827
power,NGC7814,6.14,30.724,228.0,219.8515602948243
power,NGC7814,7.26,18.175,227.0,211.62373268865537
power,NGC7814,8.37,12.398,226.0,205.72647230147885
power,NGC7814,9.5,7.7989999999999995,223.0,200.64497176750677
power,NGC7814,10.65,5.062,219.0,196.38279938908704
power,NGC7814,11.74,3.222,216.0,192.776778421918
power,NGC7814,12.82,2.0389999999999997,214.0,189.2965547877323
power,NGC7814,14.01,1.2369999999999999,214.0,185.58333385919
power,NGC7814,15.09,0.81,214.0,183.18497241215755
power,NGC7814,16.18,0.53,214.0,181.3378921050629
power,NGC7814,17.36,0.33,214.0,179.07894394249016
power,NGC7814,18.44,0.215,214.0,177.2273854727522
power,NGC7814,19.53,0.0,214.0,175.54720527731337
power,F583-1,0.26,17.14,14.6,9.746013661508403
power,F583-1,0.44,15.87,10.0,14.240188988625622
power,F583-1,0.77,13.015,10.7,20.969183654461645
power,F583-1,0.89,11.58,17.4,22.909948546757896
power,F583-1,1.22,8.74,23.5,26.974173061779755
power,F583-1,1.55,5.65,31.0,29.29042154830485
power,F583-1,1.8,5.255,32.3,30.089509373744008
power,F583-1,2.21,5.07,40.9,32.19278119905789
power,F583-1,2.31,4.955,43.8,32.797600307016005
power,F583-1,2.54,4.6,44.8,34.12289099045421
power,F583-1,3.1,4.28,51.7,37.29284490998755
power,F583-1,3.43,3.8,55.7,39.85639921641506
power,F583-1,3.86,3.025,59.4,42.78513843941622
power,F583-1,4.09,2.715,62.0,44.16353094116134
power,F583-1,4.37,2.375,63.0,45.86576911804233
power,F583-1,4.76,1.95,66.6,48.17969203261589
power,F583-1,5.4,1.385,71.3,52.1085520562036
power,F583-1,5.86,1.075,72.3,54.85681222123417
power,F583-1,6.08,0.96,73.4,56.040993430282626
power,F583-1,6.43,0.805,72.4,58.05957756114821
power,F583-1,6.97,0.625,77.1,61.476145063051014
power,F583-1,7.959999999999999,0.46,80.3,67.31030080703626
power,F583-1,10.29,0.185,84.7,78.98427930901991
power,F583-1,15.49,0.0,86.9,94.32274453739649
power,F583-1,16.26,0.0,85.8,95.39593680379849
power,F568-3,0.64,33.77,12.4,20.776332202295325
power,F568-3,1.18,28.055,21.9,30.574376932534015
power,F568-3,1.8,23.15,32.3,39.05261467593313
power,F568-3,2.03,22.05,37.9,41.727882310024555
power,F568-3,2.78,18.835,53.1,50.11672501844282
power,F568-3,3.0,17.78,62.4,52.290592151225404
power,F568-3,3.6400000000000006,15.13,68.0,58.08336346126449
power,F568-3,4.19,12.645,78.0,62.58826659460625
power,F568-3,4.6,10.535,82.3,64.9111142865458
power,F568-3,5.14,9.79,85.7,67.5405908334493
power,F568-3,5.39,9.555,85.5,69.09096011111392
power,F568-3,6.3100000000000005,7.475,89.5,75.12861286399384
power,F568-3,9.1,3.99,95.2,88.78431694510815
power,F568-3,10.17,3.385,97.5,93.60056852763756
power,F568-3,11.99,2.235,101.0,99.51070783049917
power,F568-3,14.02,1.555,107.0,104.10937756960469
power,F568-3,15.94,1.205,117.0,108.4338601068593
power,F568-3,17.98,0.83,120.0,111.29993438272118
power,UGC04499,0.9100000000000001,30.345,26.0,35.83497000816804
power,UGC04499,1.8200000000000003,12.78,45.1,46.14177590683867
power,UGC04499,2.73,7.575,57.0,55.01566995873051
power,UGC04499,3.63,4.985,62.0,63.773688327551916
power,UGC04499,4.55,2.69,66.9,68.37930517472063
power,UGC04499,5.45,1.64,70.6,72.02626494717754
power,UGC04499,6.37,1.23,72.8,74.08501336787712
power,UGC04499,7.280000000000001,0.765,73.3,78.13683961067943
power,UGC04499,8.18,0.0,74.3,80.79896170535346
power,UGC06399,0.87,30.2,24.8,28.32917356371308
power,UGC06399,1.74,18.965,46.2,43.54832608634117
power,UGC06399,2.61,13.435,60.5,51.80550471898951
power,UGC06399,3.5000000000000004,9.615,69.6,60.969784287656964
power,UGC06399,4.37,5.865,77.5,66.44951088262741
power,UGC06399,5.24,3.75,82.9,71.33303641748809
power,UGC06399,6.110000000000001,2.415,84.1,74.86077978611142
power,UGC06399,6.98,1.7,85.6,77.06015636333483
power,UGC06399,7.85,0.0,87.6,78.65713644351875
power,NGC0055,1.23,29.0,28.7,40.85727337798701
power,NGC0055,1.84,19.01,37.6,50.646254815847634
power,NGC0055,2.46,14.75,43.1,57.94994504641856
power,NGC0055,3.07,10.825,50.1,64.05845709346518
power,NGC0055,3.68,8.16,58.1,69.63157839951425
power,NGC0055,4.3,6.53,64.6,74.71254918539242
power,NGC0055,4.91,5.465,68.5,78.52520415730852
power,NGC0055,5.52,4.68,72.3,81.74175322771198
power,NGC0055,6.14,4.175,74.2,84.51849094956921
power,NGC0055,6.75,3.91,78.9,86.91889935282774
power,NGC0055,7.37,3.695,82.4,89.23179600072852
power,NGC0055,7.98,3.345,84.3,91.31312354706314
power,NGC0055,8.59,2.975,85.4,93.49265099840025
power,NGC0055,9.21,2.68,85.3,95.0286389908975
power,NGC0055,9.82,2.425,86.8,95.9561740117394
power,NGC0055,10.43,2.195,85.4,96.57878925800938
power,NGC0055,11.05,1.985,85.4,96.5897087145188
power,NGC0055,11.660000000000002,1.795,86.2,96.62093512565568
power,NGC0055,12.28,1.625,86.1,97.32849741373693
power,NGC0055,12.89,1.47,87.4,98.3174026175716
power,NGC0055,13.5,0.0,86.5,99.60990881074807
power,UGC07559,0.36000000000000004,15.445,9.31,15.656171935379165
power,UGC07559,0.7200000000000001,8.48,15.9,24.272342425528542
power,UGC07559,1.08,4.5,21.4,28.88073886025813
power,UGC07559,1.45,2.455,26.1,32.50163957235594
power,UGC07559,1.8,1.015,29.7,35.40218446599138
power,UGC07559,2.17,0.695,31.1,38.66072074572257
power,UGC07559,2.5299999999999994,0.0,32.1,41.98708507569619
power,UGC07524,0.35,27.135,14.4,19.815075063530973
power,UGC07524,0.69,21.525,24.4,24.721028653488553
power,UGC07524,1.03,15.465,29.2,28.648746390313033
power,UGC07524,1.38,13.285,32.9,31.582293832542575
power,UGC07524,1.72,12.48,37.8,34.886537194886685
power,UGC07524,2.07,10.745,42.0,38.301407735821215
power,UGC07524,2.41,9.865,45.1,41.13756899171211
power,UGC07524,2.76,8.675,47.6,45.06142356997503
power,UGC07524,3.1,7.475,52.3,48.15707436847753
power,UGC07524,3.45,6.02,57.3,51.29267523887146
power,UGC07524,3.79,5.895,61.4,54.249785706716146
power,UGC07524,4.14,5.425,64.5,57.365346960532605
power,UGC07524,4.48,4.755,66.4,59.79568497628679
power,UGC07524,4.82,4.375,66.9,61.65982670050904
power,UGC07524,5.17,4.23,69.4,63.460944882460396
power,UGC07524,5.51,3.465,70.2,64.45917505203707
power,UGC07524,5.86,3.175,70.9,65.3143006071482
power,UGC07524,6.2,3.14,72.3,66.77630978779753
power,UGC07524,6.55,2.935,73.9,68.66584498681601
power,UGC07524,6.89,2.74,75.0,70.67866064853281
power,UGC07524,7.25,2.58,75.5,72.78638340029818
power,UGC07524,7.58,2.425,77.1,74.88048612274319
power,UGC07524,7.94,2.21,77.0,77.17396999112049
power,UGC07524,8.27,2.005,77.0,79.41551821990959
power,UGC07524,8.63,1.78,78.2,81.80055622965449
power,UGC07524,8.97,1.57,79.6,83.66201053968629
power,UGC07524,9.3,1.38,80.3,85.3739197081977
power,UGC07524,9.66,1.18,81.2,86.9834680497934
power,UGC07524,9.99,1.045,82.3,88.35438253119396
power,UGC07524,10.35,0.945,83.8,89.76875747242025
power,UGC07524,10.690000000000001,0.0,79.0,90.35598810889968
power,NGC5907,5.03,187.325,214.0,164.47919319195904
power,NGC5907,7.550000000000001,122.095,220.0,193.1009097727072
power,NGC5907,10.07,83.85,235.0,214.02631129049928
power,NGC5907,12.58,45.355,235.0,224.94933603051928
power,NGC5907,15.100000000000001,27.445,230.0,225.280729040818
power,NGC5907,17.61,18.065,231.0,225.87268604255704
power,NGC5907,20.130000000000003,10.685,232.0,226.98019604082637
power,NGC5907,22.65,6.1,225.0,227.31339397251372
power,NGC5907,25.16,3.685,224.0,221.95722919150384
power,NGC5907,27.68,2.36,229.0,220.41125921772388
power,NGC5907,30.200000000000003,1.575,218.0,222.41593947278946
power,NGC5907,32.71,1.04,214.0,219.16487612830997
power,NGC5907,35.23,0.65,213.0,219.3029577262142
power,NGC5907,37.75,0.4,211.0,216.14309312992359
power,NGC5907,40.260000000000005,0.25,217.0,215.63980941601147
power,NGC5907,42.78,0.155,216.0,213.15401464541736
power,NGC5907,45.29,0.1,215.0,212.25486565724262
power,NGC5907,47.81,0.06,217.0,211.34589394554672
power,NGC5907,50.330000000000005,0.0,214.0,212.46994349966224
power,DDO161,0.6,15.16,16.0,22.38068233056605
power,DDO161,0.73,13.845,16.6,25.34428050104722
power,DDO161,0.85,13.575,18.6,27.706670653264965
power,DDO161,0.98,12.855,20.0,30.477968479781183
power,DDO161,1.07,12.115,21.4,32.28641311870382
power,DDO161,1.54,8.605,28.9,40.54591895007411
power,DDO161,2.02,5.885,32.9,47.055750211614445
power,DDO161,2.49,3.77,35.2,51.873831478220126
power,DDO161,2.96,2.56,37.6,55.27864716058199
power,DDO161,3.43,1.82,40.6,57.76888307414592
power,DDO161,3.9,1.275,42.7,60.05927449531295
power,DDO161,4.37,0.87,45.5,61.89766824666673
power,DDO161,4.86,0.545,48.9,63.611685857825385
power,DDO161,5.339999999999999,0.32,51.5,65.15110135465405
power,DDO161,5.81,0.23,53.0,66.45164750871285
power,DDO161,6.28,0.18,55.0,67.86385077543831
power,DDO161,6.75,0.12,57.6,69.25193553570061
power,DDO161,7.22,0.08,59.7,70.78369220919524
power,DDO161,7.6899999999999995,0.055,60.5,72.49103156755994
power,DDO161,8.16,0.035,61.8,74.20398385961988
power,DDO161,8.64,0.025,62.9,75.59347029072316
power,DDO161,9.11,0.015,63.0,76.97984496493562
power,DDO161,9.579999999999998,0.01,64.5,77.83767429510803
power,DDO161,10.05,0.01,65.6,78.50497694204869
power,DDO161,10.52,0.005,67.5,78.44488141675741
power,DDO161,10.99,0.005,66.8,78.18052163117439
power,DDO161,11.46,0.0,66.8,77.69441505011926
power,DDO161,11.94,0.0,66.6,77.18799088234087
power,DDO161,12.41,0.0,66.8,76.63317620060414
power,DDO161,12.899999999999999,0.0,66.3,76.26200900661199
power,DDO161,13.37,0.0,66.1,75.63884087969305
power,UGC02916,0.37,6300.477999999999,183.0,114.06575050262393
power,UGC02916,0.74,3731.509,196.0,175.46492104829966
power,UGC02916,1.11,2759.745,205.0,202.27322023442497
power,UGC02916,1.48,2091.687,211.0,223.35342851127834
power,UGC02916,1.84,1581.2969999999998,214.0,241.9451055734477
power,UGC02916,2.21,1092.562,214.0,257.23650371111984
power,UGC02916,2.6,640.281,213.0,265.5896512030652
power,UGC02916,2.96,471.445,211.0,264.17964083871914
power,UGC02916,3.17,391.21299999999997,210.0,265.35287352331045
power,UGC02916,3.3300000000000005,339.00800000000004,209.0,265.02694836615865
power,UGC02916,3.7,240.152,207.0,263.7459893909519
power,UGC02916,4.07,163.963,206.0,261.4999744954987
power,UGC02916,4.44,113.81899999999999,205.0,258.31925272583766
power,UGC02916,4.81,87.041,205.0,254.66032293484642
power,UGC02916,5.18,65.893,206.0,250.9356609276979
power,UGC02916,5.550000000000001,52.465999999999994,207.0,246.84643632823196
power,UGC02916,5.92,46.905,208.0,243.11449752903883
power,UGC02916,6.28,43.519,210.0,240.00298736245017
power,UGC02916,6.34,43.177,210.0,239.55880359516112
power,UGC02916,6.65,40.663,212.0,237.38986131576542
power,UGC02916,7.03,37.056999999999995,214.0,235.0687362209364
power,UGC02916,7.39,34.563,215.0,233.10473166074001
power,UGC02916,7.77,32.379,216.0,231.14172912970602
power,UGC02916,8.14,30.368,217.0,229.64451984998882
power,UGC02916,8.51,28.498,218.0,228.1511192728068
power,UGC02916,8.88,26.791,218.0,226.72092772112765
power,UGC02916,9.25,25.202,218.0,225.6853867567844
power,UGC02916,9.52,24.099,218.0,224.82933944033468
power,UGC02916,9.62,23.707,218.0,224.52423365710513
power,UGC02916,9.99,22.317999999999998,217.0,223.4794675143684
power,UGC02916,10.4,20.869,217.0,222.38314150753632
power,UGC02916,10.710000000000003,19.837,216.0,221.79057039628745
power,UGC02916,11.12,18.562,215.0,220.94618485833035
power,UGC02916,12.67,14.42,212.0,218.7805223490564
power,UGC02916,12.98,13.715,211.0,218.51074395994704
power,UGC02916,15.86,8.585,209.0,217.67070910972166
power,UGC02916,19.05,5.11,215.0,219.85399888900696
power,UGC02916,22.14,3.095,215.0,222.56057368714914
power,UGC02916,25.34,1.84,210.0,222.59510555235678
power,UGC02916,28.53,1.095,196.0,220.338049112855
power,UGC02916,31.72,0.65,185.0,216.77395959635194
power,UGC02916,34.91,0.39,182.0,214.85654396174
power,UGC02916,38.0,0.0,181.0,213.15139774195444
power,F571-8,0.22,923.285,12.4,35.04980813344811
power,F571-8,0.7799999999999999,352.74,37.5,75.7397491240862
power,F571-8,1.33,201.605,56.5,93.29552749479801
power,F571-8,2.33,60.625,69.1,106.89654893964119
power,F571-8,3.44,17.99,85.5,107.02199030574454
power,F571-8,3.78,12.51,87.1,105.7617165323154
power,F571-8,4.77,4.255,105.0,100.8180672752648
power,F571-8,5.44,3.32,112.0,98.79456216291837
power,F571-8,6.110000000000001,3.085,116.0,96.99110005350472
power,F571-8,7.22,2.7,124.0,96.04110368171762
power,F571-8,9.33,1.4,135.0,94.7007833627889
power,F571-8,11.100000000000001,0.885,140.0,94.70411787892405
power,F571-8,15.55,0.0,144.0,93.73622551901799
power,UGC06786,0.16,11467.650999999998,160.0,106.8735064094509
power,UGC06786,0.32,6045.030999999999,177.0,163.97239225752162
power,UGC06786,0.49,3439.105,180.0,181.35734048659577
power,UGC06786,0.65,2328.701,180.0,188.70916874849135
power,UGC06786,1.3,748.901,182.0,193.98332408652868
power,UGC06786,1.46,618.26,183.0,193.57035573833696
power,UGC06786,1.62,512.731,184.0,193.10138238241998
power,UGC06786,3.72,153.479,206.0,185.60248813701645
power,UGC06786,3.89,149.026,207.0,186.03082852471766
power,UGC06786,4.05,146.021,209.0,186.47115546516704
power,UGC06786,4.22,143.492,210.0,187.39356899186552
power,UGC06786,4.26,142.876,210.0,187.66410015881655
power,UGC06786,4.38,141.16299999999998,211.0,188.5328697055174
power,UGC06786,4.54,139.095,213.0,189.99100109572814
power,UGC06786,4.71,134.86599999999999,214.0,191.96712799998912
power,UGC06786,4.86,127.92399999999999,215.0,193.7207704260766
power,UGC06786,5.02,118.34700000000001,215.0,195.36814599557962
power,UGC06786,5.18,108.802,216.0,196.58670897481252
power,UGC06786,5.35,99.405,217.0,197.59041730721995
power,UGC06786,5.51,90.34,217.0,198.19816189566188
power,UGC06786,5.68,81.915,218.0,198.44800930632175
power,UGC06786,5.84,75.925,218.0,198.5305414975571
power,UGC06786,6.0,71.035,219.0,198.54431177636553
power,UGC06786,6.15,67.405,219.0,198.597976083381
power,UGC06786,6.48,57.815,219.0,198.79233931338825
power,UGC06786,6.64,53.5,219.0,198.7549800596342
power,UGC06786,6.81,49.055,220.0,198.59899760887942
power,UGC06786,7.1,41.34,220.0,198.19752802888527
power,UGC06786,7.13,40.555,220.0,198.11541862981818
power,UGC06786,8.52,21.42,220.0,191.30730081137617
power,UGC06786,10.66,12.565,225.0,185.45070023781662
power,UGC06786,11.99,9.32,228.0,183.37558616143886
power,UGC06786,12.1,9.075,228.0,183.24525310079656
power,UGC06786,12.33,8.58,228.0,182.93023863518417
power,UGC06786,12.78,7.675,229.0,182.4140465133549
power,UGC06786,14.93,4.22,228.0,179.90928910630834
power,UGC06786,17.08,2.375,226.0,177.1429388632642
power,UGC06786,19.23,1.2,226.0,174.48422224662974
power,UGC06786,21.27,0.915,227.0,171.76663526915166
power,UGC06786,23.42,0.55,227.0,169.86865161145064
power,UGC06786,25.57,0.21,224.0,167.61143520114737
power,UGC06786,27.720000000000002,0.12,218.0,165.3985590976673
power,UGC06786,29.87,0.065,215.0,163.74625400212832
power,UGC06786,32.02,0.035,219.0,162.39671393015126
power,UGC06786,34.05,0.0,211.0,161.4121751434158
power,NGC3949,1.74,375.915,123.0,136.1778186795649
power,NGC3949,2.61,269.395,145.0,159.27721889031648
power,NGC3949,3.5000000000000004,118.65,152.0,175.35031539928102
power,NGC3949,4.37,54.35,157.0,172.7019719168308
power,NGC3949,5.24,29.72,161.0,170.64740345994352
power,NGC3949,6.110000000000001,15.04,165.0,166.4047909894003
power,NGC3949,7.069999999999999,9.45,169.0,163.6866225914275
power,UGC03205,0.28,4369.476,107.0,86.18716833946301
power,UGC03205,0.55,2593.9829999999997,121.0,134.38638546562404
power,UGC03205,0.83,1603.616,134.0,153.6470433319117
power,UGC03205,1.39,874.038,157.0,169.56796952189202
power,UGC03205,1.65,692.406,168.0,175.51224597322775
power,UGC03205,3.04,242.20600000000002,207.0,183.96362006615269
power,UGC03205,3.32,234.191,213.0,184.09665191379665
power,UGC03205,3.59,228.846,218.0,185.16253586524095
power,UGC03205,3.87,225.833,222.0,187.2278385722919
power,UGC03205,4.15,222.761,226.0,190.91336409432688
power,UGC03205,4.43,208.79299999999998,229.0,194.927668027465
power,UGC03205,4.7,193.84099999999998,232.0,198.2511027800721
power,UGC03205,4.97,178.787,234.0,200.85079830119025
power,UGC03205,5.25,169.727,235.0,203.25482992823302
power,UGC03205,5.52,162.23,236.0,206.23766161012287
power,UGC03205,5.8,151.895,237.0,209.4928272810725
power,UGC03205,6.08,140.54,237.0,212.4591774234084
power,UGC03205,6.36,128.055,237.0,215.24086918807834
power,UGC03205,6.63,115.93,236.0,217.1447889758437
power,UGC03205,6.91,104.76,236.0,218.6536324971375
power,UGC03205,7.19,94.31,235.0,219.71761407297925
power,UGC03205,7.269999999999999,91.66,234.0,219.90930527842923
power,UGC03205,7.46,85.785,234.0,220.29857412220005
power,UGC03205,8.02,71.28,231.0,221.25827292969817
power,UGC03205,8.29,64.84,229.0,221.5139876229697
power,UGC03205,8.56,58.925,228.0,221.6782820176392
power,UGC03205,8.84,53.28,226.0,221.56350363044598
power,UGC03205,9.12,48.12,224.0,221.42473260510053
power,UGC03205,9.69,39.055,221.0,220.68347060623503
power,UGC03205,12.11,16.725,216.0,214.29418240244416
power,UGC03205,14.58,8.095,220.0,208.01095902246652
power,UGC03205,14.679999999999998,7.92,220.0,207.7616567780883
power,UGC03205,15.2,7.255,221.0,206.6533787152794
power,UGC03205,15.5,6.92,221.0,206.2021283528498
power,UGC03205,15.71,6.625,221.0,205.9946337390871
power,UGC03205,16.02,6.21,221.0,205.62002760671382
power,UGC03205,16.32,5.835,221.0,205.247973227121
power,UGC03205,16.53,5.59,221.0,205.1008960235568
power,UGC03205,16.84,5.25,221.0,204.84054383998335
power,UGC03205,16.94,5.135,221.0,204.8195004772751
power,UGC03205,19.4,2.425,218.0,202.85062747140114
power,UGC03205,21.769999999999996,1.245,216.0,201.5329684598971
power,UGC03205,24.23,0.43,215.0,199.21602856788707
power,UGC03205,26.69,0.2,212.0,196.89743518731797
power,UGC03205,29.06,0.095,208.0,194.2419083244672
power,UGC03205,31.52,0.045,209.0,191.5627428504183
power,UGC03205,36.34,0.01,220.0,187.06372615317198
power,UGC03205,40.04,0.0,220.0,183.57974160986842
power,UGC07323,0.58,67.92,23.9,27.255048676429773
power,UGC07323,1.17,48.255,34.7,41.65715287743323
power,UGC07323,1.7500000000000002,35.63,42.8,51.067419285343405
power,UGC07323,2.33,27.775,51.3,57.912118478295774
power,UGC07323,2.91,21.335,57.7,64.77972461750714
power,UGC07323,3.5000000000000004,17.515,67.3,70.82746171228959
power,UGC07323,4.07,14.185,75.4,76.85201075764316
power,UGC07323,4.65,10.525,79.5,83.38980666186184
power,UGC07323,5.23,7.035,82.8,86.96213828204056
power,UGC07323,5.82,4.59,85.6,88.94560371895753
power,UGC09992,0.7799999999999999,18.19,28.1,28.937127357352292
power,UGC09992,1.55,5.11,31.3,37.79845050650485
power,UGC09992,2.34,2.34,33.0,43.73254877013088
power,UGC09992,3.1199999999999997,1.255,33.4,48.7806592304801
power,UGC09992,3.89,0.62,34.3,50.79556503199991
RAR,UGC08699,0.22,12651.755,152.0,133.80684277262927
RAR,UGC08699,0.43,5966.928999999999,167.0,197.10215074860892
RAR,UGC08699,0.65,2406.9629999999997,179.0,215.36339744172113
RAR,UGC08699,0.87,1168.105,188.0,213.37787696782007
RAR,UGC08699,1.08,684.9019999999999,195.0,206.89577555740615
RAR,UGC08699,1.31,413.678,199.0,200.0756034071881
RAR,UGC08699,1.52,293.64300000000003,202.0,193.71631938440618
RAR,UGC08699,1.73,248.097,202.0,188.31294926561446
RAR,UGC08699,1.96,216.685,202.0,184.10122866940958
RAR,UGC08699,2.17,187.292,200.0,181.4730420896421
RAR,UGC08699,2.39,152.515,196.0,179.09346660917444
RAR,UGC08699,2.6,121.735,193.0,177.06077437611023
RAR,UGC08699,2.83,95.305,189.0,174.39328084826764
RAR,UGC08699,3.04,77.75,184.0,171.8240787629818
RAR,UGC08699,5.87,42.825,170.0,157.29932365562732
RAR,UGC08699,6.08,41.665,172.0,157.66661876567696
RAR,UGC08699,6.3,40.295,174.0,158.1266821879404
RAR,UGC08699,6.52,38.805,176.0,158.6497217183892
RAR,UGC08699,6.74,37.175,178.0,159.17402376061955
RAR,UGC08699,6.95,35.865,180.0,159.68749743788032
RAR,UGC08699,7.16,34.89,182.0,160.3092011551664
RAR,UGC08699,7.39,34.04,183.0,161.10853166560767
RAR,UGC08699,7.6,33.115,184.0,162.0696887261087
RAR,UGC08699,7.82,31.685,185.0,163.13584415430657
RAR,UGC08699,8.03,30.14,186.0,164.2107635287165
RAR,UGC08699,8.26,28.225,187.0,165.3962459895625
RAR,UGC08699,8.47,26.02,187.0,166.44864635331191
RAR,UGC08699,8.68,23.51,188.0,167.34715551449582
RAR,UGC08699,8.91,20.42,188.0,168.0992459171768
RAR,UGC08699,9.53,13.39,187.0,168.53507469445847
RAR,UGC08699,9.78,11.165,187.0,168.37304982085
RAR,UGC08699,9.99,9.475,186.0,168.09174575380555
RAR,UGC08699,10.21,8.075,186.0,167.64079868879202
RAR,UGC08699,11.46,3.88,182.0,164.98401154317588
RAR,UGC08699,13.39,2.1,177.0,162.30627545845573
RAR,UGC08699,15.21,1.3,175.0,160.76274964909672
RAR,UGC08699,17.13,0.78,177.0,159.24507888076909
RAR,UGC08699,19.06,0.515,180.0,158.1358519271899
RAR,UGC08699,20.99,0.395,181.0,157.31850616778945
RAR,UGC08699,22.92,0.25,182.0,156.3005645313757
RAR,UGC08699,25.7,0.09,183.0,154.3230884992145
RAR,UGC02885,1.7,1261.373,305.0,235.66230965996417
RAR,UGC02885,3.41,440.764,257.0,236.93583193187646
RAR,UGC02885,6.82,181.567,256.0,240.51112612026705
RAR,UGC02885,13.67,62.625,271.0,250.19881199935085
RAR,UGC02885,19.49,30.74,282.0,253.9379252209091
RAR,UGC02885,23.36,23.68,287.0,259.5955832380464
RAR,UGC02885,27.24,15.375,283.0,262.77527907409694
RAR,UGC02885,31.22,9.245,280.0,263.0043289242978
RAR,UGC02885,35.1,6.995,280.0,263.29128441939343
RAR,UGC02885,38.97,4.93,281.0,265.6214361148471
RAR,UGC02885,42.85,3.32,282.0,267.36310665341006
RAR,UGC02885,46.73,2.615,287.0,264.4549164390693
RAR,UGC02885,50.71,2.395,292.0,267.8086609501134
RAR,UGC02885,54.57999999999999,1.73,298.0,272.75504954863163
RAR,UGC02885,58.459999999999994,0.97,298.0,274.9501340693431
RAR,UGC02885,62.34,0.69,298.0,274.1394629055465
RAR,UGC02885,66.21,0.5,298.0,273.71805011713406
RAR,UGC02885,70.19,0.355,298.0,275.79232293411366
RAR,UGC02885,74.07,0.0,298.0,275.7718040825054
RAR,UGC07151,0.5,83.79,24.2,28.437082749707233
RAR,UGC07151,1.0,50.585,42.0,42.52822898327408
RAR,UGC07151,1.5,33.555,59.4,50.79534428133194
RAR,UGC07151,2.0,17.635,63.9,57.69592300010414
RAR,UGC07151,2.49,12.45,66.0,62.31822067519792
RAR,UGC07151,3.0,9.12,67.2,65.88141839712523
RAR,UGC07151,3.49,6.53,68.7,67.41495652501895
RAR,UGC07151,4.0,6.065,71.3,71.75526605338698
RAR,UGC07151,4.49,5.505,72.5,74.26790019189865
RAR,UGC07151,5.01,3.865,74.0,77.09277813756164
RAR,UGC07151,5.5,2.5,76.2,79.994883185069
RAR,NGC3877,0.87,376.865,37.8,81.86642260170512
RAR,NGC3877,1.74,236.53,80.1,97.52027058322874
RAR,NGC3877,2.61,184.11,121.0,107.61480135983588
RAR,NGC3877,3.5000000000000004,158.68,142.0,119.59102426897543
RAR,NGC3877,4.37,144.745,153.0,131.3728570644317
RAR,NGC3877,5.24,135.915,160.0,145.62327357783383
RAR,NGC3877,6.110000000000001,118.3,162.0,163.00174941988564
RAR,NGC3877,6.98,86.6,167.0,174.27895861559105
RAR,NGC3877,7.85,66.025,169.0,180.22622693981558
RAR,NGC3877,8.72,50.62,171.0,185.2123130157831
RAR,NGC3877,9.6,33.495,171.0,188.7147138432275
RAR,NGC3877,10.47,21.67,170.0,187.250224715344
RAR,NGC3877,11.35,15.525,169.0,186.37677192432506
RAR,NGC6946,0.19,4341.86,153.0,195.86485942972774
RAR,NGC6946,0.56,1013.0559999999999,130.0,149.4696309505529
RAR,NGC6946,0.94,556.168,128.0,136.93517198249907
RAR,NGC6946,1.22,492.562,134.0,134.6884604765859
RAR,NGC6946,1.59,401.215,129.0,136.76577209912406
RAR,NGC6946,1.96,339.7,131.0,139.05907598111372
RAR,NGC6946,2.34,320.63,138.0,144.35969811056387
RAR,NGC6946,2.71,264.905,139.0,152.3373002859215
RAR,NGC6946,2.99,235.81,143.0,154.67922643756282
RAR,NGC6946,3.37,202.225,146.0,158.9349821905319
RAR,NGC6946,3.74,174.44,154.0,161.90095796727311
RAR,NGC6946,4.12,159.685,161.0,164.9138735350961
RAR,NGC6946,4.4,150.01,167.0,167.8652922403317
RAR,NGC6946,4.77,133.935,173.0,171.98800412961984
RAR,NGC6946,5.15,120.985,176.0,176.1685542195692
RAR,NGC6946,5.52,103.995,178.0,181.4382454709526
RAR,NGC6946,5.889999999999999,70.85,180.0,183.11907183872978
RAR,NGC6946,6.169999999999999,63.095,179.0,182.2249326950874
RAR,NGC6946,6.55,61.97,180.0,183.30220991014957
RAR,NGC6946,6.92,49.23,181.0,185.25982187422082
RAR,NGC6946,7.3,36.255,179.0,185.13806648909278
RAR,NGC6946,7.58,30.065,179.0,184.131262923134
RAR,NGC6946,7.95,24.675,179.0,182.41611591028106
RAR,NGC6946,8.33,23.205,178.0,180.8609714274567
RAR,NGC6946,8.7,23.415,177.0,180.96128433184847
RAR,NGC6946,9.08,20.52,176.0,181.11457869577023
RAR,NGC6946,9.36,17.775,173.0,180.86550644458663
RAR,NGC6946,9.730000000000002,15.05,172.0,180.05696748452507
RAR,NGC6946,10.1,12.985,172.0,179.43080473939222
RAR,NGC6946,10.48,11.165,170.0,178.68374713702386
RAR,NGC6946,10.76,9.95,171.0,178.13753467660408
RAR,NGC6946,11.13,8.565,174.0,177.2349910699511
RAR,NGC6946,11.509999999999998,7.31,174.0,176.62742265166256
RAR,NGC6946,11.88,6.29,175.0,176.08366736976015
RAR,NGC6946,12.26,5.385,174.0,175.69545571052464
RAR,NGC6946,12.54,4.795,173.0,175.49888104012723
RAR,NGC6946,12.91,4.135,173.0,175.2726812358205
RAR,NGC6946,13.289999999999997,3.53,173.0,175.2257730775494
RAR,NGC6946,13.66,3.04,175.0,175.28368735754523
RAR,NGC6946,14.03,2.61,174.0,175.2384718343939
RAR,NGC6946,14.31,2.325,171.0,175.23684607549487
RAR,NGC6946,14.690000000000001,1.995,167.0,174.46723607704445
RAR,NGC6946,15.06,1.71,165.0,173.4419732430608
RAR,NGC6946,15.44,1.47,163.0,172.7436413957235
RAR,NGC6946,15.72,1.305,162.0,172.46555330350316
RAR,NGC6946,16.09,1.125,161.0,168.38742677707154
RAR,NGC6946,16.47,0.965,159.0,167.88283176328463
RAR,NGC6946,16.84,0.825,158.0,167.44518388590984
RAR,NGC6946,17.21,0.71,157.0,167.01124871795724
RAR,NGC6946,17.5,0.63,157.0,166.66447037303394
RAR,NGC6946,17.87,0.545,157.0,166.26230814854378
RAR,NGC6946,18.24,0.465,160.0,165.9040396101199
RAR,NGC6946,18.62,0.4,159.0,165.54816573628028
RAR,NGC6946,18.9,0.355,160.0,165.28061049475951
RAR,NGC6946,19.27,0.305,158.0,165.02973311574243
RAR,NGC6946,19.65,0.26,155.0,164.85145996074854
RAR,NGC6946,20.02,0.0,157.0,164.32194535048328
RAR,NGC6946,20.4,0.0,154.0,163.85295150846272
RAR,UGC10310,1.1,24.47,33.2,31.065421395429237
RAR,UGC10310,2.21,13.795,54.6,48.566032299854484
RAR,UGC10310,3.31,7.515,65.7,57.939992834791724
RAR,UGC10310,4.42,3.695,69.2,64.81988601059028
RAR,UGC10310,5.52,2.38,70.9,73.95634681765061
RAR,UGC10310,6.64,1.205,72.4,79.63754334548803
RAR,UGC10310,7.74,0.0,73.2,81.07222947784216
RAR,F565-V2,1.26,6.29,21.7,25.004756013339687
RAR,F565-V2,2.51,2.845,40.3,38.32735964595789
RAR,F565-V2,3.78,2.005,57.7,47.19539858572804
RAR,F565-V2,5.03,0.8,68.5,53.538029927665384
RAR,F565-V2,6.29,0.79,73.5,60.965195555815164
RAR,F565-V2,7.54,0.3,78.5,67.1512513417176
RAR,F565-V2,8.8,0.105,83.1,71.49973357817164
RAR,F583-4,0.22,34.59,10.7,10.248557656717063
RAR,F583-4,0.76,30.035,24.7,25.5628246289466
RAR,F583-4,1.31,21.02,38.9,36.444576996910925
RAR,F583-4,1.9400000000000002,15.535,42.7,44.4226138243235
RAR,F583-4,3.92,4.82,55.0,57.7437714413525
RAR,F583-4,4.35,4.34,57.2,59.44478860249826
RAR,F583-4,4.999999999999999,3.19,59.8,62.261669209953176
RAR,F583-4,5.05,3.1,62.5,62.41593093729161
RAR,F583-4,5.830000000000001,1.85,61.8,64.67055849719117
RAR,F583-4,6.09,1.76,64.4,65.4189502385728
RAR,F583-4,6.74,1.445,67.2,68.5669364543257
RAR,F583-4,7.29,0.0,69.9,68.71029870359295
RAR,NGC7331,2.6699999999999995,1014.705,221.0,258.6923934392705
RAR,NGC7331,3.21,847.715,237.0,272.48212221903975
RAR,NGC7331,3.74,604.78,249.0,284.95554285611627
RAR,NGC7331,4.27,439.71,250.0,286.99835839014935
RAR,NGC7331,4.81,359.49,253.0,286.7257011747021
RAR,NGC7331,5.35,279.195,257.0,289.6169185975704
RAR,NGC7331,5.88,207.765,257.0,286.7315473929441
RAR,NGC7331,6.41,167.31,257.0,284.77669831848254
RAR,NGC7331,7.48,98.475,257.0,278.32553118575197
RAR,NGC7331,8.55,62.855,255.0,268.03664557481306
RAR,NGC7331,9.62,54.38,248.0,263.16180094465676
RAR,NGC7331,10.66,39.85,247.0,259.3394549163254
RAR,NGC7331,11.74,34.435,246.0,255.7692601300683
RAR,NGC7331,12.83,27.54,244.0,254.11045059726138
RAR,NGC7331,13.91,21.71,242.0,252.3216897525979
RAR,NGC7331,15.0,17.685,238.0,250.10542635252096
RAR,NGC7331,16.08,15.335,236.0,248.37350086965714
RAR,NGC7331,17.07,13.66,233.0,247.55219491402985
RAR,NGC7331,18.15,11.915,234.0,247.75708846877708
RAR,NGC7331,19.24,9.99,236.0,248.5343939623871
RAR,NGC7331,20.32,7.085,237.0,248.61785838349536
RAR,NGC7331,21.41,4.69,238.0,247.20263078078736
RAR,NGC7331,22.49,3.785,240.0,245.8009454506536
RAR,NGC7331,23.48,3.24,238.0,244.85264679906646
RAR,NGC7331,24.570000000000004,2.67,237.0,242.98302522787554
RAR,NGC7331,25.650000000000002,2.195,236.0,241.39705221110526
RAR,NGC7331,26.74,1.765,238.0,240.10510533945302
RAR,NGC7331,27.82,1.415,239.0,238.6304003614579
RAR,NGC7331,28.91,1.14,239.0,236.94426942063438
RAR,NGC7331,29.89,0.935,241.0,235.37186065466219
RAR,NGC7331,30.98,0.755,236.0,233.74503105483487
RAR,NGC7331,32.06,0.61,236.0,232.54026053817873
RAR,NGC7331,33.15,0.49,239.0,231.76428753162767
RAR,NGC7331,34.23,0.395,237.0,231.0118615044104
RAR,NGC7331,35.32,0.0,241.0,230.08325148490295
RAR,NGC7331,36.31,0.0,238.0,228.5224311033437
RAR,NGC2955,0.75,3824.5060000000003,169.0,144.7342892582622
RAR,NGC2955,1.55,2060.536,203.0,197.69726590475872
RAR,NGC2955,2.3,1438.186,232.0,223.28144702589736
RAR,NGC2955,3.06,946.2180000000001,256.0,248.09508594500122
RAR,NGC2955,3.85,574.648,248.0,261.0132980571992
RAR,NGC2955,4.61,390.472,253.0,266.8020932345649
RAR,NGC2955,5.36,284.626,269.0,268.6219370717642
RAR,NGC2955,6.12,230.888,268.0,269.44161235856996
RAR,NGC2955,6.91,194.523,260.0,270.76099735572865
RAR,NGC2955,7.66,160.916,245.0,273.080815221721
RAR,NGC2955,8.42,118.298,247.0,273.0708289671569
RAR,NGC2955,8.86,100.46499999999999,267.0,272.15726935318764
RAR,NGC2955,9.21,90.57900000000001,255.0,271.07596199205466
RAR,NGC2955,10.819999999999999,65.75800000000001,253.0,266.9362599829928
RAR,NGC2955,11.56,56.184000000000005,271.0,265.483844508773
RAR,NGC2955,12.4,51.717,276.0,264.0710973609939
RAR,NGC2955,14.17,40.51,275.0,265.0389098018628
RAR,NGC2955,16.88,25.49,275.0,264.7173799047081
RAR,NGC2955,19.49,18.055,276.0,267.7757726980864
RAR,NGC2955,22.19,8.81,267.0,267.09720703250713
RAR,NGC2955,24.8,6.4,257.0,265.2976826740301
RAR,NGC2955,27.51,4.805,254.0,262.4232781480381
RAR,NGC2955,30.12,3.35,248.0,259.8719037711745
RAR,NGC2955,35.43,1.855,227.0,257.80572586920016
RAR,UGCA442,0.41999999999999993,5.525,14.2,14.746644481566971
RAR,UGCA442,1.26,2.905,28.6,31.698571944439344
RAR,UGCA442,2.11,1.375,41.0,43.58959760556281
RAR,UGCA442,2.96,0.5,49.0,49.79389320798317
RAR,UGCA442,3.79,0.36,54.8,52.781984504612254
RAR,UGCA442,4.65,0.215,56.4,53.463933337855075
RAR,UGCA442,5.48,0.09,57.8,52.12603372433946
RAR,UGCA442,6.33,0.0,56.5,50.687441895435654
RAR,NGC2976,0.11,200.62,6.8,13.652366199804545
RAR,NGC2976,0.17,192.525,9.5,17.407508587283896
RAR,NGC2976,0.24,176.775,14.0,21.535966627091753
RAR,NGC2976,0.31,163.4,19.8,25.112672404395422
RAR,NGC2976,0.38,153.25,26.1,28.263777004871844
RAR,NGC2976,0.45,147.465,28.7,31.217651475616556
RAR,NGC2976,0.52,143.405,28.7,34.12665802920525
RAR,NGC2976,0.59,138.64,31.7,36.990066281841834
RAR,NGC2976,0.6600000000000001,133.17,35.5,39.74077526110482
RAR,NGC2976,0.73,129.185,39.4,42.390233023990056
RAR,NGC2976,0.8,125.03,42.9,44.94128272551123
RAR,NGC2976,0.87,122.28,46.0,47.449905864019314
RAR,NGC2976,0.94,122.765,49.1,50.087658851747726
RAR,NGC2976,1.01,124.135,49.2,53.101517654736874
RAR,NGC2976,1.08,118.94,51.4,56.23704782153629
RAR,NGC2976,1.14,115.0,57.2,58.8918493283866
RAR,NGC2976,1.21,114.425,63.8,62.26010184056854
RAR,NGC2976,1.29,108.16,67.8,66.05735127836849
RAR,NGC2976,1.35,101.63,69.8,68.87860414109663
RAR,NGC2976,1.42,94.71,71.7,71.88071203679164
RAR,NGC2976,1.4899999999999998,87.03,74.1,74.74236257053764
RAR,NGC2976,1.5599999999999998,77.705,76.7,77.47978845459531
RAR,NGC2976,1.63,67.295,79.9,79.69883480428793
RAR,NGC2976,1.74,49.97,83.6,82.30666494166447
RAR,NGC2976,1.93,29.21,83.9,82.3950595586116
RAR,NGC2976,2.1,23.045,88.7,81.97324410063992
RAR,NGC2976,2.27,20.765,85.3,82.00190394946308
RAR,DDO154,0.49,7.965,13.8,19.77360177731664
RAR,DDO154,0.99,2.76,21.6,27.208126385616666
RAR,DDO154,1.48,0.63,28.9,31.65648477381945
RAR,DDO154,1.97,0.145,34.3,35.555501689997975
RAR,DDO154,2.4700000000000006,0.04,38.2,38.46619618227405
RAR,DDO154,2.96,0.01,42.0,41.411704977554145
RAR,DDO154,3.46,0.005,44.6,44.38930060163485
RAR,DDO154,3.9499999999999997,0.0,46.3,45.967949206850804
RAR,DDO154,4.44,0.0,47.4,46.514110869305966
RAR,DDO154,4.940000000000001,0.0,48.2,46.81030967435523
RAR,DDO154,5.43,0.0,47.4,46.834693252974105
RAR,DDO154,5.92,0.0,45.5,46.769509128989235
RAR,DDO170,1.87,4.69,27.7,35.01420554560689
RAR,DDO170,3.3599999999999994,1.79,42.4,46.61731661375645
RAR,DDO170,4.86,1.01,52.5,56.37165097884793
RAR,DDO170,6.35,0.455,55.6,63.899483681049084
RAR,DDO170,7.85,0.235,58.6,69.49779402777264
RAR,DDO170,9.34,0.09,59.0,72.5559114307356
RAR,DDO170,10.830000000000002,0.045,60.0,73.48874299261082
RAR,DDO170,12.33,0.0,62.2,72.85597817626383
RAR,NGC7814,0.63,4895.763,265.0,290.3178485104584
RAR,NGC7814,1.72,653.798,250.0,259.72109451929106
RAR,NGC7814,2.79,242.743,233.0,234.83538325182445
RAR,NGC7814,3.91,118.727,230.0,221.7267651980608
RAR,NGC7814,5.03,57.262,228.0,212.78898804029728
RAR,NGC7814,6.14,30.724,228.0,205.1324419449881
RAR,NGC7814,7.26,18.175,227.0,198.93433632723963
RAR,NGC7814,8.37,12.398,226.0,194.76608318055446
RAR,NGC7814,9.5,7.7989999999999995,223.0,191.2704680282988
RAR,NGC7814,10.65,5.062,219.0,188.42789965890543
RAR,NGC7814,11.74,3.222,216.0,186.03344769490087
RAR,NGC7814,12.82,2.0389999999999997,214.0,183.66438428865382
RAR,NGC7814,14.01,1.2369999999999999,214.0,181.0728603780283
RAR,NGC7814,15.09,0.81,214.0,179.51263631652418
RAR,NGC7814,16.18,0.53,214.0,178.39095641540194
RAR,NGC7814,17.36,0.33,214.0,176.88059579477437
RAR,NGC7814,18.44,0.215,214.0,175.6400199463244
RAR,NGC7814,19.53,0.0,214.0,174.5127467183353
RAR,F583-1,0.26,17.14,14.6,10.008413708197168
RAR,F583-1,0.44,15.87,10.0,14.609100969287365
RAR,F583-1,0.77,13.015,10.7,21.4607891722523
RAR,F583-1,0.89,11.58,17.4,23.43568614483817
RAR,F583-1,1.22,8.74,23.5,27.588300957767014
RAR,F583-1,1.55,5.65,31.0,29.99027896805759
RAR,F583-1,1.8,5.255,32.3,30.844127623918133
RAR,F583-1,2.21,5.07,40.9,33.02211544389586
RAR,F583-1,2.31,4.955,43.8,33.644476196225924
RAR,F583-1,2.54,4.6,44.8,35.00834668920891
RAR,F583-1,3.1,4.28,51.7,38.266629040079934
RAR,F583-1,3.43,3.8,55.7,40.887348829547676
RAR,F583-1,3.86,3.025,59.4,43.88312392148865
RAR,F583-1,4.09,2.715,62.0,45.29467226388637
RAR,F583-1,4.37,2.375,63.0,47.03648871049082
RAR,F583-1,4.76,1.95,66.6,49.4034448790759
RAR,F583-1,5.4,1.385,71.3,53.41556219817394
RAR,F583-1,5.86,1.075,72.3,56.219843019330824
RAR,F583-1,6.08,0.96,73.4,57.42963380405769
RAR,F583-1,6.43,0.805,72.4,59.48797028481324
RAR,F583-1,6.97,0.625,77.1,62.96222757592487
RAR,F583-1,7.959999999999999,0.46,80.3,68.89160933046523
RAR,F583-1,10.29,0.185,84.7,80.76110757110156
RAR,F583-1,15.49,0.0,86.9,96.52589568892778
RAR,F583-1,16.26,0.0,85.8,97.66038830584256
RAR,F568-3,0.64,33.77,12.4,21.20289047527223
RAR,F568-3,1.18,28.055,21.9,31.091566391867634
RAR,F568-3,1.8,23.15,32.3,39.64560150433789
RAR,F568-3,2.03,22.05,37.9,42.34774020777676
RAR,F568-3,2.78,18.835,53.1,50.789014496074145
RAR,F568-3,3.0,17.78,62.4,52.97897287638035
RAR,F568-3,3.6400000000000006,15.13,68.0,58.819919545752164
RAR,F568-3,4.19,12.645,78.0,63.36609287485888
RAR,F568-3,4.6,10.535,82.3,65.75639467212433
RAR,F568-3,5.14,9.79,85.7,68.48058978495986
RAR,F568-3,5.39,9.555,85.5,70.05659012326966
RAR,F568-3,6.3100000000000005,7.475,89.5,76.15765188130781
RAR,F568-3,9.1,3.99,95.2,90.07945594675611
RAR,F568-3,10.17,3.385,97.5,94.98001329090455
RAR,F568-3,11.99,2.235,101.0,101.08873851305613
RAR,F568-3,14.02,1.555,107.0,105.93264520694241
RAR,F568-3,15.94,1.205,117.0,110.45217114915775
RAR,F568-3,17.98,0.83,120.0,113.53672293162305
RAR,UGC04499,0.9100000000000001,30.345,26.0,35.779169140280025
RAR,UGC04499,1.8200000000000003,12.78,45.1,46.384261089467735
RAR,UGC04499,2.73,7.575,57.0,55.40502483765099
RAR,UGC04499,3.63,4.985,62.0,64.20257253076437
RAR,UGC04499,4.55,2.69,66.9,69.03201819493837
RAR,UGC04499,5.45,1.64,70.6,72.88311993231825
RAR,UGC04499,6.37,1.23,72.8,75.17645145178753
RAR,UGC04499,7.280000000000001,0.765,73.3,79.34453670241487
RAR,UGC04499,8.18,0.0,74.3,82.15078773897538
RAR,UGC06399,0.87,30.2,24.8,28.69230294213518
RAR,UGC06399,1.74,18.965,46.2,43.88120004412404
RAR,UGC06399,2.61,13.435,60.5,52.29898127907313
RAR,UGC06399,3.5000000000000004,9.615,69.6,61.48738456891603
RAR,UGC06399,4.37,5.865,77.5,67.11908214453082
RAR,UGC06399,5.24,3.75,82.9,72.13893796875607
RAR,UGC06399,6.110000000000001,2.415,84.1,75.83271214928787
RAR,UGC06399,6.98,1.7,85.6,78.22183018211359
RAR,UGC06399,7.85,0.0,87.6,79.9976605561412
RAR,NGC0055,1.23,29.0,28.7,40.853660853796285
RAR,NGC0055,1.84,19.01,37.6,50.59078289592042
RAR,NGC0055,2.46,14.75,43.1,57.93216547366231
RAR,NGC0055,3.07,10.825,50.1,64.08911225104315
RAR,NGC0055,3.68,8.16,58.1,69.70191882836791
RAR,NGC0055,4.3,6.53,64.6,74.82869924705798
RAR,NGC0055,4.91,5.465,68.5,78.74152505470357
RAR,NGC0055,5.52,4.68,72.3,82.07398731838558
RAR,NGC0055,6.14,4.175,74.2,84.97862994549146
RAR,NGC0055,6.75,3.91,78.9,87.50647434750957
RAR,NGC0055,7.37,3.695,82.4,89.93969248783813
RAR,NGC0055,7.98,3.345,84.3,92.13639632850105
RAR,NGC0055,8.59,2.975,85.4,94.4140944334481
RAR,NGC0055,9.21,2.68,85.3,96.07433563966148
RAR,NGC0055,9.82,2.425,86.8,97.14050224851312
RAR,NGC0055,10.43,2.195,85.4,97.90227155247027
RAR,NGC0055,11.05,1.985,85.4,98.06541168320365
RAR,NGC0055,11.660000000000002,1.795,86.2,98.22974604750775
RAR,NGC0055,12.28,1.625,86.1,99.03813912482053
RAR,NGC0055,12.89,1.47,87.4,100.11011190080886
RAR,NGC0055,13.5,0.0,86.5,101.4721512354362
RAR,UGC07559,0.36000000000000004,15.445,9.31,15.974612448770797
RAR,UGC07559,0.7200000000000001,8.48,15.9,24.663073499936413
RAR,UGC07559,1.08,4.5,21.4,29.387230615115648
RAR,UGC07559,1.45,2.455,26.1,33.11572028945214
RAR,UGC07559,1.8,1.015,29.7,36.10585353160568
RAR,UGC07559,2.17,0.695,31.1,39.4379042895987
RAR,UGC07559,2.5299999999999994,0.0,32.1,42.82098061547066
RAR,UGC07524,0.35,27.135,14.4,19.94749452136606
RAR,UGC07524,0.69,21.525,24.4,25.0664869423346
RAR,UGC07524,1.03,15.465,29.2,29.12918947282998
RAR,UGC07524,1.38,13.285,32.9,32.18456562419843
RAR,UGC07524,1.72,12.48,37.8,35.56799365183656
RAR,UGC07524,2.07,10.745,42.0,39.04829224976275
RAR,UGC07524,2.41,9.865,45.1,41.94787530128468
RAR,UGC07524,2.76,8.675,47.6,45.90285324557284
RAR,UGC07524,3.1,7.475,52.3,49.03786481280365
RAR,UGC07524,3.45,6.02,57.3,52.207744068896524
RAR,UGC07524,3.79,5.895,61.4,55.19404761057922
RAR,UGC07524,4.14,5.425,64.5,58.330913413475265
RAR,UGC07524,4.48,4.755,66.4,60.79609896440338
RAR,UGC07524,4.82,4.375,66.9,62.709442328805906
RAR,UGC07524,5.17,4.23,69.4,64.56068764487428
RAR,UGC07524,5.51,3.465,70.2,65.62617741330425
RAR,UGC07524,5.86,3.175,70.9,66.54942721927846
RAR,UGC07524,6.2,3.14,72.3,68.05704395794066
RAR,UGC07524,6.55,2.935,73.9,69.98147199023025
RAR,UGC07524,6.89,2.74,75.0,72.0216235498407
RAR,UGC07524,7.25,2.58,75.5,74.15663666995584
RAR,UGC07524,7.58,2.425,77.1,76.26943831274728
RAR,UGC07524,7.94,2.21,77.0,78.58068426063046
RAR,UGC07524,8.27,2.005,77.0,80.83224355058672
RAR,UGC07524,8.63,1.78,78.2,83.22735061707138
RAR,UGC07524,8.97,1.57,79.6,85.10834662238757
RAR,UGC07524,9.3,1.38,80.3,86.84070475238585
RAR,UGC07524,9.66,1.18,81.2,88.4792369037525
RAR,UGC07524,9.99,1.045,82.3,89.87872905925663
RAR,UGC07524,10.35,0.945,83.8,91.32546817611374
RAR,UGC07524,10.690000000000001,0.0,79.0,91.96476821955875
RAR,NGC5907,5.03,187.325,214.0,155.36096614183927
RAR,NGC5907,7.550000000000001,122.095,220.0,182.97608859447553
RAR,NGC5907,10.07,83.85,235.0,203.45084105905948
RAR,NGC5907,12.58,45.355,235.0,214.8951061475497
RAR,NGC5907,15.100000000000001,27.445,230.0,216.84119991891802
RAR,NGC5907,17.61,18.065,231.0,218.81032026601494
RAR,NGC5907,20.130000000000003,10.685,232.0,221.0750058970254
RAR,NGC5907,22.65,6.1,225.0,222.51034622615674
RAR,NGC5907,25.16,3.685,224.0,218.6960025388127
RAR,NGC5907,27.68,2.36,229.0,218.16884470992008
RAR,NGC5907,30.200000000000003,1.575,218.0,220.77405149969462
RAR,NGC5907,32.71,1.04,214.0,218.48956084540106
RAR,NGC5907,35.23,0.65,213.0,219.23557179226196
RAR,NGC5907,37.75,0.4,211.0,216.8520049542855
RAR,NGC5907,40.260000000000005,0.25,217.0,216.86751224056383
RAR,NGC5907,42.78,0.155,216.0,214.96381505900843
RAR,NGC5907,45.29,0.1,215.0,214.4966222691074
RAR,NGC5907,47.81,0.06,217.0,213.97674880824044
RAR,NGC5907,50.330000000000005,0.0,214.0,215.3637880749955
RAR,DDO161,0.6,15.16,16.0,22.72929701388476
RAR,DDO161,0.73,13.845,16.6,25.703066718331964
RAR,DDO161,0.85,13.575,18.6,28.078650606159414
RAR,DDO161,0.98,12.855,20.0,30.844381390647268
RAR,DDO161,1.07,12.115,21.4,32.64801028310439
RAR,DDO161,1.54,8.605,28.9,40.883427185174234
RAR,DDO161,2.02,5.885,32.9,47.40655111787204
RAR,DDO161,2.49,3.77,35.2,52.28486688335846
RAR,DDO161,2.96,2.56,37.6,55.79830178450598
RAR,DDO161,3.43,1.82,40.6,58.41814216858831
RAR,DDO161,3.9,1.275,42.7,60.824529028621896
RAR,DDO161,4.37,0.87,45.5,62.78011206495907
RAR,DDO161,4.86,0.545,48.9,64.6069899196601
RAR,DDO161,5.339999999999999,0.32,51.5,66.24770411752579
RAR,DDO161,5.81,0.23,53.0,67.64242926007638
RAR,DDO161,6.28,0.18,55.0,69.13596009363079
RAR,DDO161,6.75,0.12,57.6,70.59856874907973
RAR,DDO161,7.22,0.08,59.7,72.19560725943951
RAR,DDO161,7.6899999999999995,0.055,60.5,73.96010939563105
RAR,DDO161,8.16,0.035,61.8,75.72675524790147
RAR,DDO161,8.64,0.025,62.9,77.17474364957464
RAR,DDO161,9.11,0.015,63.0,78.61471350465698
RAR,DDO161,9.579999999999998,0.01,64.5,79.5313540840144
RAR,DDO161,10.05,0.01,65.6,80.25580868889998
RAR,DDO161,10.52,0.005,67.5,80.25514262860676
RAR,DDO161,10.99,0.005,66.8,80.04330908229163
RAR,DDO161,11.46,0.0,66.8,79.60135454405398
RAR,DDO161,11.94,0.0,66.6,79.13040146349536
RAR,DDO161,12.41,0.0,66.8,78.60127426155582
RAR,DDO161,12.899999999999999,0.0,66.3,78.25061618800875
RAR,DDO161,13.37,0.0,66.1,77.63697131007943
RAR,UGC02916,0.37,6300.477999999999,183.0,105.67137916545435
RAR,UGC02916,0.74,3731.509,196.0,163.04335461893587
RAR,UGC02916,1.11,2759.745,205.0,187.53561058962305
RAR,UGC02916,1.48,2091.687,211.0,206.77744115657413
RAR,UGC02916,1.84,1581.2969999999998,214.0,223.7982793425981
RAR,UGC02916,2.21,1092.562,214.0,237.74955113089416
RAR,UGC02916,2.6,640.281,213.0,245.1933840262611
RAR,UGC02916,2.96,471.445,211.0,243.60908950923164
RAR,UGC02916,3.17,391.21299999999997,210.0,244.61152299316154
RAR,UGC02916,3.3300000000000005,339.00800000000004,209.0,244.26304283779356
RAR,UGC02916,3.7,240.152,207.0,243.04675447354722
RAR,UGC02916,4.07,163.963,206.0,241.03851133737172
RAR,UGC02916,4.44,113.81899999999999,205.0,238.2617973705879
RAR,UGC02916,4.81,87.041,205.0,235.1265401800275
RAR,UGC02916,5.18,65.893,206.0,231.99508677456276
RAR,UGC02916,5.550000000000001,52.465999999999994,207.0,228.588524032358
RAR,UGC02916,5.92,46.905,208.0,225.54256837781594
RAR,UGC02916,6.28,43.519,210.0,223.0694075202873
RAR,UGC02916,6.34,43.177,210.0,222.72521806026427
RAR,UGC02916,6.65,40.663,212.0,221.06514404667013
RAR,UGC02916,7.03,37.056999999999995,214.0,219.33993426325307
RAR,UGC02916,7.39,34.563,215.0,217.91985754134794
RAR,UGC02916,7.77,32.379,216.0,216.52183416637916
RAR,UGC02916,8.14,30.368,217.0,215.5256402621042
RAR,UGC02916,8.51,28.498,218.0,214.53180207215019
RAR,UGC02916,8.88,26.791,218.0,213.59109433196787
RAR,UGC02916,9.25,25.202,218.0,212.99268013512537
RAR,UGC02916,9.52,24.099,218.0,212.46535714526792
RAR,UGC02916,9.62,23.707,218.0,212.27988469349697
RAR,UGC02916,9.99,22.317999999999998,217.0,211.66409646597927
RAR,UGC02916,10.4,20.869,217.0,211.02921243652995
RAR,UGC02916,10.710000000000003,19.837,216.0,210.75151944806498
RAR,UGC02916,11.12,18.562,215.0,210.32484445859103
RAR,UGC02916,12.67,14.42,212.0,209.54577114123344
RAR,UGC02916,12.98,13.715,211.0,209.5210778669543
RAR,UGC02916,15.86,8.585,209.0,210.5837118432862
RAR,UGC02916,19.05,5.11,215.0,214.21506193029353
RAR,UGC02916,22.14,3.095,215.0,218.04181335957463
RAR,UGC02916,25.34,1.84,210.0,219.33740805225537
RAR,UGC02916,28.53,1.095,196.0,218.37325733555514
RAR,UGC02916,31.72,0.65,185.0,216.0323106960501
RAR,UGC02916,34.91,0.39,182.0,215.04473708482666
RAR,UGC02916,38.0,0.0,181.0,214.1099802649906
RAR,F571-8,0.22,923.285,12.4,33.06198352923632
RAR,F571-8,0.7799999999999999,352.74,37.5,70.80546628411663
RAR,F571-8,1.33,201.605,56.5,87.53104987303021
RAR,F571-8,2.33,60.625,69.1,101.31875369104337
RAR,F571-8,3.44,17.99,85.5,103.05417699387276
RAR,F571-8,3.78,12.51,87.1,102.36057169886064
RAR,F571-8,4.77,4.255,105.0,98.97882606117048
RAR,F571-8,5.44,3.32,112.0,97.70040925923172
RAR,F571-8,6.110000000000001,3.085,116.0,96.51345612697335
RAR,F571-8,7.22,2.7,124.0,96.2462901055667
RAR,F571-8,9.33,1.4,135.0,95.79975721602571
RAR,F571-8,11.100000000000001,0.885,140.0,96.2591542519941
RAR,F571-8,15.55,0.0,144.0,95.94838348641319
RAR,UGC06786,0.16,11467.650999999998,160.0,100.53273311692739
RAR,UGC06786,0.32,6045.030999999999,177.0,154.86992920420676
RAR,UGC06786,0.49,3439.105,180.0,170.33918220708125
RAR,UGC06786,0.65,2328.701,180.0,176.38744417492032
RAR,UGC06786,1.3,748.901,182.0,179.2138597777344
RAR,UGC06786,1.46,618.26,183.0,178.61136619887037
RAR,UGC06786,1.62,512.731,184.0,178.0398655591899
RAR,UGC06786,3.72,153.479,206.0,172.46925934935567
RAR,UGC06786,3.89,149.026,207.0,173.02977943333758
RAR,UGC06786,4.05,146.021,209.0,173.59083540231214
RAR,UGC06786,4.22,143.492,210.0,174.58856018520908
RAR,UGC06786,4.26,142.876,210.0,174.87040581736034
RAR,UGC06786,4.38,141.16299999999998,211.0,175.76588216152234
RAR,UGC06786,4.54,139.095,213.0,177.22287670259897
RAR,UGC06786,4.71,134.86599999999999,214.0,179.14507927106297
RAR,UGC06786,4.86,127.92399999999999,215.0,180.8477762948993
RAR,UGC06786,5.02,118.34700000000001,215.0,182.4651681052127
RAR,UGC06786,5.18,108.802,216.0,183.70289820049
RAR,UGC06786,5.35,99.405,217.0,184.75999517604365
RAR,UGC06786,5.51,90.34,217.0,185.4570318686658
RAR,UGC06786,5.68,81.915,218.0,185.84831881113215
RAR,UGC06786,5.84,75.925,218.0,186.08153271972003
RAR,UGC06786,6.0,71.035,219.0,186.2534558017629
RAR,UGC06786,6.15,67.405,219.0,186.44952289924458
RAR,UGC06786,6.48,57.815,219.0,186.94434663243246
RAR,UGC06786,6.64,53.5,219.0,187.0670525536861
RAR,UGC06786,6.81,49.055,220.0,187.09419475506095
RAR,UGC06786,7.1,41.34,220.0,187.01868630892432
RAR,UGC06786,7.13,40.555,220.0,186.97509612632743
RAR,UGC06786,8.52,21.42,220.0,182.26943228399728
RAR,UGC06786,10.66,12.565,225.0,178.81703102668163
RAR,UGC06786,11.99,9.32,228.0,177.89339920476243
RAR,UGC06786,12.1,9.075,228.0,177.84877288504703
RAR,UGC06786,12.33,8.58,228.0,177.71558064472146
RAR,UGC06786,12.78,7.675,229.0,177.53530404274588
RAR,UGC06786,14.93,4.22,228.0,176.49616500445913
RAR,UGC06786,17.08,2.375,226.0,175.0084009492037
RAR,UGC06786,19.23,1.2,226.0,173.43299024447174
RAR,UGC06786,21.27,0.915,227.0,171.61084171784316
RAR,UGC06786,23.42,0.55,227.0,170.4526169522074
RAR,UGC06786,25.57,0.21,224.0,168.84815587799463
RAR,UGC06786,27.720000000000002,0.12,218.0,167.1857593961708
RAR,UGC06786,29.87,0.065,215.0,165.97286784254746
RAR,UGC06786,32.02,0.035,219.0,164.98350373012283
RAR,UGC06786,34.05,0.0,211.0,164.2788597466036
RAR,NGC3949,1.74,375.915,123.0,126.17342981454547
RAR,NGC3949,2.61,269.395,145.0,147.8480987409412
RAR,NGC3949,3.5000000000000004,118.65,152.0,163.14547797358563
RAR,NGC3949,4.37,54.35,157.0,161.81574090463275
RAR,NGC3949,5.24,29.72,161.0,160.99682040258315
RAR,NGC3949,6.110000000000001,15.04,165.0,158.20555983678216
RAR,NGC3949,7.069999999999999,9.45,169.0,156.75680567816403
RAR,UGC03205,0.28,4369.476,107.0,79.55074914040623
RAR,UGC03205,0.55,2593.9829999999997,121.0,124.36376072119309
RAR,UGC03205,0.83,1603.616,134.0,141.91980469448922
RAR,UGC03205,1.39,874.038,157.0,156.27459630902592
RAR,UGC03205,1.65,692.406,168.0,161.73843523247925
RAR,UGC03205,3.04,242.20600000000002,207.0,170.31551787339055
RAR,UGC03205,3.32,234.191,213.0,170.71351415799742
RAR,UGC03205,3.59,228.846,218.0,171.94167314233948
RAR,UGC03205,3.87,225.833,222.0,174.06872457925073
RAR,UGC03205,4.15,222.761,226.0,177.62650034297056
RAR,UGC03205,4.43,208.79299999999998,229.0,181.46767374113313
RAR,UGC03205,4.7,193.84099999999998,232.0,184.6806761126004
RAR,UGC03205,4.97,178.787,234.0,187.2486293766287
RAR,UGC03205,5.25,169.727,235.0,189.6488856167843
RAR,UGC03205,5.52,162.23,236.0,192.54432020444864
RAR,UGC03205,5.8,151.895,237.0,195.6838381311171
RAR,UGC03205,6.08,140.54,237.0,198.5633420092731
RAR,UGC03205,6.36,128.055,237.0,201.2750644828244
RAR,UGC03205,6.63,115.93,236.0,203.2006412948611
RAR,UGC03205,6.91,104.76,236.0,204.78427682285795
RAR,UGC03205,7.19,94.31,235.0,205.9735309226314
RAR,UGC03205,7.269999999999999,91.66,234.0,206.21410870923256
RAR,UGC03205,7.46,85.785,234.0,206.72660962288583
RAR,UGC03205,8.02,71.28,231.0,208.06483105258638
RAR,UGC03205,8.29,64.84,229.0,208.5243777806167
RAR,UGC03205,8.56,58.925,228.0,208.90108946026442
RAR,UGC03205,8.84,53.28,226.0,209.0390545076467
RAR,UGC03205,9.12,48.12,224.0,209.15306684540636
RAR,UGC03205,9.69,39.055,221.0,208.97402948981235
RAR,UGC03205,12.11,16.725,216.0,205.21653383636857
RAR,UGC03205,14.58,8.095,220.0,201.29646149651168
RAR,UGC03205,14.679999999999998,7.92,220.0,201.1358877895742
RAR,UGC03205,15.2,7.255,221.0,200.45963703844717
RAR,UGC03205,15.5,6.92,221.0,200.23059855711193
RAR,UGC03205,15.71,6.625,221.0,200.16416331685414
RAR,UGC03205,16.02,6.21,221.0,200.00237189731908
RAR,UGC03205,16.32,5.835,221.0,199.83377033546182
RAR,UGC03205,16.53,5.59,221.0,199.81449341775811
RAR,UGC03205,16.84,5.25,221.0,199.7447425023562
RAR,UGC03205,16.94,5.135,221.0,199.77756258155503
RAR,UGC03205,19.4,2.425,218.0,199.18953965111848
RAR,UGC03205,21.769999999999996,1.245,216.0,198.97662826518103
RAR,UGC03205,24.23,0.43,215.0,197.74595004176814
RAR,UGC03205,26.69,0.2,212.0,196.3733113122429
RAR,UGC03205,29.06,0.095,208.0,194.54271124741175
RAR,UGC03205,31.52,0.045,209.0,192.60109104197124
RAR,UGC03205,36.34,0.01,220.0,189.22460225075656
RAR,UGC03205,40.04,0.0,220.0,186.3995668834804
RAR,UGC07323,0.58,67.92,23.9,27.31079866969297
RAR,UGC07323,1.17,48.255,34.7,41.51272819157531
RAR,UGC07323,1.7500000000000002,35.63,42.8,50.880993419029856
RAR,UGC07323,2.33,27.775,51.3,57.778157827798246
RAR,UGC07323,2.91,21.335,57.7,64.62529482179241
RAR,UGC07323,3.5000000000000004,17.515,67.3,70.67515288013351
RAR,UGC07323,4.07,14.185,75.4,76.6502621229161
RAR,UGC07323,4.65,10.525,79.5,83.07402749951747
RAR,UGC07323,5.23,7.035,82.8,86.74581881097784
RAR,UGC07323,5.82,4.59,85.6,88.93244404652062
RAR,UGC09992,0.7799999999999999,18.19,28.1,29.172699733562393
RAR,UGC09992,1.55,5.11,31.3,38.28379608972877
RAR,UGC09992,2.34,2.34,33.0,44.43783326578693
RAR,UGC09992,3.1199999999999997,1.255,33.4,49.65078241920179
RAR,UGC09992,3.89,0.62,34.3,51.855265563875776
density_p1,UGC08699,0.22,12651.755,152.0,133.8482168988117
density_p1,UGC08699,0.43,5966.928999999999,167.0,197.79260289377893
density_p1,UGC08699,0.65,2406.9629999999997,179.0,217.39466699304205
density_p1,UGC08699,0.87,1168.105,188.0,217.39219412618584
density_p1,UGC08699,1.08,684.9019999999999,195.0,213.19914502991134
density_p1,UGC08699,1.31,413.678,199.0,209.73416252108592
density_p1,UGC08699,1.52,293.64300000000003,202.0,206.13400581050598
density_p1,UGC08699,1.73,248.097,202.0,201.29721974778167
density_p1,UGC08699,1.96,216.685,202.0,197.17663839798223
density_p1,UGC08699,2.17,187.292,200.0,195.37716459222307
density_p1,UGC08699,2.39,152.515,196.0,195.3143870025576
density_p1,UGC08699,2.6,121.735,193.0,196.72491265295056
density_p1,UGC08699,2.83,95.305,189.0,198.25009640709948
density_p1,UGC08699,3.04,77.75,184.0,199.31458952903037
density_p1,UGC08699,5.87,42.825,170.0,176.95920273403735
density_p1,UGC08699,6.08,41.665,172.0,177.12158657908418
density_p1,UGC08699,6.3,40.295,174.0,177.58905497062267
density_p1,UGC08699,6.52,38.805,176.0,178.32341393495287
density_p1,UGC08699,6.74,37.175,178.0,179.25902454052178
density_p1,UGC08699,6.95,35.865,180.0,180.03605040425327
density_p1,UGC08699,7.16,34.89,182.0,180.7439799873257
density_p1,UGC08699,7.39,34.04,183.0,181.5598107278752
density_p1,UGC08699,7.6,33.115,184.0,182.87489632340436
density_p1,UGC08699,7.82,31.685,185.0,184.88579341824388
density_p1,UGC08699,8.03,30.14,186.0,187.19740238211733
density_p1,UGC08699,8.26,28.225,187.0,190.15318273023806
density_p1,UGC08699,8.47,26.02,187.0,193.57107702431927
density_p1,UGC08699,8.68,23.51,188.0,197.4503448808261
density_p1,UGC08699,8.91,20.42,188.0,202.32945698957892
density_p1,UGC08699,9.53,13.39,187.0,213.5355181005464
density_p1,UGC08699,9.78,11.165,187.0,217.3222615088605
density_p1,UGC08699,9.99,9.475,186.0,220.23292600174392
density_p1,UGC08699,10.21,8.075,186.0,222.28978549263033
density_p1,UGC08699,11.46,3.88,182.0,224.67601308084272
density_p1,UGC08699,13.39,2.1,177.0,216.4923231199137
density_p1,UGC08699,15.21,1.3,175.0,208.38087728362066
density_p1,UGC08699,17.13,0.78,177.0,199.63977366901128
density_p1,UGC08699,19.06,0.515,180.0,191.46953579096882
density_p1,UGC08699,20.99,0.395,181.0,184.01990955785664
density_p1,UGC08699,22.92,0.25,182.0,176.90685088190992
density_p1,UGC08699,25.7,0.09,183.0,166.46042700364103
density_p1,UGC02885,1.7,1261.373,305.0,237.22896070173493
density_p1,UGC02885,3.41,440.764,257.0,239.828772954111
density_p1,UGC02885,6.82,181.567,256.0,244.88400679790607
density_p1,UGC02885,13.67,62.625,271.0,267.75416501959455
density_p1,UGC02885,19.49,30.74,282.0,287.4609210590927
density_p1,UGC02885,23.36,23.68,287.0,297.62603928152254
density_p1,UGC02885,27.24,15.375,283.0,312.7660197593575
density_p1,UGC02885,31.22,9.245,280.0,323.6463995244078
density_p1,UGC02885,35.1,6.995,280.0,323.382406085655
density_p1,UGC02885,38.97,4.93,281.0,328.2504732156211
density_p1,UGC02885,42.85,3.32,282.0,331.2448269335689
density_p1,UGC02885,46.73,2.615,287.0,320.5704717708317
density_p1,UGC02885,50.71,2.395,292.0,319.96252755083907
density_p1,UGC02885,54.57999999999999,1.73,298.0,326.11205917914975
density_p1,UGC02885,58.459999999999994,0.97,298.0,328.01683123481325
density_p1,UGC02885,62.34,0.69,298.0,321.0996714939744
density_p1,UGC02885,66.21,0.5,298.0,314.8017869977644
density_p1,UGC02885,70.19,0.355,298.0,313.29429114803077
density_p1,UGC02885,74.07,0.0,298.0,309.6382706105443
density_p1,UGC07151,0.5,83.79,24.2,22.167789913862347
density_p1,UGC07151,1.0,50.585,42.0,37.360815855288074
density_p1,UGC07151,1.5,33.555,59.4,47.29230665506124
density_p1,UGC07151,2.0,17.635,63.9,59.42412078955577
density_p1,UGC07151,2.49,12.45,66.0,66.2717735480226
density_p1,UGC07151,3.0,9.12,67.2,71.21065856550244
density_p1,UGC07151,3.49,6.53,68.7,72.96118922296216
density_p1,UGC07151,4.0,6.065,71.3,77.90519421841674
density_p1,UGC07151,4.49,5.505,72.5,80.04437900613873
density_p1,UGC07151,5.01,3.865,74.0,84.37920497708609
density_p1,UGC07151,5.5,2.5,76.2,89.17437329614285
density_p1,NGC3877,0.87,376.865,37.8,77.37581969556689
density_p1,NGC3877,1.74,236.53,80.1,90.49738332042183
density_p1,NGC3877,2.61,184.11,121.0,98.40516949975844
density_p1,NGC3877,3.5000000000000004,158.68,142.0,109.30806533909238
density_p1,NGC3877,4.37,144.745,153.0,120.51997473073168
density_p1,NGC3877,5.24,135.915,160.0,135.34013858534252
density_p1,NGC3877,6.110000000000001,118.3,162.0,156.57392149484448
density_p1,NGC3877,6.98,86.6,167.0,175.16079887284303
density_p1,NGC3877,7.85,66.025,169.0,187.2732920270512
density_p1,NGC3877,8.72,50.62,171.0,199.32474064642946
density_p1,NGC3877,9.6,33.495,171.0,215.93126847573026
density_p1,NGC3877,10.47,21.67,170.0,226.02959022374577
density_p1,NGC3877,11.35,15.525,169.0,232.46246061027117
density_p1,NGC6946,0.19,4341.86,153.0,197.20483067582038
density_p1,NGC6946,0.56,1013.0559999999999,130.0,152.08381341633458
density_p1,NGC6946,0.94,556.168,128.0,138.65520269184168
density_p1,NGC6946,1.22,492.562,134.0,134.49806656844675
density_p1,NGC6946,1.59,401.215,129.0,135.33420239870233
density_p1,NGC6946,1.96,339.7,131.0,136.53287908020286
density_p1,NGC6946,2.34,320.63,138.0,140.5960208661779
density_p1,NGC6946,2.71,264.905,139.0,149.83828134248586
density_p1,NGC6946,2.99,235.81,143.0,152.3208810040462
density_p1,NGC6946,3.37,202.225,146.0,157.38488404163664
density_p1,NGC6946,3.74,174.44,154.0,161.24101438458015
density_p1,NGC6946,4.12,159.685,161.0,164.37927318032354
density_p1,NGC6946,4.4,150.01,167.0,167.75511724753494
density_p1,NGC6946,4.77,133.935,173.0,173.39497431598264
density_p1,NGC6946,5.15,120.985,176.0,179.13798578926247
density_p1,NGC6946,5.52,103.995,178.0,188.07646899541487
density_p1,NGC6946,5.889999999999999,70.85,180.0,199.8182144826236
density_p1,NGC6946,6.169999999999999,63.095,179.0,200.74314544704154
density_p1,NGC6946,6.55,61.97,180.0,200.7988367182759
density_p1,NGC6946,6.92,49.23,181.0,209.91041089715887
density_p1,NGC6946,7.3,36.255,179.0,219.30742817788948
density_p1,NGC6946,7.58,30.065,179.0,223.44955930490372
density_p1,NGC6946,7.95,24.675,179.0,226.17755713771058
density_p1,NGC6946,8.33,23.205,178.0,223.6216397662795
density_p1,NGC6946,8.7,23.415,177.0,221.34932628742345
density_p1,NGC6946,9.08,20.52,176.0,224.52265660320268
density_p1,NGC6946,9.36,17.775,173.0,227.86855724290524
density_p1,NGC6946,9.730000000000002,15.05,172.0,230.30286014105357
density_p1,NGC6946,10.1,12.985,172.0,232.13223626252696
density_p1,NGC6946,10.48,11.165,170.0,233.4994526475831
density_p1,NGC6946,10.76,9.95,171.0,234.426580026241
density_p1,NGC6946,11.13,8.565,174.0,234.92554180100396
density_p1,NGC6946,11.509999999999998,7.31,174.0,235.83868299242945
density_p1,NGC6946,11.88,6.29,175.0,236.38133566788562
density_p1,NGC6946,12.26,5.385,174.0,236.97834900489443
density_p1,NGC6946,12.54,4.795,173.0,237.4280659651355
density_p1,NGC6946,12.91,4.135,173.0,237.74301119587096
density_p1,NGC6946,13.289999999999997,3.53,173.0,238.283934693451
density_p1,NGC6946,13.66,3.04,175.0,238.7123524901917
density_p1,NGC6946,14.03,2.61,174.0,238.74215194569092
density_p1,NGC6946,14.31,2.325,171.0,238.699959532704
density_p1,NGC6946,14.690000000000001,1.995,167.0,236.7865231544542
density_p1,NGC6946,15.06,1.71,165.0,234.20914824960354
density_p1,NGC6946,15.44,1.47,163.0,232.12042283144146
density_p1,NGC6946,15.72,1.305,162.0,231.06092445703914
density_p1,NGC6946,16.09,1.125,161.0,221.57100801744608
density_p1,NGC6946,16.47,0.965,159.0,219.63725848990356
density_p1,NGC6946,16.84,0.825,158.0,217.83043486106118
density_p1,NGC6946,17.21,0.71,157.0,215.94830446205535
density_p1,NGC6946,17.5,0.63,157.0,214.43466653886773
density_p1,NGC6946,17.87,0.545,157.0,212.53770835326506
density_p1,NGC6946,18.24,0.465,160.0,210.74115406111437
density_p1,NGC6946,18.62,0.4,159.0,208.87322956326815
density_p1,NGC6946,18.9,0.355,160.0,207.49237637160334
density_p1,NGC6946,19.27,0.305,158.0,205.86358900154355
density_p1,NGC6946,19.65,0.26,155.0,204.35479040936514
density_p1,NGC6946,20.02,0.0,157.0,203.16559611514072
density_p1,NGC6946,20.4,0.0,154.0,200.90051114069377
density_p1,UGC10310,1.1,24.47,33.2,24.198824933787627
density_p1,UGC10310,2.21,13.795,54.6,44.6642308269146
density_p1,UGC10310,3.31,7.515,65.7,56.54235755844558
density_p1,UGC10310,4.42,3.695,69.2,65.65849162539344
density_p1,UGC10310,5.52,2.38,70.9,77.96291773530784
density_p1,UGC10310,6.64,1.205,72.4,84.79797813956401
density_p1,UGC10310,7.74,0.0,73.2,84.76724927624674
density_p1,F565-V2,1.26,6.29,21.7,18.701530954633835
density_p1,F565-V2,2.51,2.845,40.3,32.570221100234484
density_p1,F565-V2,3.78,2.005,57.7,40.87792120854392
density_p1,F565-V2,5.03,0.8,68.5,46.88691241763102
density_p1,F565-V2,6.29,0.79,73.5,54.21013760985112
density_p1,F565-V2,7.54,0.3,78.5,60.65483538467306
density_p1,F565-V2,8.8,0.105,83.1,64.09358988140036
density_p1,F583-4,0.22,34.59,10.7,5.866443120091285
density_p1,F583-4,0.76,30.035,24.7,19.055916310543665
density_p1,F583-4,1.31,21.02,38.9,30.762563521916142
density_p1,F583-4,1.9400000000000002,15.535,42.7,39.42867994770984
density_p1,F583-4,3.92,4.82,55.0,54.999473904584406
density_p1,F583-4,4.35,4.34,57.2,56.07834688055971
density_p1,F583-4,4.999999999999999,3.19,59.8,58.87055817614582
density_p1,F583-4,5.05,3.1,62.5,58.9989704730207
density_p1,F583-4,5.830000000000001,1.85,61.8,60.850322775556464
density_p1,F583-4,6.09,1.76,64.4,61.161370020904215
density_p1,F583-4,6.74,1.445,67.2,64.32666418009433
density_p1,F583-4,7.29,0.0,69.9,64.54964832860671
density_p1,NGC7331,2.6699999999999995,1014.705,221.0,259.27443659286
density_p1,NGC7331,3.21,847.715,237.0,273.54457570002165
density_p1,NGC7331,3.74,604.78,249.0,288.7868187516644
density_p1,NGC7331,4.27,439.71,250.0,293.54807685052594
density_p1,NGC7331,4.81,359.49,253.0,294.6282595890757
density_p1,NGC7331,5.35,279.195,257.0,301.2840572345736
density_p1,NGC7331,5.88,207.765,257.0,303.47540537114185
density_p1,NGC7331,6.41,167.31,257.0,305.6646741921902
density_p1,NGC7331,7.48,98.475,257.0,313.6258739983457
density_p1,NGC7331,8.55,62.855,255.0,316.34989848199024
density_p1,NGC7331,9.62,54.38,248.0,311.7282134225075
density_p1,NGC7331,10.66,39.85,247.0,318.1932005102898
density_p1,NGC7331,11.74,34.435,246.0,315.5807116027059
density_p1,NGC7331,12.83,27.54,244.0,320.42919864631375
density_p1,NGC7331,13.91,21.71,242.0,325.67139784799866
density_p1,NGC7331,15.0,17.685,238.0,327.7617070287383
density_p1,NGC7331,16.08,15.335,236.0,327.0349453583656
density_p1,NGC7331,17.07,13.66,233.0,326.83201266687485
density_p1,NGC7331,18.15,11.915,234.0,329.0204666091009
density_p1,NGC7331,19.24,9.99,236.0,333.75279227344487
density_p1,NGC7331,20.32,7.085,237.0,342.9116064164069
density_p1,NGC7331,21.41,4.69,238.0,348.49676101110566
density_p1,NGC7331,22.49,3.785,240.0,346.5509092884292
density_p1,NGC7331,23.48,3.24,238.0,343.9895499570877
density_p1,NGC7331,24.570000000000004,2.67,237.0,339.4029267581548
density_p1,NGC7331,25.650000000000002,2.195,236.0,335.040893622856
density_p1,NGC7331,26.74,1.765,238.0,331.15381419554734
density_p1,NGC7331,27.82,1.415,239.0,326.5268044254267
density_p1,NGC7331,28.91,1.14,239.0,321.04307068417125
density_p1,NGC7331,29.89,0.935,241.0,315.8222306483142
density_p1,NGC7331,30.98,0.755,236.0,310.08210789938914
density_p1,NGC7331,32.06,0.61,236.0,305.17092248984375
density_p1,NGC7331,33.15,0.49,239.0,301.0947109111892
density_p1,NGC7331,34.23,0.395,237.0,297.0386011564834
density_p1,NGC7331,35.32,0.0,241.0,294.66948120715443
density_p1,NGC7331,36.31,0.0,238.0,288.70842830416103
density_p1,NGC2955,0.75,3824.5060000000003,169.0,142.71389021689987
density_p1,NGC2955,1.55,2060.536,203.0,195.40656846613456
density_p1,NGC2955,2.3,1438.186,232.0,220.4356571502202
density_p1,NGC2955,3.06,946.2180000000001,256.0,246.4173682071574
density_p1,NGC2955,3.85,574.648,248.0,261.96576757645715
density_p1,NGC2955,4.61,390.472,253.0,270.7312566316127
density_p1,NGC2955,5.36,284.626,269.0,275.6279190812261
density_p1,NGC2955,6.12,230.888,268.0,278.1920024824774
density_p1,NGC2955,6.91,194.523,260.0,281.0130802437792
density_p1,NGC2955,7.66,160.916,245.0,286.56410748445325
density_p1,NGC2955,8.42,118.298,247.0,294.4282232070253
density_p1,NGC2955,8.86,100.46499999999999,267.0,298.04953149030183
density_p1,NGC2955,9.21,90.57900000000001,255.0,299.60313382333857
density_p1,NGC2955,10.819999999999999,65.75800000000001,253.0,302.00529396596454
density_p1,NGC2955,11.56,56.184000000000005,271.0,304.764357452537
density_p1,NGC2955,12.4,51.717,276.0,303.40520337322073
density_p1,NGC2955,14.17,40.51,275.0,310.93221949974924
density_p1,NGC2955,16.88,25.49,275.0,325.80365571990166
density_p1,NGC2955,19.49,18.055,276.0,340.4364835492341
density_p1,NGC2955,22.19,8.81,267.0,364.3965383232262
density_p1,NGC2955,24.8,6.4,257.0,363.3501818721351
density_p1,NGC2955,27.51,4.805,254.0,356.7968390750628
density_p1,NGC2955,30.12,3.35,248.0,351.5815981759048
density_p1,NGC2955,35.43,1.855,227.0,340.64903542337277
density_p1,UGCA442,0.41999999999999993,5.525,14.2,11.36515097731149
density_p1,UGCA442,1.26,2.905,28.6,30.464561029639054
density_p1,UGCA442,2.11,1.375,41.0,45.23693902857688
density_p1,UGCA442,2.96,0.5,49.0,51.21438177046173
density_p1,UGCA442,3.79,0.36,54.8,51.74800750400462
density_p1,UGCA442,4.65,0.215,56.4,48.932162467251565
density_p1,UGCA442,5.48,0.09,57.8,43.74210688487483
density_p1,UGCA442,6.33,0.0,56.5,39.10670938083502
density_p1,NGC2976,0.11,200.62,6.8,9.652582694847636
density_p1,NGC2976,0.17,192.525,9.5,12.555944597520423
density_p1,NGC2976,0.24,176.775,14.0,16.064817464835752
density_p1,NGC2976,0.31,163.4,19.8,19.187587114423604
density_p1,NGC2976,0.38,153.25,26.1,21.96564352653455
density_p1,NGC2976,0.45,147.465,28.7,24.58258559255229
density_p1,NGC2976,0.52,143.405,28.7,27.223590316097347
density_p1,NGC2976,0.59,138.64,31.7,29.922148432595613
density_p1,NGC2976,0.6600000000000001,133.17,35.5,32.59184665835666
density_p1,NGC2976,0.73,129.185,39.4,35.170820561140296
density_p1,NGC2976,0.8,125.03,42.9,37.703161001497214
density_p1,NGC2976,0.87,122.28,46.0,40.1893833691474
density_p1,NGC2976,0.94,122.765,49.1,42.7467083063915
density_p1,NGC2976,1.01,124.135,49.2,45.78286568838733
density_p1,NGC2976,1.08,118.94,51.4,49.35625164183447
density_p1,NGC2976,1.14,115.0,57.2,52.41727091108211
density_p1,NGC2976,1.21,114.425,63.8,56.15238737047792
density_p1,NGC2976,1.29,108.16,67.8,60.82133608877723
density_p1,NGC2976,1.35,101.63,69.8,64.55076870907456
density_p1,NGC2976,1.42,94.71,71.7,68.6023147726006
density_p1,NGC2976,1.4899999999999998,87.03,74.1,72.73465820857827
density_p1,NGC2976,1.5599999999999998,77.705,76.7,77.18873671548259
density_p1,NGC2976,1.63,67.295,79.9,81.50767778078158
density_p1,NGC2976,1.74,49.97,83.6,88.58247426973315
density_p1,NGC2976,1.93,29.21,83.9,95.47508160577507
density_p1,NGC2976,2.1,23.045,88.7,96.86173577805958
density_p1,NGC2976,2.27,20.765,85.3,96.79189534990968
density_p1,DDO154,0.49,7.965,13.8,17.508847098806054
density_p1,DDO154,0.99,2.76,21.6,25.56763484346604
density_p1,DDO154,1.48,0.63,28.9,29.857903352030267
density_p1,DDO154,1.97,0.145,34.3,33.16972743657582
density_p1,DDO154,2.4700000000000006,0.04,38.2,34.97258593212101
density_p1,DDO154,2.96,0.01,42.0,37.16070096694151
density_p1,DDO154,3.46,0.005,44.6,39.55418659424353
density_p1,DDO154,3.9499999999999997,0.0,46.3,39.91084780127971
density_p1,DDO154,4.44,0.0,47.4,38.82528310465111
density_p1,DDO154,4.940000000000001,0.0,48.2,37.531770409041265
density_p1,DDO154,5.43,0.0,47.4,36.05952346523661
density_p1,DDO154,5.92,0.0,45.5,34.62858261687233
density_p1,DDO170,1.87,4.69,27.7,30.160924842481688
density_p1,DDO170,3.3599999999999994,1.79,42.4,42.12614896130179
density_p1,DDO170,4.86,1.01,52.5,51.99775591275712
density_p1,DDO170,6.35,0.455,55.6,59.249880023526664
density_p1,DDO170,7.85,0.235,58.6,63.60264439573431
density_p1,DDO170,9.34,0.09,59.0,64.25232751065951
density_p1,DDO170,10.830000000000002,0.045,60.0,61.8815721894239
density_p1,DDO170,12.33,0.0,62.2,57.66559405019289
density_p1,NGC7814,0.63,4895.763,265.0,291.97593593304117
density_p1,NGC7814,1.72,653.798,250.0,268.06111388831954
density_p1,NGC7814,2.79,242.743,233.0,250.98983002899743
density_p1,NGC7814,3.91,118.727,230.0,248.15166391925746
density_p1,NGC7814,5.03,57.262,228.0,257.4090324033625
density_p1,NGC7814,6.14,30.724,228.0,267.1793559299738
density_p1,NGC7814,7.26,18.175,227.0,273.24803517989204
density_p1,NGC7814,8.37,12.398,226.0,273.94937128317594
density_p1,NGC7814,9.5,7.7989999999999995,223.0,275.7520279579989
density_p1,NGC7814,10.65,5.062,219.0,274.19402680851977
density_p1,NGC7814,11.74,3.222,216.0,271.32262034605145
density_p1,NGC7814,12.82,2.0389999999999997,214.0,266.1189886295544
density_p1,NGC7814,14.01,1.2369999999999999,214.0,258.368112971401
density_p1,NGC7814,15.09,0.81,214.0,251.86737018939212
density_p1,NGC7814,16.18,0.53,214.0,245.82513960489388
density_p1,NGC7814,17.36,0.33,214.0,238.43169835410168
density_p1,NGC7814,18.44,0.215,214.0,231.92183771422552
density_p1,NGC7814,19.53,0.0,214.0,226.40455270210643
density_p1,F583-1,0.26,17.14,14.6,5.895184332434902
density_p1,F583-1,0.44,15.87,10.0,9.621868194408792
density_p1,F583-1,0.77,13.015,10.7,15.89624524693148
density_p1,F583-1,0.89,11.58,17.4,17.87403027347976
density_p1,F583-1,1.22,8.74,23.5,21.90806448548429
density_p1,F583-1,1.55,5.65,31.0,24.19090176704666
density_p1,F583-1,1.8,5.255,32.3,24.082990999030848
density_p1,F583-1,2.21,5.07,40.9,25.122284650509442
density_p1,F583-1,2.31,4.955,43.8,25.569355959192364
density_p1,F583-1,2.54,4.6,44.8,26.58955690052003
density_p1,F583-1,3.1,4.28,51.7,28.960133992452874
density_p1,F583-1,3.43,3.8,55.7,31.62384811322824
density_p1,F583-1,3.86,3.025,59.4,34.76473928011105
density_p1,F583-1,4.09,2.715,62.0,36.17596401062215
density_p1,F583-1,4.37,2.375,63.0,37.96122424014336
density_p1,F583-1,4.76,1.95,66.6,40.422393642164494
density_p1,F583-1,5.4,1.385,71.3,44.77141937522376
density_p1,F583-1,5.86,1.075,72.3,47.839271191769676
density_p1,F583-1,6.08,0.96,73.4,49.10552573121177
density_p1,F583-1,6.43,0.805,72.4,51.34361308982461
density_p1,F583-1,6.97,0.625,77.1,55.30581748550955
density_p1,F583-1,7.959999999999999,0.46,80.3,61.92926946013891
density_p1,F583-1,10.29,0.185,84.7,74.89746843963955
density_p1,F583-1,15.49,0.0,86.9,87.98665633365574
density_p1,F583-1,16.26,0.0,85.8,88.10359027163277
density_p1,F568-3,0.64,33.77,12.4,14.299396518977094
density_p1,F568-3,1.18,28.055,21.9,23.028668383765567
density_p1,F568-3,1.8,23.15,32.3,31.125215898264827
density_p1,F568-3,2.03,22.05,37.9,33.674566391870826
density_p1,F568-3,2.78,18.835,53.1,42.246424285285926
density_p1,F568-3,3.0,17.78,62.4,44.622375329282654
density_p1,F568-3,3.6400000000000006,15.13,68.0,51.118415895488006
density_p1,F568-3,4.19,12.645,78.0,56.722313744508845
density_p1,F568-3,4.6,10.535,82.3,59.91462096102919
density_p1,F568-3,5.14,9.79,85.7,62.284533315803216
density_p1,F568-3,5.39,9.555,85.5,63.86401756988266
density_p1,F568-3,6.3100000000000005,7.475,89.5,71.68846867775987
density_p1,F568-3,9.1,3.99,95.2,88.60809156052058
density_p1,F568-3,10.17,3.385,97.5,94.25778518453545
density_p1,F568-3,11.99,2.235,101.0,100.96927088816552
density_p1,F568-3,14.02,1.555,107.0,104.686752252054
density_p1,F568-3,15.94,1.205,117.0,108.03940152003042
density_p1,F568-3,17.98,0.83,120.0,109.0896021961035
density_p1,UGC04499,0.9100000000000001,30.345,26.0,31.779621018285884
density_p1,UGC04499,1.8200000000000003,12.78,45.1,44.74206698565804
density_p1,UGC04499,2.73,7.575,57.0,56.08261720746424
density_p1,UGC04499,3.63,4.985,62.0,67.8751622823941
density_p1,UGC04499,4.55,2.69,66.9,73.8284511314201
density_p1,UGC04499,5.45,1.64,70.6,77.49422391396654
density_p1,UGC04499,6.37,1.23,72.8,77.81298509029682
density_p1,UGC04499,7.280000000000001,0.765,73.3,82.13669526379825
density_p1,UGC04499,8.18,0.0,74.3,84.9457918945684
density_p1,UGC06399,0.87,30.2,24.8,22.156877767123973
density_p1,UGC06399,1.74,18.965,46.2,38.90002084917476
density_p1,UGC06399,2.61,13.435,60.5,47.96489947565047
density_p1,UGC06399,3.5000000000000004,9.615,69.6,59.66148747656645
density_p1,UGC06399,4.37,5.865,77.5,67.55309954935731
density_p1,UGC06399,5.24,3.75,82.9,74.19849799698581
density_p1,UGC06399,6.110000000000001,2.415,84.1,78.37127078045705
density_p1,UGC06399,6.98,1.7,85.6,79.81967372377531
density_p1,UGC06399,7.85,0.0,87.6,82.33828710893327
density_p1,NGC0055,1.23,29.0,28.7,36.140594896017625
density_p1,NGC0055,1.84,19.01,37.6,48.54349315557713
density_p1,NGC0055,2.46,14.75,43.1,57.490774418819335
density_p1,NGC0055,3.07,10.825,50.1,66.02408052242436
density_p1,NGC0055,3.68,8.16,58.1,74.01354648547104
density_p1,NGC0055,4.3,6.53,64.6,80.9836356827352
density_p1,NGC0055,4.91,5.465,68.5,85.73824242885664
density_p1,NGC0055,5.52,4.68,72.3,89.45975540229871
density_p1,NGC0055,6.14,4.175,74.2,92.22572306361783
density_p1,NGC0055,6.75,3.91,78.9,94.19525840105034
density_p1,NGC0055,7.37,3.695,82.4,96.04063839850132
density_p1,NGC0055,7.98,3.345,84.3,97.8969833112023
density_p1,NGC0055,8.59,2.975,85.4,100.09528077573925
density_p1,NGC0055,9.21,2.68,85.3,101.12162007155935
density_p1,NGC0055,9.82,2.425,86.8,101.1548714775303
density_p1,NGC0055,10.43,2.195,85.4,100.70648893195867
density_p1,NGC0055,11.05,1.985,85.4,99.22457094287975
density_p1,NGC0055,11.660000000000002,1.795,86.2,97.85839559346661
density_p1,NGC0055,12.28,1.625,86.1,97.65443209713652
density_p1,NGC0055,12.89,1.47,87.4,97.98939303270572
density_p1,NGC0055,13.5,0.0,86.5,101.7626302977911
density_p1,UGC07559,0.36000000000000004,15.445,9.31,12.35562902440318
density_p1,UGC07559,0.7200000000000001,8.48,15.9,22.166293379852974
density_p1,UGC07559,1.08,4.5,21.4,27.47850377956381
density_p1,UGC07559,1.45,2.455,26.1,31.441499782989556
density_p1,UGC07559,1.8,1.015,29.7,34.69431555486872
density_p1,UGC07559,2.17,0.695,31.1,37.999695674554275
density_p1,UGC07559,2.5299999999999994,0.0,32.1,42.08663235727832
density_p1,UGC07524,0.35,27.135,14.4,16.790094806465717
density_p1,UGC07524,0.69,21.525,24.4,20.246139132630006
density_p1,UGC07524,1.03,15.465,29.2,23.894631591979387
density_p1,UGC07524,1.38,13.285,32.9,26.04611547533202
density_p1,UGC07524,1.72,12.48,37.8,28.811432817431196
density_p1,UGC07524,2.07,10.745,42.0,32.304122029318705
density_p1,UGC07524,2.41,9.865,45.1,34.96588621019597
density_p1,UGC07524,2.76,8.675,47.6,39.55817978904324
density_p1,UGC07524,3.1,7.475,52.3,43.24641502661679
density_p1,UGC07524,3.45,6.02,57.3,47.397605723281146
density_p1,UGC07524,3.79,5.895,61.4,50.5454537946592
density_p1,UGC07524,4.14,5.425,64.5,54.28553866751784
density_p1,UGC07524,4.48,4.755,66.4,57.29290731729089
density_p1,UGC07524,4.82,4.375,66.9,59.221819691713556
density_p1,UGC07524,5.17,4.23,69.4,60.84103276823138
density_p1,UGC07524,5.51,3.465,70.2,61.93742026200948
density_p1,UGC07524,5.86,3.175,70.9,62.31495949697206
density_p1,UGC07524,6.2,3.14,72.3,63.4771056631339
density_p1,UGC07524,6.55,2.935,73.9,65.54348824361877
density_p1,UGC07524,6.89,2.74,75.0,67.88596243241605
density_p1,UGC07524,7.25,2.58,75.5,70.3188892433018
density_p1,UGC07524,7.58,2.425,77.1,72.8717266969633
density_p1,UGC07524,7.94,2.21,77.0,75.78900102931047
density_p1,UGC07524,8.27,2.005,77.0,78.76044794323542
density_p1,UGC07524,8.63,1.78,78.2,81.9623007119341
density_p1,UGC07524,8.97,1.57,79.6,84.37090263531809
density_p1,UGC07524,9.3,1.38,80.3,86.5652605681211
density_p1,UGC07524,9.66,1.18,81.2,88.54645142159754
density_p1,UGC07524,9.99,1.045,82.3,90.12612538125501
density_p1,UGC07524,10.35,0.945,83.8,91.64819798899032
density_p1,UGC07524,10.690000000000001,0.0,79.0,93.55933717268279
density_p1,NGC5907,5.03,187.325,214.0,143.9975709750266
density_p1,NGC5907,7.550000000000001,122.095,220.0,175.71027875615755
density_p1,NGC5907,10.07,83.85,235.0,203.105634331732
density_p1,NGC5907,12.58,45.355,235.0,232.28066669846032
density_p1,NGC5907,15.100000000000001,27.445,230.0,246.8772884203798
density_p1,NGC5907,17.61,18.065,231.0,258.60362640011203
density_p1,NGC5907,20.130000000000003,10.685,232.0,273.98605342204206
density_p1,NGC5907,22.65,6.1,225.0,285.34301969085135
density_p1,NGC5907,25.16,3.685,224.0,280.25139856305327
density_p1,NGC5907,27.68,2.36,229.0,277.8675615215684
density_p1,NGC5907,30.200000000000003,1.575,218.0,279.9424213964566
density_p1,NGC5907,32.71,1.04,214.0,271.11540561482576
density_p1,NGC5907,35.23,0.65,213.0,268.20938305836927
density_p1,NGC5907,37.75,0.4,211.0,258.56047504278723
density_p1,NGC5907,40.260000000000005,0.25,217.0,253.66148525546708
density_p1,NGC5907,42.78,0.155,216.0,245.00286049913598
density_p1,NGC5907,45.29,0.1,215.0,239.3561735340462
density_p1,NGC5907,47.81,0.06,217.0,233.82618426091418
density_p1,NGC5907,50.330000000000005,0.0,214.0,232.29101325315227
density_p1,DDO161,0.6,15.16,16.0,19.022643828295593
density_p1,DDO161,0.73,13.845,16.6,22.224396138341202
density_p1,DDO161,0.85,13.575,18.6,24.576011824682066
density_p1,DDO161,0.98,12.855,20.0,27.67873878637336
density_p1,DDO161,1.07,12.115,21.4,29.828072941376167
density_p1,DDO161,1.54,8.605,28.9,40.275232313671815
density_p1,DDO161,2.02,5.885,32.9,49.03523543005914
density_p1,DDO161,2.49,3.77,35.2,55.76235864638592
density_p1,DDO161,2.96,2.56,37.6,59.91701773693225
density_p1,DDO161,3.43,1.82,40.6,62.3624863864363
density_p1,DDO161,3.9,1.275,42.7,64.50595481071873
density_p1,DDO161,4.37,0.87,45.5,65.88822847898635
density_p1,DDO161,4.86,0.545,48.9,67.02498610153577
density_p1,DDO161,5.339999999999999,0.32,51.5,67.90916794241502
density_p1,DDO161,5.81,0.23,53.0,68.33588199933818
density_p1,DDO161,6.28,0.18,55.0,68.99529329239788
density_p1,DDO161,6.75,0.12,57.6,69.71236894084127
density_p1,DDO161,7.22,0.08,59.7,70.71824488509687
density_p1,DDO161,7.6899999999999995,0.055,60.5,72.06290177505794
density_p1,DDO161,8.16,0.035,61.8,73.46192153052044
density_p1,DDO161,8.64,0.025,62.9,74.30823377860418
density_p1,DDO161,9.11,0.015,63.0,75.22721422703628
density_p1,DDO161,9.579999999999998,0.01,64.5,75.28539216050795
density_p1,DDO161,10.05,0.01,65.6,75.06039190475819
density_p1,DDO161,10.52,0.005,67.5,73.68068918187808
density_p1,DDO161,10.99,0.005,66.8,72.01957913742166
density_p1,DDO161,11.46,0.0,66.8,70.07306869967933
density_p1,DDO161,11.94,0.0,66.6,68.13287633529198
density_p1,DDO161,12.41,0.0,66.8,66.20742343794775
density_p1,DDO161,12.899999999999999,0.0,66.3,64.58958093194946
density_p1,DDO161,13.37,0.0,66.1,62.684374158841216
density_p1,UGC02916,0.37,6300.477999999999,183.0,104.16870572818704
density_p1,UGC02916,0.74,3731.509,196.0,162.09977671118034
density_p1,UGC02916,1.11,2759.745,205.0,186.2845714457526
density_p1,UGC02916,1.48,2091.687,211.0,205.44502538243708
density_p1,UGC02916,1.84,1581.2969999999998,214.0,222.84501058376833
density_p1,UGC02916,2.21,1092.562,214.0,238.02758180784116
density_p1,UGC02916,2.6,640.281,213.0,248.67642848706654
density_p1,UGC02916,2.96,471.445,211.0,248.77744791835778
density_p1,UGC02916,3.17,391.21299999999997,210.0,251.59879263091932
density_p1,UGC02916,3.3300000000000005,339.00800000000004,209.0,252.7818394644787
density_p1,UGC02916,3.7,240.152,207.0,256.4171176547926
density_p1,UGC02916,4.07,163.963,206.0,262.02940353377386
density_p1,UGC02916,4.44,113.81899999999999,205.0,268.6045605022792
density_p1,UGC02916,4.81,87.041,205.0,272.8592309738768
density_p1,UGC02916,5.18,65.893,206.0,278.60536113469254
density_p1,UGC02916,5.550000000000001,52.465999999999994,207.0,282.2898383001587
density_p1,UGC02916,5.92,46.905,208.0,280.9311078074
density_p1,UGC02916,6.28,43.519,210.0,278.61021513811863
density_p1,UGC02916,6.34,43.177,210.0,278.0964089436025
density_p1,UGC02916,6.65,40.663,212.0,276.5743030039989
density_p1,UGC02916,7.03,37.056999999999995,214.0,276.1376948502981
density_p1,UGC02916,7.39,34.563,215.0,275.133094672536
density_p1,UGC02916,7.77,32.379,216.0,273.80283506475274
density_p1,UGC02916,8.14,30.368,217.0,273.1290563010151
density_p1,UGC02916,8.51,28.498,218.0,272.41393263930803
density_p1,UGC02916,8.88,26.791,218.0,271.6829452953995
density_p1,UGC02916,9.25,25.202,218.0,271.4999901611405
density_p1,UGC02916,9.52,24.099,218.0,271.2033335314556
density_p1,UGC02916,9.62,23.707,218.0,271.09966463091695
density_p1,UGC02916,9.99,22.317999999999998,217.0,270.8135204020383
density_p1,UGC02916,10.4,20.869,217.0,270.565075433538
density_p1,UGC02916,10.710000000000003,19.837,216.0,270.7222714695349
density_p1,UGC02916,11.12,18.562,215.0,270.7681147312299
density_p1,UGC02916,12.67,14.42,212.0,272.2384752074338
density_p1,UGC02916,12.98,13.715,211.0,272.69987825909567
density_p1,UGC02916,15.86,8.585,209.0,278.38825332647605
density_p1,UGC02916,19.05,5.11,215.0,286.77055010669517
density_p1,UGC02916,22.14,3.095,215.0,292.7517415187573
density_p1,UGC02916,25.34,1.84,210.0,290.9590648589932
density_p1,UGC02916,28.53,1.095,196.0,282.803600667731
density_p1,UGC02916,31.72,0.65,185.0,271.0448858209838
density_p1,UGC02916,34.91,0.39,182.0,261.95104820977303
density_p1,UGC02916,38.0,0.0,181.0,254.72540084803617
density_p1,F571-8,0.22,923.285,12.4,27.95018039922631
density_p1,F571-8,0.7799999999999999,352.74,37.5,65.43206864441018
density_p1,F571-8,1.33,201.605,56.5,83.22296853236739
density_p1,F571-8,2.33,60.625,69.1,108.19354113910808
density_p1,F571-8,3.44,17.99,85.5,125.83850817444358
density_p1,F571-8,3.78,12.51,87.1,128.58770372893204
density_p1,F571-8,4.77,4.255,105.0,128.49249863597248
density_p1,F571-8,5.44,3.32,112.0,122.97681753440186
density_p1,F571-8,6.110000000000001,3.085,116.0,116.66612364246129
density_p1,F571-8,7.22,2.7,124.0,110.59804590503359
density_p1,F571-8,9.33,1.4,135.0,102.71274212898568
density_p1,F571-8,11.100000000000001,0.885,140.0,98.05168817303328
density_p1,F571-8,15.55,0.0,144.0,86.8909243946975
density_p1,UGC06786,0.16,11467.650999999998,160.0,100.3916788972028
density_p1,UGC06786,0.32,6045.030999999999,177.0,155.2380893456649
density_p1,UGC06786,0.49,3439.105,180.0,171.01670779949745
density_p1,UGC06786,0.65,2328.701,180.0,177.28465678107904
density_p1,UGC06786,1.3,748.901,182.0,181.22297013117088
density_p1,UGC06786,1.46,618.26,183.0,180.90220371551317
density_p1,UGC06786,1.62,512.731,184.0,180.7791501655429
density_p1,UGC06786,3.72,153.479,206.0,177.56791368921554
density_p1,UGC06786,3.89,149.026,207.0,177.83876452618563
density_p1,UGC06786,4.05,146.021,209.0,178.00622854419467
density_p1,UGC06786,4.22,143.492,210.0,178.64730965581197
density_p1,UGC06786,4.26,142.876,210.0,178.8682053653819
density_p1,UGC06786,4.38,141.16299999999998,211.0,179.5870822727726
density_p1,UGC06786,4.54,139.095,213.0,180.884780334318
density_p1,UGC06786,4.71,134.86599999999999,214.0,183.13654443015207
density_p1,UGC06786,4.86,127.92399999999999,215.0,185.78212365088936
density_p1,UGC06786,5.02,118.34700000000001,215.0,188.96199769456877
density_p1,UGC06786,5.18,108.802,216.0,191.92588277328315
density_p1,UGC06786,5.35,99.405,217.0,194.90219128671328
density_p1,UGC06786,5.51,90.34,217.0,197.7453636574125
density_p1,UGC06786,5.68,81.915,218.0,200.3243885782047
density_p1,UGC06786,5.84,75.925,218.0,202.16442220583417
density_p1,UGC06786,6.0,71.035,219.0,203.68739363017167
density_p1,UGC06786,6.15,67.405,219.0,204.88455517764947
density_p1,UGC06786,6.48,57.815,219.0,209.11977153007084
density_p1,UGC06786,6.64,53.5,219.0,211.22161242213022
density_p1,UGC06786,6.81,49.055,220.0,213.53145493825465
density_p1,UGC06786,7.1,41.34,220.0,218.3439754479608
density_p1,UGC06786,7.13,40.555,220.0,218.85465841882953
density_p1,UGC06786,8.52,21.42,220.0,228.12852339456933
density_p1,UGC06786,10.66,12.565,225.0,229.00866002928373
density_p1,UGC06786,11.99,9.32,228.0,229.4092824852462
density_p1,UGC06786,12.1,9.075,228.0,229.51378198127978
density_p1,UGC06786,12.33,8.58,228.0,229.6368311078959
density_p1,UGC06786,12.78,7.675,229.0,229.97147781462155
density_p1,UGC06786,14.93,4.22,228.0,230.31917396377088
density_p1,UGC06786,17.08,2.375,226.0,225.7530632207054
density_p1,UGC06786,19.23,1.2,226.0,219.40354690068776
density_p1,UGC06786,21.27,0.915,227.0,209.79321000327624
density_p1,UGC06786,23.42,0.55,227.0,202.27680152044235
density_p1,UGC06786,25.57,0.21,224.0,194.41368215206614
density_p1,UGC06786,27.720000000000002,0.12,218.0,185.96770668794
density_p1,UGC06786,29.87,0.065,215.0,178.80372072218253
density_p1,UGC06786,32.02,0.035,219.0,172.43529036809974
density_p1,UGC06786,34.05,0.0,211.0,167.24445048879468
density_p1,NGC3949,1.74,375.915,123.0,121.96401423818791
density_p1,NGC3949,2.61,269.395,145.0,144.80569441028777
density_p1,NGC3949,3.5000000000000004,118.65,152.0,172.33222102088524
density_p1,NGC3949,4.37,54.35,157.0,186.29809197777413
density_p1,NGC3949,5.24,29.72,161.0,199.63076795452196
density_p1,NGC3949,6.110000000000001,15.04,165.0,211.8811714807435
density_p1,NGC3949,7.069999999999999,9.45,169.0,215.9587273907484
density_p1,UGC03205,0.28,4369.476,107.0,77.64515942605237
density_p1,UGC03205,0.55,2593.9829999999997,121.0,123.10722282435499
density_p1,UGC03205,0.83,1603.616,134.0,140.59542635658738
density_p1,UGC03205,1.39,874.038,157.0,154.30520188936148
density_p1,UGC03205,1.65,692.406,168.0,159.84929119273275
density_p1,UGC03205,3.04,242.20600000000002,207.0,171.0637808206632
density_p1,UGC03205,3.32,234.191,213.0,170.2509009370249
density_p1,UGC03205,3.59,228.846,218.0,170.43356220194477
density_p1,UGC03205,3.87,225.833,222.0,171.5854700335503
density_p1,UGC03205,4.15,222.761,226.0,174.6044690492547
density_p1,UGC03205,4.43,208.79299999999998,229.0,178.92000834070205
density_p1,UGC03205,4.7,193.84099999999998,232.0,182.8150914684524
density_p1,UGC03205,4.97,178.787,234.0,186.16866162055317
density_p1,UGC03205,5.25,169.727,235.0,188.80257979393286
density_p1,UGC03205,5.52,162.23,236.0,192.08313135112436
density_p1,UGC03205,5.8,151.895,237.0,196.19815661573816
density_p1,UGC03205,6.08,140.54,237.0,200.4071213534921
density_p1,UGC03205,6.36,128.055,237.0,204.97487219863757
density_p1,UGC03205,6.63,115.93,236.0,208.93877956416964
density_p1,UGC03205,6.91,104.76,236.0,212.66842201902523
density_p1,UGC03205,7.19,94.31,235.0,216.19718123349415
density_p1,UGC03205,7.269999999999999,91.66,234.0,217.05792310322286
density_p1,UGC03205,7.46,85.785,234.0,219.0329710451428
density_p1,UGC03205,8.02,71.28,231.0,224.7149491868402
density_p1,UGC03205,8.29,64.84,229.0,227.60771526854936
density_p1,UGC03205,8.56,58.925,228.0,230.55785757468104
density_p1,UGC03205,8.84,53.28,226.0,233.43255059641913
density_p1,UGC03205,9.12,48.12,224.0,236.44181220756192
density_p1,UGC03205,9.69,39.055,221.0,242.2842959423568
density_p1,UGC03205,12.11,16.725,216.0,260.78301378735944
density_p1,UGC03205,14.58,8.095,220.0,267.5036319957825
density_p1,UGC03205,14.679999999999998,7.92,220.0,267.3684684218819
density_p1,UGC03205,15.2,7.255,221.0,266.13640137225445
density_p1,UGC03205,15.5,6.92,221.0,265.61442827176165
density_p1,UGC03205,15.71,6.625,221.0,265.7037909444382
density_p1,UGC03205,16.02,6.21,221.0,265.6675090420963
density_p1,UGC03205,16.32,5.835,221.0,265.5448747895397
density_p1,UGC03205,16.53,5.59,221.0,265.61386607193174
density_p1,UGC03205,16.84,5.25,221.0,265.5745674414463
density_p1,UGC03205,16.94,5.135,221.0,265.7082103973169
density_p1,UGC03205,19.4,2.425,218.0,267.0485536075127
density_p1,UGC03205,21.769999999999996,1.245,216.0,263.7135271624563
density_p1,UGC03205,24.23,0.43,215.0,256.9090446121765
density_p1,UGC03205,26.69,0.2,212.0,247.34887330895376
density_p1,UGC03205,29.06,0.095,208.0,237.1644321436409
density_p1,UGC03205,31.52,0.045,209.0,226.91413520313668
density_p1,UGC03205,36.34,0.01,220.0,209.21413807080137
density_p1,UGC03205,40.04,0.0,220.0,196.5155625778529
density_p1,UGC07323,0.58,67.92,23.9,20.407595196010472
density_p1,UGC07323,1.17,48.255,34.7,34.4445642618277
density_p1,UGC07323,1.7500000000000002,35.63,42.8,44.64583494190378
density_p1,UGC07323,2.33,27.775,51.3,52.45633993496905
density_p1,UGC07323,2.91,21.335,57.7,61.46445774311092
density_p1,UGC07323,3.5000000000000004,17.515,67.3,69.31841208298627
density_p1,UGC07323,4.07,14.185,75.4,77.97701481100906
density_p1,UGC07323,4.65,10.525,79.5,88.93433723420644
density_p1,UGC07323,5.23,7.035,82.8,96.3665449748479
density_p1,UGC07323,5.82,4.59,85.6,100.74557156829641
density_p1,UGC09992,0.7799999999999999,18.19,28.1,25.905956572257534
density_p1,UGC09992,1.55,5.11,31.3,37.77495080955314
density_p1,UGC09992,2.34,2.34,33.0,44.12659670561355
density_p1,UGC09992,3.1199999999999997,1.255,33.4,49.124015192371054
density_p1,UGC09992,3.89,0.62,34.3,49.327163826451674
density_free_p,UGC08699,0.22,12651.755,152.0,135.2842280419065
density_free_p,UGC08699,0.43,5966.928999999999,167.0,201.1401839688093
density_free_p,UGC08699,0.65,2406.9629999999997,179.0,223.5091148649016
density_free_p,UGC08699,0.87,1168.105,188.0,226.06403349861662
density_free_p,UGC08699,1.08,684.9019999999999,195.0,223.66810378298413
density_free_p,UGC08699,1.31,413.678,199.0,221.55250409733605
density_free_p,UGC08699,1.52,293.64300000000003,202.0,218.32668826367185
density_free_p,UGC08699,1.73,248.097,202.0,213.28449956302123
density_free_p,UGC08699,1.96,216.685,202.0,208.86937361395906
density_free_p,UGC08699,2.17,187.292,200.0,206.78682249663268
density_free_p,UGC08699,2.39,152.515,196.0,206.2344503267903
density_free_p,UGC08699,2.6,121.735,193.0,206.84540662695264
density_free_p,UGC08699,2.83,95.305,189.0,207.0786405951614
density_free_p,UGC08699,3.04,77.75,184.0,206.74241282568477
density_free_p,UGC08699,5.87,42.825,170.0,178.82496412963638
density_free_p,UGC08699,6.08,41.665,172.0,178.75422882602336
density_free_p,UGC08699,6.3,40.295,174.0,178.93925705131517
density_free_p,UGC08699,6.52,38.805,176.0,179.3550061133828
density_free_p,UGC08699,6.74,37.175,178.0,179.92584063872263
density_free_p,UGC08699,6.95,35.865,180.0,180.39624442211684
density_free_p,UGC08699,7.16,34.89,182.0,180.86795491517856
density_free_p,UGC08699,7.39,34.04,183.0,181.47171200121363
density_free_p,UGC08699,7.6,33.115,184.0,182.54819792037617
density_free_p,UGC08699,7.82,31.685,185.0,184.1733156604651
density_free_p,UGC08699,8.03,30.14,186.0,186.04359905965865
density_free_p,UGC08699,8.26,28.225,187.0,188.41566534290507
density_free_p,UGC08699,8.47,26.02,187.0,191.1105286800303
density_free_p,UGC08699,8.68,23.51,188.0,194.10086293395824
density_free_p,UGC08699,8.91,20.42,188.0,197.79233912202352
density_free_p,UGC08699,9.53,13.39,187.0,206.07673684978076
density_free_p,UGC08699,9.78,11.165,187.0,208.99677092220617
density_free_p,UGC08699,9.99,9.475,186.0,211.35947672456916
density_free_p,UGC08699,10.21,8.075,186.0,213.1149767433525
density_free_p,UGC08699,11.46,3.88,182.0,216.64221255235287
density_free_p,UGC08699,13.39,2.1,177.0,211.4671513480104
density_free_p,UGC08699,15.21,1.3,175.0,205.91310181964525
density_free_p,UGC08699,17.13,0.78,177.0,199.60007442429648
density_free_p,UGC08699,19.06,0.515,180.0,193.04045607193686
density_free_p,UGC08699,20.99,0.395,181.0,186.40370337287203
density_free_p,UGC08699,22.92,0.25,182.0,180.43996878725156
density_free_p,UGC08699,25.7,0.09,183.0,171.5989614902799
density_free_p,UGC02885,1.7,1261.373,305.0,246.37643109598952
density_free_p,UGC02885,3.41,440.764,257.0,253.1630620264722
density_free_p,UGC02885,6.82,181.567,256.0,259.11560497999625
density_free_p,UGC02885,13.67,62.625,271.0,275.3286535810098
density_free_p,UGC02885,19.49,30.74,282.0,285.9497351420256
density_free_p,UGC02885,23.36,23.68,287.0,292.6646397936609
density_free_p,UGC02885,27.24,15.375,283.0,302.905167297852
density_free_p,UGC02885,31.22,9.245,280.0,310.5380768697919
density_free_p,UGC02885,35.1,6.995,280.0,309.99306055823473
density_free_p,UGC02885,38.97,4.93,281.0,315.41786653654026
density_free_p,UGC02885,42.85,3.32,282.0,320.31180728925966
density_free_p,UGC02885,46.73,2.615,287.0,311.5483217882863
density_free_p,UGC02885,50.71,2.395,292.0,311.5768607034564
density_free_p,UGC02885,54.57999999999999,1.73,298.0,320.0293785902561
density_free_p,UGC02885,58.459999999999994,0.97,298.0,326.3671564689303
density_free_p,UGC02885,62.34,0.69,298.0,321.87010785563785
density_free_p,UGC02885,66.21,0.5,298.0,317.5589747013303
density_free_p,UGC02885,70.19,0.355,298.0,317.9071485153814
density_free_p,UGC02885,74.07,0.0,298.0,323.09769376431177
density_free_p,UGC07151,0.5,83.79,24.2,23.056372412257403
density_free_p,UGC07151,1.0,50.585,42.0,38.05253263600642
density_free_p,UGC07151,1.5,33.555,59.4,47.23725834039248
density_free_p,UGC07151,2.0,17.635,63.9,57.79183658044852
density_free_p,UGC07151,2.49,12.45,66.0,63.857244210118374
density_free_p,UGC07151,3.0,9.12,67.2,68.31884442209702
density_free_p,UGC07151,3.49,6.53,68.7,69.9530241155845
density_free_p,UGC07151,4.0,6.065,71.3,74.72029486219898
density_free_p,UGC07151,4.49,5.505,72.5,76.8275724164515
density_free_p,UGC07151,5.01,3.865,74.0,81.3673863229777
density_free_p,UGC07151,5.5,2.5,76.2,86.7522830422153
density_free_p,NGC3877,0.87,376.865,37.8,81.8121265656072
density_free_p,NGC3877,1.74,236.53,80.1,95.88412040869416
density_free_p,NGC3877,2.61,184.11,121.0,104.13690011212049
density_free_p,NGC3877,3.5000000000000004,158.68,142.0,115.4845647777878
density_free_p,NGC3877,4.37,144.745,153.0,127.1532107030427
density_free_p,NGC3877,5.24,135.915,160.0,142.6292825891106
density_free_p,NGC3877,6.110000000000001,118.3,162.0,164.51942759486377
density_free_p,NGC3877,6.98,86.6,167.0,182.3903283093856
density_free_p,NGC3877,7.85,66.025,169.0,193.00102135684884
density_free_p,NGC3877,8.72,50.62,171.0,203.0216502452856
density_free_p,NGC3877,9.6,33.495,171.0,215.6616766228051
density_free_p,NGC3877,10.47,21.67,170.0,221.46598261748608
density_free_p,NGC3877,11.35,15.525,169.0,225.1950996745034
density_free_p,NGC6946,0.19,4341.86,153.0,201.2182424207411
density_free_p,NGC6946,0.56,1013.0559999999999,130.0,158.52857488318554
density_free_p,NGC6946,0.94,556.168,128.0,145.92091867106194
density_free_p,NGC6946,1.22,492.562,134.0,141.78119678639953
density_free_p,NGC6946,1.59,401.215,129.0,143.00610824457289
density_free_p,NGC6946,1.96,339.7,131.0,144.48556839756915
density_free_p,NGC6946,2.34,320.63,138.0,148.8435807406524
density_free_p,NGC6946,2.71,264.905,139.0,158.75108955711974
density_free_p,NGC6946,2.99,235.81,143.0,161.3869831820033
density_free_p,NGC6946,3.37,202.225,146.0,166.6640749527822
density_free_p,NGC6946,3.74,174.44,154.0,170.5450950406741
density_free_p,NGC6946,4.12,159.685,161.0,173.6823346849168
density_free_p,NGC6946,4.4,150.01,167.0,177.08980948352723
density_free_p,NGC6946,4.77,133.935,173.0,182.6823634082918
density_free_p,NGC6946,5.15,120.985,176.0,188.3271399238189
density_free_p,NGC6946,5.52,103.995,178.0,196.96057601669753
density_free_p,NGC6946,5.889999999999999,70.85,180.0,206.52217173393458
density_free_p,NGC6946,6.169999999999999,63.095,179.0,206.48785311123294
density_free_p,NGC6946,6.55,61.97,180.0,206.38616570812533
density_free_p,NGC6946,6.92,49.23,181.0,213.5268084412854
density_free_p,NGC6946,7.3,36.255,179.0,219.85967071281178
density_free_p,NGC6946,7.58,30.065,179.0,222.04680305266464
density_free_p,NGC6946,7.95,24.675,179.0,222.79239387119827
density_free_p,NGC6946,8.33,23.205,178.0,219.70990399838104
density_free_p,NGC6946,8.7,23.415,177.0,217.55801812256297
density_free_p,NGC6946,9.08,20.52,176.0,219.52822540045804
density_free_p,NGC6946,9.36,17.775,173.0,221.66726121293516
density_free_p,NGC6946,9.730000000000002,15.05,172.0,222.91018682267787
density_free_p,NGC6946,10.1,12.985,172.0,223.87090625064585
density_free_p,NGC6946,10.48,11.165,170.0,224.5542231919844
density_free_p,NGC6946,10.76,9.95,171.0,225.09509156194105
density_free_p,NGC6946,11.13,8.565,174.0,225.28941899954748
density_free_p,NGC6946,11.509999999999998,7.31,174.0,226.0662856670471
density_free_p,NGC6946,11.88,6.29,175.0,226.67230993792842
density_free_p,NGC6946,12.26,5.385,174.0,227.50059177795112
density_free_p,NGC6946,12.54,4.795,173.0,228.22266913785214
density_free_p,NGC6946,12.91,4.135,173.0,229.0037164654475
density_free_p,NGC6946,13.289999999999997,3.53,173.0,230.150066924991
density_free_p,NGC6946,13.66,3.04,175.0,231.24299449026225
density_free_p,NGC6946,14.03,2.61,174.0,232.03288064804144
density_free_p,NGC6946,14.31,2.325,171.0,232.60320396413582
density_free_p,NGC6946,14.690000000000001,1.995,167.0,231.573055815469
density_free_p,NGC6946,15.06,1.71,165.0,229.9054475092148
density_free_p,NGC6946,15.44,1.47,163.0,228.69262982301552
density_free_p,NGC6946,15.72,1.305,162.0,228.30353091973106
density_free_p,NGC6946,16.09,1.125,161.0,219.70051519462768
density_free_p,NGC6946,16.47,0.965,159.0,218.55841241540114
density_free_p,NGC6946,16.84,0.825,158.0,217.52170939397274
density_free_p,NGC6946,17.21,0.71,157.0,216.33746363382835
density_free_p,NGC6946,17.5,0.63,157.0,215.34947318575928
density_free_p,NGC6946,17.87,0.545,157.0,214.05233713196077
density_free_p,NGC6946,18.24,0.465,160.0,212.86802039101934
density_free_p,NGC6946,18.62,0.4,159.0,211.53430348898928
density_free_p,NGC6946,18.9,0.355,160.0,210.54743598825817
density_free_p,NGC6946,19.27,0.305,158.0,209.38399098349478
density_free_p,NGC6946,19.65,0.26,155.0,208.3247389019785
density_free_p,NGC6946,20.02,0.0,157.0,211.99684208163328
density_free_p,NGC6946,20.4,0.0,154.0,209.63329790480734
density_free_p,UGC10310,1.1,24.47,33.2,23.828210333925938
density_free_p,UGC10310,2.21,13.795,54.6,43.13418232439206
density_free_p,UGC10310,3.31,7.515,65.7,54.200094575022334
density_free_p,UGC10310,4.42,3.695,69.2,63.364518764634504
density_free_p,UGC10310,5.52,2.38,70.9,75.93061384902603
density_free_p,UGC10310,6.64,1.205,72.4,83.94571108836028
density_free_p,UGC10310,7.74,0.0,73.2,88.45193035698084
density_free_p,F565-V2,1.26,6.29,21.7,17.93339228279199
density_free_p,F565-V2,2.51,2.845,40.3,31.595224192952582
density_free_p,F565-V2,3.78,2.005,57.7,39.97310947804677
density_free_p,F565-V2,5.03,0.8,68.5,46.85190657257958
density_free_p,F565-V2,6.29,0.79,73.5,54.184442117548045
density_free_p,F565-V2,7.54,0.3,78.5,61.70717790913155
density_free_p,F565-V2,8.8,0.105,83.1,65.9900858731
density_free_p,F583-4,0.22,34.59,10.7,5.868057790712926
density_free_p,F583-4,0.76,30.035,24.7,18.93541716955749
density_free_p,F583-4,1.31,21.02,38.9,30.10583062311145
density_free_p,F583-4,1.9400000000000002,15.535,42.7,38.19673901082394
density_free_p,F583-4,3.92,4.82,55.0,52.86367263294736
density_free_p,F583-4,4.35,4.34,57.2,53.977192336250525
density_free_p,F583-4,4.999999999999999,3.19,59.8,56.97251627923778
density_free_p,F583-4,5.05,3.1,62.5,57.12990635863129
density_free_p,F583-4,5.830000000000001,1.85,61.8,59.61855086387104
density_free_p,F583-4,6.09,1.76,64.4,59.99558837561356
density_free_p,F583-4,6.74,1.445,67.2,63.403058059334214
density_free_p,F583-4,7.29,0.0,69.9,67.35550636924394
density_free_p,NGC7331,2.6699999999999995,1014.705,221.0,270.25417126291615
density_free_p,NGC7331,3.21,847.715,237.0,285.9862990520306
density_free_p,NGC7331,3.74,604.78,249.0,303.5475091265773
density_free_p,NGC7331,4.27,439.71,250.0,309.87774388390466
density_free_p,NGC7331,4.81,359.49,253.0,311.6504733133591
density_free_p,NGC7331,5.35,279.195,257.0,319.1641385186505
density_free_p,NGC7331,5.88,207.765,257.0,321.41398281078943
density_free_p,NGC7331,6.41,167.31,257.0,323.1529444651565
density_free_p,NGC7331,7.48,98.475,257.0,327.9199005514494
density_free_p,NGC7331,8.55,62.855,255.0,325.3500661441885
density_free_p,NGC7331,9.62,54.38,248.0,318.5556090836631
density_free_p,NGC7331,10.66,39.85,247.0,320.44182122430345
density_free_p,NGC7331,11.74,34.435,246.0,315.6002513196928
density_free_p,NGC7331,12.83,27.54,244.0,317.1509546268343
density_free_p,NGC7331,13.91,21.71,242.0,319.1191101969226
density_free_p,NGC7331,15.0,17.685,238.0,318.7883555991392
density_free_p,NGC7331,16.08,15.335,236.0,316.70112793808124
density_free_p,NGC7331,17.07,13.66,233.0,315.5620071684854
density_free_p,NGC7331,18.15,11.915,234.0,316.76637821945326
density_free_p,NGC7331,19.24,9.99,236.0,320.48216911941375
density_free_p,NGC7331,20.32,7.085,237.0,328.7082016727482
density_free_p,NGC7331,21.41,4.69,238.0,335.07925215850565
density_free_p,NGC7331,22.49,3.785,240.0,334.3014557951718
density_free_p,NGC7331,23.48,3.24,238.0,332.79564977923985
density_free_p,NGC7331,24.570000000000004,2.67,237.0,329.6984503820127
density_free_p,NGC7331,25.650000000000002,2.195,236.0,326.9222607301108
density_free_p,NGC7331,26.74,1.765,238.0,324.8194620997336
density_free_p,NGC7331,27.82,1.415,239.0,322.00184748456445
density_free_p,NGC7331,28.91,1.14,239.0,318.2336418431377
density_free_p,NGC7331,29.89,0.935,241.0,314.49644633245646
density_free_p,NGC7331,30.98,0.755,236.0,310.23727463283353
density_free_p,NGC7331,32.06,0.61,236.0,306.67086486380504
density_free_p,NGC7331,33.15,0.49,239.0,303.8447754490651
density_free_p,NGC7331,34.23,0.395,237.0,300.8864390451062
density_free_p,NGC7331,35.32,0.0,241.0,307.47823779350244
density_free_p,NGC7331,36.31,0.0,238.0,301.2580685567782
density_free_p,NGC2955,0.75,3824.5060000000003,169.0,145.83456826263256
density_free_p,NGC2955,1.55,2060.536,203.0,201.36154668866735
density_free_p,NGC2955,2.3,1438.186,232.0,228.44137333362033
density_free_p,NGC2955,3.06,946.2180000000001,256.0,257.15376375704477
density_free_p,NGC2955,3.85,574.648,248.0,275.5632962223036
density_free_p,NGC2955,4.61,390.472,253.0,286.15667937715875
density_free_p,NGC2955,5.36,284.626,269.0,291.96672480130815
density_free_p,NGC2955,6.12,230.888,268.0,294.7403058380388
density_free_p,NGC2955,6.91,194.523,260.0,297.50828748018745
density_free_p,NGC2955,7.66,160.916,245.0,302.8129403067734
density_free_p,NGC2955,8.42,118.298,247.0,309.36916477065665
density_free_p,NGC2955,8.86,100.46499999999999,267.0,311.8186546362038
density_free_p,NGC2955,9.21,90.57900000000001,255.0,312.43776404962756
density_free_p,NGC2955,10.819999999999999,65.75800000000001,253.0,311.1895831709713
density_free_p,NGC2955,11.56,56.184000000000005,271.0,311.898098404153
density_free_p,NGC2955,12.4,51.717,276.0,309.33899691200645
density_free_p,NGC2955,14.17,40.51,275.0,313.37612112220677
density_free_p,NGC2955,16.88,25.49,275.0,321.37483908716763
density_free_p,NGC2955,19.49,18.055,276.0,331.3447697701882
density_free_p,NGC2955,22.19,8.81,267.0,349.5103018088334
density_free_p,NGC2955,24.8,6.4,257.0,348.39792620515135
density_free_p,NGC2955,27.51,4.805,254.0,342.95449592065455
density_free_p,NGC2955,30.12,3.35,248.0,339.9178752544795
density_free_p,NGC2955,35.43,1.855,227.0,333.7316649137658
density_free_p,UGCA442,0.41999999999999993,5.525,14.2,10.908062683445745
density_free_p,UGCA442,1.26,2.905,28.6,29.539436175787127
density_free_p,UGCA442,2.11,1.375,41.0,44.64094688853766
density_free_p,UGCA442,2.96,0.5,49.0,51.662942323468535
density_free_p,UGCA442,3.79,0.36,54.8,52.49817352535379
density_free_p,UGCA442,4.65,0.215,56.4,50.00728356996559
density_free_p,UGCA442,5.48,0.09,57.8,45.09239973700871
density_free_p,UGCA442,6.33,0.0,56.5,40.80660826177827
density_free_p,NGC2976,0.11,200.62,6.8,10.221209884062112
density_free_p,NGC2976,0.17,192.525,9.5,13.291996233514723
density_free_p,NGC2976,0.24,176.775,14.0,16.994104285287467
density_free_p,NGC2976,0.31,163.4,19.8,20.279548627063292
density_free_p,NGC2976,0.38,153.25,26.1,23.195398734945847
density_free_p,NGC2976,0.45,147.465,28.7,25.943481028482935
density_free_p,NGC2976,0.52,143.405,28.7,28.71743276561965
density_free_p,NGC2976,0.59,138.64,31.7,31.545299084255436
density_free_p,NGC2976,0.6600000000000001,133.17,35.5,34.3336987565623
density_free_p,NGC2976,0.73,129.185,39.4,37.027859833552164
density_free_p,NGC2976,0.8,125.03,42.9,39.66637508460444
density_free_p,NGC2976,0.87,122.28,46.0,42.26119830993272
density_free_p,NGC2976,0.94,122.765,49.1,44.95436127013191
density_free_p,NGC2976,1.01,124.135,49.2,48.159206918393664
density_free_p,NGC2976,1.08,118.94,51.4,51.8674994029931
density_free_p,NGC2976,1.14,115.0,57.2,55.03951159248016
density_free_p,NGC2976,1.21,114.425,63.8,58.954153184288124
density_free_p,NGC2976,1.29,108.16,67.8,63.76315163910341
density_free_p,NGC2976,1.35,101.63,69.8,67.5555395972039
density_free_p,NGC2976,1.42,94.71,71.7,71.64334562058961
density_free_p,NGC2976,1.4899999999999998,87.03,74.1,75.74946271592324
density_free_p,NGC2976,1.5599999999999998,77.705,76.7,80.06358495939125
density_free_p,NGC2976,1.63,67.295,79.9,84.06680354588708
density_free_p,NGC2976,1.74,49.97,83.6,90.17128294586405
density_free_p,NGC2976,1.93,29.21,83.9,94.75018435512736
density_free_p,NGC2976,2.1,23.045,88.7,95.14039268537154
density_free_p,NGC2976,2.27,20.765,85.3,94.68134992732216
density_free_p,DDO154,0.49,7.965,13.8,16.785443586438898
density_free_p,DDO154,0.99,2.76,21.6,24.818530079793344
density_free_p,DDO154,1.48,0.63,28.9,29.98528111650069
density_free_p,DDO154,1.97,0.145,34.3,34.04940027298099
density_free_p,DDO154,2.4700000000000006,0.04,38.2,36.23093045821636
density_free_p,DDO154,2.96,0.01,42.0,38.66510969492008
density_free_p,DDO154,3.46,0.005,44.6,41.19967349846889
density_free_p,DDO154,3.9499999999999997,0.0,46.3,41.64570114458198
density_free_p,DDO154,4.44,0.0,47.4,40.512948887501295
density_free_p,DDO154,4.940000000000001,0.0,48.2,39.16320950295324
density_free_p,DDO154,5.43,0.0,47.4,37.62696661134653
density_free_p,DDO154,5.92,0.0,45.5,36.133825317448924
density_free_p,DDO170,1.87,4.69,27.7,28.999696041093475
density_free_p,DDO170,3.3599999999999994,1.79,42.4,41.30629284063658
density_free_p,DDO170,4.86,1.01,52.5,51.688341559143474
density_free_p,DDO170,6.35,0.455,55.6,59.87109202392031
density_free_p,DDO170,7.85,0.235,58.6,64.92623404555282
density_free_p,DDO170,9.34,0.09,59.0,66.23575868828779
density_free_p,DDO170,10.830000000000002,0.045,60.0,64.07123729265501
density_free_p,DDO170,12.33,0.0,62.2,60.172214534167686
density_free_p,NGC7814,0.63,4895.763,265.0,297.5223188568683
density_free_p,NGC7814,1.72,653.798,250.0,281.42826708917397
density_free_p,NGC7814,2.79,242.743,233.0,265.93530392971064
density_free_p,NGC7814,3.91,118.727,230.0,260.7666112916761
density_free_p,NGC7814,5.03,57.262,228.0,263.65810521512185
density_free_p,NGC7814,6.14,30.724,228.0,265.7683732725078
density_free_p,NGC7814,7.26,18.175,227.0,266.0102026376177
density_free_p,NGC7814,8.37,12.398,226.0,263.9463483796496
density_free_p,NGC7814,9.5,7.7989999999999995,223.0,264.34445236113476
density_free_p,NGC7814,10.65,5.062,219.0,263.39522607337864
density_free_p,NGC7814,11.74,3.222,216.0,262.5225024877429
density_free_p,NGC7814,12.82,2.0389999999999997,214.0,260.12415767311063
density_free_p,NGC7814,14.01,1.2369999999999999,214.0,255.61186332134628
density_free_p,NGC7814,15.09,0.81,214.0,251.61129465213847
density_free_p,NGC7814,16.18,0.53,214.0,247.7083169188613
density_free_p,NGC7814,17.36,0.33,214.0,242.2197637746835
density_free_p,NGC7814,18.44,0.215,214.0,237.01754673942253
density_free_p,NGC7814,19.53,0.0,214.0,236.2459546475071
density_free_p,F583-1,0.26,17.14,14.6,5.7279655778351755
density_free_p,F583-1,0.44,15.87,10.0,9.326965906165876
density_free_p,F583-1,0.77,13.015,10.7,15.331282830668526
density_free_p,F583-1,0.89,11.58,17.4,17.199622400005392
density_free_p,F583-1,1.22,8.74,23.5,21.01198992955237
density_free_p,F583-1,1.55,5.65,31.0,23.213601787793316
density_free_p,F583-1,1.8,5.255,32.3,23.12533844388449
density_free_p,F583-1,2.21,5.07,40.9,24.132452203033875
density_free_p,F583-1,2.31,4.955,43.8,24.568296616017054
density_free_p,F583-1,2.54,4.6,44.8,25.572361320654775
density_free_p,F583-1,3.1,4.28,51.7,27.88081404378213
density_free_p,F583-1,3.43,3.8,55.7,30.50395299986851
density_free_p,F583-1,3.86,3.025,59.4,33.68039587952699
density_free_p,F583-1,4.09,2.715,62.0,35.12866448312399
density_free_p,F583-1,4.37,2.375,63.0,36.973457695775494
density_free_p,F583-1,4.76,1.95,66.6,39.55400078325055
density_free_p,F583-1,5.4,1.385,71.3,44.17383808614788
density_free_p,F583-1,5.86,1.075,72.3,47.48592527242532
density_free_p,F583-1,6.08,0.96,73.4,48.87010566475108
density_free_p,F583-1,6.43,0.805,72.4,51.29832985449831
density_free_p,F583-1,6.97,0.625,77.1,55.5506598490662
density_free_p,F583-1,7.959999999999999,0.46,80.3,62.56638654947544
density_free_p,F583-1,10.29,0.185,84.7,76.68142243889734
density_free_p,F583-1,15.49,0.0,86.9,91.81127929497345
density_free_p,F583-1,16.26,0.0,85.8,91.93329614259585
density_free_p,F568-3,0.64,33.77,12.4,14.287068214981117
density_free_p,F568-3,1.18,28.055,21.9,22.812029488219384
density_free_p,F568-3,1.8,23.15,32.3,30.57777606701225
density_free_p,F568-3,2.03,22.05,37.9,33.017328974158126
density_free_p,F568-3,2.78,18.835,53.1,41.178020151139364
density_free_p,F568-3,3.0,17.78,62.4,43.40841103411832
density_free_p,F568-3,3.6400000000000006,15.13,68.0,49.48470047127663
density_free_p,F568-3,4.19,12.645,78.0,54.67296570760142
density_free_p,F568-3,4.6,10.535,82.3,57.5704051292824
density_free_p,F568-3,5.14,9.79,85.7,59.79462722931737
density_free_p,F568-3,5.39,9.555,85.5,61.29578945952138
density_free_p,F568-3,6.3100000000000005,7.475,89.5,68.71847376259764
density_free_p,F568-3,9.1,3.99,95.2,85.39987336312798
density_free_p,F568-3,10.17,3.385,97.5,91.11249922503697
density_free_p,F568-3,11.99,2.235,101.0,98.48088126911232
density_free_p,F568-3,14.02,1.555,107.0,103.0003192863537
density_free_p,F568-3,15.94,1.205,117.0,106.95354518044005
density_free_p,F568-3,17.98,0.83,120.0,108.92055787101623
density_free_p,UGC04499,0.9100000000000001,30.345,26.0,31.593631706181057
density_free_p,UGC04499,1.8200000000000003,12.78,45.1,43.13509675671593
density_free_p,UGC04499,2.73,7.575,57.0,53.759853654053
density_free_p,UGC04499,3.63,4.985,62.0,65.21325337122016
density_free_p,UGC04499,4.55,2.69,66.9,71.70568475396041
density_free_p,UGC04499,5.45,1.64,70.6,76.14741096574231
density_free_p,UGC04499,6.37,1.23,72.8,76.99329592387066
density_free_p,UGC04499,7.280000000000001,0.765,73.3,82.15466009944454
density_free_p,UGC04499,8.18,0.0,74.3,88.63823390435768
density_free_p,UGC06399,0.87,30.2,24.8,22.022333065994715
density_free_p,UGC06399,1.74,18.965,46.2,37.925421785747744
density_free_p,UGC06399,2.61,13.435,60.5,46.29304476787473
density_free_p,UGC06399,3.5000000000000004,9.615,69.6,57.26578945439531
density_free_p,UGC06399,4.37,5.865,77.5,64.80563405577804
density_free_p,UGC06399,5.24,3.75,82.9,71.58744315293856
density_free_p,UGC06399,6.110000000000001,2.415,84.1,76.30273322480924
density_free_p,UGC06399,6.98,1.7,85.6,78.36409511571823
density_free_p,UGC06399,7.85,0.0,87.6,85.91738553811108
density_free_p,NGC0055,1.23,29.0,28.7,35.85439040817547
density_free_p,NGC0055,1.84,19.01,37.6,47.33124934253486
density_free_p,NGC0055,2.46,14.75,43.1,55.615225245158676
density_free_p,NGC0055,3.07,10.825,50.1,63.46498653356269
density_free_p,NGC0055,3.68,8.16,58.1,70.9614219238069
density_free_p,NGC0055,4.3,6.53,64.6,77.6447078263795
density_free_p,NGC0055,4.91,5.465,68.5,82.29798249326304
density_free_p,NGC0055,5.52,4.68,72.3,86.01783991298237
density_free_p,NGC0055,6.14,4.175,74.2,88.82220666398148
density_free_p,NGC0055,6.75,3.91,78.9,90.81529095224292
density_free_p,NGC0055,7.37,3.695,82.4,92.68517572243037
density_free_p,NGC0055,7.98,3.345,84.3,94.65199157053547
density_free_p,NGC0055,8.59,2.975,85.4,97.00693146844326
density_free_p,NGC0055,9.21,2.68,85.3,98.22216448626223
density_free_p,NGC0055,9.82,2.425,86.8,98.47566198082691
density_free_p,NGC0055,10.43,2.195,85.4,98.26619274985673
density_free_p,NGC0055,11.05,1.985,85.4,97.05155300960426
density_free_p,NGC0055,11.660000000000002,1.795,86.2,95.94740898666197
density_free_p,NGC0055,12.28,1.625,86.1,95.97864815311108
density_free_p,NGC0055,12.89,1.47,87.4,96.54235380952922
density_free_p,NGC0055,13.5,0.0,86.5,106.18607026765551
density_free_p,UGC07559,0.36000000000000004,15.445,9.31,11.967610968567085
density_free_p,UGC07559,0.7200000000000001,8.48,15.9,21.255929733619134
density_free_p,UGC07559,1.08,4.5,21.4,26.435236290700065
density_free_p,UGC07559,1.45,2.455,26.1,30.60013827435228
density_free_p,UGC07559,1.8,1.015,29.7,34.483942704026475
density_free_p,UGC07559,2.17,0.695,31.1,38.08515423731463
density_free_p,UGC07559,2.5299999999999994,0.0,32.1,43.9160631731032
density_free_p,UGC07524,0.35,27.135,14.4,16.607343942305743
density_free_p,UGC07524,0.69,21.525,24.4,19.83214755313585
density_free_p,UGC07524,1.03,15.465,29.2,23.145086511966444
density_free_p,UGC07524,1.38,13.285,32.9,25.13183873359285
density_free_p,UGC07524,1.72,12.48,37.8,27.763064541435014
density_free_p,UGC07524,2.07,10.745,42.0,31.048695927565294
density_free_p,UGC07524,2.41,9.865,45.1,33.570846800636915
density_free_p,UGC07524,2.76,8.675,47.6,37.9384241975802
density_free_p,UGC07524,3.1,7.475,52.3,41.45475124725231
density_free_p,UGC07524,3.45,6.02,57.3,45.46199400119186
density_free_p,UGC07524,3.79,5.895,61.4,48.487986175114955
density_free_p,UGC07524,4.14,5.425,64.5,52.11082589419593
density_free_p,UGC07524,4.48,4.755,66.4,55.077367221481566
density_free_p,UGC07524,4.82,4.375,66.9,56.99619286681217
density_free_p,UGC07524,5.17,4.23,69.4,58.5839486785548
density_free_p,UGC07524,5.51,3.465,70.2,59.84399630915879
density_free_p,UGC07524,5.86,3.175,70.9,60.31158136013713
density_free_p,UGC07524,6.2,3.14,72.3,61.450129417622726
density_free_p,UGC07524,6.55,2.935,73.9,63.5392914115221
density_free_p,UGC07524,6.89,2.74,75.0,65.90742827841018
density_free_p,UGC07524,7.25,2.58,75.5,68.36040737605848
density_free_p,UGC07524,7.58,2.425,77.1,70.94163060415131
density_free_p,UGC07524,7.94,2.21,77.0,73.94067147671112
density_free_p,UGC07524,8.27,2.005,77.0,77.0171259960481
density_free_p,UGC07524,8.63,1.78,78.2,80.3780497789073
density_free_p,UGC07524,8.97,1.57,79.6,82.99240561335269
density_free_p,UGC07524,9.3,1.38,80.3,85.41729364019442
density_free_p,UGC07524,9.66,1.18,81.2,87.70011549708337
density_free_p,UGC07524,9.99,1.045,82.3,89.5193344556145
density_free_p,UGC07524,10.35,0.945,83.8,91.24147351216378
density_free_p,UGC07524,10.690000000000001,0.0,79.0,97.6261946270606
density_free_p,NGC5907,5.03,187.325,214.0,152.4069750046224
density_free_p,NGC5907,7.550000000000001,122.095,220.0,184.76204951778504
density_free_p,NGC5907,10.07,83.85,235.0,211.25231458383325
density_free_p,NGC5907,12.58,45.355,235.0,235.37202474679762
density_free_p,NGC5907,15.100000000000001,27.445,230.0,244.31380436486938
density_free_p,NGC5907,17.61,18.065,231.0,251.70204076265568
density_free_p,NGC5907,20.130000000000003,10.685,232.0,263.31734157315935
density_free_p,NGC5907,22.65,6.1,225.0,273.6683193593896
density_free_p,NGC5907,25.16,3.685,224.0,270.4730662740937
density_free_p,NGC5907,27.68,2.36,229.0,270.6768681536138
density_free_p,NGC5907,30.200000000000003,1.575,218.0,275.347321043033
density_free_p,NGC5907,32.71,1.04,214.0,269.3200041160238
density_free_p,NGC5907,35.23,0.65,213.0,269.1832214328848
density_free_p,NGC5907,37.75,0.4,211.0,261.85457137000475
density_free_p,NGC5907,40.260000000000005,0.25,217.0,258.72751820435434
density_free_p,NGC5907,42.78,0.155,216.0,251.32769801991427
density_free_p,NGC5907,45.29,0.1,215.0,246.53850591684292
density_free_p,NGC5907,47.81,0.06,217.0,241.71425165919294
density_free_p,NGC5907,50.330000000000005,0.0,214.0,242.3882891358355
density_free_p,DDO161,0.6,15.16,16.0,18.41569360834568
density_free_p,DDO161,0.73,13.845,16.6,21.464929046438364
density_free_p,DDO161,0.85,13.575,18.6,23.725090780353938
density_free_p,DDO161,0.98,12.855,20.0,26.687921973277028
density_free_p,DDO161,1.07,12.115,21.4,28.726056030904722
density_free_p,DDO161,1.54,8.605,28.9,38.624258031589946
density_free_p,DDO161,2.02,5.885,32.9,47.03979406906436
density_free_p,DDO161,2.49,3.77,35.2,53.79506274914378
density_free_p,DDO161,2.96,2.56,37.6,58.25841229206701
density_free_p,DDO161,3.43,1.82,40.6,61.12422703689529
density_free_p,DDO161,3.9,1.275,42.7,63.77169874446715
density_free_p,DDO161,4.37,0.87,45.5,65.71776720485248
density_free_p,DDO161,4.86,0.545,48.9,67.50263297948334
density_free_p,DDO161,5.339999999999999,0.32,51.5,69.02060326500828
density_free_p,DDO161,5.81,0.23,53.0,69.77748501947411
density_free_p,DDO161,6.28,0.18,55.0,70.66085034727179
density_free_p,DDO161,6.75,0.12,57.6,71.69124728525358
density_free_p,DDO161,7.22,0.08,59.7,72.9652010376936
density_free_p,DDO161,7.6899999999999995,0.055,60.5,74.53210411198798
density_free_p,DDO161,8.16,0.035,61.8,76.15107958243209
density_free_p,DDO161,8.64,0.025,62.9,77.12958244435696
density_free_p,DDO161,9.11,0.015,63.0,78.20254784444815
density_free_p,DDO161,9.579999999999998,0.01,64.5,78.33323566476034
density_free_p,DDO161,10.05,0.01,65.6,78.09912652947548
density_free_p,DDO161,10.52,0.005,67.5,76.74586684276125
density_free_p,DDO161,10.99,0.005,66.8,75.01565324543266
density_free_p,DDO161,11.46,0.0,66.8,73.1190199687273
density_free_p,DDO161,11.94,0.0,66.6,71.09449090403314
density_free_p,DDO161,12.41,0.0,66.8,69.0853420047157
density_free_p,DDO161,12.899999999999999,0.0,66.3,67.39717477160455
density_free_p,DDO161,13.37,0.0,66.1,65.40915205941964
density_free_p,UGC02916,0.37,6300.477999999999,183.0,105.87600461887332
density_free_p,UGC02916,0.74,3731.509,196.0,165.69362931204108
density_free_p,UGC02916,1.11,2759.745,205.0,191.15763728809233
density_free_p,UGC02916,1.48,2091.687,211.0,211.6582857875719
density_free_p,UGC02916,1.84,1581.2969999999998,214.0,230.58396519129727
density_free_p,UGC02916,2.21,1092.562,214.0,247.79991096128768
density_free_p,UGC02916,2.6,640.281,213.0,261.1610546145965
density_free_p,UGC02916,2.96,471.445,211.0,262.395733550073
density_free_p,UGC02916,3.17,391.21299999999997,210.0,265.9291423039698
density_free_p,UGC02916,3.3300000000000005,339.00800000000004,209.0,267.5097271801742
density_free_p,UGC02916,3.7,240.152,207.0,271.6839846756086
density_free_p,UGC02916,4.07,163.963,206.0,276.95335270892014
density_free_p,UGC02916,4.44,113.81899999999999,205.0,281.96938626077844
density_free_p,UGC02916,4.81,87.041,205.0,284.17028992971063
density_free_p,UGC02916,5.18,65.893,206.0,287.1025615027997
density_free_p,UGC02916,5.550000000000001,52.465999999999994,207.0,288.00109742852885
density_free_p,UGC02916,5.92,46.905,208.0,285.12283288133244
density_free_p,UGC02916,6.28,43.519,210.0,281.763799455444
density_free_p,UGC02916,6.34,43.177,210.0,281.13834997174877
density_free_p,UGC02916,6.65,40.663,212.0,278.79850353081684
density_free_p,UGC02916,7.03,37.056999999999995,214.0,277.12272952269797
density_free_p,UGC02916,7.39,34.563,215.0,275.1986135116603
density_free_p,UGC02916,7.77,32.379,216.0,273.0247082865888
density_free_p,UGC02916,8.14,30.368,217.0,271.54008550832776
density_free_p,UGC02916,8.51,28.498,218.0,270.0422853287981
density_free_p,UGC02916,8.88,26.791,218.0,268.5738518384716
density_free_p,UGC02916,9.25,25.202,218.0,267.67821556876777
density_free_p,UGC02916,9.52,24.099,218.0,266.8778302219747
density_free_p,UGC02916,9.62,23.707,218.0,266.5930859930076
density_free_p,UGC02916,9.99,22.317999999999998,217.0,265.6559725697589
density_free_p,UGC02916,10.4,20.869,217.0,264.7158247051897
density_free_p,UGC02916,10.710000000000003,19.837,216.0,264.36701964176956
density_free_p,UGC02916,11.12,18.562,215.0,263.7862586535829
density_free_p,UGC02916,12.67,14.42,212.0,263.2017452693595
density_free_p,UGC02916,12.98,13.715,211.0,263.32153626806866
density_free_p,UGC02916,15.86,8.585,209.0,266.9729104682409
density_free_p,UGC02916,19.05,5.11,215.0,275.4479398448772
density_free_p,UGC02916,22.14,3.095,215.0,283.48684351109927
density_free_p,UGC02916,25.34,1.84,210.0,285.1065713745662
density_free_p,UGC02916,28.53,1.095,196.0,280.5939661006407
density_free_p,UGC02916,31.72,0.65,185.0,272.0290195899773
density_free_p,UGC02916,34.91,0.39,182.0,265.4007945204032
density_free_p,UGC02916,38.0,0.0,181.0,265.7978595310877
density_free_p,F571-8,0.22,923.285,12.4,29.179942683251397
density_free_p,F571-8,0.7799999999999999,352.74,37.5,69.22322545585587
density_free_p,F571-8,1.33,201.605,56.5,88.12811790938224
density_free_p,F571-8,2.33,60.625,69.1,111.09868298432193
density_free_p,F571-8,3.44,17.99,85.5,122.46300692255183
density_free_p,F571-8,3.78,12.51,87.1,123.91474886381421
density_free_p,F571-8,4.77,4.255,105.0,123.714606173633
density_free_p,F571-8,5.44,3.32,112.0,118.91786218604291
density_free_p,F571-8,6.110000000000001,3.085,116.0,112.98140899132136
density_free_p,F571-8,7.22,2.7,124.0,107.40928399398992
density_free_p,F571-8,9.33,1.4,135.0,101.31544698836939
density_free_p,F571-8,11.100000000000001,0.885,140.0,97.76078088981392
density_free_p,F571-8,15.55,0.0,144.0,90.66791784367987
density_free_p,UGC06786,0.16,11467.650999999998,160.0,101.5364026411132
density_free_p,UGC06786,0.32,6045.030999999999,177.0,157.84538742374863
density_free_p,UGC06786,0.49,3439.105,180.0,174.98454057566784
density_free_p,UGC06786,0.65,2328.701,180.0,182.35778039425637
density_free_p,UGC06786,1.3,748.901,182.0,189.85070768749978
density_free_p,UGC06786,1.46,618.26,183.0,190.08560021590876
density_free_p,UGC06786,1.62,512.731,184.0,190.46707479200953
density_free_p,UGC06786,3.72,153.479,206.0,187.51324119443387
density_free_p,UGC06786,3.89,149.026,207.0,187.71531358699832
density_free_p,UGC06786,4.05,146.021,209.0,187.83069179917416
density_free_p,UGC06786,4.22,143.492,210.0,188.4521828213934
density_free_p,UGC06786,4.26,142.876,210.0,188.6713456199567
density_free_p,UGC06786,4.38,141.16299999999998,211.0,189.3899740180583
density_free_p,UGC06786,4.54,139.095,213.0,190.70834864759527
density_free_p,UGC06786,4.71,134.86599999999999,214.0,192.97147162284898
density_free_p,UGC06786,4.86,127.92399999999999,215.0,195.55157344297328
density_free_p,UGC06786,5.02,118.34700000000001,215.0,198.55294119149815
density_free_p,UGC06786,5.18,108.802,216.0,201.24081092245922
density_free_p,UGC06786,5.35,99.405,217.0,203.84235903287342
density_free_p,UGC06786,5.51,90.34,217.0,206.19868071214793
density_free_p,UGC06786,5.68,81.915,218.0,208.18699631771955
density_free_p,UGC06786,5.84,75.925,218.0,209.51085610372823
density_free_p,UGC06786,6.0,71.035,219.0,210.54302838585775
density_free_p,UGC06786,6.15,67.405,219.0,211.33158056212721
density_free_p,UGC06786,6.48,57.815,219.0,214.2880188781916
density_free_p,UGC06786,6.64,53.5,219.0,215.68757367403657
density_free_p,UGC06786,6.81,49.055,220.0,217.1741069774913
density_free_p,UGC06786,7.1,41.34,220.0,220.27401217183288
density_free_p,UGC06786,7.13,40.555,220.0,220.58657147310973
density_free_p,UGC06786,8.52,21.42,220.0,223.42114863799827
density_free_p,UGC06786,10.66,12.565,225.0,220.70598615339176
density_free_p,UGC06786,11.99,9.32,228.0,220.13309164765144
density_free_p,UGC06786,12.1,9.075,228.0,220.1848243787311
density_free_p,UGC06786,12.33,8.58,228.0,220.21981586104422
density_free_p,UGC06786,12.78,7.675,229.0,220.45092943029834
density_free_p,UGC06786,14.93,4.22,228.0,221.78279606525905
density_free_p,UGC06786,17.08,2.375,226.0,219.87887639977123
density_free_p,UGC06786,19.23,1.2,226.0,217.2198696221283
density_free_p,UGC06786,21.27,0.915,227.0,209.01450686784494
density_free_p,UGC06786,23.42,0.55,227.0,203.68270813794717
density_free_p,UGC06786,25.57,0.21,224.0,198.74333497776405
density_free_p,UGC06786,27.720000000000002,0.12,218.0,191.24664747156302
density_free_p,UGC06786,29.87,0.065,215.0,184.74398931587788
density_free_p,UGC06786,32.02,0.035,219.0,178.74748231552175
density_free_p,UGC06786,34.05,0.0,211.0,174.51426834693433
density_free_p,NGC3949,1.74,375.915,123.0,128.95976512392474
density_free_p,NGC3949,2.61,269.395,145.0,153.4139531040653
density_free_p,NGC3949,3.5000000000000004,118.65,152.0,181.09006458437105
density_free_p,NGC3949,4.37,54.35,157.0,190.37358040738408
density_free_p,NGC3949,5.24,29.72,161.0,198.2722164840863
density_free_p,NGC3949,6.110000000000001,15.04,165.0,205.076117299368
density_free_p,NGC3949,7.069999999999999,9.45,169.0,207.25236785905702
density_free_p,UGC03205,0.28,4369.476,107.0,79.21964913111687
density_free_p,UGC03205,0.55,2593.9829999999997,121.0,126.4357988405481
density_free_p,UGC03205,0.83,1603.616,134.0,145.44536577319786
density_free_p,UGC03205,1.39,874.038,157.0,161.24167466087152
density_free_p,UGC03205,1.65,692.406,168.0,167.66971736518286
density_free_p,UGC03205,3.04,242.20600000000002,207.0,181.24976853127004
density_free_p,UGC03205,3.32,234.191,213.0,180.38251584248357
density_free_p,UGC03205,3.59,228.846,218.0,180.5686828749984
density_free_p,UGC03205,3.87,225.833,222.0,181.78360594138087
density_free_p,UGC03205,4.15,222.761,226.0,184.9753009120795
density_free_p,UGC03205,4.43,208.79299999999998,229.0,189.50056958105938
density_free_p,UGC03205,4.7,193.84099999999998,232.0,193.54143214294393
density_free_p,UGC03205,4.97,178.787,234.0,196.9595814985682
density_free_p,UGC03205,5.25,169.727,235.0,199.63773647139288
density_free_p,UGC03205,5.52,162.23,236.0,202.99604028266637
density_free_p,UGC03205,5.8,151.895,237.0,207.15500168381874
density_free_p,UGC03205,6.08,140.54,237.0,211.3300007879976
density_free_p,UGC03205,6.36,128.055,237.0,215.75821553145622
density_free_p,UGC03205,6.63,115.93,236.0,219.43463314887438
density_free_p,UGC03205,6.91,104.76,236.0,222.7599510294205
density_free_p,UGC03205,7.19,94.31,235.0,225.7508976899346
density_free_p,UGC03205,7.269999999999999,91.66,234.0,226.4438031203944
density_free_p,UGC03205,7.46,85.785,234.0,227.99934338938567
density_free_p,UGC03205,8.02,71.28,231.0,232.3101129521117
density_free_p,UGC03205,8.29,64.84,229.0,234.39157918916771
density_free_p,UGC03205,8.56,58.925,228.0,236.45445973792326
density_free_p,UGC03205,8.84,53.28,226.0,238.32329290039615
density_free_p,UGC03205,9.12,48.12,224.0,240.25865581256235
density_free_p,UGC03205,9.69,39.055,221.0,243.76091566826952
density_free_p,UGC03205,12.11,16.725,216.0,253.19029909496783
density_free_p,UGC03205,14.58,8.095,220.0,256.4648913800407
density_free_p,UGC03205,14.679999999999998,7.92,220.0,256.31757599558506
density_free_p,UGC03205,15.2,7.255,221.0,255.1088665994774
density_free_p,UGC03205,15.5,6.92,221.0,254.62156298349962
density_free_p,UGC03205,15.71,6.625,221.0,254.73594005282078
density_free_p,UGC03205,16.02,6.21,221.0,254.77232511605447
density_free_p,UGC03205,16.32,5.835,221.0,254.75414346143788
density_free_p,UGC03205,16.53,5.59,221.0,254.90570625119653
density_free_p,UGC03205,16.84,5.25,221.0,255.01653532137274
density_free_p,UGC03205,16.94,5.135,221.0,255.20378421641414
density_free_p,UGC03205,19.4,2.425,218.0,259.9754486699509
density_free_p,UGC03205,21.769999999999996,1.245,216.0,260.8601376680766
density_free_p,UGC03205,24.23,0.43,215.0,259.8605699896882
density_free_p,UGC03205,26.69,0.2,212.0,253.0077867483807
density_free_p,UGC03205,29.06,0.095,208.0,244.38213332099008
density_free_p,UGC03205,31.52,0.045,209.0,234.94343933528177
density_free_p,UGC03205,36.34,0.01,220.0,217.6839345800283
density_free_p,UGC03205,40.04,0.0,220.0,205.05774345175013
density_free_p,UGC07323,0.58,67.92,23.9,21.056324251763105
density_free_p,UGC07323,1.17,48.255,34.7,35.00519845077617
density_free_p,UGC07323,1.7500000000000002,35.63,42.8,44.72113278859353
density_free_p,UGC07323,2.33,27.775,51.3,51.939436862650545
density_free_p,UGC07323,2.91,21.335,57.7,60.186848402590094
density_free_p,UGC07323,3.5000000000000004,17.515,67.3,67.39926167891176
density_free_p,UGC07323,4.07,14.185,75.4,75.35724425130331
density_free_p,UGC07323,4.65,10.525,79.5,85.45360423824961
density_free_p,UGC07323,5.23,7.035,82.8,92.37583033631675
density_free_p,UGC07323,5.82,4.59,85.6,96.89433661993917
density_free_p,UGC09992,0.7799999999999999,18.19,28.1,25.220461612622657
density_free_p,UGC09992,1.55,5.11,31.3,36.28347602067827
density_free_p,UGC09992,2.34,2.34,33.0,42.993135538357876
density_free_p,UGC09992,3.1199999999999997,1.255,33.4,48.58321113105748
density_free_p,UGC09992,3.89,0.62,34.3,49.55351930364695
