pgc,historical_partition,p,anchor_mpc,stipulated_distance_mpc,sensitivity_distance_mpc,conditional_sigma_distance_mpc,observed_z,predicted_z,residual_kms,prediction_change_kms
1037,validation,0,0,65.37323852287952,65.37323852287952,2.829915956666298,0.017035118341769625,0.016404454601673907,-189.06823281476827,0.0
3455,train,0,0,66.58861776861269,66.58861776861269,2.4838805299207936,0.015600792732417572,0.01671197065415667,333.1227604334958,0.0
4224,test,0,0,59.92389025834776,59.92389025834776,2.262869645338556,0.0166248345046759,0.015026799968163368,-479.07870166998276,0.0
5037,test,0,0,63.09573444801933,63.09573444801933,2.3535894206586274,0.012768833564185261,0.015828449461057638,917.2497702592442,0.0
5222,validation,0,0,27.076966023304927,27.076966023304927,1.1222463299178274,0.006981496512497323,0.006762199785180787,-65.74350491358004,0.0
5283,validation,0,0,71.15411150074344,71.15411150074344,2.5231113052814598,0.017385360641727687,0.017867966281297182,144.681530931201,0.0
5324,test,0,0,73.85841781207968,73.85841781207968,3.265253603447435,0.01741538141029552,0.01855332386640541,341.14656597974067,0.0
5766,test,0,0,22.019122114844762,22.019122114844762,1.0140180468491415,0.00526364142222684,0.005495590370333394,69.53654528337835,0.0
6415,validation,0,0,60.9256259749656,60.9256259749656,2.3568121609416153,0.01632129117804558,0.015279909520546371,-312.1983668178019,0.0
6962,test,0,0,60.14506519775487,60.14506519775487,2.354315219205591,0.015300585046739236,0.015082679029913748,-65.32658039710226,0.0
6983,test,0,0,27.5930685581751,27.5930685581751,2.160203203288568,0.0046265340003983696,0.006891534322223343,679.0300138506998,0.0
7252,validation,0,0,68.07693586937411,68.07693586937411,2.5080470033525195,0.017628862431222338,0.01708867260432904,-161.94483599093596,0.0
7584,train,0,0,66.43546819760064,66.43546819760064,2.508762426973154,0.015824280676200335,0.016673215526713636,254.50426551724513,0.0
7889,train,0,0,73.34998004015486,73.34998004015486,3.681901639338796,0.01693838475416216,0.01842443428217056,445.5064407113782,0.0
8160,train,0,0,23.593914430440503,23.593914430440503,1.84711785219892,0.0048900496356049095,0.00588978644857271,299.7135565127033,0.0
8997,train,0,0,44.60669020551353,44.60669020551353,1.6639133386233074,0.012378563572803423,0.011164437565170514,-363.98582014999664,0.0
9201,train,0,0,76.20790100254106,76.20790100254106,3.263838288792797,0.018349360876850344,0.019149132549684218,239.76551563763866,0.0
9997,train,0,0,83.98466611579151,83.98466611579151,3.2874912840511628,0.021441500039337216,0.021123740271776083,-95.26198177066087,0.0
10123,train,0,0,10.587660331136965,10.587660331136965,0.7801276431411321,0.0014409968912560168,0.0026387369021351782,359.0734219064105,0.0
10175,train,0,0,19.534396563982572,19.534396563982572,2.4288989577584608,0.004579835027070628,0.004873937369507529,88.16966414271624,0.0
10302,train,0,0,52.57750822566941,52.57750822566941,2.6149864320114817,0.016618163222771935,0.013172509575468689,-1032.980976341705,0.0
10959,train,0,0,64.74407045688145,64.74407045688145,2.832495898381657,0.01698174808653792,0.016245298625105768,-220.78199423552135,0.0
11420,train,0,0,21.517905703397552,21.517905703397552,1.9818723562037908,0.0049634337365485025,0.005370160177801236,121.9335195567496,0.0
11425,validation,0,0,52.504919867476204,52.504919867476204,2.7322732349827663,0.01590433605904789,0.013154204556927127,-824.4686828440157,0.0
11545,train,0,0,52.74727156616839,52.74727156616839,1.943281299269889,0.012688778181337705,0.01321532105239319,157.8535815561012,0.0
11638,train,0,0,36.88077172261549,36.88077172261549,3.9063712985840953,0.008305745970433986,0.009221861059561859,274.6443943805338,0.0
12384,validation,0,0,69.40647689943378,69.40647689943378,3.1643235175042626,0.012121719219500846,0.017425305186067806,1589.9750731314145,0.0
12636,train,0,0,20.174370856119253,20.174370856119253,0.650344878313672,0.004393039133759663,0.005034015655642711,192.15992701560992,0.0
12825,train,0,0,19.444644164481286,19.444644164481286,0.6268212690839159,0.004049468115705566,0.0048514894278572415,240.43994053833595,0.0
12838,train,0,0,22.84546488551827,22.84546488551827,1.8937305679648782,0.004636540923254314,0.0057024181121468715,319.54194238423014,0.0
13505,train,0,0,29.1608379852123,29.1608379852123,3.491556163886147,0.005567184748857158,0.00728451694146747,514.843239225175,0.0
13738,train,0,0,26.841080835452267,26.841080835452267,1.8541161783468167,0.005196928603187209,0.006703092835431526,451.5366773362065,0.0
13814,train,0,0,50.04952959591683,50.04952959591683,1.959136112901681,0.01298565022606406,0.012535209607674153,-135.03870017015018,0.0
14526,validation,0,0,17.897814394089608,17.897814394089608,1.8132945873242197,0.0038093019671628964,0.004464691153720612,196.48073518475823,0.0
14695,validation,0,0,23.48551024058882,23.48551024058882,2.0549406596908755,0.004429731184231459,0.005862646168016405,429.57710509391893,0.0
15153,validation,0,0,15.588344677043889,15.588344677043889,1.1485916824900588,0.00502347527368417,0.0038874651914664634,-340.5672548608284,0.0
15406,train,0,0,70.0809531646794,70.0809531646794,2.678698143792758,0.015477374017194257,0.017596121515858622,635.1845205059419,0.0
15570,train,0,0,62.08690342300644,62.08690342300644,2.687655111889142,0.013829567386915384,0.015573409635527483,522.7907540756681,0.0
16219,train,0,0,61.376200516479365,61.376200516479365,2.2329180051069697,0.014726854802998414,0.01539377721303369,199.93830859975952,0.0
16386,train,0,0,51.07401503571944,51.07401503571944,1.7875544380411406,0.012932279970832355,0.012793432667029649,-41.62537449368603,0.0
19476,test,0,0,32.568668220166984,32.568668220166984,4.199559276775823,0.009152998772237292,0.008139264825004551,-303.9097917989458,0.0
19603,train,0,0,67.5149577160642,67.5149577160642,2.6738936852874833,0.01654477912182834,0.01694641627370094,120.40778898400535,0.0
19622,train,0,0,55.76991723756762,55.76991723756762,2.4142016252922156,0.013529359701237047,0.013977884687874953,134.46440821859485,0.0
20047,test,0,0,26.230103243087683,26.230103243087683,1.9327054308873113,0.007858770082868463,0.006550013210582144,-392.35543966710765,0.0
20338,validation,0,0,78.16278045883308,78.16278045883308,3.671519643474097,0.020037195198552994,0.01964513875321163,-117.53556542362978,0.0
21293,train,0,0,13.514500541175595,13.514500541175595,1.2447314994148357,0.004186229394736809,0.0033694138676925002,-244.87513458517876,0.0
22555,validation,0,0,69.47043207498584,69.47043207498584,2.4954006682755976,0.016441374252316916,0.017441501098214383,299.83048544338885,0.0
23304,validation,0,0,23.812226232768396,23.812226232768396,2.193187086182971,0.007021524203921101,0.005944445631838165,-322.9000325838736,0.0
23313,train,0,0,12.78792262935846,12.78792262935846,1.648935680936433,0.003812637608114878,0.0031879761789359116,-187.26878527135528,0.0
24790,validation,0,0,64.68446641717226,64.68446641717226,2.4128521075513683,0.013679463544076216,0.01623022232587776,764.698244961371,0.0
24848,train,0,0,93.19658525658426,93.19658525658426,8.369129649260625,0.02256894668110697,0.02346770026469254,269.4395459594267,0.0
25075,validation,0,0,27.466289924159614,27.466289924159614,3.4151473659180147,0.007101579586768657,0.006859762243448578,-72.49501574095638,0.0
25144,train,0,0,69.40647689943378,69.40647689943378,3.068434926064739,0.016898357062738383,0.017425305186067806,157.97507313141466,0.0
25646,validation,0,0,54.35005651294472,54.35005651294472,2.077417456839502,0.01359940816122866,0.013619605801059557,6.055100090703588,0.0
25915,test,0,0,22.532013356294826,22.532013356294826,2.4903301473286654,0.0049767763003564286,0.005623958407087541,194.02031455053847,0.0
25955,test,0,0,23.593914430440503,23.593914430440503,3.2596197391745645,0.007618603934325793,0.00588978644857271,-518.2864434872965,0.0
26601,train,0,0,39.5184588928437,39.5184588928437,3.6397845737903953,0.009763421066449911,0.009884651491692266,36.3439671677909,0.0
26939,test,0,0,22.120757764641272,22.120757764641272,2.139266937133002,0.005740638078360197,0.005521026759261737,-65.83781715714969,0.0
26981,train,0,0,24.254928571094204,24.254928571094204,2.6807537740529708,0.008832777240847066,0.0060552950621244085,-832.6682094104608,0.0
27635,validation,0,0,31.376175101187464,31.376175101187464,1.2137380594611755,0.007678645471461461,0.007840082669530167,48.39765442165046,0.0
27762,train,0,0,22.428488158692854,22.428488158692854,2.478888119644783,0.007541884192430218,0.005598046474232732,-582.7478874915357,0.0
27765,test,0,0,15.516722739072343,15.516722739072343,1.929343021439925,0.004916734763220762,0.003869569398210884,-313.9322787087783,0.0
28424,validation,0,0,22.32543861616743,22.32543861616743,2.8787484405198813,0.006044181404990515,0.0055722542589738445,-141.48019910126257,0.0
28576,train,0,0,12.382262309589926,12.382262309589926,1.4255606305801893,0.0041929006766407715,0.003086690825663777,-331.6333702882069,0.0
28806,train,0,0,36.542646775065236,36.542646775065236,5.04855322336873,0.009710050811218207,0.00913692945778035,-171.81745927942174,0.0
28845,train,0,0,36.04126286491434,36.04126286491434,3.4854991334281284,0.009650009274082539,0.009011002961701613,-191.5692730661936,0.0
29597,train,0,0,21.517905703397552,21.517905703397552,1.8827787383936012,0.00653785626588378,0.005370160177801236,-350.0664804432504,0.0
29730,train,0,0,22.636016404497504,22.636016404497504,1.4593979102574097,0.00557052038980914,0.005649990616310651,23.824574540704724,0.0
29822,train,0,0,89.4128627502953,89.4128627502953,4.076438352836901,0.023936559471419393,0.022504286917283563,-429.3845095303183,0.0
30099,train,0,0,34.103582265334964,34.103582265334964,2.8269504051068304,0.0057172885916963265,0.008524486997848087,841.5769102739184,0.0
30440,train,0,0,23.92213847512053,23.92213847512053,2.6439724533768887,0.004916734763220762,0.005971965714296117,316.35028058055855,0.0
30671,train,0,0,43.93392456444762,43.93392456444762,3.439494392479949,0.010270438491151102,0.010995131329114845,217.25744718814607,0.0
30949,train,0,0,35.87566830392618,35.87566830392618,4.1303389518909706,0.010377179001614511,0.008969416042804728,-422.03671770293766,0.0
31586,test,0,0,53.06400191947755,53.06400191947755,2.003823828628102,0.011131033856762335,0.013295199989490537,648.800684450942,0.0
32512,train,0,0,57.86287388179515,57.86287388179515,2.344921758749082,0.011151047702474224,0.01450623937530063,1005.86115865776,0.0
32543,train,0,0,16.025072388814195,16.025072388814195,1.7711564542384344,0.0030587827529670545,0.003996594929149384,281.14901744002964,0.0
33371,train,0,0,33.63566357483622,33.63566357483622,1.4715305732672332,0.006127572428790053,0.008407036388103457,683.3661032849773,0.0
33615,train,0,0,25.633033198658953,25.633033198658953,3.3052454473614015,0.005116873220339653,0.0064004405920217045,384.8038173651618,0.0
33871,test,0,0,47.07604832565828,47.07604832565828,4.769450712916035,0.011164390266282149,0.01178611207539276,186.38750934547673,0.0
34160,train,0,0,20.739582044538317,20.739582044538317,1.7191674882245123,0.005763987565024067,0.005175414475559709,-176.44977320317378,0.0
34415,train,0,0,20.361042011319707,20.361042011319707,2.7192158451592348,0.003262256851037927,0.005080712957744928,545.1594259948021,0.0
34433,train,0,0,22.95091476024225,22.95091476024225,1.479700157530303,0.0052969978317466545,0.005728814529538628,129.45538923649883,0.0
34566,train,0,0,22.32543861616743,22.32543861616743,2.2618737746941924,0.006190949606877702,0.0055722542589738445,-185.48019910126257,0.0
34778,train,0,0,27.34009378505607,27.34009378505607,1.636775202153761,0.005387060137450156,0.006828137139772614,432.0240166935214,0.0
36487,train,0,0,85.58546212208236,85.58546212208236,4.020183308889993,0.02190848977261463,0.021530674867340633,-113.26605912112821,0.0
36918,train,0,0,28.760736288630234,28.760736288630234,3.7085463879370413,0.006748001645858617,0.0071842114634090735,130.77241340718302,0.0
37235,train,0,0,12.612465753175393,12.612465753175393,1.0454859226497448,0.00396941273285801,0.003144166814435165,-247.4025023384521,0.0
37339,train,0,0,19.17785364482655,19.17785364482655,2.6495183950919485,0.00502347527368417,0.0047847655038068485,-71.56338866013664,0.0
37618,train,0,0,10.204694319421995,10.204694319421995,1.315841913033878,0.0028786581415600524,0.002543169949363386,-100.57682976861499,0.0
37760,train,0,0,13.452407051486315,13.452407051486315,1.7346174687318612,0.0038826860681064903,0.0033539068852414455,-158.52401097034326,0.0
37930,validation,0,0,22.151339841371943,22.151339841371943,0.7956833805739748,0.0050501604013000224,0.005528680672032307,143.45676816565697,0.0
38201,train,0,0,83.06154404079231,83.06154404079231,5.39342690168499,0.02092781133273206,0.020889149273550855,-11.590593753275478,0.0
38411,train,0,0,27.089438298597827,27.089438298597827,2.120775051333734,0.007395115990543031,0.00676532512315252,-188.8065521609533,0.0
38524,validation,0,0,24.366884234595855,24.366884234595855,2.8053412200646024,0.0048900496356049095,0.006083329877182056,357.73641670524665,0.0
39158,validation,0,0,15.516722739072343,15.516722739072343,1.2862286809599497,0.0045264647718389235,0.003869569398210884,-196.93227870877828,0.0
39328,train,0,0,21.419039907221233,21.419039907221233,1.2822982119119168,0.009800113116921708,0.005345420704982542,-1335.483187809191,0.0
40228,validation,0,0,14.282360800191839,14.282360800191839,1.1181359364236643,0.003255585569133964,0.0035611960588141536,91.61971989180768,0.0
40375,train,0,0,22.636016404497504,22.636016404497504,0.6254562472531755,0.005210271166995135,0.005649990616310651,131.82457454070473,0.0
40378,validation,0,0,29.89509927814587,29.89509927814587,1.1013761592229718,0.005780665769783975,0.007468622204590499,506.0366085875646,0.0
40887,train,0,0,27.848384078049996,27.848384078049996,2.1801913174310825,0.010794134120612201,0.006955522159103237,-1150.7869152489736,0.0
41339,train,0,0,16.398344276265377,16.398344276265377,0.5286201631243805,0.004066146320465474,0.004089877696718565,7.114487618637013,0.0
41939,train,0,0,14.216739313080032,14.216739313080032,1.3094100805312197,0.004553149899454776,0.0035448048830595156,-302.2942309771853,0.0
42139,validation,0,0,22.740499508958955,22.740499508958955,2.3039251477689615,0.006771351132522487,0.005676143663310995,-328.3349392148724,0.0
42174,train,0,0,17.171174432444527,17.171174432444527,1.186142708320418,0.004589841949926572,0.004283039897412925,-91.97694144251136,0.0
42734,train,0,0,14.750271017597601,14.750271017597601,0.8830576082313011,0.004209578881400679,0.0036780801499011113,-159.3393111401375,0.0
43149,train,0,0,14.151419329314304,14.151419329314304,1.2382241933107028,0.006364402936380741,0.0035284892837916036,-850.1855245854556,0.0
43296,train,0,0,37.051005630192414,37.051005630192414,2.900645170313664,0.01086084693965183,0.009264623811261434,-478.5356551766065,0.0
43594,train,0,0,15.878153642056166,15.878153642056166,1.1699455961749647,0.005357039368882322,0.003959881475596227,-418.8573990423403,0.0
43671,train,0,0,24.479356661960658,24.479356661960658,2.1419004659647736,0.005246963217466932,0.006111494881704106,259.18007264049305,0.0
43790,train,0,0,35.87566830392618,35.87566830392618,3.634698277664054,0.015330605815307069,0.008969416042804728,-1907.0367177029377,0.0
44087,train,0,0,11.770637907805682,11.770637907805682,0.8672926522094077,0.0042496065728244575,0.0029339996493813096,-394.40903334083913,0.0
44298,train,0,0,89.16614688795394,89.16614688795394,3.942002699979268,0.02540424149029126,0.02244149950257868,-888.2077029161601,0.0
44807,train,0,0,65.58431698067287,65.58431698067287,2.2652020592084043,0.016618163222771935,0.01645785513638619,-48.05915525485843,0.0
45283,train,0,0,48.842737842292564,48.842737842292564,3.8237950419270867,0.011271130776745557,0.01223112042564507,287.79765649814163,0.0
45657,test,0,0,39.33688806732014,39.33688806732014,1.376763287442518,0.01086084693965183,0.009839012950757809,-306.3381231984835,0.0
45898,train,0,0,43.53113592296384,43.53113592296384,4.410302364921822,0.011277802058649521,0.010893780283222127,-115.1268319809025,0.0
46115,test,0,0,32.71899836231789,32.71899836231789,4.218943561659108,0.010333815669238751,0.00817698714963861,-646.6009233754272,0.0
47582,train,0,0,35.87566830392618,35.87566830392618,4.791193184193525,0.013325885603166176,0.008969416042804728,-1306.036717702938,0.0
48521,train,0,0,16.85776517828977,16.85776517828977,2.0184548176376556,0.0042496065728244575,0.004204701491385396,-13.462204741306481,0.0
49044,train,0,0,30.775137359078713,30.775137359078713,1.0204181642571666,0.006190949606877702,0.007689323196135129,449.2011013257663,0.0
49353,validation,0,0,12.965820353826285,12.965820353826285,1.7912942799095513,0.003605827869092024,0.003232396945759328,-111.95177439911848,0.0
49356,train,0,0,34.07218616593571,34.07218616593571,1.1925024408613032,0.008369123148521635,0.008516605946247513,44.214230442957636,0.0
50558,test,0,0,69.75896043328059,69.75896043328059,2.5700150783429336,0.016928377831306216,0.017514570789524377,175.73622780651357,0.0
51104,train,0,0,48.06179647259539,48.06179647259539,1.593595815844492,0.011321165391025281,0.01203438633020782,213.81825845460205,0.0
51251,train,0,0,28.497056273411538,28.497056273411538,3.018377260591014,0.005086852451771819,0.007118112355495527,608.9563993741739,0.0
51275,test,0,0,25.870212734646053,25.870212734646053,1.6679142534706606,0.005780665769783975,0.006459854015483641,203.61551362301086,0.0
51564,train,0,0,28.89348981559084,28.89348981559084,3.1934265088298277,0.006921454975361656,0.00721749165957731,88.74956521918075,0.0
51787,test,0,0,26.964973635434237,26.964973635434237,2.9802790236445604,0.006377745500188667,0.006734136850983281,106.84343906465759,0.0
53201,test,0,0,19.534396563982572,19.534396563982572,2.6088173990739016,0.0056605826955126405,0.004873937369507529,-235.83033585728373,0.0
53630,train,0,0,28.106062003343975,28.106062003343975,3.75356276471664,0.006994839076305249,0.00702010619118155,7.5748904753346435,0.0
53865,validation,0,0,29.10717118066605,29.10717118066605,1.0455391199733097,0.006030838841182589,0.00727106209581454,371.8095779748725,0.0
54646,train,0,0,35.05903839326121,35.05903839326121,3.713415282235343,0.009149663131285311,0.00876435513592532,-115.51243101602459,0.0
61009,train,0,0,50.605765651324454,50.605765651324454,2.1207382852708747,0.012838882024176873,0.012675401552183543,-49.01021253388068,0.0
61404,train,0,0,23.593914430440503,23.593914430440503,2.281733817422195,0.007048209331536953,0.00588978644857271,-347.2864434872966,0.0
62351,train,0,0,10.934526967309194,10.934526967309194,1.158173224517907,0.0038593365814426194,0.0027253033268172986,-339.97461685786476,0.0
62395,validation,0,0,61.461053471952326,61.461053471952326,2.462435916121556,0.015320598892451125,0.015415222397310479,28.367413106360754,0.0
62409,validation,0,0,27.5930685581751,27.5930685581751,3.685052523256968,0.0077520295724050545,0.006891534322223343,-257.9699861493002,0.0
62453,train,0,0,13.765753865094156,13.765753865094156,1.5214473428923667,0.0030787965986789436,0.003432163325694187,105.93667966731485,0.0
62589,train,0,0,28.760736288630234,28.760736288630234,2.648961705669315,0.008676002116103936,0.0071842114634090735,-447.2275865928171,0.0
63620,validation,0,0,29.840081159302233,29.840081159302233,2.198698433636538,0.008078922385699244,0.007454826051100025,-187.09937417829036,0.0
63972,validation,0,0,33.17416496945389,33.17416496945389,3.3609988601723515,0.008665995193247992,0.008291210658974675,-112.35757675018267,0.0
64102,train,0,0,32.41902878227876,32.41902878227876,2.8366077513299595,0.009249732359844757,0.008101717220428791,-344.1662804667249,0.0
64725,train,0,0,36.37474856426328,36.37474856426328,2.680190521775334,0.008746050576095548,0.009094758756974275,104.54008267034203,0.0
65379,train,0,0,53.358056184603406,53.358056184603406,2.3589401234266862,0.011698092818599194,0.013369365687200471,501.03500126668797,0.0
66537,test,0,0,60.478359188180086,60.478359188180086,2.56232085700415,0.01469683403443058,0.015166890381799516,140.91934777623504,0.0
66549,train,0,0,30.394849687701146,30.394849687701146,3.079416022966597,0.007018188562969119,0.007593946543800981,172.60790028670067,0.0
67146,train,0,0,32.41902878227876,32.41902878227876,3.135198040943639,0.007745358290501091,0.008101717220428791,106.83371953327499,0.0
67557,train,0,0,24.819898435070957,24.819898435070957,1.3715982755092953,0.005810686538351809,0.006196777128728846,115.74704709980297,0.0
67878,validation,0,0,31.82731482170786,31.82731482170786,2.7848338250227327,0.007411794195302939,0.007953257747225053,162.3266891481411,0.0
67882,validation,0,0,36.04126286491434,36.04126286491434,3.983427581060718,0.00859594673325638,0.009011002961701613,124.43072693380611,0.0
67890,train,0,0,17.897814394089608,17.897814394089608,2.1429845122922595,0.0038760147862025272,0.004464691153720612,176.48073518475812,0.0
68020,validation,0,0,46.00446663934781,46.00446663934781,6.355751945694249,0.009109635439861532,0.01151628855358473,721.4964525164308,0.0
68434,test,0,0,77.80365510398032,77.80365510398032,3.7263103575958034,0.01862621907586481,0.01955400076523951,278.1419531450334,0.0
68870,test,0,0,24.705861360384304,24.705861360384304,2.503043315431934,0.004950091172740576,0.006168217894929416,365.1852042004754,0.0
69094,train,0,0,24.705861360384304,24.705861360384304,2.3892686192759367,0.007878783928580352,0.006168217894929416,-512.8147957995246,0.0
69342,test,0,0,21.817249589882987,21.817249589882987,2.0094429470318014,0.002735225580624847,0.00544506957256125,812.3907911391464,0.0
70090,validation,0,0,29.1608379852123,29.1608379852123,3.760137407262005,0.004816665534661316,0.00728451694146747,739.843239225175,0.0
70258,validation,0,0,12.268741046383399,12.268741046383399,1.1864924502146765,0.0015710868883832961,0.00305834864429713,445.8698574948043,0.0
70264,train,0,0,24.03255804933244,24.03255804933244,3.3202205946544168,0.005523821416481398,0.005999613581783391,142.63890273302692,0.0
70676,train,0,0,24.934461880978326,24.934461880978326,1.9520664877849452,0.004159544267120957,0.006225469002212915,619.3486543762169,0.0
71121,train,0,0,45.540731268325445,45.540731268325445,1.6987548248684026,0.011314494109121317,0.011399542619369213,25.496901936454645,0.0
71730,test,0,0,38.976245309772,38.976245309772,2.692383642934803,0.00954326876361913,0.009748370092205052,61.487831435839084,0.0
72263,train,0,0,20.644292320739922,20.644292320739922,1.616198151607005,0.004479765798511183,0.00515157446185193,201.4031704886171,0.0
771919,train,0,0,18.18025623774262,18.18025623774262,0.6195514875976048,0.005110201938435689,0.0045353070870279635,-172.34914059506687,0.0
1037,validation,0.5,0,65.37323852287952,64.84778103164345,2.784696345661646,0.017035118341769625,0.01627153180401334,-228.9174850496662,-39.849252234897925
3455,train,0.5,0,66.58861776861269,66.04356231696312,2.443465849570443,0.015600792732417572,0.01657404886217156,291.7748474025154,-41.34791303098041
4224,test,0.5,0,59.92389025834776,59.481940990461055,2.2296753932622617,0.0166248345046759,0.01491515227171798,-512.5498390173832,-33.4711373474004
5037,test,0.5,0,63.09573444801933,62.60604668758057,2.317268608936385,0.012768833564185261,0.01570464483304181,880.1340765146034,-37.115693744640886
5222,validation,0.5,0,27.076966023304927,26.986182691452292,1.1147399093371935,0.006981496512497323,0.006739451333782962,-72.5633190738275,-6.819814160247458
5283,validation,0.5,0,71.15411150074344,70.53227393853814,2.4792984807620266,0.017385360641727687,0.0177104380069531,97.4557423610901,-47.225788570110886
5324,test,0.5,0,73.85841781207968,73.18874650046322,3.2064423928724723,0.01741538141029552,0.018383564792963703,290.2540760848491,-50.89248989489158
5766,test,0.5,0,22.019122114844762,21.959030536853653,1.0084947191188587,0.00526364142222684,0.005480551533190904,65.02801533096954,-4.508529952408797
6415,validation,0.5,0,60.9256259749656,60.468861372177386,2.3216715958546073,0.01632129117804558,0.015164490530080276,-346.80010966951124,-34.6017428517093
6962,test,0.5,0,60.14506519775487,59.699865604826634,2.319654181918108,0.015300585046739236,0.01497020407205705,-99.04572447640817,-33.71914407930591
6983,test,0.5,0,27.5930685581751,27.49880049876707,2.145480855559505,0.0046265340003983696,0.006867909644842824,671.9475137493371,-7.082500101362712
7252,validation,0.5,0,68.07693586937411,67.50739870727936,2.466344048949042,0.017628862431222338,0.016944502959755664,-205.16580810657496,-43.22097211563901
7584,train,0.5,0,66.43546819760064,65.89290179604957,2.4680350697454587,0.015824280676200335,0.01653592875913494,213.34672801395334,-41.1575375032918
7889,train,0.5,0,73.34998004015486,72.6894354288398,3.616033433242273,0.01693838475416216,0.018257009790463668,395.3138408131681,-50.192599898210155
8160,train,0.5,0,23.593914430440503,23.52494022954592,1.8363418028427443,0.0048900496356049095,0.005872517850819532,294.5365611460646,-5.176995366638667
8997,train,0.5,0,44.60669020551353,44.36110745989319,1.6456673640361286,0.012378563572803423,0.011102631643140619,-382.5147694342952,-18.528949284298566
9201,train,0.5,0,76.20790100254106,75.49525344988658,3.203221544247542,0.018349360876850344,0.018968374458746405,185.57560325200433,-54.189912385634315
9997,train,0.5,0,83.98466611579151,83.12038115719943,3.220347507699683,0.021441500039337216,0.020904099813333746,-161.1085346833357,-65.84655291267484
10123,train,0.5,0,10.587660331136965,10.573737212299955,0.7780778786722041,0.0014409968912560168,0.002635262308800814,358.03176503015106,-1.0416568762594347
10175,train,0.5,0,19.534396563982572,19.487079914417905,2.4171536390556314,0.004579835027070628,0.004862102956123464,84.62179626531946,-3.547867877396781
10302,train,0.5,0,52.57750822566941,52.236818084342445,2.5812615168465602,0.016618163222771935,0.013086598674081329,-1058.7364166376174,-25.75544029591238
10959,train,0.5,0,64.74407045688145,64.228619011108,2.7876629217857642,0.01698174808653792,0.01611492727050111,-259.8663430852416,-39.08434884972027
11420,train,0.5,0,21.517905703397552,21.46051335202609,1.9713214113756323,0.0049634337365485025,0.005355798650356461,117.62804194344592,-4.305477613303681
11425,validation,0.5,0,52.504919867476204,52.16516524565104,2.697083642312022,0.01590433605904789,0.013068531100852862,-850.1529388258746,-25.684255981858875
11545,train,0.5,0,52.74727156616839,52.40438854042885,1.9181394751311265,0.012688778181337705,0.013128853547416339,131.93127570196359,-25.92230585413763
11638,train,0.5,0,36.88077172261549,36.712652354129226,3.8708787078935414,0.008305745970433986,0.009179631258256722,261.9842184464154,-12.660175934118437
12384,validation,0.5,0,69.40647689943378,68.81462078571403,3.1107001950033406,0.012121719219500846,0.017275436668915945,1545.0456219976431,-44.9294511337714
12636,train,0.5,0,20.174370856119253,20.123909099640894,0.6470975834044285,0.004393039133759663,0.005021392610885892,188.37563340051898,-3.7842936150909536
12825,train,0.5,0,19.444644164481286,19.397760534957676,0.6238040285703113,0.004049468115705566,0.00483976357885651,236.92461944426984,-3.515321094066126
12838,train,0.5,0,22.84546488551827,22.780788312870104,1.883030820626583,0.004636540923254314,0.005686228489673309,314.68841566878865,-4.853526715441471
13505,train,0.5,0,29.1608379852123,29.055584040719644,3.466419218184929,0.005567184748857158,0.007258128813877366,506.9322775929199,-7.910961632255114
13738,train,0.5,0,26.841080835452267,26.75186845854641,1.8418217004241126,0.005196928603187209,0.006680739341381999,444.8352684102104,-6.701408925996106
13814,train,0.5,0,50.04952959591683,49.740669457247236,1.9350676338560606,0.01298565022606406,0.012457373873112795,-158.37326635453522,-23.334566184385057
14526,validation,0.5,0,17.897814394089608,17.858081881125422,1.8052570760461786,0.0038093019671628964,0.004454757653939001,193.50274686868656,-2.9779883160716922
14695,validation,0.5,0,23.48551024058882,23.417167024242364,2.0430068986125143,0.004429731184231459,0.005845536005862549,424.44760752503606,-5.129497568882859
15153,validation,0.5,0,15.588344677043889,15.55819154231151,1.1441545918922962,0.00502347527368417,0.0038799309489523366,-342.8259639433066,-2.2587090824781875
15406,train,0.5,0,70.0809531646794,69.47761275489363,2.632871681689877,0.015477374017194257,0.01744331953885664,589.3756402332576,-45.80888027268419
15570,train,0.5,0,62.08690342300644,61.612661710789624,2.6468308135872425,0.013829567386915384,0.015453540005458172,486.8547430376387,-35.936011038029406
16219,train,0.5,0,61.376200516479365,60.91269332843361,2.199382660646405,0.014726854802998414,0.01527664141385303,164.82187944359507,-35.11642915616444
16386,train,0.5,0,51.07401503571944,50.75244182304253,1.7651506915554667,0.012932279970832355,0.012712372576207156,-65.92657836706437,-24.301203873378338
19476,test,0.5,0,32.568668220166984,32.437459027181205,4.165823811958033,0.009152998772237292,0.008106341671428041,-313.77990493475914,-9.870113135813371
19603,train,0.5,0,67.5149577160642,66.9547270829856,2.6297933163570244,0.01654477912182834,0.016804622105723314,77.8989668359281,-42.508822148077236
19622,train,0.5,0,55.76991723756762,55.38682417707267,2.381204724528361,0.013529359701237047,0.013881204877925228,105.4805303547942,-28.98387786380066
20047,test,0.5,0,26.230103243087683,26.144896432413688,1.920179427969182,0.007858770082868463,0.006528666606826404,-398.754990476993,-6.399550809885343
20338,validation,0.5,0,78.16278045883308,77.41337064646842,3.6016195664986967,0.020037195198552994,0.019454964530394105,-174.54836313033562,-57.01279770670584
21293,train,0.5,0,13.514500541175595,13.491828011706875,1.2405603151814677,0.004186229394736809,0.0033637516921054857,-246.57261212203744,-1.697477536858692
22555,validation,0.5,0,69.47043207498584,68.87749167295895,2.45307483530336,0.016441374252316916,0.017291355650140346,254.81801250776195,-45.01247293562693
23304,validation,0.5,0,23.812226232768396,23.741972551617522,2.180274468537071,0.007021524203921101,0.005926855746419462,-328.17334756948486,-5.273314985611305
23313,train,0.5,0,12.78792262935846,12.767619700983248,1.6437059974314963,0.003812637608114878,0.003182906696431192,-188.7885778922332,-1.5197926208779091
24790,validation,0.5,0,64.68446641717226,64.16995796246458,2.374695821726087,0.013679463544076216,0.016100091394035784,725.685973042634,-39.012271918736964
24848,train,0.5,0,93.19658525658426,92.13409087835741,8.17992529719604,0.02256894668110697,0.023197075782298418,188.30836718751527,-81.13117877191148
25075,validation,0.5,0,27.466289924159614,27.372883924410736,3.391978370653885,0.007101579586768657,0.006836354344432674,-79.51252732355023,-7.017511582593856
25144,train,0.5,0,69.40647689943378,68.81462078571403,3.016436552730512,0.016898357062738383,0.017275436668915945,113.04562199764327,-44.9294511337714
25646,validation,0.5,0,54.35005651294472,53.986126561862086,2.04973573122815,0.01359940816122866,0.013527794348805496,-21.469280853091075,-27.524380943794664
25915,test,0.5,0,22.532013356294826,22.469095739622112,2.4764514050564768,0.0049767763003564286,0.005608210305800754,189.2991525569398,-4.7211619935987095
25955,test,0.5,0,23.593914430440503,23.52494022954592,3.2406031814871956,0.007618603934325793,0.005872517850819532,-523.4634388539351,-5.176995366638667
26601,train,0.5,0,39.5184588928437,39.32552613356196,3.6043748246718823,0.009763421066449911,0.009836157152602372,21.805730052945894,-14.538237114845007
26939,test,0.5,0,22.120757764641272,22.06011131031173,2.1275609556669157,0.005740638078360197,0.005505848672914927,-70.38809297079615,-4.550275813646455
26981,train,0.5,0,24.254928571094204,24.18204436728907,2.664679102813397,0.008832777240847066,0.006037044550194528,-838.139575241678,-5.471365831217189
27635,validation,0.5,0,31.376175101187464,31.254371491725113,1.204341874726579,0.007678645471461461,0.007809528609557448,39.23777768054963,-9.159876741100835
27762,train,0.5,0,22.428488158692854,22.366146176302383,2.46513622256649,0.007541884192430218,0.005582442853528083,-587.425735296282,-4.677847804746292
27765,test,0.5,0,15.516722739072343,15.48684565206947,1.9219239296228998,0.004916734763220762,0.0038621042634558837,-316.17026980628117,-2.2379910975028166
28424,validation,0.5,0,22.32543861616743,22.263667006994464,2.8628511962198027,0.006044181404990515,0.005556793792854585,-146.11513024098113,-4.634931139718567
28576,train,0.5,0,12.382262309589926,12.363225618414077,1.4211823204218492,0.0041929006766407715,0.0030819379918514754,-333.0582340192623,-1.4248637310553924
28806,train,0.5,0,36.542646775065236,36.377585609488946,5.003099258128035,0.009710050811218207,0.009095471318038532,-184.2462968967289,-12.428837617307174
28845,train,0.5,0,36.04126286491434,35.88068518379091,3.4545441832339554,0.009650009274082539,0.008970675941713678,-203.65900951219166,-12.089736445998057
29597,train,0.5,0,21.517905703397552,21.46051335202609,1.8727553408068507,0.00653785626588378,0.005355798650356461,-354.37195805655404,-4.305477613303681
29730,train,0.5,0,22.636016404497504,22.57251784402675,1.4512273028143712,0.00557052038980914,0.0056340966961560815,19.05969715031069,-4.764877390394037
29822,train,0.5,0,89.4128627502953,88.43421498479405,3.98793103449645,0.023936559471419393,0.022255250775820766,-504.0436665102861,-74.65915697996775
30099,train,0.5,0,34.103582265334964,33.959755114432404,2.803181103393705,0.0057172885916963265,0.008488383999080227,830.7535035321308,-10.823406741787643
30440,train,0.5,0,23.92213847512053,23.8512361906134,2.628334415187,0.004916734763220762,0.0059542129494799196,311.02813558001475,-5.322145000543788
30671,train,0.5,0,43.93392456444762,43.69566421046752,3.402339870807403,0.010270438491151102,0.010935178222142884,199.2839578842851,-17.973489303860987
30949,train,0.5,0,35.87566830392618,35.71655793423085,4.0938239994632175,0.010377179001614511,0.008929459158831234,-434.01549016337225,-11.978772460434595
31586,test,0.5,0,53.06400191947755,52.71700896987185,1.9777453198479853,0.011131033856762335,0.013207689198944958,622.5656094517595,-26.235074999182398
32512,train,0.5,0,57.86287388179515,57.450646313225256,2.311688123267,0.011151047702474224,0.01440215316404301,974.6568975409307,-31.20426111682933
32543,train,0.5,0,16.025072388814195,15.993208615442635,1.7641235175973313,0.0030587827529670545,0.003988632392442273,278.7619089886895,-2.3871084513401204
33371,train,0.5,0,33.63566357483622,33.49574399674305,1.4593259652631345,0.006127572428790053,0.008371918328048606,672.837973740942,-10.528129544035284
33615,train,0.5,0,25.633033198658953,25.551652315888617,3.2843080552432675,0.005116873220339653,0.006380055506327605,378.69252241838706,-6.111294946774801
33871,test,0.5,0,47.07604832565828,46.80264740477055,4.7142926964518574,0.011164390266282149,0.011717263075581477,165.7470984612109,-20.640410884265826
34160,train,0.5,0,20.739582044538317,20.68625877393225,1.7103442522216927,0.005763987565024067,0.005162073749080823,-180.4492223857848,-3.9994491826110097
34415,train,0.5,0,20.361042011319707,20.309643882599758,2.7055133666170255,0.003262256851037927,0.005067855082902308,541.3047320910766,-3.854693903725419
34433,train,0.5,0,22.95091476024225,22.885641020070565,1.4713013753157416,0.0052969978317466545,0.005712474998461923,124.55692105244609,-4.898468184052762
34566,train,0.5,0,22.32543861616743,22.263667006994464,2.2493830827441306,0.006190949606877702,0.005556793792854585,-190.11513024098113,-4.634931139718567
34778,train,0.5,0,27.34009378505607,27.24754197155362,1.6257216464008224,0.005387060137450156,0.006804944029125466,425.0708970439469,-6.953119649574481
36487,train,0.5,0,85.58546212208236,84.68817811998885,3.9365465256010426,0.02190848977261463,0.021302558437062313,-181.65364446445147,-68.38758534332328
36918,train,0.5,0,28.760736288630234,28.658343215198904,3.6822106547868887,0.006748001645858617,0.0071585431295579476,123.07724050918935,-7.695172897993656
37235,train,0.5,0,12.612465753175393,12.5927154911818,1.0422154453911394,0.00396941273285801,0.003139235543425214,-248.8808601955895,-1.478357857137396
37339,train,0.5,0,19.17785364482655,19.13224546415942,2.6369388366833033,0.00502347527368417,0.004773359407079651,-74.982850434169,-3.4194617740323525
37618,train,0.5,0,10.204694319421995,10.191759287782986,1.3125092728133387,0.0028786581415600524,0.0025399422460800816,-101.54447086961154,-0.9676411009965564
37760,train,0.5,0,13.452407051486315,13.429942125516407,1.7288312489258946,0.0038826860681064903,0.0033482966425474017,-160.20591941756717,-1.68190844722392
37930,validation,0.5,0,22.151339841371943,22.09052592820064,0.7913234512781699,0.0050501604013000224,0.0055134605599542474,138.89389335474007,-4.562874810916893
38201,train,0.5,0,83.06154404079231,82.2160116840669,5.284454787053956,0.02092781133273206,0.020674323271391466,-75.99380898295188,-64.40321522967639
38411,train,0.5,0,27.089438298597827,26.998571523795512,2.1065832408863927,0.007395115990543031,0.006742555692205841,-195.6326558317195,-6.8261036707662015
38524,validation,0.5,0,24.366884234595855,24.293327169365465,2.788442362183362,0.0048900496356049095,0.006064910366191481,352.21438623022414,-5.522030475022472
39158,validation,0.5,0,15.516722739072343,15.48684565206947,1.2812826197485998,0.0045264647718389235,0.0038621042634558837,-199.17026980628108,-2.2379910975028166
39328,train,0.5,0,21.419039907221233,21.362172688302998,1.2755027864661166,0.009800113116921708,0.005331190932856968,-1339.7491661714967,-4.265978362305623
40228,validation,0.5,0,14.282360800191839,14.257042301851369,1.1141769380728392,0.003255585569133964,0.003554871879708781,89.72377869297574,-1.8959411988319288
40375,train,0.5,0,22.636016404497504,22.57251784402675,0.6219545583490161,0.005210271166995135,0.0056340966961560815,127.05969715031068,-4.764877390394037
40378,validation,0.5,0,29.89509927814587,29.784493122300745,1.0932489645264234,0.005780665769783975,0.007440887178768839,497.7218570237957,-8.31475156376892
40887,train,0.5,0,27.848384078049996,27.752367988689457,2.1651963237420473,0.010794134120612201,0.006931457881037537,-1158.0012043202855,-7.214289071311847
41339,train,0.5,0,16.398344276265377,16.36498112475831,0.5264724397809752,0.004066146320465474,0.004081539702712502,4.614819900770127,-2.499667717866887
41939,train,0.5,0,14.216739313080032,14.191652629936854,1.3047950525331884,0.004553149899454776,0.0035385387100612276,-304.1727823825953,-1.8785514054099897
42139,validation,0.5,0,22.740499508958955,22.67641464627819,2.2909671955787414,0.006771351132522487,0.00566010257360014,-333.14393692828827,-4.808997713415896
42174,train,0.5,0,17.171174432444527,17.134597718926873,1.1810975121097116,0.004589841949926572,0.004273897027142451,-94.71790499407187,-2.7409635515605006
42734,train,0.5,0,14.750271017597601,14.723268755415864,0.8798289423436731,0.004209578881400679,0.0036713346078339373,-161.361573776998,-2.022262636860487
43149,train,0.5,0,14.151419329314304,14.1265623402663,1.2338800328942408,0.006364402936380741,0.003522280584744264,-852.0468457338397,-1.861321148384231
43296,train,0.5,0,37.051005630192414,36.88133601378299,2.874170027055377,0.01086084693965183,0.009222002806490558,-491.31311095929715,-12.777455782690652
43594,train,0.5,0,15.878153642056166,15.846870593620444,1.1653423603508173,0.005357039368882322,0.003952064343333289,-421.20091633795755,-2.343517295617232
43671,train,0.5,0,24.479356661960658,24.405120530572457,2.1289389030841934,0.005246963217466932,0.0060929048061222815,253.60690818741213,-5.573164453080919
43790,train,0.5,0,35.87566830392618,35.71655793423085,3.6025651195276316,0.015330605815307069,0.008929459158831234,-1919.0154901633723,-11.978772460434595
44087,train,0.5,0,11.770637907805682,11.753433453689405,0.8647600872223892,0.0042496065728244575,0.0029297049175915396,-395.696561540545,-1.2875281997058914
44298,train,0.5,0,89.16614688795394,88.19284858783679,3.856644663546404,0.02540424149029126,0.02219383968136489,-962.4542494656823,-74.24654654952225
44807,train,0.5,0,65.58431698067287,65.05548129086021,2.2288913214138435,0.016618163222771935,0.016324070797631485,-88.16669101203647,-40.107535757178034
45283,train,0.5,0,48.842737842292564,48.548527132164025,3.777936189434937,0.011271130776745557,0.012156998620514907,265.57649834677335,-22.221158151368304
45657,test,0.5,0,39.33688806732014,39.14571771129917,1.3634302757408212,0.01086084693965183,0.009790963759021186,-320.742908494119,-14.404785295635428
45898,train,0.5,0,43.53113592296384,43.297206916356046,4.363092390911271,0.011277802058649521,0.010834922936142124,-132.7718207333756,-17.6449887524731
46115,test,0.5,0,32.71899836231789,32.58657879098454,4.184897365254547,0.010333815669238751,0.00814375904833915,-656.5624575386653,-9.961534163238069
47582,train,0.5,0,35.87566830392618,35.71655793423085,4.748835839377332,0.013325885603166176,0.008929459158831234,-1318.0154901633725,-11.978772460434595
48521,train,0.5,0,16.85776517828977,16.82250942655141,2.010025390465969,0.0042496065728244575,0.004195889500295783,-16.103973209935724,-2.6417684686292446
49044,train,0.5,0,30.775137359078713,30.65794251614982,1.0126686023730096,0.006190949606877702,0.007659929611726502,440.3891264064737,-8.811974919292608
49353,validation,0.5,0,12.965820353826285,12.944949303399488,1.785534351543976,0.003605827869092024,0.0032271853772318886,-113.51416333799494,-1.5623889388764662
49356,train,0.5,0,34.07218616593571,33.92862287643417,1.1824848961700258,0.008369123148521635,0.008480569461488443,33.41076409935668,-10.803466343600952
50558,test,0.5,0,69.75896043328059,69.16111617785288,2.5262460856859636,0.016928377831306216,0.017363172798968412,130.34825208148015,-45.387975725033435
51104,train,0.5,0,48.06179647259539,47.77687773175853,1.5747853165957384,0.011321165391025281,0.011962619360099786,192.30306208270179,-21.515196371900252
51251,train,0.5,0,28.497056273411538,28.39652717198262,2.997137627937389,0.005086852451771819,0.007092912938163628,601.401804112076,-7.554595262097841
51275,test,0.5,0,25.870212734646053,25.787322514377433,1.657251632374913,0.005780665769783975,0.006439089634190663,197.3905087163396,-6.2250049066712325
51564,train,0.5,0,28.89348981559084,28.790151852905037,3.170644992747052,0.006921454975361656,0.0071915856039097325,80.98312511351291,-7.766440105667841
51787,test,0.5,0,26.964973635434237,26.874937854683132,2.960426526951785,0.006377745500188667,0.00671157634742494,100.0799702491847,-6.763468815472891
53201,test,0.5,0,19.534396563982572,19.487079914417905,2.5962020567634556,0.0056605826955126405,0.004862102956123464,-239.3782037346805,-3.547867877396781
53630,train,0.5,0,28.106062003343975,28.008265512511237,3.7275093712978795,0.006994839076305249,0.006995594128820416,0.22635904944112153,-7.348531425893522
53865,validation,0.5,0,29.10717118066605,29.002303249793805,1.0380256556314726,0.006030838841182589,0.007244771095298249,363.9277343068143,-7.881843668058249
54646,train,0.5,0,35.05903839326121,34.907066212445805,3.681326237005585,0.009149663131285311,0.008726198565289459,-126.9514831157999,-11.439052099775314
61009,train,0.5,0,50.605765651324454,50.29003456814975,2.094398968254885,0.012838882024176873,0.012595823324771174,-72.86716493311768,-23.856952399237002
61404,train,0.5,0,23.593914430440503,23.52494022954592,2.268422227041037,0.007048209331536953,0.005872517850819532,-352.46343885393526,-5.176995366638667
62351,train,0.5,0,10.934526967309194,10.919677581669175,1.1550307644139322,0.0038593365814426194,0.002721597258822766,-341.0856680914609,-1.1110512335961094
62395,validation,0.5,0,61.461053471952326,60.996271043664876,2.425403264740823,0.015320598892451125,0.015297761862114642,-6.846369457994756,-35.21378256435551
62409,validation,0.5,0,27.5930685581751,27.49880049876707,3.659937930072096,0.0077520295724050545,0.006867909644842824,-265.0524862506629,-7.082500101362712
62453,train,0.5,0,13.765753865094156,13.742231570959204,1.516254440104352,0.0030787965986789436,0.003426288565444388,104.17547085186685,-1.7612088154479988
62589,train,0.5,0,28.760736288630234,28.658343215198904,2.6301504677049206,0.008676002116103936,0.0071585431295579476,-454.92275949081073,-7.695172897993656
63620,validation,0.5,0,29.840081159302233,29.729880618662815,2.182503570249326,0.008078922385699244,0.00742719311225546,-195.3835208362662,-8.284146657975855
63972,validation,0.5,0,33.17416496945389,33.03804696151115,3.3335022942735812,0.008665995193247992,0.008257050653279955,-122.59848882269702,-10.240912072514355
64102,train,0.5,0,32.41902878227876,32.28901892068989,2.813924762240814,0.009249732359844757,0.008069096214520356,-353.94581201044724,-9.779531543722323
64725,train,0.5,0,36.37474856426328,36.21119560982207,2.6561695433559716,0.008746050576095548,0.009053681141075659,92.2253232313162,-12.31475943902584
65379,train,0.5,0,53.358056184603406,53.00722585548914,2.3280723747701146,0.011698092818599194,0.013280880685017614,474.50786496615376,-26.52713630053416
66537,test,0.5,0,60.478359188180086,60.02823935653623,2.524391920166098,0.01469683403443058,0.01505316301336834,106.82474045238136,-34.09460732385368
66549,train,0.5,0,30.394849687701146,30.28052524507414,3.0563159609016233,0.007018188562969119,0.00756527558685357,164.0125636302242,-8.595336656476462
67146,train,0.5,0,32.41902878227876,32.28901892068989,3.1101273687924786,0.007745358290501091,0.008069096214520356,97.05418798955266,-9.779531543722323
67557,train,0.5,0,24.819898435070957,24.74358730300208,1.363183473195901,0.005810686538351809,0.00617766582040733,110.0176210025,-5.7294260973029845
67878,validation,0.5,0,31.82731482170786,31.701993814537353,2.7629677148696143,0.007411794195302939,0.007921817842502954,152.90124283221732,-9.42544631592379
67882,validation,0.5,0,36.04126286491434,35.88068518379091,3.9480504951245203,0.00859594673325638,0.008970675941713678,112.34099048780806,-12.089736445998057
67890,train,0.5,0,17.897814394089608,17.858081881125422,2.133485635327302,0.0038760147862025272,0.004454757653939001,173.50274686868642,-2.9779883160716922
68020,validation,0.5,0,46.00446663934781,45.74331916671336,6.283900472968228,0.009109635439861532,0.011450542707516097,701.7863437202259,-19.710108796204988
68434,test,0.5,0,77.80365510398032,77.06106711265205,3.6556861701778525,0.01862621907586481,0.019365574367505963,221.65314021640802,-56.48881292862537
68870,test,0.5,0,24.705861360384304,24.63024825348444,2.4877571303154227,0.004950091172740576,0.0061492819353955,359.5083463472142,-5.676857853261263
69094,train,0.5,0,24.705861360384304,24.63024825348444,2.3746772607556306,0.007878783928580352,0.0061492819353955,-518.4916536527859,-5.676857853261263
69342,test,0.5,0,21.817249589882987,21.758252595958517,1.998597306841327,0.002735225580624847,0.005430305411681372,807.9646070586604,-4.42618408048594
70090,validation,0.5,0,29.1608379852123,29.055584040719644,3.733066850353001,0.004816665534661316,0.007258128813877366,731.93227759292,-7.910961632255114
70258,validation,0.5,0,12.268741046383399,12.250051419166537,1.1828816824035995,0.0015710868883832961,0.0030536825925479107,444.47101037175065,-1.3988471230536987
70264,train,0.5,0,24.03255804933244,23.961001180060308,3.300492781155143,0.005523821416481398,0.005981696428760874,137.2674753880443,-5.371427344982653
70676,train,0.5,0,24.934461880978326,24.857446287367956,1.9400355974580081,0.004159544267120957,0.006206180720717216,613.5661730560256,-5.782481320191338
71121,train,0.5,0,45.540731268325445,45.28480021249482,1.6797416324430308,0.011314494109121317,0.011335117440354169,6.182719162444583,-19.31418277401006
71730,test,0.5,0,38.976245309772,38.78855169552658,2.6665462161951594,0.00954326876361913,0.009701198966682614,47.34628376884078,-14.14154766699831
72263,train,0.5,0,20.644292320739922,20.591456985928023,1.6079412743954495,0.004479765798511183,0.00513835612270017,197.44041210363326,-3.9627583849838346
771919,train,0.5,0,18.18025623774262,18.139261959843743,0.6167621795610498,0.005110201938435689,0.004525057415300865,-175.42191487582693,-3.072774280760052
1037,validation,0.5,1,65.37323852287952,64.85578719836451,2.7850373941369826,0.017035118341769625,0.016273556960314763,-228.31035846422859,-39.242125649460306
3455,train,0.5,1,66.58861776861269,66.05171491228232,2.443765018378401,0.015600792732417572,0.016576111671419987,292.3932620574861,-40.72949837600971
4224,test,0.5,1,59.92389025834776,59.489289554145486,2.2299488291724385,0.0166248345046759,0.014917008606580717,-511.9933238260124,-32.914622156029615
5037,test,0.5,1,63.09573444801933,62.61377822767962,2.317552567578164,0.012768833564185261,0.01570659943169059,880.7200504479251,-36.52971981131912
5222,validation,0.5,1,27.076966023304927,26.989530078482407,1.1148777196575461,0.006981496512497323,0.006740290111574214,-72.31185981807226,-6.568354904492227
5283,validation,0.5,1,71.15411150074344,70.54097581052632,2.4796017006422053,0.017385360641727687,0.01771264225829821,98.11656028989047,-46.56497064131052
5324,test,0.5,1,73.85841781207968,73.19777315439084,3.2068342860084633,0.01741538141029552,0.018385852826508068,290.9400112851007,-50.206554694640005
5766,test,0.5,1,22.019122114844762,21.961756051691168,1.0086195504641546,0.00526364142222684,0.00548123363012556,65.23250284760425,-4.304042435774091
6415,validation,0.5,1,60.9256259749656,60.47633095194002,2.3219562442843613,0.01632129117804558,0.015166377898640112,-346.234290809806,-34.03592399200408
6962,test,0.5,1,60.14506519775487,59.70724089294418,2.3199386370457313,0.015300585046739236,0.014972067258895551,-98.48715511438077,-33.160574717278514
6983,test,0.5,1,27.5930685581751,27.502211254419528,2.1457460580540335,0.0046265340003983696,0.0068687644104051355,672.2037660182762,-6.826247832423671
7252,validation,0.5,1,68.07693586937411,67.51573049686183,2.4666459097691287,0.017628862431222338,0.016946611877893498,-204.53357035431299,-42.588734363377036
7584,train,0.5,1,66.43546819760064,65.9010359447157,2.4683372579574585,0.015824280676200335,0.016537986823739487,213.96372026047317,-40.54054525677197
7889,train,0.5,1,73.34998004015486,72.69840105293767,3.6164754412594267,0.01693838475416216,0.018259282072025592,395.9950536878854,-49.51138702349283
8160,train,0.5,1,23.593914430440503,23.52785953481472,1.8365690166568869,0.0048900496356049095,0.005873248731255086,294.7556735883436,-4.957882924359724
8997,train,0.5,1,44.60669020551353,44.366598211673264,1.6458699363862224,0.012378563572803423,0.011104013461866338,-382.10051060200146,-18.114690452004805
9201,train,0.5,1,76.20790100254106,75.50456192617503,3.203612821071083,0.018349360876850344,0.018970735282304214,186.28336034930408,-53.48215528833457
9997,train,0.5,1,83.98466611579151,83.13062017580098,3.2207401378081117,0.021441500039337216,0.020906701575286655,-160.32854607234242,-65.06656430168155
10123,train,0.5,1,10.587660331136965,10.575051462597058,0.7781744618424961,0.0014409968912560168,0.002635590286907578,358.13009039294803,-0.9433315134624572
10175,train,0.5,1,19.534396563982572,19.4894993576157,2.4174530177092923,0.004579835027070628,0.004862708082040921,84.80320845151337,-3.366455691202874
10302,train,0.5,1,52.57750822566941,52.24327734741109,2.581578636946533,0.016618163222771935,0.013088227421038252,-1058.2481305839412,-25.26715424223628
10959,train,0.5,1,64.74407045688145,64.23654934176618,2.7880043857906043,0.01698174808653792,0.016116932934970532,-259.2650600040299,-38.4830657685086
11420,train,0.5,1,21.517905703397552,21.463177156652684,1.9715654514847085,0.0049634337365485025,0.005356465220757865,117.82787472251285,-4.105644834236752
11425,validation,0.5,1,52.504919867476204,52.17161570575393,2.6974149975760824,0.01590433605904789,0.013070157599072743,-849.6653269266037,-25.196644082588012
11545,train,0.5,1,52.74727156616839,52.41086838988841,1.9183751178079462,0.012688778181337705,0.01313048755352542,132.42113840979187,-25.43244314630934
11638,train,0.5,1,36.88077172261549,36.717200732139034,3.871356094674118,0.008305745970433986,0.009180773739288982,262.326725643295,-12.31766873723883
12384,validation,0.5,1,69.40647689943378,68.82311254303151,3.1110807970427126,0.012121719219500846,0.0172775867771202,1545.6902082211625,-44.28486491025214
12636,train,0.5,1,20.174370856119253,20.12640741163173,0.6471777175619422,0.004393039133759663,0.0050220175617008605,188.56298894146755,-3.596938074142381
12825,train,0.5,1,19.444644164481286,19.40016891530382,0.6238812920712985,0.004049468115705566,0.004840365924456761,237.10519811233465,-3.3347424260013145
12838,train,0.5,1,22.84546488551827,22.78361553440414,1.883263854394941,0.004636540923254314,0.005686936184826309,314.9005773382213,-4.641365046008846
13505,train,0.5,1,29.1608379852123,29.059187192947213,3.4668475361918403,0.005567184748857158,0.007259032145703691,507.2030896615235,-7.640149563651479
13738,train,0.5,1,26.841080835452267,26.755186877511566,1.8420494098587754,0.005196928603187209,0.006681570811949651,445.0845370154415,-6.452140320764968
13814,train,0.5,1,50.04952959591683,49.74682196204515,1.9353055128352419,0.01298565022606406,0.012458924305266787,-157.90845848812756,-22.86975831797738
14526,validation,0.5,1,17.897814394089608,17.860299522546494,1.8054807581980419,0.0038093019671628964,0.0044553120824430605,193.66896035270375,-2.8117748320544846
14695,validation,0.5,1,23.48551024058882,23.420072994363796,2.0432596902259648,0.004429731184231459,0.005846263528179114,424.66571322856885,-4.91139186535003
15153,validation,0.5,1,15.588344677043889,15.56012413214348,1.144296440509641,0.00502347527368417,0.0038804138357057816,-342.6811981365557,-2.1139432757272774
15406,train,0.5,1,70.0809531646794,69.48618562431953,2.6331937674943675,0.015477374017194257,0.017445490542849034,590.0264908564657,-45.158029649476155
15570,train,0.5,1,62.08690342300644,61.62027150632305,2.647155236458465,0.013829567386915384,0.015455463350411865,487.43134734888827,-35.35940672677981
16219,train,0.5,1,61.376200516479365,60.920217321207595,2.199652286280027,0.014726854802998414,0.015278542741205738,165.39188304412596,-34.54642555563355
16386,train,0.5,1,51.07401503571944,50.75871869003573,1.7653676282420243,0.012932279970832355,0.01271395474606476,-65.45225577647986,-23.82688128279383
19476,test,0.5,1,32.568668220166984,32.441479875768216,4.166338118359552,0.009152998772237292,0.00810735057116417,-313.4774444029893,-9.567652604043523
19603,train,0.5,1,67.5149577160642,66.96299122535927,2.630115225979137,0.01654477912182834,0.01680671361345375,78.52598507936175,-41.8818039046436
19622,train,0.5,1,55.76991723756762,55.39367028249565,2.3814970389353425,0.013529359701237047,0.013882932523889528,105.99846558498528,-28.46594263360957
20047,test,0.5,1,26.230103243087683,26.148139804122863,1.9204168607373593,0.007858770082868463,0.00652947915061186,-398.5113959783185,-6.155956311210832
20338,validation,0.5,1,78.16278045883308,77.42291336735308,3.602059300020029,0.020037195198552994,0.019457385919072104,-173.82244906678508,-56.286883643155306
21293,train,0.5,1,13.514500541175595,13.493504354637714,1.2407141948608043,0.004186229394736809,0.0033641703363167515,-246.44710574491458,-1.5719711597358499
22555,validation,0.5,1,69.47043207498584,68.88599112262888,2.4533749705587096,0.016441374252316916,0.01729350773972276,255.46319273350966,-44.36729270987922
23304,validation,0.5,1,23.812226232768396,23.744918709955535,2.1805442232159207,0.007021524203921101,0.005927593389666856,-327.9522076872214,-5.052175103347844
23313,train,0.5,1,12.78792262935846,12.769206204693484,1.6439099201884115,0.003812637608114878,0.003183302833083032,-188.66981911167414,-1.4010338403188511
24790,validation,0.5,1,64.68446641717226,64.17788110761208,2.3749867051346274,0.013679463544076216,0.016102095211954444,726.2867025418536,-38.411542419517346
24848,train,0.5,1,93.19658525658426,92.14542764445372,8.180920396104934,0.02256894668110697,0.02319996295534331,189.17391989131445,-80.26562606811227
25075,validation,0.5,1,27.466289924159614,27.37627911529546,3.3923976655749595,0.007101579586768657,0.0068372051826585895,-79.25745244044253,-6.762436699486164
25144,train,0.5,1,69.40647689943378,68.82311254303151,3.0168056213747514,0.016898357062738383,0.0172775867771202,113.69020822116252,-44.28486491025214
25646,validation,0.5,1,54.35005651294472,53.99280068921293,2.049987441976565,0.01359940816122866,0.013529478008200908,-20.96453246450568,-27.01963255520927
25915,test,0.5,1,22.532013356294826,22.47188438626713,2.476757901078477,0.0049767763003564286,0.0056089082909362075,189.50840323634478,-4.511911314193711
25955,test,0.5,1,23.593914430440503,23.52785953481472,3.241004147041565,0.007618603934325793,0.005873248731255086,-523.2443264116563,-4.957882924359724
26601,train,0.5,1,39.5184588928437,39.33039664714321,3.6048190564560687,0.009763421066449911,0.009837381344959132,22.172733688643802,-14.171233479147098
26939,test,0.5,1,22.120757764641272,22.062849336757267,2.127824298277347,0.005740638078360197,0.005506533918289532,-70.18266157561004,-4.344844418460356
26981,train,0.5,1,24.254928571094204,24.18504497058357,2.6650087544975642,0.008832777240847066,0.00603779590737614,-837.9143240253667,-5.246114614905845
27635,validation,0.5,1,31.376175101187464,31.258246256662808,1.2044906046027157,0.007678645471461461,0.0078105005681332615,39.52916353106682,-8.868490890583637
27762,train,0.5,1,22.428488158692854,22.36892208131446,2.465441325971111,0.007541884192430218,0.005583137631688376,-587.217446043843,-4.469558552307331
27765,test,0.5,1,15.516722739072343,15.488769396588353,1.9221622078123235,0.004916734763220762,0.0038625849315379996,-316.0261691404615,-2.093890431683158
28424,validation,0.5,1,22.32543861616743,22.26643022826887,2.863205532771149,0.006044181404990515,0.005557485378774769,-145.90779799805085,-4.427598896788271
28576,train,0.5,1,12.382262309589926,12.364761949343617,1.4213586539920562,0.0041929006766407715,0.003082321562169363,-332.9432425308469,-1.3098722426400269
28806,train,0.5,1,36.542646775065236,36.38209266275382,5.00371633036084,0.009710050811218207,0.009096603324527993,-183.90692988878146,-12.089470609359733
28845,train,0.5,1,36.04126286491434,35.88513094657989,3.4549703122583897,0.009650009274082539,0.008971792416182758,-203.32429888681216,-11.755025820618538
29597,train,0.5,1,21.517905703397552,21.463177156652684,1.872987178910473,0.00653785626588378,0.005356465220757865,-354.1721252774871,-4.105644834236752
29730,train,0.5,1,22.636016404497504,22.575319290461273,1.4514069081865468,0.00557052038980914,0.005634797903069766,19.269913694530796,-4.55466084617393
29822,train,0.5,1,89.4128627502953,88.44510145099984,3.988416613719851,0.023936559471419393,0.022258020717290463,-503.21325894856943,-73.82874941825115
30099,train,0.5,1,34.103582265334964,33.96396386796672,2.8035270493767164,0.0057172885916963265,0.008489440447619652,831.0702188365157,-10.506691437402804
30440,train,0.5,1,23.92213847512053,23.85419586742288,2.6286595973093734,0.004916734763220762,0.005954953997563601,311.2502962065178,-5.099984374040746
30671,train,0.5,1,43.93392456444762,43.70107304319748,3.402758748615952,0.010270438491151102,0.010936539199430755,199.69196861069813,-17.565478577447962
30949,train,0.5,1,35.87566830392618,35.72098345098926,4.094329006229203,0.010377179001614511,0.008930570503465397,-433.6823174238114,-11.645599720873745
31586,test,0.5,1,53.06400191947755,52.723527223143044,1.977988266295198,0.011131033856762335,0.013209333017149372,623.0584137517661,-25.742270699175748
32512,train,0.5,1,57.86287388179515,57.45774570685563,2.311971759144774,0.011151047702474224,0.014403945649033792,975.1942710222455,-30.666887635514577
32543,train,0.5,1,16.025072388814195,15.995195134382042,1.7643422043378176,0.0030587827529670545,0.003989128807947629,278.9107306132295,-2.238286826800187
33371,train,0.5,1,33.63566357483622,33.499895482477484,1.459506084210028,0.006127572428790053,0.008372960281319137,673.1503434730354,-10.21575981194182
33615,train,0.5,1,25.633033198658953,25.55482232676584,3.284714224135225,0.005116873220339653,0.006380849554170409,378.930571972951,-5.873245392210839
33871,test,0.5,1,47.07604832565828,46.80843860551564,4.714872648637886,0.011164390266282149,0.011718721392177348,166.18429077802907,-20.203218567447657
34160,train,0.5,1,20.739582044538317,20.688826720353056,1.7105560253191816,0.005763987565024067,0.005162716208818039,-180.25661780199889,-3.8068445988250925
34415,train,0.5,1,20.361042011319707,20.312165194764802,2.705848391876419,0.003262256851037927,0.005068485816352564,541.4938212224716,-3.665604772330356
34433,train,0.5,1,22.95091476024225,22.888481217442934,1.4714834509230739,0.0052969978317466545,0.0057131859602136195,124.7700620235312,-4.685327212967643
34566,train,0.5,1,22.32543861616743,22.26643022826887,2.249661490034474,0.006190949606877702,0.005557485378774769,-189.90779799805082,-4.427598896788271
34778,train,0.5,1,27.34009378505607,27.250921668217675,1.6259226140815815,0.005387060137450156,0.006805790958060077,425.3247999510053,-6.699216742516073
36487,train,0.5,1,85.58546212208236,84.69860825008516,3.937026290542214,0.02190848977261463,0.021305209795439924,-180.85878721938838,-67.59272809826018
36918,train,0.5,1,28.760736288630234,28.661897281101226,3.682665681267079,0.006748001645858617,0.007159434067049338,123.34433684965778,-7.4280765575252365
37235,train,0.5,1,12.612465753175393,12.59428029531562,1.042344751171048,0.00396941273285801,0.00313962624486503,-248.76373085060285,-1.3612285121507468
37339,train,0.5,1,19.17785364482655,19.13462095709327,2.637265465803011,0.00502347527368417,0.004773953488141481,-74.8047494123916,-3.2413607522549506
37618,train,0.5,1,10.204694319421995,10.193026120730613,1.3126722106744177,0.0028786581415600524,0.0025402583608790997,-101.44970203700372,-0.8728722683887284
37760,train,0.5,1,13.452407051486315,13.431610792034066,1.7290456972573676,0.0038826860681064903,0.0033487133632578705,-160.08098969147622,-1.5569787211329782
37930,validation,0.5,1,22.151339841371943,22.093267719254953,0.7914213979947566,0.0050501604013000224,0.005514146752691701,139.09960876216297,-4.3571594034940055
38201,train,0.5,1,83.06154404079231,82.22614042815695,5.285099220128947,0.02092781133273206,0.020676896432985353,-75.2223945438895,-63.63180079061401
38411,train,0.5,1,27.089438298597827,27.00192044239933,2.1068436675711695,0.007395115990543031,0.006743394856361828,-195.38108074673082,-6.574528585777537
38524,validation,0.5,1,24.366884234595855,24.29634153944205,2.788787315289762,0.0048900496356049095,0.006065665191511708,352.4406771683355,-5.2957395369111016
39158,validation,0.5,1,15.516722739072343,15.488769396588353,1.281441471874882,0.0045264647718389235,0.0038625849315379996,-199.02616914046143,-2.093890431683158
39328,train,0.5,1,21.419039907221233,21.364824318679812,1.27566069143136,0.009800113116921708,0.005331854440623988,-1339.5502515471196,-4.067063737928613
40228,validation,0.5,1,14.282360800191839,14.258813553295019,1.1143151148214936,0.003255585569133964,0.0035553143103140114,89.85641605161223,-1.7633038401954406
40375,train,0.5,1,22.636016404497504,22.575319290461273,0.6220315320799487,0.005210271166995135,0.005634797903069766,127.26991369453079,-4.55466084617393
40378,validation,0.5,1,29.89509927814587,29.78818633191769,1.0933840242354367,0.005780665769783975,0.007441813256530401,497.9994881522335,-8.037120435331111
40887,train,0.5,1,27.848384078049996,27.755810086786976,2.1654639464268297,0.010794134120612201,0.006932320555741503,-1157.742580950329,-6.955665701355391
41339,train,0.5,1,16.398344276265377,16.367013727751953,0.5265376970645946,0.004066146320465474,0.004082047681267626,4.767108040421889,-2.347379578215124
41939,train,0.5,1,14.216739313080032,14.193415771891466,1.304956871775176,0.004553149899454776,0.0035389791078761427,-304.04075443916406,-1.7465234619787589
42139,validation,0.5,1,22.740499508958955,22.67922895092119,2.291250720704789,0.006771351132522487,0.005660807017163455,-332.9327500609197,-4.597810846047346
42174,train,0.5,1,17.171174432444527,17.1367257082768,1.1812438834589083,0.004589841949926572,0.004274428946095308,-94.55843970373803,-2.58149826122666
42734,train,0.5,1,14.750271017597601,14.725097823460995,0.8799380433448819,0.004209578881400679,0.003671791533135475,-161.22459101772756,-1.8852798775900521
43149,train,0.5,1,14.151419329314304,14.128317409729759,1.2340330598088831,0.006364402936380741,0.0035227189591087726,-851.9154244055795,-1.7298998201239644
43296,train,0.5,1,37.051005630192414,36.885905194735074,2.874524477176075,0.01086084693965183,0.00922315056108551,-490.9690227880955,-12.433367611489063
43594,train,0.5,1,15.878153642056166,15.848838971672086,1.1654868253982376,0.005357039368882322,0.00395255620765622,-421.05345912358354,-2.196060081243251
43671,train,0.5,1,24.479356661960658,24.40814873020952,2.129202262916537,0.005246963217466932,0.006093663115589761,253.83424364659245,-5.345828993900589
43790,train,0.5,1,35.87566830392618,35.72098345098926,3.6030095254816987,0.015330605815307069,0.008930570503465397,-1918.6823174238114,-11.645599720873745
44087,train,0.5,1,11.770637907805682,11.754894118761667,0.8648673988214579,0.0042496065728244575,0.002930069541332961,-395.5872500928591,-1.1782167520199973
44298,train,0.5,1,89.16614688795394,88.20370566386778,3.8571142849623183,0.02540424149029126,0.022196601978865492,-961.6261335082501,-73.41843059208999
44807,train,0.5,1,65.58431698067287,65.0635128944805,2.2291642851076476,0.016618163222771935,0.016326102493220397,-87.55760399752866,-39.49844874267022
45283,train,0.5,1,48.842737842292564,48.55453306460443,3.778400750312218,0.011271130776745557,0.012158511667361632,266.03009838002197,-21.767558118119684
45657,test,0.5,1,39.33688806732014,39.150566063368615,1.363598323203238,0.01086084693965183,0.009792182326592465,-320.3775911266862,-14.039467928202631
45898,train,0.5,1,43.53113592296384,43.30256669074452,4.363629604404819,0.011277802058649521,0.010836271435555154,-132.36755077973177,-17.240718798829278
46115,test,0.5,1,32.71899836231789,32.59061804933511,4.18541400734752,0.010333815669238751,0.008144772605020684,-656.258600889786,-9.657677514358797
47582,train,0.5,1,35.87566830392618,35.72098345098926,4.7494216472258755,0.013325885603166176,0.008930570503465397,-1317.6823174238116,-11.645599720873745
48521,train,0.5,1,16.85776517828977,16.824598737845815,2.010274508709505,0.0042496065728244575,0.004196411710590833,-15.947418501989581,-2.4852137606831
49044,train,0.5,1,30.775137359078713,30.661743619804444,1.0127936801074318,0.006190949606877702,0.007660882951324454,440.6749304278524,-8.526170897913874
49353,validation,0.5,1,12.965820353826285,12.946557806630691,1.7857558601600472,0.003605827869092024,0.003227587024707658,-113.39375245398458,-1.4419780548660879
49356,train,0.5,1,34.07218616593571,33.93282778786416,1.1826308300364528,0.008369123148521635,0.008481624937433558,33.7271878273025,-10.487042615655136
50558,test,0.5,1,69.75896043328059,69.16965032794555,2.5265551518542253,0.016928377831306216,0.01736533382737543,130.99611209942756,-44.74011570708603
51104,train,0.5,1,48.06179647259539,47.78278876785068,1.5749789999495507,0.011321165391025281,0.011964108214148518,192.74940929757437,-21.06884915702766
51251,train,0.5,1,28.497056273411538,28.400048883108887,2.9975080210746703,0.005086852451771819,0.007093795707389234,601.6664516680671,-7.289947706106737
51275,test,0.5,1,25.870212734646053,25.790521669629353,1.657456571949918,0.005780665769783975,0.006439891029342551,197.6307609387533,-5.984752684257535
51564,train,0.5,1,28.89348981559084,28.793722206696795,3.171036790066138,0.006921454975361656,0.007192480653834038,81.2514543303533,-7.498110888827462
51787,test,0.5,1,26.964973635434237,26.878271488820737,2.960792521373303,0.006377745500188667,0.0067124116559289125,100.33038943877895,-6.5130496258786374
53201,test,0.5,1,19.534396563982572,19.4894993576157,2.596523611613684,0.0056605826955126405,0.004862708082040921,-239.1967915484866,-3.366455691202874
53630,train,0.5,1,28.106062003343975,28.01173923906107,3.7279700698178018,0.006994839076305249,0.006996464785851022,0.4873754607215277,-7.087515014613116
53865,validation,0.5,1,29.10717118066605,29.005899818491937,1.0381539179470354,0.006030838841182589,0.00724567276463599,364.19804797387883,-7.611530000993698
54646,train,0.5,1,35.05903839326121,34.911391861743795,3.681780449906819,0.009149663131285311,0.008727284612152511,-126.62589445722222,-11.113463441197624
61009,train,0.5,1,50.605765651324454,50.29625460212826,2.094656398937689,0.012838882024176873,0.012597390988644604,-72.39719112718448,-23.38697859330381
61404,train,0.5,1,23.593914430440503,23.52785953481472,2.2687029029290953,0.007048209331536953,0.005873248731255086,-352.24432641165635,-4.957882924359724
62351,train,0.5,1,10.934526967309194,10.921034771859363,1.1551741265922202,0.0038593365814426194,0.0027219359819728468,-340.9841214457166,-1.0095045878518383
62395,validation,0.5,1,61.461053471952326,61.0038052822511,2.4257005924414012,0.015320598892451125,0.015299665818212628,-6.275577779455288,-34.64299088581604
62409,validation,0.5,1,27.5930685581751,27.502211254419528,3.6603903343274684,0.0077520295724050545,0.0068687644104051355,-264.7962339817239,-6.826247832423671
62453,train,0.5,1,13.765753865094156,13.743938973097782,1.516442505308159,0.0030787965986789436,0.003426714992855127,104.30331057349092,-1.633369093823929
62589,train,0.5,1,28.760736288630234,28.661897281101226,2.630475486619342,0.008676002116103936,0.007159434067049338,-454.6556631503423,-7.4280765575252365
63620,validation,0.5,1,29.840081159302233,29.733567081418755,2.182773199857227,0.008078922385699244,0.007428117485665784,-195.10640065947516,-8.0070264811848
63972,validation,0.5,1,33.17416496945389,33.04214195226976,3.333913782226356,0.008665995193247992,0.008258078310174296,-122.29040503636169,-9.932828286179019
64102,train,0.5,1,32.41902878227876,32.29302144274527,2.81427217798543,0.009249732359844757,0.008070100478708833,-353.64474118090226,-9.478460714177343
64725,train,0.5,1,36.37474856426328,36.21568214045485,2.65649716349119,0.008746050576095548,0.00905480794636282,92.56313095804143,-11.976951712300606
65379,train,0.5,1,53.358056184603406,53.0137797577544,2.328358334905812,0.011698092818599194,0.013282533612833889,475.0034002590914,-26.031601007596578
66537,test,0.5,1,60.478359188180086,60.03565491091798,2.5247014568077524,0.01469683403443058,0.01505503652562642,107.38640529732405,-33.532942478910996
66549,train,0.5,1,30.394849687701146,30.284279730608787,3.056693490980361,0.007018188562969119,0.007566217145888745,164.29483592773138,-8.313064358969275
67146,train,0.5,1,32.41902878227876,32.29302144274527,3.110511354615475,0.007745358290501091,0.008070100478708833,97.35525881909764,-9.478460714177343
67557,train,0.5,1,24.819898435070957,24.74665737082459,1.3633520912881747,0.005810686538351809,0.006178434679109075,110.24811904255084,-5.498928057252139
67878,validation,0.5,1,31.82731482170786,31.70592385540583,2.763308888955343,0.007411794195302939,0.007922803776518543,153.19681841417656,-9.129870733964538
67882,validation,0.5,1,36.04126286491434,35.88513094657989,3.9485374997238742,0.00859594673325638,0.008971792416182758,112.67570111318757,-11.755025820618538
67890,train,0.5,1,17.897814394089608,17.860299522546494,2.1337499869613223,0.0038760147862025272,0.0044553120824430605,173.66896035270364,-2.8117748320544846
68020,validation,0.5,1,46.00446663934781,45.74898003183627,6.284673720979357,0.009109635439861532,0.011451967827697656,702.2135840024007,-19.282868514030163
68434,test,0.5,1,77.80365510398032,77.07056681777692,3.656132543639814,0.01862621907586481,0.019367984629907332,222.3757187061395,-55.76623443889389
68870,test,0.5,1,24.705861360384304,24.633304301709835,2.4880648604695366,0.004950091172740576,0.006150047261479327,359.7377853350563,-5.447418865419172
69094,train,0.5,1,24.705861360384304,24.633304301709835,2.3749710031754665,0.007878783928580352,0.006150047261479327,-518.2622146649438,-5.447418865419172
69342,test,0.5,1,21.817249589882987,21.76095325790922,1.9988447052873266,0.002735225580624847,0.005430981255067924,808.1672198087379,-4.223571330408502
70090,validation,0.5,1,29.1608379852123,29.059187192947213,3.7335281158989053,0.004816665534661316,0.007259032145703691,732.2030896615236,-7.640149563651479
70258,validation,0.5,1,12.268741046383399,12.25157370778004,1.183028452887973,0.0015710868883832961,0.003054062646263799,444.58494760940886,-1.284909885395476
70264,train,0.5,1,24.03255804933244,23.96397443700093,3.3009011127597723,0.005523821416481398,0.0059824408973972645,137.49066147045173,-5.148241262575222
70676,train,0.5,1,24.934461880978326,24.860530438704444,1.9402755621177878,0.004159544267120957,0.006206953128343163,613.797735036786,-5.550919339430903
71121,train,0.5,1,45.540731268325445,45.29040465263273,1.6799483518692484,0.011314494109121317,0.011336528194550298,6.6056526305360475,-18.891249305918596
71730,test,0.5,1,38.976245309772,38.793356023710786,2.6668749062523847,0.00954326876361913,0.009702406362100216,47.708251808861846,-13.779579626977238
72263,train,0.5,1,20.644292320739922,20.59401319394906,1.6081403727461074,0.004479765798511183,0.005138995630583693,197.63213174394517,-3.771038744671909
771919,train,0.5,1,18.18025623774262,18.14151443994221,0.6168385947480902,0.005110201938435689,0.004525620593174752,-175.25307839672317,-2.9039378016562765
1037,validation,0.5,10,65.37323852287952,64.92788683704565,2.7881086802505766,0.017035118341769625,0.016291794713577508,-222.84281758519282,-33.77458477042457
3455,train,0.5,10,66.58861776861269,66.125133202333,2.4464591593611336,0.015600792732417572,0.016594688512195102,297.9624588153326,-35.1603016181632
4224,test,0.5,10,59.92389025834776,59.55546719388758,2.2324112394574214,0.0166248345046759,0.014933726020917023,-506.98156909072674,-27.902867420744
5037,test,0.5,10,63.09573444801933,62.68340473636132,2.3201097372646227,0.012768833564185261,0.015724201770711616,885.9970989295875,-31.25267132965671
5222,validation,0.5,10,27.076966023304927,27.01967518985832,1.1161187742953131,0.006981496512497323,0.006747843810952583,-70.04731771443795,-4.30381280085791
5283,validation,0.5,10,71.15411150074344,70.61934056473365,2.4823323195467286,0.017385360641727687,0.017732492870531944,104.06762412424654,-40.61390680695446
5324,test,0.5,10,73.85841781207968,73.27906270148839,3.210363440993433,0.01741538141029552,0.018406457948029576,297.1172713134223,-44.02929466631841
5766,test,0.5,10,22.019122114844762,21.986300871582692,1.0097437243174343,0.00526364142222684,0.005487376323974782,67.07403613540419,-2.4625091479741523
6415,validation,0.5,10,60.9256259749656,60.54359839437477,2.324519627461374,0.01632129117804558,0.015183374790143235,-341.1387509277254,-28.9403841099235
6962,test,0.5,10,60.14506519775487,59.773659197918455,2.322500280047641,0.015300585046739236,0.01498884637940778,-93.4569013329416,-28.130320935839336
6983,test,0.5,10,27.5930685581751,27.532927033625416,2.1481343460520677,0.0046265340003983696,0.00687646208929667,674.5114720940638,-4.518541756635911
7252,validation,0.5,10,68.07693586937411,67.59076250628878,2.469364292255589,0.017628862431222338,0.01696560395704789,-198.83988826208673,-36.89505227115077
7584,train,0.5,10,66.43546819760064,65.97428811489094,2.4710585900674116,0.015824280676200335,0.016556520936132912,219.52010737174632,-34.98415814549881
7889,train,0.5,10,73.34998004015486,72.77914100188146,3.6204559014608466,0.01693838475416216,0.01827974533743436,402.1297863234868,-43.37665438789139
8160,train,0.5,10,23.593914430440503,23.554149542046783,1.8386151990929271,0.0048900496356049095,0.005879830749925667,296.72891314419877,-2.984643368504512
8997,train,0.5,10,44.60669020551353,44.41604540217156,1.6476941975946406,0.012378563572803423,0.011116457572191527,-378.36986017999,-14.384040029993347
9201,train,0.5,10,76.20790100254106,75.58838939586947,3.207136423476116,0.018349360876850344,0.018991995921850195,192.65713973744568,-47.10837590019298
9997,train,0.5,10,83.98466611579151,83.22282753714977,3.2242759190047874,0.021441500039337216,0.0209301320106147,-153.30427827333753,-58.04229650267666
10123,train,0.5,10,10.587660331136965,10.586887058926614,0.7790442486327896,0.0014409968912560168,0.0026385439273501374,359.01556952127106,-0.05785238513942334
10175,train,0.5,10,19.534396563982572,19.51128783562525,2.420149086628669,0.004579835027070628,0.0048681576055010795,86.43693448456288,-1.7327296581533569
10302,train,0.5,10,52.57750822566941,52.30144643633573,2.58443444877724,0.016618163222771935,0.01310289526899296,-1053.8508203920292,-20.869844050324204
10959,train,0.5,10,64.74407045688145,64.30796604448533,2.791079414497338,0.01698174808653792,0.01613499515252277,-253.85014340711336,-33.06814917159202
11420,train,0.5,10,21.517905703397552,21.487166242639848,1.973763165136793,0.0049634337365485025,0.005362468088819411,119.62748929373342,-2.3060302630161824
11425,validation,0.5,10,52.504919867476204,52.22970551993697,2.7003990036479064,0.01590433605904789,0.013084805195794132,-845.2740879017057,-20.805405057690095
11545,train,0.5,10,52.74727156616839,52.46922286869293,1.9204971879957882,0.012688778181337705,0.013145202763317333,136.83264732329522,-21.020934232806006
11638,train,0.5,10,36.88077172261549,36.758161384796765,3.875655201700532,0.008305745970433986,0.009191062469396263,265.41120933185533,-9.2331850486785
12384,validation,0.5,10,69.40647689943378,68.89958512829601,3.114508275676341,0.012121719219500846,0.017296949797685854,1551.4950957508447,-38.47997738056995
12636,train,0.5,10,20.174370856119253,20.14890614629525,0.6478993694450457,0.004393039133759663,0.005027645620308492,190.25023846521745,-1.9096885503924828
12825,train,0.5,10,19.444644164481286,19.421857766267344,0.6245770922787781,0.004049468115705566,0.004845790409485246,238.7314178124083,-1.7085227259276592
12838,train,0.5,10,22.84546488551827,22.809076278050547,1.8853624491238528,0.004636540923254314,0.005693309406056463,316.8112209961871,-2.7307213880430514
13505,train,0.5,10,29.1608379852123,29.09163560412746,3.47070476336277,0.005567184748857158,0.007267167193071042,509.6419155077283,-5.201323717446708
13738,train,0.5,10,26.841080835452267,26.785071116170823,1.8441000535951333,0.005196928603187209,0.006689058705375986,447.3293509909646,-4.207326345241922
13814,train,0.5,10,50.04952959591683,49.80222855111489,1.9374477236794598,0.01298565022606406,0.012472886881188958,-153.72258353240846,-18.683883362258307
14526,validation,0.5,10,17.897814394089608,17.88027066445784,1.8074951396247245,0.0038093019671628964,0.004460305045148733,195.1658129149397,-1.3149222698185463
14695,validation,0.5,10,23.48551024058882,23.446242911429316,2.0455362145582328,0.004429731184231459,0.005852815304964637,426.62988649536805,-2.947218598550852
15153,validation,0.5,10,15.588344677043889,15.577528226013158,1.1455738666252668,0.00502347527368417,0.003884762521842186,-341.37749483065244,-0.8102399698240265
15406,train,0.5,10,70.0809531646794,69.56338865756399,2.6360942826749185,0.015477374017194257,0.017465041742600725,595.887793086874,-39.29672741906788
15570,train,0.5,10,62.08690342300644,61.688801652670485,2.6500768048084007,0.013829567386915384,0.015472784231049412,492.62401672994304,-30.166737345725064
16219,train,0.5,10,61.376200516479365,60.9879747764934,2.2020803823047137,0.014726854802998414,0.015295665340061125,170.52510904233037,-29.41319955742916
16386,train,0.5,10,51.07401503571944,50.81524521834267,1.7673212434015773,0.012932279970832355,0.012728203139148573,-61.180694991333226,-19.555320497647195
19476,test,0.5,10,32.568668220166984,32.477689858695506,4.17096971110686,0.009152998772237292,0.008116436321183638,-310.75360507187963,-6.843813272933855
19603,train,0.5,10,67.5149577160642,67.03741404342814,2.6330141567655376,0.01654477912182834,0.016825548901380733,84.17266234412959,-36.23512663987575
19622,train,0.5,10,55.76991723756762,55.455323062442645,2.384129461621971,0.013529359701237047,0.013898491017059682,110.66278449524215,-23.80162372335271
20047,test,0.5,10,26.230103243087683,26.17734820253881,1.9225550686255775,0.007858770082868463,0.006536796596958781,-396.3176807516919,-3.9622410845842744
20338,validation,0.5,10,78.16278045883308,77.50885030158898,3.606019271858476,0.020037195198552994,0.019479191984101855,-167.285155232208,-49.74958980857822
21293,train,0.5,10,13.514500541175595,13.508600801144771,1.2420999682989224,0.004186229394736809,0.00336794047965489,-245.31684520656177,-0.4417106213830151
22555,validation,0.5,10,69.47043207498584,68.96253298070503,2.4560778125013076,0.016441374252316916,0.017312888603794735,261.27342961181137,-38.55705583157748
23304,validation,0.5,10,23.812226232768396,23.77145054349097,2.1829735088261932,0.007021524203921101,0.005934236311533231,-325.96070981259885,-3.0606772287252806
23313,train,0.5,10,12.78792262935846,12.783493598179094,1.6457463602190192,0.003812637608114878,0.0031868702822880264,-187.60032474571878,-0.33153947436347153
24790,validation,0.5,10,64.68446641717226,64.24923310174852,2.377606234088523,0.013679463544076216,0.016120140800202694,731.6966337988524,-33.00161116251857
24848,train,0.5,10,93.19658525658426,92.24752061988623,8.189881610419633,0.02256894668110697,0.023225963690049707,196.96874405875147,-72.47080190067527
25075,validation,0.5,10,27.466289924159614,27.40685472557589,3.3961736370945204,0.007101579586768657,0.006844867493519128,-76.96034943360172,-4.465333692645344
25144,train,0.5,10,69.40647689943378,68.89958512829601,3.0201292370194825,0.016898357062738383,0.017296949797685854,119.49509575084471,-38.47997738056995
25646,validation,0.5,10,54.35005651294472,54.052904728954644,2.052254211419597,0.01359940816122866,0.013544640375785321,-16.41896901727486,-22.474069107978448
25915,test,0.5,10,22.532013356294826,22.496997742222927,2.4795180632741283,0.0049767763003564286,0.005615194067607362,191.3928316750292,-2.627482875509262
25955,test,0.5,10,23.593914430440503,23.554149542046783,3.2446150572228123,0.007618603934325793,0.005879830749925667,-521.2710868558011,-2.984643368504512
26601,train,0.5,10,39.5184588928437,39.374258290786294,3.6088195829498297,0.009763421066449911,0.00984840593480018,25.477822575533303,-10.866144592257598
26939,test,0.5,10,22.120757764641272,22.087506830451613,2.130195840995342,0.005740638078360197,0.005512704965737646,-68.33262809270528,-2.49481093555559
26981,train,0.5,10,24.254928571094204,24.21206711012958,2.66797744437561,0.008832777240847066,0.006044562331484042,-835.8858011101881,-3.217591699727295
27635,validation,0.5,10,31.376175101187464,31.293140681216734,1.2058299938514399,0.007678645471461461,0.007819253640739496,42.153268682742365,-6.244385738908093
27762,train,0.5,10,22.428488158692854,22.39392069198286,2.4681889469820275,0.007541884192430218,0.0055893945276157785,-585.3416758343169,-2.5937883427812354
27765,test,0.5,10,15.516722739072343,15.50609383346688,1.924308036191458,0.004916734763220762,0.003866913637202334,-314.7284558293922,-0.796177120613851
28424,validation,0.5,10,22.32543861616743,22.29131461502453,2.8663965249701673,0.006044181404990515,0.005563713526656436,-144.0406462358185,-2.560447134555948
28576,train,0.5,10,12.382262309589926,12.378597508467772,1.422946637953899,0.0041929006766407715,0.003085775843966101,-331.9076749003782,-0.2743046121713422
28806,train,0.5,10,36.542646775065236,36.42268116536965,5.009273375404723,0.009710050811218207,0.009106797725063455,-180.85072549441873,-9.033266214996985
28845,train,0.5,10,36.04126286491434,35.925167497668724,3.458807818495768,0.009650009274082539,0.008981846941512321,-200.31002802423905,-8.740754958045438
29597,train,0.5,10,21.517905703397552,21.487166242639848,1.8750750068799533,0.00653785626588378,0.005362468088819411,-352.37251070626655,-2.3060302630161824
29730,train,0.5,10,22.636016404497504,22.600547915431985,1.4530243515042267,0.00557052038980914,0.00564111269379524,21.16304032787629,-2.6615342128284363
29822,train,0.5,10,89.4128627502953,88.54313931591712,3.9927894295746658,0.023936559471419393,0.022282965710797017,-495.7349380304457,-66.35042850012735
30099,train,0.5,10,34.103582265334964,34.00186603085942,2.8066424688153644,0.0057172885916963265,0.008498954403271683,833.9224309867409,-7.654479287177541
30440,train,0.5,10,23.92213847512053,23.88084944204471,2.6315880366880378,0.004916734763220762,0.005961627582032463,313.2509864981085,-3.0992940824500512
30671,train,0.5,10,43.93392456444762,43.74978251326948,3.406530945026098,0.010270438491151102,0.010948795620041998,203.36635107202434,-13.89109611612173
30949,train,0.5,10,35.87566830392618,35.760837676383076,4.098876846437973,0.010377179001614511,0.008940578831539406,-430.68189615003365,-8.645178447096027
31586,test,0.5,10,53.06400191947755,52.782227545837294,1.980176110072071,0.011131033856762335,0.013224136590777927,627.4964134770547,-21.30427097388723
32512,train,0.5,10,57.86287388179515,57.52167946030023,2.314526026178904,0.011151047702474224,0.014420088056751795,980.033643110064,-25.827515547696077
32543,train,0.5,10,16.025072388814195,16.013084889986843,1.766311600453613,0.0030587827529670545,0.003993599328646166,280.2509590019839,-0.8980584380457287
33371,train,0.5,10,33.63566357483622,33.53728191968366,1.461128147120149,0.006127572428790053,0.008382343698337982,675.963421125554,-7.402682159423316
33615,train,0.5,10,25.633033198658953,25.583370071957557,3.288371990892959,0.005116873220339653,0.006388000433407818,381.0743516363949,-3.7294657287669453
33871,test,0.5,10,47.07604832565828,46.860591482097874,4.720095392464029,0.011164390266282149,0.01173185441194946,170.1214710564734,-16.266038289003298
34160,train,0.5,10,20.739582044538317,20.711952551060744,1.7124631574702354,0.005763987565024067,0.0051685019458205216,-178.522097484683,-2.072324281509216
34415,train,0.5,10,20.361042011319707,20.334871058561134,2.7088654772621448,0.003262256851037927,0.005074165951075279,543.1966827727655,-1.9627432220365228
34433,train,0.5,10,22.95091476024225,22.914058815507854,1.4731231398840716,0.0052969978317466545,0.005719588599133428,126.68952488298706,-2.7658643535117813
34566,train,0.5,10,22.32543861616743,22.29131461502453,2.2521686981908458,0.006190949606877702,0.005563713526656436,-188.0406462358185,-2.560447134555948
34778,train,0.5,10,27.34009378505607,27.281357744880786,1.6277324339241115,0.005387060137450156,0.00681341806339655,427.6113486072514,-4.41266808627001
36487,train,0.5,10,85.58546212208236,84.79253664162705,3.9413467515221146,0.02190848977261463,0.021329086876539293,-173.70061838674326,-60.43455926561507
36918,train,0.5,10,28.760736288630234,28.693903644279953,3.6867634326759995,0.006748001645858617,0.007167457495961097,125.7497003247022,-5.022713082480809
37235,train,0.5,10,12.612465753175393,12.608372271808776,1.0435092230858443,0.00396941273285801,0.0031431447467111166,-247.70891053368706,-0.3064081952349415
37339,train,0.5,10,19.17785364482655,19.156013638857377,2.6402069404308106,0.00502347527368417,0.004779303546021785,-73.2008424100132,-1.6374537498765545
37618,train,0.5,10,10.204694319421995,10.20443469663299,1.314139559649193,0.0028786581415600524,0.002543105165088113,-100.59625160573893,-0.01942183712394236
37760,train,0.5,10,13.452407051486315,13.446638108103434,1.7309769256596652,0.0038826860681064903,0.003352466184312441,-158.95592224309243,-0.43191127274918145
37930,validation,0.5,10,22.151339841371943,22.11795911528838,0.792303461174442,0.0050501604013000224,0.005520326331713101,140.95219994639385,-2.504568219263108
38201,train,0.5,10,83.06154404079231,82.31735472608885,5.290902582928495,0.02092781133273206,0.020700069304800953,-68.27534234337162,-56.68474859009614
38411,train,0.5,10,27.089438298597827,27.032079346404398,2.109188947248958,0.007395115990543031,0.0067509520351874755,-193.11549553104427,-4.3089433700909945
38524,validation,0.5,10,24.366884234595855,24.32348765622799,2.791893802559816,0.0048900496356049095,0.0060724628482977236,354.4785634048555,-3.257853300391118
39158,validation,0.5,10,15.516722739072343,15.50609383346688,1.2828720241276383,0.0045264647718389235,0.003866913637202334,-197.72845582939212,-0.796177120613851
39328,train,0.5,10,21.419039907221233,21.388703768937564,1.2770827114002925,0.009800113116921708,0.00533782972781749,-1337.7589055121236,-2.2757177029328184
40228,validation,0.5,10,14.282360800191839,14.274764704472426,1.1155594742049748,0.003255585569133964,0.0035592986644609184,91.05089537485597,-0.5688245169517107
40375,train,0.5,10,22.636016404497504,22.600547915431985,0.62272472207324,0.005210271166995135,0.00564111269379524,129.16304032787627,-2.6615342128284363
40378,validation,0.5,10,29.89509927814587,29.821445756795455,1.0946003071250174,0.005780665769783975,0.007450153144752755,500.4997237418582,-5.536884845706433
40887,train,0.5,10,27.848384078049996,27.786808121190298,2.1678740293243184,0.010794134120612201,0.006940089461219984,-1155.4135216809655,-4.626606431991826
41339,train,0.5,10,16.398344276265377,16.385318495954294,0.5271253752470789,0.004066146320465474,0.004086622334196174,6.138554486368276,-0.9759331322687371
41939,train,0.5,10,14.216739313080032,14.209293892555555,1.306414145145782,0.004553149899454776,0.003542945155521512,-302.8517632670137,-0.5575322898284142
42139,validation,0.5,10,22.740499508958955,22.704573370997558,2.293804017414919,0.006771351132522487,0.0056671509558691895,-331.03088508292626,-2.69594586805387
42174,train,0.5,10,17.171174432444527,17.15588948363888,1.182562038664312,0.004589841949926572,0.0042792191967299074,-93.12235869155548,-1.1454172490441097
42734,train,0.5,10,14.750271017597601,14.741569645634863,0.8809205591185455,0.004209578881400679,0.0036759064207556396,-159.9909787436847,-0.6516676035472035
43149,train,0.5,10,14.151419329314304,14.144122833065866,1.2354111533497185,0.006364402936380741,0.003526666784364119,-850.7318961685247,-0.5463715830691588
43296,train,0.5,10,37.051005630192414,36.927053188300796,2.8777164778514184,0.01086084693965183,0.009233486782803661,-487.87030147277824,-9.334646296171753
43594,train,0.5,10,15.878153642056166,15.866565358457025,1.1667878138140884,0.005357039368882322,0.003956985742214908,-419.72551807043845,-0.868119028098125
43671,train,0.5,10,24.479356661960658,24.435419389584037,2.131573959020703,0.005246963217466932,0.00610049214922131,255.88153642475913,-3.2985362157339093
43790,train,0.5,10,35.87566830392618,35.760837676383076,3.6070116248654163,0.015330605815307069,0.008940578831539406,-1915.6818961500337,-8.645178447096027
44087,train,0.5,10,11.770637907805682,11.76804826379676,0.86583380090859,0.0042496065728244575,0.002933353197793679,-394.6028346512729,-0.1938013104337653
44298,train,0.5,10,89.16614688795394,88.30147885966224,3.861343395315793,0.02540424149029126,0.022221478133810247,-954.1684498717731,-65.96074695561303
44807,train,0.5,10,65.58431698067287,65.1358416032161,2.2316224387440085,0.016618163222771935,0.016344399136713466,-82.07240827159184,-34.01325301673341
45283,train,0.5,10,48.842737842292564,48.608619701185845,3.7825843385909574,0.011271130776745557,0.012172137566046314,270.1150400391617,-17.682616458979908
45657,test,0.5,10,39.33688806732014,39.194228131653375,1.365111673635096,0.01086084693965183,0.009803156261849471,-317.0876881020553,-10.749564903571805
45898,train,0.5,10,43.53113592296384,43.35083436679658,4.368467471238671,0.011277802058649521,0.010848415485380205,-128.72685623260534,-13.60002425170285
46115,test,0.5,10,32.71899836231789,32.62699382161522,4.190066633981469,0.010333815669238751,0.008153900293640302,-653.5221886826523,-6.9212653072250925
47582,train,0.5,10,35.87566830392618,35.760837676383076,4.754697141868048,0.013325885603166176,0.008940578831539406,-1314.681896150034,-8.645178447096027
48521,train,0.5,10,16.85776517828977,16.8434141958429,2.0125179569171756,0.0042496065728244575,0.0042011145289122444,-14.537549037886295,-1.0753442965798148
49044,train,0.5,10,30.775137359078713,30.69597468644976,1.0139200698258033,0.006190949606877702,0.007669468348813613,443.24876784403443,-5.95233348173188
49353,validation,0.5,10,12.965820353826285,12.961043318268825,1.7877506707128177,0.003605827869092024,0.003231204102202324,-112.30937990108214,-0.35760550196365715
49356,train,0.5,10,34.07218616593571,33.97069535065414,1.1839450387015984,0.008369123148521635,0.008491130134287603,36.57677415595056,-7.637456287007074
50558,test,0.5,10,69.75896043328059,69.24650467764786,2.5293384201189855,0.016928377831306216,0.01738479519095893,136.8304821241573,-38.90574568235628
51104,train,0.5,10,48.06179647259539,47.83602081827092,1.5767232096714632,0.011321165391025281,0.011977516242098201,196.76903495354276,-17.04922350105928
51251,train,0.5,10,28.497056273411538,28.431763874597735,3.0008436052392673,0.005086852451771819,0.007101745576144972,604.0497623631271,-4.906637011046749
51275,test,0.5,10,25.870212734646053,25.819331875396482,1.6593021616183827,0.005780665769783975,0.006447108075525845,199.7943769535427,-3.821136669468158
51564,train,0.5,10,28.89348981559084,28.825875250834677,3.174565129671447,0.006921454975361656,0.007200541117682575,83.66792060012624,-5.081644619054512
51787,test,0.5,10,26.964973635434237,26.908292748141985,2.964088494334812,0.006377745500188667,0.006719934112284631,102.58556511985743,-4.2578739448001475
53201,test,0.5,10,19.534396563982572,19.51128783562525,2.5994193893419038,0.0056605826955126405,0.0048681576055010795,-237.5630655154371,-1.7327296581533569
53630,train,0.5,10,28.106062003343975,28.043022104285427,3.7321189017363925,0.006994839076305249,0.0070043055769914014,2.837985509360425,-4.736904965974219
53865,validation,0.5,10,29.10717118066605,29.03828894155347,1.0393089870514864,0.006030838841182589,0.007253792840291739,366.6323854138619,-5.177192561010631
54646,train,0.5,10,35.05903839326121,34.95034673026019,3.6858708667984152,0.009149663131285311,0.008737065118549126,-123.69377240409635,-8.181341388071758
61009,train,0.5,10,50.605765651324454,50.35226932282626,2.096974681580218,0.012838882024176873,0.012611508746592474,-68.16479377054338,-19.154581236662708
61404,train,0.5,10,23.593914430440503,23.554149542046783,2.271230540055969,0.007048209331536953,0.005879830749925667,-350.2710868558011,-2.984643368504512
62351,train,0.5,10,10.934526967309194,10.933257066509894,1.1564651850159355,0.0038593365814426194,0.002724986388004061,-340.0696327237208,-0.09501586585605044
62395,validation,0.5,10,61.461053471952326,61.07165500552829,2.428378157552298,0.015320598892451125,0.01531681209050536,-1.135254663280197,-29.50266776964095
62409,validation,0.5,10,27.5930685581751,27.532927033625416,3.664464472677056,0.0077520295724050545,0.00687646208929667,-262.4885279059361,-4.518541756635911
62453,train,0.5,10,13.765753865094156,13.759315125304916,1.5181361385746588,0.0030787965986789436,0.003430555228593817,105.45458428489225,-0.48209538242259803
62589,train,0.5,10,28.760736288630234,28.693903644279953,2.633402451911428,0.008676002116103936,0.007167457495961097,-452.25029967529787,-5.022713082480809
63620,validation,0.5,10,29.840081159302233,29.7667657473054,2.185201354682163,0.008078922385699244,0.007436442025178099,-192.6107664973602,-5.511392319069859
63972,validation,0.5,10,33.17416496945389,33.079019623391744,3.3376194414642977,0.008665995193247992,0.008267332979708726,-119.51592490865725,-7.158348158474581
64102,train,0.5,10,32.41902878227876,32.32906638585842,2.8174008349714272,0.009249732359844757,0.008079144482827797,-350.9334169559161,-6.767136489191131
64725,train,0.5,10,36.37474856426328,36.256085826467654,2.6594475473268586,0.008746050576095548,0.009064955506936347,95.60529308508302,-8.934789585259024
65379,train,0.5,10,53.358056184603406,53.07280111591648,2.3309335363771617,0.011698092818599194,0.013297419224011705,479.4659942229211,-21.569007043766877
66537,test,0.5,10,60.478359188180086,60.102435831217896,2.527488969551575,0.01469683403443058,0.015071908632771787,112.44453577007286,-28.474812006162182
66549,train,0.5,10,30.394849687701146,30.318090976937455,3.060093345080047,0.007018188562969119,0.0075746964523101526,166.83686804194042,-5.771032244760241
67146,train,0.5,10,32.41902878227876,32.32906638585842,3.113969343915788,0.007745358290501091,0.008079144482827797,100.06658304408386,-6.767136489191131
67557,train,0.5,10,24.819898435070957,24.7743050755757,1.364870587208646,0.005810686538351809,0.006185358714952133,112.32389276722125,-3.423154332581723
67878,validation,0.5,10,31.82731482170786,31.74131606819339,2.766381337152722,0.007411794195302939,0.00793168270638293,155.8586546226308,-6.468034525510282
67882,validation,0.5,10,36.04126286491434,35.925167497668724,3.9529232211380205,0.00859594673325638,0.008981846941512321,115.68997197576067,-8.740754958045438
67890,train,0.5,10,17.897814394089608,17.88027066445784,2.136130619556493,0.0038760147862025272,0.004460305045148733,175.16581291493955,-1.3149222698185463
68020,validation,0.5,10,46.00446663934781,45.79995917428667,6.291637187404764,0.009109635439861532,0.011464801893741793,706.0611402079069,-15.435312308524015
68434,test,0.5,10,77.80365510398032,77.15611637830104,3.6601523111573995,0.01862621907586481,0.01938969049609635,228.8829736839639,-49.25897946106949
68870,test,0.5,10,24.705861360384304,24.660825752503857,2.4908361348539634,0.004950091172740576,0.0061569394839692815,361.8040216564025,-3.38118254407296
69094,train,0.5,10,24.705861360384304,24.660825752503857,2.3776163105424195,0.007878783928580352,0.0061569394839692815,-516.1959783435976,-3.38118254407296
69342,test,0.5,10,21.817249589882987,21.7852742640917,2.0010726623826964,0.002735225580624847,0.005437067631948288,809.9918696940166,-2.3989214451297007
70090,validation,0.5,10,29.1608379852123,29.09163560412746,3.737682052852214,0.004816665534661316,0.007267167193071042,734.6419155077283,-5.201323717446708
70258,validation,0.5,10,12.268741046383399,12.265282807869655,1.1843502045153864,0.0015710868883832961,0.0030574852589408514,445.6110210766443,-0.2588364181600343
70264,train,0.5,10,24.03255804933244,23.990750307983447,3.3045783576881314,0.005523821416481398,0.005989145286004473,139.50058661039398,-3.138316122632944
70676,train,0.5,10,24.934461880978326,24.888304973013746,1.942436571884288,0.004159544267120957,0.006213909124387239,615.883090188678,-3.4655641875389214
71121,train,0.5,10,45.540731268325445,45.340875661198076,1.6818099589652793,0.011314494109121317,0.01134923288623334,10.414423378327138,-15.082478558127507
71730,test,0.5,10,38.976245309772,38.836621635134975,2.6698349229466802,0.00954326876361913,0.009713279685378398,50.96799212105658,-10.519839314782503
72263,train,0.5,10,20.644292320739922,20.61703331396829,1.609933361946907,0.004479765798511183,0.005144754784365026,199.3586826120508,-2.0444878765662646
771919,train,0.5,10,18.18025623774262,18.161799323388376,0.6175267556893996,0.005110201938435689,0.004530692349227453,-173.73260418330753,-1.3834635882406454
1037,validation,1,0,65.37323852287952,64.33476146224196,2.7410693275433,0.017035118341769625,0.01614177214672738,-267.8184516566623,-78.75021884189405
3455,train,1,0,66.58861776861269,65.51164119735616,2.404499976543282,0.015600792732417572,0.01643946864362795,251.4287128871486,-81.69404754634718
4224,test,1,0,59.92389025834776,59.04960505183744,2.197556164101282,0.0166248345046759,0.014805945031178847,-545.2893460900074,-66.21064442002456
5037,test,1,0,63.09573444801933,62.127558079151925,2.282184053161335,0.012768833564185261,0.015583686190175429,843.8715876533469,-73.37818260589735
5222,validation,1,0,27.076966023304927,26.896305411121432,1.1073454804214447,0.006981496512497323,0.0067169304267638815,-79.31491714546704,-13.571412231887004
5283,validation,1,0,71.15411150074344,69.92641476945194,2.437159533252282,0.017385360641727687,0.01755698093973822,51.450470983270414,-93.23105994793059
5324,test,1,0,73.85841781207968,72.53691454506193,3.149959826872514,0.01741538141029552,0.018218355099689207,240.72545605266177,-100.4211099270789
5766,test,1,0,22.019122114844762,21.89942782980008,1.0030386057464964,0.00526364142222684,0.005465635265676186,60.55623082854666,-8.980314454831682
6415,validation,1,0,60.9256259749656,60.02219378472432,2.287687436199013,0.01632129117804558,0.015051635624674355,-380.6331591585098,-68.43479234070789
6962,test,1,0,60.14506519775487,59.264384793162876,2.2861196685464686,0.015300585046739236,0.014860196518796685,-132.02515926689895,-66.69857886979668
6983,test,1,0,27.5930685581751,27.40549097002367,2.1309822751183,0.0046265340003983696,0.00684452573232871,664.9371931390737,-14.092820711626118
7252,validation,1,0,68.07693586937411,66.95188296838228,2.4261681799570636,0.017628862431222338,0.01680390231180075,-247.31682195337103,-85.37198596243508
7584,train,1,0,66.43546819760064,65.36338059634005,2.4287645003966722,0.015824280676200335,0.016401960722952774,173.18412115346868,-81.32014436377645
7889,train,1,0,73.34998004015486,72.04636998940663,3.552756102594515,0.01693838475416216,0.01809404208622734,346.457352185542,-99.04908852583623
8160,train,1,0,23.593914430440503,23.456566849634147,1.8257061359888296,0.0048900496356049095,0.005855399969092327,289.4047493073126,-10.308807205390677
8997,train,1,0,44.60669020551353,44.11952953846757,1.6278652196275538,0.012378563572803423,0.011041837302938784,-400.7404541158915,-36.75463396589486
9201,train,1,0,76.20790100254106,74.80217292757894,3.145077927229983,0.018349360876850344,0.018792610160176717,132.88279215515163,-106.88272348248702
9997,train,1,0,83.98466611579151,82.28215558892965,3.156209222378117,0.021441500039337216,0.02069112694819716,-224.95619340993537,-129.6942116392745
10123,train,1,0,10.587660331136965,10.55986885357681,0.7760401906121193,0.0014409968912560168,0.002631801393133769,356.99420861539693,-2.0792132910135828
10175,train,1,0,19.534396563982572,19.440105168339333,2.405535310594955,0.004579835027070628,0.004850354194420901,81.09960611605163,-7.070058026664606
10302,train,1,0,52.57750822566941,51.90265228974271,2.54849903177493,0.016618163222771935,0.013002340076175197,-1083.99650881153,-51.015532469825075
10959,train,1,0,64.74407045688145,63.72525471273285,2.7443942963951917,0.01698174808653792,0.015987629217667568,-298.02933924282274,-77.24734500730139
11420,train,1,0,21.517905703397552,21.403577391826577,1.9608959777471906,0.0049634337365485025,0.005341551530289251,113.35686279907596,-8.576656757673652
11425,validation,1,0,52.504919867476204,51.83190829087604,2.662896934380654,0.01590433605904789,0.012984503152445953,-875.343884019479,-50.8752011754633
11545,train,1,0,52.74727156616839,52.06809253916707,1.8937173848863318,0.012688778181337705,0.013044054311965208,106.50910446954833,-51.34447708655287
11638,train,1,0,36.88077172261549,36.54680791913579,3.836103194640734,0.008305745970433986,0.009137974627459468,249.4958747077081,-25.14851967282571
12384,validation,1,0,69.40647689943378,68.23761106007647,3.059077266469454,0.012121719219500846,0.01712934877406859,1501.249572917309,-88.72550021410565
12636,train,1,0,20.174370856119253,20.073823804827473,0.6438865345908262,0.004393039133759663,0.005008863895059306,184.61961888728328,-7.540308128326634
12825,train,1,0,19.444644164481286,19.35121413773497,0.6208192622796871,0.004049468115705566,0.004828122208834804,233.43462451097514,-7.005316027360797
12838,train,1,0,22.84546488551827,22.716657445943486,1.8724661003167673,0.004636540923254314,0.005670175723752007,309.87591751554294,-9.666024868687227
13505,train,1,0,29.1608379852123,28.95146030854986,3.4416856646232925,0.005567184748857158,0.00723202472106758,499.10646744561404,-15.73677177956092
13738,train,1,0,26.841080835452267,26.66353879568982,1.829709076907731,0.005196928603187209,0.006658607513536265,438.20031334030506,-13.336363995901454
13814,train,1,0,50.04952959591683,49.437446326035456,1.91165395707563,0.01298565022606406,0.012380964539404935,-181.28020832095666,-46.2415081508065
14526,validation,1,0,17.897814394089608,17.818612619851415,1.7972992636202314,0.0038093019671628964,0.004444890066803289,190.54451866674233,-5.936216518015908
14695,validation,1,0,23.48551024058882,23.34941642747757,2.0312278975649067,0.004429731184231459,0.005828574497095069,419.3626751202445,-10.214429973674429
15153,validation,1,0,15.588344677043889,15.528212600975047,1.1397558745943377,0.00502347527368417,0.0038724402874974768,-345.07160775290487,-4.5043528920764695
15406,train,1,0,70.0809531646794,68.88954915025158,2.5887706937591477,0.015477374017194257,0.017294408645777637,544.7332775741286,-90.45124293181331
15570,train,1,0,62.08690342300644,61.14909745117159,2.607374642513832,0.013829567386915384,0.015336382889112755,451.731923156254,-71.05883091941405
16219,train,1,0,61.376200516479365,60.45950583284117,2.1669587668833286,0.014726854802998414,0.01516212663353023,130.4912119732926,-69.44709662646692
16386,train,1,0,51.07401503571944,50.436854933252214,1.7433685599380377,0.012932279970832355,0.01263282778655512,-89.77350637794108,-48.148131884255044
19476,test,1,0,32.568668220166984,32.30782089049928,4.132691772433119,0.009152998772237292,0.008073813784959222,-323.53151997279144,-19.62172817384569
19603,train,1,0,67.5149577160642,66.40817843468999,2.5872950129601646,0.01654477912182834,0.01666630989528914,36.43400929845351,-83.97377968555183
19622,train,1,0,55.76991723756762,55.01150144909295,2.349204790471635,0.013529359701237047,0.013786494978263852,77.08721673837668,-57.377191480218166
20047,test,1,0,26.230103243087683,26.06051374844575,1.9078345524311313,0.007858770082868463,0.006507526915199313,-405.09251059124074,-12.737070924133098
20338,validation,1,0,78.16278045883308,76.68504619659637,3.5346412322169263,0.020037195198552994,0.019270175027974533,-229.94686227329618,-112.4112968496664
21293,train,1,0,13.514500541175595,13.469269146888411,1.2364204443384796,0.004186229394736809,0.0033581179345304776,-248.26157015322522,-3.386435568046474
22555,validation,1,0,69.47043207498584,68.29943812579153,2.4123293448968126,0.016441374252316916,0.01714500120832081,210.94205465546491,-88.88843078792395
23304,validation,1,0,23.812226232768396,23.672336435723036,2.1675316014422936,0.007021524203921101,0.005909420788488676,-333.40021646268184,-10.500183878808267
23313,train,1,0,12.78792262935846,12.747413118582257,1.6385134790379465,0.003812637608114878,0.003177861296199005,-190.30115082943425,-3.03236555807895
24790,validation,1,0,64.68446641717226,63.66750376606499,2.3378697385906997,0.013679463544076216,0.01597302534184337,687.5925289275144,-77.1057160338565
24848,train,1,0,93.19658525658426,91.10699742141718,8.00006960865205,0.02256894668110697,0.02293553617513755,109.90076549240415,-159.53878046702258
25075,validation,1,0,27.466289924159614,27.280423382331197,3.369159933051516,0.007101579586768657,0.006813183916668908,-86.45884681576099,-13.963831074804615
25144,train,1,0,69.40647689943378,68.23761106007647,2.966377955364319,0.016898357062738383,0.01712934877406859,69.24957291730901,-88.72550021410565
25646,validation,1,0,54.35005651294472,53.629395054020144,2.022869763146466,0.01359940816122866,0.013437806975049003,-48.44681682051465,-54.50191691121824
25915,test,1,0,22.532013356294826,22.406701781148797,2.4627454368214177,0.0049767763003564286,0.0055925935182238595,184.61735742319863,-9.402957127339848
25955,test,1,0,23.593914430440503,23.456566849634147,3.2218343576273463,0.007618603934325793,0.005855399969092327,-528.5952506926872,-10.308807205390677
26601,train,1,0,39.5184588928437,39.13538734449483,3.569730451191979,0.009763421066449911,0.009788367366261777,7.478712538604232,-28.86525462918667
26939,test,1,0,22.120757764641272,21.9999604946988,2.1159980752243253,0.005740638078360197,0.005490794857180873,-74.90111339198707,-9.06329623483738
26981,train,1,0,24.254928571094204,24.10981262765599,2.64881962274033,0.008832777240847066,0.006018957744688252,-843.5618631217724,-10.893653711311572
27635,validation,1,0,31.376175101187464,31.133973704494387,1.195107719988164,0.007678645471461461,0.007779328106071848,30.183894507763846,-18.213759913886612
27762,train,1,0,22.428488158692854,22.304320702370113,2.451554744404669,0.007541884192430218,0.005566968749222956,-592.0647550612646,-9.316867569728876
27765,test,1,0,15.516722739072343,15.457140376547573,1.9145687082931322,0.004916734763220762,0.003854682112816367,-318.3953745901482,-4.463095881369861
28424,validation,1,0,22.32543861616743,22.20240485399962,2.847150063721245,0.006044181404990515,0.005541461070404981,-150.7117647919798,-9.231565690717229
28576,train,1,0,12.382262309589926,12.344276415506098,1.416834145339402,0.0041929006766407715,0.0030772070233385457,-334.4765426984741,-2.8431724102671847
28806,train,1,0,36.542646775065236,36.21473786742771,4.9585553883363795,0.009710050811218207,0.009054570789326427,-196.50796693283053,-24.690507653408797
28845,train,1,0,36.04126286491434,35.72223175754776,3.4242007014638003,0.009650009274082539,0.008930883980930492,-215.58833924402273,-24.019066177829135
29597,train,1,0,21.517905703397552,21.403577391826577,1.862851178859831,0.00653785626588378,0.005341551530289251,-358.643137200924,-8.576656757673652
29730,train,1,0,22.636016404497504,22.509550190301656,1.4431588729901625,0.00557052038980914,0.005618335911942747,14.334732910987661,-9.489841629717064
29822,train,1,0,89.4128627502953,87.48690444589255,3.903628437053973,0.023936559471419393,0.022014246779000917,-576.2948471047328,-146.91033757441446
30099,train,1,0,34.103582265334964,33.8177299690713,2.7798565950805676,0.0057172885916963265,0.008452734601793157,820.0660830932216,-21.510827180696893
30440,train,1,0,23.92213847512053,23.780960017379854,2.6129028915803563,0.004916734763220762,0.00593661726177143,305.7530811116863,-10.597199468872263
30671,train,1,0,43.93392456444762,43.461231869782694,3.3660758479709516,0.010270438491151102,0.01087619182266166,181.60028019523884,-35.657166992907236
30949,train,1,0,35.87566830392618,35.5595429000096,4.0580271011899205,0.010377179001614511,0.008890030021069003,-445.8360482899321,-23.799330586994444
31586,test,1,0,53.06400191947755,52.37672104198075,1.9524177029642409,0.011131033856762335,0.013121876738827028,596.8396811059786,-51.961003344963366
32512,train,1,0,57.86287388179515,57.04708540853278,2.279495017865301,0.011151047702474224,0.014300265603759474,944.1117754039066,-61.749383253853466
32543,train,1,0,16.025072388814195,15.961534035794953,1.7571530915975948,0.0030587827529670545,0.003980717196527245,276.38899294977176,-4.76002449025791
33371,train,1,0,33.63566357483622,33.357553792511354,1.447346670176737,0.006127572428790053,0.008337235519569393,662.4403293366153,-20.925773948361957
33615,train,1,0,25.633033198658953,25.471040854099346,3.2636666336809603,0.005116873220339653,0.006359863559856674,372.6391291540624,-12.164688211099453
33871,test,1,0,47.07604832565828,46.53394636246833,4.660548610274905,0.011164390266282149,0.011649602184335164,145.46287356400788,-40.92463578146883
34160,train,1,0,20.739582044538317,20.63334434897972,1.701622225608122,0.005763987565024067,0.005148835485016797,-184.41795410919232,-7.968180906018535
34415,train,1,0,20.361042011319707,20.258632715112114,2.6919652322380476,0.003262256851037927,0.005055094173813495,537.479107789027,-7.680318205775086
34433,train,1,0,22.95091476024225,22.82092053883127,1.4630090652944263,0.0052969978317466545,0.005696274223021892,119.70005076177321,-9.755338474725637
34566,train,1,0,22.32543861616743,22.20240485399962,2.2370464786381206,0.006190949606877702,0.005541461070404981,-194.7117647919798,-9.231565690717229
34778,train,1,0,27.34009378505607,27.155922720670844,1.6148345801508242,0.005387060137450156,0.006781985141128567,418.1879955784098,-13.836021115111562
36487,train,1,0,85.58546212208236,83.81844404323795,3.856721347579512,0.02190848977261463,0.021081494640164046,-247.9269035113956,-134.6608443902674
36918,train,1,0,28.760736288630234,28.55703475231054,3.656291852030728,0.006748001645858617,0.007133147334325964,115.4637726337283,-15.30864077345472
37235,train,1,0,12.612465753175393,12.573057674278004,1.0389678935310893,0.00396941273285801,0.0031343273782963696,-250.3522910838356,-2.9497887453835077
37339,train,1,0,19.17785364482655,19.086960881156156,2.6244928342975506,0.00502347527368417,0.004762034366619675,-78.37801215061467,-6.814623490478021
37618,train,1,0,10.204694319421995,10.178873298824266,1.3091955613558501,0.0028786581415600524,0.00253672679084358,-102.50844009855136,-1.9316103299363712
37760,train,1,0,13.452407051486315,13.407589309250508,1.7230882687353737,0.0038826860681064903,0.0033427144285278444,-161.87942507957231,-3.3554141092290792
37930,validation,1,0,22.151339841371943,22.030209702261203,0.7870168931164063,0.0050501604013000224,0.005498365233369076,134.3684282934587,-9.08833987219829
38201,train,1,0,83.06154404079231,81.3957036976472,5.180309428576358,0.02092781133273206,0.020465949275812384,-138.4627613008861,-126.8721675476106
38411,train,1,0,27.089438298597827,26.908612045719995,2.092603260400626,0.007395115990543031,0.006720014119293617,-202.39044938226127,-13.58389722130799
38524,validation,1,0,24.366884234595855,24.22043159638673,2.771770757878886,0.0048900496356049095,0.0060466568329432075,346.74211463053945,-10.994302074707216
39158,validation,1,0,15.516722739072343,15.457140376547573,1.276379138862088,0.0045264647718389235,0.003854682112816367,-201.39537459014812,-4.463095881369861
39328,train,1,0,21.419039907221233,21.30575562787866,1.2687878309100553,0.009800113116921708,0.00531707400202881,-1343.981315563886,-8.498127754695163
40228,validation,1,0,14.282360800191839,14.23185789632879,1.1102493344024555,0.003255585569133964,0.003548581234504585,87.83789070480391,-3.7818291870037597
40375,train,1,0,22.636016404497504,22.509550190301656,0.6184966598529267,0.005210271166995135,0.005618335911942747,122.33473291098765,-9.489841629717064
40378,validation,1,0,29.89509927814587,29.675104136565796,1.0852554189887036,0.005780665769783975,0.007413458115181424,489.4988306302861,-16.53777795727852
40887,train,1,0,27.848384078049996,27.657337119650297,2.150431315256922,0.010794134120612201,0.006907641092603969,-1165.1412978664507,-14.354382617477123
41339,train,1,0,16.398344276265377,16.33182064813928,0.5243442462700294,0.004066146320465474,0.0040732524290655325,2.13035776402645,-4.984129854610563
41939,train,1,0,14.216739313080032,14.166698205511215,1.3002164547868842,0.004553149899454776,0.00353230561157497,-306.0414182987466,-3.747187321561294
42139,validation,1,0,22.740499508958955,22.612868039056753,2.2781720270245276,0.006771351132522487,0.005644196467327989,-337.9124676248257,-9.577528409953329
42174,train,1,0,17.171174432444527,17.09825358891559,1.1761003331550022,0.004589841949926572,0.0042648123768739285,-97.4414146281426,-5.464473185631232
42734,train,1,0,14.750271017597601,14.69641415618878,0.8766267110132839,0.004209578881400679,0.003664625998998722,-163.37276410946765,-4.033452969330144
43149,train,1,0,14.151419329314304,14.10183580089625,1.229570008325644,0.006364402936380741,0.0035161045071098905,-853.8983872286474,-3.712862643191864
43296,train,1,0,37.051005630192414,36.71397272218392,2.8482321913893305,0.01086084693965183,0.009179962913815875,-503.91635371829653,-25.38069854169009
43594,train,1,0,15.878153642056166,15.815771600668029,1.1607796677885807,0.005357039368882322,0.0039442932639152046,-423.53062733801823,-4.67322829567792
43671,train,1,0,24.479356661960658,24.331555044211274,2.116152438389538,0.005246963217466932,0.006074483011086595,248.08419297289137,-11.09587966760167
43790,train,1,0,35.87566830392618,35.5595429000096,3.57106384904713,0.015330605815307069,0.008890030021069003,-1930.836048289932,-23.799330586994444
44087,train,1,0,11.770637907805682,11.736304183521,0.862244098468002,0.0042496065728244575,0.002925428972170744,-396.9784577285192,-2.569424387680069
44298,train,1,0,89.16614688795394,87.25063370959731,3.7753311169311417,0.02540424149029126,0.02195414631293303,-1034.3125135541693,-146.10481063800933
44807,train,1,0,65.58431698067287,64.53920268477914,2.193863386072644,0.016618163222771935,0.016193480123983618,-127.3167900568062,-79.25763480194776
45283,train,1,0,48.842737842292564,48.25955952742605,3.733295743167165,0.011271130776745557,0.012084203017540646,243.75292559952743,-44.04473089861421
45657,test,1,0,39.33688806732014,38.95730331686277,1.3503841614197423,0.01086084693965183,0.009743609493962751,-334.93936001277063,-28.601236814287084
45898,train,1,0,43.53113592296384,43.06700257466714,4.317003811358931,0.011277802058649521,0.010777006073083725,-150.1348594693024,-35.00802748839991
46115,test,1,0,32.71899836231789,32.45575197499368,4.151462908623958,0.010333815669238751,0.00811093169331075,-666.4038509922684,-19.802927616841263
47582,train,1,0,35.87566830392618,35.5595429000096,4.707311437380308,0.013325885603166176,0.008890030021069003,-1329.8360482899323,-23.799330586994444
48521,train,1,0,16.85776517828977,16.787473799392128,2.0016747401788164,0.0042496065728244575,0.004187132604798887,-18.729224435399242,-5.2670196940927605
49044,train,1,0,30.775137359078713,30.542074765635874,1.0050501625833188,0.006190949606877702,0.0076308697176350575,431.6771893275798,-17.52391199818648
49353,validation,1,0,12.965820353826285,12.924178664275335,1.7798159215212703,0.003605827869092024,0.0032219989086080696,-115.0690275150695,-3.1172531159510144
49356,train,1,0,34.07218616593571,33.786856657079426,1.1726546400486326,0.008369123148521635,0.008444985331196987,22.74291021348871,-21.471320229468922
50558,test,1,0,69.75896043328059,68.57834224024545,2.484117832712072,0.016928377831306216,0.01721561289567448,86.11090597075021,-89.62532183576336
51104,train,1,0,48.06179647259539,47.4969571341207,1.5564668209630188,0.011321165391025281,0.011892116307150185,171.1667785424368,-42.651479912165236
51251,train,1,0,28.497056273411538,28.297053304661464,2.9762312169125527,0.005086852451771819,0.007067978654764296,593.9266940033215,-15.029705370852339
51275,test,1,0,25.870212734646053,25.705223148397003,1.6467411110596482,0.005780665769783975,0.006418523787813873,191.22502308019133,-12.390490542819501
51564,train,1,0,28.89348981559084,28.687913493599005,3.1482257751466247,0.006921454975361656,0.0071659558663163805,73.29952308250692,-15.450042136673826
51787,test,1,0,26.964973635434237,26.78579699508165,2.940869013176233,0.006377745500188667,0.006689240584683404,93.38387703559486,-13.459562029062724
53201,test,1,0,19.534396563982572,19.440105168339333,2.5837231113797663,0.0056605826955126405,0.004850354194420901,-242.90039388394834,-7.070058026664606
53630,train,1,0,28.106062003343975,27.91148167326545,3.701859206536687,0.006994839076305249,0.006971336468493575,-7.0459045652715355,-14.620795040606179
53865,validation,1,0,29.10717118066605,28.898559342183237,1.0306325476365712,0.006030838841182589,0.007218762569188207,356.13057433532765,-15.679003639544895
54646,train,1,0,35.05903839326121,34.757050555306215,3.649854146193693,0.009149663131285311,0.00868853464635815,-138.24284195012947,-22.73041093410489
61009,train,1,0,50.605765651324454,49.98012843185702,2.0687839611462597,0.012838882024176873,0.012517719323599508,-96.28215542400628,-47.2719428901256
61404,train,1,0,23.593914430440503,23.456566849634147,2.2552840503391423,0.007048209331536953,0.005855399969092327,-357.5952506926873,-10.308807205390677
62351,train,1,0,10.934526967309194,10.904888502631326,1.1519074210179292,0.0038593365814426194,0.0027179062555950364,-342.19220302158783,-2.2175861637230376
62395,validation,1,0,61.461053471952326,60.541850600868365,2.389599610244934,0.015320598892451125,0.015182933160466943,-41.27114817390712,-69.63856128026788
62409,validation,1,0,27.5930685581751,27.40549097002367,3.6352050575547468,0.0077520295724050545,0.00684452573232871,-272.06280686092634,-14.092820711626118
62453,train,1,0,13.765753865094156,13.718829379713865,1.5111012395981802,0.0030787965986789436,0.003420443835366628,102.42326485550863,-3.5134148118062125
62589,train,1,0,28.760736288630234,28.55703475231054,2.611637037164806,0.008676002116103936,0.007133147334325964,-462.5362273662718,-15.30864077345472
63620,validation,1,0,29.840081159302233,29.62089058394638,2.1665745448494587,0.008078922385699244,0.007399864454941379,-203.5764461862942,-16.47707200800383
63972,validation,1,0,33.17416496945389,32.903588616389975,3.3065065227501114,0.008665995193247992,0.008223308290729637,-132.7141946303839,-20.356617880201245
64102,train,1,0,32.41902878227876,32.16055871129575,2.7916456747898346,0.009249732359844757,0.008036865071384113,-363.6084656354114,-19.442185168686457
64725,train,1,0,36.37474856426328,36.04982594878404,2.63262735923826,0.008746050576095548,0.009013153515383194,80.07544670806813,-24.46463596227391
65379,train,1,0,53.358056184603406,52.66321133660136,2.2980981885205485,0.011698092818599194,0.013194122241442634,448.49833791455626,-52.536663352131676
66537,test,1,0,60.478359188180086,59.58799864750648,2.487702308287933,0.01469683403443058,0.014941944030383495,73.48212816709419,-67.43721960914085
66549,train,1,0,30.394849687701146,30.167479621901478,3.0336020077981005,0.007018188562969119,0.007536926141970441,155.51361386577543,-17.094286420925236
67146,train,1,0,32.41902878227876,32.16055871129575,3.085503114241396,0.007745358290501091,0.008036865071384113,87.39153436458852,-19.442185168686457
67557,train,1,0,24.819898435070957,24.667975039760655,1.3548839047406647,0.005810686538351809,0.006158729894343909,104.34077318344058,-11.4062739163624
67878,validation,1,0,31.82731482170786,31.578139713300864,2.7414839882769173,0.007411794195302939,0.007890746911289544,143.58641199140033,-18.740277156740763
67882,validation,1,0,36.04126286491434,35.72223175754776,3.9133722302443434,0.00859594673325638,0.008930883980930492,100.41166075597698,-24.019066177829135
67890,train,1,0,17.897814394089608,17.818612619851415,2.124080947914819,0.0038760147862025272,0.004444890066803289,170.5445186667422,-5.936216518015908
68020,validation,1,0,46.00446663934781,45.48656093002108,6.21385006147859,0.009109635439861532,0.01138590605087733,682.4087615495878,-39.08769096684312
68434,test,1,0,77.80365510398032,76.33927996472256,3.5880010374968325,0.01862621907586481,0.019182459409290607,166.7566567964592,-111.3852963485742
68870,test,1,0,24.705861360384304,24.555324478145774,2.472679329403435,0.004950091172740576,0.006130518958220606,353.88334730055476,-11.301856899920704
69094,train,1,0,24.705861360384304,24.555324478145774,2.3602848144305515,0.007878783928580352,0.006130518958220606,-524.1166526994454,-11.301856899920704
69342,test,1,0,21.817249589882987,21.699731212954184,1.9878824549050962,0.002735225580624847,0.005415660487934885,803.5741693714785,-8.81662176766776
70090,validation,1,0,29.1608379852123,28.95146030854986,3.7064307157481613,0.004816665534661316,0.00723202472106758,724.1064674456142,-15.73677177956092
70258,validation,1,0,12.268741046383399,12.231446902295032,1.179295540651874,0.0015710868883832961,0.0030490378110024775,443.07853989537216,-2.7913175994321664
70264,train,1,0,24.03255804933244,23.890079086131777,3.281026676762144,0.005523821416481398,0.005963938532265899,131.9437919489062,-10.695110784120732
70676,train,1,0,24.934461880978326,24.78113923156253,1.9281702095410467,0.004159544267120957,0.0061870702546440596,607.8369994584283,-11.511654917788613
71121,train,1,0,45.540731268325445,45.03312827582064,1.6612003576901404,0.011314494109121317,0.011271768405601885,-12.808843677869874,-38.305745614324515
71730,test,1,0,38.976245309772,38.60353956546966,2.641259774780298,0.00954326876361913,0.00965470390792158,33.40741581801624,-28.080415617822844
72263,train,1,0,20.644292320739922,20.539024912455577,1.599778680195202,0.004479765798511183,0.005125238843276789,193.50795066302527,-7.895219825591824
771919,train,1,0,18.18025623774262,18.098543543028235,0.6140009616438247,0.005110201938435689,0.004514876819790146,-178.47398062788918,-6.124840032822302
1037,validation,1,1,65.37323852287952,64.35052387027405,2.7417303192346507,0.017035118341769625,0.01614575873557688,-266.6233023864349,-77.55506957166665
3455,train,1,1,66.58861776861269,65.52768732074448,2.4050794723701627,0.015600792732417572,0.016443528178162928,252.645730723726,-80.4770297097698
4224,test,1,1,59.92389025834776,59.064091324863,2.198087466233147,0.0166248345046759,0.014809604046071168,-544.1924010215797,-65.11369935159695
5037,test,1,1,63.09573444801933,62.14278794589875,2.282734983316079,0.012768833564185261,0.015587535974216127,845.0257238736772,-72.22404638556705
5222,validation,1,1,27.076966023304927,26.90295618222538,1.107617477420795,0.006981496512497323,0.0067185969196275775,-78.81531515362015,-13.071810240040113
5283,validation,1,1,71.15411150074344,69.94352372466534,2.437745631813532,0.017385360641727687,0.01756131412120948,52.749526107499605,-91.93200482370139
5324,test,1,1,73.85841781207968,72.554650883675,3.1507163758424195,0.01741538141029552,0.018222850098456433,242.0730227817954,-99.07354319794528
5766,test,1,1,22.019122114844762,21.904849700471168,1.00328559192367,0.00526364142222684,0.005466992142436363,60.96301224768337,-8.573533035694968
6415,validation,1,1,60.9256259749656,60.0369151439775,2.2882402654545446,0.01632129117804558,0.015055354919169603,-379.51814271975337,-67.31977590195143
6962,test,1,1,60.14506519775487,59.278922990650365,2.286672324387634,0.015300585046739236,0.014863868845363533,-130.9242234588449,-65.59764306174264
6983,test,1,1,27.5930685581751,27.41226679650437,2.131505575972471,0.0046265340003983696,0.006846223775706088,665.4462537369686,-13.583760113731172
7252,validation,1,1,68.07693586937411,66.9682760744071,2.4267524855549145,0.017628862431222338,0.01680805111718682,-246.0730413889177,-84.12820539798172
7584,train,1,1,66.43546819760064,65.379390986927,2.429349886608184,0.015824280676200335,0.016406011067902473,174.3983840216869,-80.10588149555822
7889,train,1,1,73.34998004015486,72.06398849619849,3.5536095988598277,0.01693838475416216,0.018098506677146395,347.79580287113026,-97.71063784024797
8160,train,1,1,23.593914430440503,23.46237199925768,1.8261553476711905,0.0048900496356049095,0.005856853328441038,289.8404554788199,-9.873101033883408
8997,train,1,1,44.60669020551353,44.13039290285552,1.6282616871579048,0.012378563572803423,0.011044571046585908,-399.9208983883782,-35.93507823838157
9201,train,1,1,76.20790100254106,74.82045302870348,3.145832467485305,0.018349360876850344,0.01879724558020841,134.27245612031524,-105.4930595173234
9997,train,1,1,83.98466611579151,82.30222694893668,3.1569636721165026,0.021441500039337216,0.02069622607662144,-223.42751316596292,-128.16553139530205
10123,train,1,1,10.587660331136965,10.562490632318433,0.7762323587873327,0.0014409968912560168,0.0026324556697214763,357.19035580183754,-1.8830661045729675
10175,train,1,1,19.534396563982572,19.444921091427684,2.406128366764554,0.004579835027070628,0.004851558689188946,81.46070456321212,-6.70895957950413
10302,train,1,1,52.57750822566941,51.91540761205415,2.5491173477669626,0.016618163222771935,0.013005556152154592,-1083.0323534885524,-50.0513771468475
10959,train,1,1,64.74407045688145,63.74087012007714,2.745056287604723,0.01698174808653792,0.015991578028295216,-296.84551559858346,-76.06352136306214
11420,train,1,1,21.517905703397552,21.408877150306115,1.9613789433545863,0.0049634337365485025,0.005342877683565841,113.75443354954977,-8.179086007199837
11425,validation,1,1,52.504919867476204,51.84464644900344,2.6635430280220143,0.01590433605904789,0.012987714844157344,-874.3810430669829,-49.91236022296723
11545,train,1,1,52.74727156616839,52.08088799890502,1.8941768006089752,0.012688778181337705,0.013047280640901925,107.47633355180317,-50.37724800429805
11638,train,1,1,36.88077172261549,36.55582349692869,3.837040974153685,0.008305745970433986,0.009140239106612557,250.1747484791024,-24.469645901431456
12384,validation,1,1,69.40647689943378,68.25431371663899,3.05981353487036,0.012121719219500846,0.01713357727436215,1502.5172454139697,-87.45782771744497
12636,train,1,1,20.174370856119253,20.078795939194503,0.6440452273339901,0.004393039133759663,0.005010107655508912,184.9924888896338,-7.167438125976128
12825,train,1,1,19.444644164481286,19.356008145312476,0.6209723246396893,0.004049468115705566,0.004829321195855077,233.79407177689282,-6.645868761443118
12838,train,1,1,22.84546488551827,22.722280508853512,1.872926986000266,0.004636540923254314,0.005671583237165329,310.2978794213908,-9.24406296283933
13505,train,1,1,29.1608379852123,28.958615630410677,3.442530186357327,0.005567184748857158,0.007233818557381492,499.64424604341144,-15.198993181763536
13738,train,1,1,26.841080835452267,26.670132389095592,1.8301585596473058,0.005196928603187209,0.006660259583577521,438.6955914787614,-12.841085857445096
13814,train,1,1,50.04952959591683,49.44960317827332,1.912118324484273,0.01298565022606406,0.012384027839122964,-180.361854168898,-45.323153998747806
14526,validation,1,1,17.897814394089608,17.82302862253858,1.7977427226563811,0.0038093019671628964,0.0044459940930710595,190.8754974152537,-5.60523776950454
14695,validation,1,1,23.48551024058882,23.35519521223491,2.031727704014577,0.004429731184231459,0.005830021217228415,419.79639090505856,-9.780714188860358
15153,validation,1,1,15.588344677043889,15.532063157747547,1.1400374133528002,0.00502347527368417,0.003873402400304707,-344.783173589552,-4.2159187287236115
15406,train,1,1,70.0809531646794,68.90640869229938,2.5893935684539238,0.015477374017194257,0.017298677556454648,546.0130647989722,-89.17145570696968
15570,train,1,1,62.08690342300644,61.16409105616303,2.6080043773276715,0.013829567386915384,0.015340172028219273,452.86787848270114,-69.92287559296693
16219,train,1,1,61.376200516479365,60.4743328590484,2.167482309222979,0.014726854802998414,0.015165873032182966,131.61435403404437,-68.32395456571516
16386,train,1,1,51.07401503571944,50.449254496124546,1.7437918403767039,0.012932279970832355,0.012635953022226806,-88.83658429409736,-47.21120980041133
19476,test,1,1,32.568668220166984,32.3157991143055,4.133704172911968,0.009152998772237292,0.008075815594269812,-322.93139263912224,-19.021600840176475
19603,train,1,1,67.5149577160642,66.42444058033517,2.5879182894545987,0.01654477912182834,0.01667042499992547,37.66768663230603,-82.74010235169932
19622,train,1,1,55.76991723756762,55.02501046345856,2.3497738837336257,0.013529359701237047,0.013789903724099259,78.10913303107067,-56.35527518752418
20047,test,1,1,26.230103243087683,26.06695918180582,1.9083033671488097,0.007858770082868463,0.006509141620322017,-404.60843417355994,-12.252994506452287
20338,validation,1,1,78.16278045883308,76.70377781282421,3.535488453232161,0.020037195198552994,0.01927492716883667,-228.52220628347354,-110.98664085984376
21293,train,1,1,13.514500541175595,13.472610850368985,1.2367261730061203,0.004186229394736809,0.00335895247573741,-248.01138099349666,-3.1362464083179016
22555,validation,1,1,69.47043207498584,68.31615566286271,2.41290993438553,0.016441374252316916,0.017149233540951124,212.2108760577808,-87.61960938560807
23304,validation,1,1,23.812226232768396,23.678194672226585,2.168064861699841,0.007021524203921101,0.00591088751728298,-332.96050223221783,-10.060469648344274
23313,train,1,1,12.78792262935846,12.750576297339505,1.6389187780959387,0.003812637608114878,0.0031786511115506925,-190.06437014378574,-2.795584872430456
24790,validation,1,1,64.68446641717226,63.68310524277253,2.3384336856252395,0.013679463544076216,0.015976970572987026,688.7752794694488,-75.92296549192216
24848,train,1,1,93.19658525658426,91.12917371046485,8.001973711039174,0.02256894668110697,0.022941182450616816,111.5934762968784,-157.84606966254833
25075,validation,1,1,27.466289924159614,27.287168495276482,3.36998734177584,0.007101579586768657,0.0068148742105130986,-85.9521094694688,-13.457093728512424
25144,train,1,1,69.40647689943378,68.25431371663899,2.9670919126015614,0.016898357062738383,0.01713357727436215,70.51724541396969,-87.45782771744497
25646,validation,1,1,54.35005651294472,53.64256914036389,2.0233601348175623,0.01359940816122866,0.013441130064598197,-47.450579636407674,-53.505679727111264
25915,test,1,1,22.532013356294826,22.412248546233805,2.463351705914404,0.0049767763003564286,0.0055939818263448775,185.03356172725998,-8.986752823278493
25955,test,1,1,23.593914430440503,23.46237199925768,3.2226270841256297,0.007618603934325793,0.005856853328441038,-528.1595445211799,-9.873101033883408
26601,train,1,1,39.5184588928437,39.14503532639745,3.5706019992548605,0.009763421066449911,0.00979079225094419,8.205674677911455,-28.138292489879444
26939,test,1,1,22.120757764641272,22.005407119711705,2.116519088328149,0.005740638078360197,0.005492157963072028,-74.49246452636366,-8.65464736921397
26981,train,1,1,24.254928571094204,24.115778481234067,2.6494711492972076,0.008832777240847066,0.006020451580279686,-843.1140224779685,-10.445813067507778
27635,validation,1,1,31.376175101187464,31.141664283310757,1.1954006596845166,0.007678645471461461,0.007781257178855905,30.762215979357165,-17.635438442293292
27762,train,1,1,22.428488158692854,22.309842263040483,2.4521582892128064,0.007541884192430218,0.005568350713672569,-591.6504525420464,-8.902565050510777
27765,test,1,1,15.516722739072343,15.46097337698282,1.9150416554491272,0.004916734763220762,0.003855639821995348,-318.1082606013322,-4.175981892553871
28424,validation,1,1,22.32543861616743,22.20790132351776,2.8478510349582997,0.006044181404990515,0.005542836720012114,-150.29935541491056,-8.819156313647987
28576,train,1,1,12.382262309589926,12.347339865285443,1.4171846804263821,0.0041929006766407715,0.003077971860564942,-334.24725026640283,-2.6138799781959743
28806,train,1,1,36.542646775065236,36.223672260228874,4.959767762832025,0.009710050811218207,0.009056814691423285,-195.8352620077021,-24.01780272828038
28845,train,1,1,36.04126286491434,35.73104571720504,3.425038127368694,0.009650009274082539,0.008933097364471513,-214.9247835517633,-23.355510485569695
29597,train,1,1,21.517905703397552,21.408877150306115,1.8633099961868569,0.00653785626588378,0.005342877683565841,-358.2455664504502,-8.179086007199837
29730,train,1,1,22.636016404497504,22.515122273563325,1.443514126136487,0.00557052038980914,0.005619730592694263,14.75284768160992,-9.071726859094806
29822,train,1,1,89.4128627502953,87.50821835398997,3.904559182244859,0.023936559471419393,0.022019668596760994,-574.6694270316112,-145.28491750129294
30099,train,1,1,34.103582265334964,33.82607794289299,2.7805370790129724,0.0057172885916963265,0.00845482997218464,820.6942593333049,-20.882650940613576
30440,train,1,1,23.92213847512053,23.786844976945645,2.613545688368832,0.004916734763220762,0.005938090721069805,306.194813096509,-10.155467484049586
30671,train,1,1,43.93392456444762,43.471934879391775,3.3668959235830775,0.010270438491151102,0.010878884772024198,182.40760610390382,-34.849841084242264
30949,train,1,1,35.87566830392618,35.568317070721854,4.059019615994537,0.010377179001614511,0.008892233323479501,-445.17551484457135,-23.138797141633727
31586,test,1,1,53.06400191947755,52.38959136929582,1.9528912875322282,0.011131033856762335,0.013125122194681012,597.8126442937748,-50.9880401571671
32512,train,1,1,57.86287388179515,57.061087295324704,2.280046672264952,0.011151047702474224,0.01430380050742815,945.1715128635321,-60.68964579422792
32543,train,1,1,16.025072388814195,15.965491618705734,1.7575870445177155,0.0030587827529670545,0.003981706157908441,276.6854761131077,-4.4635413269219715
33371,train,1,1,33.63566357483622,33.36578910653803,1.4477010481615835,0.006127572428790053,0.008339302375186371,663.0599570623604,-20.306146222616857
33615,train,1,1,25.633033198658953,25.477341414378543,3.2644688527415227,0.005116873220339653,0.006361441739888921,373.11225562509605,-11.691561740065787
33871,test,1,1,47.07604832565828,46.54539741007706,4.6616823410764185,0.011164390266282149,0.011652485549713784,146.32728475817652,-40.060224587300205
34160,train,1,1,20.739582044538317,20.638454364075514,1.7020414924244018,0.005763987565024067,0.005150113913853885,-184.03469078574344,-7.584917582569655
34415,train,1,1,20.361042011319707,20.26365039553229,2.6926286352007716,0.003262256851037927,0.005056349385178617,537.8554106894863,-7.304015305315644
34433,train,1,1,22.95091476024225,22.82656926422273,1.4633691493173007,0.0052969978317466545,0.005697688196729736,120.12394941519513,-9.331439821303716
34566,train,1,1,22.32543861616743,22.20790132351776,2.2375972417529497,0.006190949606877702,0.005542836720012114,-194.29935541491056,-8.819156313647987
34778,train,1,1,27.34009378505607,27.162637257416954,1.6152311806447721,0.005387060137450156,0.00678366772057265,418.6924202057318,-13.331596487789573
36487,train,1,1,85.58546212208236,83.83888249493492,3.8576425547441717,0.02190848977261463,0.021086689014309795,-246.36966931846982,-133.10361019734162
36918,train,1,1,28.760736288630234,28.564093280487796,3.6571892088522824,0.006748001645858617,0.007134916730766837,115.99422434191398,-14.778189065269029
37235,train,1,1,12.612465753175393,12.576177722993222,1.039224912565702,0.00396941273285801,0.0031351063906791712,-250.11874904678308,-2.7162467083309756
37339,train,1,1,19.17785364482655,19.09168973309508,2.625139985085694,0.00502347527368417,0.004763216980341369,-78.02347347612353,-6.460084815986888
37618,train,1,1,10.204694319421995,10.18140072401495,1.3095198143185507,0.0028786581415600524,0.002537357461265062,-102.31936986270739,-1.7425400940924023
37760,train,1,1,13.452407051486315,13.410915760974875,1.7235143483980069,0.0038826860681064903,0.0033435451480784474,-161.63038162358842,-3.1063706532451594
37930,validation,1,1,22.151339841371943,22.035663775350578,0.7872106739977558,0.0050501604013000224,0.00549973021353985,134.77763905397646,-8.679129111680503
38201,train,1,1,83.06154404079231,81.41556311731281,5.181548248242779,0.02092781133273206,0.0204709934476109,-136.9505566388348,-125.35996288555933
38411,train,1,1,27.089438298597827,26.915265839690385,2.0931172628986197,0.007395115990543031,0.006721681374708726,-201.89061878325202,-13.084066622298751
38524,validation,1,1,24.366884234595855,24.22642465801713,2.7724524892331734,0.0048900496356049095,0.006048157522689416,347.1920100982507,-10.544406606995913
39158,validation,1,1,15.516722739072343,15.46097337698282,1.2766944369660846,0.0045264647718389235,0.003855639821995348,-201.10826060133215,-4.175981892553871
39328,train,1,1,21.419039907221233,21.311031292427312,1.2691003465061446,0.009800113116921708,0.005318394094159465,-1343.5855618992507,-8.102374090059753
40228,validation,1,1,14.282360800191839,14.235388128829506,1.11052376097939,0.003255585569133964,0.003549463025432095,88.10224497440424,-3.517474917403436
40375,train,1,1,22.636016404497504,22.515122273563325,0.6186489112013515,0.005210271166995135,0.005619730592694263,122.75284768160991,-9.071726859094806
40378,validation,1,1,29.89509927814587,29.682436994583735,1.0855216240085237,0.005780665769783975,0.007415296790921441,490.05005174985087,-15.986556837713728
40887,train,1,1,27.848384078049996,27.664174787611326,2.1509593264054283,0.010794134120612201,0.0069093547410791056,-1164.6275589779416,-13.840643728967896
41339,train,1,1,16.398344276265377,16.335869669982866,0.524473716455164,0.004066146320465474,0.004074264333412925,2.4337190555921415,-4.680768563044872
41939,train,1,1,14.216739313080032,14.17021233186405,1.3005378469966686,0.004553149899454776,0.00353318336522827,-305.77827437350527,-3.484043396319953
42139,validation,1,1,22.740499508958955,22.618465554758828,2.2787328013051864,0.006771351132522487,0.005645597549799835,-337.4924336667303,-9.157494451857893
42174,train,1,1,17.171174432444527,17.10249182111363,1.1763906234956603,0.004589841949926572,0.004265871769502764,-97.12381670795703,-5.146875265445667
42734,train,1,1,14.750271017597601,14.700059202442906,0.8768433418360425,0.004209578881400679,0.003665536573707635,-163.0997806792901,-3.7604695391525897
43149,train,1,1,14.151419329314304,14.105333894067128,1.229873947672641,0.006364402936380741,0.0035169782419094105,-853.6364481254592,-3.4509235400036156
43296,train,1,1,37.051005630192414,36.72302916364878,2.848928417053369,0.01086084693965183,0.009182237751522037,-503.23437453081533,-24.69871935420888
43594,train,1,1,15.878153642056166,15.819693184256327,1.161066358883138,0.005357039368882322,0.00394527319385966,-423.23685173130207,-4.379452688961787
43671,train,1,1,24.479356661960658,24.337575436476854,2.1166728884024235,0.005246963217466932,0.006075990586249401,248.53615263656894,-10.643920003924102
43790,train,1,1,35.87566830392618,35.568317070721854,3.571937262075193,0.015330605815307069,0.008892233323479501,-1930.1755148445714,-23.138797141633727
44087,train,1,1,11.770637907805682,11.739217193841066,0.8624574883332576,0.0042496065728244575,0.00292615613981883,-396.76045835192133,-2.351425011082219
44298,train,1,1,89.16614688795394,87.2718912802345,3.7762313757404242,0.02540424149029126,0.021959553481577434,-1032.6914851754434,-144.48378225928326
44807,train,1,1,65.58431698067287,64.55501439006136,2.194392369479813,0.016618163222771935,0.01619747938449329,-126.11784191842976,-78.05868666357132
45283,train,1,1,48.842737842292564,48.27143017162299,3.7342031384077954,0.011271130776745557,0.012087193321259635,244.64939610160963,-43.148260396532024
45657,test,1,1,39.33688806732014,38.966907817722024,1.3507138860518695,0.01086084693965183,0.009746023343286595,-334.2157061907339,-27.87758299225037
45898,train,1,1,43.53113592296384,43.07760952903584,4.318055765414993,0.011277802058649521,0.010779674592411354,-149.33485750085214,-34.20802551994963
46115,test,1,1,32.71899836231789,32.46376643668975,4.152479833227741,0.010333815669238751,0.008112942669091013,-665.8009756201246,-19.200052244697424
47582,train,1,1,35.87566830392618,35.568317070721854,4.708462754553663,0.013325885603166176,0.008892233323479501,-1329.1755148445716,-23.138797141633727
48521,train,1,1,16.85776517828977,16.791635317623175,2.00216887862234,0.0042496065728244575,0.004188172741459555,-18.41739930924169,-4.955194567935212
49044,train,1,1,30.775137359078713,30.54962023949604,1.00529658824597,0.006190949606877702,0.007632762114047087,432.24451549945263,-16.956585826313685
49353,validation,1,1,12.965820353826285,12.927385565447649,1.7802561342140655,0.003605827869092024,0.0032227996762616397,-114.82896341191883,-2.8771890128003506
49356,train,1,1,34.07218616593571,33.79519707333396,1.1729416997504747,0.008369123148521635,0.008447078788524012,23.370512931275673,-20.843717511681962
50558,test,1,1,69.75896043328059,68.59512689822724,2.484715618327929,0.016928377831306216,0.01721986251614997,87.38491013866397,-88.35131766784961
51104,train,1,1,48.06179647259539,47.50864238940862,1.5568452695908803,0.011321165391025281,0.011895059351277956,172.0490809755037,-41.769177479098325
51251,train,1,1,28.497056273411538,28.304048021980766,2.97696176163213,0.005086852451771819,0.007069731941947925,594.4523162776817,-14.50408309649216
51275,test,1,1,25.870212734646053,25.711581268052775,1.647145838073601,0.005780665769783975,0.006420116478305289,191.70249967744607,-11.913013945564762
51564,train,1,1,28.89348981559084,28.695004142059986,3.148998388273528,0.006921454975361656,0.0071677333724184215,73.8324060059478,-14.917159213232946
51787,test,1,1,26.964973635434237,26.792420621288567,2.9415914175972095,0.006377745500188667,0.006690900230157348,93.88142623163698,-12.962012833020598
53201,test,1,1,19.534396563982572,19.444921091427684,2.584360097636002,0.0056605826955126405,0.004851558689188946,-242.53929543678785,-6.70895957950413
53630,train,1,1,28.106062003343975,27.91838173927878,3.7027680369123583,0.006994839076305249,0.006973065864502117,-6.527444685015423,-14.102335160350066
53865,validation,1,1,29.10717118066605,28.905701683021263,1.0308854511362056,0.006030838841182589,0.007220553127585565,356.66737023846406,-15.142207736408507
54646,train,1,1,35.05903839326121,34.76562841306228,3.6507471834733516,0.009149663131285311,0.008690688221915382,-137.5972162403383,-22.084785224313705
61009,train,1,1,50.605765651324454,49.992417091555865,2.069286363510675,0.012838882024176873,0.012520816254670988,-95.35371884583083,-46.34350631195015
61404,train,1,1,23.593914430440503,23.46237199925768,2.255838958887941,0.007048209331536953,0.005856853328441038,-357.15954452118,-9.873101033883408
62351,train,1,1,10.934526967309194,10.907595710088504,1.1521926150404926,0.0038593365814426194,0.0027185819093265983,-341.989647128646,-2.0150302707812435
62395,validation,1,1,61.461053471952326,60.556697521363624,2.3901769198169376,0.015320598892451125,0.015186684662779443,-40.14647607444995,-68.51388918081071
62409,validation,1,1,27.5930685581751,27.41226679650437,3.6360977472471556,0.0077520295724050545,0.006846223775706088,-271.55374626303137,-13.583760113731172
62453,train,1,1,13.765753865094156,13.722232787927268,1.5114748420897453,0.0030787965986789436,0.00342129383922461,102.67808960140262,-3.258590065912236
62589,train,1,1,28.760736288630234,28.564093280487796,2.612278006323059,0.008676002116103936,0.007134916730766837,-462.0057756580861,-14.778189065269029
63620,validation,1,1,29.840081159302233,29.62821014360804,2.1671060035868304,0.008078922385699244,0.007401699771419767,-203.0262321480303,-15.926857969739943
63972,validation,1,1,33.17416496945389,32.91171276610342,3.3073162913196885,0.008665995193247992,0.008225347016514261,-132.10300001622338,-19.7454232660407
64102,train,1,1,32.41902878227876,32.1685008584402,2.7923296040947108,0.009249732359844757,0.008038857755681306,-363.01107391193796,-18.844793445213018
64725,train,1,1,36.37474856426328,36.05872001872418,2.633271093103017,0.008746050576095548,0.009015387198563178,80.74508807898874,-23.79499459135329
65379,train,1,1,53.358056184603406,52.676151151009435,2.2986555439467082,0.011698092818599194,0.01319738545227264,449.476623910256,-51.558377356431926
66537,test,1,1,60.478359188180086,59.602615070508946,2.488303600050602,0.01469683403443058,0.014945636414031804,74.58907693689972,-66.33027083933533
66549,train,1,1,30.394849687701146,30.174933241240787,3.034345946571874,0.007018188562969119,0.007538795327065557,156.07398145989725,-16.533918826803404
67146,train,1,1,32.41902878227876,32.1685008584402,3.08625903610468,0.007745358290501091,0.008038857755681306,87.98892608806197,-18.844793445213018
67557,train,1,1,24.819898435070957,24.67407816482593,1.3552170716423886,0.005810686538351809,0.0061602583147393475,104.79898209064649,-10.948065009156494
67878,validation,1,1,31.82731482170786,31.585939152245764,2.742155821667138,0.007411794195302939,0.007892703506416465,144.17298445381076,-18.153704694330344
67882,validation,1,1,36.04126286491434,35.73104571720504,3.9143292884213645,0.00859594673325638,0.008933097364471513,101.07521644823642,-23.355510485569695
67890,train,1,1,17.897814394089608,17.82302862253858,2.124605035866632,0.0038760147862025272,0.0044459940930710595,170.87549741525356,-5.60523776950454
68020,validation,1,1,46.00446663934781,45.4977571236641,6.215362429895394,0.009109635439861532,0.011388724509275477,683.2537141205391,-38.24273839589175
68434,test,1,1,77.80365510398032,76.35792869696152,3.588861193674154,0.01862621907586481,0.019187190115599717,168.17488686894333,-109.96706627609005
68870,test,1,1,24.705861360384304,24.561399901586835,2.473287396882006,0.004950091172740576,0.006132040398566209,354.3394636414634,-10.845740559012055
69094,train,1,1,24.705861360384304,24.561399901586835,2.360865242478278,0.007878783928580352,0.006132040398566209,-523.6605363585367,-10.845740559012055
69342,test,1,1,21.817249589882987,21.70510390830673,1.9883719954312113,0.002735225580624847,0.005417004991247673,803.9772413244083,-8.413549814738014
70090,validation,1,1,29.1608379852123,28.958615630410677,3.7073402006925065,0.004816665534661316,0.007233818557381492,724.6442460434115,-15.198993181763536
70258,validation,1,1,12.268741046383399,12.234482436449273,1.1795873232999405,0.0015710868883832961,0.003049795657379204,443.3057365234374,-2.5641209713668998
70264,train,1,1,24.03255804933244,23.895990889210566,3.2818337942049833,0.005523821416481398,0.005965418752772763,132.38755089304084,-10.25135183998611
70676,train,1,1,24.934461880978326,24.787270183002704,1.9286443213948685,0.004159544267120957,0.006188605686918424,608.2973104740526,-11.051343902164408
71121,train,1,1,45.540731268325445,45.04421409766949,1.6616047620278185,0.011314494109121317,0.011274558764734849,-11.972315054695928,-37.469216991150574
71730,test,1,1,38.976245309772,38.61305767994969,2.641904806307332,0.00954326876361913,0.0096570958355574,34.12449768331677,-27.363333752522315
72263,train,1,1,20.644292320739922,20.544111687414322,1.6001728719518464,0.004479765798511183,0.005126511427993179,193.88946196316505,-7.513708525452043
771919,train,1,1,18.18025623774262,18.10302861005394,0.6141524369711213,0.005110201938435689,0.004515998190680865,-178.13780209223066,-5.788661497163762
1037,validation,1,10,65.37323852287952,64.49255669367449,2.747686191394605,0.017035118341769625,0.016181682027774695,-255.8537703189998,-66.78553750423154
3455,train,1,10,66.58861776861269,65.67227656239872,2.410301018032761,0.015600792732417572,0.01648010877397745,263.6123174580656,-69.51044297543015
4224,test,1,10,59.92389025834776,59.19462548546982,2.202874799089802,0.0166248345046759,0.01484257560866373,-534.3077752278546,-55.22907355787178
5037,test,1,10,63.09573444801933,62.280022294573236,2.287699157781285,0.012768833564185261,0.01562222653577671,855.4256925933247,-61.82407766591951
5222,validation,1,10,27.076966023304927,26.962886682794004,1.1100684184817553,0.006981496512497323,0.006733613912020518,-74.3133340923731,-8.569829178793057
5283,validation,1,10,71.15411150074344,70.09768958501894,2.443026644123358,0.017385360641727687,0.017600360508352186,64.45533848503051,-80.22619244617049
5324,test,1,10,73.85841781207968,72.714469742741,3.157533202436114,0.01741538141029552,0.01826335459401865,254.21596506644238,-86.9306009132983
5766,test,1,10,22.019122114844762,21.95370665363165,1.0055111761699294,0.00526364142222684,0.005479219160775068,64.62858012945475,-4.907965153923592
6415,validation,1,10,60.9256259749656,60.16956756331,2.293221564169386,0.01632129117804558,0.01508886965469082,-369.4706777786278,-57.272310960825884
6962,test,1,10,60.14506519775487,59.409925019982474,2.2916520649880843,0.015300585046739236,0.014896960358029449,-121.00363753779192,-55.67705714068966
6983,test,1,10,27.5930685581751,27.47332415973674,2.1362209910782735,0.0046265340003983696,0.00686152507168941,670.0334668703941,-8.996546980305622
7252,validation,1,10,68.07693586937411,67.11599179958044,2.4320173607647173,0.017628862431222338,0.016845436119865723,-234.86529954347273,-72.92046355253677
7584,train,1,10,66.43546819760064,65.52365825823814,2.434624508483018,0.015824280676200335,0.016442508857642132,185.34014611930647,-69.16411939793868
7889,train,1,10,73.34998004015486,72.22274564035402,3.5612999660350613,0.01693838475416216,0.018138737172868322,359.8566020701654,-85.64983864121284
8160,train,1,10,23.593914430440503,23.51468266306866,1.8302031715674316,0.0048900496356049095,0.0058699497595545765,293.7666667533753,-5.946889759327954
8997,train,1,10,44.60669020551353,44.22828231772967,1.6318341472253288,0.012378563572803423,0.01106920505298886,-392.5358090584495,-28.549988908452885
9201,train,1,10,76.20790100254106,74.98517141180498,3.1526311767857678,0.018349360876850344,0.018839015386435204,146.7947289992296,-92.97078663840907
9997,train,1,10,83.98466611579151,82.48308522056777,3.1637615068914213,0.021441500039337216,0.020742174264206076,-209.65259306931986,-114.390611298659
10123,train,1,10,10.587660331136965,10.586115875166636,0.7779640038547224,0.0014409968912560168,0.002638351473787584,358.95787339470235,-0.11554851170816027
10175,train,1,10,19.534396563982572,19.488317862849044,2.4114723922415773,0.004579835027070628,0.00486241257883777,84.71461881989386,-3.455045322822387
10302,train,1,10,52.57750822566941,52.03034486136869,2.554688771817455,0.016618163222771935,0.013034536431277386,-1074.3442843768041,-41.36330803509902
10959,train,1,10,64.74407045688145,63.88157839185542,2.7510211701997047,0.01698174808653792,0.016027160905920403,-286.17803725261547,-65.3960430170941
11420,train,1,10,21.517905703397552,21.456633754228694,1.9657309330426154,0.0049634337365485025,0.0053548278498219875,117.33700326498848,-4.596516291761122
11425,validation,1,10,52.504919867476204,51.959429037993694,2.6693647470147646,0.01590433605904789,0.013016655616946341,-865.7048176561498,-41.236134812134125
11545,train,1,10,52.74727156616839,52.19618691216523,1.898316430405295,0.012688778181337705,0.013076353308703003,116.19210009250581,-41.66148146359539
11638,train,1,10,36.88077172261549,36.637062938618904,3.8454911245302794,0.008305745970433986,0.009160644575090556,256.2921540307632,-18.352240349770668
12384,validation,1,10,69.40647689943378,68.4048186393356,3.0664476582383546,0.012121719219500846,0.017171680395899107,1513.9402738770061,-76.03479925440843
12636,train,1,10,20.174370856119253,20.123600328938217,0.6454752055563253,0.004393039133759663,0.005021315372160075,188.35247781305347,-3.807449202556459
12825,train,1,10,19.444644164481286,19.399207436190434,0.6223515687687378,0.004049468115705566,0.004840125454624455,237.03310707023272,-3.406833468103233
12838,train,1,10,22.84546488551827,22.772950397701102,1.8770800074703171,0.004636540923254314,0.0056842665467743345,314.10023998464953,-5.441702399580579
13505,train,1,10,29.1608379852123,29.023092587857633,3.4501400785592424,0.005567184748857158,0.007249983048792022,504.4902386556942,-10.353000569480782
13738,train,1,10,26.841080835452267,26.729547666377456,1.8342088102604917,0.005196928603187209,0.0066751466110149095,443.15861002652946,-8.37806730967705
13814,train,1,10,50.04952959591683,49.55914782011403,1.9163025852081512,0.01298565022606406,0.012411631461044303,-172.08649650339726,-37.04779633324709
14526,validation,1,10,17.897814394089608,17.862821710132042,1.8017387371977724,0.0038093019671628964,0.0044559426503525444,193.85799985622387,-2.622735328534377
14695,validation,1,10,23.48551024058882,23.407268303545955,2.0362314354031628,0.004429731184231459,0.00584305782183614,423.7046666443826,-5.872438449536319
15153,validation,1,10,15.588344677043889,15.566760998482724,1.142574369489936,0.00502347527368417,0.0038820721587521172,-342.1840453943367,-1.616790533508267
15406,train,1,10,70.0809531646794,69.05832722620923,2.595005957106897,0.015477374017194257,0.017337144809698116,557.5452572013401,-77.63926330460187
15570,train,1,10,62.08690342300644,61.29919655921543,2.6136786303211226,0.013829567386915384,0.015374316125541777,463.10402134520587,-59.68673273046222
16219,train,1,10,61.376200516479365,60.60793739609488,2.172199714126557,0.014726854802998414,0.01519963200021407,141.73503803963223,-58.2032705601273
16386,train,1,10,51.07401503571944,50.56098612170549,1.7476058755115043,0.012932279970832355,0.012664114745333478,-80.3939121024327,-38.76853760874666
19476,test,1,10,32.568668220166984,32.38769113538894,4.142826764982329,0.009152998772237292,0.008093854139082268,-317.5235729510531,-13.613781152107352
19603,train,1,10,67.5149577160642,66.57097628895882,2.5935343148109973,0.01654477912182834,0.016707506330047604,48.78438973553056,-71.6233992484748
19622,train,1,10,55.76991723756762,55.146738949551,2.3549017605052356,0.013529359701237047,0.013820620136298969,87.31768174536299,-47.146726473231865
20047,test,1,10,26.230103243087683,26.12503940106988,1.9125278196557105,0.007858770082868463,0.006523691950056174,-400.24635505784653,-7.890915390738882
20338,validation,1,10,78.16278045883308,76.87256452303288,3.543122236526532,0.020037195198552994,0.01931774872418609,-215.68462694988858,-98.14906152625879
21293,train,1,10,13.514500541175595,13.50272338953972,1.2394811122555367,0.004186229394736809,0.0033664726700203037,-245.75688346479043,-0.8817488796116814
22555,validation,1,10,69.47043207498584,68.46679466591193,2.418141317412585,0.016441374252316916,0.017187371195086697,223.644257133438,-76.18622830995086
23304,validation,1,10,23.812226232768396,23.73098369918293,2.17287004182342,0.007021524203921101,0.005924104421538791,-328.9981740182177,-6.0981414343441
23313,train,1,10,12.78792262935846,12.779080138873894,1.642570955301861,0.003812637608114878,0.0031857682750357735,-187.93069820860546,-0.6619129372501761
24790,validation,1,10,64.68446641717226,63.82368799231652,2.343515139926179,0.013679463544076216,0.016012521196348196,699.4330882303263,-65.26515673104463
24848,train,1,10,93.19658525658426,91.32899797333341,8.019130111659665,0.02256894668110697,0.02299206084624218,126.84643558050244,-142.5931103789243
25075,validation,1,10,27.466289924159614,27.347949101689803,3.3774430456168902,0.007101579586768657,0.006830105674991318,-81.38583129460358,-8.890815553647203
25144,train,1,10,69.40647689943378,68.4048186393356,2.973525001928101,0.016898357062738383,0.017171680395899107,81.94027387700625,-76.03479925440843
25646,validation,1,10,54.35005651294472,53.76127971859726,2.0277786893541703,0.01359940816122866,0.01347107463505096,-38.47342325662001,-44.5285233473236
25915,test,1,10,22.532013356294826,22.462230918466148,2.4688147732199677,0.0049767763003564286,0.005606492075426696,188.7840400496907,-5.236274500847782
25955,test,1,10,23.593914430440503,23.51468266306866,3.2297703027660556,0.007618603934325793,0.0058699497595545765,-524.2333332466245,-5.946889759327954
26601,train,1,10,39.5184588928437,39.23197323073058,3.578455326401993,0.009763421066449911,0.009812643134236864,14.756404689693241,-21.587562478097656
26939,test,1,10,22.120757764641272,22.054487133411186,2.121213919542409,0.005740638078360197,0.005504441112661942,-70.81006891882156,-4.9722517616718624
26981,train,1,10,24.254928571094204,24.169537239729017,2.65534201770091,0.008832777240847066,0.0060339127460021375,-839.0784665184894,-6.410257108028671
27635,validation,1,10,31.376175101187464,31.210964375788134,1.1980403000170974,0.007678645471461461,0.007798640292198586,35.973542256052326,-12.424112165598133
27762,train,1,10,22.428488158692854,22.35959751925497,2.457596808770588,0.007541884192430218,0.0055808037993831565,-587.9171113671847,-5.169223875648961
27765,test,1,10,15.516722739072343,15.495513016908538,1.9193034000872893,0.004916734763220762,0.0038642698988038617,-315.52102866217916,-1.5887499534008245
28424,validation,1,10,22.32543861616743,22.257430484289557,2.85416746118468,0.006044181404990515,0.005555232902127937,-146.58307350859238,-5.102874407329806
28576,train,1,10,12.382262309589926,12.374945042036995,1.4203433773505285,0.0041929006766407715,0.003084863942670268,-332.1810560313093,-0.5476857431024463
28806,train,1,10,36.542646775065236,36.304180159465915,4.970692240012839,0.009710050811218207,0.009077034739813097,-189.77344400004125,-17.95598472061952
28845,train,1,10,36.04126286491434,35.81046841584895,3.4325840182125678,0.009650009274082539,0.008953042409740245,-208.94540940572892,-17.376136339535304
29597,train,1,10,21.517905703397552,21.456633754228694,1.8674443863904844,0.00653785626588378,0.0053548278498219875,-354.6629967350115,-4.596516291761122
29730,train,1,10,22.636016404497504,22.5653327868903,1.4467152980723728,0.00557052038980914,0.005632298266096656,18.52054138225444,-5.304033158450286
29822,train,1,10,89.4128627502953,87.70027234992592,3.9129454454307524,0.023936559471419393,0.022068524461743923,-560.0228071806627,-130.63829765034438
30099,train,1,10,34.103582265334964,33.9013017240455,2.786668808656668,0.0057172885916963265,0.00847371159861051,826.3548285305541,-15.222081743364372
30440,train,1,10,23.92213847512053,23.839874803993926,2.619337895644841,0.004916734763220762,0.0059513682744295904,310.17532345446534,-6.174957126093227
30671,train,1,10,43.93392456444762,43.5683793808104,3.374285405584828,0.010270438491151102,0.010903151182254803,189.6824928737732,-27.574954314372874
30949,train,1,10,35.87566830392618,35.64738123846347,4.067962986146142,0.010377179001614511,0.008912087527526747,-439.223374211614,-17.186656508676354
31586,test,1,10,53.06400191947755,52.50556488723561,1.9571585861351257,0.011131033856762335,0.01315436721376683,606.5800804497693,-42.22060400117261
32512,train,1,10,57.86287388179515,57.187256856711905,2.285017402312991,0.011151047702474224,0.014335653716373593,954.720864668474,-51.140293989286086
32543,train,1,10,16.025072388814195,16.001153875664958,1.7614974082139627,0.0030587827529670545,0.003990617852140159,279.3571348317787,-1.7918826082509345
33371,train,1,10,33.63566357483622,33.43999772838515,1.4508942921105572,0.006127572428790053,0.00835792705423179,668.6434953728476,-14.722607912129625
33615,train,1,10,25.633033198658953,25.53411619325131,3.271697590699117,0.005116873220339653,0.006375662939548194,377.37566402665846,-7.428153338503417
33871,test,1,10,47.07604832565828,46.64858226948219,4.671898048650802,0.011164390266282149,0.011678467792207726,154.11656509978755,-32.27094424568917
34160,train,1,10,20.739582044538317,20.684501194829778,1.70581949761754,0.005763987565024067,0.0051616340307162525,-180.58104663512717,-4.13127343195337
34415,train,1,10,20.361042011319707,20.30886520011592,2.698606549229519,0.003262256851037927,0.005067660287154763,541.2463337951123,-3.9130921996897268
34433,train,1,10,22.95091476024225,22.877470396594312,1.4666138508602857,0.0052969978317466545,0.005710429720596515,123.94376217388249,-5.511627062616348
34566,train,1,10,22.32543861616743,22.257430484289557,2.242560148073677,0.006190949606877702,0.005555232902127937,-190.58307350859238,-5.102874407329806
34778,train,1,10,27.34009378505607,27.223142344493674,1.6188049117224983,0.005387060137450156,0.006798829670126906,423.2378583306742,-8.786158362847148
36487,train,1,10,85.58546212208236,84.02304837781587,3.8659429128373324,0.02190848977261463,0.021133495439457164,-232.33745607334717,-119.07139695221896
36918,train,1,10,28.760736288630234,28.62769804051963,3.6652751960593446,0.006748001645858617,0.007150860993210705,120.77419397095832,-9.998219436224685
37235,train,1,10,12.612465753175393,12.604292916762153,1.0415409289540876,0.00396941273285801,0.003142126207107787,-248.0142610249396,-0.6117586864874871
37339,train,1,10,19.17785364482655,19.134301906758402,2.630971459348152,0.00502347527368417,0.004773873697624101,-74.82867000772201,-3.2652813475853644
37618,train,1,10,10.204694319421995,10.204175738155133,1.3124416888996175,0.0028786581415600524,0.002543040546584107,-100.61562374588716,-0.03879397727217326
37760,train,1,10,13.452407051486315,13.440890865656021,1.727353777928108,0.0038826860681064903,0.003351030904900458,-159.38620818592756,-0.8621972155843152
37930,validation,1,10,22.151339841371943,22.084810903410542,0.7889568268110305,0.0050501604013000224,0.005512030252428854,138.4650979460065,-4.991670219650463
38201,train,1,10,83.06154404079231,81.59451173732931,5.192710423278654,0.02092781133273206,0.020516446433194523,-123.3240943672819,-111.73350061400642
38411,train,1,10,27.089438298597827,26.975223579042723,2.0977488941739306,0.007395115990543031,0.006736705238499679,-197.386577728705,-8.580025567751717
38524,validation,1,10,24.366884234595855,24.28042858669325,2.7785955305070082,0.0048900496356049095,0.006061680451725926,351.2460822334654,-6.490334471781198
39158,validation,1,10,15.516722739072343,15.495513016908538,1.2795356000581928,0.0045264647718389235,0.0038642698988038617,-198.5210286621791,-1.5887499534008245
39328,train,1,10,21.419039907221233,21.35857078659429,1.2719164162069936,0.009800113116921708,0.005330289642872985,-1340.0193661111657,-4.53617830197473
40228,validation,1,10,14.282360800191839,14.267199513445469,1.1129966329120882,0.003255585569133964,0.0035574089932163375,90.48438618763115,-1.1353337041765368
40375,train,1,10,22.636016404497504,22.5653327868903,0.6200208420310168,0.005210271166995135,0.005632298266096656,126.52054138225444,-5.304033158450286
40378,validation,1,10,29.89509927814587,29.74851371006181,1.08792036598283,0.005780665769783975,0.007431865332597833,495.01717558449184,-11.019433003072761
40887,train,1,10,27.848384078049996,27.725789398560174,2.155717184082108,0.010794134120612201,0.006924796655511941,-1159.998189493896,-9.211274244922437
41339,train,1,10,16.398344276265377,16.372355885914804,0.5256403759219136,0.004066146320465474,0.0040833827694692505,5.167357414033758,-1.947130204603255
41939,train,1,10,14.216739313080032,14.201878583151192,1.3034339288823844,0.004553149899454776,0.003541092952606638,-303.4070397315785,-1.1128087543931984
42139,validation,1,10,22.740499508958955,22.66890523877772,2.2837859153523623,0.006771351132522487,0.005658222909650203,-333.70744600405374,-5.3725067891813385
42174,train,1,10,17.171174432444527,17.140683016053465,1.1790064354397636,0.004589841949926572,0.004275418128020911,-94.26189042285236,-2.284948980340992
42734,train,1,10,14.750271017597601,14.732905179373773,0.8787954121583805,0.004209578881400679,0.003673741915868547,-160.63988098413915,-1.3005698440016613
43149,train,1,10,14.151419329314304,14.136855669513636,1.232612761123486,0.006364402936380741,0.0035248516148693758,-851.2760702930404,-1.0905457075848979
43296,train,1,10,37.051005630192414,36.804636819971115,2.855201971011553,0.01086084693965183,0.009202736561026145,-497.08898604350486,-18.55333086689841
43594,train,1,10,15.878153642056166,15.855031050135876,1.1636497420017842,0.005357039368882322,0.003954103504717202,-420.5895911344156,-1.7321920920753124
43671,train,1,10,24.479356661960658,24.391825639887923,2.1213626323293884,0.005246963217466932,0.00608957556029847,252.6088253986054,-6.571247241887651
43790,train,1,10,35.87566830392618,35.64738123846347,3.579807427808605,0.015330605815307069,0.008912087527526747,-1924.2233742116139,-17.186656508676354
44087,train,1,10,11.770637907805682,11.765466749280316,0.8643803612185363,0.0042496065728244575,0.00293270877598206,-394.796027450167,-0.3869941093279039
44298,train,1,10,89.16614688795394,87.46343766051177,3.7843429506760313,0.02540424149029126,0.02200827734701736,-1018.0844377919469,-129.87673487578687
44807,train,1,10,65.58431698067287,64.69749140676738,2.1991587785488584,0.016618163222771935,0.016233516859322773,-115.31407875918563,-67.25492350432721
45283,train,1,10,48.842737842292564,48.3783958859145,3.742379387458161,0.011271130776745557,0.012114139180173705,252.72756137838005,-35.07009511976161
45657,test,1,10,39.33688806732014,39.053453923932715,1.3536849625395835,0.01086084693965183,0.009767774786992844,-327.69478741698885,-21.356664218505284
45898,train,1,10,43.53113592296384,43.17318850217058,4.327534646521089,0.011277802058649521,0.010803720864204397,-142.12596657427977,-26.999134593377285
46115,test,1,10,32.71899836231789,32.535984992049016,4.161643189888713,0.010333815669238751,0.008131063813260777,-660.3683932676987,-13.767469892271482
47582,train,1,10,35.87566830392618,35.64738123846347,4.7188370639295245,0.013325885603166176,0.008912087527526747,-1323.223374211614,-17.186656508676354
48521,train,1,10,16.85776517828977,16.82913524137291,2.0066215715046307,0.0042496065728244575,0.004197545582218847,-15.60749233957078,-2.1452875982642996
49044,train,1,10,30.775137359078713,30.61761281019837,1.0075170984438209,0.006190949606877702,0.00764981473510301,437.35676268115026,-11.84433864461601
49353,validation,1,10,12.965820353826285,12.95628339257672,1.7842229196828363,0.003605827869092024,0.0032300155324530566,-112.66570414771944,-0.7139297486009607
49356,train,1,10,34.07218616593571,33.87035275448121,1.1755283479649856,0.008369123148521635,0.008465943176278103,29.025914104739826,-15.18831633821781
50558,test,1,10,69.75896043328059,68.74637069199697,2.4901019447525257,0.016928377831306216,0.01725815594839181,98.86499231570203,-76.87123549081156
51104,train,1,10,48.06179647259539,47.61393762262295,1.5602553525445182,0.011321165391025281,0.011921579356328172,179.99957847568032,-33.818679978921715
51251,train,1,10,28.497056273411538,28.36707778904449,2.983544624740151,0.005086852451771819,0.007085531043008964,599.188767618961,-9.767631755212797
51275,test,1,10,25.870212734646053,25.76887471023295,1.6507928029000694,0.005780665769783975,0.006434468432713131,196.0051073664772,-7.610406256533632
51564,train,1,10,28.89348981559084,28.75889833454102,3.155960322167273,0.006921454975361656,0.00718375071144642,78.63428344377081,-10.115281775409946
51787,test,1,10,26.964973635434237,26.852106521558817,2.9481009412292534,0.006377745500188667,0.006705855520294969,98.36490942209755,-8.478529642560025
53201,test,1,10,19.534396563982572,19.488317862849044,2.5900999768520645,0.0056605826955126405,0.00486241257883777,-239.28538118010613,-3.455045322822387
53630,train,1,10,28.106062003343975,27.980558612989192,3.7109574174987214,0.006994839076305249,0.006988649680859077,-1.8555340743418092,-9.430424549676452
53865,validation,1,10,29.10717118066605,28.970061669899827,1.0331643368241725,0.006030838841182589,0.007236688081522616,361.5045077389693,-10.305070235903212
54646,train,1,10,35.05903839326121,34.84292363965347,3.658794187533858,0.009149663131285311,0.00871009433639903,-131.7794094790561,-16.266978463031517
61009,train,1,10,50.605765651324454,50.10314940633401,2.073813341688784,0.012838882024176873,0.01254872292675275,-86.98750902783966,-37.97729649395899
61404,train,1,10,23.593914430440503,23.51468266306866,2.2608392119362386,0.007048209331536953,0.0058699497595545765,-353.23333324662457,-5.946889759327954
62351,train,1,10,10.934526967309194,10.931990758771484,1.1547625234681593,0.0038593365814426194,0.0027246703460381445,-340.16437972151414,-0.18976286364934739
62395,validation,1,10,61.461053471952326,60.69048131689638,2.3953787966005655,0.015320598892451125,0.015220489619306964,-30.012005064481436,-58.379418170842186
62409,validation,1,10,27.5930685581751,27.47332415973674,3.644141690662936,0.0077520295724050545,0.00686152507168941,-266.96653312960586,-8.996546980305622
62453,train,1,10,13.765753865094156,13.752901352038824,1.514841395382691,0.0030787965986789436,0.003428953369529443,104.97435901861391,-0.9623206487009408
62589,train,1,10,28.760736288630234,28.62769804051963,2.61805371147096,0.008676002116103936,0.007150860993210705,-457.2258060290418,-9.998219436224685
63620,validation,1,10,29.840081159302233,29.694167029165353,2.1718949157769982,0.008078922385699244,0.0074182380426310365,-198.06818317053316,-10.968808992242806
63972,validation,1,10,33.17416496945389,32.98491970363926,3.3146129917647427,0.008665995193247992,0.008243718216834693,-126.59545271575074,-14.237875965568069
64102,train,1,10,32.41902878227876,32.24006779799249,2.7984923917385416,0.009249732359844757,0.008056814074693143,-357.6279048987471,-13.461624432022179
64725,train,1,10,36.37474856426328,36.13886457625418,2.6390716583042235,0.008746050576095548,0.0090355151641631,86.77930036072908,-17.760782309612953
65379,train,1,10,53.358056184603406,52.792750791810015,2.3036776696334815,0.011698092818599194,0.013226790460151351,458.2920234997242,-42.742977766963705
66537,test,1,10,60.478359188180086,59.734321955683754,2.493721575648733,0.01469683403443058,0.014978908658882847,84.56384500397176,-56.35550277226327
66549,train,1,10,30.394849687701146,30.24209812239075,3.0410494869565174,0.007018188562969119,0.0075556387899365935,161.12352459523703,-11.484375691463624
67146,train,1,10,32.41902878227876,32.24006779799249,3.093070538237335,0.007745358290501091,0.008056814074693143,93.37209510125281,-13.461624432022179
67557,train,1,10,24.819898435070957,24.729073868392806,1.3582192174335492,0.005810686538351809,0.006174031126739834,108.92796725384419,-6.819079845958783
67878,validation,1,10,31.82731482170786,31.656220168484715,2.748209619035033,0.007411794195302939,0.007910334624639047,149.4586607230471,-12.868028425094009
67882,validation,1,10,36.04126286491434,35.81046841584895,3.9229531636715063,0.00859594673325638,0.008953042409740245,107.0545905942708,-17.376136339535304
67890,train,1,10,17.897814394089608,17.862821710132042,2.1293275985064586,0.0038760147862025272,0.0044559426503525444,173.85799985622373,-2.622735328534377
68020,validation,1,10,46.00446663934781,45.59864556913259,6.228989944256194,0.009109635439861532,0.011414121877512834,690.8676535711476,-30.628798945283307
68434,test,1,10,77.80365510398032,76.52596859078443,3.5966115308056006,0.01862621907586481,0.01922981852836561,180.95456351266924,-97.18738963236417
68870,test,1,10,24.705861360384304,24.61614598756023,2.478766655060995,0.004950091172740576,0.0061457503128194025,358.4495925343976,-6.735611666077866
69094,train,1,10,24.705861360384304,24.61614598756023,2.366095443467313,0.007878783928580352,0.0061457503128194025,-519.5504074656025,-6.735611666077866
69342,test,1,10,21.817249589882987,21.75351774424982,1.9927832299388653,0.002735225580624847,0.005429120511345487,807.6093828744803,-4.78140826466601
70090,validation,1,10,29.1608379852123,29.023092587857633,3.715535469217646,0.004816665534661316,0.007249983048792022,729.4902386556943,-10.353000569480782
70258,validation,1,10,12.268741046383399,12.2618360634743,1.1822165981281403,0.0015710868883832961,0.0030566247439507126,445.35304517260477,-0.5168123221995723
70264,train,1,10,24.03255804933244,23.949262601694162,3.2891066850920745,0.005523821416481398,0.005978757231912477,136.38632634031765,-6.252576392709294
70676,train,1,10,24.934461880978326,24.8425166282492,1.932916512610624,0.004159544267120957,0.0062024416834762005,612.4452378909879,-6.903416485229012
71121,train,1,10,45.540731268325445,45.144108014556195,1.6652487345139693,0.011314494109121317,0.011299702931485155,-4.434283500259885,-29.93118543671453
71730,test,1,10,38.976245309772,38.69882537724097,2.647717046674744,0.00954326876361913,0.009678649742960945,40.586196563329985,-20.9016348725091
72263,train,1,10,20.644292320739922,20.589949101729935,1.603724926674584,0.004479765798511183,0.0051379788829229445,197.32731846356356,-4.075852025053543
771919,train,1,10,18.18025623774262,18.14344403710019,0.6155173824435463,0.005110201938435689,0.004526103042272179,-175.10844379594556,-2.75930320087869
